Run,ReleaseDate,LoadDate,spots,bases,spots_with_mates,avgLength,size_MB,AssemblyName,download_path,Experiment,LibraryName,LibraryStrategy,LibrarySelection,LibrarySource,LibraryLayout,InsertSize,InsertDev,Platform,Model,SRAStudy,BioProject,Study_Pubmed_id,ProjectID,Sample,BioSample,SampleType,TaxID,ScientificName,SampleName,g1k_pop_code,source,g1k_analysis_group,Subject_ID,Sex,Disease,Tumor,Affection_Status,Analyte_Type,Histological_Type,Body_Site,CenterName,Submission,dbgap_study_accession,Consent,RunHash,ReadHash
SRR27299562,2024-10-11 21:37:58,2023-12-20 13:33:16,1892000,170854104,1892000,90,66,,https://sra-downloadb.be-md.ncbi.nlm.nih.gov/sos13/sra-pub-zq-1307/SRR027/27299/SRR27299562/SRR27299562.lite.1,SRX22977325,GSM7985778,RNA-Seq,cDNA,TRANSCRIPTOMIC,PAIRED,0,0,ILLUMINA,Illumina NovaSeq 6000,SRP479194,PRJNA1055047,3,1055047,SRS19942952,SAMN38977683,simple,208963,Pseudomonas aeruginosa UCBPP-PA14,GSM7985778,,,,,,,no,,,,,"HUNG LAB, MOLECULAR BIOLOGY, MASSACHUSETTS GENERAL HOSPITAL",SRA1772980,,public,22BCBDB6E129D9D56AFD480FF303D328,5A7F11734E9C32E92A58B04ECDD5F850
SRR27299563,2024-10-11 21:37:58,2023-12-20 13:33:36,1919223,173722613,1919223,90,69,,https://sra-downloadb.be-md.ncbi.nlm.nih.gov/sos13/sra-pub-zq-1307/SRR027/27299/SRR27299563/SRR27299563.lite.1,SRX22977324,GSM7985777,RNA-Seq,cDNA,TRANSCRIPTOMIC,PAIRED,0,0,ILLUMINA,Illumina NovaSeq 6000,SRP479194,PRJNA1055047,3,1055047,SRS19942953,SAMN38977684,simple,208963,Pseudomonas aeruginosa UCBPP-PA14,GSM7985777,,,,,,,no,,,,,"HUNG LAB, MOLECULAR BIOLOGY, MASSACHUSETTS GENERAL HOSPITAL",SRA1772980,,public,D5D5AF62A6885A0803B6031E2743E27C,D4A8936B5A944C74A434E20A0F4C0787
SRR27299564,2024-10-11 21:37:58,2023-12-20 13:33:43,3156560,285787256,3156560,90,112,,https://sra-downloadb.be-md.ncbi.nlm.nih.gov/sos13/sra-pub-zq-1307/SRR027/27299/SRR27299564/SRR27299564.lite.1,SRX22977323,GSM7985776,RNA-Seq,cDNA,TRANSCRIPTOMIC,PAIRED,0,0,ILLUMINA,Illumina NovaSeq 6000,SRP479194,PRJNA1055047,3,1055047,SRS19942951,SAMN38977685,simple,208963,Pseudomonas aeruginosa UCBPP-PA14,GSM7985776,,,,,,,no,,,,,"HUNG LAB, MOLECULAR BIOLOGY, MASSACHUSETTS GENERAL HOSPITAL",SRA1772980,,public,EE28CCE9BF65D77724E8D26B2553D807,844890B069BE1103F62797E2623A0E13
SRR27299565,2024-10-11 21:37:58,2023-12-20 13:33:16,1646463,148960638,1646463,90,57,,https://sra-downloadb.be-md.ncbi.nlm.nih.gov/sos13/sra-pub-zq-1307/SRR027/27299/SRR27299565/SRR27299565.lite.1,SRX22977322,GSM7985775,RNA-Seq,cDNA,TRANSCRIPTOMIC,PAIRED,0,0,ILLUMINA,Illumina NovaSeq 6000,SRP479194,PRJNA1055047,3,1055047,SRS19942950,SAMN38977686,simple,208963,Pseudomonas aeruginosa UCBPP-PA14,GSM7985775,,,,,,,no,,,,,"HUNG LAB, MOLECULAR BIOLOGY, MASSACHUSETTS GENERAL HOSPITAL",SRA1772980,,public,30F2BCCB90DFE4D4AA0EF05DF07BF00F,81406396855C6EF26EF54552B9E8B27B
SRR27299566,2024-10-11 21:37:58,2023-12-20 13:33:47,1520935,137889294,1520935,90,55,,https://sra-downloadb.be-md.ncbi.nlm.nih.gov/sos13/sra-pub-zq-1307/SRR027/27299/SRR27299566/SRR27299566.lite.1,SRX22977321,GSM7985774,RNA-Seq,cDNA,TRANSCRIPTOMIC,PAIRED,0,0,ILLUMINA,Illumina NovaSeq 6000,SRP479194,PRJNA1055047,3,1055047,SRS19942949,SAMN38977687,simple,208963,Pseudomonas aeruginosa UCBPP-PA14,GSM7985774,,,,,,,no,,,,,"HUNG LAB, MOLECULAR BIOLOGY, MASSACHUSETTS GENERAL HOSPITAL",SRA1772980,,public,28750437C55D9A50807494F28D1303AC,5700D0DDD5EB9CDD3CBB9C5DF5520C3E
SRR27299567,2024-10-11 21:37:58,2023-12-20 13:34:03,2609031,235614293,2609031,90,91,,https://sra-downloadb.be-md.ncbi.nlm.nih.gov/sos13/sra-pub-zq-1307/SRR027/27299/SRR27299567/SRR27299567.lite.1,SRX22977320,GSM7985773,RNA-Seq,cDNA,TRANSCRIPTOMIC,PAIRED,0,0,ILLUMINA,Illumina NovaSeq 6000,SRP479194,PRJNA1055047,3,1055047,SRS19942948,SAMN38977688,simple,208963,Pseudomonas aeruginosa UCBPP-PA14,GSM7985773,,,,,,,no,,,,,"HUNG LAB, MOLECULAR BIOLOGY, MASSACHUSETTS GENERAL HOSPITAL",SRA1772980,,public,9536662148FF1E83780832B63B53CC76,54B1110372D7D5D8B016F21848CD47C1
SRR27299568,2024-10-11 21:37:58,2023-12-20 13:33:33,1328016,120283259,1328016,90,46,,https://sra-downloadb.be-md.ncbi.nlm.nih.gov/sos13/sra-pub-zq-1307/SRR027/27299/SRR27299568/SRR27299568.lite.1,SRX22977319,GSM7985772,RNA-Seq,cDNA,TRANSCRIPTOMIC,PAIRED,0,0,ILLUMINA,Illumina NovaSeq 6000,SRP479194,PRJNA1055047,3,1055047,SRS19942947,SAMN38977689,simple,208963,Pseudomonas aeruginosa UCBPP-PA14,GSM7985772,,,,,,,no,,,,,"HUNG LAB, MOLECULAR BIOLOGY, MASSACHUSETTS GENERAL HOSPITAL",SRA1772980,,public,A0ABE90EBB68154980382D7D09FA9A41,5508E971FD62DDA3B76EAA80CF3E99E5
SRR27299569,2024-10-11 21:37:58,2023-12-20 13:34:09,2658248,241071830,2658248,90,92,,https://sra-downloadb.be-md.ncbi.nlm.nih.gov/sos13/sra-pub-zq-1307/SRR027/27299/SRR27299569/SRR27299569.lite.1,SRX22977318,GSM7985771,RNA-Seq,cDNA,TRANSCRIPTOMIC,PAIRED,0,0,ILLUMINA,Illumina NovaSeq 6000,SRP479194,PRJNA1055047,3,1055047,SRS19942946,SAMN38977690,simple,208963,Pseudomonas aeruginosa UCBPP-PA14,GSM7985771,,,,,,,no,,,,,"HUNG LAB, MOLECULAR BIOLOGY, MASSACHUSETTS GENERAL HOSPITAL",SRA1772980,,public,CB87EF5063B21F38124B777E3A437A96,377BB9F2DB07694CD696B71CD31E0368
SRR27299578,2024-10-11 21:37:51,2023-12-20 13:34:33,2938755,266285910,2938755,90,100,,https://sra-downloadb.be-md.ncbi.nlm.nih.gov/sos13/sra-pub-zq-1307/SRR027/27299/SRR27299578/SRR27299578.lite.1,SRX22977309,GSM7985636,RNA-Seq,cDNA,TRANSCRIPTOMIC,PAIRED,0,0,ILLUMINA,Illumina NovaSeq 6000,SRP479194,PRJNA1055047,3,1055047,SRS19942937,SAMN38977825,simple,208963,Pseudomonas aeruginosa UCBPP-PA14,GSM7985636,,,,,,,no,,,,,"HUNG LAB, MOLECULAR BIOLOGY, MASSACHUSETTS GENERAL HOSPITAL",SRA1772980,,public,CAE9AEBE0E4F7E12055B80FC744A2FBE,8D0BC916F3072780914E2F574F309D79
SRR27299579,2024-10-11 21:37:51,2023-12-20 13:34:34,4064251,368461653,4064251,90,138,,https://sra-downloadb.be-md.ncbi.nlm.nih.gov/sos13/sra-pub-zq-1307/SRR027/27299/SRR27299579/SRR27299579.lite.1,SRX22977308,GSM7985635,RNA-Seq,cDNA,TRANSCRIPTOMIC,PAIRED,0,0,ILLUMINA,Illumina NovaSeq 6000,SRP479194,PRJNA1055047,3,1055047,SRS19942936,SAMN38977826,simple,208963,Pseudomonas aeruginosa UCBPP-PA14,GSM7985635,,,,,,,no,,,,,"HUNG LAB, MOLECULAR BIOLOGY, MASSACHUSETTS GENERAL HOSPITAL",SRA1772980,,public,A2A011E72101C636B7158E11F6190502,963F1871189A3BED3239BD95A525FEFD
SRR27299580,2024-10-11 21:37:51,2023-12-20 13:34:30,5354368,484281660,5354368,90,180,,https://sra-downloadb.be-md.ncbi.nlm.nih.gov/sos13/sra-pub-zq-1307/SRR027/27299/SRR27299580/SRR27299580.lite.1,SRX22977308,GSM7985635,RNA-Seq,cDNA,TRANSCRIPTOMIC,PAIRED,0,0,ILLUMINA,Illumina NovaSeq 6000,SRP479194,PRJNA1055047,3,1055047,SRS19942936,SAMN38977826,simple,208963,Pseudomonas aeruginosa UCBPP-PA14,GSM7985635,,,,,,,no,,,,,"HUNG LAB, MOLECULAR BIOLOGY, MASSACHUSETTS GENERAL HOSPITAL",SRA1772980,,public,44AD7C64B6E90512030D6EC1F1BCB424,26919C1143FB56A2E7E0B2ECC3A0DF5D
SRR27299581,2024-10-11 21:37:51,2023-12-20 13:34:06,2890388,261948600,2890388,90,99,,https://sra-downloadb.be-md.ncbi.nlm.nih.gov/sos13/sra-pub-zq-1307/SRR027/27299/SRR27299581/SRR27299581.lite.1,SRX22977307,GSM7985634,RNA-Seq,cDNA,TRANSCRIPTOMIC,PAIRED,0,0,ILLUMINA,Illumina NovaSeq 6000,SRP479194,PRJNA1055047,3,1055047,SRS19942935,SAMN38977827,simple,208963,Pseudomonas aeruginosa UCBPP-PA14,GSM7985634,,,,,,,no,,,,,"HUNG LAB, MOLECULAR BIOLOGY, MASSACHUSETTS GENERAL HOSPITAL",SRA1772980,,public,E736991AD2DDDD0C6EB739E6BDD01B1B,53F065DFCA61ECBD91384AA397C5C2E3
SRR27299582,2024-10-11 21:37:51,2023-12-20 13:34:24,4056092,366578683,4056092,90,136,,https://sra-downloadb.be-md.ncbi.nlm.nih.gov/sos13/sra-pub-zq-1307/SRR027/27299/SRR27299582/SRR27299582.lite.1,SRX22977307,GSM7985634,RNA-Seq,cDNA,TRANSCRIPTOMIC,PAIRED,0,0,ILLUMINA,Illumina NovaSeq 6000,SRP479194,PRJNA1055047,3,1055047,SRS19942935,SAMN38977827,simple,208963,Pseudomonas aeruginosa UCBPP-PA14,GSM7985634,,,,,,,no,,,,,"HUNG LAB, MOLECULAR BIOLOGY, MASSACHUSETTS GENERAL HOSPITAL",SRA1772980,,public,A48D5466C7A5096DA18C7BB2ABEB1B3B,0D9044676DD130D00B0A1623412A3D98
SRR27299583,2024-10-11 21:37:51,2023-12-20 13:35:08,5787177,524451294,5787177,90,198,,https://sra-downloadb.be-md.ncbi.nlm.nih.gov/sos13/sra-pub-zq-1307/SRR027/27299/SRR27299583/SRR27299583.lite.1,SRX22977306,GSM7985633,RNA-Seq,cDNA,TRANSCRIPTOMIC,PAIRED,0,0,ILLUMINA,Illumina NovaSeq 6000,SRP479194,PRJNA1055047,3,1055047,SRS19942934,SAMN38977828,simple,208963,Pseudomonas aeruginosa UCBPP-PA14,GSM7985633,,,,,,,no,,,,,"HUNG LAB, MOLECULAR BIOLOGY, MASSACHUSETTS GENERAL HOSPITAL",SRA1772980,,public,9EF4D97D1BACD72B1A6D9EEF9082C359,5ECB7051D6A565DB0F5F86AC37AAEE2C
SRR27299584,2024-10-11 21:37:51,2023-12-20 13:33:51,6143743,556446554,6143743,90,211,,https://sra-downloadb.be-md.ncbi.nlm.nih.gov/sos13/sra-pub-zq-1307/SRR027/27299/SRR27299584/SRR27299584.lite.1,SRX22977305,GSM7985632,RNA-Seq,cDNA,TRANSCRIPTOMIC,PAIRED,0,0,ILLUMINA,Illumina NovaSeq 6000,SRP479194,PRJNA1055047,3,1055047,SRS19942933,SAMN38977829,simple,208963,Pseudomonas aeruginosa UCBPP-PA14,GSM7985632,,,,,,,no,,,,,"HUNG LAB, MOLECULAR BIOLOGY, MASSACHUSETTS GENERAL HOSPITAL",SRA1772980,,public,3D601D1694DC0487CB19CB94647C79EE,9672EF0BE5A3BF999195E0462979523F
SRR27299585,2024-10-11 21:37:51,2023-12-20 13:33:31,3187512,288590998,3187512,90,109,,https://sra-downloadb.be-md.ncbi.nlm.nih.gov/sos13/sra-pub-zq-1307/SRR027/27299/SRR27299585/SRR27299585.lite.1,SRX22977304,GSM7985631,RNA-Seq,cDNA,TRANSCRIPTOMIC,PAIRED,0,0,ILLUMINA,Illumina NovaSeq 6000,SRP479194,PRJNA1055047,3,1055047,SRS19942932,SAMN38977830,simple,208963,Pseudomonas aeruginosa UCBPP-PA14,GSM7985631,,,,,,,no,,,,,"HUNG LAB, MOLECULAR BIOLOGY, MASSACHUSETTS GENERAL HOSPITAL",SRA1772980,,public,EB60683956B6732D6AD53FE88AB81570,49FE00F089D5E0C2E6B4B0D52DBD4374
SRR27299586,2024-10-11 21:37:51,2023-12-20 13:33:30,2970481,268803579,2970481,90,102,,https://sra-downloadb.be-md.ncbi.nlm.nih.gov/sos13/sra-pub-zq-1307/SRR027/27299/SRR27299586/SRR27299586.lite.1,SRX22977303,GSM7985630,RNA-Seq,cDNA,TRANSCRIPTOMIC,PAIRED,0,0,ILLUMINA,Illumina NovaSeq 6000,SRP479194,PRJNA1055047,3,1055047,SRS19942930,SAMN38977831,simple,208963,Pseudomonas aeruginosa UCBPP-PA14,GSM7985630,,,,,,,no,,,,,"HUNG LAB, MOLECULAR BIOLOGY, MASSACHUSETTS GENERAL HOSPITAL",SRA1772980,,public,E4A15CA697B6D15C613C606F23BBCA6D,D43A69E320DD0646CE3E783BD41B6426
SRR27299587,2024-10-11 21:37:51,2023-12-20 13:33:56,2656707,240474396,2656707,90,90,,https://sra-downloadb.be-md.ncbi.nlm.nih.gov/sos13/sra-pub-zq-1307/SRR027/27299/SRR27299587/SRR27299587.lite.1,SRX22977302,GSM7985629,RNA-Seq,cDNA,TRANSCRIPTOMIC,PAIRED,0,0,ILLUMINA,Illumina NovaSeq 6000,SRP479194,PRJNA1055047,3,1055047,SRS19942931,SAMN38977832,simple,208963,Pseudomonas aeruginosa UCBPP-PA14,GSM7985629,,,,,,,no,,,,,"HUNG LAB, MOLECULAR BIOLOGY, MASSACHUSETTS GENERAL HOSPITAL",SRA1772980,,public,6E84B15ED3089F2AB9AC166E49839922,A2C5C887E13D773C26BF931BE687F160
SRR27299588,2024-10-11 21:37:51,2023-12-20 13:34:12,2581930,233564878,2581930,90,87,,https://sra-downloadb.be-md.ncbi.nlm.nih.gov/sos13/sra-pub-zq-1307/SRR027/27299/SRR27299588/SRR27299588.lite.1,SRX22977301,GSM7985628,RNA-Seq,cDNA,TRANSCRIPTOMIC,PAIRED,0,0,ILLUMINA,Illumina NovaSeq 6000,SRP479194,PRJNA1055047,3,1055047,SRS19942929,SAMN38977833,simple,208963,Pseudomonas aeruginosa UCBPP-PA14,GSM7985628,,,,,,,no,,,,,"HUNG LAB, MOLECULAR BIOLOGY, MASSACHUSETTS GENERAL HOSPITAL",SRA1772980,,public,E7378FF4E45666FEB0F3A3E30484EF4F,40D63369E5951C8681120746D9E930D5
SRR27299589,2024-10-11 21:37:51,2023-12-20 13:34:40,3836781,346831382,3836781,90,130,,https://sra-downloadb.be-md.ncbi.nlm.nih.gov/sos13/sra-pub-zq-1307/SRR027/27299/SRR27299589/SRR27299589.lite.1,SRX22977300,GSM7985627,RNA-Seq,cDNA,TRANSCRIPTOMIC,PAIRED,0,0,ILLUMINA,Illumina NovaSeq 6000,SRP479194,PRJNA1055047,3,1055047,SRS19942928,SAMN38977834,simple,208963,Pseudomonas aeruginosa UCBPP-PA14,GSM7985627,,,,,,,no,,,,,"HUNG LAB, MOLECULAR BIOLOGY, MASSACHUSETTS GENERAL HOSPITAL",SRA1772980,,public,D5E91B4B306280ABF80A1C767C9E81C8,00664F59F47EB5E9262C5B96C246BBA4
SRR27299590,2024-10-11 21:37:51,2023-12-20 13:33:41,3305836,298620644,3305836,90,111,,https://sra-downloadb.be-md.ncbi.nlm.nih.gov/sos13/sra-pub-zq-1307/SRR027/27299/SRR27299590/SRR27299590.lite.1,SRX22977299,GSM7985626,RNA-Seq,cDNA,TRANSCRIPTOMIC,PAIRED,0,0,ILLUMINA,Illumina NovaSeq 6000,SRP479194,PRJNA1055047,3,1055047,SRS19942927,SAMN38977835,simple,208963,Pseudomonas aeruginosa UCBPP-PA14,GSM7985626,,,,,,,no,,,,,"HUNG LAB, MOLECULAR BIOLOGY, MASSACHUSETTS GENERAL HOSPITAL",SRA1772980,,public,0D160814609162AFE7284BE049BBE5E4,3840B4E95D1C20D4ACDF7CEB08080CCC
SRR27299591,2024-10-11 21:37:51,2023-12-20 13:34:32,4021050,364327153,4021050,90,137,,https://sra-downloadb.be-md.ncbi.nlm.nih.gov/sos13/sra-pub-zq-1307/SRR027/27299/SRR27299591/SRR27299591.lite.1,SRX22977298,GSM7985625,RNA-Seq,cDNA,TRANSCRIPTOMIC,PAIRED,0,0,ILLUMINA,Illumina NovaSeq 6000,SRP479194,PRJNA1055047,3,1055047,SRS19942926,SAMN38977836,simple,208963,Pseudomonas aeruginosa UCBPP-PA14,GSM7985625,,,,,,,no,,,,,"HUNG LAB, MOLECULAR BIOLOGY, MASSACHUSETTS GENERAL HOSPITAL",SRA1772980,,public,3C84EB703C8D0742F0E61E9DFB984255,90670FA1451515F3DB4AABF5305DCC5C
SRR27299592,2024-10-11 21:37:51,2023-12-20 13:34:38,4296954,389485794,4296954,90,147,,https://sra-downloadb.be-md.ncbi.nlm.nih.gov/sos13/sra-pub-zq-1307/SRR027/27299/SRR27299592/SRR27299592.lite.1,SRX22977297,GSM7985624,RNA-Seq,cDNA,TRANSCRIPTOMIC,PAIRED,0,0,ILLUMINA,Illumina NovaSeq 6000,SRP479194,PRJNA1055047,3,1055047,SRS19942925,SAMN38977837,simple,208963,Pseudomonas aeruginosa UCBPP-PA14,GSM7985624,,,,,,,no,,,,,"HUNG LAB, MOLECULAR BIOLOGY, MASSACHUSETTS GENERAL HOSPITAL",SRA1772980,,public,92B069886500F8056AB0282F0EF463DD,3E50AFD339DF542FD6B7C2A14F1A0DCA
SRR27299593,2024-10-11 21:37:51,2023-12-20 13:34:29,3603523,326735894,3603523,90,122,,https://sra-downloadb.be-md.ncbi.nlm.nih.gov/sos13/sra-pub-zq-1307/SRR027/27299/SRR27299593/SRR27299593.lite.1,SRX22977296,GSM7985623,RNA-Seq,cDNA,TRANSCRIPTOMIC,PAIRED,0,0,ILLUMINA,Illumina NovaSeq 6000,SRP479194,PRJNA1055047,3,1055047,SRS19942924,SAMN38977838,simple,208963,Pseudomonas aeruginosa UCBPP-PA14,GSM7985623,,,,,,,no,,,,,"HUNG LAB, MOLECULAR BIOLOGY, MASSACHUSETTS GENERAL HOSPITAL",SRA1772980,,public,8F694F51F500E20BF03F5903061E21AD,D77EFF35F5140380CF66505EB72B05AA
SRR27299594,2024-10-11 21:37:51,2023-12-20 13:34:19,3282532,297376456,3282532,90,112,,https://sra-downloadb.be-md.ncbi.nlm.nih.gov/sos13/sra-pub-zq-1307/SRR027/27299/SRR27299594/SRR27299594.lite.1,SRX22977295,GSM7985622,RNA-Seq,cDNA,TRANSCRIPTOMIC,PAIRED,0,0,ILLUMINA,Illumina NovaSeq 6000,SRP479194,PRJNA1055047,3,1055047,SRS19942923,SAMN38977839,simple,208963,Pseudomonas aeruginosa UCBPP-PA14,GSM7985622,,,,,,,no,,,,,"HUNG LAB, MOLECULAR BIOLOGY, MASSACHUSETTS GENERAL HOSPITAL",SRA1772980,,public,5E0784B493B59C2E6113E9F7E12998C7,2EF65A2301F418FACD84F3ACE6A83000
SRR27299595,2024-10-11 21:37:51,2023-12-20 13:33:39,3997567,362256801,3997567,90,137,,https://sra-downloadb.be-md.ncbi.nlm.nih.gov/sos13/sra-pub-zq-1307/SRR027/27299/SRR27299595/SRR27299595.lite.1,SRX22977294,GSM7985621,RNA-Seq,cDNA,TRANSCRIPTOMIC,PAIRED,0,0,ILLUMINA,Illumina NovaSeq 6000,SRP479194,PRJNA1055047,3,1055047,SRS19942922,SAMN38977840,simple,208963,Pseudomonas aeruginosa UCBPP-PA14,GSM7985621,,,,,,,no,,,,,"HUNG LAB, MOLECULAR BIOLOGY, MASSACHUSETTS GENERAL HOSPITAL",SRA1772980,,public,F40CADE0BE91AF9EDB463ED48F5CE7D2,C8E4169EF4EDB324055CB67CFBF5725A
SRR27299596,2024-10-11 21:37:48,2023-12-20 13:34:58,5865180,530005960,5865180,90,201,,https://sra-downloadb.be-md.ncbi.nlm.nih.gov/sos13/sra-pub-zq-1307/SRR027/27299/SRR27299596/SRR27299596.lite.1,SRX22977293,GSM7985588,RNA-Seq,cDNA,TRANSCRIPTOMIC,PAIRED,0,0,ILLUMINA,Illumina NovaSeq 6000,SRP479194,PRJNA1055047,3,1055047,SRS19942921,SAMN38977873,simple,208963,Pseudomonas aeruginosa UCBPP-PA14,GSM7985588,,,,,,,no,,,,,"HUNG LAB, MOLECULAR BIOLOGY, MASSACHUSETTS GENERAL HOSPITAL",SRA1772980,,public,BA2D46429CCB1E81E255D71CCF556D5D,E1E6BFD9BD704CD486103F0E35D30217
SRR27299597,2024-10-11 21:37:48,2023-12-20 13:35:15,4861725,439466806,4861725,90,167,,https://sra-downloadb.be-md.ncbi.nlm.nih.gov/sos13/sra-pub-zq-1307/SRR027/27299/SRR27299597/SRR27299597.lite.1,SRX22977292,GSM7985587,RNA-Seq,cDNA,TRANSCRIPTOMIC,PAIRED,0,0,ILLUMINA,Illumina NovaSeq 6000,SRP479194,PRJNA1055047,3,1055047,SRS19942920,SAMN38977874,simple,208963,Pseudomonas aeruginosa UCBPP-PA14,GSM7985587,,,,,,,no,,,,,"HUNG LAB, MOLECULAR BIOLOGY, MASSACHUSETTS GENERAL HOSPITAL",SRA1772980,,public,447F3F749DE03D1A146A8962D0FEC8F1,339C3C9176B77E3684C844F9160467C7
SRR27299598,2024-10-11 21:37:48,2023-12-20 13:34:41,4855284,440001495,4855284,90,168,,https://sra-downloadb.be-md.ncbi.nlm.nih.gov/sos13/sra-pub-zq-1307/SRR027/27299/SRR27299598/SRR27299598.lite.1,SRX22977291,GSM7985586,RNA-Seq,cDNA,TRANSCRIPTOMIC,PAIRED,0,0,ILLUMINA,Illumina NovaSeq 6000,SRP479194,PRJNA1055047,3,1055047,SRS19942919,SAMN38977875,simple,208963,Pseudomonas aeruginosa UCBPP-PA14,GSM7985586,,,,,,,no,,,,,"HUNG LAB, MOLECULAR BIOLOGY, MASSACHUSETTS GENERAL HOSPITAL",SRA1772980,,public,3C769C77CF388A57E16D433C35D2C525,3BB6E0E943D70B04236BD8EE6A21C556
SRR27299599,2024-10-11 21:37:48,2023-12-20 13:33:55,5702609,516837821,5702609,90,194,,https://sra-downloadb.be-md.ncbi.nlm.nih.gov/sos13/sra-pub-zq-1307/SRR027/27299/SRR27299599/SRR27299599.lite.1,SRX22977290,GSM7985585,RNA-Seq,cDNA,TRANSCRIPTOMIC,PAIRED,0,0,ILLUMINA,Illumina NovaSeq 6000,SRP479194,PRJNA1055047,3,1055047,SRS19942917,SAMN38977876,simple,208963,Pseudomonas aeruginosa UCBPP-PA14,GSM7985585,,,,,,,no,,,,,"HUNG LAB, MOLECULAR BIOLOGY, MASSACHUSETTS GENERAL HOSPITAL",SRA1772980,,public,1114382F36D6181B8F888DEE68ECE915,A57EEEDEEA65AACEAF1C357DAC7ABA4D
SRR27299600,2024-10-11 21:37:48,2023-12-20 13:35:38,9676948,876771350,9676948,90,328,,https://sra-downloadb.be-md.ncbi.nlm.nih.gov/sos13/sra-pub-zq-1307/SRR027/27299/SRR27299600/SRR27299600.lite.1,SRX22977290,GSM7985585,RNA-Seq,cDNA,TRANSCRIPTOMIC,PAIRED,0,0,ILLUMINA,Illumina NovaSeq 6000,SRP479194,PRJNA1055047,3,1055047,SRS19942917,SAMN38977876,simple,208963,Pseudomonas aeruginosa UCBPP-PA14,GSM7985585,,,,,,,no,,,,,"HUNG LAB, MOLECULAR BIOLOGY, MASSACHUSETTS GENERAL HOSPITAL",SRA1772980,,public,DD28037FABA630CF89A107CDA94B1FC0,112C45FC2404BDCD4ADC0BC3F0264CD9
SRR27299601,2024-10-11 21:37:48,2023-12-20 13:34:46,4453564,403743766,4453564,90,152,,https://sra-downloadb.be-md.ncbi.nlm.nih.gov/sos13/sra-pub-zq-1307/SRR027/27299/SRR27299601/SRR27299601.lite.1,SRX22977289,GSM7985584,RNA-Seq,cDNA,TRANSCRIPTOMIC,PAIRED,0,0,ILLUMINA,Illumina NovaSeq 6000,SRP479194,PRJNA1055047,3,1055047,SRS19942918,SAMN38977877,simple,208963,Pseudomonas aeruginosa UCBPP-PA14,GSM7985584,,,,,,,no,,,,,"HUNG LAB, MOLECULAR BIOLOGY, MASSACHUSETTS GENERAL HOSPITAL",SRA1772980,,public,5E887CE6AD9634DCDDB407FADC4B7B84,E112AC2441891839E5A4B24F715E91E0
SRR27299602,2024-10-11 21:37:48,2023-12-20 13:33:39,3284760,297550731,3284760,90,112,,https://sra-downloadb.be-md.ncbi.nlm.nih.gov/sos13/sra-pub-zq-1307/SRR027/27299/SRR27299602/SRR27299602.lite.1,SRX22977289,GSM7985584,RNA-Seq,cDNA,TRANSCRIPTOMIC,PAIRED,0,0,ILLUMINA,Illumina NovaSeq 6000,SRP479194,PRJNA1055047,3,1055047,SRS19942918,SAMN38977877,simple,208963,Pseudomonas aeruginosa UCBPP-PA14,GSM7985584,,,,,,,no,,,,,"HUNG LAB, MOLECULAR BIOLOGY, MASSACHUSETTS GENERAL HOSPITAL",SRA1772980,,public,1A6539CE5ADCBB6778264C6DD70891C3,83898438252383A77B3D1DC36A5A0795
SRR27299668,2024-10-11 21:39:07,2023-12-20 13:33:49,1608230,145152870,1608230,90,56,,https://sra-downloadb.be-md.ncbi.nlm.nih.gov/sos13/sra-pub-zq-1307/SRR027/27299/SRR27299668/SRR27299668.lite.1,SRX22977233,GSM7985403,RNA-Seq,cDNA,TRANSCRIPTOMIC,PAIRED,0,0,ILLUMINA,Illumina NovaSeq 6000,SRP479194,PRJNA1055047,3,1055047,SRS19942861,SAMN38978058,simple,208963,Pseudomonas aeruginosa UCBPP-PA14,GSM7985403,,,,,,,no,,,,,"HUNG LAB, MOLECULAR BIOLOGY, MASSACHUSETTS GENERAL HOSPITAL",SRA1772980,,public,9D3BEFA87E0C6C2DE666C2D4086F59C3,F39BD6D6B7AB6DEE2390F57D62440CAD
SRR27299667,2024-10-11 21:39:07,2023-12-20 13:34:17,1959662,175631251,1959662,89,69,,https://sra-downloadb.be-md.ncbi.nlm.nih.gov/sos13/sra-pub-zq-1307/SRR027/27299/SRR27299667/SRR27299667.lite.1,SRX22977234,GSM7985404,RNA-Seq,cDNA,TRANSCRIPTOMIC,PAIRED,0,0,ILLUMINA,Illumina NovaSeq 6000,SRP479194,PRJNA1055047,3,1055047,SRS19942862,SAMN38978057,simple,208963,Pseudomonas aeruginosa UCBPP-PA14,GSM7985404,,,,,,,no,,,,,"HUNG LAB, MOLECULAR BIOLOGY, MASSACHUSETTS GENERAL HOSPITAL",SRA1772980,,public,FCE67BBE416AF1BD3E8EDDF73EA655F9,43D9440793B9CB661DB1202596878E97
SRR27299666,2024-10-11 21:39:07,2023-12-20 13:34:35,2205014,198506151,2205014,90,77,,https://sra-downloadb.be-md.ncbi.nlm.nih.gov/sos13/sra-pub-zq-1307/SRR027/27299/SRR27299666/SRR27299666.lite.1,SRX22977235,GSM7985405,RNA-Seq,cDNA,TRANSCRIPTOMIC,PAIRED,0,0,ILLUMINA,Illumina NovaSeq 6000,SRP479194,PRJNA1055047,3,1055047,SRS19942863,SAMN38978056,simple,208963,Pseudomonas aeruginosa UCBPP-PA14,GSM7985405,,,,,,,no,,,,,"HUNG LAB, MOLECULAR BIOLOGY, MASSACHUSETTS GENERAL HOSPITAL",SRA1772980,,public,676AFA0BD028CEE7CFF4E143A9646EA8,CD9ECA7559E94EFA5186A33E7AD0C882
SRR27299665,2024-10-11 21:39:07,2023-12-20 13:34:13,971758,87349842,971758,89,34,,https://sra-downloadb.be-md.ncbi.nlm.nih.gov/sos13/sra-pub-zq-1307/SRR027/27299/SRR27299665/SRR27299665.lite.1,SRX22977236,GSM7985406,RNA-Seq,cDNA,TRANSCRIPTOMIC,PAIRED,0,0,ILLUMINA,Illumina NovaSeq 6000,SRP479194,PRJNA1055047,3,1055047,SRS19942864,SAMN38978055,simple,208963,Pseudomonas aeruginosa UCBPP-PA14,GSM7985406,,,,,,,no,,,,,"HUNG LAB, MOLECULAR BIOLOGY, MASSACHUSETTS GENERAL HOSPITAL",SRA1772980,,public,08489877F75F6B3AEFF31342FC443012,5B948B7807E29D1765968DB9B352C3A7
SRR27299664,2024-10-11 21:39:07,2023-12-20 13:34:19,2311806,208308559,2311806,90,81,,https://sra-downloadb.be-md.ncbi.nlm.nih.gov/sos13/sra-pub-zq-1307/SRR027/27299/SRR27299664/SRR27299664.lite.1,SRX22977237,GSM7985407,RNA-Seq,cDNA,TRANSCRIPTOMIC,PAIRED,0,0,ILLUMINA,Illumina NovaSeq 6000,SRP479194,PRJNA1055047,3,1055047,SRS19942865,SAMN38978054,simple,208963,Pseudomonas aeruginosa UCBPP-PA14,GSM7985407,,,,,,,no,,,,,"HUNG LAB, MOLECULAR BIOLOGY, MASSACHUSETTS GENERAL HOSPITAL",SRA1772980,,public,FD67D1DB89C2760C1B4BAD63BD40E7A3,6DB74979BB27B86694C44BAFD18B770F
SRR27299663,2024-10-11 21:39:07,2023-12-20 13:34:14,1874355,169177787,1874355,90,65,,https://sra-downloadb.be-md.ncbi.nlm.nih.gov/sos13/sra-pub-zq-1307/SRR027/27299/SRR27299663/SRR27299663.lite.1,SRX22977238,GSM7985408,RNA-Seq,cDNA,TRANSCRIPTOMIC,PAIRED,0,0,ILLUMINA,Illumina NovaSeq 6000,SRP479194,PRJNA1055047,3,1055047,SRS19942866,SAMN38978053,simple,208963,Pseudomonas aeruginosa UCBPP-PA14,GSM7985408,,,,,,,no,,,,,"HUNG LAB, MOLECULAR BIOLOGY, MASSACHUSETTS GENERAL HOSPITAL",SRA1772980,,public,03AD4A10AB20B17B5847A3B3F2BFEAB4,BBC545E4049BC2DB2B25F8A5D3BA946A
SRR27299662,2024-10-11 21:39:07,2023-12-20 13:34:00,1293255,116509451,1293255,90,45,,https://sra-downloadb.be-md.ncbi.nlm.nih.gov/sos13/sra-pub-zq-1307/SRR027/27299/SRR27299662/SRR27299662.lite.1,SRX22977239,GSM7985409,RNA-Seq,cDNA,TRANSCRIPTOMIC,PAIRED,0,0,ILLUMINA,Illumina NovaSeq 6000,SRP479194,PRJNA1055047,3,1055047,SRS19942867,SAMN38978052,simple,208963,Pseudomonas aeruginosa UCBPP-PA14,GSM7985409,,,,,,,no,,,,,"HUNG LAB, MOLECULAR BIOLOGY, MASSACHUSETTS GENERAL HOSPITAL",SRA1772980,,public,4424F1798C6C59D07256E4FBF6C444D8,345F7B5C5385AE2157661D478D4D4005
SRR27299661,2024-10-11 21:39:08,2023-12-20 13:34:08,2074524,187066513,2074524,90,72,,https://sra-downloadb.be-md.ncbi.nlm.nih.gov/sos13/sra-pub-zq-1307/SRR027/27299/SRR27299661/SRR27299661.lite.1,SRX22977240,GSM7985410,RNA-Seq,cDNA,TRANSCRIPTOMIC,PAIRED,0,0,ILLUMINA,Illumina NovaSeq 6000,SRP479194,PRJNA1055047,3,1055047,SRS19942868,SAMN38978051,simple,208963,Pseudomonas aeruginosa UCBPP-PA14,GSM7985410,,,,,,,no,,,,,"HUNG LAB, MOLECULAR BIOLOGY, MASSACHUSETTS GENERAL HOSPITAL",SRA1772980,,public,48D3EFC70ABCA3266610D8F43F0F238A,C19BCE7180E980E4A9F78859F17BF7A1
SRR27299660,2024-10-11 21:39:08,2023-12-20 13:35:06,4089563,368807494,4089563,90,144,,https://sra-downloadb.be-md.ncbi.nlm.nih.gov/sos13/sra-pub-zq-1307/SRR027/27299/SRR27299660/SRR27299660.lite.1,SRX22977241,GSM7985411,RNA-Seq,cDNA,TRANSCRIPTOMIC,PAIRED,0,0,ILLUMINA,Illumina NovaSeq 6000,SRP479194,PRJNA1055047,3,1055047,SRS19942869,SAMN38978050,simple,208963,Pseudomonas aeruginosa UCBPP-PA14,GSM7985411,,,,,,,no,,,,,"HUNG LAB, MOLECULAR BIOLOGY, MASSACHUSETTS GENERAL HOSPITAL",SRA1772980,,public,CD30B499B2B5CFB1C19FD4016CECB728,36E42271937A4C30C73496B0A124517A
SRR27299659,2024-10-11 21:39:08,2023-12-20 13:34:11,2101485,189540996,2101485,90,74,,https://sra-downloadb.be-md.ncbi.nlm.nih.gov/sos13/sra-pub-zq-1307/SRR027/27299/SRR27299659/SRR27299659.lite.1,SRX22977242,GSM7985412,RNA-Seq,cDNA,TRANSCRIPTOMIC,PAIRED,0,0,ILLUMINA,Illumina NovaSeq 6000,SRP479194,PRJNA1055047,3,1055047,SRS19942870,SAMN38978049,simple,208963,Pseudomonas aeruginosa UCBPP-PA14,GSM7985412,,,,,,,no,,,,,"HUNG LAB, MOLECULAR BIOLOGY, MASSACHUSETTS GENERAL HOSPITAL",SRA1772980,,public,2607353F7DE7D57591DB68344D6A1A93,04BA843ABB392F53AC432AEE9BD4D8E2
SRR27299658,2024-10-11 21:39:08,2023-12-20 13:34:25,3192210,287936984,3192210,90,113,,https://sra-downloadb.be-md.ncbi.nlm.nih.gov/sos13/sra-pub-zq-1307/SRR027/27299/SRR27299658/SRR27299658.lite.1,SRX22977243,GSM7985413,RNA-Seq,cDNA,TRANSCRIPTOMIC,PAIRED,0,0,ILLUMINA,Illumina NovaSeq 6000,SRP479194,PRJNA1055047,3,1055047,SRS19942871,SAMN38978048,simple,208963,Pseudomonas aeruginosa UCBPP-PA14,GSM7985413,,,,,,,no,,,,,"HUNG LAB, MOLECULAR BIOLOGY, MASSACHUSETTS GENERAL HOSPITAL",SRA1772980,,public,8E5BF0E1E998485811A8744567F6BA29,1F9D33925BE62A810AFD6538C9BCF1ED
SRR27299657,2024-10-11 21:39:08,2023-12-20 13:34:04,3255703,293303395,3255703,90,114,,https://sra-downloadb.be-md.ncbi.nlm.nih.gov/sos13/sra-pub-zq-1307/SRR027/27299/SRR27299657/SRR27299657.lite.1,SRX22977244,GSM7985414,RNA-Seq,cDNA,TRANSCRIPTOMIC,PAIRED,0,0,ILLUMINA,Illumina NovaSeq 6000,SRP479194,PRJNA1055047,3,1055047,SRS19942872,SAMN38978047,simple,208963,Pseudomonas aeruginosa UCBPP-PA14,GSM7985414,,,,,,,no,,,,,"HUNG LAB, MOLECULAR BIOLOGY, MASSACHUSETTS GENERAL HOSPITAL",SRA1772980,,public,17752B45B4C6E223DC6E8F35223BD736,0EB5EE2C2B1127EA2170F915E2F0D2DE
SRR27299653,2024-10-11 21:37:40,2023-12-20 13:34:14,4585649,415420118,4585649,90,158,,https://sra-downloadb.be-md.ncbi.nlm.nih.gov/sos13/sra-pub-zq-1307/SRR027/27299/SRR27299653/SRR27299653.lite.1,SRX22977246,GSM7985512,RNA-Seq,cDNA,TRANSCRIPTOMIC,PAIRED,0,0,ILLUMINA,Illumina NovaSeq 6000,SRP479194,PRJNA1055047,3,1055047,SRS19942873,SAMN38977949,simple,208963,Pseudomonas aeruginosa UCBPP-PA14,GSM7985512,,,,,,,no,,,,,"HUNG LAB, MOLECULAR BIOLOGY, MASSACHUSETTS GENERAL HOSPITAL",SRA1772980,,public,53712F24243B74C2784C90A27EFCC7A9,91BA0EEE89AA016A1846628ED9868C97
SRR27299654,2024-10-11 21:37:40,2023-12-20 13:34:17,5200831,470257071,5200831,90,175,,https://sra-downloadb.be-md.ncbi.nlm.nih.gov/sos13/sra-pub-zq-1307/SRR027/27299/SRR27299654/SRR27299654.lite.1,SRX22977246,GSM7985512,RNA-Seq,cDNA,TRANSCRIPTOMIC,PAIRED,0,0,ILLUMINA,Illumina NovaSeq 6000,SRP479194,PRJNA1055047,3,1055047,SRS19942873,SAMN38977949,simple,208963,Pseudomonas aeruginosa UCBPP-PA14,GSM7985512,,,,,,,no,,,,,"HUNG LAB, MOLECULAR BIOLOGY, MASSACHUSETTS GENERAL HOSPITAL",SRA1772980,,public,828CF5146D8B03B87A2222B1BB2D2600,0943772A328495E3BD533BBD34ACF8E1
SRR27299655,2024-10-11 21:39:08,2023-12-20 13:35:00,4410994,397504534,4410994,90,155,,https://sra-downloadb.be-md.ncbi.nlm.nih.gov/sos13/sra-pub-zq-1307/SRR027/27299/SRR27299655/SRR27299655.lite.1,SRX22977245,GSM7985415,RNA-Seq,cDNA,TRANSCRIPTOMIC,PAIRED,0,0,ILLUMINA,Illumina NovaSeq 6000,SRP479194,PRJNA1055047,3,1055047,SRS19942874,SAMN38978046,simple,208963,Pseudomonas aeruginosa UCBPP-PA14,GSM7985415,,,,,,,no,,,,,"HUNG LAB, MOLECULAR BIOLOGY, MASSACHUSETTS GENERAL HOSPITAL",SRA1772980,,public,E0E9864473365914F140E345D6C9AB1C,EF7E77F4AB574BAADF14647B921FF705
SRR27299651,2024-10-11 21:37:40,2023-12-20 13:33:46,4119757,371245135,4119757,90,142,,https://sra-downloadb.be-md.ncbi.nlm.nih.gov/sos13/sra-pub-zq-1307/SRR027/27299/SRR27299651/SRR27299651.lite.1,SRX22977248,GSM7985514,RNA-Seq,cDNA,TRANSCRIPTOMIC,PAIRED,0,0,ILLUMINA,Illumina NovaSeq 6000,SRP479194,PRJNA1055047,3,1055047,SRS19942875,SAMN38977947,simple,208963,Pseudomonas aeruginosa UCBPP-PA14,GSM7985514,,,,,,,no,,,,,"HUNG LAB, MOLECULAR BIOLOGY, MASSACHUSETTS GENERAL HOSPITAL",SRA1772980,,public,23B34542BDBBA62153733371C3816275,E87F42FC6C9D9E0F3C7FE57AF98DB613
SRR27299652,2024-10-11 21:37:40,2023-12-20 13:34:36,3453351,311548168,3453351,90,120,,https://sra-downloadb.be-md.ncbi.nlm.nih.gov/sos13/sra-pub-zq-1307/SRR027/27299/SRR27299652/SRR27299652.lite.1,SRX22977247,GSM7985513,RNA-Seq,cDNA,TRANSCRIPTOMIC,PAIRED,0,0,ILLUMINA,Illumina NovaSeq 6000,SRP479194,PRJNA1055047,3,1055047,SRS19942876,SAMN38977948,simple,208963,Pseudomonas aeruginosa UCBPP-PA14,GSM7985513,,,,,,,no,,,,,"HUNG LAB, MOLECULAR BIOLOGY, MASSACHUSETTS GENERAL HOSPITAL",SRA1772980,,public,E394DB853997CFB27980BE3CF10ACD10,7FFB381A591ACFE503CCF652851C3D6F
SRR27299650,2024-10-11 21:37:41,2023-12-20 13:34:08,3758315,338873839,3758315,90,132,,https://sra-downloadb.be-md.ncbi.nlm.nih.gov/sos13/sra-pub-zq-1307/SRR027/27299/SRR27299650/SRR27299650.lite.1,SRX22977249,GSM7985515,RNA-Seq,cDNA,TRANSCRIPTOMIC,PAIRED,0,0,ILLUMINA,Illumina NovaSeq 6000,SRP479194,PRJNA1055047,3,1055047,SRS19942877,SAMN38977946,simple,208963,Pseudomonas aeruginosa UCBPP-PA14,GSM7985515,,,,,,,no,,,,,"HUNG LAB, MOLECULAR BIOLOGY, MASSACHUSETTS GENERAL HOSPITAL",SRA1772980,,public,1509119759427F5E392133789F9179D9,76BC35278FDEA7800AD5CC457CCBFA12
SRR27299649,2024-10-11 21:37:41,2023-12-20 13:34:48,4406647,398601526,4406647,90,150,,https://sra-downloadb.be-md.ncbi.nlm.nih.gov/sos13/sra-pub-zq-1307/SRR027/27299/SRR27299649/SRR27299649.lite.1,SRX22977250,GSM7985516,RNA-Seq,cDNA,TRANSCRIPTOMIC,PAIRED,0,0,ILLUMINA,Illumina NovaSeq 6000,SRP479194,PRJNA1055047,3,1055047,SRS19942878,SAMN38977945,simple,208963,Pseudomonas aeruginosa UCBPP-PA14,GSM7985516,,,,,,,no,,,,,"HUNG LAB, MOLECULAR BIOLOGY, MASSACHUSETTS GENERAL HOSPITAL",SRA1772980,,public,23331DB6C9D9229A80067723C02CDA8D,E9D4D77693931102C16799C547306EE5
SRR27299648,2024-10-11 21:37:41,2023-12-20 13:34:27,2595747,234955708,2595747,90,88,,https://sra-downloadb.be-md.ncbi.nlm.nih.gov/sos13/sra-pub-zq-1307/SRR027/27299/SRR27299648/SRR27299648.lite.1,SRX22977251,GSM7985517,RNA-Seq,cDNA,TRANSCRIPTOMIC,PAIRED,0,0,ILLUMINA,Illumina NovaSeq 6000,SRP479194,PRJNA1055047,3,1055047,SRS19942879,SAMN38977944,simple,208963,Pseudomonas aeruginosa UCBPP-PA14,GSM7985517,,,,,,,no,,,,,"HUNG LAB, MOLECULAR BIOLOGY, MASSACHUSETTS GENERAL HOSPITAL",SRA1772980,,public,566A1D888BBF75308FCBF1F74932BE5D,AEB60306B6B7494063238885E70FD597
SRR27299647,2024-10-11 21:37:42,2023-12-20 13:34:31,3413675,308998192,3413675,90,117,,https://sra-downloadb.be-md.ncbi.nlm.nih.gov/sos13/sra-pub-zq-1307/SRR027/27299/SRR27299647/SRR27299647.lite.1,SRX22977252,GSM7985518,RNA-Seq,cDNA,TRANSCRIPTOMIC,PAIRED,0,0,ILLUMINA,Illumina NovaSeq 6000,SRP479194,PRJNA1055047,3,1055047,SRS19942880,SAMN38977943,simple,208963,Pseudomonas aeruginosa UCBPP-PA14,GSM7985518,,,,,,,no,,,,,"HUNG LAB, MOLECULAR BIOLOGY, MASSACHUSETTS GENERAL HOSPITAL",SRA1772980,,public,A91D923D59C02C3B8AE582706FD592E9,7BC2A3EC0A43C32E0B5F8EE2A82D995A
SRR27299645,2024-10-11 21:37:42,2023-12-20 13:33:58,3001686,270510038,3001686,90,104,,https://sra-downloadb.be-md.ncbi.nlm.nih.gov/sos13/sra-pub-zq-1307/SRR027/27299/SRR27299645/SRR27299645.lite.1,SRX22977254,GSM7985520,RNA-Seq,cDNA,TRANSCRIPTOMIC,PAIRED,0,0,ILLUMINA,Illumina NovaSeq 6000,SRP479194,PRJNA1055047,3,1055047,SRS19942881,SAMN38977941,simple,208963,Pseudomonas aeruginosa UCBPP-PA14,GSM7985520,,,,,,,no,,,,,"HUNG LAB, MOLECULAR BIOLOGY, MASSACHUSETTS GENERAL HOSPITAL",SRA1772980,,public,2411BE318C12BDF35192EB892CC27565,6A978A199DE7C4800B27A375CBA9036A
SRR27299646,2024-10-11 21:37:42,2023-12-20 13:34:20,2527245,227955552,2527245,90,88,,https://sra-downloadb.be-md.ncbi.nlm.nih.gov/sos13/sra-pub-zq-1307/SRR027/27299/SRR27299646/SRR27299646.lite.1,SRX22977253,GSM7985519,RNA-Seq,cDNA,TRANSCRIPTOMIC,PAIRED,0,0,ILLUMINA,Illumina NovaSeq 6000,SRP479194,PRJNA1055047,3,1055047,SRS19942882,SAMN38977942,simple,208963,Pseudomonas aeruginosa UCBPP-PA14,GSM7985519,,,,,,,no,,,,,"HUNG LAB, MOLECULAR BIOLOGY, MASSACHUSETTS GENERAL HOSPITAL",SRA1772980,,public,A25247F94E27E29C68E7327B15F40B34,7D3BB9ED12633578728520025DCF8CBB
SRR27299708,2024-10-11 21:38:43,2023-12-20 13:34:37,2393175,215237589,2393175,89,87,,https://sra-downloadb.be-md.ncbi.nlm.nih.gov/sos13/sra-pub-zq-1307/SRR027/27299/SRR27299708/SRR27299708.lite.1,SRX22977198,GSM7985224,RNA-Seq,cDNA,TRANSCRIPTOMIC,PAIRED,0,0,ILLUMINA,Illumina NovaSeq 6000,SRP479194,PRJNA1055047,3,1055047,SRS19942826,SAMN38978237,simple,208963,Pseudomonas aeruginosa UCBPP-PA14,GSM7985224,,,,,,,no,,,,,"HUNG LAB, MOLECULAR BIOLOGY, MASSACHUSETTS GENERAL HOSPITAL",SRA1772980,,public,77B58DDDB11B848DFCB5FC1A8029131E,D9C38AB5B3E34A12E9A9D720568CADE8
SRR27299707,2024-10-11 21:38:43,2023-12-20 13:34:14,1542812,139437103,1542812,90,55,,https://sra-downloadb.be-md.ncbi.nlm.nih.gov/sos13/sra-pub-zq-1307/SRR027/27299/SRR27299707/SRR27299707.lite.1,SRX22977199,GSM7985225,RNA-Seq,cDNA,TRANSCRIPTOMIC,PAIRED,0,0,ILLUMINA,Illumina NovaSeq 6000,SRP479194,PRJNA1055047,3,1055047,SRS19942827,SAMN38978236,simple,208963,Pseudomonas aeruginosa UCBPP-PA14,GSM7985225,,,,,,,no,,,,,"HUNG LAB, MOLECULAR BIOLOGY, MASSACHUSETTS GENERAL HOSPITAL",SRA1772980,,public,A716B5C50CA96AF1E346806B1F68EEED,1E889BABC3E39DF2A13014F83AE7437E
SRR27299706,2024-10-11 21:38:43,2023-12-20 13:34:30,1681017,151857089,1681017,90,60,,https://sra-downloadb.be-md.ncbi.nlm.nih.gov/sos13/sra-pub-zq-1307/SRR027/27299/SRR27299706/SRR27299706.lite.1,SRX22977200,GSM7985226,RNA-Seq,cDNA,TRANSCRIPTOMIC,PAIRED,0,0,ILLUMINA,Illumina NovaSeq 6000,SRP479194,PRJNA1055047,3,1055047,SRS19942828,SAMN38978235,simple,208963,Pseudomonas aeruginosa UCBPP-PA14,GSM7985226,,,,,,,no,,,,,"HUNG LAB, MOLECULAR BIOLOGY, MASSACHUSETTS GENERAL HOSPITAL",SRA1772980,,public,29D10F7FA49D4216E84EFBE0EBF3375F,6D29D138E0296D76510D41AA17D7774F
SRR27299705,2024-10-11 21:38:43,2023-12-20 13:34:57,1996196,180199829,1996196,90,72,,https://sra-downloadb.be-md.ncbi.nlm.nih.gov/sos13/sra-pub-zq-1307/SRR027/27299/SRR27299705/SRR27299705.lite.1,SRX22977201,GSM7985227,RNA-Seq,cDNA,TRANSCRIPTOMIC,PAIRED,0,0,ILLUMINA,Illumina NovaSeq 6000,SRP479194,PRJNA1055047,3,1055047,SRS19942829,SAMN38978234,simple,208963,Pseudomonas aeruginosa UCBPP-PA14,GSM7985227,,,,,,,no,,,,,"HUNG LAB, MOLECULAR BIOLOGY, MASSACHUSETTS GENERAL HOSPITAL",SRA1772980,,public,A2A142FA494E9CC47AE6D1AA4FA7CE71,2FDF1C17B73538FFFEC26B88CF3BE2A3
SRR27299704,2024-10-11 21:38:43,2023-12-20 13:34:55,3948849,356529731,3948849,90,143,,https://sra-downloadb.be-md.ncbi.nlm.nih.gov/sos13/sra-pub-zq-1307/SRR027/27299/SRR27299704/SRR27299704.lite.1,SRX22977202,GSM7985228,RNA-Seq,cDNA,TRANSCRIPTOMIC,PAIRED,0,0,ILLUMINA,Illumina NovaSeq 6000,SRP479194,PRJNA1055047,3,1055047,SRS19942830,SAMN38978233,simple,208963,Pseudomonas aeruginosa UCBPP-PA14,GSM7985228,,,,,,,no,,,,,"HUNG LAB, MOLECULAR BIOLOGY, MASSACHUSETTS GENERAL HOSPITAL",SRA1772980,,public,D6CCD04FCD5F579E38266FA13EBEB6DE,0E3EEDCD7F2BE32D613787C395CFBA2B
SRR27299702,2024-10-11 21:38:43,2023-12-20 13:35:38,4147850,373701229,4147850,90,152,,https://sra-downloadb.be-md.ncbi.nlm.nih.gov/sos13/sra-pub-zq-1307/SRR027/27299/SRR27299702/SRR27299702.lite.1,SRX22977203,GSM7985229,RNA-Seq,cDNA,TRANSCRIPTOMIC,PAIRED,0,0,ILLUMINA,Illumina NovaSeq 6000,SRP479194,PRJNA1055047,3,1055047,SRS19942831,SAMN38978232,simple,208963,Pseudomonas aeruginosa UCBPP-PA14,GSM7985229,,,,,,,no,,,,,"HUNG LAB, MOLECULAR BIOLOGY, MASSACHUSETTS GENERAL HOSPITAL",SRA1772980,,public,85E94922019601F8EA24D4E036C65E99,98E7FFF43E0163CB0C05FC72FD63F33C
SRR27299701,2024-10-11 21:38:44,2023-12-20 13:34:54,5638153,507571982,5638153,90,207,,https://sra-downloadb.be-md.ncbi.nlm.nih.gov/sos13/sra-pub-zq-1307/SRR027/27299/SRR27299701/SRR27299701.lite.1,SRX22977204,GSM7985230,RNA-Seq,cDNA,TRANSCRIPTOMIC,PAIRED,0,0,ILLUMINA,Illumina NovaSeq 6000,SRP479194,PRJNA1055047,3,1055047,SRS19942832,SAMN38978231,simple,208963,Pseudomonas aeruginosa UCBPP-PA14,GSM7985230,,,,,,,no,,,,,"HUNG LAB, MOLECULAR BIOLOGY, MASSACHUSETTS GENERAL HOSPITAL",SRA1772980,,public,01443B3F5C232E715A1FB2C0766410CF,FD912AF67C102CF18997BFCEC192D4D5
SRR27299700,2024-10-11 21:38:44,2023-12-20 13:37:10,17596586,1592621975,17596586,90,636,,https://sra-downloadb.be-md.ncbi.nlm.nih.gov/sos13/sra-pub-zq-1307/SRR027/27299/SRR27299700/SRR27299700.lite.1,SRX22977205,GSM7985231,RNA-Seq,cDNA,TRANSCRIPTOMIC,PAIRED,0,0,ILLUMINA,Illumina NovaSeq 6000,SRP479194,PRJNA1055047,3,1055047,SRS19942833,SAMN38978230,simple,208963,Pseudomonas aeruginosa UCBPP-PA14,GSM7985231,,,,,,,no,,,,,"HUNG LAB, MOLECULAR BIOLOGY, MASSACHUSETTS GENERAL HOSPITAL",SRA1772980,,public,682EC9DDE4869064332A2DCB180F387A,DBBE7FFCAE2CB7EA5AE0EC894C8E4A4A
SRR27299699,2024-10-11 21:38:44,2023-12-20 13:37:40,18674460,1690227205,18674460,90,672,,https://sra-downloadb.be-md.ncbi.nlm.nih.gov/sos13/sra-pub-zq-1307/SRR027/27299/SRR27299699/SRR27299699.lite.1,SRX22977206,GSM7985232,RNA-Seq,cDNA,TRANSCRIPTOMIC,PAIRED,0,0,ILLUMINA,Illumina NovaSeq 6000,SRP479194,PRJNA1055047,3,1055047,SRS19942834,SAMN38978229,simple,208963,Pseudomonas aeruginosa UCBPP-PA14,GSM7985232,,,,,,,no,,,,,"HUNG LAB, MOLECULAR BIOLOGY, MASSACHUSETTS GENERAL HOSPITAL",SRA1772980,,public,28FE45DC15752EB3AF73451406B5E627,39CF38CD65B603B822DA0E2C0CB579B3
SRR27299698,2024-10-11 21:38:44,2023-12-20 13:38:59,25997670,2349552781,25997670,90,942,,https://sra-downloadb.be-md.ncbi.nlm.nih.gov/sos13/sra-pub-zq-1307/SRR027/27299/SRR27299698/SRR27299698.lite.1,SRX22977207,GSM7985233,RNA-Seq,cDNA,TRANSCRIPTOMIC,PAIRED,0,0,ILLUMINA,Illumina NovaSeq 6000,SRP479194,PRJNA1055047,3,1055047,SRS19942835,SAMN38978228,simple,208963,Pseudomonas aeruginosa UCBPP-PA14,GSM7985233,,,,,,,no,,,,,"HUNG LAB, MOLECULAR BIOLOGY, MASSACHUSETTS GENERAL HOSPITAL",SRA1772980,,public,79F02FFA0FF401043346B21DEAAA4DB2,C0DB7862453907E626A9632E05A693DE
SRR27299697,2024-10-11 21:38:44,2023-12-20 13:34:58,5398850,487935850,5398850,90,195,,https://sra-downloadb.be-md.ncbi.nlm.nih.gov/sos13/sra-pub-zq-1307/SRR027/27299/SRR27299697/SRR27299697.lite.1,SRX22977208,GSM7985234,RNA-Seq,cDNA,TRANSCRIPTOMIC,PAIRED,0,0,ILLUMINA,Illumina NovaSeq 6000,SRP479194,PRJNA1055047,3,1055047,SRS19942836,SAMN38978227,simple,208963,Pseudomonas aeruginosa UCBPP-PA14,GSM7985234,,,,,,,no,,,,,"HUNG LAB, MOLECULAR BIOLOGY, MASSACHUSETTS GENERAL HOSPITAL",SRA1772980,,public,212D442AF9FAF745699F2DE9BFB1E01D,A96A0DBF7AC2BC6CABFDA59E63FCFF9C
SRR27299696,2024-10-11 21:38:44,2023-12-20 13:35:55,9641672,871598602,9641672,90,348,,https://sra-downloadb.be-md.ncbi.nlm.nih.gov/sos13/sra-pub-zq-1307/SRR027/27299/SRR27299696/SRR27299696.lite.1,SRX22977209,GSM7985235,RNA-Seq,cDNA,TRANSCRIPTOMIC,PAIRED,0,0,ILLUMINA,Illumina NovaSeq 6000,SRP479194,PRJNA1055047,3,1055047,SRS19942837,SAMN38978226,simple,208963,Pseudomonas aeruginosa UCBPP-PA14,GSM7985235,,,,,,,no,,,,,"HUNG LAB, MOLECULAR BIOLOGY, MASSACHUSETTS GENERAL HOSPITAL",SRA1772980,,public,39B1A5D860AC05DCBAECB02553FDB719,FDD65FE85A378569B006C6288FB3AE6B
SRR27299695,2024-10-11 21:38:44,2023-12-20 13:35:26,7686663,693918533,7686663,90,280,,https://sra-downloadb.be-md.ncbi.nlm.nih.gov/sos13/sra-pub-zq-1307/SRR027/27299/SRR27299695/SRR27299695.lite.1,SRX22977210,GSM7985236,RNA-Seq,cDNA,TRANSCRIPTOMIC,PAIRED,0,0,ILLUMINA,Illumina NovaSeq 6000,SRP479194,PRJNA1055047,3,1055047,SRS19942838,SAMN38978225,simple,208963,Pseudomonas aeruginosa UCBPP-PA14,GSM7985236,,,,,,,no,,,,,"HUNG LAB, MOLECULAR BIOLOGY, MASSACHUSETTS GENERAL HOSPITAL",SRA1772980,,public,2443C5ACCCEB9A1AD82DDF68587DF1DE,C2466ECC9B723FCA4971E543BF9CD3DA
SRR27299694,2024-10-11 21:38:44,2023-12-20 13:35:53,8293936,749021354,8293936,90,299,,https://sra-downloadb.be-md.ncbi.nlm.nih.gov/sos13/sra-pub-zq-1307/SRR027/27299/SRR27299694/SRR27299694.lite.1,SRX22977211,GSM7985237,RNA-Seq,cDNA,TRANSCRIPTOMIC,PAIRED,0,0,ILLUMINA,Illumina NovaSeq 6000,SRP479194,PRJNA1055047,3,1055047,SRS19942839,SAMN38978224,simple,208963,Pseudomonas aeruginosa UCBPP-PA14,GSM7985237,,,,,,,no,,,,,"HUNG LAB, MOLECULAR BIOLOGY, MASSACHUSETTS GENERAL HOSPITAL",SRA1772980,,public,85B0F6C82A81603649514CBA5997BA4D,DBB4226739CDFE08F5213ACA2144E431
SRR27299693,2024-10-11 21:38:45,2023-12-20 13:35:48,9280589,838322801,9280589,90,333,,https://sra-downloadb.be-md.ncbi.nlm.nih.gov/sos13/sra-pub-zq-1307/SRR027/27299/SRR27299693/SRR27299693.lite.1,SRX22977212,GSM7985238,RNA-Seq,cDNA,TRANSCRIPTOMIC,PAIRED,0,0,ILLUMINA,Illumina NovaSeq 6000,SRP479194,PRJNA1055047,3,1055047,SRS19942840,SAMN38978223,simple,208963,Pseudomonas aeruginosa UCBPP-PA14,GSM7985238,,,,,,,no,,,,,"HUNG LAB, MOLECULAR BIOLOGY, MASSACHUSETTS GENERAL HOSPITAL",SRA1772980,,public,208FF7EF78F5FDD6C4565C724A2DDCED,50AA708B73DF39FF84F00C18DA4EB1EE
SRR27299692,2024-10-11 21:38:45,2023-12-20 13:35:53,9433267,854294400,9433267,90,342,,https://sra-downloadb.be-md.ncbi.nlm.nih.gov/sos13/sra-pub-zq-1307/SRR027/27299/SRR27299692/SRR27299692.lite.1,SRX22977213,GSM7985239,RNA-Seq,cDNA,TRANSCRIPTOMIC,PAIRED,0,0,ILLUMINA,Illumina NovaSeq 6000,SRP479194,PRJNA1055047,3,1055047,SRS19942841,SAMN38978222,simple,208963,Pseudomonas aeruginosa UCBPP-PA14,GSM7985239,,,,,,,no,,,,,"HUNG LAB, MOLECULAR BIOLOGY, MASSACHUSETTS GENERAL HOSPITAL",SRA1772980,,public,2D4A9F040B3E1B5DE73C0E42ED8E432A,3D754F483518219D64E737B05FFEA6CF
SRR27299691,2024-10-11 21:39:00,2023-12-20 13:34:02,2390180,215682291,2390180,90,83,,https://sra-downloadb.be-md.ncbi.nlm.nih.gov/sos13/sra-pub-zq-1307/SRR027/27299/SRR27299691/SRR27299691.lite.1,SRX22977214,GSM7985352,RNA-Seq,cDNA,TRANSCRIPTOMIC,PAIRED,0,0,ILLUMINA,Illumina NovaSeq 6000,SRP479194,PRJNA1055047,3,1055047,SRS19942842,SAMN38978109,simple,208963,Pseudomonas aeruginosa UCBPP-PA14,GSM7985352,,,,,,,no,,,,,"HUNG LAB, MOLECULAR BIOLOGY, MASSACHUSETTS GENERAL HOSPITAL",SRA1772980,,public,DABB505AEDA354CB298B9812FD8EDED4,BE6A7EB60910B69CF665053693225FDB
SRR27299690,2024-10-11 21:39:00,2023-12-20 13:34:28,2789352,251156550,2789352,90,97,,https://sra-downloadb.be-md.ncbi.nlm.nih.gov/sos13/sra-pub-zq-1307/SRR027/27299/SRR27299690/SRR27299690.lite.1,SRX22977215,GSM7985353,RNA-Seq,cDNA,TRANSCRIPTOMIC,PAIRED,0,0,ILLUMINA,Illumina NovaSeq 6000,SRP479194,PRJNA1055047,3,1055047,SRS19942843,SAMN38978108,simple,208963,Pseudomonas aeruginosa UCBPP-PA14,GSM7985353,,,,,,,no,,,,,"HUNG LAB, MOLECULAR BIOLOGY, MASSACHUSETTS GENERAL HOSPITAL",SRA1772980,,public,09AD68F40D6CC5352F9B23BBF51C8D8A,019E6E72693DD3D77344A3CD9B26A370
SRR27299689,2024-10-11 21:39:00,2023-12-20 13:34:05,912332,82175096,912332,90,32,,https://sra-downloadb.be-md.ncbi.nlm.nih.gov/sos13/sra-pub-zq-1307/SRR027/27299/SRR27299689/SRR27299689.lite.1,SRX22977216,GSM7985354,RNA-Seq,cDNA,TRANSCRIPTOMIC,PAIRED,0,0,ILLUMINA,Illumina NovaSeq 6000,SRP479194,PRJNA1055047,3,1055047,SRS19942844,SAMN38978107,simple,208963,Pseudomonas aeruginosa UCBPP-PA14,GSM7985354,,,,,,,no,,,,,"HUNG LAB, MOLECULAR BIOLOGY, MASSACHUSETTS GENERAL HOSPITAL",SRA1772980,,public,F4903CAA4515BFD91A6E1E81B31667ED,2B599A0A011BD599EEC04E49B9F30863
SRR27299688,2024-10-11 21:39:01,2023-12-20 13:34:21,1939296,174733462,1939296,90,68,,https://sra-downloadb.be-md.ncbi.nlm.nih.gov/sos13/sra-pub-zq-1307/SRR027/27299/SRR27299688/SRR27299688.lite.1,SRX22977217,GSM7985355,RNA-Seq,cDNA,TRANSCRIPTOMIC,PAIRED,0,0,ILLUMINA,Illumina NovaSeq 6000,SRP479194,PRJNA1055047,3,1055047,SRS19942845,SAMN38978106,simple,208963,Pseudomonas aeruginosa UCBPP-PA14,GSM7985355,,,,,,,no,,,,,"HUNG LAB, MOLECULAR BIOLOGY, MASSACHUSETTS GENERAL HOSPITAL",SRA1772980,,public,7421381E459F18A025B4068203632364,44F0D4E587AC2B456F4152C941939CC4
SRR27299687,2024-10-11 21:39:01,2023-12-20 13:34:34,3770855,340562613,3770855,90,132,,https://sra-downloadb.be-md.ncbi.nlm.nih.gov/sos13/sra-pub-zq-1307/SRR027/27299/SRR27299687/SRR27299687.lite.1,SRX22977218,GSM7985356,RNA-Seq,cDNA,TRANSCRIPTOMIC,PAIRED,0,0,ILLUMINA,Illumina NovaSeq 6000,SRP479194,PRJNA1055047,3,1055047,SRS19942846,SAMN38978105,simple,208963,Pseudomonas aeruginosa UCBPP-PA14,GSM7985356,,,,,,,no,,,,,"HUNG LAB, MOLECULAR BIOLOGY, MASSACHUSETTS GENERAL HOSPITAL",SRA1772980,,public,CC755EADC57639635FB4361876DEFEEE,C70B173F2C73FDB19A4FB9901753BD4A
SRR27299686,2024-10-11 21:39:01,2023-12-20 13:34:13,1859844,167453696,1859844,90,65,,https://sra-downloadb.be-md.ncbi.nlm.nih.gov/sos13/sra-pub-zq-1307/SRR027/27299/SRR27299686/SRR27299686.lite.1,SRX22977219,GSM7985357,RNA-Seq,cDNA,TRANSCRIPTOMIC,PAIRED,0,0,ILLUMINA,Illumina NovaSeq 6000,SRP479194,PRJNA1055047,3,1055047,SRS19942847,SAMN38978104,simple,208963,Pseudomonas aeruginosa UCBPP-PA14,GSM7985357,,,,,,,no,,,,,"HUNG LAB, MOLECULAR BIOLOGY, MASSACHUSETTS GENERAL HOSPITAL",SRA1772980,,public,A6A595C372A19A9B3C14C8AC9008BAF2,73BF10D592233321D459EC01BD4382D1
SRR27299685,2024-10-11 21:39:01,2023-12-20 13:34:09,2203814,198389045,2203814,90,77,,https://sra-downloadb.be-md.ncbi.nlm.nih.gov/sos13/sra-pub-zq-1307/SRR027/27299/SRR27299685/SRR27299685.lite.1,SRX22977220,GSM7985358,RNA-Seq,cDNA,TRANSCRIPTOMIC,PAIRED,0,0,ILLUMINA,Illumina NovaSeq 6000,SRP479194,PRJNA1055047,3,1055047,SRS19942848,SAMN38978103,simple,208963,Pseudomonas aeruginosa UCBPP-PA14,GSM7985358,,,,,,,no,,,,,"HUNG LAB, MOLECULAR BIOLOGY, MASSACHUSETTS GENERAL HOSPITAL",SRA1772980,,public,FF922A3EEC3BC9B1B2B6A2DB2A413FA4,46B54EF7F515D2843DFFE824BE31EA26
SRR27299684,2024-10-11 21:39:01,2023-12-20 13:34:31,4332536,391886287,4332536,90,152,,https://sra-downloadb.be-md.ncbi.nlm.nih.gov/sos13/sra-pub-zq-1307/SRR027/27299/SRR27299684/SRR27299684.lite.1,SRX22977221,GSM7985359,RNA-Seq,cDNA,TRANSCRIPTOMIC,PAIRED,0,0,ILLUMINA,Illumina NovaSeq 6000,SRP479194,PRJNA1055047,3,1055047,SRS19942849,SAMN38978102,simple,208963,Pseudomonas aeruginosa UCBPP-PA14,GSM7985359,,,,,,,no,,,,,"HUNG LAB, MOLECULAR BIOLOGY, MASSACHUSETTS GENERAL HOSPITAL",SRA1772980,,public,AD2B13B891E8360BEF93845F1EAD581A,C1747695DAF1E2B72936B85C76BEBE22
SRR27299683,2024-10-11 21:39:01,2023-12-20 13:34:13,2281967,205702644,2281967,90,80,,https://sra-downloadb.be-md.ncbi.nlm.nih.gov/sos13/sra-pub-zq-1307/SRR027/27299/SRR27299683/SRR27299683.lite.1,SRX22977222,GSM7985360,RNA-Seq,cDNA,TRANSCRIPTOMIC,PAIRED,0,0,ILLUMINA,Illumina NovaSeq 6000,SRP479194,PRJNA1055047,3,1055047,SRS19942850,SAMN38978101,simple,208963,Pseudomonas aeruginosa UCBPP-PA14,GSM7985360,,,,,,,no,,,,,"HUNG LAB, MOLECULAR BIOLOGY, MASSACHUSETTS GENERAL HOSPITAL",SRA1772980,,public,89EF5BE4F889F44F98C0448CCB2384E5,E73D50FCA809A0BCDDA619C4C63BAB1D
SRR27299681,2024-10-11 21:39:01,2023-12-20 13:34:22,2086918,188099552,2086918,90,73,,https://sra-downloadb.be-md.ncbi.nlm.nih.gov/sos13/sra-pub-zq-1307/SRR027/27299/SRR27299681/SRR27299681.lite.1,SRX22977223,GSM7985361,RNA-Seq,cDNA,TRANSCRIPTOMIC,PAIRED,0,0,ILLUMINA,Illumina NovaSeq 6000,SRP479194,PRJNA1055047,3,1055047,SRS19942851,SAMN38978100,simple,208963,Pseudomonas aeruginosa UCBPP-PA14,GSM7985361,,,,,,,no,,,,,"HUNG LAB, MOLECULAR BIOLOGY, MASSACHUSETTS GENERAL HOSPITAL",SRA1772980,,public,E512D9AA881E695C98FA05296C760D47,158141D9866F539E4CFE8066A1C73734
SRR27299680,2024-10-11 21:39:02,2023-12-20 13:33:56,1200348,108256413,1200348,90,43,,https://sra-downloadb.be-md.ncbi.nlm.nih.gov/sos13/sra-pub-zq-1307/SRR027/27299/SRR27299680/SRR27299680.lite.1,SRX22977224,GSM7985362,RNA-Seq,cDNA,TRANSCRIPTOMIC,PAIRED,0,0,ILLUMINA,Illumina NovaSeq 6000,SRP479194,PRJNA1055047,3,1055047,SRS19942852,SAMN38978099,simple,208963,Pseudomonas aeruginosa UCBPP-PA14,GSM7985362,,,,,,,no,,,,,"HUNG LAB, MOLECULAR BIOLOGY, MASSACHUSETTS GENERAL HOSPITAL",SRA1772980,,public,35ED3E95B2269ABDDB80A90DF1DA88FE,B05E1F6D752B4BFE6AB4FE70F827693C
SRR27299678,2024-10-11 21:39:02,2023-12-20 13:34:20,1860438,167329321,1860438,89,65,,https://sra-downloadb.be-md.ncbi.nlm.nih.gov/sos13/sra-pub-zq-1307/SRR027/27299/SRR27299678/SRR27299678.lite.1,SRX22977225,GSM7985363,RNA-Seq,cDNA,TRANSCRIPTOMIC,PAIRED,0,0,ILLUMINA,Illumina NovaSeq 6000,SRP479194,PRJNA1055047,3,1055047,SRS19942853,SAMN38978098,simple,208963,Pseudomonas aeruginosa UCBPP-PA14,GSM7985363,,,,,,,no,,,,,"HUNG LAB, MOLECULAR BIOLOGY, MASSACHUSETTS GENERAL HOSPITAL",SRA1772980,,public,59727AD8BC551D1AA32E02AB0E0D83EC,E0967D5982FE7CAFD4FD0E977CC87A5A
SRR27299677,2024-10-11 21:39:02,2023-12-20 13:34:27,3285280,295840399,3285280,90,115,,https://sra-downloadb.be-md.ncbi.nlm.nih.gov/sos13/sra-pub-zq-1307/SRR027/27299/SRR27299677/SRR27299677.lite.1,SRX22977226,GSM7985364,RNA-Seq,cDNA,TRANSCRIPTOMIC,PAIRED,0,0,ILLUMINA,Illumina NovaSeq 6000,SRP479194,PRJNA1055047,3,1055047,SRS19942854,SAMN38978097,simple,208963,Pseudomonas aeruginosa UCBPP-PA14,GSM7985364,,,,,,,no,,,,,"HUNG LAB, MOLECULAR BIOLOGY, MASSACHUSETTS GENERAL HOSPITAL",SRA1772980,,public,250B9FB0DCDD45C0504D1180A8EB1F57,51DC1593180505C431584D3BAFBB0D27
SRR27299675,2024-10-11 21:39:02,2023-12-20 13:34:41,3812867,344386303,3812867,90,134,,https://sra-downloadb.be-md.ncbi.nlm.nih.gov/sos13/sra-pub-zq-1307/SRR027/27299/SRR27299675/SRR27299675.lite.1,SRX22977227,GSM7985365,RNA-Seq,cDNA,TRANSCRIPTOMIC,PAIRED,0,0,ILLUMINA,Illumina NovaSeq 6000,SRP479194,PRJNA1055047,3,1055047,SRS19942855,SAMN38978096,simple,208963,Pseudomonas aeruginosa UCBPP-PA14,GSM7985365,,,,,,,no,,,,,"HUNG LAB, MOLECULAR BIOLOGY, MASSACHUSETTS GENERAL HOSPITAL",SRA1772980,,public,1CE1700D77A715068BF05F13A670AD23,6C84F1E59736074D03403FABDF2953DC
SRR27299674,2024-10-11 21:39:02,2023-12-20 13:34:26,2349355,211880338,2349355,90,82,,https://sra-downloadb.be-md.ncbi.nlm.nih.gov/sos13/sra-pub-zq-1307/SRR027/27299/SRR27299674/SRR27299674.lite.1,SRX22977228,GSM7985366,RNA-Seq,cDNA,TRANSCRIPTOMIC,PAIRED,0,0,ILLUMINA,Illumina NovaSeq 6000,SRP479194,PRJNA1055047,3,1055047,SRS19942856,SAMN38978095,simple,208963,Pseudomonas aeruginosa UCBPP-PA14,GSM7985366,,,,,,,no,,,,,"HUNG LAB, MOLECULAR BIOLOGY, MASSACHUSETTS GENERAL HOSPITAL",SRA1772980,,public,611C1BBEFB32C363221E6630205C0FDB,6910CFF0236C0E651446322180CB6B1E
SRR27299672,2024-10-11 21:39:02,2023-12-20 13:34:12,3675089,331927951,3675089,90,129,,https://sra-downloadb.be-md.ncbi.nlm.nih.gov/sos13/sra-pub-zq-1307/SRR027/27299/SRR27299672/SRR27299672.lite.1,SRX22977229,GSM7985367,RNA-Seq,cDNA,TRANSCRIPTOMIC,PAIRED,0,0,ILLUMINA,Illumina NovaSeq 6000,SRP479194,PRJNA1055047,3,1055047,SRS19942857,SAMN38978094,simple,208963,Pseudomonas aeruginosa UCBPP-PA14,GSM7985367,,,,,,,no,,,,,"HUNG LAB, MOLECULAR BIOLOGY, MASSACHUSETTS GENERAL HOSPITAL",SRA1772980,,public,4F18045884148B5FEE4DB333E6141FEA,E4E92A7DBE961323F9C5F4E2DA860F23
SRR27299671,2024-10-11 21:39:06,2023-12-20 13:34:05,1356439,122272340,1356439,90,48,,https://sra-downloadb.be-md.ncbi.nlm.nih.gov/sos13/sra-pub-zq-1307/SRR027/27299/SRR27299671/SRR27299671.lite.1,SRX22977230,GSM7985400,RNA-Seq,cDNA,TRANSCRIPTOMIC,PAIRED,0,0,ILLUMINA,Illumina NovaSeq 6000,SRP479194,PRJNA1055047,3,1055047,SRS19942858,SAMN38978061,simple,208963,Pseudomonas aeruginosa UCBPP-PA14,GSM7985400,,,,,,,no,,,,,"HUNG LAB, MOLECULAR BIOLOGY, MASSACHUSETTS GENERAL HOSPITAL",SRA1772980,,public,F323E9A44A559B117D549BE1EB7C7907,70D1F946926C2DA5DE0FC139FA5CD20F
SRR27299670,2024-10-11 21:39:07,2023-12-20 13:34:17,3851427,347109899,3851427,90,138,,https://sra-downloadb.be-md.ncbi.nlm.nih.gov/sos13/sra-pub-zq-1307/SRR027/27299/SRR27299670/SRR27299670.lite.1,SRX22977231,GSM7985401,RNA-Seq,cDNA,TRANSCRIPTOMIC,PAIRED,0,0,ILLUMINA,Illumina NovaSeq 6000,SRP479194,PRJNA1055047,3,1055047,SRS19942859,SAMN38978060,simple,208963,Pseudomonas aeruginosa UCBPP-PA14,GSM7985401,,,,,,,no,,,,,"HUNG LAB, MOLECULAR BIOLOGY, MASSACHUSETTS GENERAL HOSPITAL",SRA1772980,,public,F9D7C7A5446036FAADD5122E67E92E02,4C50A4F7D402D4A3865255195AC0D7BB
SRR27299669,2024-10-11 21:39:07,2023-12-20 13:34:48,4229997,382615806,4229997,90,150,,https://sra-downloadb.be-md.ncbi.nlm.nih.gov/sos13/sra-pub-zq-1307/SRR027/27299/SRR27299669/SRR27299669.lite.1,SRX22977232,GSM7985402,RNA-Seq,cDNA,TRANSCRIPTOMIC,PAIRED,0,0,ILLUMINA,Illumina NovaSeq 6000,SRP479194,PRJNA1055047,3,1055047,SRS19942860,SAMN38978059,simple,208963,Pseudomonas aeruginosa UCBPP-PA14,GSM7985402,,,,,,,no,,,,,"HUNG LAB, MOLECULAR BIOLOGY, MASSACHUSETTS GENERAL HOSPITAL",SRA1772980,,public,63A8B558D9DBA1083221FDFEE30F8EDB,FF591FB981AA5BF8788CBC00E975A96B
SRR27299644,2024-10-11 21:37:42,2023-12-20 13:34:56,4697293,423409825,4697293,90,163,,https://sra-downloadb.be-md.ncbi.nlm.nih.gov/sos13/sra-pub-zq-1307/SRR027/27299/SRR27299644/SRR27299644.lite.1,SRX22977255,GSM7985521,RNA-Seq,cDNA,TRANSCRIPTOMIC,PAIRED,0,0,ILLUMINA,Illumina NovaSeq 6000,SRP479194,PRJNA1055047,3,1055047,SRS19942883,SAMN38977940,simple,208963,Pseudomonas aeruginosa UCBPP-PA14,GSM7985521,,,,,,,no,,,,,"HUNG LAB, MOLECULAR BIOLOGY, MASSACHUSETTS GENERAL HOSPITAL",SRA1772980,,public,6B0B71E5B7D8342E1C4D8E1D89DECEDC,E273353FF38DB0E45B7B0F4EB1AE8D38
SRR27299643,2024-10-11 21:37:42,2023-12-20 13:34:10,1421093,128767321,1421093,90,48,,https://sra-downloadb.be-md.ncbi.nlm.nih.gov/sos13/sra-pub-zq-1307/SRR027/27299/SRR27299643/SRR27299643.lite.1,SRX22977256,GSM7985522,RNA-Seq,cDNA,TRANSCRIPTOMIC,PAIRED,0,0,ILLUMINA,Illumina NovaSeq 6000,SRP479194,PRJNA1055047,3,1055047,SRS19942885,SAMN38977939,simple,208963,Pseudomonas aeruginosa UCBPP-PA14,GSM7985522,,,,,,,no,,,,,"HUNG LAB, MOLECULAR BIOLOGY, MASSACHUSETTS GENERAL HOSPITAL",SRA1772980,,public,F4037F5E55DE325EEF680F83CEA30EC7,381B8CC3CDAB4E0BB5EAE5E788E1AB72
SRR27299642,2024-10-11 21:37:43,2023-12-20 13:34:16,2055353,186333040,2055353,90,70,,https://sra-downloadb.be-md.ncbi.nlm.nih.gov/sos13/sra-pub-zq-1307/SRR027/27299/SRR27299642/SRR27299642.lite.1,SRX22977257,GSM7985523,RNA-Seq,cDNA,TRANSCRIPTOMIC,PAIRED,0,0,ILLUMINA,Illumina NovaSeq 6000,SRP479194,PRJNA1055047,3,1055047,SRS19942884,SAMN38977938,simple,208963,Pseudomonas aeruginosa UCBPP-PA14,GSM7985523,,,,,,,no,,,,,"HUNG LAB, MOLECULAR BIOLOGY, MASSACHUSETTS GENERAL HOSPITAL",SRA1772980,,public,9DDAA0B5F771FFD67589DBEBE23D9D8D,9B130CE002D9876BF969DD04C47CDD5F
SRR27299641,2024-10-11 21:37:43,2023-12-20 13:33:32,2369528,214839095,2369528,90,81,,https://sra-downloadb.be-md.ncbi.nlm.nih.gov/sos13/sra-pub-zq-1307/SRR027/27299/SRR27299641/SRR27299641.lite.1,SRX22977258,GSM7985524,RNA-Seq,cDNA,TRANSCRIPTOMIC,PAIRED,0,0,ILLUMINA,Illumina NovaSeq 6000,SRP479194,PRJNA1055047,3,1055047,SRS19942886,SAMN38977937,simple,208963,Pseudomonas aeruginosa UCBPP-PA14,GSM7985524,,,,,,,no,,,,,"HUNG LAB, MOLECULAR BIOLOGY, MASSACHUSETTS GENERAL HOSPITAL",SRA1772980,,public,F530B94A582550281B79850BA431C908,E73DEC971B255EB8AF8EBAD23AE479BC
SRR27299640,2024-10-11 21:37:43,2023-12-20 13:34:37,2365235,213474760,2365235,90,81,,https://sra-downloadb.be-md.ncbi.nlm.nih.gov/sos13/sra-pub-zq-1307/SRR027/27299/SRR27299640/SRR27299640.lite.1,SRX22977259,GSM7985525,RNA-Seq,cDNA,TRANSCRIPTOMIC,PAIRED,0,0,ILLUMINA,Illumina NovaSeq 6000,SRP479194,PRJNA1055047,3,1055047,SRS19942887,SAMN38977936,simple,208963,Pseudomonas aeruginosa UCBPP-PA14,GSM7985525,,,,,,,no,,,,,"HUNG LAB, MOLECULAR BIOLOGY, MASSACHUSETTS GENERAL HOSPITAL",SRA1772980,,public,2F6CD5CF7C52BDCC929E08C9AB669567,2D98540EC4BB681782DD49F56C9C0022
SRR27299639,2024-10-11 21:37:43,2023-12-20 13:34:34,3943005,355728172,3943005,90,138,,https://sra-downloadb.be-md.ncbi.nlm.nih.gov/sos13/sra-pub-zq-1307/SRR027/27299/SRR27299639/SRR27299639.lite.1,SRX22977260,GSM7985526,RNA-Seq,cDNA,TRANSCRIPTOMIC,PAIRED,0,0,ILLUMINA,Illumina NovaSeq 6000,SRP479194,PRJNA1055047,3,1055047,SRS19942888,SAMN38977935,simple,208963,Pseudomonas aeruginosa UCBPP-PA14,GSM7985526,,,,,,,no,,,,,"HUNG LAB, MOLECULAR BIOLOGY, MASSACHUSETTS GENERAL HOSPITAL",SRA1772980,,public,69C1AD1DF72505A102D896CAB6541C89,4EAFEB7648860E751D12E3D91FA9EF08
SRR27299638,2024-10-11 21:37:43,2023-12-20 13:34:12,2734866,246559812,2734866,90,93,,https://sra-downloadb.be-md.ncbi.nlm.nih.gov/sos13/sra-pub-zq-1307/SRR027/27299/SRR27299638/SRR27299638.lite.1,SRX22977261,GSM7985527,RNA-Seq,cDNA,TRANSCRIPTOMIC,PAIRED,0,0,ILLUMINA,Illumina NovaSeq 6000,SRP479194,PRJNA1055047,3,1055047,SRS19942890,SAMN38977934,simple,208963,Pseudomonas aeruginosa UCBPP-PA14,GSM7985527,,,,,,,no,,,,,"HUNG LAB, MOLECULAR BIOLOGY, MASSACHUSETTS GENERAL HOSPITAL",SRA1772980,,public,D2CE826729E43B31E02BA34B4CBC29A6,80687F7B2547DA7B40A40B9EE42B6840
SRR27299636,2024-10-11 21:37:45,2023-12-20 13:34:24,3248368,294291986,3248368,90,110,,https://sra-downloadb.be-md.ncbi.nlm.nih.gov/sos13/sra-pub-zq-1307/SRR027/27299/SRR27299636/SRR27299636.lite.1,SRX22977262,GSM7985544,RNA-Seq,cDNA,TRANSCRIPTOMIC,PAIRED,0,0,ILLUMINA,Illumina NovaSeq 6000,SRP479194,PRJNA1055047,3,1055047,SRS19942891,SAMN38977917,simple,208963,Pseudomonas aeruginosa UCBPP-PA14,GSM7985544,,,,,,,no,,,,,"HUNG LAB, MOLECULAR BIOLOGY, MASSACHUSETTS GENERAL HOSPITAL",SRA1772980,,public,4F729B8180D44E488BE88D2A0AD3BB85,F5ECD1C018F2FCEA85D7D34C457363F0
SRR27299637,2024-10-11 21:37:45,2023-12-20 13:33:41,3918355,354023155,3918355,90,131,,https://sra-downloadb.be-md.ncbi.nlm.nih.gov/sos13/sra-pub-zq-1307/SRR027/27299/SRR27299637/SRR27299637.lite.1,SRX22977262,GSM7985544,RNA-Seq,cDNA,TRANSCRIPTOMIC,PAIRED,0,0,ILLUMINA,Illumina NovaSeq 6000,SRP479194,PRJNA1055047,3,1055047,SRS19942891,SAMN38977917,simple,208963,Pseudomonas aeruginosa UCBPP-PA14,GSM7985544,,,,,,,no,,,,,"HUNG LAB, MOLECULAR BIOLOGY, MASSACHUSETTS GENERAL HOSPITAL",SRA1772980,,public,1BB2D61B32418C2BAA5E473CF6E14773,15BAB6788CC03AD863E6D5E6B32DEC93
SRR27299635,2024-10-11 21:37:45,2023-12-20 13:34:35,3881701,351760800,3881701,90,131,,https://sra-downloadb.be-md.ncbi.nlm.nih.gov/sos13/sra-pub-zq-1307/SRR027/27299/SRR27299635/SRR27299635.lite.1,SRX22977263,GSM7985545,RNA-Seq,cDNA,TRANSCRIPTOMIC,PAIRED,0,0,ILLUMINA,Illumina NovaSeq 6000,SRP479194,PRJNA1055047,3,1055047,SRS19942889,SAMN38977916,simple,208963,Pseudomonas aeruginosa UCBPP-PA14,GSM7985545,,,,,,,no,,,,,"HUNG LAB, MOLECULAR BIOLOGY, MASSACHUSETTS GENERAL HOSPITAL",SRA1772980,,public,8605185CD21424F0CD1652782330504C,7BA23A362ACE3792F4020D3A6C4C56EF
SRR27299633,2024-10-11 21:37:45,2023-12-20 13:34:25,4269052,385644309,4269052,90,147,,https://sra-downloadb.be-md.ncbi.nlm.nih.gov/sos13/sra-pub-zq-1307/SRR027/27299/SRR27299633/SRR27299633.lite.1,SRX22977264,GSM7985546,RNA-Seq,cDNA,TRANSCRIPTOMIC,PAIRED,0,0,ILLUMINA,Illumina NovaSeq 6000,SRP479194,PRJNA1055047,3,1055047,SRS19942892,SAMN38977915,simple,208963,Pseudomonas aeruginosa UCBPP-PA14,GSM7985546,,,,,,,no,,,,,"HUNG LAB, MOLECULAR BIOLOGY, MASSACHUSETTS GENERAL HOSPITAL",SRA1772980,,public,45508F1BEEF012521AD7D61E337D7BF2,A9B8000E55BFF978348C50A1FD21A675
SRR27299634,2024-10-11 21:37:45,2023-12-20 13:34:57,6511679,587075986,6511679,90,227,,https://sra-downloadb.be-md.ncbi.nlm.nih.gov/sos13/sra-pub-zq-1307/SRR027/27299/SRR27299634/SRR27299634.lite.1,SRX22977264,GSM7985546,RNA-Seq,cDNA,TRANSCRIPTOMIC,PAIRED,0,0,ILLUMINA,Illumina NovaSeq 6000,SRP479194,PRJNA1055047,3,1055047,SRS19942892,SAMN38977915,simple,208963,Pseudomonas aeruginosa UCBPP-PA14,GSM7985546,,,,,,,no,,,,,"HUNG LAB, MOLECULAR BIOLOGY, MASSACHUSETTS GENERAL HOSPITAL",SRA1772980,,public,46DF9AD2FD19CF9A8C17697797000BD3,090F3837230ABA4D515EC0E85BD9FDED
SRR27299632,2024-10-11 21:37:45,2023-12-20 13:34:31,3439313,310663938,3439313,90,118,,https://sra-downloadb.be-md.ncbi.nlm.nih.gov/sos13/sra-pub-zq-1307/SRR027/27299/SRR27299632/SRR27299632.lite.1,SRX22977265,GSM7985547,RNA-Seq,cDNA,TRANSCRIPTOMIC,PAIRED,0,0,ILLUMINA,Illumina NovaSeq 6000,SRP479194,PRJNA1055047,3,1055047,SRS19942893,SAMN38977914,simple,208963,Pseudomonas aeruginosa UCBPP-PA14,GSM7985547,,,,,,,no,,,,,"HUNG LAB, MOLECULAR BIOLOGY, MASSACHUSETTS GENERAL HOSPITAL",SRA1772980,,public,9B8038D6C2CA40EC59D54C2B8C7AD4C1,5D2EEB8E6E47AB44D74DAFB917148325
SRR27299630,2024-10-11 21:37:45,2023-12-20 13:34:26,2896948,261683457,2896948,90,99,,https://sra-downloadb.be-md.ncbi.nlm.nih.gov/sos13/sra-pub-zq-1307/SRR027/27299/SRR27299630/SRR27299630.lite.1,SRX22977266,GSM7985548,RNA-Seq,cDNA,TRANSCRIPTOMIC,PAIRED,0,0,ILLUMINA,Illumina NovaSeq 6000,SRP479194,PRJNA1055047,3,1055047,SRS19942894,SAMN38977913,simple,208963,Pseudomonas aeruginosa UCBPP-PA14,GSM7985548,,,,,,,no,,,,,"HUNG LAB, MOLECULAR BIOLOGY, MASSACHUSETTS GENERAL HOSPITAL",SRA1772980,,public,1C3B6B08548B5B7755C1847A7D5D7E06,6B434B2331322A7C4213480E1D33290B
SRR27299631,2024-10-11 21:37:45,2023-12-20 13:33:40,3550841,320114614,3550841,90,123,,https://sra-downloadb.be-md.ncbi.nlm.nih.gov/sos13/sra-pub-zq-1307/SRR027/27299/SRR27299631/SRR27299631.lite.1,SRX22977266,GSM7985548,RNA-Seq,cDNA,TRANSCRIPTOMIC,PAIRED,0,0,ILLUMINA,Illumina NovaSeq 6000,SRP479194,PRJNA1055047,3,1055047,SRS19942894,SAMN38977913,simple,208963,Pseudomonas aeruginosa UCBPP-PA14,GSM7985548,,,,,,,no,,,,,"HUNG LAB, MOLECULAR BIOLOGY, MASSACHUSETTS GENERAL HOSPITAL",SRA1772980,,public,11075703A26CC07B195766ACA3F1EDB4,54861C7D486BE4A95469C1ECAE8E85E1
SRR27299629,2024-10-11 21:37:45,2023-12-20 13:33:52,5898168,534668647,5898168,90,200,,https://sra-downloadb.be-md.ncbi.nlm.nih.gov/sos13/sra-pub-zq-1307/SRR027/27299/SRR27299629/SRR27299629.lite.1,SRX22977267,GSM7985549,RNA-Seq,cDNA,TRANSCRIPTOMIC,PAIRED,0,0,ILLUMINA,Illumina NovaSeq 6000,SRP479194,PRJNA1055047,3,1055047,SRS19942895,SAMN38977912,simple,208963,Pseudomonas aeruginosa UCBPP-PA14,GSM7985549,,,,,,,no,,,,,"HUNG LAB, MOLECULAR BIOLOGY, MASSACHUSETTS GENERAL HOSPITAL",SRA1772980,,public,905AD894AD668A9ACBA335962FE16B99,5E6B29E5432B980F06D93743952D9C66
SRR27299627,2024-10-11 21:37:45,2023-12-20 13:34:30,5637661,511044185,5637661,90,193,,https://sra-downloadb.be-md.ncbi.nlm.nih.gov/sos13/sra-pub-zq-1307/SRR027/27299/SRR27299627/SRR27299627.lite.1,SRX22977268,GSM7985550,RNA-Seq,cDNA,TRANSCRIPTOMIC,PAIRED,0,0,ILLUMINA,Illumina NovaSeq 6000,SRP479194,PRJNA1055047,3,1055047,SRS19942896,SAMN38977911,simple,208963,Pseudomonas aeruginosa UCBPP-PA14,GSM7985550,,,,,,,no,,,,,"HUNG LAB, MOLECULAR BIOLOGY, MASSACHUSETTS GENERAL HOSPITAL",SRA1772980,,public,C9717E5CE3942BDF0F8EEE758B0BB18F,8BC20A25F46C67B4EBA69F245CAE5B5A
SRR27299628,2024-10-11 21:37:46,2023-12-20 13:34:11,3265906,295515353,3265906,90,112,,https://sra-downloadb.be-md.ncbi.nlm.nih.gov/sos13/sra-pub-zq-1307/SRR027/27299/SRR27299628/SRR27299628.lite.1,SRX22977268,GSM7985550,RNA-Seq,cDNA,TRANSCRIPTOMIC,PAIRED,0,0,ILLUMINA,Illumina NovaSeq 6000,SRP479194,PRJNA1055047,3,1055047,SRS19942896,SAMN38977911,simple,208963,Pseudomonas aeruginosa UCBPP-PA14,GSM7985550,,,,,,,no,,,,,"HUNG LAB, MOLECULAR BIOLOGY, MASSACHUSETTS GENERAL HOSPITAL",SRA1772980,,public,8D328F0E5DDF8B0B4249F94E3D82DA91,F3F52D1037908C67793FEC7E3F191D9B
SRR27299626,2024-10-11 21:37:46,2023-12-20 13:34:33,4473229,404452858,4473229,90,154,,https://sra-downloadb.be-md.ncbi.nlm.nih.gov/sos13/sra-pub-zq-1307/SRR027/27299/SRR27299626/SRR27299626.lite.1,SRX22977269,GSM7985551,RNA-Seq,cDNA,TRANSCRIPTOMIC,PAIRED,0,0,ILLUMINA,Illumina NovaSeq 6000,SRP479194,PRJNA1055047,3,1055047,SRS19942897,SAMN38977910,simple,208963,Pseudomonas aeruginosa UCBPP-PA14,GSM7985551,,,,,,,no,,,,,"HUNG LAB, MOLECULAR BIOLOGY, MASSACHUSETTS GENERAL HOSPITAL",SRA1772980,,public,D5B72863547C408FD44C6C6BB3143A44,F12A18FA64B99818372E61F246032D58
SRR27299624,2024-10-11 21:37:46,2023-12-20 13:34:19,3400533,307128946,3400533,90,117,,https://sra-downloadb.be-md.ncbi.nlm.nih.gov/sos13/sra-pub-zq-1307/SRR027/27299/SRR27299624/SRR27299624.lite.1,SRX22977270,GSM7985552,RNA-Seq,cDNA,TRANSCRIPTOMIC,PAIRED,0,0,ILLUMINA,Illumina NovaSeq 6000,SRP479194,PRJNA1055047,3,1055047,SRS19942899,SAMN38977909,simple,208963,Pseudomonas aeruginosa UCBPP-PA14,GSM7985552,,,,,,,no,,,,,"HUNG LAB, MOLECULAR BIOLOGY, MASSACHUSETTS GENERAL HOSPITAL",SRA1772980,,public,0F5E4DDF1CAA4CEA6897580427B23147,AE61C6C7BF06E97741730B8D003338D5
SRR27299625,2024-10-11 21:37:46,2023-12-20 13:34:37,3332977,300307018,3332977,90,116,,https://sra-downloadb.be-md.ncbi.nlm.nih.gov/sos13/sra-pub-zq-1307/SRR027/27299/SRR27299625/SRR27299625.lite.1,SRX22977270,GSM7985552,RNA-Seq,cDNA,TRANSCRIPTOMIC,PAIRED,0,0,ILLUMINA,Illumina NovaSeq 6000,SRP479194,PRJNA1055047,3,1055047,SRS19942899,SAMN38977909,simple,208963,Pseudomonas aeruginosa UCBPP-PA14,GSM7985552,,,,,,,no,,,,,"HUNG LAB, MOLECULAR BIOLOGY, MASSACHUSETTS GENERAL HOSPITAL",SRA1772980,,public,BEFF8FC779E5E052B1DF51A4FC1ACEDD,EDB45760BD101E8C8BC7D619503C9BE6
SRR27299623,2024-10-11 21:37:46,2023-12-20 13:34:22,3280136,296333064,3280136,90,112,,https://sra-downloadb.be-md.ncbi.nlm.nih.gov/sos13/sra-pub-zq-1307/SRR027/27299/SRR27299623/SRR27299623.lite.1,SRX22977271,GSM7985553,RNA-Seq,cDNA,TRANSCRIPTOMIC,PAIRED,0,0,ILLUMINA,Illumina NovaSeq 6000,SRP479194,PRJNA1055047,3,1055047,SRS19942898,SAMN38977908,simple,208963,Pseudomonas aeruginosa UCBPP-PA14,GSM7985553,,,,,,,no,,,,,"HUNG LAB, MOLECULAR BIOLOGY, MASSACHUSETTS GENERAL HOSPITAL",SRA1772980,,public,3D63D9A008BF8323117C6624B78A6D06,E9A42C19E4BB33737FC0C35B83148A25
SRR27299676,2024-10-11 21:37:46,2023-12-20 13:34:15,3187753,287444087,3187753,90,110,,https://sra-downloadb.be-md.ncbi.nlm.nih.gov/sos13/sra-pub-zq-1307/SRR027/27299/SRR27299676/SRR27299676.lite.1,SRX22977271,GSM7985553,RNA-Seq,cDNA,TRANSCRIPTOMIC,PAIRED,0,0,ILLUMINA,Illumina NovaSeq 6000,SRP479194,PRJNA1055047,3,1055047,SRS19942898,SAMN38977908,simple,208963,Pseudomonas aeruginosa UCBPP-PA14,GSM7985553,,,,,,,no,,,,,"HUNG LAB, MOLECULAR BIOLOGY, MASSACHUSETTS GENERAL HOSPITAL",SRA1772980,,public,3522621A1A5429F0CC503E259730793D,428198FFF8DB1B6C53BF08A623201397
SRR27299621,2024-10-11 21:37:46,2023-12-20 13:34:01,2741348,248016735,2741348,90,92,,https://sra-downloadb.be-md.ncbi.nlm.nih.gov/sos13/sra-pub-zq-1307/SRR027/27299/SRR27299621/SRR27299621.lite.1,SRX22977272,GSM7985554,RNA-Seq,cDNA,TRANSCRIPTOMIC,PAIRED,0,0,ILLUMINA,Illumina NovaSeq 6000,SRP479194,PRJNA1055047,3,1055047,SRS19942900,SAMN38977907,simple,208963,Pseudomonas aeruginosa UCBPP-PA14,GSM7985554,,,,,,,no,,,,,"HUNG LAB, MOLECULAR BIOLOGY, MASSACHUSETTS GENERAL HOSPITAL",SRA1772980,,public,A94F3B46466A34C5F198FC685D0C729E,A49B21E88F590884AFAE2140E8648562
SRR27299622,2024-10-11 21:37:46,2023-12-20 13:34:37,2572829,233233097,2572829,90,87,,https://sra-downloadb.be-md.ncbi.nlm.nih.gov/sos13/sra-pub-zq-1307/SRR027/27299/SRR27299622/SRR27299622.lite.1,SRX22977272,GSM7985554,RNA-Seq,cDNA,TRANSCRIPTOMIC,PAIRED,0,0,ILLUMINA,Illumina NovaSeq 6000,SRP479194,PRJNA1055047,3,1055047,SRS19942900,SAMN38977907,simple,208963,Pseudomonas aeruginosa UCBPP-PA14,GSM7985554,,,,,,,no,,,,,"HUNG LAB, MOLECULAR BIOLOGY, MASSACHUSETTS GENERAL HOSPITAL",SRA1772980,,public,A5C360F6662C09C434150882BF0155BC,7B0B5D929523E78FF8D827EDEF60399F
SRR27299620,2024-10-11 21:37:46,2023-12-20 13:34:23,2928310,264934413,2928310,90,99,,https://sra-downloadb.be-md.ncbi.nlm.nih.gov/sos13/sra-pub-zq-1307/SRR027/27299/SRR27299620/SRR27299620.lite.1,SRX22977273,GSM7985555,RNA-Seq,cDNA,TRANSCRIPTOMIC,PAIRED,0,0,ILLUMINA,Illumina NovaSeq 6000,SRP479194,PRJNA1055047,3,1055047,SRS19942901,SAMN38977906,simple,208963,Pseudomonas aeruginosa UCBPP-PA14,GSM7985555,,,,,,,no,,,,,"HUNG LAB, MOLECULAR BIOLOGY, MASSACHUSETTS GENERAL HOSPITAL",SRA1772980,,public,163E7389A42642C6D686C658A526997D,7C3A63A8214BA43D5E3AA2DFFFB4729E
SRR27299679,2024-10-11 21:37:46,2023-12-20 13:34:14,2847723,258120769,2847723,90,97,,https://sra-downloadb.be-md.ncbi.nlm.nih.gov/sos13/sra-pub-zq-1307/SRR027/27299/SRR27299679/SRR27299679.lite.1,SRX22977273,GSM7985555,RNA-Seq,cDNA,TRANSCRIPTOMIC,PAIRED,0,0,ILLUMINA,Illumina NovaSeq 6000,SRP479194,PRJNA1055047,3,1055047,SRS19942901,SAMN38977906,simple,208963,Pseudomonas aeruginosa UCBPP-PA14,GSM7985555,,,,,,,no,,,,,"HUNG LAB, MOLECULAR BIOLOGY, MASSACHUSETTS GENERAL HOSPITAL",SRA1772980,,public,25E73BE4652EF67CBC79C93C1629E9F0,171EA6013E0D9F33697A014FA64CAAFC
SRR27299618,2024-10-11 21:37:46,2023-12-20 13:34:53,5372670,486537276,5372670,90,183,,https://sra-downloadb.be-md.ncbi.nlm.nih.gov/sos13/sra-pub-zq-1307/SRR027/27299/SRR27299618/SRR27299618.lite.1,SRX22977274,GSM7985556,RNA-Seq,cDNA,TRANSCRIPTOMIC,PAIRED,0,0,ILLUMINA,Illumina NovaSeq 6000,SRP479194,PRJNA1055047,3,1055047,SRS19942902,SAMN38977905,simple,208963,Pseudomonas aeruginosa UCBPP-PA14,GSM7985556,,,,,,,no,,,,,"HUNG LAB, MOLECULAR BIOLOGY, MASSACHUSETTS GENERAL HOSPITAL",SRA1772980,,public,9882FC2AC14BB06FF0531CF186E79526,B7A99767941DA4B452D468BFEF01EA00
SRR27299619,2024-10-11 21:37:46,2023-12-20 13:34:42,4601708,417230532,4601708,90,157,,https://sra-downloadb.be-md.ncbi.nlm.nih.gov/sos13/sra-pub-zq-1307/SRR027/27299/SRR27299619/SRR27299619.lite.1,SRX22977274,GSM7985556,RNA-Seq,cDNA,TRANSCRIPTOMIC,PAIRED,0,0,ILLUMINA,Illumina NovaSeq 6000,SRP479194,PRJNA1055047,3,1055047,SRS19942902,SAMN38977905,simple,208963,Pseudomonas aeruginosa UCBPP-PA14,GSM7985556,,,,,,,no,,,,,"HUNG LAB, MOLECULAR BIOLOGY, MASSACHUSETTS GENERAL HOSPITAL",SRA1772980,,public,75A911DA341023F3759BD3024EE06B41,B36DFBA6E1F7E05FEBD29B7097D57B35
SRR27299617,2024-10-11 21:37:46,2023-12-20 13:33:52,6460414,584864005,6460414,90,222,,https://sra-downloadb.be-md.ncbi.nlm.nih.gov/sos13/sra-pub-zq-1307/SRR027/27299/SRR27299617/SRR27299617.lite.1,SRX22977275,GSM7985557,RNA-Seq,cDNA,TRANSCRIPTOMIC,PAIRED,0,0,ILLUMINA,Illumina NovaSeq 6000,SRP479194,PRJNA1055047,3,1055047,SRS19942903,SAMN38977904,simple,208963,Pseudomonas aeruginosa UCBPP-PA14,GSM7985557,,,,,,,no,,,,,"HUNG LAB, MOLECULAR BIOLOGY, MASSACHUSETTS GENERAL HOSPITAL",SRA1772980,,public,971461D6BCB5A692192B576C94DC0BF3,CBAB33A902A73649AD990FD5972FCD6B
SRR27299615,2024-10-11 21:37:46,2023-12-20 13:34:35,4368502,394984684,4368502,90,150,,https://sra-downloadb.be-md.ncbi.nlm.nih.gov/sos13/sra-pub-zq-1307/SRR027/27299/SRR27299615/SRR27299615.lite.1,SRX22977276,GSM7985558,RNA-Seq,cDNA,TRANSCRIPTOMIC,PAIRED,0,0,ILLUMINA,Illumina NovaSeq 6000,SRP479194,PRJNA1055047,3,1055047,SRS19942904,SAMN38977903,simple,208963,Pseudomonas aeruginosa UCBPP-PA14,GSM7985558,,,,,,,no,,,,,"HUNG LAB, MOLECULAR BIOLOGY, MASSACHUSETTS GENERAL HOSPITAL",SRA1772980,,public,4F567FC76DC07576C2C2936140BECDFF,09577DDBDFC5BC98FBC4BBF17F32C6E4
SRR27299616,2024-10-11 21:37:46,2023-12-20 13:33:32,3090816,278792518,3090816,90,106,,https://sra-downloadb.be-md.ncbi.nlm.nih.gov/sos13/sra-pub-zq-1307/SRR027/27299/SRR27299616/SRR27299616.lite.1,SRX22977276,GSM7985558,RNA-Seq,cDNA,TRANSCRIPTOMIC,PAIRED,0,0,ILLUMINA,Illumina NovaSeq 6000,SRP479194,PRJNA1055047,3,1055047,SRS19942904,SAMN38977903,simple,208963,Pseudomonas aeruginosa UCBPP-PA14,GSM7985558,,,,,,,no,,,,,"HUNG LAB, MOLECULAR BIOLOGY, MASSACHUSETTS GENERAL HOSPITAL",SRA1772980,,public,429003C61625CC13623BDE3189614F60,328168E3BB989561738C090DE76FFE8C
SRR27299614,2024-10-11 21:37:46,2023-12-20 13:34:48,4842116,437901396,4842116,90,165,,https://sra-downloadb.be-md.ncbi.nlm.nih.gov/sos13/sra-pub-zq-1307/SRR027/27299/SRR27299614/SRR27299614.lite.1,SRX22977277,GSM7985559,RNA-Seq,cDNA,TRANSCRIPTOMIC,PAIRED,0,0,ILLUMINA,Illumina NovaSeq 6000,SRP479194,PRJNA1055047,3,1055047,SRS19942905,SAMN38977902,simple,208963,Pseudomonas aeruginosa UCBPP-PA14,GSM7985559,,,,,,,no,,,,,"HUNG LAB, MOLECULAR BIOLOGY, MASSACHUSETTS GENERAL HOSPITAL",SRA1772980,,public,F70C28D7BDC119BFC2400519C0B068D1,4D880DCDEBC0465597DC9F504D855960
SRR27299613,2024-10-11 21:37:47,2023-12-20 13:36:16,10899792,984296861,10899792,90,378,,https://sra-downloadb.be-md.ncbi.nlm.nih.gov/sos13/sra-pub-zq-1307/SRR027/27299/SRR27299613/SRR27299613.lite.1,SRX22977278,GSM7985573,RNA-Seq,cDNA,TRANSCRIPTOMIC,PAIRED,0,0,ILLUMINA,Illumina NovaSeq 6000,SRP479194,PRJNA1055047,3,1055047,SRS19942906,SAMN38977888,simple,208963,Pseudomonas aeruginosa UCBPP-PA14,GSM7985573,,,,,,,no,,,,,"HUNG LAB, MOLECULAR BIOLOGY, MASSACHUSETTS GENERAL HOSPITAL",SRA1772980,,public,71FD5954F511219572278FF990BD9C36,38841C12F897C864036E2C5F8DA35CD3
SRR27299612,2024-10-11 21:37:47,2023-12-20 13:34:14,9279715,837391200,9279715,90,321,,https://sra-downloadb.be-md.ncbi.nlm.nih.gov/sos13/sra-pub-zq-1307/SRR027/27299/SRR27299612/SRR27299612.lite.1,SRX22977279,GSM7985574,RNA-Seq,cDNA,TRANSCRIPTOMIC,PAIRED,0,0,ILLUMINA,Illumina NovaSeq 6000,SRP479194,PRJNA1055047,3,1055047,SRS19942907,SAMN38977887,simple,208963,Pseudomonas aeruginosa UCBPP-PA14,GSM7985574,,,,,,,no,,,,,"HUNG LAB, MOLECULAR BIOLOGY, MASSACHUSETTS GENERAL HOSPITAL",SRA1772980,,public,5791907E84740C045FA604990BC1B121,054D86F9A2F848FDF759F26BEB2370C2
SRR27299611,2024-10-11 21:37:48,2023-12-20 13:35:01,3498660,317222871,3498660,90,120,,https://sra-downloadb.be-md.ncbi.nlm.nih.gov/sos13/sra-pub-zq-1307/SRR027/27299/SRR27299611/SRR27299611.lite.1,SRX22977280,GSM7985575,RNA-Seq,cDNA,TRANSCRIPTOMIC,PAIRED,0,0,ILLUMINA,Illumina NovaSeq 6000,SRP479194,PRJNA1055047,3,1055047,SRS19942909,SAMN38977886,simple,208963,Pseudomonas aeruginosa UCBPP-PA14,GSM7985575,,,,,,,no,,,,,"HUNG LAB, MOLECULAR BIOLOGY, MASSACHUSETTS GENERAL HOSPITAL",SRA1772980,,public,621109C9F29C16E593D2F5E7AD8CD51F,03D4FC93206088ED797C78D6683B4628
SRR27299610,2024-10-11 21:37:48,2023-12-20 13:35:09,6606274,599076479,6606274,90,223,,https://sra-downloadb.be-md.ncbi.nlm.nih.gov/sos13/sra-pub-zq-1307/SRR027/27299/SRR27299610/SRR27299610.lite.1,SRX22977281,GSM7985576,RNA-Seq,cDNA,TRANSCRIPTOMIC,PAIRED,0,0,ILLUMINA,Illumina NovaSeq 6000,SRP479194,PRJNA1055047,3,1055047,SRS19942908,SAMN38977885,simple,208963,Pseudomonas aeruginosa UCBPP-PA14,GSM7985576,,,,,,,no,,,,,"HUNG LAB, MOLECULAR BIOLOGY, MASSACHUSETTS GENERAL HOSPITAL",SRA1772980,,public,15811A0F98CFB98B842648BEAA45DA43,2CCA0CCBFACB367470B5C8CAEA1F17D6
SRR27299609,2024-10-11 21:37:48,2023-12-20 13:34:20,3689398,334604732,3689398,90,125,,https://sra-downloadb.be-md.ncbi.nlm.nih.gov/sos13/sra-pub-zq-1307/SRR027/27299/SRR27299609/SRR27299609.lite.1,SRX22977282,GSM7985577,RNA-Seq,cDNA,TRANSCRIPTOMIC,PAIRED,0,0,ILLUMINA,Illumina NovaSeq 6000,SRP479194,PRJNA1055047,3,1055047,SRS19942910,SAMN38977884,simple,208963,Pseudomonas aeruginosa UCBPP-PA14,GSM7985577,,,,,,,no,,,,,"HUNG LAB, MOLECULAR BIOLOGY, MASSACHUSETTS GENERAL HOSPITAL",SRA1772980,,public,F279FAC3291E57971FDD9F07467FC7ED,A0BD00D29FDE361D14E9917F95407618
SRR27299608,2024-10-11 21:37:48,2023-12-20 13:35:14,7245303,654159016,7245303,90,250,,https://sra-downloadb.be-md.ncbi.nlm.nih.gov/sos13/sra-pub-zq-1307/SRR027/27299/SRR27299608/SRR27299608.lite.1,SRX22977283,GSM7985578,RNA-Seq,cDNA,TRANSCRIPTOMIC,PAIRED,0,0,ILLUMINA,Illumina NovaSeq 6000,SRP479194,PRJNA1055047,3,1055047,SRS19942911,SAMN38977883,simple,208963,Pseudomonas aeruginosa UCBPP-PA14,GSM7985578,,,,,,,no,,,,,"HUNG LAB, MOLECULAR BIOLOGY, MASSACHUSETTS GENERAL HOSPITAL",SRA1772980,,public,87301261BC296BF63DCB0536F835FB28,ABEC0F2FD9A4E3570AFA5180B9B6B10F
SRR27299607,2024-10-11 21:37:48,2023-12-20 13:35:11,7446847,672744726,7446847,90,255,,https://sra-downloadb.be-md.ncbi.nlm.nih.gov/sos13/sra-pub-zq-1307/SRR027/27299/SRR27299607/SRR27299607.lite.1,SRX22977284,GSM7985579,RNA-Seq,cDNA,TRANSCRIPTOMIC,PAIRED,0,0,ILLUMINA,Illumina NovaSeq 6000,SRP479194,PRJNA1055047,3,1055047,SRS19942912,SAMN38977882,simple,208963,Pseudomonas aeruginosa UCBPP-PA14,GSM7985579,,,,,,,no,,,,,"HUNG LAB, MOLECULAR BIOLOGY, MASSACHUSETTS GENERAL HOSPITAL",SRA1772980,,public,F25AF1926B42C55C884E4E8E2F83A16F,E34443F03A5D25E2166E5E9E78F8E715
SRR27299606,2024-10-11 21:37:48,2023-12-20 13:35:51,10577417,955010509,10577417,90,363,,https://sra-downloadb.be-md.ncbi.nlm.nih.gov/sos13/sra-pub-zq-1307/SRR027/27299/SRR27299606/SRR27299606.lite.1,SRX22977285,GSM7985580,RNA-Seq,cDNA,TRANSCRIPTOMIC,PAIRED,0,0,ILLUMINA,Illumina NovaSeq 6000,SRP479194,PRJNA1055047,3,1055047,SRS19942913,SAMN38977881,simple,208963,Pseudomonas aeruginosa UCBPP-PA14,GSM7985580,,,,,,,no,,,,,"HUNG LAB, MOLECULAR BIOLOGY, MASSACHUSETTS GENERAL HOSPITAL",SRA1772980,,public,EBDBFD8E2F9F8B2A3D77E84144A3873A,25AF7BF9796EE27106558CEF4FB4262E
SRR27299605,2024-10-11 21:37:48,2023-12-20 13:33:58,7382620,666726076,7382620,90,255,,https://sra-downloadb.be-md.ncbi.nlm.nih.gov/sos13/sra-pub-zq-1307/SRR027/27299/SRR27299605/SRR27299605.lite.1,SRX22977286,GSM7985581,RNA-Seq,cDNA,TRANSCRIPTOMIC,PAIRED,0,0,ILLUMINA,Illumina NovaSeq 6000,SRP479194,PRJNA1055047,3,1055047,SRS19942914,SAMN38977880,simple,208963,Pseudomonas aeruginosa UCBPP-PA14,GSM7985581,,,,,,,no,,,,,"HUNG LAB, MOLECULAR BIOLOGY, MASSACHUSETTS GENERAL HOSPITAL",SRA1772980,,public,DAE50BFCE8ABEA93F9F334C479DA199E,84A013552CB4809846488F2CC5324417
SRR27299604,2024-10-11 21:37:48,2023-12-20 13:35:11,5954323,537573004,5954323,90,206,,https://sra-downloadb.be-md.ncbi.nlm.nih.gov/sos13/sra-pub-zq-1307/SRR027/27299/SRR27299604/SRR27299604.lite.1,SRX22977287,GSM7985582,RNA-Seq,cDNA,TRANSCRIPTOMIC,PAIRED,0,0,ILLUMINA,Illumina NovaSeq 6000,SRP479194,PRJNA1055047,3,1055047,SRS19942915,SAMN38977879,simple,208963,Pseudomonas aeruginosa UCBPP-PA14,GSM7985582,,,,,,,no,,,,,"HUNG LAB, MOLECULAR BIOLOGY, MASSACHUSETTS GENERAL HOSPITAL",SRA1772980,,public,C02ABFA7F553A3B88FFB57D5AEBEDCE2,4ABB1B7C94CC9ED5D67EB154375B69E1
SRR27299603,2024-10-11 21:37:48,2023-12-20 13:36:44,10098993,911654962,10098993,90,346,,https://sra-downloadb.be-md.ncbi.nlm.nih.gov/sos13/sra-pub-zq-1307/SRR027/27299/SRR27299603/SRR27299603.lite.1,SRX22977288,GSM7985583,RNA-Seq,cDNA,TRANSCRIPTOMIC,PAIRED,0,0,ILLUMINA,Illumina NovaSeq 6000,SRP479194,PRJNA1055047,3,1055047,SRS19942916,SAMN38977878,simple,208963,Pseudomonas aeruginosa UCBPP-PA14,GSM7985583,,,,,,,no,,,,,"HUNG LAB, MOLECULAR BIOLOGY, MASSACHUSETTS GENERAL HOSPITAL",SRA1772980,,public,FC6E7DEDDFCA0388C3323E66167C2DB3,DDB8401F4BA7B804C4166EE654EB4291
SRR27299771,2024-10-11 21:37:48,2023-12-20 13:35:11,8119006,735745214,8119006,90,275,,https://sra-downloadb.be-md.ncbi.nlm.nih.gov/sos13/sra-pub-zq-1307/SRR027/27299/SRR27299771/SRR27299771.lite.1,SRX22977291,GSM7985586,RNA-Seq,cDNA,TRANSCRIPTOMIC,PAIRED,0,0,ILLUMINA,Illumina NovaSeq 6000,SRP479194,PRJNA1055047,3,1055047,SRS19942919,SAMN38977875,simple,208963,Pseudomonas aeruginosa UCBPP-PA14,GSM7985586,,,,,,,no,,,,,"HUNG LAB, MOLECULAR BIOLOGY, MASSACHUSETTS GENERAL HOSPITAL",SRA1772980,,public,83348246AC69814C4876404500F793EA,C9DD31024923C6270387C39C6B779A14
SRR27299803,2024-10-11 21:38:46,2023-12-20 13:35:20,6331250,569827691,6331250,90,233,,https://sra-downloadb.be-md.ncbi.nlm.nih.gov/sos13/sra-pub-zq-1307/SRR027/27299/SRR27299803/SRR27299803.lite.1,SRX22977421,GSM7985253,RNA-Seq,cDNA,TRANSCRIPTOMIC,PAIRED,0,0,ILLUMINA,Illumina NovaSeq 6000,SRP479194,PRJNA1055047,3,1055047,SRS19943048,SAMN38978208,simple,208963,Pseudomonas aeruginosa UCBPP-PA14,GSM7985253,,,,,,,no,,,,,"HUNG LAB, MOLECULAR BIOLOGY, MASSACHUSETTS GENERAL HOSPITAL",SRA1772980,,public,E4D7870587DAB77F78782AEC0EE0C5A9,6C513FEBD6E3578FD411D63817C7970E
SRR27299802,2024-10-11 21:38:46,2023-12-20 13:34:50,5403290,486491397,5403290,90,196,,https://sra-downloadb.be-md.ncbi.nlm.nih.gov/sos13/sra-pub-zq-1307/SRR027/27299/SRR27299802/SRR27299802.lite.1,SRX22977422,GSM7985254,RNA-Seq,cDNA,TRANSCRIPTOMIC,PAIRED,0,0,ILLUMINA,Illumina NovaSeq 6000,SRP479194,PRJNA1055047,3,1055047,SRS19943050,SAMN38978207,simple,208963,Pseudomonas aeruginosa UCBPP-PA14,GSM7985254,,,,,,,no,,,,,"HUNG LAB, MOLECULAR BIOLOGY, MASSACHUSETTS GENERAL HOSPITAL",SRA1772980,,public,A488A5408ABB73D31AA4F356F45F08BC,361C3F8F952FD0E7BD96A04BCBECA941
SRR27299800,2024-10-11 21:38:47,2023-12-20 13:36:28,13026028,1177129646,13026028,90,472,,https://sra-downloadb.be-md.ncbi.nlm.nih.gov/sos13/sra-pub-zq-1307/SRR027/27299/SRR27299800/SRR27299800.lite.1,SRX22977423,GSM7985255,RNA-Seq,cDNA,TRANSCRIPTOMIC,PAIRED,0,0,ILLUMINA,Illumina NovaSeq 6000,SRP479194,PRJNA1055047,3,1055047,SRS19943051,SAMN38978206,simple,208963,Pseudomonas aeruginosa UCBPP-PA14,GSM7985255,,,,,,,no,,,,,"HUNG LAB, MOLECULAR BIOLOGY, MASSACHUSETTS GENERAL HOSPITAL",SRA1772980,,public,C4D47BE5D655B4CFBAC194B67CD99FD5,F2654CFC24F822901E311B00536325D9
SRR27299801,2024-10-11 21:38:47,2023-12-20 13:36:25,11240122,1015351261,11240122,90,408,,https://sra-downloadb.be-md.ncbi.nlm.nih.gov/sos13/sra-pub-zq-1307/SRR027/27299/SRR27299801/SRR27299801.lite.1,SRX22977423,GSM7985255,RNA-Seq,cDNA,TRANSCRIPTOMIC,PAIRED,0,0,ILLUMINA,Illumina NovaSeq 6000,SRP479194,PRJNA1055047,3,1055047,SRS19943051,SAMN38978206,simple,208963,Pseudomonas aeruginosa UCBPP-PA14,GSM7985255,,,,,,,no,,,,,"HUNG LAB, MOLECULAR BIOLOGY, MASSACHUSETTS GENERAL HOSPITAL",SRA1772980,,public,9DE5FA82AAC2EF69D802979341D58C1E,6E846EB81C57D47A1B44B6D12075FFB8
SRR27299799,2024-10-11 21:38:52,2023-12-20 13:34:36,4475637,403301260,4475637,90,157,,https://sra-downloadb.be-md.ncbi.nlm.nih.gov/sos13/sra-pub-zq-1307/SRR027/27299/SRR27299799/SRR27299799.lite.1,SRX22977424,GSM7985288,RNA-Seq,cDNA,TRANSCRIPTOMIC,PAIRED,0,0,ILLUMINA,Illumina NovaSeq 6000,SRP479194,PRJNA1055047,3,1055047,SRS19943052,SAMN38978173,simple,208963,Pseudomonas aeruginosa UCBPP-PA14,GSM7985288,,,,,,,no,,,,,"HUNG LAB, MOLECULAR BIOLOGY, MASSACHUSETTS GENERAL HOSPITAL",SRA1772980,,public,98B643D5F8D1AAD028051656DFDE0A38,10F0F308A570AD7944EF029C379C83E0
SRR27299798,2024-10-11 21:38:52,2023-12-20 13:34:35,2961681,267275685,2961681,90,103,,https://sra-downloadb.be-md.ncbi.nlm.nih.gov/sos13/sra-pub-zq-1307/SRR027/27299/SRR27299798/SRR27299798.lite.1,SRX22977425,GSM7985289,RNA-Seq,cDNA,TRANSCRIPTOMIC,PAIRED,0,0,ILLUMINA,Illumina NovaSeq 6000,SRP479194,PRJNA1055047,3,1055047,SRS19943054,SAMN38978172,simple,208963,Pseudomonas aeruginosa UCBPP-PA14,GSM7985289,,,,,,,no,,,,,"HUNG LAB, MOLECULAR BIOLOGY, MASSACHUSETTS GENERAL HOSPITAL",SRA1772980,,public,7C03EB69497690681F00E92E540A9EC7,6511D40837317ABADB1EC8403C9216B8
SRR27299797,2024-10-11 21:38:52,2023-12-20 13:33:51,3542314,319628038,3542314,90,123,,https://sra-downloadb.be-md.ncbi.nlm.nih.gov/sos13/sra-pub-zq-1307/SRR027/27299/SRR27299797/SRR27299797.lite.1,SRX22977426,GSM7985290,RNA-Seq,cDNA,TRANSCRIPTOMIC,PAIRED,0,0,ILLUMINA,Illumina NovaSeq 6000,SRP479194,PRJNA1055047,3,1055047,SRS19943053,SAMN38978171,simple,208963,Pseudomonas aeruginosa UCBPP-PA14,GSM7985290,,,,,,,no,,,,,"HUNG LAB, MOLECULAR BIOLOGY, MASSACHUSETTS GENERAL HOSPITAL",SRA1772980,,public,0ADC105A602B3215CF77177BB5AB516E,5B0133FC031ECC94632ED4FDFA54F587
SRR27299656,2024-10-11 21:37:57,2023-12-20 13:34:15,2853637,258677050,2853637,90,98,,https://sra-downloadb.be-md.ncbi.nlm.nih.gov/sos13/sra-pub-zq-1307/SRR027/27299/SRR27299656/SRR27299656.lite.1,SRX22977908,GSM7985712,RNA-Seq,cDNA,TRANSCRIPTOMIC,PAIRED,0,0,ILLUMINA,Illumina NovaSeq 6000,SRP479194,PRJNA1055047,3,1055047,SRS19943538,SAMN38977749,simple,208963,Pseudomonas aeruginosa UCBPP-PA14,GSM7985712,,,,,,,no,,,,,"HUNG LAB, MOLECULAR BIOLOGY, MASSACHUSETTS GENERAL HOSPITAL",SRA1772980,,public,3A0694705AE726545FAE7C7229C005A4,586BB9F0AAF9C68B93AADE292F2F74E8
SRR27299971,2024-10-11 21:37:46,2023-12-20 13:36:04,5684895,513364773,5684895,90,198,,https://sra-downloadb.be-md.ncbi.nlm.nih.gov/sos13/sra-pub-zq-1307/SRR027/27299/SRR27299971/SRR27299971.lite.1,SRX22977269,GSM7985551,RNA-Seq,cDNA,TRANSCRIPTOMIC,PAIRED,0,0,ILLUMINA,Illumina NovaSeq 6000,SRP479194,PRJNA1055047,3,1055047,SRS19942897,SAMN38977910,simple,208963,Pseudomonas aeruginosa UCBPP-PA14,GSM7985551,,,,,,,no,,,,,"HUNG LAB, MOLECULAR BIOLOGY, MASSACHUSETTS GENERAL HOSPITAL",SRA1772980,,public,8DCE4EA9F65CFCA49E32553611F283AD,7B7D5ADBC6AA4E1C4A47C374E3C2E66C
SRR27299864,2024-10-11 21:37:46,2023-12-20 13:35:45,5894755,532435009,5894755,90,202,,https://sra-downloadb.be-md.ncbi.nlm.nih.gov/sos13/sra-pub-zq-1307/SRR027/27299/SRR27299864/SRR27299864.lite.1,SRX22977275,GSM7985557,RNA-Seq,cDNA,TRANSCRIPTOMIC,PAIRED,0,0,ILLUMINA,Illumina NovaSeq 6000,SRP479194,PRJNA1055047,3,1055047,SRS19942903,SAMN38977904,simple,208963,Pseudomonas aeruginosa UCBPP-PA14,GSM7985557,,,,,,,no,,,,,"HUNG LAB, MOLECULAR BIOLOGY, MASSACHUSETTS GENERAL HOSPITAL",SRA1772980,,public,14171DD9D89F3D4B5BF06B1AC6FD70E9,1B1AF122D5B6C72D94DECB7778B149B7
SRR27299826,2024-10-11 21:37:46,2023-12-20 13:35:20,5421337,489315565,5421337,90,186,,https://sra-downloadb.be-md.ncbi.nlm.nih.gov/sos13/sra-pub-zq-1307/SRR027/27299/SRR27299826/SRR27299826.lite.1,SRX22977277,GSM7985559,RNA-Seq,cDNA,TRANSCRIPTOMIC,PAIRED,0,0,ILLUMINA,Illumina NovaSeq 6000,SRP479194,PRJNA1055047,3,1055047,SRS19942905,SAMN38977902,simple,208963,Pseudomonas aeruginosa UCBPP-PA14,GSM7985559,,,,,,,no,,,,,"HUNG LAB, MOLECULAR BIOLOGY, MASSACHUSETTS GENERAL HOSPITAL",SRA1772980,,public,45C82FC8AD1BCD68AA31EB30DEE304A8,9FF2EAC5148A51467A10D344D0B88B70
SRR27299913,2024-10-11 21:37:40,2023-12-20 13:36:31,11733157,1058878774,11733157,90,422,,https://sra-downloadb.be-md.ncbi.nlm.nih.gov/sos13/sra-pub-zq-1307/SRR027/27299/SRR27299913/SRR27299913.lite.1,SRX22977326,GSM7985000,RNA-Seq,cDNA,TRANSCRIPTOMIC,PAIRED,0,0,ILLUMINA,Illumina NovaSeq 6000,SRP479194,PRJNA1055047,3,1055047,SRS19942954,SAMN38978461,simple,208963,Pseudomonas aeruginosa UCBPP-PA14,GSM7985000,,,,,,,no,,,,,"HUNG LAB, MOLECULAR BIOLOGY, MASSACHUSETTS GENERAL HOSPITAL",SRA1772980,,public,A7F123EBC3C483052B236E20AC7AF07A,30019F17321A9976E72F0CEA8C877C22
SRR27299911,2024-10-11 21:38:36,2023-12-20 13:36:27,9200400,830833571,9200400,90,333,,https://sra-downloadb.be-md.ncbi.nlm.nih.gov/sos13/sra-pub-zq-1307/SRR027/27299/SRR27299911/SRR27299911.lite.1,SRX22977327,GSM7985001,RNA-Seq,cDNA,TRANSCRIPTOMIC,PAIRED,0,0,ILLUMINA,Illumina NovaSeq 6000,SRP479194,PRJNA1055047,3,1055047,SRS19942955,SAMN38978460,simple,208963,Pseudomonas aeruginosa UCBPP-PA14,GSM7985001,,,,,,,no,,,,,"HUNG LAB, MOLECULAR BIOLOGY, MASSACHUSETTS GENERAL HOSPITAL",SRA1772980,,public,0FA8CDA7398918233DB4C6951063990D,55253B1CFF54997BEB783FC3B7B1178C
SRR27299910,2024-10-11 21:39:01,2023-12-20 13:35:03,3733610,336678223,3733610,90,135,,https://sra-downloadb.be-md.ncbi.nlm.nih.gov/sos13/sra-pub-zq-1307/SRR027/27299/SRR27299910/SRR27299910.lite.1,SRX22977328,GSM7985034,RNA-Seq,cDNA,TRANSCRIPTOMIC,PAIRED,0,0,ILLUMINA,Illumina NovaSeq 6000,SRP479194,PRJNA1055047,3,1055047,SRS19942956,SAMN38978427,simple,208963,Pseudomonas aeruginosa UCBPP-PA14,GSM7985034,,,,,,,no,,,,,"HUNG LAB, MOLECULAR BIOLOGY, MASSACHUSETTS GENERAL HOSPITAL",SRA1772980,,public,B9AE40236D7F15B1EF1053466BACF4A8,1D72B798D031AFC2C62EFB7BB4E4E077
SRR27299909,2024-10-11 21:39:02,2023-12-20 13:35:53,3677104,330726372,3677104,89,132,,https://sra-downloadb.be-md.ncbi.nlm.nih.gov/sos13/sra-pub-zq-1307/SRR027/27299/SRR27299909/SRR27299909.lite.1,SRX22977329,GSM7985035,RNA-Seq,cDNA,TRANSCRIPTOMIC,PAIRED,0,0,ILLUMINA,Illumina NovaSeq 6000,SRP479194,PRJNA1055047,3,1055047,SRS19942957,SAMN38978426,simple,208963,Pseudomonas aeruginosa UCBPP-PA14,GSM7985035,,,,,,,no,,,,,"HUNG LAB, MOLECULAR BIOLOGY, MASSACHUSETTS GENERAL HOSPITAL",SRA1772980,,public,1B0C60435A856CE5028A170E973BBA13,9E4F2A8CBF5B57006F2F11B5C067652B
SRR27299908,2024-10-11 21:39:03,2023-12-20 13:35:52,5760051,521393488,5760051,90,208,,https://sra-downloadb.be-md.ncbi.nlm.nih.gov/sos13/sra-pub-zq-1307/SRR027/27299/SRR27299908/SRR27299908.lite.1,SRX22977330,GSM7985036,RNA-Seq,cDNA,TRANSCRIPTOMIC,PAIRED,0,0,ILLUMINA,Illumina NovaSeq 6000,SRP479194,PRJNA1055047,3,1055047,SRS19942958,SAMN38978425,simple,208963,Pseudomonas aeruginosa UCBPP-PA14,GSM7985036,,,,,,,no,,,,,"HUNG LAB, MOLECULAR BIOLOGY, MASSACHUSETTS GENERAL HOSPITAL",SRA1772980,,public,B4FB8B9280C3DBD54E9CAD5FE507D923,3B3F65429F90851160C71C21B7EEDD4A
SRR27299907,2024-10-11 21:39:05,2023-12-20 13:35:34,3534090,319454420,3534090,90,127,,https://sra-downloadb.be-md.ncbi.nlm.nih.gov/sos13/sra-pub-zq-1307/SRR027/27299/SRR27299907/SRR27299907.lite.1,SRX22977331,GSM7985037,RNA-Seq,cDNA,TRANSCRIPTOMIC,PAIRED,0,0,ILLUMINA,Illumina NovaSeq 6000,SRP479194,PRJNA1055047,3,1055047,SRS19942959,SAMN38978424,simple,208963,Pseudomonas aeruginosa UCBPP-PA14,GSM7985037,,,,,,,no,,,,,"HUNG LAB, MOLECULAR BIOLOGY, MASSACHUSETTS GENERAL HOSPITAL",SRA1772980,,public,4202D5FD000B3C835116BC8F485653AF,43DEFC8D1F5C76A5B30916C11260A8C9
SRR27299906,2024-10-11 21:39:06,2023-12-20 13:36:09,5336051,481889357,5336051,90,192,,https://sra-downloadb.be-md.ncbi.nlm.nih.gov/sos13/sra-pub-zq-1307/SRR027/27299/SRR27299906/SRR27299906.lite.1,SRX22977332,GSM7985038,RNA-Seq,cDNA,TRANSCRIPTOMIC,PAIRED,0,0,ILLUMINA,Illumina NovaSeq 6000,SRP479194,PRJNA1055047,3,1055047,SRS19942960,SAMN38978423,simple,208963,Pseudomonas aeruginosa UCBPP-PA14,GSM7985038,,,,,,,no,,,,,"HUNG LAB, MOLECULAR BIOLOGY, MASSACHUSETTS GENERAL HOSPITAL",SRA1772980,,public,1B79DDA09CC83B0B151BD226BB9E8BD8,E78B3E5AE7745D744ACC89F1855D9199
SRR27299905,2024-10-11 21:39:07,2023-12-20 13:37:22,11985594,1083567980,11985594,90,436,,https://sra-downloadb.be-md.ncbi.nlm.nih.gov/sos13/sra-pub-zq-1307/SRR027/27299/SRR27299905/SRR27299905.lite.1,SRX22977333,GSM7985039,RNA-Seq,cDNA,TRANSCRIPTOMIC,PAIRED,0,0,ILLUMINA,Illumina NovaSeq 6000,SRP479194,PRJNA1055047,3,1055047,SRS19942961,SAMN38978422,simple,208963,Pseudomonas aeruginosa UCBPP-PA14,GSM7985039,,,,,,,no,,,,,"HUNG LAB, MOLECULAR BIOLOGY, MASSACHUSETTS GENERAL HOSPITAL",SRA1772980,,public,D729F0F37161E59391D8752557F3BF86,52DD06E257F8BE3BDB2644DAD553D5C5
SRR27299904,2024-10-11 21:39:08,2023-12-20 13:36:19,7786296,703054777,7786296,90,282,,https://sra-downloadb.be-md.ncbi.nlm.nih.gov/sos13/sra-pub-zq-1307/SRR027/27299/SRR27299904/SRR27299904.lite.1,SRX22977334,GSM7985040,RNA-Seq,cDNA,TRANSCRIPTOMIC,PAIRED,0,0,ILLUMINA,Illumina NovaSeq 6000,SRP479194,PRJNA1055047,3,1055047,SRS19942962,SAMN38978421,simple,208963,Pseudomonas aeruginosa UCBPP-PA14,GSM7985040,,,,,,,no,,,,,"HUNG LAB, MOLECULAR BIOLOGY, MASSACHUSETTS GENERAL HOSPITAL",SRA1772980,,public,7565A2E14DD12B92A008FF687E79F328,175F5FE168BFBE839AFAC9AED6A90A84
SRR27299903,2024-10-11 21:39:10,2023-12-20 13:37:09,9541699,859306626,9541699,90,349,,https://sra-downloadb.be-md.ncbi.nlm.nih.gov/sos13/sra-pub-zq-1307/SRR027/27299/SRR27299903/SRR27299903.lite.1,SRX22977335,GSM7985041,RNA-Seq,cDNA,TRANSCRIPTOMIC,PAIRED,0,0,ILLUMINA,Illumina NovaSeq 6000,SRP479194,PRJNA1055047,3,1055047,SRS19942963,SAMN38978420,simple,208963,Pseudomonas aeruginosa UCBPP-PA14,GSM7985041,,,,,,,no,,,,,"HUNG LAB, MOLECULAR BIOLOGY, MASSACHUSETTS GENERAL HOSPITAL",SRA1772980,,public,2B93D39F883D0D5B55E366819185B25A,23D4BD791808AB466EDD17FA7359BC96
SRR27299902,2024-10-11 21:39:11,2023-12-20 13:37:46,15092245,1366463285,15092245,90,545,,https://sra-downloadb.be-md.ncbi.nlm.nih.gov/sos13/sra-pub-zq-1307/SRR027/27299/SRR27299902/SRR27299902.lite.1,SRX22977336,GSM7985042,RNA-Seq,cDNA,TRANSCRIPTOMIC,PAIRED,0,0,ILLUMINA,Illumina NovaSeq 6000,SRP479194,PRJNA1055047,3,1055047,SRS19942964,SAMN38978419,simple,208963,Pseudomonas aeruginosa UCBPP-PA14,GSM7985042,,,,,,,no,,,,,"HUNG LAB, MOLECULAR BIOLOGY, MASSACHUSETTS GENERAL HOSPITAL",SRA1772980,,public,4CAB85010577162909E2C151E6D37090,A714DB72259A93AD529D019E8C1C3035
SRR27299901,2024-10-11 21:39:12,2023-12-20 13:35:59,15806193,1427956826,15806193,90,568,,https://sra-downloadb.be-md.ncbi.nlm.nih.gov/sos13/sra-pub-zq-1307/SRR027/27299/SRR27299901/SRR27299901.lite.1,SRX22977337,GSM7985043,RNA-Seq,cDNA,TRANSCRIPTOMIC,PAIRED,0,0,ILLUMINA,Illumina NovaSeq 6000,SRP479194,PRJNA1055047,3,1055047,SRS19942965,SAMN38978418,simple,208963,Pseudomonas aeruginosa UCBPP-PA14,GSM7985043,,,,,,,no,,,,,"HUNG LAB, MOLECULAR BIOLOGY, MASSACHUSETTS GENERAL HOSPITAL",SRA1772980,,public,4842046D51CA20D5F0F9C578E72BFE8B,90319D8A711A15CA2E6540A7270DE1A8
SRR27299900,2024-10-11 21:39:13,2023-12-20 13:38:16,17208883,1553324602,17208883,90,619,,https://sra-downloadb.be-md.ncbi.nlm.nih.gov/sos13/sra-pub-zq-1307/SRR027/27299/SRR27299900/SRR27299900.lite.1,SRX22977338,GSM7985044,RNA-Seq,cDNA,TRANSCRIPTOMIC,PAIRED,0,0,ILLUMINA,Illumina NovaSeq 6000,SRP479194,PRJNA1055047,3,1055047,SRS19942967,SAMN38978417,simple,208963,Pseudomonas aeruginosa UCBPP-PA14,GSM7985044,,,,,,,no,,,,,"HUNG LAB, MOLECULAR BIOLOGY, MASSACHUSETTS GENERAL HOSPITAL",SRA1772980,,public,7EA752A3E87610EC18526429784500B0,1A433D2F66F0BB171D724C272115FA7A
SRR27299899,2024-10-11 21:39:15,2023-12-20 13:35:48,6693631,605191011,6693631,90,242,,https://sra-downloadb.be-md.ncbi.nlm.nih.gov/sos13/sra-pub-zq-1307/SRR027/27299/SRR27299899/SRR27299899.lite.1,SRX22977339,GSM7985045,RNA-Seq,cDNA,TRANSCRIPTOMIC,PAIRED,0,0,ILLUMINA,Illumina NovaSeq 6000,SRP479194,PRJNA1055047,3,1055047,SRS19942966,SAMN38978416,simple,208963,Pseudomonas aeruginosa UCBPP-PA14,GSM7985045,,,,,,,no,,,,,"HUNG LAB, MOLECULAR BIOLOGY, MASSACHUSETTS GENERAL HOSPITAL",SRA1772980,,public,BD4B4C4EBD6D5A5D269698BB90BA6021,C2489992BFFA658F94F6A5486653C87A
SRR27299898,2024-10-11 21:39:16,2023-12-20 13:36:00,6169786,556704713,6169786,90,223,,https://sra-downloadb.be-md.ncbi.nlm.nih.gov/sos13/sra-pub-zq-1307/SRR027/27299/SRR27299898/SRR27299898.lite.1,SRX22977340,GSM7985046,RNA-Seq,cDNA,TRANSCRIPTOMIC,PAIRED,0,0,ILLUMINA,Illumina NovaSeq 6000,SRP479194,PRJNA1055047,3,1055047,SRS19942968,SAMN38978415,simple,208963,Pseudomonas aeruginosa UCBPP-PA14,GSM7985046,,,,,,,no,,,,,"HUNG LAB, MOLECULAR BIOLOGY, MASSACHUSETTS GENERAL HOSPITAL",SRA1772980,,public,80AF9D2E1625AE022D0A146A06D084BC,FAAABCCF763C5AE9133DCD27F53F894A
SRR27299897,2024-10-11 21:39:17,2023-12-20 13:36:03,6050357,545509801,6050357,90,218,,https://sra-downloadb.be-md.ncbi.nlm.nih.gov/sos13/sra-pub-zq-1307/SRR027/27299/SRR27299897/SRR27299897.lite.1,SRX22977341,GSM7985047,RNA-Seq,cDNA,TRANSCRIPTOMIC,PAIRED,0,0,ILLUMINA,Illumina NovaSeq 6000,SRP479194,PRJNA1055047,3,1055047,SRS19942969,SAMN38978414,simple,208963,Pseudomonas aeruginosa UCBPP-PA14,GSM7985047,,,,,,,no,,,,,"HUNG LAB, MOLECULAR BIOLOGY, MASSACHUSETTS GENERAL HOSPITAL",SRA1772980,,public,2873421CEC70A30D589B31B79F081DFD,606A8202701B6F90FEE9E878A727A001
SRR27299895,2024-10-11 21:39:18,2023-12-20 13:37:08,11227846,1016442959,11227846,90,405,,https://sra-downloadb.be-md.ncbi.nlm.nih.gov/sos13/sra-pub-zq-1307/SRR027/27299/SRR27299895/SRR27299895.lite.1,SRX22977343,GSM7985049,RNA-Seq,cDNA,TRANSCRIPTOMIC,PAIRED,0,0,ILLUMINA,Illumina NovaSeq 6000,SRP479194,PRJNA1055047,3,1055047,SRS19942970,SAMN38978412,simple,208963,Pseudomonas aeruginosa UCBPP-PA14,GSM7985049,,,,,,,no,,,,,"HUNG LAB, MOLECULAR BIOLOGY, MASSACHUSETTS GENERAL HOSPITAL",SRA1772980,,public,4729617DC62522573BEAD1A462E35306,1C8FD96D26ABE2A46F2E32E18E44B8B2
SRR27299796,2024-10-11 21:38:52,2023-12-20 13:34:17,2469289,222302880,2469289,90,86,,https://sra-downloadb.be-md.ncbi.nlm.nih.gov/sos13/sra-pub-zq-1307/SRR027/27299/SRR27299796/SRR27299796.lite.1,SRX22977427,GSM7985291,RNA-Seq,cDNA,TRANSCRIPTOMIC,PAIRED,0,0,ILLUMINA,Illumina NovaSeq 6000,SRP479194,PRJNA1055047,3,1055047,SRS19943056,SAMN38978170,simple,208963,Pseudomonas aeruginosa UCBPP-PA14,GSM7985291,,,,,,,no,,,,,"HUNG LAB, MOLECULAR BIOLOGY, MASSACHUSETTS GENERAL HOSPITAL",SRA1772980,,public,0AE40EFB38B7F8F23995E9EB09E065DD,274EB172249DF1C4008826AF4945B768
SRR27299795,2024-10-11 21:38:52,2023-12-20 13:34:15,2345871,211168919,2345871,90,82,,https://sra-downloadb.be-md.ncbi.nlm.nih.gov/sos13/sra-pub-zq-1307/SRR027/27299/SRR27299795/SRR27299795.lite.1,SRX22977428,GSM7985292,RNA-Seq,cDNA,TRANSCRIPTOMIC,PAIRED,0,0,ILLUMINA,Illumina NovaSeq 6000,SRP479194,PRJNA1055047,3,1055047,SRS19943055,SAMN38978169,simple,208963,Pseudomonas aeruginosa UCBPP-PA14,GSM7985292,,,,,,,no,,,,,"HUNG LAB, MOLECULAR BIOLOGY, MASSACHUSETTS GENERAL HOSPITAL",SRA1772980,,public,9A5D77B7470F52203B8B4A0C4F709D9E,B2973A579D2E8E48F59DB8B8FBEEEC3F
SRR27299794,2024-10-11 21:38:52,2023-12-20 13:34:27,1744796,157424455,1744796,90,62,,https://sra-downloadb.be-md.ncbi.nlm.nih.gov/sos13/sra-pub-zq-1307/SRR027/27299/SRR27299794/SRR27299794.lite.1,SRX22977429,GSM7985293,RNA-Seq,cDNA,TRANSCRIPTOMIC,PAIRED,0,0,ILLUMINA,Illumina NovaSeq 6000,SRP479194,PRJNA1055047,3,1055047,SRS19943057,SAMN38978168,simple,208963,Pseudomonas aeruginosa UCBPP-PA14,GSM7985293,,,,,,,no,,,,,"HUNG LAB, MOLECULAR BIOLOGY, MASSACHUSETTS GENERAL HOSPITAL",SRA1772980,,public,03D8516EBD315D60167BCB5C666638E6,152F43CC9BC418C69066B3A403B80FE2
SRR27299793,2024-10-11 21:38:52,2023-12-20 13:34:54,3271195,294494141,3271195,90,114,,https://sra-downloadb.be-md.ncbi.nlm.nih.gov/sos13/sra-pub-zq-1307/SRR027/27299/SRR27299793/SRR27299793.lite.1,SRX22977430,GSM7985294,RNA-Seq,cDNA,TRANSCRIPTOMIC,PAIRED,0,0,ILLUMINA,Illumina NovaSeq 6000,SRP479194,PRJNA1055047,3,1055047,SRS19943058,SAMN38978167,simple,208963,Pseudomonas aeruginosa UCBPP-PA14,GSM7985294,,,,,,,no,,,,,"HUNG LAB, MOLECULAR BIOLOGY, MASSACHUSETTS GENERAL HOSPITAL",SRA1772980,,public,45297A47DE706DA6B50A345B077CFD93,030DF6DA94FB9D3552DDB07D79BE6441
SRR27299792,2024-10-11 21:38:53,2023-12-20 13:34:51,3945990,355313137,3945990,90,139,,https://sra-downloadb.be-md.ncbi.nlm.nih.gov/sos13/sra-pub-zq-1307/SRR027/27299/SRR27299792/SRR27299792.lite.1,SRX22977431,GSM7985295,RNA-Seq,cDNA,TRANSCRIPTOMIC,PAIRED,0,0,ILLUMINA,Illumina NovaSeq 6000,SRP479194,PRJNA1055047,3,1055047,SRS19943059,SAMN38978166,simple,208963,Pseudomonas aeruginosa UCBPP-PA14,GSM7985295,,,,,,,no,,,,,"HUNG LAB, MOLECULAR BIOLOGY, MASSACHUSETTS GENERAL HOSPITAL",SRA1772980,,public,317503F128CA6E6D61FCF8D61F7B2D4F,4AF15872D2C7AD012D340402417D5918
SRR27299791,2024-10-11 21:38:53,2023-12-20 13:34:50,3297839,297710505,3297839,90,117,,https://sra-downloadb.be-md.ncbi.nlm.nih.gov/sos13/sra-pub-zq-1307/SRR027/27299/SRR27299791/SRR27299791.lite.1,SRX22977432,GSM7985296,RNA-Seq,cDNA,TRANSCRIPTOMIC,PAIRED,0,0,ILLUMINA,Illumina NovaSeq 6000,SRP479194,PRJNA1055047,3,1055047,SRS19943060,SAMN38978165,simple,208963,Pseudomonas aeruginosa UCBPP-PA14,GSM7985296,,,,,,,no,,,,,"HUNG LAB, MOLECULAR BIOLOGY, MASSACHUSETTS GENERAL HOSPITAL",SRA1772980,,public,D4517A51E10DD1EF4104148ACAFBCC43,7BC538B3CBE375E536846E3A921741A9
SRR27299790,2024-10-11 21:38:53,2023-12-20 13:34:54,4821174,434745394,4821174,90,169,,https://sra-downloadb.be-md.ncbi.nlm.nih.gov/sos13/sra-pub-zq-1307/SRR027/27299/SRR27299790/SRR27299790.lite.1,SRX22977433,GSM7985297,RNA-Seq,cDNA,TRANSCRIPTOMIC,PAIRED,0,0,ILLUMINA,Illumina NovaSeq 6000,SRP479194,PRJNA1055047,3,1055047,SRS19943061,SAMN38978164,simple,208963,Pseudomonas aeruginosa UCBPP-PA14,GSM7985297,,,,,,,no,,,,,"HUNG LAB, MOLECULAR BIOLOGY, MASSACHUSETTS GENERAL HOSPITAL",SRA1772980,,public,BE201D5FFBEB2E02DDC9C8DD816ACD4C,F4BAB436C754E16A3713935E08A32DAB
SRR27299789,2024-10-11 21:38:53,2023-12-20 13:34:37,2798265,252303858,2798265,90,99,,https://sra-downloadb.be-md.ncbi.nlm.nih.gov/sos13/sra-pub-zq-1307/SRR027/27299/SRR27299789/SRR27299789.lite.1,SRX22977434,GSM7985298,RNA-Seq,cDNA,TRANSCRIPTOMIC,PAIRED,0,0,ILLUMINA,Illumina NovaSeq 6000,SRP479194,PRJNA1055047,3,1055047,SRS19943062,SAMN38978163,simple,208963,Pseudomonas aeruginosa UCBPP-PA14,GSM7985298,,,,,,,no,,,,,"HUNG LAB, MOLECULAR BIOLOGY, MASSACHUSETTS GENERAL HOSPITAL",SRA1772980,,public,0D8E7A89C37AEC778E44C4B60C216748,8B3F9E04E83F772BAC5370A52EE0E001
SRR27299788,2024-10-11 21:38:53,2023-12-20 13:33:39,1959530,176820287,1959530,90,71,,https://sra-downloadb.be-md.ncbi.nlm.nih.gov/sos13/sra-pub-zq-1307/SRR027/27299/SRR27299788/SRR27299788.lite.1,SRX22977435,GSM7985299,RNA-Seq,cDNA,TRANSCRIPTOMIC,PAIRED,0,0,ILLUMINA,Illumina NovaSeq 6000,SRP479194,PRJNA1055047,3,1055047,SRS19943064,SAMN38978162,simple,208963,Pseudomonas aeruginosa UCBPP-PA14,GSM7985299,,,,,,,no,,,,,"HUNG LAB, MOLECULAR BIOLOGY, MASSACHUSETTS GENERAL HOSPITAL",SRA1772980,,public,5DC81E1DD35C51728DE873341816BFCC,BFDE27B6C5E6FE0C2EC13B456C1D9331
SRR27299787,2024-10-11 21:38:53,2023-12-20 13:34:22,1084161,97493229,1084161,89,38,,https://sra-downloadb.be-md.ncbi.nlm.nih.gov/sos13/sra-pub-zq-1307/SRR027/27299/SRR27299787/SRR27299787.lite.1,SRX22977436,GSM7985300,RNA-Seq,cDNA,TRANSCRIPTOMIC,PAIRED,0,0,ILLUMINA,Illumina NovaSeq 6000,SRP479194,PRJNA1055047,3,1055047,SRS19943063,SAMN38978161,simple,208963,Pseudomonas aeruginosa UCBPP-PA14,GSM7985300,,,,,,,no,,,,,"HUNG LAB, MOLECULAR BIOLOGY, MASSACHUSETTS GENERAL HOSPITAL",SRA1772980,,public,FBFFAD0BA499B94B5DC8542CD2EAB229,3675302647A1DE2257800E803E2F345C
SRR27299786,2024-10-11 21:38:53,2023-12-20 13:34:14,943222,84812871,943222,89,33,,https://sra-downloadb.be-md.ncbi.nlm.nih.gov/sos13/sra-pub-zq-1307/SRR027/27299/SRR27299786/SRR27299786.lite.1,SRX22977437,GSM7985301,RNA-Seq,cDNA,TRANSCRIPTOMIC,PAIRED,0,0,ILLUMINA,Illumina NovaSeq 6000,SRP479194,PRJNA1055047,3,1055047,SRS19943065,SAMN38978160,simple,208963,Pseudomonas aeruginosa UCBPP-PA14,GSM7985301,,,,,,,no,,,,,"HUNG LAB, MOLECULAR BIOLOGY, MASSACHUSETTS GENERAL HOSPITAL",SRA1772980,,public,26761FC841B7560ED5B9702973A2B9C2,36063389DC75574441AFB75390004624
SRR27299785,2024-10-11 21:38:54,2023-12-20 13:34:37,2232501,201226098,2232501,90,78,,https://sra-downloadb.be-md.ncbi.nlm.nih.gov/sos13/sra-pub-zq-1307/SRR027/27299/SRR27299785/SRR27299785.lite.1,SRX22977438,GSM7985302,RNA-Seq,cDNA,TRANSCRIPTOMIC,PAIRED,0,0,ILLUMINA,Illumina NovaSeq 6000,SRP479194,PRJNA1055047,3,1055047,SRS19943069,SAMN38978159,simple,208963,Pseudomonas aeruginosa UCBPP-PA14,GSM7985302,,,,,,,no,,,,,"HUNG LAB, MOLECULAR BIOLOGY, MASSACHUSETTS GENERAL HOSPITAL",SRA1772980,,public,9178FBD95682A6DEA65EC4249F9EA005,CBDEEB9881447BAF1620B2F985FCDCA9
SRR27299784,2024-10-11 21:38:54,2023-12-20 13:33:59,582513,52460682,582513,90,20,,https://sra-downloadb.be-md.ncbi.nlm.nih.gov/sos13/sra-pub-zq-1307/SRR027/27299/SRR27299784/SRR27299784.lite.1,SRX22977439,GSM7985303,RNA-Seq,cDNA,TRANSCRIPTOMIC,PAIRED,0,0,ILLUMINA,Illumina NovaSeq 6000,SRP479194,PRJNA1055047,3,1055047,SRS19943067,SAMN38978158,simple,208963,Pseudomonas aeruginosa UCBPP-PA14,GSM7985303,,,,,,,no,,,,,"HUNG LAB, MOLECULAR BIOLOGY, MASSACHUSETTS GENERAL HOSPITAL",SRA1772980,,public,0018D9EB6F89205104129D9F54A1A621,2763E10E75F5335A85826656C0EF0451
SRR27299783,2024-10-11 21:38:58,2023-12-20 13:34:18,2492194,224686413,2492194,90,87,,https://sra-downloadb.be-md.ncbi.nlm.nih.gov/sos13/sra-pub-zq-1307/SRR027/27299/SRR27299783/SRR27299783.lite.1,SRX22977440,GSM7985336,RNA-Seq,cDNA,TRANSCRIPTOMIC,PAIRED,0,0,ILLUMINA,Illumina NovaSeq 6000,SRP479194,PRJNA1055047,3,1055047,SRS19943066,SAMN38978125,simple,208963,Pseudomonas aeruginosa UCBPP-PA14,GSM7985336,,,,,,,no,,,,,"HUNG LAB, MOLECULAR BIOLOGY, MASSACHUSETTS GENERAL HOSPITAL",SRA1772980,,public,DC4D7FEEBB3EF592946F9EB53F0D6817,A02AB876B76CEC107946BB6F78E07FDE
SRR27299782,2024-10-11 21:38:58,2023-12-20 13:34:43,2545490,229402440,2545490,90,89,,https://sra-downloadb.be-md.ncbi.nlm.nih.gov/sos13/sra-pub-zq-1307/SRR027/27299/SRR27299782/SRR27299782.lite.1,SRX22977441,GSM7985337,RNA-Seq,cDNA,TRANSCRIPTOMIC,PAIRED,0,0,ILLUMINA,Illumina NovaSeq 6000,SRP479194,PRJNA1055047,3,1055047,SRS19943068,SAMN38978124,simple,208963,Pseudomonas aeruginosa UCBPP-PA14,GSM7985337,,,,,,,no,,,,,"HUNG LAB, MOLECULAR BIOLOGY, MASSACHUSETTS GENERAL HOSPITAL",SRA1772980,,public,F96381E7C2A0A577F2ABFD7A3D26EE3E,D28143BE1B4D04E25DE84FC2787664CF
SRR27299781,2024-10-11 21:38:59,2023-12-20 13:34:16,1908686,171600997,1908686,89,66,,https://sra-downloadb.be-md.ncbi.nlm.nih.gov/sos13/sra-pub-zq-1307/SRR027/27299/SRR27299781/SRR27299781.lite.1,SRX22977442,GSM7985338,RNA-Seq,cDNA,TRANSCRIPTOMIC,PAIRED,0,0,ILLUMINA,Illumina NovaSeq 6000,SRP479194,PRJNA1055047,3,1055047,SRS19943071,SAMN38978123,simple,208963,Pseudomonas aeruginosa UCBPP-PA14,GSM7985338,,,,,,,no,,,,,"HUNG LAB, MOLECULAR BIOLOGY, MASSACHUSETTS GENERAL HOSPITAL",SRA1772980,,public,068C0DD438A6865C7941350E4D1ACA12,70A8B1A9836C2343D22FC0FAE1507DC7
SRR27299780,2024-10-11 21:38:59,2023-12-20 13:34:18,1326295,119594712,1326295,90,46,,https://sra-downloadb.be-md.ncbi.nlm.nih.gov/sos13/sra-pub-zq-1307/SRR027/27299/SRR27299780/SRR27299780.lite.1,SRX22977443,GSM7985339,RNA-Seq,cDNA,TRANSCRIPTOMIC,PAIRED,0,0,ILLUMINA,Illumina NovaSeq 6000,SRP479194,PRJNA1055047,3,1055047,SRS19943070,SAMN38978122,simple,208963,Pseudomonas aeruginosa UCBPP-PA14,GSM7985339,,,,,,,no,,,,,"HUNG LAB, MOLECULAR BIOLOGY, MASSACHUSETTS GENERAL HOSPITAL",SRA1772980,,public,26A769FBD6E906CABEAFDA3A497CB281,D4C2CFE91DAF687933B776145709D11C
SRR27299779,2024-10-11 21:38:59,2023-12-20 13:34:05,1137488,102596424,1137488,90,40,,https://sra-downloadb.be-md.ncbi.nlm.nih.gov/sos13/sra-pub-zq-1307/SRR027/27299/SRR27299779/SRR27299779.lite.1,SRX22977444,GSM7985340,RNA-Seq,cDNA,TRANSCRIPTOMIC,PAIRED,0,0,ILLUMINA,Illumina NovaSeq 6000,SRP479194,PRJNA1055047,3,1055047,SRS19943073,SAMN38978121,simple,208963,Pseudomonas aeruginosa UCBPP-PA14,GSM7985340,,,,,,,no,,,,,"HUNG LAB, MOLECULAR BIOLOGY, MASSACHUSETTS GENERAL HOSPITAL",SRA1772980,,public,31741F4D67AF2825E6F56F7B3C9A4A66,DA253E0766E76325A3A4CD252BF303DB
SRR27299778,2024-10-11 21:38:59,2023-12-20 13:34:21,1358403,122413348,1358403,90,47,,https://sra-downloadb.be-md.ncbi.nlm.nih.gov/sos13/sra-pub-zq-1307/SRR027/27299/SRR27299778/SRR27299778.lite.1,SRX22977445,GSM7985341,RNA-Seq,cDNA,TRANSCRIPTOMIC,PAIRED,0,0,ILLUMINA,Illumina NovaSeq 6000,SRP479194,PRJNA1055047,3,1055047,SRS19943072,SAMN38978120,simple,208963,Pseudomonas aeruginosa UCBPP-PA14,GSM7985341,,,,,,,no,,,,,"HUNG LAB, MOLECULAR BIOLOGY, MASSACHUSETTS GENERAL HOSPITAL",SRA1772980,,public,DCED33DFFAC4F71564F7BB7AC61B8741,AF9B8E9695F9C2AA59958B9D8997F6BE
SRR27299777,2024-10-11 21:38:59,2023-12-20 13:35:38,10701037,966750694,10701037,90,374,,https://sra-downloadb.be-md.ncbi.nlm.nih.gov/sos13/sra-pub-zq-1307/SRR027/27299/SRR27299777/SRR27299777.lite.1,SRX22977446,GSM7985342,RNA-Seq,cDNA,TRANSCRIPTOMIC,PAIRED,0,0,ILLUMINA,Illumina NovaSeq 6000,SRP479194,PRJNA1055047,3,1055047,SRS19943075,SAMN38978119,simple,208963,Pseudomonas aeruginosa UCBPP-PA14,GSM7985342,,,,,,,no,,,,,"HUNG LAB, MOLECULAR BIOLOGY, MASSACHUSETTS GENERAL HOSPITAL",SRA1772980,,public,66BE2B7622DAF92684516DAB948FA398,548D69728E223BD36DED02A19F15254C
SRR27299775,2024-10-11 21:38:59,2023-12-20 13:35:30,6978618,630084246,6978618,90,242,,https://sra-downloadb.be-md.ncbi.nlm.nih.gov/sos13/sra-pub-zq-1307/SRR027/27299/SRR27299775/SRR27299775.lite.1,SRX22977447,GSM7985343,RNA-Seq,cDNA,TRANSCRIPTOMIC,PAIRED,0,0,ILLUMINA,Illumina NovaSeq 6000,SRP479194,PRJNA1055047,3,1055047,SRS19943074,SAMN38978118,simple,208963,Pseudomonas aeruginosa UCBPP-PA14,GSM7985343,,,,,,,no,,,,,"HUNG LAB, MOLECULAR BIOLOGY, MASSACHUSETTS GENERAL HOSPITAL",SRA1772980,,public,4E598CF9561A609CEEAAF520B80A52AB,C20EFB842ADC9E1AC12C7F4D6E464EF6
SRR27299774,2024-10-11 21:38:59,2023-12-20 13:35:09,7817063,703941154,7817063,90,271,,https://sra-downloadb.be-md.ncbi.nlm.nih.gov/sos13/sra-pub-zq-1307/SRR027/27299/SRR27299774/SRR27299774.lite.1,SRX22977448,GSM7985344,RNA-Seq,cDNA,TRANSCRIPTOMIC,PAIRED,0,0,ILLUMINA,Illumina NovaSeq 6000,SRP479194,PRJNA1055047,3,1055047,SRS19943076,SAMN38978117,simple,208963,Pseudomonas aeruginosa UCBPP-PA14,GSM7985344,,,,,,,no,,,,,"HUNG LAB, MOLECULAR BIOLOGY, MASSACHUSETTS GENERAL HOSPITAL",SRA1772980,,public,0ED8013179695609934E6B315B3BA945,35C588D8CF3AF8BE231E73ACAB804207
SRR27299773,2024-10-11 21:38:59,2023-12-20 13:34:47,6733626,607256376,6733626,90,239,,https://sra-downloadb.be-md.ncbi.nlm.nih.gov/sos13/sra-pub-zq-1307/SRR027/27299/SRR27299773/SRR27299773.lite.1,SRX22977449,GSM7985345,RNA-Seq,cDNA,TRANSCRIPTOMIC,PAIRED,0,0,ILLUMINA,Illumina NovaSeq 6000,SRP479194,PRJNA1055047,3,1055047,SRS19943077,SAMN38978116,simple,208963,Pseudomonas aeruginosa UCBPP-PA14,GSM7985345,,,,,,,no,,,,,"HUNG LAB, MOLECULAR BIOLOGY, MASSACHUSETTS GENERAL HOSPITAL",SRA1772980,,public,47BFDC8BA522769C8DF895B7DD751EAB,2A74571D6BFDCEBBC2710C7AC658AACE
SRR27299772,2024-10-11 21:38:59,2023-12-20 13:35:08,5205486,469043613,5205486,90,182,,https://sra-downloadb.be-md.ncbi.nlm.nih.gov/sos13/sra-pub-zq-1307/SRR027/27299/SRR27299772/SRR27299772.lite.1,SRX22977450,GSM7985346,RNA-Seq,cDNA,TRANSCRIPTOMIC,PAIRED,0,0,ILLUMINA,Illumina NovaSeq 6000,SRP479194,PRJNA1055047,3,1055047,SRS19943078,SAMN38978115,simple,208963,Pseudomonas aeruginosa UCBPP-PA14,GSM7985346,,,,,,,no,,,,,"HUNG LAB, MOLECULAR BIOLOGY, MASSACHUSETTS GENERAL HOSPITAL",SRA1772980,,public,F0AF1F023FF0FA4A3554AE3D65A9640D,CB35EBB6A228008FCA23814463BDF5D8
SRR27299770,2024-10-11 21:39:00,2023-12-20 13:35:02,4758983,429786175,4758983,90,165,,https://sra-downloadb.be-md.ncbi.nlm.nih.gov/sos13/sra-pub-zq-1307/SRR027/27299/SRR27299770/SRR27299770.lite.1,SRX22977451,GSM7985347,RNA-Seq,cDNA,TRANSCRIPTOMIC,PAIRED,0,0,ILLUMINA,Illumina NovaSeq 6000,SRP479194,PRJNA1055047,3,1055047,SRS19943079,SAMN38978114,simple,208963,Pseudomonas aeruginosa UCBPP-PA14,GSM7985347,,,,,,,no,,,,,"HUNG LAB, MOLECULAR BIOLOGY, MASSACHUSETTS GENERAL HOSPITAL",SRA1772980,,public,F8F68A68E28B9D8A8C8C082E289EB284,7E37981202D63067609A58EA42BA2721
SRR27299769,2024-10-11 21:39:00,2023-12-20 13:35:18,7347603,662278240,7347603,90,258,,https://sra-downloadb.be-md.ncbi.nlm.nih.gov/sos13/sra-pub-zq-1307/SRR027/27299/SRR27299769/SRR27299769.lite.1,SRX22977452,GSM7985348,RNA-Seq,cDNA,TRANSCRIPTOMIC,PAIRED,0,0,ILLUMINA,Illumina NovaSeq 6000,SRP479194,PRJNA1055047,3,1055047,SRS19943080,SAMN38978113,simple,208963,Pseudomonas aeruginosa UCBPP-PA14,GSM7985348,,,,,,,no,,,,,"HUNG LAB, MOLECULAR BIOLOGY, MASSACHUSETTS GENERAL HOSPITAL",SRA1772980,,public,826DB2C0016EA66446AB8E2B5E3E80ED,2C71B6A3F3C6085277C303ECD945F9E0
SRR27299768,2024-10-11 21:39:00,2023-12-20 13:33:46,3002056,270225221,3002056,90,104,,https://sra-downloadb.be-md.ncbi.nlm.nih.gov/sos13/sra-pub-zq-1307/SRR027/27299/SRR27299768/SRR27299768.lite.1,SRX22977453,GSM7985349,RNA-Seq,cDNA,TRANSCRIPTOMIC,PAIRED,0,0,ILLUMINA,Illumina NovaSeq 6000,SRP479194,PRJNA1055047,3,1055047,SRS19943082,SAMN38978112,simple,208963,Pseudomonas aeruginosa UCBPP-PA14,GSM7985349,,,,,,,no,,,,,"HUNG LAB, MOLECULAR BIOLOGY, MASSACHUSETTS GENERAL HOSPITAL",SRA1772980,,public,DD8B40B222FCED31AE253C36C8E276E3,283CC853B382A35D0227FFF293D46710
SRR27299767,2024-10-11 21:39:00,2023-12-20 13:33:59,4911486,444276190,4911486,90,172,,https://sra-downloadb.be-md.ncbi.nlm.nih.gov/sos13/sra-pub-zq-1307/SRR027/27299/SRR27299767/SRR27299767.lite.1,SRX22977454,GSM7985350,RNA-Seq,cDNA,TRANSCRIPTOMIC,PAIRED,0,0,ILLUMINA,Illumina NovaSeq 6000,SRP479194,PRJNA1055047,3,1055047,SRS19943081,SAMN38978111,simple,208963,Pseudomonas aeruginosa UCBPP-PA14,GSM7985350,,,,,,,no,,,,,"HUNG LAB, MOLECULAR BIOLOGY, MASSACHUSETTS GENERAL HOSPITAL",SRA1772980,,public,28575A99EDDC71C6F667EC5FBB2C3945,8239F156AA81D94D062683B9586DF942
SRR27299766,2024-10-11 21:39:00,2023-12-20 13:34:19,1123704,101304706,1123704,90,39,,https://sra-downloadb.be-md.ncbi.nlm.nih.gov/sos13/sra-pub-zq-1307/SRR027/27299/SRR27299766/SRR27299766.lite.1,SRX22977455,GSM7985351,RNA-Seq,cDNA,TRANSCRIPTOMIC,PAIRED,0,0,ILLUMINA,Illumina NovaSeq 6000,SRP479194,PRJNA1055047,3,1055047,SRS19943084,SAMN38978110,simple,208963,Pseudomonas aeruginosa UCBPP-PA14,GSM7985351,,,,,,,no,,,,,"HUNG LAB, MOLECULAR BIOLOGY, MASSACHUSETTS GENERAL HOSPITAL",SRA1772980,,public,390B0A912F0F1444D9E4B3C0AA0FC141,D0EEA119D8E7C8BAD9BABCC2B300B826
SRR27299764,2024-10-11 21:39:14,2023-12-20 13:35:10,6713355,607476391,6713355,90,236,,https://sra-downloadb.be-md.ncbi.nlm.nih.gov/sos13/sra-pub-zq-1307/SRR027/27299/SRR27299764/SRR27299764.lite.1,SRX22977456,GSM7985464,RNA-Seq,cDNA,TRANSCRIPTOMIC,PAIRED,0,0,ILLUMINA,Illumina NovaSeq 6000,SRP479194,PRJNA1055047,3,1055047,SRS19943083,SAMN38977997,simple,208963,Pseudomonas aeruginosa UCBPP-PA14,GSM7985464,,,,,,,no,,,,,"HUNG LAB, MOLECULAR BIOLOGY, MASSACHUSETTS GENERAL HOSPITAL",SRA1772980,,public,293ABA14B27791523190CA3348897A17,07465C7E249ED8C272EA59B52CA1CD22
SRR27299765,2024-10-11 21:39:14,2023-12-20 13:35:22,3418436,307732070,3418436,90,119,,https://sra-downloadb.be-md.ncbi.nlm.nih.gov/sos13/sra-pub-zq-1307/SRR027/27299/SRR27299765/SRR27299765.lite.1,SRX22977456,GSM7985464,RNA-Seq,cDNA,TRANSCRIPTOMIC,PAIRED,0,0,ILLUMINA,Illumina NovaSeq 6000,SRP479194,PRJNA1055047,3,1055047,SRS19943083,SAMN38977997,simple,208963,Pseudomonas aeruginosa UCBPP-PA14,GSM7985464,,,,,,,no,,,,,"HUNG LAB, MOLECULAR BIOLOGY, MASSACHUSETTS GENERAL HOSPITAL",SRA1772980,,public,13FC07E9CA752135184AD1443659FA0F,48158D2B8C071162AD6A24CB7D095EA0
SRR27299763,2024-10-11 21:39:14,2023-12-20 13:33:59,2050087,184845792,2050087,90,72,,https://sra-downloadb.be-md.ncbi.nlm.nih.gov/sos13/sra-pub-zq-1307/SRR027/27299/SRR27299763/SRR27299763.lite.1,SRX22977457,GSM7985465,RNA-Seq,cDNA,TRANSCRIPTOMIC,PAIRED,0,0,ILLUMINA,Illumina NovaSeq 6000,SRP479194,PRJNA1055047,3,1055047,SRS19943085,SAMN38977996,simple,208963,Pseudomonas aeruginosa UCBPP-PA14,GSM7985465,,,,,,,no,,,,,"HUNG LAB, MOLECULAR BIOLOGY, MASSACHUSETTS GENERAL HOSPITAL",SRA1772980,,public,A2292E80E087ADA556F5375E613C1EAF,502B13E64C519022F2FCB3014172EC1E
SRR27299761,2024-10-11 21:39:14,2023-12-20 13:34:19,3051934,274776692,3051934,90,106,,https://sra-downloadb.be-md.ncbi.nlm.nih.gov/sos13/sra-pub-zq-1307/SRR027/27299/SRR27299761/SRR27299761.lite.1,SRX22977458,GSM7985466,RNA-Seq,cDNA,TRANSCRIPTOMIC,PAIRED,0,0,ILLUMINA,Illumina NovaSeq 6000,SRP479194,PRJNA1055047,3,1055047,SRS19943086,SAMN38977995,simple,208963,Pseudomonas aeruginosa UCBPP-PA14,GSM7985466,,,,,,,no,,,,,"HUNG LAB, MOLECULAR BIOLOGY, MASSACHUSETTS GENERAL HOSPITAL",SRA1772980,,public,826DE4C5FBB6540B9C6C080E74F43676,FBAE6FB3DC7C29591ED63DF4FF449FAC
SRR27299762,2024-10-11 21:39:14,2023-12-20 13:34:05,5660491,510401607,5660491,90,198,,https://sra-downloadb.be-md.ncbi.nlm.nih.gov/sos13/sra-pub-zq-1307/SRR027/27299/SRR27299762/SRR27299762.lite.1,SRX22977458,GSM7985466,RNA-Seq,cDNA,TRANSCRIPTOMIC,PAIRED,0,0,ILLUMINA,Illumina NovaSeq 6000,SRP479194,PRJNA1055047,3,1055047,SRS19943086,SAMN38977995,simple,208963,Pseudomonas aeruginosa UCBPP-PA14,GSM7985466,,,,,,,no,,,,,"HUNG LAB, MOLECULAR BIOLOGY, MASSACHUSETTS GENERAL HOSPITAL",SRA1772980,,public,B11728CC4A2FC5B716EFD06FDBF54E21,1B072A9936F37A2649DE9FEFA39F8B7C
SRR27299760,2024-10-11 21:39:15,2023-12-20 13:35:05,5282363,475882499,5282363,90,184,,https://sra-downloadb.be-md.ncbi.nlm.nih.gov/sos13/sra-pub-zq-1307/SRR027/27299/SRR27299760/SRR27299760.lite.1,SRX22977459,GSM7985467,RNA-Seq,cDNA,TRANSCRIPTOMIC,PAIRED,0,0,ILLUMINA,Illumina NovaSeq 6000,SRP479194,PRJNA1055047,3,1055047,SRS19943089,SAMN38977994,simple,208963,Pseudomonas aeruginosa UCBPP-PA14,GSM7985467,,,,,,,no,,,,,"HUNG LAB, MOLECULAR BIOLOGY, MASSACHUSETTS GENERAL HOSPITAL",SRA1772980,,public,003795ABAAA0CEE5684EFCD02A52506C,67B2331B56A1F9C6495C2ED5E29FFE5B
SRR27299682,2024-10-11 21:39:15,2023-12-20 13:34:19,2507861,226095219,2507861,90,87,,https://sra-downloadb.be-md.ncbi.nlm.nih.gov/sos13/sra-pub-zq-1307/SRR027/27299/SRR27299682/SRR27299682.lite.1,SRX22977459,GSM7985467,RNA-Seq,cDNA,TRANSCRIPTOMIC,PAIRED,0,0,ILLUMINA,Illumina NovaSeq 6000,SRP479194,PRJNA1055047,3,1055047,SRS19943089,SAMN38977994,simple,208963,Pseudomonas aeruginosa UCBPP-PA14,GSM7985467,,,,,,,no,,,,,"HUNG LAB, MOLECULAR BIOLOGY, MASSACHUSETTS GENERAL HOSPITAL",SRA1772980,,public,37008A7CB003AF36214BC9E1E2669C2A,8B6F909847C195A512B68C5309848F86
SRR27299759,2024-10-11 21:39:15,2023-12-20 13:34:36,3675137,331480456,3675137,90,126,,https://sra-downloadb.be-md.ncbi.nlm.nih.gov/sos13/sra-pub-zq-1307/SRR027/27299/SRR27299759/SRR27299759.lite.1,SRX22977460,GSM7985468,RNA-Seq,cDNA,TRANSCRIPTOMIC,PAIRED,0,0,ILLUMINA,Illumina NovaSeq 6000,SRP479194,PRJNA1055047,3,1055047,SRS19943087,SAMN38977993,simple,208963,Pseudomonas aeruginosa UCBPP-PA14,GSM7985468,,,,,,,no,,,,,"HUNG LAB, MOLECULAR BIOLOGY, MASSACHUSETTS GENERAL HOSPITAL",SRA1772980,,public,8E0D1029174E13D7071E206E6EFF86F5,6E69CB542B58ECFAE7A11D02553A118F
SRR27299758,2024-10-11 21:39:15,2023-12-20 13:34:38,2511284,226417700,2511284,90,86,,https://sra-downloadb.be-md.ncbi.nlm.nih.gov/sos13/sra-pub-zq-1307/SRR027/27299/SRR27299758/SRR27299758.lite.1,SRX22977461,GSM7985469,RNA-Seq,cDNA,TRANSCRIPTOMIC,PAIRED,0,0,ILLUMINA,Illumina NovaSeq 6000,SRP479194,PRJNA1055047,3,1055047,SRS19943088,SAMN38977992,simple,208963,Pseudomonas aeruginosa UCBPP-PA14,GSM7985469,,,,,,,no,,,,,"HUNG LAB, MOLECULAR BIOLOGY, MASSACHUSETTS GENERAL HOSPITAL",SRA1772980,,public,471A89B01A4B6702F8ADE928A663A3C3,88562888B3EB7E9752AC2BA8DD48E78A
SRR27299757,2024-10-11 21:39:15,2023-12-20 13:33:45,2898687,261397867,2898687,90,99,,https://sra-downloadb.be-md.ncbi.nlm.nih.gov/sos13/sra-pub-zq-1307/SRR027/27299/SRR27299757/SRR27299757.lite.1,SRX22977462,GSM7985470,RNA-Seq,cDNA,TRANSCRIPTOMIC,PAIRED,0,0,ILLUMINA,Illumina NovaSeq 6000,SRP479194,PRJNA1055047,3,1055047,SRS19943092,SAMN38977991,simple,208963,Pseudomonas aeruginosa UCBPP-PA14,GSM7985470,,,,,,,no,,,,,"HUNG LAB, MOLECULAR BIOLOGY, MASSACHUSETTS GENERAL HOSPITAL",SRA1772980,,public,420BB30A24BF28B212405F384D3B303A,CA200F1FBDFEDD20EA731B8AC06C2073
SRR27299756,2024-10-11 21:39:15,2023-12-20 13:34:09,1656906,149878778,1656906,90,56,,https://sra-downloadb.be-md.ncbi.nlm.nih.gov/sos13/sra-pub-zq-1307/SRR027/27299/SRR27299756/SRR27299756.lite.1,SRX22977463,GSM7985471,RNA-Seq,cDNA,TRANSCRIPTOMIC,PAIRED,0,0,ILLUMINA,Illumina NovaSeq 6000,SRP479194,PRJNA1055047,3,1055047,SRS19943090,SAMN38977990,simple,208963,Pseudomonas aeruginosa UCBPP-PA14,GSM7985471,,,,,,,no,,,,,"HUNG LAB, MOLECULAR BIOLOGY, MASSACHUSETTS GENERAL HOSPITAL",SRA1772980,,public,F3F0E2DFDBA7148EAC96C1427D10F05C,11E9EDB97D705E5C8DACD5BD1CA6BF65
SRR27299755,2024-10-11 21:39:15,2023-12-20 13:33:41,2202289,199177965,2202289,90,74,,https://sra-downloadb.be-md.ncbi.nlm.nih.gov/sos13/sra-pub-zq-1307/SRR027/27299/SRR27299755/SRR27299755.lite.1,SRX22977464,GSM7985472,RNA-Seq,cDNA,TRANSCRIPTOMIC,PAIRED,0,0,ILLUMINA,Illumina NovaSeq 6000,SRP479194,PRJNA1055047,3,1055047,SRS19943091,SAMN38977989,simple,208963,Pseudomonas aeruginosa UCBPP-PA14,GSM7985472,,,,,,,no,,,,,"HUNG LAB, MOLECULAR BIOLOGY, MASSACHUSETTS GENERAL HOSPITAL",SRA1772980,,public,7D469A2706DEF67AF440D3D98F967025,72BA64E2C90304188CBA467DBDADD2C4
SRR27299754,2024-10-11 21:39:15,2023-12-20 13:34:38,2558329,231425141,2558329,90,86,,https://sra-downloadb.be-md.ncbi.nlm.nih.gov/sos13/sra-pub-zq-1307/SRR027/27299/SRR27299754/SRR27299754.lite.1,SRX22977465,GSM7985473,RNA-Seq,cDNA,TRANSCRIPTOMIC,PAIRED,0,0,ILLUMINA,Illumina NovaSeq 6000,SRP479194,PRJNA1055047,3,1055047,SRS19943093,SAMN38977988,simple,208963,Pseudomonas aeruginosa UCBPP-PA14,GSM7985473,,,,,,,no,,,,,"HUNG LAB, MOLECULAR BIOLOGY, MASSACHUSETTS GENERAL HOSPITAL",SRA1772980,,public,6FBBCE149946ECC66A3A97FE2F47FDD3,F069A0342E6B3573BBE4F92ACA7CB2D3
SRR27299753,2024-10-11 21:39:15,2023-12-20 13:34:11,2084687,188895607,2084687,90,72,,https://sra-downloadb.be-md.ncbi.nlm.nih.gov/sos13/sra-pub-zq-1307/SRR027/27299/SRR27299753/SRR27299753.lite.1,SRX22977466,GSM7985474,RNA-Seq,cDNA,TRANSCRIPTOMIC,PAIRED,0,0,ILLUMINA,Illumina NovaSeq 6000,SRP479194,PRJNA1055047,3,1055047,SRS19943094,SAMN38977987,simple,208963,Pseudomonas aeruginosa UCBPP-PA14,GSM7985474,,,,,,,no,,,,,"HUNG LAB, MOLECULAR BIOLOGY, MASSACHUSETTS GENERAL HOSPITAL",SRA1772980,,public,BF759CCEA2919BF4C96E188B4501722C,1ABF59B50951960D6885394743C33543
SRR27299752,2024-10-11 21:39:15,2023-12-20 13:33:39,2463384,223293989,2463384,90,85,,https://sra-downloadb.be-md.ncbi.nlm.nih.gov/sos13/sra-pub-zq-1307/SRR027/27299/SRR27299752/SRR27299752.lite.1,SRX22977467,GSM7985475,RNA-Seq,cDNA,TRANSCRIPTOMIC,PAIRED,0,0,ILLUMINA,Illumina NovaSeq 6000,SRP479194,PRJNA1055047,3,1055047,SRS19943095,SAMN38977986,simple,208963,Pseudomonas aeruginosa UCBPP-PA14,GSM7985475,,,,,,,no,,,,,"HUNG LAB, MOLECULAR BIOLOGY, MASSACHUSETTS GENERAL HOSPITAL",SRA1772980,,public,F6DB6ED322F002FB499C5BC5278F6211,6B0B1AB8232184CAFEA32CF6408B7A13
SRR27299751,2024-10-11 21:39:16,2023-12-20 13:34:23,3553125,322000130,3553125,90,124,,https://sra-downloadb.be-md.ncbi.nlm.nih.gov/sos13/sra-pub-zq-1307/SRR027/27299/SRR27299751/SRR27299751.lite.1,SRX22977468,GSM7985476,RNA-Seq,cDNA,TRANSCRIPTOMIC,PAIRED,0,0,ILLUMINA,Illumina NovaSeq 6000,SRP479194,PRJNA1055047,3,1055047,SRS19943096,SAMN38977985,simple,208963,Pseudomonas aeruginosa UCBPP-PA14,GSM7985476,,,,,,,no,,,,,"HUNG LAB, MOLECULAR BIOLOGY, MASSACHUSETTS GENERAL HOSPITAL",SRA1772980,,public,95669A1297D9E8D5C0CF1A7C4D8FD78F,3F0595BDEFAB08E598659A7E31C300C7
SRR27299749,2024-10-11 21:39:16,2023-12-20 13:34:14,7522291,681764618,7522291,90,259,,https://sra-downloadb.be-md.ncbi.nlm.nih.gov/sos13/sra-pub-zq-1307/SRR027/27299/SRR27299749/SRR27299749.lite.1,SRX22977469,GSM7985477,RNA-Seq,cDNA,TRANSCRIPTOMIC,PAIRED,0,0,ILLUMINA,Illumina NovaSeq 6000,SRP479194,PRJNA1055047,3,1055047,SRS19943100,SAMN38977984,simple,208963,Pseudomonas aeruginosa UCBPP-PA14,GSM7985477,,,,,,,no,,,,,"HUNG LAB, MOLECULAR BIOLOGY, MASSACHUSETTS GENERAL HOSPITAL",SRA1772980,,public,ECD9A304954505B239A0D72286459F98,1EC5E522CEB7928DEF16495CFE66F2CD
SRR27299750,2024-10-11 21:39:16,2023-12-20 13:34:52,4626854,417987588,4626854,90,155,,https://sra-downloadb.be-md.ncbi.nlm.nih.gov/sos13/sra-pub-zq-1307/SRR027/27299/SRR27299750/SRR27299750.lite.1,SRX22977469,GSM7985477,RNA-Seq,cDNA,TRANSCRIPTOMIC,PAIRED,0,0,ILLUMINA,Illumina NovaSeq 6000,SRP479194,PRJNA1055047,3,1055047,SRS19943100,SAMN38977984,simple,208963,Pseudomonas aeruginosa UCBPP-PA14,GSM7985477,,,,,,,no,,,,,"HUNG LAB, MOLECULAR BIOLOGY, MASSACHUSETTS GENERAL HOSPITAL",SRA1772980,,public,D95B12390E13A14ECC502D27B55F97C9,1A21116851D625960EA1C0BD28E75812
SRR27299747,2024-10-11 21:39:16,2023-12-20 13:34:36,3794813,343836595,3794813,90,129,,https://sra-downloadb.be-md.ncbi.nlm.nih.gov/sos13/sra-pub-zq-1307/SRR027/27299/SRR27299747/SRR27299747.lite.1,SRX22977470,GSM7985478,RNA-Seq,cDNA,TRANSCRIPTOMIC,PAIRED,0,0,ILLUMINA,Illumina NovaSeq 6000,SRP479194,PRJNA1055047,3,1055047,SRS19943097,SAMN38977983,simple,208963,Pseudomonas aeruginosa UCBPP-PA14,GSM7985478,,,,,,,no,,,,,"HUNG LAB, MOLECULAR BIOLOGY, MASSACHUSETTS GENERAL HOSPITAL",SRA1772980,,public,C5A134DC8FD74CFDE17D61BC4828E854,8CAC814A977037950898B859ECBF965A
SRR27299748,2024-10-11 21:39:16,2023-12-20 13:34:57,4213100,380634870,4213100,90,141,,https://sra-downloadb.be-md.ncbi.nlm.nih.gov/sos13/sra-pub-zq-1307/SRR027/27299/SRR27299748/SRR27299748.lite.1,SRX22977470,GSM7985478,RNA-Seq,cDNA,TRANSCRIPTOMIC,PAIRED,0,0,ILLUMINA,Illumina NovaSeq 6000,SRP479194,PRJNA1055047,3,1055047,SRS19943097,SAMN38977983,simple,208963,Pseudomonas aeruginosa UCBPP-PA14,GSM7985478,,,,,,,no,,,,,"HUNG LAB, MOLECULAR BIOLOGY, MASSACHUSETTS GENERAL HOSPITAL",SRA1772980,,public,305E8BA8B7C302DEF3CB71C6B4B4CD20,355714ED40CFF82349F7C7E1F66B16C7
SRR27299746,2024-10-11 21:39:16,2023-12-20 13:34:53,4223912,382759196,4223912,90,144,,https://sra-downloadb.be-md.ncbi.nlm.nih.gov/sos13/sra-pub-zq-1307/SRR027/27299/SRR27299746/SRR27299746.lite.1,SRX22977471,GSM7985479,RNA-Seq,cDNA,TRANSCRIPTOMIC,PAIRED,0,0,ILLUMINA,Illumina NovaSeq 6000,SRP479194,PRJNA1055047,3,1055047,SRS19943098,SAMN38977982,simple,208963,Pseudomonas aeruginosa UCBPP-PA14,GSM7985479,,,,,,,no,,,,,"HUNG LAB, MOLECULAR BIOLOGY, MASSACHUSETTS GENERAL HOSPITAL",SRA1772980,,public,3AB40341527BEDB427E549F2D003CFEF,602D0FA6CA815404785B81B19D95679F
SRR27299673,2024-10-11 21:39:16,2023-12-20 13:35:11,3556169,321655429,3556169,90,121,,https://sra-downloadb.be-md.ncbi.nlm.nih.gov/sos13/sra-pub-zq-1307/SRR027/27299/SRR27299673/SRR27299673.lite.1,SRX22977471,GSM7985479,RNA-Seq,cDNA,TRANSCRIPTOMIC,PAIRED,0,0,ILLUMINA,Illumina NovaSeq 6000,SRP479194,PRJNA1055047,3,1055047,SRS19943098,SAMN38977982,simple,208963,Pseudomonas aeruginosa UCBPP-PA14,GSM7985479,,,,,,,no,,,,,"HUNG LAB, MOLECULAR BIOLOGY, MASSACHUSETTS GENERAL HOSPITAL",SRA1772980,,public,5CEF89B05AE3AEB213D790E5BF05FE30,691AEB0556F34F7613754A1D5DD1BB51
SRR27299742,2024-10-11 21:37:46,2023-12-20 13:34:26,3873338,349409585,3873338,90,133,,https://sra-downloadb.be-md.ncbi.nlm.nih.gov/sos13/sra-pub-zq-1307/SRR027/27299/SRR27299742/SRR27299742.lite.1,SRX22977472,GSM7985560,RNA-Seq,cDNA,TRANSCRIPTOMIC,PAIRED,0,0,ILLUMINA,Illumina NovaSeq 6000,SRP479194,PRJNA1055047,3,1055047,SRS19943099,SAMN38977901,simple,208963,Pseudomonas aeruginosa UCBPP-PA14,GSM7985560,,,,,,,no,,,,,"HUNG LAB, MOLECULAR BIOLOGY, MASSACHUSETTS GENERAL HOSPITAL",SRA1772980,,public,90AFA699E088A40897376327F50D63C4,98E63D642FA0CA139D9B367EAF6471D7
SRR27299743,2024-10-11 21:37:46,2023-12-20 13:35:13,5882567,532574589,5882567,90,203,,https://sra-downloadb.be-md.ncbi.nlm.nih.gov/sos13/sra-pub-zq-1307/SRR027/27299/SRR27299743/SRR27299743.lite.1,SRX22977472,GSM7985560,RNA-Seq,cDNA,TRANSCRIPTOMIC,PAIRED,0,0,ILLUMINA,Illumina NovaSeq 6000,SRP479194,PRJNA1055047,3,1055047,SRS19943099,SAMN38977901,simple,208963,Pseudomonas aeruginosa UCBPP-PA14,GSM7985560,,,,,,,no,,,,,"HUNG LAB, MOLECULAR BIOLOGY, MASSACHUSETTS GENERAL HOSPITAL",SRA1772980,,public,765647FC938AF7D5B286A57242469272,99E78E542774AD7DE77F393FB8264065
SRR27299744,2024-10-11 21:37:46,2023-12-20 13:34:50,4465178,404144805,4465178,90,155,,https://sra-downloadb.be-md.ncbi.nlm.nih.gov/sos13/sra-pub-zq-1307/SRR027/27299/SRR27299744/SRR27299744.lite.1,SRX22977472,GSM7985560,RNA-Seq,cDNA,TRANSCRIPTOMIC,PAIRED,0,0,ILLUMINA,Illumina NovaSeq 6000,SRP479194,PRJNA1055047,3,1055047,SRS19943099,SAMN38977901,simple,208963,Pseudomonas aeruginosa UCBPP-PA14,GSM7985560,,,,,,,no,,,,,"HUNG LAB, MOLECULAR BIOLOGY, MASSACHUSETTS GENERAL HOSPITAL",SRA1772980,,public,BF0E2B9F261BE6F78C1B769CF266D516,EECBDEB94874C10352FEA0BBC5EBB350
SRR27299745,2024-10-11 21:37:46,2023-12-20 13:35:01,5914300,536705628,5914300,90,202,,https://sra-downloadb.be-md.ncbi.nlm.nih.gov/sos13/sra-pub-zq-1307/SRR027/27299/SRR27299745/SRR27299745.lite.1,SRX22977472,GSM7985560,RNA-Seq,cDNA,TRANSCRIPTOMIC,PAIRED,0,0,ILLUMINA,Illumina NovaSeq 6000,SRP479194,PRJNA1055047,3,1055047,SRS19943099,SAMN38977901,simple,208963,Pseudomonas aeruginosa UCBPP-PA14,GSM7985560,,,,,,,no,,,,,"HUNG LAB, MOLECULAR BIOLOGY, MASSACHUSETTS GENERAL HOSPITAL",SRA1772980,,public,8FFDAE967BB1F12223A3F37704CCD710,BA6EE128A396963939D8AF3E1032BC00
SRR27299738,2024-10-11 21:37:46,2023-12-20 13:34:30,2648269,238794600,2648269,90,91,,https://sra-downloadb.be-md.ncbi.nlm.nih.gov/sos13/sra-pub-zq-1307/SRR027/27299/SRR27299738/SRR27299738.lite.1,SRX22977473,GSM7985561,RNA-Seq,cDNA,TRANSCRIPTOMIC,PAIRED,0,0,ILLUMINA,Illumina NovaSeq 6000,SRP479194,PRJNA1055047,3,1055047,SRS19943101,SAMN38977900,simple,208963,Pseudomonas aeruginosa UCBPP-PA14,GSM7985561,,,,,,,no,,,,,"HUNG LAB, MOLECULAR BIOLOGY, MASSACHUSETTS GENERAL HOSPITAL",SRA1772980,,public,5E29178610DDA2F5DD488BCBD378BEBC,4E38B747EA5AF35875AAAA7EDD285FE2
SRR27299739,2024-10-11 21:37:46,2023-12-20 13:34:46,5192914,470026124,5192914,90,180,,https://sra-downloadb.be-md.ncbi.nlm.nih.gov/sos13/sra-pub-zq-1307/SRR027/27299/SRR27299739/SRR27299739.lite.1,SRX22977473,GSM7985561,RNA-Seq,cDNA,TRANSCRIPTOMIC,PAIRED,0,0,ILLUMINA,Illumina NovaSeq 6000,SRP479194,PRJNA1055047,3,1055047,SRS19943101,SAMN38977900,simple,208963,Pseudomonas aeruginosa UCBPP-PA14,GSM7985561,,,,,,,no,,,,,"HUNG LAB, MOLECULAR BIOLOGY, MASSACHUSETTS GENERAL HOSPITAL",SRA1772980,,public,327841BA9DB7F547988D3C891DDB787F,29C1EC1DEBBDC39F7F09884566517323
SRR27299740,2024-10-11 21:37:47,2023-12-20 13:33:51,3564526,322532322,3564526,90,125,,https://sra-downloadb.be-md.ncbi.nlm.nih.gov/sos13/sra-pub-zq-1307/SRR027/27299/SRR27299740/SRR27299740.lite.1,SRX22977473,GSM7985561,RNA-Seq,cDNA,TRANSCRIPTOMIC,PAIRED,0,0,ILLUMINA,Illumina NovaSeq 6000,SRP479194,PRJNA1055047,3,1055047,SRS19943101,SAMN38977900,simple,208963,Pseudomonas aeruginosa UCBPP-PA14,GSM7985561,,,,,,,no,,,,,"HUNG LAB, MOLECULAR BIOLOGY, MASSACHUSETTS GENERAL HOSPITAL",SRA1772980,,public,69E4668A179EA06879899E72C69D9F69,5B91F7A042AF4A6FE57782C059725665
SRR27299741,2024-10-11 21:37:47,2023-12-20 13:34:23,2247879,203928488,2247879,90,77,,https://sra-downloadb.be-md.ncbi.nlm.nih.gov/sos13/sra-pub-zq-1307/SRR027/27299/SRR27299741/SRR27299741.lite.1,SRX22977473,GSM7985561,RNA-Seq,cDNA,TRANSCRIPTOMIC,PAIRED,0,0,ILLUMINA,Illumina NovaSeq 6000,SRP479194,PRJNA1055047,3,1055047,SRS19943101,SAMN38977900,simple,208963,Pseudomonas aeruginosa UCBPP-PA14,GSM7985561,,,,,,,no,,,,,"HUNG LAB, MOLECULAR BIOLOGY, MASSACHUSETTS GENERAL HOSPITAL",SRA1772980,,public,AB4A14A68DE3A0826556E1561B1F26E5,D793648B4F84CC399231ADFF57CEFC98
SRR27299734,2024-10-11 21:37:47,2023-12-20 13:33:52,2897427,261451070,2897427,90,98,,https://sra-downloadb.be-md.ncbi.nlm.nih.gov/sos13/sra-pub-zq-1307/SRR027/27299/SRR27299734/SRR27299734.lite.1,SRX22977474,GSM7985562,RNA-Seq,cDNA,TRANSCRIPTOMIC,PAIRED,0,0,ILLUMINA,Illumina NovaSeq 6000,SRP479194,PRJNA1055047,3,1055047,SRS19943102,SAMN38977899,simple,208963,Pseudomonas aeruginosa UCBPP-PA14,GSM7985562,,,,,,,no,,,,,"HUNG LAB, MOLECULAR BIOLOGY, MASSACHUSETTS GENERAL HOSPITAL",SRA1772980,,public,0AF418D7858CBE91824C0D37919EF26A,32F2517594896166B4D0EB7CCB79D791
SRR27299735,2024-10-11 21:37:47,2023-12-20 13:34:18,2497089,226019461,2497089,90,87,,https://sra-downloadb.be-md.ncbi.nlm.nih.gov/sos13/sra-pub-zq-1307/SRR027/27299/SRR27299735/SRR27299735.lite.1,SRX22977474,GSM7985562,RNA-Seq,cDNA,TRANSCRIPTOMIC,PAIRED,0,0,ILLUMINA,Illumina NovaSeq 6000,SRP479194,PRJNA1055047,3,1055047,SRS19943102,SAMN38977899,simple,208963,Pseudomonas aeruginosa UCBPP-PA14,GSM7985562,,,,,,,no,,,,,"HUNG LAB, MOLECULAR BIOLOGY, MASSACHUSETTS GENERAL HOSPITAL",SRA1772980,,public,E237CD632F25AB66FACF131C48DD088C,55BF64BD509931059E55BC7B8EBEAFB6
SRR27299736,2024-10-11 21:37:47,2023-12-20 13:33:54,3860149,349549909,3860149,90,134,,https://sra-downloadb.be-md.ncbi.nlm.nih.gov/sos13/sra-pub-zq-1307/SRR027/27299/SRR27299736/SRR27299736.lite.1,SRX22977474,GSM7985562,RNA-Seq,cDNA,TRANSCRIPTOMIC,PAIRED,0,0,ILLUMINA,Illumina NovaSeq 6000,SRP479194,PRJNA1055047,3,1055047,SRS19943102,SAMN38977899,simple,208963,Pseudomonas aeruginosa UCBPP-PA14,GSM7985562,,,,,,,no,,,,,"HUNG LAB, MOLECULAR BIOLOGY, MASSACHUSETTS GENERAL HOSPITAL",SRA1772980,,public,A9F09240FE03475060836C1087CAFF14,CFEEEBF9DC0B249F20EF0632635076A8
SRR27299737,2024-10-11 21:37:47,2023-12-20 13:35:00,7466480,677583983,7466480,90,258,,https://sra-downloadb.be-md.ncbi.nlm.nih.gov/sos13/sra-pub-zq-1307/SRR027/27299/SRR27299737/SRR27299737.lite.1,SRX22977474,GSM7985562,RNA-Seq,cDNA,TRANSCRIPTOMIC,PAIRED,0,0,ILLUMINA,Illumina NovaSeq 6000,SRP479194,PRJNA1055047,3,1055047,SRS19943102,SAMN38977899,simple,208963,Pseudomonas aeruginosa UCBPP-PA14,GSM7985562,,,,,,,no,,,,,"HUNG LAB, MOLECULAR BIOLOGY, MASSACHUSETTS GENERAL HOSPITAL",SRA1772980,,public,017FE42B98F134BE2F97FE6182C64655,7956C80B5D6148F7217059EA6D96BC29
SRR27299733,2024-10-11 21:37:47,2023-12-20 13:35:04,9320982,841078289,9320982,90,321,,https://sra-downloadb.be-md.ncbi.nlm.nih.gov/sos13/sra-pub-zq-1307/SRR027/27299/SRR27299733/SRR27299733.lite.1,SRX22977475,GSM7985563,RNA-Seq,cDNA,TRANSCRIPTOMIC,PAIRED,0,0,ILLUMINA,Illumina NovaSeq 6000,SRP479194,PRJNA1055047,3,1055047,SRS19943103,SAMN38977898,simple,208963,Pseudomonas aeruginosa UCBPP-PA14,GSM7985563,,,,,,,no,,,,,"HUNG LAB, MOLECULAR BIOLOGY, MASSACHUSETTS GENERAL HOSPITAL",SRA1772980,,public,5DEC8ACC3086BC688643DD18343297FA,A9470BC0F8B0DEA7B27BCCF762FCE8CC
SRR27299732,2024-10-11 21:37:47,2023-12-20 13:35:14,7234203,652812362,7234203,90,249,,https://sra-downloadb.be-md.ncbi.nlm.nih.gov/sos13/sra-pub-zq-1307/SRR027/27299/SRR27299732/SRR27299732.lite.1,SRX22977476,GSM7985564,RNA-Seq,cDNA,TRANSCRIPTOMIC,PAIRED,0,0,ILLUMINA,Illumina NovaSeq 6000,SRP479194,PRJNA1055047,3,1055047,SRS19943104,SAMN38977897,simple,208963,Pseudomonas aeruginosa UCBPP-PA14,GSM7985564,,,,,,,no,,,,,"HUNG LAB, MOLECULAR BIOLOGY, MASSACHUSETTS GENERAL HOSPITAL",SRA1772980,,public,50A29AD1ECCCCF4EC1B9D991C741E4F9,DB50E672CBD269F6F342926ACEB2D0C1
SRR27299731,2024-10-11 21:37:47,2023-12-20 13:36:14,10851340,978398000,10851340,90,379,,https://sra-downloadb.be-md.ncbi.nlm.nih.gov/sos13/sra-pub-zq-1307/SRR027/27299/SRR27299731/SRR27299731.lite.1,SRX22977477,GSM7985565,RNA-Seq,cDNA,TRANSCRIPTOMIC,PAIRED,0,0,ILLUMINA,Illumina NovaSeq 6000,SRP479194,PRJNA1055047,3,1055047,SRS19943105,SAMN38977896,simple,208963,Pseudomonas aeruginosa UCBPP-PA14,GSM7985565,,,,,,,no,,,,,"HUNG LAB, MOLECULAR BIOLOGY, MASSACHUSETTS GENERAL HOSPITAL",SRA1772980,,public,AF2D2D6C2D62F92A2E49209BD9078A7B,CF84E55FD1DB278643FD4B6D6A494A9B
SRR27299729,2024-10-11 21:37:47,2023-12-20 13:35:07,6276391,568472233,6276391,90,214,,https://sra-downloadb.be-md.ncbi.nlm.nih.gov/sos13/sra-pub-zq-1307/SRR027/27299/SRR27299729/SRR27299729.lite.1,SRX22977479,GSM7985567,RNA-Seq,cDNA,TRANSCRIPTOMIC,PAIRED,0,0,ILLUMINA,Illumina NovaSeq 6000,SRP479194,PRJNA1055047,3,1055047,SRS19943107,SAMN38977894,simple,208963,Pseudomonas aeruginosa UCBPP-PA14,GSM7985567,,,,,,,no,,,,,"HUNG LAB, MOLECULAR BIOLOGY, MASSACHUSETTS GENERAL HOSPITAL",SRA1772980,,public,51BDB4A72942971BA3FAA060DA79D25D,CD4AA89A8E31B6A5D9C0926F1496C5B7
SRR27299728,2024-10-11 21:37:47,2023-12-20 13:35:03,5689373,515033104,5689373,90,195,,https://sra-downloadb.be-md.ncbi.nlm.nih.gov/sos13/sra-pub-zq-1307/SRR027/27299/SRR27299728/SRR27299728.lite.1,SRX22977480,GSM7985568,RNA-Seq,cDNA,TRANSCRIPTOMIC,PAIRED,0,0,ILLUMINA,Illumina NovaSeq 6000,SRP479194,PRJNA1055047,3,1055047,SRS19943106,SAMN38977893,simple,208963,Pseudomonas aeruginosa UCBPP-PA14,GSM7985568,,,,,,,no,,,,,"HUNG LAB, MOLECULAR BIOLOGY, MASSACHUSETTS GENERAL HOSPITAL",SRA1772980,,public,C99AAC7CB437A26D8B1E51FCB92B4A1F,6C7B8E5B65D130B3B143B53A7D6D1DDD
SRR27299896,2024-10-11 21:39:18,2023-12-20 13:35:01,7267483,656650267,7267483,90,262,,https://sra-downloadb.be-md.ncbi.nlm.nih.gov/sos13/sra-pub-zq-1307/SRR027/27299/SRR27299896/SRR27299896.lite.1,SRX22977342,GSM7985048,RNA-Seq,cDNA,TRANSCRIPTOMIC,PAIRED,0,0,ILLUMINA,Illumina NovaSeq 6000,SRP479194,PRJNA1055047,3,1055047,SRS19942971,SAMN38978413,simple,208963,Pseudomonas aeruginosa UCBPP-PA14,GSM7985048,,,,,,,no,,,,,"HUNG LAB, MOLECULAR BIOLOGY, MASSACHUSETTS GENERAL HOSPITAL",SRA1772980,,public,268A11D9AEDA00561FD0AAB751445EA2,AE73402C10D792B21F917CD63458E224
SRR27299894,2024-10-11 21:37:53,2023-12-20 13:35:16,8652947,779214880,8652947,90,311,,https://sra-downloadb.be-md.ncbi.nlm.nih.gov/sos13/sra-pub-zq-1307/SRR027/27299/SRR27299894/SRR27299894.lite.1,SRX22977344,GSM7985064,RNA-Seq,cDNA,TRANSCRIPTOMIC,PAIRED,0,0,ILLUMINA,Illumina NovaSeq 6000,SRP479194,PRJNA1055047,3,1055047,SRS19942973,SAMN38978397,simple,208963,Pseudomonas aeruginosa UCBPP-PA14,GSM7985064,,,,,,,no,,,,,"HUNG LAB, MOLECULAR BIOLOGY, MASSACHUSETTS GENERAL HOSPITAL",SRA1772980,,public,8A0EC0297E6AD29509BC817CB4D6F4E6,443122CF128A0BDC3AAF106A25C0D9B8
SRR27299892,2024-10-11 21:37:54,2023-12-20 13:36:27,15885567,1437406670,15885567,90,571,,https://sra-downloadb.be-md.ncbi.nlm.nih.gov/sos13/sra-pub-zq-1307/SRR027/27299/SRR27299892/SRR27299892.lite.1,SRX22977345,GSM7985065,RNA-Seq,cDNA,TRANSCRIPTOMIC,PAIRED,0,0,ILLUMINA,Illumina NovaSeq 6000,SRP479194,PRJNA1055047,3,1055047,SRS19942972,SAMN38978396,simple,208963,Pseudomonas aeruginosa UCBPP-PA14,GSM7985065,,,,,,,no,,,,,"HUNG LAB, MOLECULAR BIOLOGY, MASSACHUSETTS GENERAL HOSPITAL",SRA1772980,,public,9BA98EAC893892AE776CE52A97B63633,911D949E57E8B4F5F644D5A586EFF1ED
SRR27299890,2024-10-11 21:37:55,2023-12-20 13:37:21,12171584,1099337896,12171584,90,440,,https://sra-downloadb.be-md.ncbi.nlm.nih.gov/sos13/sra-pub-zq-1307/SRR027/27299/SRR27299890/SRR27299890.lite.1,SRX22977346,GSM7985066,RNA-Seq,cDNA,TRANSCRIPTOMIC,PAIRED,0,0,ILLUMINA,Illumina NovaSeq 6000,SRP479194,PRJNA1055047,3,1055047,SRS19942974,SAMN38978395,simple,208963,Pseudomonas aeruginosa UCBPP-PA14,GSM7985066,,,,,,,no,,,,,"HUNG LAB, MOLECULAR BIOLOGY, MASSACHUSETTS GENERAL HOSPITAL",SRA1772980,,public,D22B8EEF5F824F8051067BC6F44247C0,782B5F9F0C613064D0842DA8D4126C5B
SRR27299891,2024-10-11 21:37:55,2023-12-20 13:36:35,10090102,911201696,10090102,90,367,,https://sra-downloadb.be-md.ncbi.nlm.nih.gov/sos13/sra-pub-zq-1307/SRR027/27299/SRR27299891/SRR27299891.lite.1,SRX22977346,GSM7985066,RNA-Seq,cDNA,TRANSCRIPTOMIC,PAIRED,0,0,ILLUMINA,Illumina NovaSeq 6000,SRP479194,PRJNA1055047,3,1055047,SRS19942974,SAMN38978395,simple,208963,Pseudomonas aeruginosa UCBPP-PA14,GSM7985066,,,,,,,no,,,,,"HUNG LAB, MOLECULAR BIOLOGY, MASSACHUSETTS GENERAL HOSPITAL",SRA1772980,,public,D003968E39FA634E91C4D6A8F8DA4F29,8EF657B75AF2D3C58A6D6CF46305C278
SRR27299889,2024-10-11 21:37:55,2023-12-20 13:37:24,10785000,976394735,10785000,90,389,,https://sra-downloadb.be-md.ncbi.nlm.nih.gov/sos13/sra-pub-zq-1307/SRR027/27299/SRR27299889/SRR27299889.lite.1,SRX22977347,GSM7985067,RNA-Seq,cDNA,TRANSCRIPTOMIC,PAIRED,0,0,ILLUMINA,Illumina NovaSeq 6000,SRP479194,PRJNA1055047,3,1055047,SRS19942975,SAMN38978394,simple,208963,Pseudomonas aeruginosa UCBPP-PA14,GSM7985067,,,,,,,no,,,,,"HUNG LAB, MOLECULAR BIOLOGY, MASSACHUSETTS GENERAL HOSPITAL",SRA1772980,,public,9A5A98B33169373A0755B026D7FEEBC9,1B7DEA6DE5F8C3AE43ED11DC50AEDAD5
SRR27299912,2024-10-11 21:37:55,2023-12-20 13:36:51,9864154,892468099,9864154,90,354,,https://sra-downloadb.be-md.ncbi.nlm.nih.gov/sos13/sra-pub-zq-1307/SRR027/27299/SRR27299912/SRR27299912.lite.1,SRX22977347,GSM7985067,RNA-Seq,cDNA,TRANSCRIPTOMIC,PAIRED,0,0,ILLUMINA,Illumina NovaSeq 6000,SRP479194,PRJNA1055047,3,1055047,SRS19942975,SAMN38978394,simple,208963,Pseudomonas aeruginosa UCBPP-PA14,GSM7985067,,,,,,,no,,,,,"HUNG LAB, MOLECULAR BIOLOGY, MASSACHUSETTS GENERAL HOSPITAL",SRA1772980,,public,2182919ECD4668D78779C5E929098780,ACE46E38B505A874AADD112B55EA06C6
SRR27299887,2024-10-11 21:37:56,2023-12-20 13:37:03,10006740,905320486,10006740,90,362,,https://sra-downloadb.be-md.ncbi.nlm.nih.gov/sos13/sra-pub-zq-1307/SRR027/27299/SRR27299887/SRR27299887.lite.1,SRX22977348,GSM7985068,RNA-Seq,cDNA,TRANSCRIPTOMIC,PAIRED,0,0,ILLUMINA,Illumina NovaSeq 6000,SRP479194,PRJNA1055047,3,1055047,SRS19942976,SAMN38978393,simple,208963,Pseudomonas aeruginosa UCBPP-PA14,GSM7985068,,,,,,,no,,,,,"HUNG LAB, MOLECULAR BIOLOGY, MASSACHUSETTS GENERAL HOSPITAL",SRA1772980,,public,4CBD9953A03F100A7357134B021A1459,B068D8345A13BC0892BA8B45DC8E526D
SRR27299888,2024-10-11 21:37:56,2023-12-20 13:37:45,13654127,1236019678,13654127,90,494,,https://sra-downloadb.be-md.ncbi.nlm.nih.gov/sos13/sra-pub-zq-1307/SRR027/27299/SRR27299888/SRR27299888.lite.1,SRX22977348,GSM7985068,RNA-Seq,cDNA,TRANSCRIPTOMIC,PAIRED,0,0,ILLUMINA,Illumina NovaSeq 6000,SRP479194,PRJNA1055047,3,1055047,SRS19942976,SAMN38978393,simple,208963,Pseudomonas aeruginosa UCBPP-PA14,GSM7985068,,,,,,,no,,,,,"HUNG LAB, MOLECULAR BIOLOGY, MASSACHUSETTS GENERAL HOSPITAL",SRA1772980,,public,5B8592BAF207D098E32F55799B9C6DE4,C165D27CAD325A02CBA3BE3D26F0FFDD
SRR27299886,2024-10-11 21:37:56,2023-12-20 13:36:20,7073669,636951584,7073669,90,256,,https://sra-downloadb.be-md.ncbi.nlm.nih.gov/sos13/sra-pub-zq-1307/SRR027/27299/SRR27299886/SRR27299886.lite.1,SRX22977349,GSM7985069,RNA-Seq,cDNA,TRANSCRIPTOMIC,PAIRED,0,0,ILLUMINA,Illumina NovaSeq 6000,SRP479194,PRJNA1055047,3,1055047,SRS19942977,SAMN38978392,simple,208963,Pseudomonas aeruginosa UCBPP-PA14,GSM7985069,,,,,,,no,,,,,"HUNG LAB, MOLECULAR BIOLOGY, MASSACHUSETTS GENERAL HOSPITAL",SRA1772980,,public,D500D4DE3BEC40CF683D3F90195B254F,2ACC81CD8EF36CB05202FF6B4DB56905
SRR27299893,2024-10-11 21:37:57,2023-12-20 13:36:22,6357977,572322053,6357977,90,231,,https://sra-downloadb.be-md.ncbi.nlm.nih.gov/sos13/sra-pub-zq-1307/SRR027/27299/SRR27299893/SRR27299893.lite.1,SRX22977349,GSM7985069,RNA-Seq,cDNA,TRANSCRIPTOMIC,PAIRED,0,0,ILLUMINA,Illumina NovaSeq 6000,SRP479194,PRJNA1055047,3,1055047,SRS19942977,SAMN38978392,simple,208963,Pseudomonas aeruginosa UCBPP-PA14,GSM7985069,,,,,,,no,,,,,"HUNG LAB, MOLECULAR BIOLOGY, MASSACHUSETTS GENERAL HOSPITAL",SRA1772980,,public,EB8990178ADB2CE2DFD963C8F5F8E32D,EA05CA14CAEA3182923ACC37D786CBE8
SRR27299884,2024-10-11 21:37:57,2023-12-20 13:36:25,5160813,466747724,5160813,90,187,,https://sra-downloadb.be-md.ncbi.nlm.nih.gov/sos13/sra-pub-zq-1307/SRR027/27299/SRR27299884/SRR27299884.lite.1,SRX22977350,GSM7985070,RNA-Seq,cDNA,TRANSCRIPTOMIC,PAIRED,0,0,ILLUMINA,Illumina NovaSeq 6000,SRP479194,PRJNA1055047,3,1055047,SRS19942978,SAMN38978391,simple,208963,Pseudomonas aeruginosa UCBPP-PA14,GSM7985070,,,,,,,no,,,,,"HUNG LAB, MOLECULAR BIOLOGY, MASSACHUSETTS GENERAL HOSPITAL",SRA1772980,,public,CBE41F81DB61827E2BB3A0A3FC2E87C9,3A056A14B59166E22ECCA6B32FAB0B2C
SRR27299885,2024-10-11 21:37:58,2023-12-20 13:36:39,7156696,647091131,7156696,90,258,,https://sra-downloadb.be-md.ncbi.nlm.nih.gov/sos13/sra-pub-zq-1307/SRR027/27299/SRR27299885/SRR27299885.lite.1,SRX22977350,GSM7985070,RNA-Seq,cDNA,TRANSCRIPTOMIC,PAIRED,0,0,ILLUMINA,Illumina NovaSeq 6000,SRP479194,PRJNA1055047,3,1055047,SRS19942978,SAMN38978391,simple,208963,Pseudomonas aeruginosa UCBPP-PA14,GSM7985070,,,,,,,no,,,,,"HUNG LAB, MOLECULAR BIOLOGY, MASSACHUSETTS GENERAL HOSPITAL",SRA1772980,,public,44CEECB021CE9A9E15A9C8BC21925778,31212FCCF7409144906DBC5E66B393FB
SRR27299883,2024-10-11 21:37:58,2023-12-20 13:35:39,6203079,560573576,6203079,90,225,,https://sra-downloadb.be-md.ncbi.nlm.nih.gov/sos13/sra-pub-zq-1307/SRR027/27299/SRR27299883/SRR27299883.lite.1,SRX22977351,GSM7985071,RNA-Seq,cDNA,TRANSCRIPTOMIC,PAIRED,0,0,ILLUMINA,Illumina NovaSeq 6000,SRP479194,PRJNA1055047,3,1055047,SRS19942979,SAMN38978390,simple,208963,Pseudomonas aeruginosa UCBPP-PA14,GSM7985071,,,,,,,no,,,,,"HUNG LAB, MOLECULAR BIOLOGY, MASSACHUSETTS GENERAL HOSPITAL",SRA1772980,,public,4037868DCE6DCA08EF0ED9DB57FD415C,ED954F648ABF4FD519EAED84C44D45BC
SRR27299881,2024-10-11 21:37:59,2023-12-20 13:36:28,6729222,607990992,6729222,90,243,,https://sra-downloadb.be-md.ncbi.nlm.nih.gov/sos13/sra-pub-zq-1307/SRR027/27299/SRR27299881/SRR27299881.lite.1,SRX22977352,GSM7985072,RNA-Seq,cDNA,TRANSCRIPTOMIC,PAIRED,0,0,ILLUMINA,Illumina NovaSeq 6000,SRP479194,PRJNA1055047,3,1055047,SRS19942980,SAMN38978389,simple,208963,Pseudomonas aeruginosa UCBPP-PA14,GSM7985072,,,,,,,no,,,,,"HUNG LAB, MOLECULAR BIOLOGY, MASSACHUSETTS GENERAL HOSPITAL",SRA1772980,,public,332555BEFD30A4FB9B81F848FDDE307F,C030EA5ED88B198FE3C83A6FC85E56C4
SRR27299882,2024-10-11 21:37:59,2023-12-20 13:36:29,8009044,723412122,8009044,90,291,,https://sra-downloadb.be-md.ncbi.nlm.nih.gov/sos13/sra-pub-zq-1307/SRR027/27299/SRR27299882/SRR27299882.lite.1,SRX22977352,GSM7985072,RNA-Seq,cDNA,TRANSCRIPTOMIC,PAIRED,0,0,ILLUMINA,Illumina NovaSeq 6000,SRP479194,PRJNA1055047,3,1055047,SRS19942980,SAMN38978389,simple,208963,Pseudomonas aeruginosa UCBPP-PA14,GSM7985072,,,,,,,no,,,,,"HUNG LAB, MOLECULAR BIOLOGY, MASSACHUSETTS GENERAL HOSPITAL",SRA1772980,,public,1C59BA634D9B20F5B0896C5CFAB9EB9E,B018C02C9173068B12FD07759F28711C
SRR27299880,2024-10-11 21:37:59,2023-12-20 13:35:37,7411910,669792596,7411910,90,268,,https://sra-downloadb.be-md.ncbi.nlm.nih.gov/sos13/sra-pub-zq-1307/SRR027/27299/SRR27299880/SRR27299880.lite.1,SRX22977353,GSM7985073,RNA-Seq,cDNA,TRANSCRIPTOMIC,PAIRED,0,0,ILLUMINA,Illumina NovaSeq 6000,SRP479194,PRJNA1055047,3,1055047,SRS19942981,SAMN38978388,simple,208963,Pseudomonas aeruginosa UCBPP-PA14,GSM7985073,,,,,,,no,,,,,"HUNG LAB, MOLECULAR BIOLOGY, MASSACHUSETTS GENERAL HOSPITAL",SRA1772980,,public,3A1E7020B9D244DBABEF430637D163A5,6E5C0172CFF3C5A2D2543B0406AA2ECF
SRR27299878,2024-10-11 21:38:00,2023-12-20 13:35:36,5100066,460417575,5100066,90,184,,https://sra-downloadb.be-md.ncbi.nlm.nih.gov/sos13/sra-pub-zq-1307/SRR027/27299/SRR27299878/SRR27299878.lite.1,SRX22977354,GSM7985074,RNA-Seq,cDNA,TRANSCRIPTOMIC,PAIRED,0,0,ILLUMINA,Illumina NovaSeq 6000,SRP479194,PRJNA1055047,3,1055047,SRS19942982,SAMN38978387,simple,208963,Pseudomonas aeruginosa UCBPP-PA14,GSM7985074,,,,,,,no,,,,,"HUNG LAB, MOLECULAR BIOLOGY, MASSACHUSETTS GENERAL HOSPITAL",SRA1772980,,public,E9B9775BAE7D8F86C4D0C3E008A6EE56,50692A5BB7A4DB7A64A642457B38D74E
SRR27299879,2024-10-11 21:38:00,2023-12-20 13:35:37,3760155,339529225,3760155,90,136,,https://sra-downloadb.be-md.ncbi.nlm.nih.gov/sos13/sra-pub-zq-1307/SRR027/27299/SRR27299879/SRR27299879.lite.1,SRX22977354,GSM7985074,RNA-Seq,cDNA,TRANSCRIPTOMIC,PAIRED,0,0,ILLUMINA,Illumina NovaSeq 6000,SRP479194,PRJNA1055047,3,1055047,SRS19942982,SAMN38978387,simple,208963,Pseudomonas aeruginosa UCBPP-PA14,GSM7985074,,,,,,,no,,,,,"HUNG LAB, MOLECULAR BIOLOGY, MASSACHUSETTS GENERAL HOSPITAL",SRA1772980,,public,C6E15DFA663CFA594C0C0C34D8F7B8B5,163B710CB22815D34F562993C8EEA574
SRR27299877,2024-10-11 21:38:01,2023-12-20 13:35:10,9338782,841157057,9338782,90,342,,https://sra-downloadb.be-md.ncbi.nlm.nih.gov/sos13/sra-pub-zq-1307/SRR027/27299/SRR27299877/SRR27299877.lite.1,SRX22977355,GSM7985075,RNA-Seq,cDNA,TRANSCRIPTOMIC,PAIRED,0,0,ILLUMINA,Illumina NovaSeq 6000,SRP479194,PRJNA1055047,3,1055047,SRS19942983,SAMN38978386,simple,208963,Pseudomonas aeruginosa UCBPP-PA14,GSM7985075,,,,,,,no,,,,,"HUNG LAB, MOLECULAR BIOLOGY, MASSACHUSETTS GENERAL HOSPITAL",SRA1772980,,public,B2A0045F8CA336243260A9015F9759E2,F633A89E4B452541F9EBD1EDE5E6CA75
SRR27299977,2024-10-11 21:38:01,2023-12-20 13:35:40,9697276,873214967,9697276,90,358,,https://sra-downloadb.be-md.ncbi.nlm.nih.gov/sos13/sra-pub-zq-1307/SRR027/27299/SRR27299977/SRR27299977.lite.1,SRX22977355,GSM7985075,RNA-Seq,cDNA,TRANSCRIPTOMIC,PAIRED,0,0,ILLUMINA,Illumina NovaSeq 6000,SRP479194,PRJNA1055047,3,1055047,SRS19942983,SAMN38978386,simple,208963,Pseudomonas aeruginosa UCBPP-PA14,GSM7985075,,,,,,,no,,,,,"HUNG LAB, MOLECULAR BIOLOGY, MASSACHUSETTS GENERAL HOSPITAL",SRA1772980,,public,AB9A9715E1FEA9C321B84A9866F99415,0E06D81C7C04BA703C2FEA763A130102
SRR27299875,2024-10-11 21:38:02,2023-12-20 13:35:37,11694531,1054803970,11694531,90,424,,https://sra-downloadb.be-md.ncbi.nlm.nih.gov/sos13/sra-pub-zq-1307/SRR027/27299/SRR27299875/SRR27299875.lite.1,SRX22977356,GSM7985076,RNA-Seq,cDNA,TRANSCRIPTOMIC,PAIRED,0,0,ILLUMINA,Illumina NovaSeq 6000,SRP479194,PRJNA1055047,3,1055047,SRS19942984,SAMN38978385,simple,208963,Pseudomonas aeruginosa UCBPP-PA14,GSM7985076,,,,,,,no,,,,,"HUNG LAB, MOLECULAR BIOLOGY, MASSACHUSETTS GENERAL HOSPITAL",SRA1772980,,public,CA49C9AE1447EDE494734189241CD101,9E9055760E14E48EE9C65BF6C81CC44D
SRR27299876,2024-10-11 21:38:02,2023-12-20 13:36:42,10681818,962803505,10681818,90,385,,https://sra-downloadb.be-md.ncbi.nlm.nih.gov/sos13/sra-pub-zq-1307/SRR027/27299/SRR27299876/SRR27299876.lite.1,SRX22977356,GSM7985076,RNA-Seq,cDNA,TRANSCRIPTOMIC,PAIRED,0,0,ILLUMINA,Illumina NovaSeq 6000,SRP479194,PRJNA1055047,3,1055047,SRS19942984,SAMN38978385,simple,208963,Pseudomonas aeruginosa UCBPP-PA14,GSM7985076,,,,,,,no,,,,,"HUNG LAB, MOLECULAR BIOLOGY, MASSACHUSETTS GENERAL HOSPITAL",SRA1772980,,public,91B85A19425E0AB6EE19B9A190067D26,77884CB5687763C9A72F35973AB663CC
SRR27299874,2024-10-11 21:38:03,2023-12-20 13:35:09,8791763,792155031,8791763,90,319,,https://sra-downloadb.be-md.ncbi.nlm.nih.gov/sos13/sra-pub-zq-1307/SRR027/27299/SRR27299874/SRR27299874.lite.1,SRX22977357,GSM7985077,RNA-Seq,cDNA,TRANSCRIPTOMIC,PAIRED,0,0,ILLUMINA,Illumina NovaSeq 6000,SRP479194,PRJNA1055047,3,1055047,SRS19942985,SAMN38978384,simple,208963,Pseudomonas aeruginosa UCBPP-PA14,GSM7985077,,,,,,,no,,,,,"HUNG LAB, MOLECULAR BIOLOGY, MASSACHUSETTS GENERAL HOSPITAL",SRA1772980,,public,A7E7072A09D19663B4DA742F6138BE93,AE89BFE3405E6550632B74973CCCC845
SRR27299968,2024-10-11 21:38:03,2023-12-20 13:35:33,9725535,876594039,9725535,90,354,,https://sra-downloadb.be-md.ncbi.nlm.nih.gov/sos13/sra-pub-zq-1307/SRR027/27299/SRR27299968/SRR27299968.lite.1,SRX22977357,GSM7985077,RNA-Seq,cDNA,TRANSCRIPTOMIC,PAIRED,0,0,ILLUMINA,Illumina NovaSeq 6000,SRP479194,PRJNA1055047,3,1055047,SRS19942985,SAMN38978384,simple,208963,Pseudomonas aeruginosa UCBPP-PA14,GSM7985077,,,,,,,no,,,,,"HUNG LAB, MOLECULAR BIOLOGY, MASSACHUSETTS GENERAL HOSPITAL",SRA1772980,,public,A2A289B9D777446E1133C6D19EC40C8E,70456261B67A241703E81CCC2228E9FD
SRR27299873,2024-10-11 21:38:03,2023-12-20 13:35:37,12404788,1120424165,12404788,90,448,,https://sra-downloadb.be-md.ncbi.nlm.nih.gov/sos13/sra-pub-zq-1307/SRR027/27299/SRR27299873/SRR27299873.lite.1,SRX22977358,GSM7985078,RNA-Seq,cDNA,TRANSCRIPTOMIC,PAIRED,0,0,ILLUMINA,Illumina NovaSeq 6000,SRP479194,PRJNA1055047,3,1055047,SRS19942986,SAMN38978383,simple,208963,Pseudomonas aeruginosa UCBPP-PA14,GSM7985078,,,,,,,no,,,,,"HUNG LAB, MOLECULAR BIOLOGY, MASSACHUSETTS GENERAL HOSPITAL",SRA1772980,,public,98A18708B8B56370EE3424F00DB3F68B,8564EF35F318881DFC4B1DD061F6A538
SRR27299872,2024-10-11 21:38:04,2023-12-20 13:35:02,7262829,656038026,7262829,90,262,,https://sra-downloadb.be-md.ncbi.nlm.nih.gov/sos13/sra-pub-zq-1307/SRR027/27299/SRR27299872/SRR27299872.lite.1,SRX22977359,GSM7985079,RNA-Seq,cDNA,TRANSCRIPTOMIC,PAIRED,0,0,ILLUMINA,Illumina NovaSeq 6000,SRP479194,PRJNA1055047,3,1055047,SRS19942987,SAMN38978382,simple,208963,Pseudomonas aeruginosa UCBPP-PA14,GSM7985079,,,,,,,no,,,,,"HUNG LAB, MOLECULAR BIOLOGY, MASSACHUSETTS GENERAL HOSPITAL",SRA1772980,,public,A3FBA6437818CC08995EC3BF7060E5FB,230273FAC3191FD3DE24BD23D137C5EE
SRR27299871,2024-10-11 21:38:23,2023-12-20 13:34:48,5293834,476961653,5293834,90,191,,https://sra-downloadb.be-md.ncbi.nlm.nih.gov/sos13/sra-pub-zq-1307/SRR027/27299/SRR27299871/SRR27299871.lite.1,SRX22977360,GSM7985096,RNA-Seq,cDNA,TRANSCRIPTOMIC,PAIRED,0,0,ILLUMINA,Illumina NovaSeq 6000,SRP479194,PRJNA1055047,3,1055047,SRS19942988,SAMN38978365,simple,208963,Pseudomonas aeruginosa UCBPP-PA14,GSM7985096,,,,,,,no,,,,,"HUNG LAB, MOLECULAR BIOLOGY, MASSACHUSETTS GENERAL HOSPITAL",SRA1772980,,public,816354A87A7DF97EA9FDD6DF90F6AE93,1B474E43D763332EC890637DF5844DAD
SRR27299869,2024-10-11 21:38:25,2023-12-20 13:36:28,7911119,715702587,7911119,90,287,,https://sra-downloadb.be-md.ncbi.nlm.nih.gov/sos13/sra-pub-zq-1307/SRR027/27299/SRR27299869/SRR27299869.lite.1,SRX22977361,GSM7985097,RNA-Seq,cDNA,TRANSCRIPTOMIC,PAIRED,0,0,ILLUMINA,Illumina NovaSeq 6000,SRP479194,PRJNA1055047,3,1055047,SRS19942989,SAMN38978364,simple,208963,Pseudomonas aeruginosa UCBPP-PA14,GSM7985097,,,,,,,no,,,,,"HUNG LAB, MOLECULAR BIOLOGY, MASSACHUSETTS GENERAL HOSPITAL",SRA1772980,,public,BD3F6AF9B0A2CEAF7B00D622E70420F3,C03825714C25824951CA11FA9E762C3C
SRR27299868,2024-10-11 21:38:26,2023-12-20 13:37:02,10915654,987868131,10915654,90,395,,https://sra-downloadb.be-md.ncbi.nlm.nih.gov/sos13/sra-pub-zq-1307/SRR027/27299/SRR27299868/SRR27299868.lite.1,SRX22977362,GSM7985098,RNA-Seq,cDNA,TRANSCRIPTOMIC,PAIRED,0,0,ILLUMINA,Illumina NovaSeq 6000,SRP479194,PRJNA1055047,3,1055047,SRS19942990,SAMN38978363,simple,208963,Pseudomonas aeruginosa UCBPP-PA14,GSM7985098,,,,,,,no,,,,,"HUNG LAB, MOLECULAR BIOLOGY, MASSACHUSETTS GENERAL HOSPITAL",SRA1772980,,public,A0CD3E91A3C690CED5483D1B0B3EEDA2,C29568D305EBC4E57418644F76B68929
SRR27299866,2024-10-11 21:38:27,2023-12-20 13:37:13,13261081,1200166184,13261081,90,477,,https://sra-downloadb.be-md.ncbi.nlm.nih.gov/sos13/sra-pub-zq-1307/SRR027/27299/SRR27299866/SRR27299866.lite.1,SRX22977363,GSM7985099,RNA-Seq,cDNA,TRANSCRIPTOMIC,PAIRED,0,0,ILLUMINA,Illumina NovaSeq 6000,SRP479194,PRJNA1055047,3,1055047,SRS19942991,SAMN38978362,simple,208963,Pseudomonas aeruginosa UCBPP-PA14,GSM7985099,,,,,,,no,,,,,"HUNG LAB, MOLECULAR BIOLOGY, MASSACHUSETTS GENERAL HOSPITAL",SRA1772980,,public,20F18B530901DD3FED50693B50FA6865,72FDCF8C18862BE86267ACCF04A0E93D
SRR27299865,2024-10-11 21:38:28,2023-12-20 13:36:48,9490268,858754504,9490268,90,343,,https://sra-downloadb.be-md.ncbi.nlm.nih.gov/sos13/sra-pub-zq-1307/SRR027/27299/SRR27299865/SRR27299865.lite.1,SRX22977364,GSM7985100,RNA-Seq,cDNA,TRANSCRIPTOMIC,PAIRED,0,0,ILLUMINA,Illumina NovaSeq 6000,SRP479194,PRJNA1055047,3,1055047,SRS19942992,SAMN38978361,simple,208963,Pseudomonas aeruginosa UCBPP-PA14,GSM7985100,,,,,,,no,,,,,"HUNG LAB, MOLECULAR BIOLOGY, MASSACHUSETTS GENERAL HOSPITAL",SRA1772980,,public,D3D44ADB76B31594934CE3D16C4A20A5,AEDFA1E4FD6D26AC86365D9CDC903C6D
SRR27299863,2024-10-11 21:38:29,2023-12-20 13:36:46,11765469,1062212607,11765469,90,428,,https://sra-downloadb.be-md.ncbi.nlm.nih.gov/sos13/sra-pub-zq-1307/SRR027/27299/SRR27299863/SRR27299863.lite.1,SRX22977365,GSM7985101,RNA-Seq,cDNA,TRANSCRIPTOMIC,PAIRED,0,0,ILLUMINA,Illumina NovaSeq 6000,SRP479194,PRJNA1055047,3,1055047,SRS19942993,SAMN38978360,simple,208963,Pseudomonas aeruginosa UCBPP-PA14,GSM7985101,,,,,,,no,,,,,"HUNG LAB, MOLECULAR BIOLOGY, MASSACHUSETTS GENERAL HOSPITAL",SRA1772980,,public,C88B044F713285213651FC201FA1ED56,48133964026B4D98213261F8C0CB9FF7
SRR27299862,2024-10-11 21:38:29,2023-12-20 13:34:31,4261509,385134142,4261509,90,154,,https://sra-downloadb.be-md.ncbi.nlm.nih.gov/sos13/sra-pub-zq-1307/SRR027/27299/SRR27299862/SRR27299862.lite.1,SRX22977366,GSM7985102,RNA-Seq,cDNA,TRANSCRIPTOMIC,PAIRED,0,0,ILLUMINA,Illumina NovaSeq 6000,SRP479194,PRJNA1055047,3,1055047,SRS19942996,SAMN38978359,simple,208963,Pseudomonas aeruginosa UCBPP-PA14,GSM7985102,,,,,,,no,,,,,"HUNG LAB, MOLECULAR BIOLOGY, MASSACHUSETTS GENERAL HOSPITAL",SRA1772980,,public,9890E3F755EEF62210FE9DA5FC2A25AE,B1844AEC0C091F36E265CDB77BB2CF7B
SRR27299860,2024-10-11 21:38:30,2023-12-20 13:35:23,4782371,432098442,4782371,90,173,,https://sra-downloadb.be-md.ncbi.nlm.nih.gov/sos13/sra-pub-zq-1307/SRR027/27299/SRR27299860/SRR27299860.lite.1,SRX22977367,GSM7985103,RNA-Seq,cDNA,TRANSCRIPTOMIC,PAIRED,0,0,ILLUMINA,Illumina NovaSeq 6000,SRP479194,PRJNA1055047,3,1055047,SRS19942994,SAMN38978358,simple,208963,Pseudomonas aeruginosa UCBPP-PA14,GSM7985103,,,,,,,no,,,,,"HUNG LAB, MOLECULAR BIOLOGY, MASSACHUSETTS GENERAL HOSPITAL",SRA1772980,,public,ED2024C93D27490B1E420FCD0CD92ECE,57DFEC11399652A12A8DD29748DA83DD
SRR27299859,2024-10-11 21:38:30,2023-12-20 13:34:47,2648902,238848174,2648902,90,97,,https://sra-downloadb.be-md.ncbi.nlm.nih.gov/sos13/sra-pub-zq-1307/SRR027/27299/SRR27299859/SRR27299859.lite.1,SRX22977368,GSM7985104,RNA-Seq,cDNA,TRANSCRIPTOMIC,PAIRED,0,0,ILLUMINA,Illumina NovaSeq 6000,SRP479194,PRJNA1055047,3,1055047,SRS19942995,SAMN38978357,simple,208963,Pseudomonas aeruginosa UCBPP-PA14,GSM7985104,,,,,,,no,,,,,"HUNG LAB, MOLECULAR BIOLOGY, MASSACHUSETTS GENERAL HOSPITAL",SRA1772980,,public,0D8109C5E6D19DA5099F07E2CCEEA39D,400A25A9576C43025483D16E24243F11
SRR27299858,2024-10-11 21:38:31,2023-12-20 13:35:25,6310693,569860352,6310693,90,227,,https://sra-downloadb.be-md.ncbi.nlm.nih.gov/sos13/sra-pub-zq-1307/SRR027/27299/SRR27299858/SRR27299858.lite.1,SRX22977369,GSM7985105,RNA-Seq,cDNA,TRANSCRIPTOMIC,PAIRED,0,0,ILLUMINA,Illumina NovaSeq 6000,SRP479194,PRJNA1055047,3,1055047,SRS19942997,SAMN38978356,simple,208963,Pseudomonas aeruginosa UCBPP-PA14,GSM7985105,,,,,,,no,,,,,"HUNG LAB, MOLECULAR BIOLOGY, MASSACHUSETTS GENERAL HOSPITAL",SRA1772980,,public,BCFA33E81BB7E00AD7E768253563D8AA,8D6D62BFC5328E8E1BB229A8B958E6CF
SRR27299857,2024-10-11 21:38:31,2023-12-20 13:37:54,5187218,468308591,5187218,90,188,,https://sra-downloadb.be-md.ncbi.nlm.nih.gov/sos13/sra-pub-zq-1307/SRR027/27299/SRR27299857/SRR27299857.lite.1,SRX22977370,GSM7985106,RNA-Seq,cDNA,TRANSCRIPTOMIC,PAIRED,0,0,ILLUMINA,Illumina NovaSeq 6000,SRP479194,PRJNA1055047,3,1055047,SRS19942998,SAMN38978355,simple,208963,Pseudomonas aeruginosa UCBPP-PA14,GSM7985106,,,,,,,no,,,,,"HUNG LAB, MOLECULAR BIOLOGY, MASSACHUSETTS GENERAL HOSPITAL",SRA1772980,,public,01D705B4D875B1683154FE71DB0FCA51,AD28EA13ADF7A97AA00F29FA462C3F87
SRR27299856,2024-10-11 21:38:31,2023-12-20 13:34:57,4335227,392193971,4335227,90,158,,https://sra-downloadb.be-md.ncbi.nlm.nih.gov/sos13/sra-pub-zq-1307/SRR027/27299/SRR27299856/SRR27299856.lite.1,SRX22977371,GSM7985107,RNA-Seq,cDNA,TRANSCRIPTOMIC,PAIRED,0,0,ILLUMINA,Illumina NovaSeq 6000,SRP479194,PRJNA1055047,3,1055047,SRS19943000,SAMN38978354,simple,208963,Pseudomonas aeruginosa UCBPP-PA14,GSM7985107,,,,,,,no,,,,,"HUNG LAB, MOLECULAR BIOLOGY, MASSACHUSETTS GENERAL HOSPITAL",SRA1772980,,public,CC83AED5D2BDACB7FAAC6291C0FE1533,19A9E40FBEC42F38E909438CE64F8E9F
SRR27299855,2024-10-11 21:38:31,2023-12-20 13:35:24,6945826,625927836,6945826,90,251,,https://sra-downloadb.be-md.ncbi.nlm.nih.gov/sos13/sra-pub-zq-1307/SRR027/27299/SRR27299855/SRR27299855.lite.1,SRX22977372,GSM7985108,RNA-Seq,cDNA,TRANSCRIPTOMIC,PAIRED,0,0,ILLUMINA,Illumina NovaSeq 6000,SRP479194,PRJNA1055047,3,1055047,SRS19942999,SAMN38978353,simple,208963,Pseudomonas aeruginosa UCBPP-PA14,GSM7985108,,,,,,,no,,,,,"HUNG LAB, MOLECULAR BIOLOGY, MASSACHUSETTS GENERAL HOSPITAL",SRA1772980,,public,529A818E5E011D108D5221D7FA94AF42,DB811ACC28F158F320988365841ABD1B
SRR27299854,2024-10-11 21:38:32,2023-12-20 13:35:31,6893605,620987049,6893605,90,250,,https://sra-downloadb.be-md.ncbi.nlm.nih.gov/sos13/sra-pub-zq-1307/SRR027/27299/SRR27299854/SRR27299854.lite.1,SRX22977373,GSM7985109,RNA-Seq,cDNA,TRANSCRIPTOMIC,PAIRED,0,0,ILLUMINA,Illumina NovaSeq 6000,SRP479194,PRJNA1055047,3,1055047,SRS19943001,SAMN38978352,simple,208963,Pseudomonas aeruginosa UCBPP-PA14,GSM7985109,,,,,,,no,,,,,"HUNG LAB, MOLECULAR BIOLOGY, MASSACHUSETTS GENERAL HOSPITAL",SRA1772980,,public,C83480E862D6A34AE7110F8DA553480E,F236970746F6106CBCE2BEB3980258AB
SRR27299853,2024-10-11 21:38:32,2023-12-20 13:35:48,8692818,786543597,8692818,90,318,,https://sra-downloadb.be-md.ncbi.nlm.nih.gov/sos13/sra-pub-zq-1307/SRR027/27299/SRR27299853/SRR27299853.lite.1,SRX22977374,GSM7985110,RNA-Seq,cDNA,TRANSCRIPTOMIC,PAIRED,0,0,ILLUMINA,Illumina NovaSeq 6000,SRP479194,PRJNA1055047,3,1055047,SRS19943002,SAMN38978351,simple,208963,Pseudomonas aeruginosa UCBPP-PA14,GSM7985110,,,,,,,no,,,,,"HUNG LAB, MOLECULAR BIOLOGY, MASSACHUSETTS GENERAL HOSPITAL",SRA1772980,,public,956DF8806C6B526CAAEC379B0A7C0720,C4F9E501D697EBBF4C3ECE3F14CF7FD6
SRR27299852,2024-10-11 21:38:32,2023-12-20 13:35:51,7733308,699586824,7733308,90,280,,https://sra-downloadb.be-md.ncbi.nlm.nih.gov/sos13/sra-pub-zq-1307/SRR027/27299/SRR27299852/SRR27299852.lite.1,SRX22977375,GSM7985111,RNA-Seq,cDNA,TRANSCRIPTOMIC,PAIRED,0,0,ILLUMINA,Illumina NovaSeq 6000,SRP479194,PRJNA1055047,3,1055047,SRS19943003,SAMN38978350,simple,208963,Pseudomonas aeruginosa UCBPP-PA14,GSM7985111,,,,,,,no,,,,,"HUNG LAB, MOLECULAR BIOLOGY, MASSACHUSETTS GENERAL HOSPITAL",SRA1772980,,public,331037191D0E41E133C91C929E67014C,C61FDD02DC4381B0A132B8F22CB1028E
SRR27299851,2024-10-11 21:38:38,2023-12-20 13:35:46,6679630,603191019,6679630,90,242,,https://sra-downloadb.be-md.ncbi.nlm.nih.gov/sos13/sra-pub-zq-1307/SRR027/27299/SRR27299851/SRR27299851.lite.1,SRX22977376,GSM7985160,RNA-Seq,cDNA,TRANSCRIPTOMIC,PAIRED,0,0,ILLUMINA,Illumina NovaSeq 6000,SRP479194,PRJNA1055047,3,1055047,SRS19943004,SAMN38978301,simple,208963,Pseudomonas aeruginosa UCBPP-PA14,GSM7985160,,,,,,,no,,,,,"HUNG LAB, MOLECULAR BIOLOGY, MASSACHUSETTS GENERAL HOSPITAL",SRA1772980,,public,D7D7B471224B8364E7BA78AF2949A3BA,A803DC324D3F3179281ADEBDBB631530
SRR27299850,2024-10-11 21:38:38,2023-12-20 13:35:32,6959359,629348287,6959359,90,252,,https://sra-downloadb.be-md.ncbi.nlm.nih.gov/sos13/sra-pub-zq-1307/SRR027/27299/SRR27299850/SRR27299850.lite.1,SRX22977377,GSM7985161,RNA-Seq,cDNA,TRANSCRIPTOMIC,PAIRED,0,0,ILLUMINA,Illumina NovaSeq 6000,SRP479194,PRJNA1055047,3,1055047,SRS19943005,SAMN38978300,simple,208963,Pseudomonas aeruginosa UCBPP-PA14,GSM7985161,,,,,,,no,,,,,"HUNG LAB, MOLECULAR BIOLOGY, MASSACHUSETTS GENERAL HOSPITAL",SRA1772980,,public,15F0F4180D1FF91DCF97D10B801143AC,D3054DB259A6E3F39CE65FE754701ACA
SRR27299849,2024-10-11 21:38:38,2023-12-20 13:35:09,3318148,298530691,3318148,89,120,,https://sra-downloadb.be-md.ncbi.nlm.nih.gov/sos13/sra-pub-zq-1307/SRR027/27299/SRR27299849/SRR27299849.lite.1,SRX22977378,GSM7985162,RNA-Seq,cDNA,TRANSCRIPTOMIC,PAIRED,0,0,ILLUMINA,Illumina NovaSeq 6000,SRP479194,PRJNA1055047,3,1055047,SRS19943006,SAMN38978299,simple,208963,Pseudomonas aeruginosa UCBPP-PA14,GSM7985162,,,,,,,no,,,,,"HUNG LAB, MOLECULAR BIOLOGY, MASSACHUSETTS GENERAL HOSPITAL",SRA1772980,,public,260AA7B4CF9B53257AB9A8B60E6D820B,5D7A279B1DB16AB38524603D3835D77D
SRR27299848,2024-10-11 21:38:38,2023-12-20 13:34:57,3925308,353386699,3925308,90,143,,https://sra-downloadb.be-md.ncbi.nlm.nih.gov/sos13/sra-pub-zq-1307/SRR027/27299/SRR27299848/SRR27299848.lite.1,SRX22977379,GSM7985163,RNA-Seq,cDNA,TRANSCRIPTOMIC,PAIRED,0,0,ILLUMINA,Illumina NovaSeq 6000,SRP479194,PRJNA1055047,3,1055047,SRS19943010,SAMN38978298,simple,208963,Pseudomonas aeruginosa UCBPP-PA14,GSM7985163,,,,,,,no,,,,,"HUNG LAB, MOLECULAR BIOLOGY, MASSACHUSETTS GENERAL HOSPITAL",SRA1772980,,public,32918C6E91F26A8FDC16332416591981,1871908702B48F03F93A676EAB709686
SRR27299847,2024-10-11 21:38:38,2023-12-20 13:34:57,4049937,365872520,4049937,90,147,,https://sra-downloadb.be-md.ncbi.nlm.nih.gov/sos13/sra-pub-zq-1307/SRR027/27299/SRR27299847/SRR27299847.lite.1,SRX22977380,GSM7985164,RNA-Seq,cDNA,TRANSCRIPTOMIC,PAIRED,0,0,ILLUMINA,Illumina NovaSeq 6000,SRP479194,PRJNA1055047,3,1055047,SRS19943007,SAMN38978297,simple,208963,Pseudomonas aeruginosa UCBPP-PA14,GSM7985164,,,,,,,no,,,,,"HUNG LAB, MOLECULAR BIOLOGY, MASSACHUSETTS GENERAL HOSPITAL",SRA1772980,,public,2311150B8D06038B0356CAF2F76EFD8F,BA0475F3DBCDAA2B8DB11CEE7CEC348D
SRR27299846,2024-10-11 21:38:39,2023-12-20 13:34:47,5264771,475600470,5264771,90,190,,https://sra-downloadb.be-md.ncbi.nlm.nih.gov/sos13/sra-pub-zq-1307/SRR027/27299/SRR27299846/SRR27299846.lite.1,SRX22977381,GSM7985165,RNA-Seq,cDNA,TRANSCRIPTOMIC,PAIRED,0,0,ILLUMINA,Illumina NovaSeq 6000,SRP479194,PRJNA1055047,3,1055047,SRS19943008,SAMN38978296,simple,208963,Pseudomonas aeruginosa UCBPP-PA14,GSM7985165,,,,,,,no,,,,,"HUNG LAB, MOLECULAR BIOLOGY, MASSACHUSETTS GENERAL HOSPITAL",SRA1772980,,public,F63382750D4B490E266B4C2E0E462D93,7C743FA2AA3E0D6D9F63B6A57C33271C
SRR27299845,2024-10-11 21:38:39,2023-12-20 13:34:53,3992817,360735601,3992817,90,144,,https://sra-downloadb.be-md.ncbi.nlm.nih.gov/sos13/sra-pub-zq-1307/SRR027/27299/SRR27299845/SRR27299845.lite.1,SRX22977382,GSM7985166,RNA-Seq,cDNA,TRANSCRIPTOMIC,PAIRED,0,0,ILLUMINA,Illumina NovaSeq 6000,SRP479194,PRJNA1055047,3,1055047,SRS19943011,SAMN38978295,simple,208963,Pseudomonas aeruginosa UCBPP-PA14,GSM7985166,,,,,,,no,,,,,"HUNG LAB, MOLECULAR BIOLOGY, MASSACHUSETTS GENERAL HOSPITAL",SRA1772980,,public,F768DB63C69C35083AA7C5A6466D52E7,885D734631774941FED61EDCA413C5C3
SRR27299844,2024-10-11 21:38:39,2023-12-20 13:34:52,3234784,291927584,3234784,90,117,,https://sra-downloadb.be-md.ncbi.nlm.nih.gov/sos13/sra-pub-zq-1307/SRR027/27299/SRR27299844/SRR27299844.lite.1,SRX22977383,GSM7985167,RNA-Seq,cDNA,TRANSCRIPTOMIC,PAIRED,0,0,ILLUMINA,Illumina NovaSeq 6000,SRP479194,PRJNA1055047,3,1055047,SRS19943009,SAMN38978294,simple,208963,Pseudomonas aeruginosa UCBPP-PA14,GSM7985167,,,,,,,no,,,,,"HUNG LAB, MOLECULAR BIOLOGY, MASSACHUSETTS GENERAL HOSPITAL",SRA1772980,,public,475D537C302F0359F895B3E9A0CAE0A8,85EC194AF22B5D3C9051F68081ED2FAD
SRR27299843,2024-10-11 21:38:39,2023-12-20 13:36:26,8404866,757166047,8404866,90,309,,https://sra-downloadb.be-md.ncbi.nlm.nih.gov/sos13/sra-pub-zq-1307/SRR027/27299/SRR27299843/SRR27299843.lite.1,SRX22977384,GSM7985168,RNA-Seq,cDNA,TRANSCRIPTOMIC,PAIRED,0,0,ILLUMINA,Illumina NovaSeq 6000,SRP479194,PRJNA1055047,3,1055047,SRS19943012,SAMN38978293,simple,208963,Pseudomonas aeruginosa UCBPP-PA14,GSM7985168,,,,,,,no,,,,,"HUNG LAB, MOLECULAR BIOLOGY, MASSACHUSETTS GENERAL HOSPITAL",SRA1772980,,public,9ACD7F257926C3654E3145BD0FBB2151,1293A3B004694B9077BEF32BC9929FF0
SRR27299842,2024-10-11 21:38:39,2023-12-20 13:36:08,5608978,505167778,5608978,90,206,,https://sra-downloadb.be-md.ncbi.nlm.nih.gov/sos13/sra-pub-zq-1307/SRR027/27299/SRR27299842/SRR27299842.lite.1,SRX22977385,GSM7985169,RNA-Seq,cDNA,TRANSCRIPTOMIC,PAIRED,0,0,ILLUMINA,Illumina NovaSeq 6000,SRP479194,PRJNA1055047,3,1055047,SRS19943013,SAMN38978292,simple,208963,Pseudomonas aeruginosa UCBPP-PA14,GSM7985169,,,,,,,no,,,,,"HUNG LAB, MOLECULAR BIOLOGY, MASSACHUSETTS GENERAL HOSPITAL",SRA1772980,,public,08AECE1DB3DDFFA3BDE113ACE7568335,F302C6E758E6419C7D3A23385885CB9F
SRR27299841,2024-10-11 21:38:39,2023-12-20 13:35:18,6246678,562551886,6246678,90,228,,https://sra-downloadb.be-md.ncbi.nlm.nih.gov/sos13/sra-pub-zq-1307/SRR027/27299/SRR27299841/SRR27299841.lite.1,SRX22977386,GSM7985170,RNA-Seq,cDNA,TRANSCRIPTOMIC,PAIRED,0,0,ILLUMINA,Illumina NovaSeq 6000,SRP479194,PRJNA1055047,3,1055047,SRS19943014,SAMN38978291,simple,208963,Pseudomonas aeruginosa UCBPP-PA14,GSM7985170,,,,,,,no,,,,,"HUNG LAB, MOLECULAR BIOLOGY, MASSACHUSETTS GENERAL HOSPITAL",SRA1772980,,public,B7D6D7D1E392E6DF06F9362F7374DDB1,09808EA7F4B2D50B8A3EBA5895731585
SRR27299840,2024-10-11 21:38:39,2023-12-20 13:36:37,11370188,1025601965,11370188,90,406,,https://sra-downloadb.be-md.ncbi.nlm.nih.gov/sos13/sra-pub-zq-1307/SRR027/27299/SRR27299840/SRR27299840.lite.1,SRX22977387,GSM7985171,RNA-Seq,cDNA,TRANSCRIPTOMIC,PAIRED,0,0,ILLUMINA,Illumina NovaSeq 6000,SRP479194,PRJNA1055047,3,1055047,SRS19943015,SAMN38978290,simple,208963,Pseudomonas aeruginosa UCBPP-PA14,GSM7985171,,,,,,,no,,,,,"HUNG LAB, MOLECULAR BIOLOGY, MASSACHUSETTS GENERAL HOSPITAL",SRA1772980,,public,3EB86B2756DA54CB80B7EDDE612FCAE8,C44BC318F5395CD0A41137E37BC337BC
SRR27299839,2024-10-11 21:38:39,2023-12-20 13:36:10,10423496,941309001,10423496,90,372,,https://sra-downloadb.be-md.ncbi.nlm.nih.gov/sos13/sra-pub-zq-1307/SRR027/27299/SRR27299839/SRR27299839.lite.1,SRX22977388,GSM7985172,RNA-Seq,cDNA,TRANSCRIPTOMIC,PAIRED,0,0,ILLUMINA,Illumina NovaSeq 6000,SRP479194,PRJNA1055047,3,1055047,SRS19943019,SAMN38978289,simple,208963,Pseudomonas aeruginosa UCBPP-PA14,GSM7985172,,,,,,,no,,,,,"HUNG LAB, MOLECULAR BIOLOGY, MASSACHUSETTS GENERAL HOSPITAL",SRA1772980,,public,27BD5D08E924188202D3E0910683A576,3C093F4443F0D1649CF6BEE028FDEDF6
SRR27299838,2024-10-11 21:38:39,2023-12-20 13:35:46,10873164,981812188,10873164,90,387,,https://sra-downloadb.be-md.ncbi.nlm.nih.gov/sos13/sra-pub-zq-1307/SRR027/27299/SRR27299838/SRR27299838.lite.1,SRX22977389,GSM7985173,RNA-Seq,cDNA,TRANSCRIPTOMIC,PAIRED,0,0,ILLUMINA,Illumina NovaSeq 6000,SRP479194,PRJNA1055047,3,1055047,SRS19943016,SAMN38978288,simple,208963,Pseudomonas aeruginosa UCBPP-PA14,GSM7985173,,,,,,,no,,,,,"HUNG LAB, MOLECULAR BIOLOGY, MASSACHUSETTS GENERAL HOSPITAL",SRA1772980,,public,991580ADB3FAB7DB92907E85FC9C85CA,D291F02567CCEB1A34F4F1890ED35C05
SRR27299837,2024-10-11 21:38:40,2023-12-20 13:35:29,7539009,679667090,7539009,90,271,,https://sra-downloadb.be-md.ncbi.nlm.nih.gov/sos13/sra-pub-zq-1307/SRR027/27299/SRR27299837/SRR27299837.lite.1,SRX22977390,GSM7985174,RNA-Seq,cDNA,TRANSCRIPTOMIC,PAIRED,0,0,ILLUMINA,Illumina NovaSeq 6000,SRP479194,PRJNA1055047,3,1055047,SRS19943017,SAMN38978287,simple,208963,Pseudomonas aeruginosa UCBPP-PA14,GSM7985174,,,,,,,no,,,,,"HUNG LAB, MOLECULAR BIOLOGY, MASSACHUSETTS GENERAL HOSPITAL",SRA1772980,,public,EEFDADDC7E001029AAA125D3478B522D,697B64437E5CB040679599C4D2CC02B9
SRR27299836,2024-10-11 21:38:40,2023-12-20 13:34:40,6886197,621347281,6886197,90,248,,https://sra-downloadb.be-md.ncbi.nlm.nih.gov/sos13/sra-pub-zq-1307/SRR027/27299/SRR27299836/SRR27299836.lite.1,SRX22977391,GSM7985175,RNA-Seq,cDNA,TRANSCRIPTOMIC,PAIRED,0,0,ILLUMINA,Illumina NovaSeq 6000,SRP479194,PRJNA1055047,3,1055047,SRS19943018,SAMN38978286,simple,208963,Pseudomonas aeruginosa UCBPP-PA14,GSM7985175,,,,,,,no,,,,,"HUNG LAB, MOLECULAR BIOLOGY, MASSACHUSETTS GENERAL HOSPITAL",SRA1772980,,public,797B3C0B4558EC39B65D2FF9817965A9,C6F99193BB64D81D1C6CBA04F1BA4A5C
SRR27299831,2024-10-11 21:38:40,2023-12-20 13:35:01,7796889,703281909,7796889,90,281,,https://sra-downloadb.be-md.ncbi.nlm.nih.gov/sos13/sra-pub-zq-1307/SRR027/27299/SRR27299831/SRR27299831.lite.1,SRX22977395,GSM7985195,RNA-Seq,cDNA,TRANSCRIPTOMIC,PAIRED,0,0,ILLUMINA,Illumina NovaSeq 6000,SRP479194,PRJNA1055047,3,1055047,SRS19943023,SAMN38978266,simple,208963,Pseudomonas aeruginosa UCBPP-PA14,GSM7985195,,,,,,,no,,,,,"HUNG LAB, MOLECULAR BIOLOGY, MASSACHUSETTS GENERAL HOSPITAL",SRA1772980,,public,57DE76851807684829D81F01CA365EEB,282ED8B99647215B9C5BF5FF1CD0D3DE
SRR27299830,2024-10-11 21:38:40,2023-12-20 13:35:21,7385983,665945847,7385983,90,265,,https://sra-downloadb.be-md.ncbi.nlm.nih.gov/sos13/sra-pub-zq-1307/SRR027/27299/SRR27299830/SRR27299830.lite.1,SRX22977396,GSM7985196,RNA-Seq,cDNA,TRANSCRIPTOMIC,PAIRED,0,0,ILLUMINA,Illumina NovaSeq 6000,SRP479194,PRJNA1055047,3,1055047,SRS19943024,SAMN38978265,simple,208963,Pseudomonas aeruginosa UCBPP-PA14,GSM7985196,,,,,,,no,,,,,"HUNG LAB, MOLECULAR BIOLOGY, MASSACHUSETTS GENERAL HOSPITAL",SRA1772980,,public,32FCD2501808BB004BB79BFC547150ED,112E620F74402A1683E44B4EA2FC8B5B
SRR27299828,2024-10-11 21:38:40,2023-12-20 13:35:33,6769736,610887876,6769736,90,243,,https://sra-downloadb.be-md.ncbi.nlm.nih.gov/sos13/sra-pub-zq-1307/SRR027/27299/SRR27299828/SRR27299828.lite.1,SRX22977397,GSM7985197,RNA-Seq,cDNA,TRANSCRIPTOMIC,PAIRED,0,0,ILLUMINA,Illumina NovaSeq 6000,SRP479194,PRJNA1055047,3,1055047,SRS19943025,SAMN38978264,simple,208963,Pseudomonas aeruginosa UCBPP-PA14,GSM7985197,,,,,,,no,,,,,"HUNG LAB, MOLECULAR BIOLOGY, MASSACHUSETTS GENERAL HOSPITAL",SRA1772980,,public,F6C0F971B802AD984A67A22038C1B4E5,764C7DCDE97E03339A2CC0AE593E4C20
SRR27299827,2024-10-11 21:38:40,2023-12-20 13:34:33,5075595,457686940,5075595,90,184,,https://sra-downloadb.be-md.ncbi.nlm.nih.gov/sos13/sra-pub-zq-1307/SRR027/27299/SRR27299827/SRR27299827.lite.1,SRX22977398,GSM7985198,RNA-Seq,cDNA,TRANSCRIPTOMIC,PAIRED,0,0,ILLUMINA,Illumina NovaSeq 6000,SRP479194,PRJNA1055047,3,1055047,SRS19943026,SAMN38978263,simple,208963,Pseudomonas aeruginosa UCBPP-PA14,GSM7985198,,,,,,,no,,,,,"HUNG LAB, MOLECULAR BIOLOGY, MASSACHUSETTS GENERAL HOSPITAL",SRA1772980,,public,D09E241A51285C08AD31B9D3DF1464B3,F0E59D84070B2F3CEBD1720EEAD266B5
SRR27299825,2024-10-11 21:38:40,2023-12-20 13:35:13,4551276,410253370,4551276,90,164,,https://sra-downloadb.be-md.ncbi.nlm.nih.gov/sos13/sra-pub-zq-1307/SRR027/27299/SRR27299825/SRR27299825.lite.1,SRX22977399,GSM7985199,RNA-Seq,cDNA,TRANSCRIPTOMIC,PAIRED,0,0,ILLUMINA,Illumina NovaSeq 6000,SRP479194,PRJNA1055047,3,1055047,SRS19943027,SAMN38978262,simple,208963,Pseudomonas aeruginosa UCBPP-PA14,GSM7985199,,,,,,,no,,,,,"HUNG LAB, MOLECULAR BIOLOGY, MASSACHUSETTS GENERAL HOSPITAL",SRA1772980,,public,B6283B14F8D9237EBD8E99F58907F878,48F8C59C2B697CB514C164FA77A2883A
SRR27299824,2024-10-11 21:38:40,2023-12-20 13:34:29,4922755,443988397,4922755,90,177,,https://sra-downloadb.be-md.ncbi.nlm.nih.gov/sos13/sra-pub-zq-1307/SRR027/27299/SRR27299824/SRR27299824.lite.1,SRX22977400,GSM7985200,RNA-Seq,cDNA,TRANSCRIPTOMIC,PAIRED,0,0,ILLUMINA,Illumina NovaSeq 6000,SRP479194,PRJNA1055047,3,1055047,SRS19943030,SAMN38978261,simple,208963,Pseudomonas aeruginosa UCBPP-PA14,GSM7985200,,,,,,,no,,,,,"HUNG LAB, MOLECULAR BIOLOGY, MASSACHUSETTS GENERAL HOSPITAL",SRA1772980,,public,4EC78CBAD8BADB519DBAAE5A42A9E030,F3782CC4765C73A4193D55EDF9A9F588
SRR27299823,2024-10-11 21:38:40,2023-12-20 13:35:33,7304175,660922733,7304175,90,265,,https://sra-downloadb.be-md.ncbi.nlm.nih.gov/sos13/sra-pub-zq-1307/SRR027/27299/SRR27299823/SRR27299823.lite.1,SRX22977401,GSM7985201,RNA-Seq,cDNA,TRANSCRIPTOMIC,PAIRED,0,0,ILLUMINA,Illumina NovaSeq 6000,SRP479194,PRJNA1055047,3,1055047,SRS19943032,SAMN38978260,simple,208963,Pseudomonas aeruginosa UCBPP-PA14,GSM7985201,,,,,,,no,,,,,"HUNG LAB, MOLECULAR BIOLOGY, MASSACHUSETTS GENERAL HOSPITAL",SRA1772980,,public,9B13E9C8D61FF5C6C45303AC013A4026,19797DCC8E0BA686F3638B90014AF71E
SRR27299822,2024-10-11 21:38:40,2023-12-20 13:35:10,4983849,450768752,4983849,90,180,,https://sra-downloadb.be-md.ncbi.nlm.nih.gov/sos13/sra-pub-zq-1307/SRR027/27299/SRR27299822/SRR27299822.lite.1,SRX22977402,GSM7985202,RNA-Seq,cDNA,TRANSCRIPTOMIC,PAIRED,0,0,ILLUMINA,Illumina NovaSeq 6000,SRP479194,PRJNA1055047,3,1055047,SRS19943029,SAMN38978259,simple,208963,Pseudomonas aeruginosa UCBPP-PA14,GSM7985202,,,,,,,no,,,,,"HUNG LAB, MOLECULAR BIOLOGY, MASSACHUSETTS GENERAL HOSPITAL",SRA1772980,,public,5B0626134D1884FCC8073C35CC114097,798ABA5ED535AA0F25637C397F3C75A8
SRR27299821,2024-10-11 21:38:41,2023-12-20 13:34:40,3537729,319721832,3537729,90,127,,https://sra-downloadb.be-md.ncbi.nlm.nih.gov/sos13/sra-pub-zq-1307/SRR027/27299/SRR27299821/SRR27299821.lite.1,SRX22977403,GSM7985203,RNA-Seq,cDNA,TRANSCRIPTOMIC,PAIRED,0,0,ILLUMINA,Illumina NovaSeq 6000,SRP479194,PRJNA1055047,3,1055047,SRS19943028,SAMN38978258,simple,208963,Pseudomonas aeruginosa UCBPP-PA14,GSM7985203,,,,,,,no,,,,,"HUNG LAB, MOLECULAR BIOLOGY, MASSACHUSETTS GENERAL HOSPITAL",SRA1772980,,public,6D5395F993FC8B3BFE54AF466CE9F95F,3C6CE9C6A6EFC3E22B084F4249D35135
SRR27299820,2024-10-11 21:38:41,2023-12-20 13:35:05,8668185,784084378,8668185,90,315,,https://sra-downloadb.be-md.ncbi.nlm.nih.gov/sos13/sra-pub-zq-1307/SRR027/27299/SRR27299820/SRR27299820.lite.1,SRX22977404,GSM7985204,RNA-Seq,cDNA,TRANSCRIPTOMIC,PAIRED,0,0,ILLUMINA,Illumina NovaSeq 6000,SRP479194,PRJNA1055047,3,1055047,SRS19943031,SAMN38978257,simple,208963,Pseudomonas aeruginosa UCBPP-PA14,GSM7985204,,,,,,,no,,,,,"HUNG LAB, MOLECULAR BIOLOGY, MASSACHUSETTS GENERAL HOSPITAL",SRA1772980,,public,1A04157DBEC467EC9A502EE46781EDD7,C1799ABFA2262822C8849153F37E8201
SRR27299730,2024-10-11 21:37:47,2023-12-20 13:35:07,5795689,524543617,5795689,90,197,,https://sra-downloadb.be-md.ncbi.nlm.nih.gov/sos13/sra-pub-zq-1307/SRR027/27299/SRR27299730/SRR27299730.lite.1,SRX22977478,GSM7985566,RNA-Seq,cDNA,TRANSCRIPTOMIC,PAIRED,0,0,ILLUMINA,Illumina NovaSeq 6000,SRP479194,PRJNA1055047,3,1055047,SRS19943108,SAMN38977895,simple,208963,Pseudomonas aeruginosa UCBPP-PA14,GSM7985566,,,,,,,no,,,,,"HUNG LAB, MOLECULAR BIOLOGY, MASSACHUSETTS GENERAL HOSPITAL",SRA1772980,,public,7134C02B9DD05DF520EF615D7CD80F2B,3AD9065D043B6B2DA3E55179FE82373B
SRR27299727,2024-10-11 21:37:47,2023-12-20 13:34:11,6923938,626827396,6923938,90,234,,https://sra-downloadb.be-md.ncbi.nlm.nih.gov/sos13/sra-pub-zq-1307/SRR027/27299/SRR27299727/SRR27299727.lite.1,SRX22977481,GSM7985569,RNA-Seq,cDNA,TRANSCRIPTOMIC,PAIRED,0,0,ILLUMINA,Illumina NovaSeq 6000,SRP479194,PRJNA1055047,3,1055047,SRS19943109,SAMN38977892,simple,208963,Pseudomonas aeruginosa UCBPP-PA14,GSM7985569,,,,,,,no,,,,,"HUNG LAB, MOLECULAR BIOLOGY, MASSACHUSETTS GENERAL HOSPITAL",SRA1772980,,public,24E32F9E3E315D357D61586CF445967C,A617D6AE56782E80E11F1FB1227CFF4B
SRR27299726,2024-10-11 21:37:47,2023-12-20 13:33:52,3841783,347791957,3841783,90,131,,https://sra-downloadb.be-md.ncbi.nlm.nih.gov/sos13/sra-pub-zq-1307/SRR027/27299/SRR27299726/SRR27299726.lite.1,SRX22977482,GSM7985570,RNA-Seq,cDNA,TRANSCRIPTOMIC,PAIRED,0,0,ILLUMINA,Illumina NovaSeq 6000,SRP479194,PRJNA1055047,3,1055047,SRS19943110,SAMN38977891,simple,208963,Pseudomonas aeruginosa UCBPP-PA14,GSM7985570,,,,,,,no,,,,,"HUNG LAB, MOLECULAR BIOLOGY, MASSACHUSETTS GENERAL HOSPITAL",SRA1772980,,public,6C3E5CE7834AAFD26B6D3ABFED745C4B,E111828CC7761EDBE57FAD4BFBDDA664
SRR27299725,2024-10-11 21:37:47,2023-12-20 13:34:44,5103153,461995467,5103153,90,174,,https://sra-downloadb.be-md.ncbi.nlm.nih.gov/sos13/sra-pub-zq-1307/SRR027/27299/SRR27299725/SRR27299725.lite.1,SRX22977483,GSM7985571,RNA-Seq,cDNA,TRANSCRIPTOMIC,PAIRED,0,0,ILLUMINA,Illumina NovaSeq 6000,SRP479194,PRJNA1055047,3,1055047,SRS19943111,SAMN38977890,simple,208963,Pseudomonas aeruginosa UCBPP-PA14,GSM7985571,,,,,,,no,,,,,"HUNG LAB, MOLECULAR BIOLOGY, MASSACHUSETTS GENERAL HOSPITAL",SRA1772980,,public,FFBAFDEC9B3DC634D956E0332BFE3F75,FBD128CF6F8A0ECF146F0F8BAC92FA1B
SRR27299724,2024-10-11 21:37:47,2023-12-20 13:33:56,4246976,383179462,4246976,90,148,,https://sra-downloadb.be-md.ncbi.nlm.nih.gov/sos13/sra-pub-zq-1307/SRR027/27299/SRR27299724/SRR27299724.lite.1,SRX22977484,GSM7985572,RNA-Seq,cDNA,TRANSCRIPTOMIC,PAIRED,0,0,ILLUMINA,Illumina NovaSeq 6000,SRP479194,PRJNA1055047,3,1055047,SRS19943113,SAMN38977889,simple,208963,Pseudomonas aeruginosa UCBPP-PA14,GSM7985572,,,,,,,no,,,,,"HUNG LAB, MOLECULAR BIOLOGY, MASSACHUSETTS GENERAL HOSPITAL",SRA1772980,,public,BCF2AFF35B009127F629534363FE1B7C,426B2F3C7FCFA147AC579D9A632F0761
SRR27299722,2024-10-11 21:37:52,2023-12-20 13:34:25,1774041,160728076,1774041,90,61,,https://sra-downloadb.be-md.ncbi.nlm.nih.gov/sos13/sra-pub-zq-1307/SRR027/27299/SRR27299722/SRR27299722.lite.1,SRX22977485,GSM7985637,RNA-Seq,cDNA,TRANSCRIPTOMIC,PAIRED,0,0,ILLUMINA,Illumina NovaSeq 6000,SRP479194,PRJNA1055047,3,1055047,SRS19943115,SAMN38977824,simple,208963,Pseudomonas aeruginosa UCBPP-PA14,GSM7985637,,,,,,,no,,,,,"HUNG LAB, MOLECULAR BIOLOGY, MASSACHUSETTS GENERAL HOSPITAL",SRA1772980,,public,1122A159253FB22968B879AEF2E93B96,1FB673CB10DB1E625FE56CBE914DA366
SRR27299723,2024-10-11 21:37:52,2023-12-20 13:34:51,5588286,506160704,5588286,90,190,,https://sra-downloadb.be-md.ncbi.nlm.nih.gov/sos13/sra-pub-zq-1307/SRR027/27299/SRR27299723/SRR27299723.lite.1,SRX22977485,GSM7985637,RNA-Seq,cDNA,TRANSCRIPTOMIC,PAIRED,0,0,ILLUMINA,Illumina NovaSeq 6000,SRP479194,PRJNA1055047,3,1055047,SRS19943115,SAMN38977824,simple,208963,Pseudomonas aeruginosa UCBPP-PA14,GSM7985637,,,,,,,no,,,,,"HUNG LAB, MOLECULAR BIOLOGY, MASSACHUSETTS GENERAL HOSPITAL",SRA1772980,,public,60AF05E21672834F55D7F78B09DB1A63,BDA64A91DF475A3FC947102C69B8BB09
SRR27299721,2024-10-11 21:37:52,2023-12-20 13:34:28,2518287,228268970,2518287,90,86,,https://sra-downloadb.be-md.ncbi.nlm.nih.gov/sos13/sra-pub-zq-1307/SRR027/27299/SRR27299721/SRR27299721.lite.1,SRX22977486,GSM7985638,RNA-Seq,cDNA,TRANSCRIPTOMIC,PAIRED,0,0,ILLUMINA,Illumina NovaSeq 6000,SRP479194,PRJNA1055047,3,1055047,SRS19943112,SAMN38977823,simple,208963,Pseudomonas aeruginosa UCBPP-PA14,GSM7985638,,,,,,,no,,,,,"HUNG LAB, MOLECULAR BIOLOGY, MASSACHUSETTS GENERAL HOSPITAL",SRA1772980,,public,88F836DF4DC8A1766975E1B49D4598AA,4D9508877F5969086044B9741E3135FE
SRR27299719,2024-10-11 21:37:52,2023-12-20 13:34:19,3110531,281804940,3110531,90,106,,https://sra-downloadb.be-md.ncbi.nlm.nih.gov/sos13/sra-pub-zq-1307/SRR027/27299/SRR27299719/SRR27299719.lite.1,SRX22977487,GSM7985639,RNA-Seq,cDNA,TRANSCRIPTOMIC,PAIRED,0,0,ILLUMINA,Illumina NovaSeq 6000,SRP479194,PRJNA1055047,3,1055047,SRS19943114,SAMN38977822,simple,208963,Pseudomonas aeruginosa UCBPP-PA14,GSM7985639,,,,,,,no,,,,,"HUNG LAB, MOLECULAR BIOLOGY, MASSACHUSETTS GENERAL HOSPITAL",SRA1772980,,public,167F56EA1BD79968022371C4BEA470CE,E5C82C7EDE88EE99A3CD505A16D04661
SRR27299720,2024-10-11 21:37:52,2023-12-20 13:34:52,4057349,367509495,4057349,90,139,,https://sra-downloadb.be-md.ncbi.nlm.nih.gov/sos13/sra-pub-zq-1307/SRR027/27299/SRR27299720/SRR27299720.lite.1,SRX22977487,GSM7985639,RNA-Seq,cDNA,TRANSCRIPTOMIC,PAIRED,0,0,ILLUMINA,Illumina NovaSeq 6000,SRP479194,PRJNA1055047,3,1055047,SRS19943114,SAMN38977822,simple,208963,Pseudomonas aeruginosa UCBPP-PA14,GSM7985639,,,,,,,no,,,,,"HUNG LAB, MOLECULAR BIOLOGY, MASSACHUSETTS GENERAL HOSPITAL",SRA1772980,,public,740DBE9AF905D1FDAE05B293FEAC60F4,823CB5B6D9505B6ADFF26A64866E97BC
SRR27299718,2024-10-11 21:37:52,2023-12-20 13:34:10,1175173,106544874,1175173,90,40,,https://sra-downloadb.be-md.ncbi.nlm.nih.gov/sos13/sra-pub-zq-1307/SRR027/27299/SRR27299718/SRR27299718.lite.1,SRX22977488,GSM7985640,RNA-Seq,cDNA,TRANSCRIPTOMIC,PAIRED,0,0,ILLUMINA,Illumina NovaSeq 6000,SRP479194,PRJNA1055047,3,1055047,SRS19943117,SAMN38977821,simple,208963,Pseudomonas aeruginosa UCBPP-PA14,GSM7985640,,,,,,,no,,,,,"HUNG LAB, MOLECULAR BIOLOGY, MASSACHUSETTS GENERAL HOSPITAL",SRA1772980,,public,4421D9DB8C8884482B803AF2126A8729,C0785547C5CE2F3C19AE520871DA9D8D
SRR27299717,2024-10-11 21:37:52,2023-12-20 13:33:39,1448911,131381066,1448911,90,50,,https://sra-downloadb.be-md.ncbi.nlm.nih.gov/sos13/sra-pub-zq-1307/SRR027/27299/SRR27299717/SRR27299717.lite.1,SRX22977489,GSM7985641,RNA-Seq,cDNA,TRANSCRIPTOMIC,PAIRED,0,0,ILLUMINA,Illumina NovaSeq 6000,SRP479194,PRJNA1055047,3,1055047,SRS19943116,SAMN38977820,simple,208963,Pseudomonas aeruginosa UCBPP-PA14,GSM7985641,,,,,,,no,,,,,"HUNG LAB, MOLECULAR BIOLOGY, MASSACHUSETTS GENERAL HOSPITAL",SRA1772980,,public,8F51A27FB994411E52948E7828DC654B,A1FADA930F622C2B3E13DA1B0B170FF3
SRR27299716,2024-10-11 21:37:52,2023-12-20 13:33:36,1305604,118437588,1305604,90,44,,https://sra-downloadb.be-md.ncbi.nlm.nih.gov/sos13/sra-pub-zq-1307/SRR027/27299/SRR27299716/SRR27299716.lite.1,SRX22977490,GSM7985642,RNA-Seq,cDNA,TRANSCRIPTOMIC,PAIRED,0,0,ILLUMINA,Illumina NovaSeq 6000,SRP479194,PRJNA1055047,3,1055047,SRS19943118,SAMN38977819,simple,208963,Pseudomonas aeruginosa UCBPP-PA14,GSM7985642,,,,,,,no,,,,,"HUNG LAB, MOLECULAR BIOLOGY, MASSACHUSETTS GENERAL HOSPITAL",SRA1772980,,public,4704E420EA6A251A86D7A83A045FB002,7A8A7F4B632DD3916E356AC78AE6352B
SRR27299715,2024-10-11 21:37:52,2023-12-20 13:33:34,795886,72023017,795886,90,27,,https://sra-downloadb.be-md.ncbi.nlm.nih.gov/sos13/sra-pub-zq-1307/SRR027/27299/SRR27299715/SRR27299715.lite.1,SRX22977491,GSM7985643,RNA-Seq,cDNA,TRANSCRIPTOMIC,PAIRED,0,0,ILLUMINA,Illumina NovaSeq 6000,SRP479194,PRJNA1055047,3,1055047,SRS19943119,SAMN38977818,simple,208963,Pseudomonas aeruginosa UCBPP-PA14,GSM7985643,,,,,,,no,,,,,"HUNG LAB, MOLECULAR BIOLOGY, MASSACHUSETTS GENERAL HOSPITAL",SRA1772980,,public,6CA82B979FA0878A2EA48C55C4F18764,38958F7A8AB1B40A666C626B92496A8D
SRR27299714,2024-10-11 21:37:53,2023-12-20 13:34:29,1650913,149515637,1650913,90,57,,https://sra-downloadb.be-md.ncbi.nlm.nih.gov/sos13/sra-pub-zq-1307/SRR027/27299/SRR27299714/SRR27299714.lite.1,SRX22977492,GSM7985644,RNA-Seq,cDNA,TRANSCRIPTOMIC,PAIRED,0,0,ILLUMINA,Illumina NovaSeq 6000,SRP479194,PRJNA1055047,3,1055047,SRS19943120,SAMN38977817,simple,208963,Pseudomonas aeruginosa UCBPP-PA14,GSM7985644,,,,,,,no,,,,,"HUNG LAB, MOLECULAR BIOLOGY, MASSACHUSETTS GENERAL HOSPITAL",SRA1772980,,public,CC1B5FD736B73BD40B88634ECA669F46,3200E34D8D5F272BC2C4F93F78586E51
SRR27299713,2024-10-11 21:37:53,2023-12-20 13:34:09,1294455,117189748,1294455,90,44,,https://sra-downloadb.be-md.ncbi.nlm.nih.gov/sos13/sra-pub-zq-1307/SRR027/27299/SRR27299713/SRR27299713.lite.1,SRX22977493,GSM7985645,RNA-Seq,cDNA,TRANSCRIPTOMIC,PAIRED,0,0,ILLUMINA,Illumina NovaSeq 6000,SRP479194,PRJNA1055047,3,1055047,SRS19943121,SAMN38977816,simple,208963,Pseudomonas aeruginosa UCBPP-PA14,GSM7985645,,,,,,,no,,,,,"HUNG LAB, MOLECULAR BIOLOGY, MASSACHUSETTS GENERAL HOSPITAL",SRA1772980,,public,83723DCA1E9D6335BA82F051C0E45F44,7DBBEC11B4BF66D56A5574BC36A9A6A3
SRR27299712,2024-10-11 21:37:53,2023-12-20 13:34:26,1712023,154699994,1712023,90,59,,https://sra-downloadb.be-md.ncbi.nlm.nih.gov/sos13/sra-pub-zq-1307/SRR027/27299/SRR27299712/SRR27299712.lite.1,SRX22977494,GSM7985646,RNA-Seq,cDNA,TRANSCRIPTOMIC,PAIRED,0,0,ILLUMINA,Illumina NovaSeq 6000,SRP479194,PRJNA1055047,3,1055047,SRS19943123,SAMN38977815,simple,208963,Pseudomonas aeruginosa UCBPP-PA14,GSM7985646,,,,,,,no,,,,,"HUNG LAB, MOLECULAR BIOLOGY, MASSACHUSETTS GENERAL HOSPITAL",SRA1772980,,public,A42AD9FB63FA3B75BFFCBA12AD352AF5,02EE9BDD4CECF0854B41F86ABAAC24D7
SRR27299703,2024-10-11 21:38:47,2023-12-20 13:35:32,7201552,651088067,7201552,90,259,,https://sra-downloadb.be-md.ncbi.nlm.nih.gov/sos13/sra-pub-zq-1307/SRR027/27299/SRR27299703/SRR27299703.lite.1,SRX22977770,GSM7985257,RNA-Seq,cDNA,TRANSCRIPTOMIC,PAIRED,0,0,ILLUMINA,Illumina NovaSeq 6000,SRP479194,PRJNA1055047,3,1055047,SRS19943398,SAMN38978204,simple,208963,Pseudomonas aeruginosa UCBPP-PA14,GSM7985257,,,,,,,no,,,,,"HUNG LAB, MOLECULAR BIOLOGY, MASSACHUSETTS GENERAL HOSPITAL",SRA1772980,,public,26FBC71DCB0E405178874B2BEFCF373A,0B9E687047365ECA7DAFDE1ACE0CFF6F
SRR27299776,2024-10-11 21:37:44,2023-12-20 13:34:50,4578878,414882920,4578878,90,157,,https://sra-downloadb.be-md.ncbi.nlm.nih.gov/sos13/sra-pub-zq-1307/SRR027/27299/SRR27299776/SRR27299776.lite.1,SRX22977854,GSM7985533,RNA-Seq,cDNA,TRANSCRIPTOMIC,PAIRED,0,0,ILLUMINA,Illumina NovaSeq 6000,SRP479194,PRJNA1055047,3,1055047,SRS19943482,SAMN38977928,simple,208963,Pseudomonas aeruginosa UCBPP-PA14,GSM7985533,,,,,,,no,,,,,"HUNG LAB, MOLECULAR BIOLOGY, MASSACHUSETTS GENERAL HOSPITAL",SRA1772980,,public,77D1D07FEC8B940B6977F0B0510E2AD3,CC89757420286A87409BAE98FACB10EE
SRR27299819,2024-10-11 21:38:41,2023-12-20 13:35:50,9219791,833782826,9219791,90,333,,https://sra-downloadb.be-md.ncbi.nlm.nih.gov/sos13/sra-pub-zq-1307/SRR027/27299/SRR27299819/SRR27299819.lite.1,SRX22977405,GSM7985205,RNA-Seq,cDNA,TRANSCRIPTOMIC,PAIRED,0,0,ILLUMINA,Illumina NovaSeq 6000,SRP479194,PRJNA1055047,3,1055047,SRS19943033,SAMN38978256,simple,208963,Pseudomonas aeruginosa UCBPP-PA14,GSM7985205,,,,,,,no,,,,,"HUNG LAB, MOLECULAR BIOLOGY, MASSACHUSETTS GENERAL HOSPITAL",SRA1772980,,public,C04E2D5C1B2ABFAFDEA7F32B963F1D02,BB6BB48889784D9040563D67B731357C
SRR27299818,2024-10-11 21:38:41,2023-12-20 13:34:49,5322910,480408902,5322910,90,192,,https://sra-downloadb.be-md.ncbi.nlm.nih.gov/sos13/sra-pub-zq-1307/SRR027/27299/SRR27299818/SRR27299818.lite.1,SRX22977406,GSM7985206,RNA-Seq,cDNA,TRANSCRIPTOMIC,PAIRED,0,0,ILLUMINA,Illumina NovaSeq 6000,SRP479194,PRJNA1055047,3,1055047,SRS19943034,SAMN38978255,simple,208963,Pseudomonas aeruginosa UCBPP-PA14,GSM7985206,,,,,,,no,,,,,"HUNG LAB, MOLECULAR BIOLOGY, MASSACHUSETTS GENERAL HOSPITAL",SRA1772980,,public,D10599756437298591288187B3EA2CB1,A85A8E84FB01E486A45F53E706C2D70A
SRR27299817,2024-10-11 21:38:41,2023-12-20 13:38:14,13628327,1230405087,13628327,90,492,,https://sra-downloadb.be-md.ncbi.nlm.nih.gov/sos13/sra-pub-zq-1307/SRR027/27299/SRR27299817/SRR27299817.lite.1,SRX22977407,GSM7985207,RNA-Seq,cDNA,TRANSCRIPTOMIC,PAIRED,0,0,ILLUMINA,Illumina NovaSeq 6000,SRP479194,PRJNA1055047,3,1055047,SRS19943035,SAMN38978254,simple,208963,Pseudomonas aeruginosa UCBPP-PA14,GSM7985207,,,,,,,no,,,,,"HUNG LAB, MOLECULAR BIOLOGY, MASSACHUSETTS GENERAL HOSPITAL",SRA1772980,,public,83070271AB992CD75A0D60CB915BAB74,80AE684E108E7E93F49AA542B14D1052
SRR27299816,2024-10-11 21:38:45,2023-12-20 13:37:13,15827944,1427154483,15827944,90,575,,https://sra-downloadb.be-md.ncbi.nlm.nih.gov/sos13/sra-pub-zq-1307/SRR027/27299/SRR27299816/SRR27299816.lite.1,SRX22977408,GSM7985240,RNA-Seq,cDNA,TRANSCRIPTOMIC,PAIRED,0,0,ILLUMINA,Illumina NovaSeq 6000,SRP479194,PRJNA1055047,3,1055047,SRS19943038,SAMN38978221,simple,208963,Pseudomonas aeruginosa UCBPP-PA14,GSM7985240,,,,,,,no,,,,,"HUNG LAB, MOLECULAR BIOLOGY, MASSACHUSETTS GENERAL HOSPITAL",SRA1772980,,public,FB3B44EE45D665984E17F857CB64B172,DCEA40DD8D2436B3C943837B670116FE
SRR27299815,2024-10-11 21:38:45,2023-12-20 13:36:12,15312839,1380312534,15312839,90,552,,https://sra-downloadb.be-md.ncbi.nlm.nih.gov/sos13/sra-pub-zq-1307/SRR027/27299/SRR27299815/SRR27299815.lite.1,SRX22977409,GSM7985241,RNA-Seq,cDNA,TRANSCRIPTOMIC,PAIRED,0,0,ILLUMINA,Illumina NovaSeq 6000,SRP479194,PRJNA1055047,3,1055047,SRS19943037,SAMN38978220,simple,208963,Pseudomonas aeruginosa UCBPP-PA14,GSM7985241,,,,,,,no,,,,,"HUNG LAB, MOLECULAR BIOLOGY, MASSACHUSETTS GENERAL HOSPITAL",SRA1772980,,public,06E8C83BF2546A9A07340773F335B193,314D9258F40A299A33FEC8AE0EA25E39
SRR27299814,2024-10-11 21:38:45,2023-12-20 13:39:25,21794614,1973805401,21794614,90,793,,https://sra-downloadb.be-md.ncbi.nlm.nih.gov/sos13/sra-pub-zq-1307/SRR027/27299/SRR27299814/SRR27299814.lite.1,SRX22977410,GSM7985242,RNA-Seq,cDNA,TRANSCRIPTOMIC,PAIRED,0,0,ILLUMINA,Illumina NovaSeq 6000,SRP479194,PRJNA1055047,3,1055047,SRS19943036,SAMN38978219,simple,208963,Pseudomonas aeruginosa UCBPP-PA14,GSM7985242,,,,,,,no,,,,,"HUNG LAB, MOLECULAR BIOLOGY, MASSACHUSETTS GENERAL HOSPITAL",SRA1772980,,public,0CCDAC5ED6507F091A9E87AA43283E06,091CBE4EF1FC89526D3A11EA0E835F8A
SRR27299813,2024-10-11 21:38:45,2023-12-20 13:37:00,10096481,911910982,10096481,90,366,,https://sra-downloadb.be-md.ncbi.nlm.nih.gov/sos13/sra-pub-zq-1307/SRR027/27299/SRR27299813/SRR27299813.lite.1,SRX22977411,GSM7985243,RNA-Seq,cDNA,TRANSCRIPTOMIC,PAIRED,0,0,ILLUMINA,Illumina NovaSeq 6000,SRP479194,PRJNA1055047,3,1055047,SRS19943039,SAMN38978218,simple,208963,Pseudomonas aeruginosa UCBPP-PA14,GSM7985243,,,,,,,no,,,,,"HUNG LAB, MOLECULAR BIOLOGY, MASSACHUSETTS GENERAL HOSPITAL",SRA1772980,,public,ED617774528C1FB0CE70717D65AB6F10,F24669187845E49A269A7B86CFAD6616
SRR27299812,2024-10-11 21:38:45,2023-12-20 13:35:21,6452412,582452673,6452412,90,235,,https://sra-downloadb.be-md.ncbi.nlm.nih.gov/sos13/sra-pub-zq-1307/SRR027/27299/SRR27299812/SRR27299812.lite.1,SRX22977412,GSM7985244,RNA-Seq,cDNA,TRANSCRIPTOMIC,PAIRED,0,0,ILLUMINA,Illumina NovaSeq 6000,SRP479194,PRJNA1055047,3,1055047,SRS19943040,SAMN38978217,simple,208963,Pseudomonas aeruginosa UCBPP-PA14,GSM7985244,,,,,,,no,,,,,"HUNG LAB, MOLECULAR BIOLOGY, MASSACHUSETTS GENERAL HOSPITAL",SRA1772980,,public,70E6F81364924682A03DE1E9D8770FA1,6BF41DCF919D9A524D55E74993977D5A
SRR27299811,2024-10-11 21:38:45,2023-12-20 13:35:22,8903234,805505025,8903234,90,322,,https://sra-downloadb.be-md.ncbi.nlm.nih.gov/sos13/sra-pub-zq-1307/SRR027/27299/SRR27299811/SRR27299811.lite.1,SRX22977413,GSM7985245,RNA-Seq,cDNA,TRANSCRIPTOMIC,PAIRED,0,0,ILLUMINA,Illumina NovaSeq 6000,SRP479194,PRJNA1055047,3,1055047,SRS19943041,SAMN38978216,simple,208963,Pseudomonas aeruginosa UCBPP-PA14,GSM7985245,,,,,,,no,,,,,"HUNG LAB, MOLECULAR BIOLOGY, MASSACHUSETTS GENERAL HOSPITAL",SRA1772980,,public,8414FCA2ECFE6BE04D9CF44460B2EBD2,07BABB077561EE647A9FA8DF6D234B0A
SRR27299810,2024-10-11 21:38:45,2023-12-20 13:34:36,4611358,415080554,4611358,90,166,,https://sra-downloadb.be-md.ncbi.nlm.nih.gov/sos13/sra-pub-zq-1307/SRR027/27299/SRR27299810/SRR27299810.lite.1,SRX22977414,GSM7985246,RNA-Seq,cDNA,TRANSCRIPTOMIC,PAIRED,0,0,ILLUMINA,Illumina NovaSeq 6000,SRP479194,PRJNA1055047,3,1055047,SRS19943043,SAMN38978215,simple,208963,Pseudomonas aeruginosa UCBPP-PA14,GSM7985246,,,,,,,no,,,,,"HUNG LAB, MOLECULAR BIOLOGY, MASSACHUSETTS GENERAL HOSPITAL",SRA1772980,,public,BA68D82A4E7CEC6A5B73D9F4145B7346,12EF617CB033C00E21940A38D37FA54C
SRR27299809,2024-10-11 21:38:46,2023-12-20 13:35:04,4274860,384544829,4274860,89,155,,https://sra-downloadb.be-md.ncbi.nlm.nih.gov/sos13/sra-pub-zq-1307/SRR027/27299/SRR27299809/SRR27299809.lite.1,SRX22977415,GSM7985247,RNA-Seq,cDNA,TRANSCRIPTOMIC,PAIRED,0,0,ILLUMINA,Illumina NovaSeq 6000,SRP479194,PRJNA1055047,3,1055047,SRS19943042,SAMN38978214,simple,208963,Pseudomonas aeruginosa UCBPP-PA14,GSM7985247,,,,,,,no,,,,,"HUNG LAB, MOLECULAR BIOLOGY, MASSACHUSETTS GENERAL HOSPITAL",SRA1772980,,public,602E55D347CD9CFEC9F534913A04E5D0,DC2A3B260D396D3E3CA91A7E94C14CED
SRR27299808,2024-10-11 21:38:46,2023-12-20 13:34:42,3445556,311258331,3445556,90,125,,https://sra-downloadb.be-md.ncbi.nlm.nih.gov/sos13/sra-pub-zq-1307/SRR027/27299/SRR27299808/SRR27299808.lite.1,SRX22977416,GSM7985248,RNA-Seq,cDNA,TRANSCRIPTOMIC,PAIRED,0,0,ILLUMINA,Illumina NovaSeq 6000,SRP479194,PRJNA1055047,3,1055047,SRS19943046,SAMN38978213,simple,208963,Pseudomonas aeruginosa UCBPP-PA14,GSM7985248,,,,,,,no,,,,,"HUNG LAB, MOLECULAR BIOLOGY, MASSACHUSETTS GENERAL HOSPITAL",SRA1772980,,public,DD688C8F73418CA76AED5F4EE03C784F,AA4BB6DFDAF6A32CAEDE186FE43921CB
SRR27299807,2024-10-11 21:38:46,2023-12-20 13:35:21,5899532,533001458,5899532,90,213,,https://sra-downloadb.be-md.ncbi.nlm.nih.gov/sos13/sra-pub-zq-1307/SRR027/27299/SRR27299807/SRR27299807.lite.1,SRX22977417,GSM7985249,RNA-Seq,cDNA,TRANSCRIPTOMIC,PAIRED,0,0,ILLUMINA,Illumina NovaSeq 6000,SRP479194,PRJNA1055047,3,1055047,SRS19943044,SAMN38978212,simple,208963,Pseudomonas aeruginosa UCBPP-PA14,GSM7985249,,,,,,,no,,,,,"HUNG LAB, MOLECULAR BIOLOGY, MASSACHUSETTS GENERAL HOSPITAL",SRA1772980,,public,FC7E510B945C0512457E610E83C96EC9,A3E628B801141917C36D78FACC477121
SRR27299806,2024-10-11 21:38:46,2023-12-20 13:34:41,2852848,257551919,2852848,90,103,,https://sra-downloadb.be-md.ncbi.nlm.nih.gov/sos13/sra-pub-zq-1307/SRR027/27299/SRR27299806/SRR27299806.lite.1,SRX22977418,GSM7985250,RNA-Seq,cDNA,TRANSCRIPTOMIC,PAIRED,0,0,ILLUMINA,Illumina NovaSeq 6000,SRP479194,PRJNA1055047,3,1055047,SRS19943045,SAMN38978211,simple,208963,Pseudomonas aeruginosa UCBPP-PA14,GSM7985250,,,,,,,no,,,,,"HUNG LAB, MOLECULAR BIOLOGY, MASSACHUSETTS GENERAL HOSPITAL",SRA1772980,,public,B43C0CF857BDDDF22421A4131C8C3C5B,B243840843BACE1153C0AF1F52E80E69
SRR27299805,2024-10-11 21:38:46,2023-12-20 13:34:50,3612272,326003332,3612272,90,130,,https://sra-downloadb.be-md.ncbi.nlm.nih.gov/sos13/sra-pub-zq-1307/SRR027/27299/SRR27299805/SRR27299805.lite.1,SRX22977419,GSM7985251,RNA-Seq,cDNA,TRANSCRIPTOMIC,PAIRED,0,0,ILLUMINA,Illumina NovaSeq 6000,SRP479194,PRJNA1055047,3,1055047,SRS19943047,SAMN38978210,simple,208963,Pseudomonas aeruginosa UCBPP-PA14,GSM7985251,,,,,,,no,,,,,"HUNG LAB, MOLECULAR BIOLOGY, MASSACHUSETTS GENERAL HOSPITAL",SRA1772980,,public,E407599CC14CD3D4137812B485FCDA93,1BE6F88F100E7BD6A3654528D8D79137
SRR27299804,2024-10-11 21:38:46,2023-12-20 13:36:20,10073000,907396562,10073000,90,371,,https://sra-downloadb.be-md.ncbi.nlm.nih.gov/sos13/sra-pub-zq-1307/SRR027/27299/SRR27299804/SRR27299804.lite.1,SRX22977420,GSM7985252,RNA-Seq,cDNA,TRANSCRIPTOMIC,PAIRED,0,0,ILLUMINA,Illumina NovaSeq 6000,SRP479194,PRJNA1055047,3,1055047,SRS19943049,SAMN38978209,simple,208963,Pseudomonas aeruginosa UCBPP-PA14,GSM7985252,,,,,,,no,,,,,"HUNG LAB, MOLECULAR BIOLOGY, MASSACHUSETTS GENERAL HOSPITAL",SRA1772980,,public,59B0F3DF2BAC6A69205336C25A5A4CEC,0A129EDA053BE1E0F60AC09EBF8867F8
SRR27299974,2024-10-11 21:39:14,2023-12-20 13:35:56,3418746,308767902,3418746,90,120,,https://sra-downloadb.be-md.ncbi.nlm.nih.gov/sos13/sra-pub-zq-1307/SRR027/27299/SRR27299974/SRR27299974.lite.1,SRX22977457,GSM7985465,RNA-Seq,cDNA,TRANSCRIPTOMIC,PAIRED,0,0,ILLUMINA,Illumina NovaSeq 6000,SRP479194,PRJNA1055047,3,1055047,SRS19943085,SAMN38977996,simple,208963,Pseudomonas aeruginosa UCBPP-PA14,GSM7985465,,,,,,,no,,,,,"HUNG LAB, MOLECULAR BIOLOGY, MASSACHUSETTS GENERAL HOSPITAL",SRA1772980,,public,3CE7BC3CAA38EED3F417AD75786C9873,8A7BECD86944F6E664AB6ED1494C3708
SRR27300084,2024-10-11 21:39:04,2023-12-20 13:35:51,2348796,211795872,2348796,90,82,,https://sra-downloadb.be-md.ncbi.nlm.nih.gov/sos13/sra-pub-zq-1307/SRR027/27300/SRR27300084/SRR27300084.lite.1,SRX22977506,GSM7985381,RNA-Seq,cDNA,TRANSCRIPTOMIC,PAIRED,0,0,ILLUMINA,Illumina NovaSeq 6000,SRP479194,PRJNA1055047,3,1055047,SRS19943134,SAMN38978080,simple,208963,Pseudomonas aeruginosa UCBPP-PA14,GSM7985381,,,,,,,no,,,,,"HUNG LAB, MOLECULAR BIOLOGY, MASSACHUSETTS GENERAL HOSPITAL",SRA1772980,,public,155E4B5A7A453EF89B03FEC7B31C317B,92571B104ED2FFC2F9A66D887927969B
SRR27300083,2024-10-11 21:39:04,2023-12-20 13:35:32,1448490,130555723,1448490,90,51,,https://sra-downloadb.be-md.ncbi.nlm.nih.gov/sos13/sra-pub-zq-1307/SRR027/27300/SRR27300083/SRR27300083.lite.1,SRX22977507,GSM7985382,RNA-Seq,cDNA,TRANSCRIPTOMIC,PAIRED,0,0,ILLUMINA,Illumina NovaSeq 6000,SRP479194,PRJNA1055047,3,1055047,SRS19943137,SAMN38978079,simple,208963,Pseudomonas aeruginosa UCBPP-PA14,GSM7985382,,,,,,,no,,,,,"HUNG LAB, MOLECULAR BIOLOGY, MASSACHUSETTS GENERAL HOSPITAL",SRA1772980,,public,7DBAEDF59386330617F91E9FA54DD4CE,FCF88102D35B4B423ED09E5F927EE11D
SRR27300082,2024-10-11 21:39:04,2023-12-20 13:35:36,1198797,108032906,1198797,90,42,,https://sra-downloadb.be-md.ncbi.nlm.nih.gov/sos13/sra-pub-zq-1307/SRR027/27300/SRR27300082/SRR27300082.lite.1,SRX22977508,GSM7985383,RNA-Seq,cDNA,TRANSCRIPTOMIC,PAIRED,0,0,ILLUMINA,Illumina NovaSeq 6000,SRP479194,PRJNA1055047,3,1055047,SRS19943135,SAMN38978078,simple,208963,Pseudomonas aeruginosa UCBPP-PA14,GSM7985383,,,,,,,no,,,,,"HUNG LAB, MOLECULAR BIOLOGY, MASSACHUSETTS GENERAL HOSPITAL",SRA1772980,,public,97A35D28E048E8A585ACF631001CBABA,193BCC8F53F2DE15C322293DBA2B4501
SRR27300081,2024-10-11 21:39:08,2023-12-20 13:36:41,6468189,584280047,6468189,90,227,,https://sra-downloadb.be-md.ncbi.nlm.nih.gov/sos13/sra-pub-zq-1307/SRR027/27300/SRR27300081/SRR27300081.lite.1,SRX22977509,GSM7985416,RNA-Seq,cDNA,TRANSCRIPTOMIC,PAIRED,0,0,ILLUMINA,Illumina NovaSeq 6000,SRP479194,PRJNA1055047,3,1055047,SRS19943136,SAMN38978045,simple,208963,Pseudomonas aeruginosa UCBPP-PA14,GSM7985416,,,,,,,no,,,,,"HUNG LAB, MOLECULAR BIOLOGY, MASSACHUSETTS GENERAL HOSPITAL",SRA1772980,,public,8C7D836D8B8C46998C4FC95D14130843,6A63F3F1A841D9ED62DFEC2E6E33B365
SRR27300080,2024-10-11 21:39:08,2023-12-20 13:35:37,2566107,230952951,2566107,90,90,,https://sra-downloadb.be-md.ncbi.nlm.nih.gov/sos13/sra-pub-zq-1307/SRR027/27300/SRR27300080/SRR27300080.lite.1,SRX22977510,GSM7985417,RNA-Seq,cDNA,TRANSCRIPTOMIC,PAIRED,0,0,ILLUMINA,Illumina NovaSeq 6000,SRP479194,PRJNA1055047,3,1055047,SRS19943138,SAMN38978044,simple,208963,Pseudomonas aeruginosa UCBPP-PA14,GSM7985417,,,,,,,no,,,,,"HUNG LAB, MOLECULAR BIOLOGY, MASSACHUSETTS GENERAL HOSPITAL",SRA1772980,,public,241E29F38A33627231B6AE3E1EEC4065,55206B4A12D3BFD37187F23D7E2F8B02
SRR27300079,2024-10-11 21:39:09,2023-12-20 13:35:13,2051090,185287680,2051090,90,72,,https://sra-downloadb.be-md.ncbi.nlm.nih.gov/sos13/sra-pub-zq-1307/SRR027/27300/SRR27300079/SRR27300079.lite.1,SRX22977511,GSM7985418,RNA-Seq,cDNA,TRANSCRIPTOMIC,PAIRED,0,0,ILLUMINA,Illumina NovaSeq 6000,SRP479194,PRJNA1055047,3,1055047,SRS19943139,SAMN38978043,simple,208963,Pseudomonas aeruginosa UCBPP-PA14,GSM7985418,,,,,,,no,,,,,"HUNG LAB, MOLECULAR BIOLOGY, MASSACHUSETTS GENERAL HOSPITAL",SRA1772980,,public,CC4BE3FDE70C91894AA3BABB8BD1D2BB,4F2B6D15847E69FF5E33BC13B666A43F
SRR27300078,2024-10-11 21:39:09,2023-12-20 13:35:20,2107083,190702519,2107083,90,75,,https://sra-downloadb.be-md.ncbi.nlm.nih.gov/sos13/sra-pub-zq-1307/SRR027/27300/SRR27300078/SRR27300078.lite.1,SRX22977512,GSM7985419,RNA-Seq,cDNA,TRANSCRIPTOMIC,PAIRED,0,0,ILLUMINA,Illumina NovaSeq 6000,SRP479194,PRJNA1055047,3,1055047,SRS19943140,SAMN38978042,simple,208963,Pseudomonas aeruginosa UCBPP-PA14,GSM7985419,,,,,,,no,,,,,"HUNG LAB, MOLECULAR BIOLOGY, MASSACHUSETTS GENERAL HOSPITAL",SRA1772980,,public,87055567EB15C3C27A2A0A88BF7C4463,0686948FF01C092900DEF6659EC2848B
SRR27300077,2024-10-11 21:39:09,2023-12-20 13:35:24,2193450,197903233,2193450,90,76,,https://sra-downloadb.be-md.ncbi.nlm.nih.gov/sos13/sra-pub-zq-1307/SRR027/27300/SRR27300077/SRR27300077.lite.1,SRX22977513,GSM7985420,RNA-Seq,cDNA,TRANSCRIPTOMIC,PAIRED,0,0,ILLUMINA,Illumina NovaSeq 6000,SRP479194,PRJNA1055047,3,1055047,SRS19943141,SAMN38978041,simple,208963,Pseudomonas aeruginosa UCBPP-PA14,GSM7985420,,,,,,,no,,,,,"HUNG LAB, MOLECULAR BIOLOGY, MASSACHUSETTS GENERAL HOSPITAL",SRA1772980,,public,EE9E857A8A2FF2FE9371D9AEA5035753,F1D23791E6F162409F98DFA3FF23AF53
SRR27300076,2024-10-11 21:39:09,2023-12-20 13:35:45,1663728,149557185,1663728,89,58,,https://sra-downloadb.be-md.ncbi.nlm.nih.gov/sos13/sra-pub-zq-1307/SRR027/27300/SRR27300076/SRR27300076.lite.1,SRX22977514,GSM7985421,RNA-Seq,cDNA,TRANSCRIPTOMIC,PAIRED,0,0,ILLUMINA,Illumina NovaSeq 6000,SRP479194,PRJNA1055047,3,1055047,SRS19943145,SAMN38978040,simple,208963,Pseudomonas aeruginosa UCBPP-PA14,GSM7985421,,,,,,,no,,,,,"HUNG LAB, MOLECULAR BIOLOGY, MASSACHUSETTS GENERAL HOSPITAL",SRA1772980,,public,B4A1C650BDB9D88952648F56A220F66F,883530E99D35A8808CD1C7FFB6DEB644
SRR27300075,2024-10-11 21:39:09,2023-12-20 13:35:35,1696536,152773576,1696536,90,60,,https://sra-downloadb.be-md.ncbi.nlm.nih.gov/sos13/sra-pub-zq-1307/SRR027/27300/SRR27300075/SRR27300075.lite.1,SRX22977515,GSM7985422,RNA-Seq,cDNA,TRANSCRIPTOMIC,PAIRED,0,0,ILLUMINA,Illumina NovaSeq 6000,SRP479194,PRJNA1055047,3,1055047,SRS19943144,SAMN38978039,simple,208963,Pseudomonas aeruginosa UCBPP-PA14,GSM7985422,,,,,,,no,,,,,"HUNG LAB, MOLECULAR BIOLOGY, MASSACHUSETTS GENERAL HOSPITAL",SRA1772980,,public,2FB37E597A103A3730127C61D424FEEE,D0BD66C45C6F0487ECFF3EC62AF87733
SRR27300074,2024-10-11 21:39:09,2023-12-20 13:34:50,1299099,116998896,1299099,90,46,,https://sra-downloadb.be-md.ncbi.nlm.nih.gov/sos13/sra-pub-zq-1307/SRR027/27300/SRR27300074/SRR27300074.lite.1,SRX22977516,GSM7985423,RNA-Seq,cDNA,TRANSCRIPTOMIC,PAIRED,0,0,ILLUMINA,Illumina NovaSeq 6000,SRP479194,PRJNA1055047,3,1055047,SRS19943142,SAMN38978038,simple,208963,Pseudomonas aeruginosa UCBPP-PA14,GSM7985423,,,,,,,no,,,,,"HUNG LAB, MOLECULAR BIOLOGY, MASSACHUSETTS GENERAL HOSPITAL",SRA1772980,,public,AED8913515AC8C4B61546ADD118EB815,1F31DEFF6FA3D6EB0D8D7DE776754536
SRR27300073,2024-10-11 21:39:09,2023-12-20 13:35:31,839079,75629057,839079,90,29,,https://sra-downloadb.be-md.ncbi.nlm.nih.gov/sos13/sra-pub-zq-1307/SRR027/27300/SRR27300073/SRR27300073.lite.1,SRX22977517,GSM7985424,RNA-Seq,cDNA,TRANSCRIPTOMIC,PAIRED,0,0,ILLUMINA,Illumina NovaSeq 6000,SRP479194,PRJNA1055047,3,1055047,SRS19943143,SAMN38978037,simple,208963,Pseudomonas aeruginosa UCBPP-PA14,GSM7985424,,,,,,,no,,,,,"HUNG LAB, MOLECULAR BIOLOGY, MASSACHUSETTS GENERAL HOSPITAL",SRA1772980,,public,9FE6BEF2DD49D3A4CE8BAA316649611E,F0CC30E94C386A285057D23709AFD504
SRR27300072,2024-10-11 21:39:09,2023-12-20 13:35:28,3035698,274193322,3035698,90,108,,https://sra-downloadb.be-md.ncbi.nlm.nih.gov/sos13/sra-pub-zq-1307/SRR027/27300/SRR27300072/SRR27300072.lite.1,SRX22977518,GSM7985425,RNA-Seq,cDNA,TRANSCRIPTOMIC,PAIRED,0,0,ILLUMINA,Illumina NovaSeq 6000,SRP479194,PRJNA1055047,3,1055047,SRS19943146,SAMN38978036,simple,208963,Pseudomonas aeruginosa UCBPP-PA14,GSM7985425,,,,,,,no,,,,,"HUNG LAB, MOLECULAR BIOLOGY, MASSACHUSETTS GENERAL HOSPITAL",SRA1772980,,public,8FF28A72C19C307A130EF4A9330DD661,28F6DCC8A8EDBFFF00AA2E051B93BD71
SRR27300071,2024-10-11 21:39:09,2023-12-20 13:35:29,1420264,127724731,1420264,89,49,,https://sra-downloadb.be-md.ncbi.nlm.nih.gov/sos13/sra-pub-zq-1307/SRR027/27300/SRR27300071/SRR27300071.lite.1,SRX22977519,GSM7985426,RNA-Seq,cDNA,TRANSCRIPTOMIC,PAIRED,0,0,ILLUMINA,Illumina NovaSeq 6000,SRP479194,PRJNA1055047,3,1055047,SRS19943147,SAMN38978035,simple,208963,Pseudomonas aeruginosa UCBPP-PA14,GSM7985426,,,,,,,no,,,,,"HUNG LAB, MOLECULAR BIOLOGY, MASSACHUSETTS GENERAL HOSPITAL",SRA1772980,,public,FFC3FADA375CE383184C23AE19F8DB18,047EE576E7A985598F4E4CCADF46B51F
SRR27300070,2024-10-11 21:39:10,2023-12-20 13:35:52,2516453,227433285,2516453,90,88,,https://sra-downloadb.be-md.ncbi.nlm.nih.gov/sos13/sra-pub-zq-1307/SRR027/27300/SRR27300070/SRR27300070.lite.1,SRX22977520,GSM7985427,RNA-Seq,cDNA,TRANSCRIPTOMIC,PAIRED,0,0,ILLUMINA,Illumina NovaSeq 6000,SRP479194,PRJNA1055047,3,1055047,SRS19943148,SAMN38978034,simple,208963,Pseudomonas aeruginosa UCBPP-PA14,GSM7985427,,,,,,,no,,,,,"HUNG LAB, MOLECULAR BIOLOGY, MASSACHUSETTS GENERAL HOSPITAL",SRA1772980,,public,F8A9584603A2986D0476935F66F515F1,3D75C4FAF73226B4204A01C4420EEA60
SRR27300069,2024-10-11 21:39:10,2023-12-20 13:35:42,2284568,206627143,2284568,90,81,,https://sra-downloadb.be-md.ncbi.nlm.nih.gov/sos13/sra-pub-zq-1307/SRR027/27300/SRR27300069/SRR27300069.lite.1,SRX22977521,GSM7985428,RNA-Seq,cDNA,TRANSCRIPTOMIC,PAIRED,0,0,ILLUMINA,Illumina NovaSeq 6000,SRP479194,PRJNA1055047,3,1055047,SRS19943149,SAMN38978033,simple,208963,Pseudomonas aeruginosa UCBPP-PA14,GSM7985428,,,,,,,no,,,,,"HUNG LAB, MOLECULAR BIOLOGY, MASSACHUSETTS GENERAL HOSPITAL",SRA1772980,,public,4B4068C373ED896539516DF7B2C9FFF4,F499FB5C50C3AEF5FB92FF33B459CC04
SRR27300068,2024-10-11 21:39:10,2023-12-20 13:34:45,1167747,105293307,1167747,90,41,,https://sra-downloadb.be-md.ncbi.nlm.nih.gov/sos13/sra-pub-zq-1307/SRR027/27300/SRR27300068/SRR27300068.lite.1,SRX22977522,GSM7985429,RNA-Seq,cDNA,TRANSCRIPTOMIC,PAIRED,0,0,ILLUMINA,Illumina NovaSeq 6000,SRP479194,PRJNA1055047,3,1055047,SRS19943151,SAMN38978032,simple,208963,Pseudomonas aeruginosa UCBPP-PA14,GSM7985429,,,,,,,no,,,,,"HUNG LAB, MOLECULAR BIOLOGY, MASSACHUSETTS GENERAL HOSPITAL",SRA1772980,,public,D20B080804F90022371F6DA149329D42,81053878D26A9E39BF9BFE331F8EB136
SRR27300067,2024-10-11 21:39:10,2023-12-20 13:35:32,1272123,114396700,1272123,89,44,,https://sra-downloadb.be-md.ncbi.nlm.nih.gov/sos13/sra-pub-zq-1307/SRR027/27300/SRR27300067/SRR27300067.lite.1,SRX22977523,GSM7985430,RNA-Seq,cDNA,TRANSCRIPTOMIC,PAIRED,0,0,ILLUMINA,Illumina NovaSeq 6000,SRP479194,PRJNA1055047,3,1055047,SRS19943150,SAMN38978031,simple,208963,Pseudomonas aeruginosa UCBPP-PA14,GSM7985430,,,,,,,no,,,,,"HUNG LAB, MOLECULAR BIOLOGY, MASSACHUSETTS GENERAL HOSPITAL",SRA1772980,,public,59C9FDE5B42F4F8264C2F64900E97D0E,ACB7D0055471FFF953C97AF789C4D08E
SRR27300066,2024-10-11 21:39:10,2023-12-20 13:34:53,2011414,181082415,2011414,90,71,,https://sra-downloadb.be-md.ncbi.nlm.nih.gov/sos13/sra-pub-zq-1307/SRR027/27300/SRR27300066/SRR27300066.lite.1,SRX22977524,GSM7985431,RNA-Seq,cDNA,TRANSCRIPTOMIC,PAIRED,0,0,ILLUMINA,Illumina NovaSeq 6000,SRP479194,PRJNA1055047,3,1055047,SRS19943154,SAMN38978030,simple,208963,Pseudomonas aeruginosa UCBPP-PA14,GSM7985431,,,,,,,no,,,,,"HUNG LAB, MOLECULAR BIOLOGY, MASSACHUSETTS GENERAL HOSPITAL",SRA1772980,,public,B3BB0B09D4C76D4D01DBEB3967A04B0F,416E573FE91963F22C2E013752F366E8
SRR27300065,2024-10-11 21:39:12,2023-12-20 13:35:54,2990844,269186488,2990844,90,104,,https://sra-downloadb.be-md.ncbi.nlm.nih.gov/sos13/sra-pub-zq-1307/SRR027/27300/SRR27300065/SRR27300065.lite.1,SRX22977525,GSM7985448,RNA-Seq,cDNA,TRANSCRIPTOMIC,PAIRED,0,0,ILLUMINA,Illumina NovaSeq 6000,SRP479194,PRJNA1055047,3,1055047,SRS19943152,SAMN38978013,simple,208963,Pseudomonas aeruginosa UCBPP-PA14,GSM7985448,,,,,,,no,,,,,"HUNG LAB, MOLECULAR BIOLOGY, MASSACHUSETTS GENERAL HOSPITAL",SRA1772980,,public,905CB021A15147886CB228FA64A55FE4,00E960CBD7A7C041638B46931EA76C32
SRR27300064,2024-10-11 21:39:12,2023-12-20 13:35:14,4504446,405711158,4504446,90,157,,https://sra-downloadb.be-md.ncbi.nlm.nih.gov/sos13/sra-pub-zq-1307/SRR027/27300/SRR27300064/SRR27300064.lite.1,SRX22977526,GSM7985449,RNA-Seq,cDNA,TRANSCRIPTOMIC,PAIRED,0,0,ILLUMINA,Illumina NovaSeq 6000,SRP479194,PRJNA1055047,3,1055047,SRS19943153,SAMN38978012,simple,208963,Pseudomonas aeruginosa UCBPP-PA14,GSM7985449,,,,,,,no,,,,,"HUNG LAB, MOLECULAR BIOLOGY, MASSACHUSETTS GENERAL HOSPITAL",SRA1772980,,public,23728A50C6F2F096C9E71401251CE485,E3E483D55CD10938B2AE8F4622DB818F
SRR27300063,2024-10-11 21:39:12,2023-12-20 13:34:59,4269467,385753528,4269467,90,150,,https://sra-downloadb.be-md.ncbi.nlm.nih.gov/sos13/sra-pub-zq-1307/SRR027/27300/SRR27300063/SRR27300063.lite.1,SRX22977527,GSM7985450,RNA-Seq,cDNA,TRANSCRIPTOMIC,PAIRED,0,0,ILLUMINA,Illumina NovaSeq 6000,SRP479194,PRJNA1055047,3,1055047,SRS19943156,SAMN38978011,simple,208963,Pseudomonas aeruginosa UCBPP-PA14,GSM7985450,,,,,,,no,,,,,"HUNG LAB, MOLECULAR BIOLOGY, MASSACHUSETTS GENERAL HOSPITAL",SRA1772980,,public,BFA5ADAF2EFCD165E3E427F5224770C7,87BFD5D44109C17CB8D7517D2EE7F157
SRR27300062,2024-10-11 21:39:12,2023-12-20 13:35:32,1777310,160123807,1777310,90,62,,https://sra-downloadb.be-md.ncbi.nlm.nih.gov/sos13/sra-pub-zq-1307/SRR027/27300/SRR27300062/SRR27300062.lite.1,SRX22977528,GSM7985451,RNA-Seq,cDNA,TRANSCRIPTOMIC,PAIRED,0,0,ILLUMINA,Illumina NovaSeq 6000,SRP479194,PRJNA1055047,3,1055047,SRS19943155,SAMN38978010,simple,208963,Pseudomonas aeruginosa UCBPP-PA14,GSM7985451,,,,,,,no,,,,,"HUNG LAB, MOLECULAR BIOLOGY, MASSACHUSETTS GENERAL HOSPITAL",SRA1772980,,public,8885F0A64C2A59740D1CC9E6D1D13F86,38C5BFF323D3B2272DF77224119DE48D
SRR27300061,2024-10-11 21:39:12,2023-12-20 13:35:26,1179127,106301118,1179127,90,41,,https://sra-downloadb.be-md.ncbi.nlm.nih.gov/sos13/sra-pub-zq-1307/SRR027/27300/SRR27300061/SRR27300061.lite.1,SRX22977529,GSM7985452,RNA-Seq,cDNA,TRANSCRIPTOMIC,PAIRED,0,0,ILLUMINA,Illumina NovaSeq 6000,SRP479194,PRJNA1055047,3,1055047,SRS19943157,SAMN38978009,simple,208963,Pseudomonas aeruginosa UCBPP-PA14,GSM7985452,,,,,,,no,,,,,"HUNG LAB, MOLECULAR BIOLOGY, MASSACHUSETTS GENERAL HOSPITAL",SRA1772980,,public,76E82CA238ED35C301C57CD11A0ED54D,2631DF9455FCD21D25586A1D1EFD6B68
SRR27300060,2024-10-11 21:39:13,2023-12-20 13:35:52,3075602,276990583,3075602,90,108,,https://sra-downloadb.be-md.ncbi.nlm.nih.gov/sos13/sra-pub-zq-1307/SRR027/27300/SRR27300060/SRR27300060.lite.1,SRX22977530,GSM7985453,RNA-Seq,cDNA,TRANSCRIPTOMIC,PAIRED,0,0,ILLUMINA,Illumina NovaSeq 6000,SRP479194,PRJNA1055047,3,1055047,SRS19943158,SAMN38978008,simple,208963,Pseudomonas aeruginosa UCBPP-PA14,GSM7985453,,,,,,,no,,,,,"HUNG LAB, MOLECULAR BIOLOGY, MASSACHUSETTS GENERAL HOSPITAL",SRA1772980,,public,032EDD35B05A71E4763005B1735D3D38,9A5B96FF8A87DBF917A58B446B7E7616
SRR27300059,2024-10-11 21:39:13,2023-12-20 13:35:26,3016292,271865869,3016292,90,106,,https://sra-downloadb.be-md.ncbi.nlm.nih.gov/sos13/sra-pub-zq-1307/SRR027/27300/SRR27300059/SRR27300059.lite.1,SRX22977531,GSM7985454,RNA-Seq,cDNA,TRANSCRIPTOMIC,PAIRED,0,0,ILLUMINA,Illumina NovaSeq 6000,SRP479194,PRJNA1055047,3,1055047,SRS19943160,SAMN38978007,simple,208963,Pseudomonas aeruginosa UCBPP-PA14,GSM7985454,,,,,,,no,,,,,"HUNG LAB, MOLECULAR BIOLOGY, MASSACHUSETTS GENERAL HOSPITAL",SRA1772980,,public,128FA3078096F98D06F153A7C5478416,5537E8932A6DDF385A30830BB4DAF07D
SRR27300058,2024-10-11 21:39:13,2023-12-20 13:34:53,2649812,239540132,2649812,90,93,,https://sra-downloadb.be-md.ncbi.nlm.nih.gov/sos13/sra-pub-zq-1307/SRR027/27300/SRR27300058/SRR27300058.lite.1,SRX22977532,GSM7985455,RNA-Seq,cDNA,TRANSCRIPTOMIC,PAIRED,0,0,ILLUMINA,Illumina NovaSeq 6000,SRP479194,PRJNA1055047,3,1055047,SRS19943159,SAMN38978006,simple,208963,Pseudomonas aeruginosa UCBPP-PA14,GSM7985455,,,,,,,no,,,,,"HUNG LAB, MOLECULAR BIOLOGY, MASSACHUSETTS GENERAL HOSPITAL",SRA1772980,,public,529FF8F0DCFB08218BF349EB70D8E68E,8F5C4E116329A8C34E79DDD5451D247B
SRR27300057,2024-10-11 21:39:13,2023-12-20 13:35:41,2765497,249610650,2765497,90,97,,https://sra-downloadb.be-md.ncbi.nlm.nih.gov/sos13/sra-pub-zq-1307/SRR027/27300/SRR27300057/SRR27300057.lite.1,SRX22977533,GSM7985456,RNA-Seq,cDNA,TRANSCRIPTOMIC,PAIRED,0,0,ILLUMINA,Illumina NovaSeq 6000,SRP479194,PRJNA1055047,3,1055047,SRS19943161,SAMN38978005,simple,208963,Pseudomonas aeruginosa UCBPP-PA14,GSM7985456,,,,,,,no,,,,,"HUNG LAB, MOLECULAR BIOLOGY, MASSACHUSETTS GENERAL HOSPITAL",SRA1772980,,public,3F2E4400AA48EFF573626B500B9FFB23,E93594773EDDBC08F30C74F735FB9DA3
SRR27300056,2024-10-11 21:39:13,2023-12-20 13:35:32,2388698,215676715,2388698,90,83,,https://sra-downloadb.be-md.ncbi.nlm.nih.gov/sos13/sra-pub-zq-1307/SRR027/27300/SRR27300056/SRR27300056.lite.1,SRX22977534,GSM7985457,RNA-Seq,cDNA,TRANSCRIPTOMIC,PAIRED,0,0,ILLUMINA,Illumina NovaSeq 6000,SRP479194,PRJNA1055047,3,1055047,SRS19943163,SAMN38978004,simple,208963,Pseudomonas aeruginosa UCBPP-PA14,GSM7985457,,,,,,,no,,,,,"HUNG LAB, MOLECULAR BIOLOGY, MASSACHUSETTS GENERAL HOSPITAL",SRA1772980,,public,8AD91517A4CE2AFB6E4AEF29981954F3,44A38AABC64AD51A8267DC2A8CFA27B7
SRR27300055,2024-10-11 21:39:13,2023-12-20 13:35:18,2482645,223317580,2482645,89,87,,https://sra-downloadb.be-md.ncbi.nlm.nih.gov/sos13/sra-pub-zq-1307/SRR027/27300/SRR27300055/SRR27300055.lite.1,SRX22977535,GSM7985458,RNA-Seq,cDNA,TRANSCRIPTOMIC,PAIRED,0,0,ILLUMINA,Illumina NovaSeq 6000,SRP479194,PRJNA1055047,3,1055047,SRS19943164,SAMN38978003,simple,208963,Pseudomonas aeruginosa UCBPP-PA14,GSM7985458,,,,,,,no,,,,,"HUNG LAB, MOLECULAR BIOLOGY, MASSACHUSETTS GENERAL HOSPITAL",SRA1772980,,public,689C9DC843FE7CBAECC7B6727CDBD033,1FA18EB752F71EF247525A839C766291
SRR27300054,2024-10-11 21:39:13,2023-12-20 13:35:28,1385618,124845902,1385618,90,49,,https://sra-downloadb.be-md.ncbi.nlm.nih.gov/sos13/sra-pub-zq-1307/SRR027/27300/SRR27300054/SRR27300054.lite.1,SRX22977536,GSM7985459,RNA-Seq,cDNA,TRANSCRIPTOMIC,PAIRED,0,0,ILLUMINA,Illumina NovaSeq 6000,SRP479194,PRJNA1055047,3,1055047,SRS19943162,SAMN38978002,simple,208963,Pseudomonas aeruginosa UCBPP-PA14,GSM7985459,,,,,,,no,,,,,"HUNG LAB, MOLECULAR BIOLOGY, MASSACHUSETTS GENERAL HOSPITAL",SRA1772980,,public,4BC1A90F56E23A01ABF65FAD0BF3231D,84468C86A3A37154F7E85A9FD2817D3C
SRR27300053,2024-10-11 21:39:13,2023-12-20 13:35:29,2146986,193573357,2146986,90,76,,https://sra-downloadb.be-md.ncbi.nlm.nih.gov/sos13/sra-pub-zq-1307/SRR027/27300/SRR27300053/SRR27300053.lite.1,SRX22977537,GSM7985460,RNA-Seq,cDNA,TRANSCRIPTOMIC,PAIRED,0,0,ILLUMINA,Illumina NovaSeq 6000,SRP479194,PRJNA1055047,3,1055047,SRS19943165,SAMN38978001,simple,208963,Pseudomonas aeruginosa UCBPP-PA14,GSM7985460,,,,,,,no,,,,,"HUNG LAB, MOLECULAR BIOLOGY, MASSACHUSETTS GENERAL HOSPITAL",SRA1772980,,public,1CB71D35C8104467C2A061E4DF9CB591,64C9975D8F37293FE1CC939EB2E955CD
SRR27300052,2024-10-11 21:39:13,2023-12-20 13:35:29,1566780,141408247,1566780,90,55,,https://sra-downloadb.be-md.ncbi.nlm.nih.gov/sos13/sra-pub-zq-1307/SRR027/27300/SRR27300052/SRR27300052.lite.1,SRX22977538,GSM7985461,RNA-Seq,cDNA,TRANSCRIPTOMIC,PAIRED,0,0,ILLUMINA,Illumina NovaSeq 6000,SRP479194,PRJNA1055047,3,1055047,SRS19943166,SAMN38978000,simple,208963,Pseudomonas aeruginosa UCBPP-PA14,GSM7985461,,,,,,,no,,,,,"HUNG LAB, MOLECULAR BIOLOGY, MASSACHUSETTS GENERAL HOSPITAL",SRA1772980,,public,FFF94F6B490FC48A6B0F2EE203875F69,A848F6E177EABFCB18A7FC057691206C
SRR27300050,2024-10-11 21:39:14,2023-12-20 13:35:19,2797819,252392708,2797819,90,100,,https://sra-downloadb.be-md.ncbi.nlm.nih.gov/sos13/sra-pub-zq-1307/SRR027/27300/SRR27300050/SRR27300050.lite.1,SRX22977539,GSM7985462,RNA-Seq,cDNA,TRANSCRIPTOMIC,PAIRED,0,0,ILLUMINA,Illumina NovaSeq 6000,SRP479194,PRJNA1055047,3,1055047,SRS19943171,SAMN38977999,simple,208963,Pseudomonas aeruginosa UCBPP-PA14,GSM7985462,,,,,,,no,,,,,"HUNG LAB, MOLECULAR BIOLOGY, MASSACHUSETTS GENERAL HOSPITAL",SRA1772980,,public,0A2ABDDC20FF968E0CE43CF0A29E93DC,26E54BA9C6413A296ED0ACE1F2E81B1D
SRR27300051,2024-10-11 21:39:14,2023-12-20 13:35:43,2055383,184415574,2055383,89,72,,https://sra-downloadb.be-md.ncbi.nlm.nih.gov/sos13/sra-pub-zq-1307/SRR027/27300/SRR27300051/SRR27300051.lite.1,SRX22977539,GSM7985462,RNA-Seq,cDNA,TRANSCRIPTOMIC,PAIRED,0,0,ILLUMINA,Illumina NovaSeq 6000,SRP479194,PRJNA1055047,3,1055047,SRS19943171,SAMN38977999,simple,208963,Pseudomonas aeruginosa UCBPP-PA14,GSM7985462,,,,,,,no,,,,,"HUNG LAB, MOLECULAR BIOLOGY, MASSACHUSETTS GENERAL HOSPITAL",SRA1772980,,public,E14EEDB93EECAAA78469ACE49847BC4E,7EC93C2A58DD7C290ACB7071684C7D98
SRR27300049,2024-10-11 21:39:14,2023-12-20 13:35:39,3181436,287799189,3181436,90,112,,https://sra-downloadb.be-md.ncbi.nlm.nih.gov/sos13/sra-pub-zq-1307/SRR027/27300/SRR27300049/SRR27300049.lite.1,SRX22977540,GSM7985463,RNA-Seq,cDNA,TRANSCRIPTOMIC,PAIRED,0,0,ILLUMINA,Illumina NovaSeq 6000,SRP479194,PRJNA1055047,3,1055047,SRS19943167,SAMN38977998,simple,208963,Pseudomonas aeruginosa UCBPP-PA14,GSM7985463,,,,,,,no,,,,,"HUNG LAB, MOLECULAR BIOLOGY, MASSACHUSETTS GENERAL HOSPITAL",SRA1772980,,public,4DE57C951799ECB39C452058948A2C48,6ED9FE6F6F5A88874C5D745794DA8115
SRR27300047,2024-10-11 21:39:16,2023-12-20 13:35:41,5232258,474081811,5232258,90,180,,https://sra-downloadb.be-md.ncbi.nlm.nih.gov/sos13/sra-pub-zq-1307/SRR027/27300/SRR27300047/SRR27300047.lite.1,SRX22977541,GSM7985480,RNA-Seq,cDNA,TRANSCRIPTOMIC,PAIRED,0,0,ILLUMINA,Illumina NovaSeq 6000,SRP479194,PRJNA1055047,3,1055047,SRS19943168,SAMN38977981,simple,208963,Pseudomonas aeruginosa UCBPP-PA14,GSM7985480,,,,,,,no,,,,,"HUNG LAB, MOLECULAR BIOLOGY, MASSACHUSETTS GENERAL HOSPITAL",SRA1772980,,public,54330C5CA8162DFD47FF4E00FFAF3068,2F5D7BB2B25905531CE54D0B90BADA71
SRR27300048,2024-10-11 21:39:16,2023-12-20 13:36:11,4889373,442854103,4889373,90,167,,https://sra-downloadb.be-md.ncbi.nlm.nih.gov/sos13/sra-pub-zq-1307/SRR027/27300/SRR27300048/SRR27300048.lite.1,SRX22977541,GSM7985480,RNA-Seq,cDNA,TRANSCRIPTOMIC,PAIRED,0,0,ILLUMINA,Illumina NovaSeq 6000,SRP479194,PRJNA1055047,3,1055047,SRS19943168,SAMN38977981,simple,208963,Pseudomonas aeruginosa UCBPP-PA14,GSM7985480,,,,,,,no,,,,,"HUNG LAB, MOLECULAR BIOLOGY, MASSACHUSETTS GENERAL HOSPITAL",SRA1772980,,public,3E8F5A196AF1A5EF8B33ADB7C2DE0BE8,AF0DB5CA9B90228421963146940E88DF
SRR27300046,2024-10-11 21:39:16,2023-12-20 13:35:15,2660241,240964901,2660241,90,91,,https://sra-downloadb.be-md.ncbi.nlm.nih.gov/sos13/sra-pub-zq-1307/SRR027/27300/SRR27300046/SRR27300046.lite.1,SRX22977542,GSM7985481,RNA-Seq,cDNA,TRANSCRIPTOMIC,PAIRED,0,0,ILLUMINA,Illumina NovaSeq 6000,SRP479194,PRJNA1055047,3,1055047,SRS19943169,SAMN38977980,simple,208963,Pseudomonas aeruginosa UCBPP-PA14,GSM7985481,,,,,,,no,,,,,"HUNG LAB, MOLECULAR BIOLOGY, MASSACHUSETTS GENERAL HOSPITAL",SRA1772980,,public,0FCDB672ACDADF1D3B97A53DD759AB41,7F382AEF87A3E64176383B6251C49C13
SRR27299867,2024-10-11 21:39:16,2023-12-20 13:35:35,3659303,331392677,3659303,90,125,,https://sra-downloadb.be-md.ncbi.nlm.nih.gov/sos13/sra-pub-zq-1307/SRR027/27299/SRR27299867/SRR27299867.lite.1,SRX22977542,GSM7985481,RNA-Seq,cDNA,TRANSCRIPTOMIC,PAIRED,0,0,ILLUMINA,Illumina NovaSeq 6000,SRP479194,PRJNA1055047,3,1055047,SRS19943169,SAMN38977980,simple,208963,Pseudomonas aeruginosa UCBPP-PA14,GSM7985481,,,,,,,no,,,,,"HUNG LAB, MOLECULAR BIOLOGY, MASSACHUSETTS GENERAL HOSPITAL",SRA1772980,,public,7AAC3BF4F498F686523A5CB368E3A5CB,F22B2C2971462B265EDD264E6B175ECE
SRR27300044,2024-10-11 21:39:17,2023-12-20 13:35:46,2562589,232153276,2562589,90,87,,https://sra-downloadb.be-md.ncbi.nlm.nih.gov/sos13/sra-pub-zq-1307/SRR027/27300/SRR27300044/SRR27300044.lite.1,SRX22977543,GSM7985482,RNA-Seq,cDNA,TRANSCRIPTOMIC,PAIRED,0,0,ILLUMINA,Illumina NovaSeq 6000,SRP479194,PRJNA1055047,3,1055047,SRS19943170,SAMN38977979,simple,208963,Pseudomonas aeruginosa UCBPP-PA14,GSM7985482,,,,,,,no,,,,,"HUNG LAB, MOLECULAR BIOLOGY, MASSACHUSETTS GENERAL HOSPITAL",SRA1772980,,public,3DC63C760D7C7BEE03D861288DEAF9D0,1A05F6FD49DE9665C4B1E1F9656B9BA5
SRR27300045,2024-10-11 21:39:17,2023-12-20 13:36:06,6287762,569629784,6287762,90,215,,https://sra-downloadb.be-md.ncbi.nlm.nih.gov/sos13/sra-pub-zq-1307/SRR027/27300/SRR27300045/SRR27300045.lite.1,SRX22977543,GSM7985482,RNA-Seq,cDNA,TRANSCRIPTOMIC,PAIRED,0,0,ILLUMINA,Illumina NovaSeq 6000,SRP479194,PRJNA1055047,3,1055047,SRS19943170,SAMN38977979,simple,208963,Pseudomonas aeruginosa UCBPP-PA14,GSM7985482,,,,,,,no,,,,,"HUNG LAB, MOLECULAR BIOLOGY, MASSACHUSETTS GENERAL HOSPITAL",SRA1772980,,public,645A8A8947E80AA05D4F047808129C87,96317C37FADF62275BEAA2865C3519C3
SRR27300043,2024-10-11 21:39:17,2023-12-20 13:35:40,2939365,265984565,2939365,90,101,,https://sra-downloadb.be-md.ncbi.nlm.nih.gov/sos13/sra-pub-zq-1307/SRR027/27300/SRR27300043/SRR27300043.lite.1,SRX22977544,GSM7985483,RNA-Seq,cDNA,TRANSCRIPTOMIC,PAIRED,0,0,ILLUMINA,Illumina NovaSeq 6000,SRP479194,PRJNA1055047,3,1055047,SRS19943172,SAMN38977978,simple,208963,Pseudomonas aeruginosa UCBPP-PA14,GSM7985483,,,,,,,no,,,,,"HUNG LAB, MOLECULAR BIOLOGY, MASSACHUSETTS GENERAL HOSPITAL",SRA1772980,,public,42FD2DDEC98DE0631F89D949363D2CCE,2D25D50DB4550F94BCC15B4A92BFA53D
SRR27300042,2024-10-11 21:39:17,2023-12-20 13:34:51,3135179,283886291,3135179,90,107,,https://sra-downloadb.be-md.ncbi.nlm.nih.gov/sos13/sra-pub-zq-1307/SRR027/27300/SRR27300042/SRR27300042.lite.1,SRX22977545,GSM7985484,RNA-Seq,cDNA,TRANSCRIPTOMIC,PAIRED,0,0,ILLUMINA,Illumina NovaSeq 6000,SRP479194,PRJNA1055047,3,1055047,SRS19943173,SAMN38977977,simple,208963,Pseudomonas aeruginosa UCBPP-PA14,GSM7985484,,,,,,,no,,,,,"HUNG LAB, MOLECULAR BIOLOGY, MASSACHUSETTS GENERAL HOSPITAL",SRA1772980,,public,FCC1298A0ABF5D0289FECE8AD6ADA472,4B21FEB114873438B97B8C249F7A457F
SRR27300041,2024-10-11 21:39:17,2023-12-20 13:36:16,6218189,562799961,6218189,90,213,,https://sra-downloadb.be-md.ncbi.nlm.nih.gov/sos13/sra-pub-zq-1307/SRR027/27300/SRR27300041/SRR27300041.lite.1,SRX22977546,GSM7985485,RNA-Seq,cDNA,TRANSCRIPTOMIC,PAIRED,0,0,ILLUMINA,Illumina NovaSeq 6000,SRP479194,PRJNA1055047,3,1055047,SRS19943174,SAMN38977976,simple,208963,Pseudomonas aeruginosa UCBPP-PA14,GSM7985485,,,,,,,no,,,,,"HUNG LAB, MOLECULAR BIOLOGY, MASSACHUSETTS GENERAL HOSPITAL",SRA1772980,,public,157002A4193322CBDB5AAB458FA810E4,F53A2705F68593AFBD544C3B15B7C128
SRR27300040,2024-10-11 21:39:17,2023-12-20 13:36:01,4180369,377273151,4180369,90,143,,https://sra-downloadb.be-md.ncbi.nlm.nih.gov/sos13/sra-pub-zq-1307/SRR027/27300/SRR27300040/SRR27300040.lite.1,SRX22977547,GSM7985486,RNA-Seq,cDNA,TRANSCRIPTOMIC,PAIRED,0,0,ILLUMINA,Illumina NovaSeq 6000,SRP479194,PRJNA1055047,3,1055047,SRS19943176,SAMN38977975,simple,208963,Pseudomonas aeruginosa UCBPP-PA14,GSM7985486,,,,,,,no,,,,,"HUNG LAB, MOLECULAR BIOLOGY, MASSACHUSETTS GENERAL HOSPITAL",SRA1772980,,public,92709913E0CBD8ECD95ACFF7B6ED4B90,0643D684AFAE256B6D1DD1FF6194956C
SRR27300039,2024-10-11 21:39:17,2023-12-20 13:36:07,4578594,412733553,4578594,90,157,,https://sra-downloadb.be-md.ncbi.nlm.nih.gov/sos13/sra-pub-zq-1307/SRR027/27300/SRR27300039/SRR27300039.lite.1,SRX22977548,GSM7985487,RNA-Seq,cDNA,TRANSCRIPTOMIC,PAIRED,0,0,ILLUMINA,Illumina NovaSeq 6000,SRP479194,PRJNA1055047,3,1055047,SRS19943175,SAMN38977974,simple,208963,Pseudomonas aeruginosa UCBPP-PA14,GSM7985487,,,,,,,no,,,,,"HUNG LAB, MOLECULAR BIOLOGY, MASSACHUSETTS GENERAL HOSPITAL",SRA1772980,,public,2B881F7D8C72A5E8567F81B33E1E319C,090C25751C77EB5E4414B2F174B5D25D
SRR27300038,2024-10-11 21:39:17,2023-12-20 13:35:54,2796871,252141809,2796871,90,96,,https://sra-downloadb.be-md.ncbi.nlm.nih.gov/sos13/sra-pub-zq-1307/SRR027/27300/SRR27300038/SRR27300038.lite.1,SRX22977549,GSM7985488,RNA-Seq,cDNA,TRANSCRIPTOMIC,PAIRED,0,0,ILLUMINA,Illumina NovaSeq 6000,SRP479194,PRJNA1055047,3,1055047,SRS19943177,SAMN38977973,simple,208963,Pseudomonas aeruginosa UCBPP-PA14,GSM7985488,,,,,,,no,,,,,"HUNG LAB, MOLECULAR BIOLOGY, MASSACHUSETTS GENERAL HOSPITAL",SRA1772980,,public,878EE765DB16BF2C93358167CB9DC0CF,264DEEB859B91952618B6EE742E4BFCD
SRR27300037,2024-10-11 21:39:17,2023-12-20 13:35:30,3124209,282785826,3124209,90,108,,https://sra-downloadb.be-md.ncbi.nlm.nih.gov/sos13/sra-pub-zq-1307/SRR027/27300/SRR27300037/SRR27300037.lite.1,SRX22977550,GSM7985489,RNA-Seq,cDNA,TRANSCRIPTOMIC,PAIRED,0,0,ILLUMINA,Illumina NovaSeq 6000,SRP479194,PRJNA1055047,3,1055047,SRS19943178,SAMN38977972,simple,208963,Pseudomonas aeruginosa UCBPP-PA14,GSM7985489,,,,,,,no,,,,,"HUNG LAB, MOLECULAR BIOLOGY, MASSACHUSETTS GENERAL HOSPITAL",SRA1772980,,public,F2E18ABE3A706CB4FC3307B81446A828,B3AF4FC1B3FC0C13D26755DB86693446
SRR27300036,2024-10-11 21:39:18,2023-12-20 13:36:37,5534591,500695940,5534591,90,192,,https://sra-downloadb.be-md.ncbi.nlm.nih.gov/sos13/sra-pub-zq-1307/SRR027/27300/SRR27300036/SRR27300036.lite.1,SRX22977551,GSM7985490,RNA-Seq,cDNA,TRANSCRIPTOMIC,PAIRED,0,0,ILLUMINA,Illumina NovaSeq 6000,SRP479194,PRJNA1055047,3,1055047,SRS19943180,SAMN38977971,simple,208963,Pseudomonas aeruginosa UCBPP-PA14,GSM7985490,,,,,,,no,,,,,"HUNG LAB, MOLECULAR BIOLOGY, MASSACHUSETTS GENERAL HOSPITAL",SRA1772980,,public,C63B4B9971244546CA708ADB5122A944,42231A58939F55D08337C4C24859B68D
SRR27300035,2024-10-11 21:39:18,2023-12-20 13:35:52,2617216,236816187,2617216,90,92,,https://sra-downloadb.be-md.ncbi.nlm.nih.gov/sos13/sra-pub-zq-1307/SRR027/27300/SRR27300035/SRR27300035.lite.1,SRX22977552,GSM7985491,RNA-Seq,cDNA,TRANSCRIPTOMIC,PAIRED,0,0,ILLUMINA,Illumina NovaSeq 6000,SRP479194,PRJNA1055047,3,1055047,SRS19943179,SAMN38977970,simple,208963,Pseudomonas aeruginosa UCBPP-PA14,GSM7985491,,,,,,,no,,,,,"HUNG LAB, MOLECULAR BIOLOGY, MASSACHUSETTS GENERAL HOSPITAL",SRA1772980,,public,785554FED1753583B5960069035C8BD5,EB31E08ED2258441E7D0FA0EE6279A9E
SRR27300034,2024-10-11 21:39:18,2023-12-20 13:35:33,3063099,276830639,3063099,90,105,,https://sra-downloadb.be-md.ncbi.nlm.nih.gov/sos13/sra-pub-zq-1307/SRR027/27300/SRR27300034/SRR27300034.lite.1,SRX22977553,GSM7985492,RNA-Seq,cDNA,TRANSCRIPTOMIC,PAIRED,0,0,ILLUMINA,Illumina NovaSeq 6000,SRP479194,PRJNA1055047,3,1055047,SRS19943181,SAMN38977969,simple,208963,Pseudomonas aeruginosa UCBPP-PA14,GSM7985492,,,,,,,no,,,,,"HUNG LAB, MOLECULAR BIOLOGY, MASSACHUSETTS GENERAL HOSPITAL",SRA1772980,,public,A8578874F5357F484DF8C7A69CD3D3E5,56FADA66D8A0E13974FAAC6EEB7D2206
SRR27300033,2024-10-11 21:39:18,2023-12-20 13:35:49,3236021,292201596,3236021,90,111,,https://sra-downloadb.be-md.ncbi.nlm.nih.gov/sos13/sra-pub-zq-1307/SRR027/27300/SRR27300033/SRR27300033.lite.1,SRX22977554,GSM7985493,RNA-Seq,cDNA,TRANSCRIPTOMIC,PAIRED,0,0,ILLUMINA,Illumina NovaSeq 6000,SRP479194,PRJNA1055047,3,1055047,SRS19943182,SAMN38977968,simple,208963,Pseudomonas aeruginosa UCBPP-PA14,GSM7985493,,,,,,,no,,,,,"HUNG LAB, MOLECULAR BIOLOGY, MASSACHUSETTS GENERAL HOSPITAL",SRA1772980,,public,EF1EC6DF371782DAE502BE0FF9C59472,99AF7580F9325506DF9C5427E860BC90
SRR27300032,2024-10-11 21:39:18,2023-12-20 13:35:40,2413999,218041833,2413999,90,83,,https://sra-downloadb.be-md.ncbi.nlm.nih.gov/sos13/sra-pub-zq-1307/SRR027/27300/SRR27300032/SRR27300032.lite.1,SRX22977555,GSM7985494,RNA-Seq,cDNA,TRANSCRIPTOMIC,PAIRED,0,0,ILLUMINA,Illumina NovaSeq 6000,SRP479194,PRJNA1055047,3,1055047,SRS19943183,SAMN38977967,simple,208963,Pseudomonas aeruginosa UCBPP-PA14,GSM7985494,,,,,,,no,,,,,"HUNG LAB, MOLECULAR BIOLOGY, MASSACHUSETTS GENERAL HOSPITAL",SRA1772980,,public,38697AC969B6D11059D3782E8EA2E6F3,BDB9DCA98881C5A26BD3135084F03313
SRR27300031,2024-10-11 21:39:18,2023-12-20 13:36:42,7571030,686373271,7571030,90,257,,https://sra-downloadb.be-md.ncbi.nlm.nih.gov/sos13/sra-pub-zq-1307/SRR027/27300/SRR27300031/SRR27300031.lite.1,SRX22977556,GSM7985495,RNA-Seq,cDNA,TRANSCRIPTOMIC,PAIRED,0,0,ILLUMINA,Illumina NovaSeq 6000,SRP479194,PRJNA1055047,3,1055047,SRS19943184,SAMN38977966,simple,208963,Pseudomonas aeruginosa UCBPP-PA14,GSM7985495,,,,,,,no,,,,,"HUNG LAB, MOLECULAR BIOLOGY, MASSACHUSETTS GENERAL HOSPITAL",SRA1772980,,public,74A8A7F51F976F8E0FF7CC607B6FC65D,D48632375E79C409A52F4B249CCFC99E
SRR27300030,2024-10-11 21:37:48,2023-12-20 13:36:25,8280278,748031467,8280278,90,287,,https://sra-downloadb.be-md.ncbi.nlm.nih.gov/sos13/sra-pub-zq-1307/SRR027/27300/SRR27300030/SRR27300030.lite.1,SRX22977557,GSM7985589,RNA-Seq,cDNA,TRANSCRIPTOMIC,PAIRED,0,0,ILLUMINA,Illumina NovaSeq 6000,SRP479194,PRJNA1055047,3,1055047,SRS19943187,SAMN38977872,simple,208963,Pseudomonas aeruginosa UCBPP-PA14,GSM7985589,,,,,,,no,,,,,"HUNG LAB, MOLECULAR BIOLOGY, MASSACHUSETTS GENERAL HOSPITAL",SRA1772980,,public,E65A81050E732A142A29ABCC930345FC,6BDD9CDC4A2931766421EE8F6D7202F2
SRR27300029,2024-10-11 21:37:49,2023-12-20 13:36:19,4781338,433558533,4781338,90,163,,https://sra-downloadb.be-md.ncbi.nlm.nih.gov/sos13/sra-pub-zq-1307/SRR027/27300/SRR27300029/SRR27300029.lite.1,SRX22977558,GSM7985590,RNA-Seq,cDNA,TRANSCRIPTOMIC,PAIRED,0,0,ILLUMINA,Illumina NovaSeq 6000,SRP479194,PRJNA1055047,3,1055047,SRS19943185,SAMN38977871,simple,208963,Pseudomonas aeruginosa UCBPP-PA14,GSM7985590,,,,,,,no,,,,,"HUNG LAB, MOLECULAR BIOLOGY, MASSACHUSETTS GENERAL HOSPITAL",SRA1772980,,public,28B87E8EFEB9AF85A3D29F4040CC42BF,A452599DAC54F1263511A51FD66A0B4F
SRR27300028,2024-10-11 21:37:49,2023-12-20 13:37:38,9790393,888091441,9790393,90,335,,https://sra-downloadb.be-md.ncbi.nlm.nih.gov/sos13/sra-pub-zq-1307/SRR027/27300/SRR27300028/SRR27300028.lite.1,SRX22977559,GSM7985591,RNA-Seq,cDNA,TRANSCRIPTOMIC,PAIRED,0,0,ILLUMINA,Illumina NovaSeq 6000,SRP479194,PRJNA1055047,3,1055047,SRS19943186,SAMN38977870,simple,208963,Pseudomonas aeruginosa UCBPP-PA14,GSM7985591,,,,,,,no,,,,,"HUNG LAB, MOLECULAR BIOLOGY, MASSACHUSETTS GENERAL HOSPITAL",SRA1772980,,public,AF6EC05534A68AFD925A8E81A94D1349,11430FB04C851B83EA6D520F61FFC1E8
SRR27300027,2024-10-11 21:37:49,2023-12-20 13:35:16,5819552,527691766,5819552,90,201,,https://sra-downloadb.be-md.ncbi.nlm.nih.gov/sos13/sra-pub-zq-1307/SRR027/27300/SRR27300027/SRR27300027.lite.1,SRX22977560,GSM7985592,RNA-Seq,cDNA,TRANSCRIPTOMIC,PAIRED,0,0,ILLUMINA,Illumina NovaSeq 6000,SRP479194,PRJNA1055047,3,1055047,SRS19943189,SAMN38977869,simple,208963,Pseudomonas aeruginosa UCBPP-PA14,GSM7985592,,,,,,,no,,,,,"HUNG LAB, MOLECULAR BIOLOGY, MASSACHUSETTS GENERAL HOSPITAL",SRA1772980,,public,A0C68E08E86DDFC921555DFCF0BC7F3E,AF5BF165A21341AEA538CDFFA2FFDECE
SRR27300026,2024-10-11 21:37:49,2023-12-20 13:36:36,9044818,820188324,9044818,90,308,,https://sra-downloadb.be-md.ncbi.nlm.nih.gov/sos13/sra-pub-zq-1307/SRR027/27300/SRR27300026/SRR27300026.lite.1,SRX22977561,GSM7985593,RNA-Seq,cDNA,TRANSCRIPTOMIC,PAIRED,0,0,ILLUMINA,Illumina NovaSeq 6000,SRP479194,PRJNA1055047,3,1055047,SRS19943188,SAMN38977868,simple,208963,Pseudomonas aeruginosa UCBPP-PA14,GSM7985593,,,,,,,no,,,,,"HUNG LAB, MOLECULAR BIOLOGY, MASSACHUSETTS GENERAL HOSPITAL",SRA1772980,,public,8C2C4ACB83BD103D865BEF2389442FA7,28932500E0ED836CC8EC5D36F64BD76C
SRR27300025,2024-10-11 21:37:49,2023-12-20 13:36:06,6347641,575512730,6347641,90,217,,https://sra-downloadb.be-md.ncbi.nlm.nih.gov/sos13/sra-pub-zq-1307/SRR027/27300/SRR27300025/SRR27300025.lite.1,SRX22977562,GSM7985594,RNA-Seq,cDNA,TRANSCRIPTOMIC,PAIRED,0,0,ILLUMINA,Illumina NovaSeq 6000,SRP479194,PRJNA1055047,3,1055047,SRS19943190,SAMN38977867,simple,208963,Pseudomonas aeruginosa UCBPP-PA14,GSM7985594,,,,,,,no,,,,,"HUNG LAB, MOLECULAR BIOLOGY, MASSACHUSETTS GENERAL HOSPITAL",SRA1772980,,public,49026DF96B2269B4F88E42D7B8AA3FC5,538CB7EBB622B201DFE217E5F194014C
SRR27300024,2024-10-11 21:37:49,2023-12-20 13:35:09,3694082,334830700,3694082,90,126,,https://sra-downloadb.be-md.ncbi.nlm.nih.gov/sos13/sra-pub-zq-1307/SRR027/27300/SRR27300024/SRR27300024.lite.1,SRX22977563,GSM7985595,RNA-Seq,cDNA,TRANSCRIPTOMIC,PAIRED,0,0,ILLUMINA,Illumina NovaSeq 6000,SRP479194,PRJNA1055047,3,1055047,SRS19943192,SAMN38977866,simple,208963,Pseudomonas aeruginosa UCBPP-PA14,GSM7985595,,,,,,,no,,,,,"HUNG LAB, MOLECULAR BIOLOGY, MASSACHUSETTS GENERAL HOSPITAL",SRA1772980,,public,768D198E3675B9352E316B2BC6D5B5FD,4A2085A5B9D80575AEFF8BF2864D7582
SRR27300023,2024-10-11 21:37:49,2023-12-20 13:35:32,4887181,441740677,4887181,90,170,,https://sra-downloadb.be-md.ncbi.nlm.nih.gov/sos13/sra-pub-zq-1307/SRR027/27300/SRR27300023/SRR27300023.lite.1,SRX22977564,GSM7985596,RNA-Seq,cDNA,TRANSCRIPTOMIC,PAIRED,0,0,ILLUMINA,Illumina NovaSeq 6000,SRP479194,PRJNA1055047,3,1055047,SRS19943191,SAMN38977865,simple,208963,Pseudomonas aeruginosa UCBPP-PA14,GSM7985596,,,,,,,no,,,,,"HUNG LAB, MOLECULAR BIOLOGY, MASSACHUSETTS GENERAL HOSPITAL",SRA1772980,,public,BE945989550E2C778F16AD9856440117,4124E33486E192302F7B3E31479E0B12
SRR27300022,2024-10-11 21:37:49,2023-12-20 13:36:24,5112895,462360362,5112895,90,176,,https://sra-downloadb.be-md.ncbi.nlm.nih.gov/sos13/sra-pub-zq-1307/SRR027/27300/SRR27300022/SRR27300022.lite.1,SRX22977565,GSM7985597,RNA-Seq,cDNA,TRANSCRIPTOMIC,PAIRED,0,0,ILLUMINA,Illumina NovaSeq 6000,SRP479194,PRJNA1055047,3,1055047,SRS19943195,SAMN38977864,simple,208963,Pseudomonas aeruginosa UCBPP-PA14,GSM7985597,,,,,,,no,,,,,"HUNG LAB, MOLECULAR BIOLOGY, MASSACHUSETTS GENERAL HOSPITAL",SRA1772980,,public,545A1C5946F67A4B694D5350FBABD66E,48197CDB7E451D9755F48F3A80CCC751
SRR27300021,2024-10-11 21:37:49,2023-12-20 13:35:07,5242219,473830004,5242219,90,181,,https://sra-downloadb.be-md.ncbi.nlm.nih.gov/sos13/sra-pub-zq-1307/SRR027/27300/SRR27300021/SRR27300021.lite.1,SRX22977566,GSM7985598,RNA-Seq,cDNA,TRANSCRIPTOMIC,PAIRED,0,0,ILLUMINA,Illumina NovaSeq 6000,SRP479194,PRJNA1055047,3,1055047,SRS19943194,SAMN38977863,simple,208963,Pseudomonas aeruginosa UCBPP-PA14,GSM7985598,,,,,,,no,,,,,"HUNG LAB, MOLECULAR BIOLOGY, MASSACHUSETTS GENERAL HOSPITAL",SRA1772980,,public,9EE245EB2616A3BF81DAE7E2FFC30F6E,F8DA5C78939C5D8B767FBF1C39DA1F45
SRR27300020,2024-10-11 21:37:49,2023-12-20 13:36:10,3934948,356406874,3934948,90,135,,https://sra-downloadb.be-md.ncbi.nlm.nih.gov/sos13/sra-pub-zq-1307/SRR027/27300/SRR27300020/SRR27300020.lite.1,SRX22977567,GSM7985599,RNA-Seq,cDNA,TRANSCRIPTOMIC,PAIRED,0,0,ILLUMINA,Illumina NovaSeq 6000,SRP479194,PRJNA1055047,3,1055047,SRS19943193,SAMN38977862,simple,208963,Pseudomonas aeruginosa UCBPP-PA14,GSM7985599,,,,,,,no,,,,,"HUNG LAB, MOLECULAR BIOLOGY, MASSACHUSETTS GENERAL HOSPITAL",SRA1772980,,public,EACD217EC85E7EE86110930DE0D4C398,6F9C3FEADB087936F87520DBAF50AEB2
SRR27300019,2024-10-11 21:37:49,2023-12-20 13:36:23,7367221,667162227,7367221,90,250,,https://sra-downloadb.be-md.ncbi.nlm.nih.gov/sos13/sra-pub-zq-1307/SRR027/27300/SRR27300019/SRR27300019.lite.1,SRX22977568,GSM7985600,RNA-Seq,cDNA,TRANSCRIPTOMIC,PAIRED,0,0,ILLUMINA,Illumina NovaSeq 6000,SRP479194,PRJNA1055047,3,1055047,SRS19943196,SAMN38977861,simple,208963,Pseudomonas aeruginosa UCBPP-PA14,GSM7985600,,,,,,,no,,,,,"HUNG LAB, MOLECULAR BIOLOGY, MASSACHUSETTS GENERAL HOSPITAL",SRA1772980,,public,66022845A8B4B4589311CD53B5E2AD68,FAD43F28E0A60BE92B77EA267C75EECA
SRR27300018,2024-10-11 21:37:49,2023-12-20 13:35:52,3884604,351862519,3884604,90,132,,https://sra-downloadb.be-md.ncbi.nlm.nih.gov/sos13/sra-pub-zq-1307/SRR027/27300/SRR27300018/SRR27300018.lite.1,SRX22977569,GSM7985601,RNA-Seq,cDNA,TRANSCRIPTOMIC,PAIRED,0,0,ILLUMINA,Illumina NovaSeq 6000,SRP479194,PRJNA1055047,3,1055047,SRS19943197,SAMN38977860,simple,208963,Pseudomonas aeruginosa UCBPP-PA14,GSM7985601,,,,,,,no,,,,,"HUNG LAB, MOLECULAR BIOLOGY, MASSACHUSETTS GENERAL HOSPITAL",SRA1772980,,public,351AC09792215B91EB343B2D9E96272E,DA3FDC9DA362805E91B9AC24A9F6D719
SRR27300017,2024-10-11 21:37:49,2023-12-20 13:35:50,5257241,475621628,5257241,90,182,,https://sra-downloadb.be-md.ncbi.nlm.nih.gov/sos13/sra-pub-zq-1307/SRR027/27300/SRR27300017/SRR27300017.lite.1,SRX22977570,GSM7985602,RNA-Seq,cDNA,TRANSCRIPTOMIC,PAIRED,0,0,ILLUMINA,Illumina NovaSeq 6000,SRP479194,PRJNA1055047,3,1055047,SRS19943198,SAMN38977859,simple,208963,Pseudomonas aeruginosa UCBPP-PA14,GSM7985602,,,,,,,no,,,,,"HUNG LAB, MOLECULAR BIOLOGY, MASSACHUSETTS GENERAL HOSPITAL",SRA1772980,,public,889461EA19043454B9E32BF5ABFB5514,43BE43CE9E0421CDA48D5375A0A197A8
SRR27300016,2024-10-11 21:37:49,2023-12-20 13:36:20,7437031,673324548,7437031,90,257,,https://sra-downloadb.be-md.ncbi.nlm.nih.gov/sos13/sra-pub-zq-1307/SRR027/27300/SRR27300016/SRR27300016.lite.1,SRX22977571,GSM7985603,RNA-Seq,cDNA,TRANSCRIPTOMIC,PAIRED,0,0,ILLUMINA,Illumina NovaSeq 6000,SRP479194,PRJNA1055047,3,1055047,SRS19943199,SAMN38977858,simple,208963,Pseudomonas aeruginosa UCBPP-PA14,GSM7985603,,,,,,,no,,,,,"HUNG LAB, MOLECULAR BIOLOGY, MASSACHUSETTS GENERAL HOSPITAL",SRA1772980,,public,631E53362ABC4073483B7EF166F28239,AA0433F54BB0D2A729E55CE9FB852B57
SRR27300015,2024-10-11 21:37:49,2023-12-20 13:36:33,6912063,625441567,6912063,90,238,,https://sra-downloadb.be-md.ncbi.nlm.nih.gov/sos13/sra-pub-zq-1307/SRR027/27300/SRR27300015/SRR27300015.lite.1,SRX22977572,GSM7985604,RNA-Seq,cDNA,TRANSCRIPTOMIC,PAIRED,0,0,ILLUMINA,Illumina NovaSeq 6000,SRP479194,PRJNA1055047,3,1055047,SRS19943200,SAMN38977857,simple,208963,Pseudomonas aeruginosa UCBPP-PA14,GSM7985604,,,,,,,no,,,,,"HUNG LAB, MOLECULAR BIOLOGY, MASSACHUSETTS GENERAL HOSPITAL",SRA1772980,,public,787DB442DADE8F0429755D3DCDA88532,8B4947216D31EFE90F6D937690C59064
SRR27300117,2024-10-11 21:37:45,2023-12-20 13:34:56,1774749,160528369,1774749,90,59,,https://sra-downloadb.be-md.ncbi.nlm.nih.gov/sos13/sra-pub-zq-1307/SRR027/27300/SRR27300117/SRR27300117.lite.1,SRX22977263,GSM7985545,RNA-Seq,cDNA,TRANSCRIPTOMIC,PAIRED,0,0,ILLUMINA,Illumina NovaSeq 6000,SRP479194,PRJNA1055047,3,1055047,SRS19942889,SAMN38977916,simple,208963,Pseudomonas aeruginosa UCBPP-PA14,GSM7985545,,,,,,,no,,,,,"HUNG LAB, MOLECULAR BIOLOGY, MASSACHUSETTS GENERAL HOSPITAL",SRA1772980,,public,5387E66D42724F94B1D015CE246249FB,761928D51874760D5ED3A41374CB3806
SRR27300355,2024-10-11 21:37:45,2023-12-20 13:42:02,2818800,254063873,2818800,90,97,,https://sra-downloadb.be-md.ncbi.nlm.nih.gov/sos13/sra-pub-zq-1307/SRR027/27300/SRR27300355/SRR27300355.lite.1,SRX22977265,GSM7985547,RNA-Seq,cDNA,TRANSCRIPTOMIC,PAIRED,0,0,ILLUMINA,Illumina NovaSeq 6000,SRP479194,PRJNA1055047,3,1055047,SRS19942893,SAMN38977914,simple,208963,Pseudomonas aeruginosa UCBPP-PA14,GSM7985547,,,,,,,no,,,,,"HUNG LAB, MOLECULAR BIOLOGY, MASSACHUSETTS GENERAL HOSPITAL",SRA1772980,,public,397F71AD2A7DF74D69879B999410DAD6,3DE80D537F4FCC6895C5DAAEAB6164B7
SRR27300096,2024-10-11 21:37:45,2023-12-20 13:35:12,4549015,411656147,4549015,90,155,,https://sra-downloadb.be-md.ncbi.nlm.nih.gov/sos13/sra-pub-zq-1307/SRR027/27300/SRR27300096/SRR27300096.lite.1,SRX22977267,GSM7985549,RNA-Seq,cDNA,TRANSCRIPTOMIC,PAIRED,0,0,ILLUMINA,Illumina NovaSeq 6000,SRP479194,PRJNA1055047,3,1055047,SRS19942895,SAMN38977912,simple,208963,Pseudomonas aeruginosa UCBPP-PA14,GSM7985549,,,,,,,no,,,,,"HUNG LAB, MOLECULAR BIOLOGY, MASSACHUSETTS GENERAL HOSPITAL",SRA1772980,,public,492F6A97A62B217FFDA0811904E1942F,6CD255742C909E5216FDD60AF1194D01
SRR27300189,2024-10-11 21:37:52,2023-12-20 13:36:19,3156991,285483845,3156991,90,107,,https://sra-downloadb.be-md.ncbi.nlm.nih.gov/sos13/sra-pub-zq-1307/SRR027/27300/SRR27300189/SRR27300189.lite.1,SRX22977309,GSM7985636,RNA-Seq,cDNA,TRANSCRIPTOMIC,PAIRED,0,0,ILLUMINA,Illumina NovaSeq 6000,SRP479194,PRJNA1055047,3,1055047,SRS19942937,SAMN38977825,simple,208963,Pseudomonas aeruginosa UCBPP-PA14,GSM7985636,,,,,,,no,,,,,"HUNG LAB, MOLECULAR BIOLOGY, MASSACHUSETTS GENERAL HOSPITAL",SRA1772980,,public,163519A0BA891A1ECC26E2C15E67B980,DB7E7923BB6BE91CF927A101E534AFD7
SRR27300231,2024-10-11 21:37:58,2023-12-20 13:37:45,6752539,610611255,6752539,90,245,,https://sra-downloadb.be-md.ncbi.nlm.nih.gov/sos13/sra-pub-zq-1307/SRR027/27300/SRR27300231/SRR27300231.lite.1,SRX22977351,GSM7985071,RNA-Seq,cDNA,TRANSCRIPTOMIC,PAIRED,0,0,ILLUMINA,Illumina NovaSeq 6000,SRP479194,PRJNA1055047,3,1055047,SRS19942979,SAMN38978390,simple,208963,Pseudomonas aeruginosa UCBPP-PA14,GSM7985071,,,,,,,no,,,,,"HUNG LAB, MOLECULAR BIOLOGY, MASSACHUSETTS GENERAL HOSPITAL",SRA1772980,,public,64AD33B7985ACB093B7D0AB7D0157D64,CC9A8B6DCF1841213C5A0F0851F1D57B
SRR27300361,2024-10-11 21:37:59,2023-12-20 13:42:30,4865702,439244130,4865702,90,174,,https://sra-downloadb.be-md.ncbi.nlm.nih.gov/sos13/sra-pub-zq-1307/SRR027/27300/SRR27300361/SRR27300361.lite.1,SRX22977353,GSM7985073,RNA-Seq,cDNA,TRANSCRIPTOMIC,PAIRED,0,0,ILLUMINA,Illumina NovaSeq 6000,SRP479194,PRJNA1055047,3,1055047,SRS19942981,SAMN38978388,simple,208963,Pseudomonas aeruginosa UCBPP-PA14,GSM7985073,,,,,,,no,,,,,"HUNG LAB, MOLECULAR BIOLOGY, MASSACHUSETTS GENERAL HOSPITAL",SRA1772980,,public,6CEAB548E44DFD644A9E0C58BB078838,A5B717B8D0637695C5DFAB1ECF13D538
SRR27300109,2024-10-11 21:37:52,2023-12-20 13:35:13,4702546,426164159,4702546,90,160,,https://sra-downloadb.be-md.ncbi.nlm.nih.gov/sos13/sra-pub-zq-1307/SRR027/27300/SRR27300109/SRR27300109.lite.1,SRX22977486,GSM7985638,RNA-Seq,cDNA,TRANSCRIPTOMIC,PAIRED,0,0,ILLUMINA,Illumina NovaSeq 6000,SRP479194,PRJNA1055047,3,1055047,SRS19943112,SAMN38977823,simple,208963,Pseudomonas aeruginosa UCBPP-PA14,GSM7985638,,,,,,,no,,,,,"HUNG LAB, MOLECULAR BIOLOGY, MASSACHUSETTS GENERAL HOSPITAL",SRA1772980,,public,14A6F2D7F2CA669B36255C0F75E00A4E,0B42F2C24F3741858A01AEA612B70BC8
SRR27300097,2024-10-11 21:39:03,2023-12-20 13:34:56,2386617,215810857,2386617,90,83,,https://sra-downloadb.be-md.ncbi.nlm.nih.gov/sos13/sra-pub-zq-1307/SRR027/27300/SRR27300097/SRR27300097.lite.1,SRX22977495,GSM7985370,RNA-Seq,cDNA,TRANSCRIPTOMIC,PAIRED,0,0,ILLUMINA,Illumina NovaSeq 6000,SRP479194,PRJNA1055047,3,1055047,SRS19943122,SAMN38978091,simple,208963,Pseudomonas aeruginosa UCBPP-PA14,GSM7985370,,,,,,,no,,,,,"HUNG LAB, MOLECULAR BIOLOGY, MASSACHUSETTS GENERAL HOSPITAL",SRA1772980,,public,AC37425782BF4061590CCF3D9292D15B,300318BB892308195FFD4620D07237AC
SRR27300095,2024-10-11 21:39:03,2023-12-20 13:35:14,1238028,110830865,1238028,89,43,,https://sra-downloadb.be-md.ncbi.nlm.nih.gov/sos13/sra-pub-zq-1307/SRR027/27300/SRR27300095/SRR27300095.lite.1,SRX22977496,GSM7985371,RNA-Seq,cDNA,TRANSCRIPTOMIC,PAIRED,0,0,ILLUMINA,Illumina NovaSeq 6000,SRP479194,PRJNA1055047,3,1055047,SRS19943125,SAMN38978090,simple,208963,Pseudomonas aeruginosa UCBPP-PA14,GSM7985371,,,,,,,no,,,,,"HUNG LAB, MOLECULAR BIOLOGY, MASSACHUSETTS GENERAL HOSPITAL",SRA1772980,,public,836D203C7D04012F6F7612FBB923769C,77188853F2462F87D2EE7D0C34FAD7B9
SRR27300094,2024-10-11 21:39:03,2023-12-20 13:35:21,1163339,104959225,1163339,90,41,,https://sra-downloadb.be-md.ncbi.nlm.nih.gov/sos13/sra-pub-zq-1307/SRR027/27300/SRR27300094/SRR27300094.lite.1,SRX22977497,GSM7985372,RNA-Seq,cDNA,TRANSCRIPTOMIC,PAIRED,0,0,ILLUMINA,Illumina NovaSeq 6000,SRP479194,PRJNA1055047,3,1055047,SRS19943124,SAMN38978089,simple,208963,Pseudomonas aeruginosa UCBPP-PA14,GSM7985372,,,,,,,no,,,,,"HUNG LAB, MOLECULAR BIOLOGY, MASSACHUSETTS GENERAL HOSPITAL",SRA1772980,,public,9DE7CB13DFB67C8557D6B0AFD6B3C0CC,2D3F6DDFAE137F2958CF4362B218B3D2
SRR27300093,2024-10-11 21:39:03,2023-12-20 13:35:32,2449347,221113185,2449347,90,85,,https://sra-downloadb.be-md.ncbi.nlm.nih.gov/sos13/sra-pub-zq-1307/SRR027/27300/SRR27300093/SRR27300093.lite.1,SRX22977498,GSM7985373,RNA-Seq,cDNA,TRANSCRIPTOMIC,PAIRED,0,0,ILLUMINA,Illumina NovaSeq 6000,SRP479194,PRJNA1055047,3,1055047,SRS19943126,SAMN38978088,simple,208963,Pseudomonas aeruginosa UCBPP-PA14,GSM7985373,,,,,,,no,,,,,"HUNG LAB, MOLECULAR BIOLOGY, MASSACHUSETTS GENERAL HOSPITAL",SRA1772980,,public,AE69366A5DF5D25C0C1197E6F4CE8435,74026CA8B6F9545D8DFCCC6619CD39C2
SRR27300092,2024-10-11 21:39:03,2023-12-20 13:35:08,1344620,121242706,1344620,90,47,,https://sra-downloadb.be-md.ncbi.nlm.nih.gov/sos13/sra-pub-zq-1307/SRR027/27300/SRR27300092/SRR27300092.lite.1,SRX22977499,GSM7985374,RNA-Seq,cDNA,TRANSCRIPTOMIC,PAIRED,0,0,ILLUMINA,Illumina NovaSeq 6000,SRP479194,PRJNA1055047,3,1055047,SRS19943127,SAMN38978087,simple,208963,Pseudomonas aeruginosa UCBPP-PA14,GSM7985374,,,,,,,no,,,,,"HUNG LAB, MOLECULAR BIOLOGY, MASSACHUSETTS GENERAL HOSPITAL",SRA1772980,,public,5844CD76BDEBC882D5FD34C2AF2CAEB9,FCE692D2FC9D38824B21F14422A9D451
SRR27300090,2024-10-11 21:39:03,2023-12-20 13:35:30,1623606,146128131,1623606,90,57,,https://sra-downloadb.be-md.ncbi.nlm.nih.gov/sos13/sra-pub-zq-1307/SRR027/27300/SRR27300090/SRR27300090.lite.1,SRX22977500,GSM7985375,RNA-Seq,cDNA,TRANSCRIPTOMIC,PAIRED,0,0,ILLUMINA,Illumina NovaSeq 6000,SRP479194,PRJNA1055047,3,1055047,SRS19943128,SAMN38978086,simple,208963,Pseudomonas aeruginosa UCBPP-PA14,GSM7985375,,,,,,,no,,,,,"HUNG LAB, MOLECULAR BIOLOGY, MASSACHUSETTS GENERAL HOSPITAL",SRA1772980,,public,807F1588EA2B90B6BDE947D93BD9420C,FFAD2C4F87E7A4EA3023FA59347E3129
SRR27300089,2024-10-11 21:39:03,2023-12-20 13:35:29,1613365,145184530,1613365,89,56,,https://sra-downloadb.be-md.ncbi.nlm.nih.gov/sos13/sra-pub-zq-1307/SRR027/27300/SRR27300089/SRR27300089.lite.1,SRX22977501,GSM7985376,RNA-Seq,cDNA,TRANSCRIPTOMIC,PAIRED,0,0,ILLUMINA,Illumina NovaSeq 6000,SRP479194,PRJNA1055047,3,1055047,SRS19943130,SAMN38978085,simple,208963,Pseudomonas aeruginosa UCBPP-PA14,GSM7985376,,,,,,,no,,,,,"HUNG LAB, MOLECULAR BIOLOGY, MASSACHUSETTS GENERAL HOSPITAL",SRA1772980,,public,1CD78CB554989817B477728F4F43278B,696F2DAA71733EDCD30651D44FE81D00
SRR27300088,2024-10-11 21:39:03,2023-12-20 13:35:21,2260170,203708702,2260170,90,79,,https://sra-downloadb.be-md.ncbi.nlm.nih.gov/sos13/sra-pub-zq-1307/SRR027/27300/SRR27300088/SRR27300088.lite.1,SRX22977502,GSM7985377,RNA-Seq,cDNA,TRANSCRIPTOMIC,PAIRED,0,0,ILLUMINA,Illumina NovaSeq 6000,SRP479194,PRJNA1055047,3,1055047,SRS19943129,SAMN38978084,simple,208963,Pseudomonas aeruginosa UCBPP-PA14,GSM7985377,,,,,,,no,,,,,"HUNG LAB, MOLECULAR BIOLOGY, MASSACHUSETTS GENERAL HOSPITAL",SRA1772980,,public,9291490C923B828EB05833F9E458ED60,79FCF87694B6ECB188F7D29CB11AEAC8
SRR27300087,2024-10-11 21:39:04,2023-12-20 13:35:46,2913993,262435740,2913993,90,102,,https://sra-downloadb.be-md.ncbi.nlm.nih.gov/sos13/sra-pub-zq-1307/SRR027/27300/SRR27300087/SRR27300087.lite.1,SRX22977503,GSM7985378,RNA-Seq,cDNA,TRANSCRIPTOMIC,PAIRED,0,0,ILLUMINA,Illumina NovaSeq 6000,SRP479194,PRJNA1055047,3,1055047,SRS19943131,SAMN38978083,simple,208963,Pseudomonas aeruginosa UCBPP-PA14,GSM7985378,,,,,,,no,,,,,"HUNG LAB, MOLECULAR BIOLOGY, MASSACHUSETTS GENERAL HOSPITAL",SRA1772980,,public,3F24CE047F6AE5EFC984B1A5562A9DDC,793ABE42422C5122FF66CD9BE5F8B162
SRR27300086,2024-10-11 21:39:04,2023-12-20 13:35:37,2257668,203189731,2257668,89,79,,https://sra-downloadb.be-md.ncbi.nlm.nih.gov/sos13/sra-pub-zq-1307/SRR027/27300/SRR27300086/SRR27300086.lite.1,SRX22977504,GSM7985379,RNA-Seq,cDNA,TRANSCRIPTOMIC,PAIRED,0,0,ILLUMINA,Illumina NovaSeq 6000,SRP479194,PRJNA1055047,3,1055047,SRS19943132,SAMN38978082,simple,208963,Pseudomonas aeruginosa UCBPP-PA14,GSM7985379,,,,,,,no,,,,,"HUNG LAB, MOLECULAR BIOLOGY, MASSACHUSETTS GENERAL HOSPITAL",SRA1772980,,public,18244C119EFC76F389B31EE73A62BBAC,48F4CA02A3AA82EE36350FA180B048A8
SRR27300014,2024-10-11 21:37:54,2023-12-20 13:35:48,2926130,263423924,2926130,90,100,,https://sra-downloadb.be-md.ncbi.nlm.nih.gov/sos13/sra-pub-zq-1307/SRR027/27300/SRR27300014/SRR27300014.lite.1,SRX22977573,GSM7985669,RNA-Seq,cDNA,TRANSCRIPTOMIC,PAIRED,0,0,ILLUMINA,Illumina NovaSeq 6000,SRP479194,PRJNA1055047,3,1055047,SRS19943202,SAMN38977792,simple,208963,Pseudomonas aeruginosa UCBPP-PA14,GSM7985669,,,,,,,no,,,,,"HUNG LAB, MOLECULAR BIOLOGY, MASSACHUSETTS GENERAL HOSPITAL",SRA1772980,,public,A23DD126D63C998BC802567733FB617A,5D2439E6F35AFFE2A6EA0EBCE85FB4F6
SRR27300013,2024-10-11 21:37:54,2023-12-20 13:35:32,2848996,257106915,2848996,90,97,,https://sra-downloadb.be-md.ncbi.nlm.nih.gov/sos13/sra-pub-zq-1307/SRR027/27300/SRR27300013/SRR27300013.lite.1,SRX22977574,GSM7985670,RNA-Seq,cDNA,TRANSCRIPTOMIC,PAIRED,0,0,ILLUMINA,Illumina NovaSeq 6000,SRP479194,PRJNA1055047,3,1055047,SRS19943201,SAMN38977791,simple,208963,Pseudomonas aeruginosa UCBPP-PA14,GSM7985670,,,,,,,no,,,,,"HUNG LAB, MOLECULAR BIOLOGY, MASSACHUSETTS GENERAL HOSPITAL",SRA1772980,,public,86F5D0304A155EA2651988CB2533FD95,F5BFD8767014DB28E225EF8F21506FC8
SRR27300012,2024-10-11 21:37:54,2023-12-20 13:35:34,4124790,372053810,4124790,90,141,,https://sra-downloadb.be-md.ncbi.nlm.nih.gov/sos13/sra-pub-zq-1307/SRR027/27300/SRR27300012/SRR27300012.lite.1,SRX22977575,GSM7985671,RNA-Seq,cDNA,TRANSCRIPTOMIC,PAIRED,0,0,ILLUMINA,Illumina NovaSeq 6000,SRP479194,PRJNA1055047,3,1055047,SRS19943203,SAMN38977790,simple,208963,Pseudomonas aeruginosa UCBPP-PA14,GSM7985671,,,,,,,no,,,,,"HUNG LAB, MOLECULAR BIOLOGY, MASSACHUSETTS GENERAL HOSPITAL",SRA1772980,,public,9F2A024F203E064CB780AEE4A85C70FE,83248FFC8E0D7C6A59BD146E915AE55E
SRR27300011,2024-10-11 21:37:54,2023-12-20 13:36:00,3333798,300710871,3333798,90,114,,https://sra-downloadb.be-md.ncbi.nlm.nih.gov/sos13/sra-pub-zq-1307/SRR027/27300/SRR27300011/SRR27300011.lite.1,SRX22977576,GSM7985672,RNA-Seq,cDNA,TRANSCRIPTOMIC,PAIRED,0,0,ILLUMINA,Illumina NovaSeq 6000,SRP479194,PRJNA1055047,3,1055047,SRS19943206,SAMN38977789,simple,208963,Pseudomonas aeruginosa UCBPP-PA14,GSM7985672,,,,,,,no,,,,,"HUNG LAB, MOLECULAR BIOLOGY, MASSACHUSETTS GENERAL HOSPITAL",SRA1772980,,public,6539E8C1EB37F16EF9964FD395EE1B2B,8AD6149B503150CD2D4ED3789838FD6C
SRR27300010,2024-10-11 21:37:54,2023-12-20 13:35:37,3973168,359548584,3973168,90,138,,https://sra-downloadb.be-md.ncbi.nlm.nih.gov/sos13/sra-pub-zq-1307/SRR027/27300/SRR27300010/SRR27300010.lite.1,SRX22977577,GSM7985673,RNA-Seq,cDNA,TRANSCRIPTOMIC,PAIRED,0,0,ILLUMINA,Illumina NovaSeq 6000,SRP479194,PRJNA1055047,3,1055047,SRS19943205,SAMN38977788,simple,208963,Pseudomonas aeruginosa UCBPP-PA14,GSM7985673,,,,,,,no,,,,,"HUNG LAB, MOLECULAR BIOLOGY, MASSACHUSETTS GENERAL HOSPITAL",SRA1772980,,public,F1BAC79C59B3F3F641ACB82C1CCB3FA5,49B1302C1CFD06230BF16B5AF4E92CE4
SRR27300009,2024-10-11 21:37:54,2023-12-20 13:35:49,3021210,273569843,3021210,90,104,,https://sra-downloadb.be-md.ncbi.nlm.nih.gov/sos13/sra-pub-zq-1307/SRR027/27300/SRR27300009/SRR27300009.lite.1,SRX22977578,GSM7985674,RNA-Seq,cDNA,TRANSCRIPTOMIC,PAIRED,0,0,ILLUMINA,Illumina NovaSeq 6000,SRP479194,PRJNA1055047,3,1055047,SRS19943204,SAMN38977787,simple,208963,Pseudomonas aeruginosa UCBPP-PA14,GSM7985674,,,,,,,no,,,,,"HUNG LAB, MOLECULAR BIOLOGY, MASSACHUSETTS GENERAL HOSPITAL",SRA1772980,,public,2B0ED1170D823E046C985B9E8F4A9E6A,333A355E836BE7ED2D30C679B5CEB2D4
SRR27300008,2024-10-11 21:37:54,2023-12-20 13:35:56,3671790,332257043,3671790,90,127,,https://sra-downloadb.be-md.ncbi.nlm.nih.gov/sos13/sra-pub-zq-1307/SRR027/27300/SRR27300008/SRR27300008.lite.1,SRX22977579,GSM7985675,RNA-Seq,cDNA,TRANSCRIPTOMIC,PAIRED,0,0,ILLUMINA,Illumina NovaSeq 6000,SRP479194,PRJNA1055047,3,1055047,SRS19943207,SAMN38977786,simple,208963,Pseudomonas aeruginosa UCBPP-PA14,GSM7985675,,,,,,,no,,,,,"HUNG LAB, MOLECULAR BIOLOGY, MASSACHUSETTS GENERAL HOSPITAL",SRA1772980,,public,AD19491E5B539EF6150BEC496153F695,029D37330F3E68D5A807B3F8B489EC3E
SRR27300007,2024-10-11 21:37:55,2023-12-20 13:34:56,2345502,212526049,2345502,90,79,,https://sra-downloadb.be-md.ncbi.nlm.nih.gov/sos13/sra-pub-zq-1307/SRR027/27300/SRR27300007/SRR27300007.lite.1,SRX22977580,GSM7985676,RNA-Seq,cDNA,TRANSCRIPTOMIC,PAIRED,0,0,ILLUMINA,Illumina NovaSeq 6000,SRP479194,PRJNA1055047,3,1055047,SRS19943208,SAMN38977785,simple,208963,Pseudomonas aeruginosa UCBPP-PA14,GSM7985676,,,,,,,no,,,,,"HUNG LAB, MOLECULAR BIOLOGY, MASSACHUSETTS GENERAL HOSPITAL",SRA1772980,,public,F2C83914CA0C27E43CAAC07DD8F29D5F,2F6FF1B177ABFEAFAF4C8ABC928D32C6
SRR27300006,2024-10-11 21:37:55,2023-12-20 13:35:57,3990125,361730478,3990125,90,138,,https://sra-downloadb.be-md.ncbi.nlm.nih.gov/sos13/sra-pub-zq-1307/SRR027/27300/SRR27300006/SRR27300006.lite.1,SRX22977581,GSM7985677,RNA-Seq,cDNA,TRANSCRIPTOMIC,PAIRED,0,0,ILLUMINA,Illumina NovaSeq 6000,SRP479194,PRJNA1055047,3,1055047,SRS19943210,SAMN38977784,simple,208963,Pseudomonas aeruginosa UCBPP-PA14,GSM7985677,,,,,,,no,,,,,"HUNG LAB, MOLECULAR BIOLOGY, MASSACHUSETTS GENERAL HOSPITAL",SRA1772980,,public,81B909E972E1512A416C1EE89365E902,9E469C88370725DE0337E66D611CE034
SRR27300005,2024-10-11 21:37:55,2023-12-20 13:35:39,3362698,304864032,3362698,90,115,,https://sra-downloadb.be-md.ncbi.nlm.nih.gov/sos13/sra-pub-zq-1307/SRR027/27300/SRR27300005/SRR27300005.lite.1,SRX22977582,GSM7985678,RNA-Seq,cDNA,TRANSCRIPTOMIC,PAIRED,0,0,ILLUMINA,Illumina NovaSeq 6000,SRP479194,PRJNA1055047,3,1055047,SRS19943209,SAMN38977783,simple,208963,Pseudomonas aeruginosa UCBPP-PA14,GSM7985678,,,,,,,no,,,,,"HUNG LAB, MOLECULAR BIOLOGY, MASSACHUSETTS GENERAL HOSPITAL",SRA1772980,,public,A1B6237E80FE77DDF3C04A5B0EC41732,F61881694C59EBC15B2EF8D45920A986
SRR27300004,2024-10-11 21:37:55,2023-12-20 13:35:03,2941054,266607722,2941054,90,100,,https://sra-downloadb.be-md.ncbi.nlm.nih.gov/sos13/sra-pub-zq-1307/SRR027/27300/SRR27300004/SRR27300004.lite.1,SRX22977583,GSM7985679,RNA-Seq,cDNA,TRANSCRIPTOMIC,PAIRED,0,0,ILLUMINA,Illumina NovaSeq 6000,SRP479194,PRJNA1055047,3,1055047,SRS19943212,SAMN38977782,simple,208963,Pseudomonas aeruginosa UCBPP-PA14,GSM7985679,,,,,,,no,,,,,"HUNG LAB, MOLECULAR BIOLOGY, MASSACHUSETTS GENERAL HOSPITAL",SRA1772980,,public,08FE9A11ACA14CC5C61FC59FFA1C213E,48989B1E0F7FC123043729816142AA79
SRR27300003,2024-10-11 21:37:55,2023-12-20 13:36:11,2947348,267286871,2947348,90,100,,https://sra-downloadb.be-md.ncbi.nlm.nih.gov/sos13/sra-pub-zq-1307/SRR027/27300/SRR27300003/SRR27300003.lite.1,SRX22977584,GSM7985680,RNA-Seq,cDNA,TRANSCRIPTOMIC,PAIRED,0,0,ILLUMINA,Illumina NovaSeq 6000,SRP479194,PRJNA1055047,3,1055047,SRS19943211,SAMN38977781,simple,208963,Pseudomonas aeruginosa UCBPP-PA14,GSM7985680,,,,,,,no,,,,,"HUNG LAB, MOLECULAR BIOLOGY, MASSACHUSETTS GENERAL HOSPITAL",SRA1772980,,public,36B9D8183517C2CFE1EA707899C30DB0,0A32D1B840C77779392D1CA782196FF1
SRR27300002,2024-10-11 21:37:55,2023-12-20 13:35:29,2280142,206731566,2280142,90,78,,https://sra-downloadb.be-md.ncbi.nlm.nih.gov/sos13/sra-pub-zq-1307/SRR027/27300/SRR27300002/SRR27300002.lite.1,SRX22977585,GSM7985681,RNA-Seq,cDNA,TRANSCRIPTOMIC,PAIRED,0,0,ILLUMINA,Illumina NovaSeq 6000,SRP479194,PRJNA1055047,3,1055047,SRS19943213,SAMN38977780,simple,208963,Pseudomonas aeruginosa UCBPP-PA14,GSM7985681,,,,,,,no,,,,,"HUNG LAB, MOLECULAR BIOLOGY, MASSACHUSETTS GENERAL HOSPITAL",SRA1772980,,public,663BA8071C8A69CE0143EE475C022D94,E4655E1A0733A4358C6C2CD79F9CAA6A
SRR27300001,2024-10-11 21:37:55,2023-12-20 13:35:17,4681477,423767822,4681477,90,161,,https://sra-downloadb.be-md.ncbi.nlm.nih.gov/sos13/sra-pub-zq-1307/SRR027/27300/SRR27300001/SRR27300001.lite.1,SRX22977586,GSM7985682,RNA-Seq,cDNA,TRANSCRIPTOMIC,PAIRED,0,0,ILLUMINA,Illumina NovaSeq 6000,SRP479194,PRJNA1055047,3,1055047,SRS19943215,SAMN38977779,simple,208963,Pseudomonas aeruginosa UCBPP-PA14,GSM7985682,,,,,,,no,,,,,"HUNG LAB, MOLECULAR BIOLOGY, MASSACHUSETTS GENERAL HOSPITAL",SRA1772980,,public,58AB553F41BA1E7238E518E66A856F61,90C15DF813EEA3C8ADBE141EC3691B5B
SRR27300000,2024-10-11 21:37:55,2023-12-20 13:35:29,4284758,387838355,4284758,90,149,,https://sra-downloadb.be-md.ncbi.nlm.nih.gov/sos13/sra-pub-zq-1307/SRR027/27300/SRR27300000/SRR27300000.lite.1,SRX22977587,GSM7985683,RNA-Seq,cDNA,TRANSCRIPTOMIC,PAIRED,0,0,ILLUMINA,Illumina NovaSeq 6000,SRP479194,PRJNA1055047,3,1055047,SRS19943214,SAMN38977778,simple,208963,Pseudomonas aeruginosa UCBPP-PA14,GSM7985683,,,,,,,no,,,,,"HUNG LAB, MOLECULAR BIOLOGY, MASSACHUSETTS GENERAL HOSPITAL",SRA1772980,,public,C5713A932BC94B7B21B93452CFC6263A,FC877A0634CC0A6E08A58DF4446E514D
SRR27299999,2024-10-11 21:37:55,2023-12-20 13:35:01,3376081,305549665,3376081,90,117,,https://sra-downloadb.be-md.ncbi.nlm.nih.gov/sos13/sra-pub-zq-1307/SRR027/27299/SRR27299999/SRR27299999.lite.1,SRX22977588,GSM7985684,RNA-Seq,cDNA,TRANSCRIPTOMIC,PAIRED,0,0,ILLUMINA,Illumina NovaSeq 6000,SRP479194,PRJNA1055047,3,1055047,SRS19943216,SAMN38977777,simple,208963,Pseudomonas aeruginosa UCBPP-PA14,GSM7985684,,,,,,,no,,,,,"HUNG LAB, MOLECULAR BIOLOGY, MASSACHUSETTS GENERAL HOSPITAL",SRA1772980,,public,B2002ABD9031FC3DF9D99C2A80C4F834,8502A35FFB15B64ECBD22C4B5CB43340
SRR27299998,2024-10-11 21:37:57,2023-12-20 13:35:50,4915504,445504560,4915504,90,176,,https://sra-downloadb.be-md.ncbi.nlm.nih.gov/sos13/sra-pub-zq-1307/SRR027/27299/SRR27299998/SRR27299998.lite.1,SRX22977589,GSM7985715,RNA-Seq,cDNA,TRANSCRIPTOMIC,PAIRED,0,0,ILLUMINA,Illumina NovaSeq 6000,SRP479194,PRJNA1055047,3,1055047,SRS19943217,SAMN38977746,simple,208963,Pseudomonas aeruginosa UCBPP-PA14,GSM7985715,,,,,,,no,,,,,"HUNG LAB, MOLECULAR BIOLOGY, MASSACHUSETTS GENERAL HOSPITAL",SRA1772980,,public,56ECAF757E8182D012DAD2268539B180,6F447D42092ECF7B4E2242ACC3A51D88
SRR27299997,2024-10-11 21:37:57,2023-12-20 13:35:16,2693398,243844985,2693398,90,94,,https://sra-downloadb.be-md.ncbi.nlm.nih.gov/sos13/sra-pub-zq-1307/SRR027/27299/SRR27299997/SRR27299997.lite.1,SRX22977590,GSM7985716,RNA-Seq,cDNA,TRANSCRIPTOMIC,PAIRED,0,0,ILLUMINA,Illumina NovaSeq 6000,SRP479194,PRJNA1055047,3,1055047,SRS19943219,SAMN38977745,simple,208963,Pseudomonas aeruginosa UCBPP-PA14,GSM7985716,,,,,,,no,,,,,"HUNG LAB, MOLECULAR BIOLOGY, MASSACHUSETTS GENERAL HOSPITAL",SRA1772980,,public,D8727B5D989A9451C0114E9136989911,04947E6E50ACA5FF98D90026F483FF54
SRR27299996,2024-10-11 21:37:58,2023-12-20 13:37:05,7766626,704263845,7766626,90,266,,https://sra-downloadb.be-md.ncbi.nlm.nih.gov/sos13/sra-pub-zq-1307/SRR027/27299/SRR27299996/SRR27299996.lite.1,SRX22977591,GSM7985717,RNA-Seq,cDNA,TRANSCRIPTOMIC,PAIRED,0,0,ILLUMINA,Illumina NovaSeq 6000,SRP479194,PRJNA1055047,3,1055047,SRS19943218,SAMN38977744,simple,208963,Pseudomonas aeruginosa UCBPP-PA14,GSM7985717,,,,,,,no,,,,,"HUNG LAB, MOLECULAR BIOLOGY, MASSACHUSETTS GENERAL HOSPITAL",SRA1772980,,public,89C5538ADA04E47092B8469EA1F54616,46EB95A55E2E0F40E09DA855A1040130
SRR27299995,2024-10-11 21:37:58,2023-12-20 13:34:59,2166685,196368668,2166685,90,73,,https://sra-downloadb.be-md.ncbi.nlm.nih.gov/sos13/sra-pub-zq-1307/SRR027/27299/SRR27299995/SRR27299995.lite.1,SRX22977592,GSM7985718,RNA-Seq,cDNA,TRANSCRIPTOMIC,PAIRED,0,0,ILLUMINA,Illumina NovaSeq 6000,SRP479194,PRJNA1055047,3,1055047,SRS19943220,SAMN38977743,simple,208963,Pseudomonas aeruginosa UCBPP-PA14,GSM7985718,,,,,,,no,,,,,"HUNG LAB, MOLECULAR BIOLOGY, MASSACHUSETTS GENERAL HOSPITAL",SRA1772980,,public,39D0789600B52CC7B4E598A1440DD454,DD0B2C888AB95FBBC5FD4B7E34B555A9
SRR27299994,2024-10-11 21:37:58,2023-12-20 13:35:52,5345703,482555465,5345703,90,182,,https://sra-downloadb.be-md.ncbi.nlm.nih.gov/sos13/sra-pub-zq-1307/SRR027/27299/SRR27299994/SRR27299994.lite.1,SRX22977593,GSM7985719,RNA-Seq,cDNA,TRANSCRIPTOMIC,PAIRED,0,0,ILLUMINA,Illumina NovaSeq 6000,SRP479194,PRJNA1055047,3,1055047,SRS19943222,SAMN38977742,simple,208963,Pseudomonas aeruginosa UCBPP-PA14,GSM7985719,,,,,,,no,,,,,"HUNG LAB, MOLECULAR BIOLOGY, MASSACHUSETTS GENERAL HOSPITAL",SRA1772980,,public,9A30ED4BFF516F4976B41BF64AAA8F79,C352A09AD2661593756D53807E8E59E4
SRR27299993,2024-10-11 21:37:58,2023-12-20 13:35:24,2286270,206719532,2286270,90,79,,https://sra-downloadb.be-md.ncbi.nlm.nih.gov/sos13/sra-pub-zq-1307/SRR027/27299/SRR27299993/SRR27299993.lite.1,SRX22977594,GSM7985720,RNA-Seq,cDNA,TRANSCRIPTOMIC,PAIRED,0,0,ILLUMINA,Illumina NovaSeq 6000,SRP479194,PRJNA1055047,3,1055047,SRS19943221,SAMN38977741,simple,208963,Pseudomonas aeruginosa UCBPP-PA14,GSM7985720,,,,,,,no,,,,,"HUNG LAB, MOLECULAR BIOLOGY, MASSACHUSETTS GENERAL HOSPITAL",SRA1772980,,public,A6B5D4EF39587814369DBEAC50E40CD0,EA33C44EC8164E74DC00856DAFB503EB
SRR27299992,2024-10-11 21:37:58,2023-12-20 13:34:58,2071572,187847112,2071572,90,71,,https://sra-downloadb.be-md.ncbi.nlm.nih.gov/sos13/sra-pub-zq-1307/SRR027/27299/SRR27299992/SRR27299992.lite.1,SRX22977595,GSM7985721,RNA-Seq,cDNA,TRANSCRIPTOMIC,PAIRED,0,0,ILLUMINA,Illumina NovaSeq 6000,SRP479194,PRJNA1055047,3,1055047,SRS19943223,SAMN38977740,simple,208963,Pseudomonas aeruginosa UCBPP-PA14,GSM7985721,,,,,,,no,,,,,"HUNG LAB, MOLECULAR BIOLOGY, MASSACHUSETTS GENERAL HOSPITAL",SRA1772980,,public,4794B7FC6BF92431E7288276783B4EF3,BBF64B75F27625B5DD0FC9C8CB111CD0
SRR27299991,2024-10-11 21:37:58,2023-12-20 13:35:22,2608510,236478674,2608510,90,90,,https://sra-downloadb.be-md.ncbi.nlm.nih.gov/sos13/sra-pub-zq-1307/SRR027/27299/SRR27299991/SRR27299991.lite.1,SRX22977596,GSM7985722,RNA-Seq,cDNA,TRANSCRIPTOMIC,PAIRED,0,0,ILLUMINA,Illumina NovaSeq 6000,SRP479194,PRJNA1055047,3,1055047,SRS19943224,SAMN38977739,simple,208963,Pseudomonas aeruginosa UCBPP-PA14,GSM7985722,,,,,,,no,,,,,"HUNG LAB, MOLECULAR BIOLOGY, MASSACHUSETTS GENERAL HOSPITAL",SRA1772980,,public,72DCB871EC573452D37A11A2A995B6E5,1836FAE142D67C792DAA5F675E42FF57
SRR27299981,2024-10-11 21:38:00,2023-12-20 13:35:44,2359801,213421612,2359801,90,82,,https://sra-downloadb.be-md.ncbi.nlm.nih.gov/sos13/sra-pub-zq-1307/SRR027/27299/SRR27299981/SRR27299981.lite.1,SRX22977605,GSM7985811,RNA-Seq,cDNA,TRANSCRIPTOMIC,PAIRED,0,0,ILLUMINA,Illumina NovaSeq 6000,SRP479194,PRJNA1055047,3,1055047,SRS19943233,SAMN38977650,simple,208963,Pseudomonas aeruginosa UCBPP-PA14,GSM7985811,,,,,,,no,,,,,"HUNG LAB, MOLECULAR BIOLOGY, MASSACHUSETTS GENERAL HOSPITAL",SRA1772980,,public,F75D1A7EEAEC0F4E0FD8B90DF93A8474,499BD5AE51DCBF44106B9E9456795067
SRR27299982,2024-10-11 21:38:00,2023-12-20 13:35:24,2589576,234113902,2589576,90,91,,https://sra-downloadb.be-md.ncbi.nlm.nih.gov/sos13/sra-pub-zq-1307/SRR027/27299/SRR27299982/SRR27299982.lite.1,SRX22977605,GSM7985811,RNA-Seq,cDNA,TRANSCRIPTOMIC,PAIRED,0,0,ILLUMINA,Illumina NovaSeq 6000,SRP479194,PRJNA1055047,3,1055047,SRS19943233,SAMN38977650,simple,208963,Pseudomonas aeruginosa UCBPP-PA14,GSM7985811,,,,,,,no,,,,,"HUNG LAB, MOLECULAR BIOLOGY, MASSACHUSETTS GENERAL HOSPITAL",SRA1772980,,public,BA7966E7232657C66E9A6BB6CADF9F2A,CF073F89E65EE6F064618F5465BE3F28
SRR27299980,2024-10-11 21:38:00,2023-12-20 13:35:53,4911964,445506637,4911964,90,170,,https://sra-downloadb.be-md.ncbi.nlm.nih.gov/sos13/sra-pub-zq-1307/SRR027/27299/SRR27299980/SRR27299980.lite.1,SRX22977606,GSM7985812,RNA-Seq,cDNA,TRANSCRIPTOMIC,PAIRED,0,0,ILLUMINA,Illumina NovaSeq 6000,SRP479194,PRJNA1055047,3,1055047,SRS19943234,SAMN38977649,simple,208963,Pseudomonas aeruginosa UCBPP-PA14,GSM7985812,,,,,,,no,,,,,"HUNG LAB, MOLECULAR BIOLOGY, MASSACHUSETTS GENERAL HOSPITAL",SRA1772980,,public,695277E544DE8B30AB65CBC90459DF02,F7C79754D3B9EA5D9239F731576F9B25
SRR27299861,2024-10-11 21:38:00,2023-12-20 13:34:49,6850550,621037844,6850550,90,246,,https://sra-downloadb.be-md.ncbi.nlm.nih.gov/sos13/sra-pub-zq-1307/SRR027/27299/SRR27299861/SRR27299861.lite.1,SRX22977606,GSM7985812,RNA-Seq,cDNA,TRANSCRIPTOMIC,PAIRED,0,0,ILLUMINA,Illumina NovaSeq 6000,SRP479194,PRJNA1055047,3,1055047,SRS19943234,SAMN38977649,simple,208963,Pseudomonas aeruginosa UCBPP-PA14,GSM7985812,,,,,,,no,,,,,"HUNG LAB, MOLECULAR BIOLOGY, MASSACHUSETTS GENERAL HOSPITAL",SRA1772980,,public,9FED765936FDDBBD1CE0AF1BF27304FA,096D7A400D8EC4B976155B168A4AC8F8
SRR27299979,2024-10-11 21:38:00,2023-12-20 13:36:07,5848317,530468683,5848317,90,199,,https://sra-downloadb.be-md.ncbi.nlm.nih.gov/sos13/sra-pub-zq-1307/SRR027/27299/SRR27299979/SRR27299979.lite.1,SRX22977607,GSM7985813,RNA-Seq,cDNA,TRANSCRIPTOMIC,PAIRED,0,0,ILLUMINA,Illumina NovaSeq 6000,SRP479194,PRJNA1055047,3,1055047,SRS19943235,SAMN38977648,simple,208963,Pseudomonas aeruginosa UCBPP-PA14,GSM7985813,,,,,,,no,,,,,"HUNG LAB, MOLECULAR BIOLOGY, MASSACHUSETTS GENERAL HOSPITAL",SRA1772980,,public,42B4C5760021B409BAD2EE89A20309B2,225694D9F6C9AFBFD0EB494A6B30BDCC
SRR27299978,2024-10-11 21:37:41,2023-12-20 13:35:10,6226359,563251914,6226359,90,224,,https://sra-downloadb.be-md.ncbi.nlm.nih.gov/sos13/sra-pub-zq-1307/SRR027/27299/SRR27299978/SRR27299978.lite.1,SRX22977608,GSM7985050,RNA-Seq,cDNA,TRANSCRIPTOMIC,PAIRED,0,0,ILLUMINA,Illumina NovaSeq 6000,SRP479194,PRJNA1055047,3,1055047,SRS19943238,SAMN38978411,simple,208963,Pseudomonas aeruginosa UCBPP-PA14,GSM7985050,,,,,,,no,,,,,"HUNG LAB, MOLECULAR BIOLOGY, MASSACHUSETTS GENERAL HOSPITAL",SRA1772980,,public,D2C244C26425E20D4D5CF4C81BA84694,1EC5583D16F54BCEDFDC5B0D22F2F1CC
SRR27299976,2024-10-11 21:37:43,2023-12-20 13:37:09,8500583,766397259,8500583,90,308,,https://sra-downloadb.be-md.ncbi.nlm.nih.gov/sos13/sra-pub-zq-1307/SRR027/27299/SRR27299976/SRR27299976.lite.1,SRX22977609,GSM7985051,RNA-Seq,cDNA,TRANSCRIPTOMIC,PAIRED,0,0,ILLUMINA,Illumina NovaSeq 6000,SRP479194,PRJNA1055047,3,1055047,SRS19943236,SAMN38978410,simple,208963,Pseudomonas aeruginosa UCBPP-PA14,GSM7985051,,,,,,,no,,,,,"HUNG LAB, MOLECULAR BIOLOGY, MASSACHUSETTS GENERAL HOSPITAL",SRA1772980,,public,15A820BF3C4EC45C9B4138C12265F493,22F51EA93B0C7A5D33553458809E08D3
SRR27299975,2024-10-11 21:37:44,2023-12-20 13:36:03,14174800,1283248160,14174800,90,513,,https://sra-downloadb.be-md.ncbi.nlm.nih.gov/sos13/sra-pub-zq-1307/SRR027/27299/SRR27299975/SRR27299975.lite.1,SRX22977610,GSM7985052,RNA-Seq,cDNA,TRANSCRIPTOMIC,PAIRED,0,0,ILLUMINA,Illumina NovaSeq 6000,SRP479194,PRJNA1055047,3,1055047,SRS19943237,SAMN38978409,simple,208963,Pseudomonas aeruginosa UCBPP-PA14,GSM7985052,,,,,,,no,,,,,"HUNG LAB, MOLECULAR BIOLOGY, MASSACHUSETTS GENERAL HOSPITAL",SRA1772980,,public,B58C2E46E83B4E3BF5901AF5A00E0ADF,F7E9CEE2F6BD325613426DC9191EF7AD
SRR27299973,2024-10-11 21:37:45,2023-12-20 13:36:58,12191086,1102975408,12191086,90,438,,https://sra-downloadb.be-md.ncbi.nlm.nih.gov/sos13/sra-pub-zq-1307/SRR027/27299/SRR27299973/SRR27299973.lite.1,SRX22977611,GSM7985053,RNA-Seq,cDNA,TRANSCRIPTOMIC,PAIRED,0,0,ILLUMINA,Illumina NovaSeq 6000,SRP479194,PRJNA1055047,3,1055047,SRS19943239,SAMN38978408,simple,208963,Pseudomonas aeruginosa UCBPP-PA14,GSM7985053,,,,,,,no,,,,,"HUNG LAB, MOLECULAR BIOLOGY, MASSACHUSETTS GENERAL HOSPITAL",SRA1772980,,public,B5DEB7CB961902456120FC1D8B1B589E,FD11EE1D72D4809B2DC273F6B3663FC0
SRR27299972,2024-10-11 21:37:46,2023-12-20 13:37:12,10814316,978470601,10814316,90,387,,https://sra-downloadb.be-md.ncbi.nlm.nih.gov/sos13/sra-pub-zq-1307/SRR027/27299/SRR27299972/SRR27299972.lite.1,SRX22977612,GSM7985054,RNA-Seq,cDNA,TRANSCRIPTOMIC,PAIRED,0,0,ILLUMINA,Illumina NovaSeq 6000,SRP479194,PRJNA1055047,3,1055047,SRS19943240,SAMN38978407,simple,208963,Pseudomonas aeruginosa UCBPP-PA14,GSM7985054,,,,,,,no,,,,,"HUNG LAB, MOLECULAR BIOLOGY, MASSACHUSETTS GENERAL HOSPITAL",SRA1772980,,public,1D57AA7CA9F64B76E8239E735389CF59,EEAF4CB02E87D19F00B01DCDC82CBD6F
SRR27299970,2024-10-11 21:37:47,2023-12-20 13:35:57,5577807,504367943,5577807,90,200,,https://sra-downloadb.be-md.ncbi.nlm.nih.gov/sos13/sra-pub-zq-1307/SRR027/27299/SRR27299970/SRR27299970.lite.1,SRX22977613,GSM7985055,RNA-Seq,cDNA,TRANSCRIPTOMIC,PAIRED,0,0,ILLUMINA,Illumina NovaSeq 6000,SRP479194,PRJNA1055047,3,1055047,SRS19943241,SAMN38978406,simple,208963,Pseudomonas aeruginosa UCBPP-PA14,GSM7985055,,,,,,,no,,,,,"HUNG LAB, MOLECULAR BIOLOGY, MASSACHUSETTS GENERAL HOSPITAL",SRA1772980,,public,3FAFAA5E137D5D4B4A5CC87F6B98314E,4E27C4BF1CD2855A38D7C463FE2194CC
SRR27299969,2024-10-11 21:37:48,2023-12-20 13:37:30,13634904,1230444524,13634904,90,487,,https://sra-downloadb.be-md.ncbi.nlm.nih.gov/sos13/sra-pub-zq-1307/SRR027/27299/SRR27299969/SRR27299969.lite.1,SRX22977614,GSM7985056,RNA-Seq,cDNA,TRANSCRIPTOMIC,PAIRED,0,0,ILLUMINA,Illumina NovaSeq 6000,SRP479194,PRJNA1055047,3,1055047,SRS19943242,SAMN38978405,simple,208963,Pseudomonas aeruginosa UCBPP-PA14,GSM7985056,,,,,,,no,,,,,"HUNG LAB, MOLECULAR BIOLOGY, MASSACHUSETTS GENERAL HOSPITAL",SRA1772980,,public,877D883A0B571055B34C7C7996D4729E,D68D31F840C44D5D9BDFFC93E1436A7E
SRR27299967,2024-10-11 21:37:48,2023-12-20 13:36:50,9014496,814946378,9014496,90,326,,https://sra-downloadb.be-md.ncbi.nlm.nih.gov/sos13/sra-pub-zq-1307/SRR027/27299/SRR27299967/SRR27299967.lite.1,SRX22977615,GSM7985057,RNA-Seq,cDNA,TRANSCRIPTOMIC,PAIRED,0,0,ILLUMINA,Illumina NovaSeq 6000,SRP479194,PRJNA1055047,3,1055047,SRS19943244,SAMN38978404,simple,208963,Pseudomonas aeruginosa UCBPP-PA14,GSM7985057,,,,,,,no,,,,,"HUNG LAB, MOLECULAR BIOLOGY, MASSACHUSETTS GENERAL HOSPITAL",SRA1772980,,public,3BE4E87331288B49AAC8499D7EBA3A0F,79AF572E7EA9B8527BE9C2DD94F6A503
SRR27299966,2024-10-11 21:37:49,2023-12-20 13:36:14,6658946,601690034,6658946,90,242,,https://sra-downloadb.be-md.ncbi.nlm.nih.gov/sos13/sra-pub-zq-1307/SRR027/27299/SRR27299966/SRR27299966.lite.1,SRX22977616,GSM7985058,RNA-Seq,cDNA,TRANSCRIPTOMIC,PAIRED,0,0,ILLUMINA,Illumina NovaSeq 6000,SRP479194,PRJNA1055047,3,1055047,SRS19943243,SAMN38978403,simple,208963,Pseudomonas aeruginosa UCBPP-PA14,GSM7985058,,,,,,,no,,,,,"HUNG LAB, MOLECULAR BIOLOGY, MASSACHUSETTS GENERAL HOSPITAL",SRA1772980,,public,DAD7DA5B94D3B7022654D42FE88F38AB,3559FD5C1B3BF26E9225661AE01BDE82
SRR27299964,2024-10-11 21:37:50,2023-12-20 13:35:15,5420687,488821671,5420687,90,196,,https://sra-downloadb.be-md.ncbi.nlm.nih.gov/sos13/sra-pub-zq-1307/SRR027/27299/SRR27299964/SRR27299964.lite.1,SRX22977617,GSM7985059,RNA-Seq,cDNA,TRANSCRIPTOMIC,PAIRED,0,0,ILLUMINA,Illumina NovaSeq 6000,SRP479194,PRJNA1055047,3,1055047,SRS19943245,SAMN38978402,simple,208963,Pseudomonas aeruginosa UCBPP-PA14,GSM7985059,,,,,,,no,,,,,"HUNG LAB, MOLECULAR BIOLOGY, MASSACHUSETTS GENERAL HOSPITAL",SRA1772980,,public,325A189B82E96A5B097D39309CB7211B,F94262B9524837CB781F8FA2BC219238
SRR27299963,2024-10-11 21:37:50,2023-12-20 13:38:06,9919978,895832514,9919978,90,356,,https://sra-downloadb.be-md.ncbi.nlm.nih.gov/sos13/sra-pub-zq-1307/SRR027/27299/SRR27299963/SRR27299963.lite.1,SRX22977618,GSM7985060,RNA-Seq,cDNA,TRANSCRIPTOMIC,PAIRED,0,0,ILLUMINA,Illumina NovaSeq 6000,SRP479194,PRJNA1055047,3,1055047,SRS19943246,SAMN38978401,simple,208963,Pseudomonas aeruginosa UCBPP-PA14,GSM7985060,,,,,,,no,,,,,"HUNG LAB, MOLECULAR BIOLOGY, MASSACHUSETTS GENERAL HOSPITAL",SRA1772980,,public,190D3259602D718C4BE78ADA1DDEDCA3,2E2AFF5282CF700DD41A44D67B7288C2
SRR27299962,2024-10-11 21:37:51,2023-12-20 13:36:17,6033077,544666928,6033077,90,217,,https://sra-downloadb.be-md.ncbi.nlm.nih.gov/sos13/sra-pub-zq-1307/SRR027/27299/SRR27299962/SRR27299962.lite.1,SRX22977619,GSM7985061,RNA-Seq,cDNA,TRANSCRIPTOMIC,PAIRED,0,0,ILLUMINA,Illumina NovaSeq 6000,SRP479194,PRJNA1055047,3,1055047,SRS19943247,SAMN38978400,simple,208963,Pseudomonas aeruginosa UCBPP-PA14,GSM7985061,,,,,,,no,,,,,"HUNG LAB, MOLECULAR BIOLOGY, MASSACHUSETTS GENERAL HOSPITAL",SRA1772980,,public,0CB7BA15F763922331AEAF2CD43FCED2,ECB9AB513448286EF2C98653C6EA7B20
SRR27299961,2024-10-11 21:37:52,2023-12-20 13:35:48,6791112,614448931,6791112,90,244,,https://sra-downloadb.be-md.ncbi.nlm.nih.gov/sos13/sra-pub-zq-1307/SRR027/27299/SRR27299961/SRR27299961.lite.1,SRX22977620,GSM7985062,RNA-Seq,cDNA,TRANSCRIPTOMIC,PAIRED,0,0,ILLUMINA,Illumina NovaSeq 6000,SRP479194,PRJNA1055047,3,1055047,SRS19943248,SAMN38978399,simple,208963,Pseudomonas aeruginosa UCBPP-PA14,GSM7985062,,,,,,,no,,,,,"HUNG LAB, MOLECULAR BIOLOGY, MASSACHUSETTS GENERAL HOSPITAL",SRA1772980,,public,28F470F1309FDE234365334822B28B49,084738365BF89AB3B6A8067E6A886711
SRR27299960,2024-10-11 21:37:53,2023-12-20 13:37:42,13237636,1192825876,13237636,90,476,,https://sra-downloadb.be-md.ncbi.nlm.nih.gov/sos13/sra-pub-zq-1307/SRR027/27299/SRR27299960/SRR27299960.lite.1,SRX22977621,GSM7985063,RNA-Seq,cDNA,TRANSCRIPTOMIC,PAIRED,0,0,ILLUMINA,Illumina NovaSeq 6000,SRP479194,PRJNA1055047,3,1055047,SRS19943250,SAMN38978398,simple,208963,Pseudomonas aeruginosa UCBPP-PA14,GSM7985063,,,,,,,no,,,,,"HUNG LAB, MOLECULAR BIOLOGY, MASSACHUSETTS GENERAL HOSPITAL",SRA1772980,,public,45EE1E6F865965818D0D665272C62937,E6240D41D84E7C45CA6CB9E0D0C20BAB
SRR27299959,2024-10-11 21:38:33,2023-12-20 13:35:07,5853461,528064284,5853461,90,213,,https://sra-downloadb.be-md.ncbi.nlm.nih.gov/sos13/sra-pub-zq-1307/SRR027/27299/SRR27299959/SRR27299959.lite.1,SRX22977622,GSM7985128,RNA-Seq,cDNA,TRANSCRIPTOMIC,PAIRED,0,0,ILLUMINA,Illumina NovaSeq 6000,SRP479194,PRJNA1055047,3,1055047,SRS19943249,SAMN38978333,simple,208963,Pseudomonas aeruginosa UCBPP-PA14,GSM7985128,,,,,,,no,,,,,"HUNG LAB, MOLECULAR BIOLOGY, MASSACHUSETTS GENERAL HOSPITAL",SRA1772980,,public,DBB76638DA997243778F5C6A22C5B55F,AF0773F93CA5E276CFE6943BFF4F0A86
SRR27299958,2024-10-11 21:38:34,2023-12-20 13:35:37,5100030,460604196,5100030,90,184,,https://sra-downloadb.be-md.ncbi.nlm.nih.gov/sos13/sra-pub-zq-1307/SRR027/27299/SRR27299958/SRR27299958.lite.1,SRX22977623,GSM7985129,RNA-Seq,cDNA,TRANSCRIPTOMIC,PAIRED,0,0,ILLUMINA,Illumina NovaSeq 6000,SRP479194,PRJNA1055047,3,1055047,SRS19943251,SAMN38978332,simple,208963,Pseudomonas aeruginosa UCBPP-PA14,GSM7985129,,,,,,,no,,,,,"HUNG LAB, MOLECULAR BIOLOGY, MASSACHUSETTS GENERAL HOSPITAL",SRA1772980,,public,109B7820E550E7366BEF06578EE52329,44FC01438EF5C345A66901CC2375DA6B
SRR27299957,2024-10-11 21:38:34,2023-12-20 13:36:24,4384002,396015712,4384002,90,158,,https://sra-downloadb.be-md.ncbi.nlm.nih.gov/sos13/sra-pub-zq-1307/SRR027/27299/SRR27299957/SRR27299957.lite.1,SRX22977624,GSM7985130,RNA-Seq,cDNA,TRANSCRIPTOMIC,PAIRED,0,0,ILLUMINA,Illumina NovaSeq 6000,SRP479194,PRJNA1055047,3,1055047,SRS19943252,SAMN38978331,simple,208963,Pseudomonas aeruginosa UCBPP-PA14,GSM7985130,,,,,,,no,,,,,"HUNG LAB, MOLECULAR BIOLOGY, MASSACHUSETTS GENERAL HOSPITAL",SRA1772980,,public,D18EF1D862607A7148074D280AC0EF86,2797C8369642E68D4003A44AEC211470
SRR27299956,2024-10-11 21:38:34,2023-12-20 13:35:00,4913009,444580243,4913009,90,178,,https://sra-downloadb.be-md.ncbi.nlm.nih.gov/sos13/sra-pub-zq-1307/SRR027/27299/SRR27299956/SRR27299956.lite.1,SRX22977625,GSM7985131,RNA-Seq,cDNA,TRANSCRIPTOMIC,PAIRED,0,0,ILLUMINA,Illumina NovaSeq 6000,SRP479194,PRJNA1055047,3,1055047,SRS19943253,SAMN38978330,simple,208963,Pseudomonas aeruginosa UCBPP-PA14,GSM7985131,,,,,,,no,,,,,"HUNG LAB, MOLECULAR BIOLOGY, MASSACHUSETTS GENERAL HOSPITAL",SRA1772980,,public,744EEABE916E249700F367932B2C8B86,9F9CB9E762EB5514D76385C699087B14
SRR27299955,2024-10-11 21:38:34,2023-12-20 13:36:50,9176890,827232146,9176890,90,334,,https://sra-downloadb.be-md.ncbi.nlm.nih.gov/sos13/sra-pub-zq-1307/SRR027/27299/SRR27299955/SRR27299955.lite.1,SRX22977626,GSM7985132,RNA-Seq,cDNA,TRANSCRIPTOMIC,PAIRED,0,0,ILLUMINA,Illumina NovaSeq 6000,SRP479194,PRJNA1055047,3,1055047,SRS19943254,SAMN38978329,simple,208963,Pseudomonas aeruginosa UCBPP-PA14,GSM7985132,,,,,,,no,,,,,"HUNG LAB, MOLECULAR BIOLOGY, MASSACHUSETTS GENERAL HOSPITAL",SRA1772980,,public,954950AF0869FC11A04E5F2EADFE3084,5CF000B476E9146BFED1161EADA429A1
SRR27299954,2024-10-11 21:38:34,2023-12-20 13:35:07,5403332,487038697,5403332,90,196,,https://sra-downloadb.be-md.ncbi.nlm.nih.gov/sos13/sra-pub-zq-1307/SRR027/27299/SRR27299954/SRR27299954.lite.1,SRX22977627,GSM7985133,RNA-Seq,cDNA,TRANSCRIPTOMIC,PAIRED,0,0,ILLUMINA,Illumina NovaSeq 6000,SRP479194,PRJNA1055047,3,1055047,SRS19943256,SAMN38978328,simple,208963,Pseudomonas aeruginosa UCBPP-PA14,GSM7985133,,,,,,,no,,,,,"HUNG LAB, MOLECULAR BIOLOGY, MASSACHUSETTS GENERAL HOSPITAL",SRA1772980,,public,233DCA161778BB7441B0825ADEFBBAD8,56900E4AC4D8E381A37AE06CFEAEC6A5
SRR27299953,2024-10-11 21:38:34,2023-12-20 13:36:10,15220946,1377572237,15220946,90,555,,https://sra-downloadb.be-md.ncbi.nlm.nih.gov/sos13/sra-pub-zq-1307/SRR027/27299/SRR27299953/SRR27299953.lite.1,SRX22977628,GSM7985134,RNA-Seq,cDNA,TRANSCRIPTOMIC,PAIRED,0,0,ILLUMINA,Illumina NovaSeq 6000,SRP479194,PRJNA1055047,3,1055047,SRS19943255,SAMN38978327,simple,208963,Pseudomonas aeruginosa UCBPP-PA14,GSM7985134,,,,,,,no,,,,,"HUNG LAB, MOLECULAR BIOLOGY, MASSACHUSETTS GENERAL HOSPITAL",SRA1772980,,public,C0C7C81D104756C180E79BA2695D5ADA,76F0ABCF1621B9450DC800B0534845AC
SRR27299952,2024-10-11 21:38:34,2023-12-20 13:35:40,10457843,944827993,10457843,90,376,,https://sra-downloadb.be-md.ncbi.nlm.nih.gov/sos13/sra-pub-zq-1307/SRR027/27299/SRR27299952/SRR27299952.lite.1,SRX22977629,GSM7985135,RNA-Seq,cDNA,TRANSCRIPTOMIC,PAIRED,0,0,ILLUMINA,Illumina NovaSeq 6000,SRP479194,PRJNA1055047,3,1055047,SRS19943258,SAMN38978326,simple,208963,Pseudomonas aeruginosa UCBPP-PA14,GSM7985135,,,,,,,no,,,,,"HUNG LAB, MOLECULAR BIOLOGY, MASSACHUSETTS GENERAL HOSPITAL",SRA1772980,,public,0DB705A16E3CA46F315E9CBC6FEB0775,371FD3D17E86D8A181DC8EFBDBA37741
SRR27299951,2024-10-11 21:38:34,2023-12-20 13:36:51,8363907,754745964,8363907,90,301,,https://sra-downloadb.be-md.ncbi.nlm.nih.gov/sos13/sra-pub-zq-1307/SRR027/27299/SRR27299951/SRR27299951.lite.1,SRX22977630,GSM7985136,RNA-Seq,cDNA,TRANSCRIPTOMIC,PAIRED,0,0,ILLUMINA,Illumina NovaSeq 6000,SRP479194,PRJNA1055047,3,1055047,SRS19943257,SAMN38978325,simple,208963,Pseudomonas aeruginosa UCBPP-PA14,GSM7985136,,,,,,,no,,,,,"HUNG LAB, MOLECULAR BIOLOGY, MASSACHUSETTS GENERAL HOSPITAL",SRA1772980,,public,796BF643FCB93E33DAE168498D15303E,27CD4B3B0A93D01230461719D64146F2
SRR27299950,2024-10-11 21:38:35,2023-12-20 13:37:37,12747114,1151387754,12747114,90,461,,https://sra-downloadb.be-md.ncbi.nlm.nih.gov/sos13/sra-pub-zq-1307/SRR027/27299/SRR27299950/SRR27299950.lite.1,SRX22977631,GSM7985137,RNA-Seq,cDNA,TRANSCRIPTOMIC,PAIRED,0,0,ILLUMINA,Illumina NovaSeq 6000,SRP479194,PRJNA1055047,3,1055047,SRS19943260,SAMN38978324,simple,208963,Pseudomonas aeruginosa UCBPP-PA14,GSM7985137,,,,,,,no,,,,,"HUNG LAB, MOLECULAR BIOLOGY, MASSACHUSETTS GENERAL HOSPITAL",SRA1772980,,public,550D2B5A17F8A78875ACB130E4A34372,A14C264A977DA55403D285AD4E74383A
SRR27299949,2024-10-11 21:38:35,2023-12-20 13:36:08,7096003,640551187,7096003,90,256,,https://sra-downloadb.be-md.ncbi.nlm.nih.gov/sos13/sra-pub-zq-1307/SRR027/27299/SRR27299949/SRR27299949.lite.1,SRX22977632,GSM7985138,RNA-Seq,cDNA,TRANSCRIPTOMIC,PAIRED,0,0,ILLUMINA,Illumina NovaSeq 6000,SRP479194,PRJNA1055047,3,1055047,SRS19943261,SAMN38978323,simple,208963,Pseudomonas aeruginosa UCBPP-PA14,GSM7985138,,,,,,,no,,,,,"HUNG LAB, MOLECULAR BIOLOGY, MASSACHUSETTS GENERAL HOSPITAL",SRA1772980,,public,500123BA4F7C112E0F04F2B7FBCE9B25,46F5394428242C0391F68849BA105D57
SRR27299948,2024-10-11 21:38:35,2023-12-20 13:36:12,4354483,391692772,4354483,89,157,,https://sra-downloadb.be-md.ncbi.nlm.nih.gov/sos13/sra-pub-zq-1307/SRR027/27299/SRR27299948/SRR27299948.lite.1,SRX22977633,GSM7985139,RNA-Seq,cDNA,TRANSCRIPTOMIC,PAIRED,0,0,ILLUMINA,Illumina NovaSeq 6000,SRP479194,PRJNA1055047,3,1055047,SRS19943259,SAMN38978322,simple,208963,Pseudomonas aeruginosa UCBPP-PA14,GSM7985139,,,,,,,no,,,,,"HUNG LAB, MOLECULAR BIOLOGY, MASSACHUSETTS GENERAL HOSPITAL",SRA1772980,,public,191FD35AF706B58E1BB43E397668EE03,9F58295C77FB264A9B67C7DB51AE228B
SRR27299947,2024-10-11 21:38:35,2023-12-20 13:36:35,4429681,398600581,4429681,89,160,,https://sra-downloadb.be-md.ncbi.nlm.nih.gov/sos13/sra-pub-zq-1307/SRR027/27299/SRR27299947/SRR27299947.lite.1,SRX22977634,GSM7985140,RNA-Seq,cDNA,TRANSCRIPTOMIC,PAIRED,0,0,ILLUMINA,Illumina NovaSeq 6000,SRP479194,PRJNA1055047,3,1055047,SRS19943262,SAMN38978321,simple,208963,Pseudomonas aeruginosa UCBPP-PA14,GSM7985140,,,,,,,no,,,,,"HUNG LAB, MOLECULAR BIOLOGY, MASSACHUSETTS GENERAL HOSPITAL",SRA1772980,,public,98ADD1C7882B5C219B91E4C62BB97889,DE44BCC803791FE4BC5443AD5B13C66F
SRR27299946,2024-10-11 21:38:35,2023-12-20 13:36:27,6653716,602041957,6653716,90,241,,https://sra-downloadb.be-md.ncbi.nlm.nih.gov/sos13/sra-pub-zq-1307/SRR027/27299/SRR27299946/SRR27299946.lite.1,SRX22977635,GSM7985141,RNA-Seq,cDNA,TRANSCRIPTOMIC,PAIRED,0,0,ILLUMINA,Illumina NovaSeq 6000,SRP479194,PRJNA1055047,3,1055047,SRS19943263,SAMN38978320,simple,208963,Pseudomonas aeruginosa UCBPP-PA14,GSM7985141,,,,,,,no,,,,,"HUNG LAB, MOLECULAR BIOLOGY, MASSACHUSETTS GENERAL HOSPITAL",SRA1772980,,public,EE7C7AB5C3F3C58FA02ECAD943A5D10D,C4F558EC252FFD182A71F3DC47C9CA64
SRR27299945,2024-10-11 21:38:35,2023-12-20 13:34:53,5505154,496985800,5505154,90,198,,https://sra-downloadb.be-md.ncbi.nlm.nih.gov/sos13/sra-pub-zq-1307/SRR027/27299/SRR27299945/SRR27299945.lite.1,SRX22977636,GSM7985142,RNA-Seq,cDNA,TRANSCRIPTOMIC,PAIRED,0,0,ILLUMINA,Illumina NovaSeq 6000,SRP479194,PRJNA1055047,3,1055047,SRS19943264,SAMN38978319,simple,208963,Pseudomonas aeruginosa UCBPP-PA14,GSM7985142,,,,,,,no,,,,,"HUNG LAB, MOLECULAR BIOLOGY, MASSACHUSETTS GENERAL HOSPITAL",SRA1772980,,public,1279176CC6C59EFFACBF4DB3206B2853,DF52CEB6620512035E814FA2F162FF47
SRR27299944,2024-10-11 21:38:35,2023-12-20 13:35:53,3984258,359762713,3984258,90,143,,https://sra-downloadb.be-md.ncbi.nlm.nih.gov/sos13/sra-pub-zq-1307/SRR027/27299/SRR27299944/SRR27299944.lite.1,SRX22977637,GSM7985143,RNA-Seq,cDNA,TRANSCRIPTOMIC,PAIRED,0,0,ILLUMINA,Illumina NovaSeq 6000,SRP479194,PRJNA1055047,3,1055047,SRS19943265,SAMN38978318,simple,208963,Pseudomonas aeruginosa UCBPP-PA14,GSM7985143,,,,,,,no,,,,,"HUNG LAB, MOLECULAR BIOLOGY, MASSACHUSETTS GENERAL HOSPITAL",SRA1772980,,public,7BCC688CEA2CA95CB6A15F8DD8228884,8BDBA61754C26845D4726FC9AC31B6BF
SRR27299943,2024-10-11 21:38:35,2023-12-20 13:38:07,11254553,1017010977,11254553,90,408,,https://sra-downloadb.be-md.ncbi.nlm.nih.gov/sos13/sra-pub-zq-1307/SRR027/27299/SRR27299943/SRR27299943.lite.1,SRX22977638,GSM7985144,RNA-Seq,cDNA,TRANSCRIPTOMIC,PAIRED,0,0,ILLUMINA,Illumina NovaSeq 6000,SRP479194,PRJNA1055047,3,1055047,SRS19943266,SAMN38978317,simple,208963,Pseudomonas aeruginosa UCBPP-PA14,GSM7985144,,,,,,,no,,,,,"HUNG LAB, MOLECULAR BIOLOGY, MASSACHUSETTS GENERAL HOSPITAL",SRA1772980,,public,BE9E92132E9654139C1DC5CF6C091173,E0C80B46070D103AD8E9D29F7D0E4BBB
SRR27299942,2024-10-11 21:38:36,2023-12-20 13:36:31,7809945,702997256,7809945,90,284,,https://sra-downloadb.be-md.ncbi.nlm.nih.gov/sos13/sra-pub-zq-1307/SRR027/27299/SRR27299942/SRR27299942.lite.1,SRX22977639,GSM7985145,RNA-Seq,cDNA,TRANSCRIPTOMIC,PAIRED,0,0,ILLUMINA,Illumina NovaSeq 6000,SRP479194,PRJNA1055047,3,1055047,SRS19943267,SAMN38978316,simple,208963,Pseudomonas aeruginosa UCBPP-PA14,GSM7985145,,,,,,,no,,,,,"HUNG LAB, MOLECULAR BIOLOGY, MASSACHUSETTS GENERAL HOSPITAL",SRA1772980,,public,F288CC1F030A23DA818339CF24FB1039,A199BBD2C6EBB0E06D3A3DE7EB96B453
SRR27299941,2024-10-11 21:38:36,2023-12-20 13:37:05,11270397,1015266564,11270397,90,412,,https://sra-downloadb.be-md.ncbi.nlm.nih.gov/sos13/sra-pub-zq-1307/SRR027/27299/SRR27299941/SRR27299941.lite.1,SRX22977640,GSM7985146,RNA-Seq,cDNA,TRANSCRIPTOMIC,PAIRED,0,0,ILLUMINA,Illumina NovaSeq 6000,SRP479194,PRJNA1055047,3,1055047,SRS19943268,SAMN38978315,simple,208963,Pseudomonas aeruginosa UCBPP-PA14,GSM7985146,,,,,,,no,,,,,"HUNG LAB, MOLECULAR BIOLOGY, MASSACHUSETTS GENERAL HOSPITAL",SRA1772980,,public,B49A31C9320408F4778302E084637F5E,9EAFE2E1F15964466F1611856A121319
SRR27299940,2024-10-11 21:38:36,2023-12-20 13:39:16,23137260,2089560678,23137260,90,834,,https://sra-downloadb.be-md.ncbi.nlm.nih.gov/sos13/sra-pub-zq-1307/SRR027/27299/SRR27299940/SRR27299940.lite.1,SRX22977641,GSM7985147,RNA-Seq,cDNA,TRANSCRIPTOMIC,PAIRED,0,0,ILLUMINA,Illumina NovaSeq 6000,SRP479194,PRJNA1055047,3,1055047,SRS19943269,SAMN38978314,simple,208963,Pseudomonas aeruginosa UCBPP-PA14,GSM7985147,,,,,,,no,,,,,"HUNG LAB, MOLECULAR BIOLOGY, MASSACHUSETTS GENERAL HOSPITAL",SRA1772980,,public,1C1321C03F9986357630F168D77CD650,80B136CE9E6BA4C5747F94D061B0611C
SRR27299939,2024-10-11 21:38:36,2023-12-20 13:39:35,21950644,1984211097,21950644,90,791,,https://sra-downloadb.be-md.ncbi.nlm.nih.gov/sos13/sra-pub-zq-1307/SRR027/27299/SRR27299939/SRR27299939.lite.1,SRX22977642,GSM7985148,RNA-Seq,cDNA,TRANSCRIPTOMIC,PAIRED,0,0,ILLUMINA,Illumina NovaSeq 6000,SRP479194,PRJNA1055047,3,1055047,SRS19943270,SAMN38978313,simple,208963,Pseudomonas aeruginosa UCBPP-PA14,GSM7985148,,,,,,,no,,,,,"HUNG LAB, MOLECULAR BIOLOGY, MASSACHUSETTS GENERAL HOSPITAL",SRA1772980,,public,4455404656D3561CBE7A5895AD01DC60,8AB39B1A3CBCC1380A09E8E5A034FAE4
SRR27299938,2024-10-11 21:38:36,2023-12-20 13:38:55,19021884,1718927548,19021884,90,685,,https://sra-downloadb.be-md.ncbi.nlm.nih.gov/sos13/sra-pub-zq-1307/SRR027/27299/SRR27299938/SRR27299938.lite.1,SRX22977643,GSM7985149,RNA-Seq,cDNA,TRANSCRIPTOMIC,PAIRED,0,0,ILLUMINA,Illumina NovaSeq 6000,SRP479194,PRJNA1055047,3,1055047,SRS19943272,SAMN38978312,simple,208963,Pseudomonas aeruginosa UCBPP-PA14,GSM7985149,,,,,,,no,,,,,"HUNG LAB, MOLECULAR BIOLOGY, MASSACHUSETTS GENERAL HOSPITAL",SRA1772980,,public,0195894B5BD0CDC0739AF8BDB927E55D,CD33A6714F22BA5E5D2D4EE88519C018
SRR27299937,2024-10-11 21:38:36,2023-12-20 13:36:46,8735472,788038181,8735472,90,317,,https://sra-downloadb.be-md.ncbi.nlm.nih.gov/sos13/sra-pub-zq-1307/SRR027/27299/SRR27299937/SRR27299937.lite.1,SRX22977644,GSM7985150,RNA-Seq,cDNA,TRANSCRIPTOMIC,PAIRED,0,0,ILLUMINA,Illumina NovaSeq 6000,SRP479194,PRJNA1055047,3,1055047,SRS19943271,SAMN38978311,simple,208963,Pseudomonas aeruginosa UCBPP-PA14,GSM7985150,,,,,,,no,,,,,"HUNG LAB, MOLECULAR BIOLOGY, MASSACHUSETTS GENERAL HOSPITAL",SRA1772980,,public,2E2D74455C2EC90866621DE782DD1A7C,F5A465884953ED5E05B393E9C110D7DF
SRR27299936,2024-10-11 21:38:37,2023-12-20 13:36:33,8721087,787496340,8721087,90,315,,https://sra-downloadb.be-md.ncbi.nlm.nih.gov/sos13/sra-pub-zq-1307/SRR027/27299/SRR27299936/SRR27299936.lite.1,SRX22977645,GSM7985151,RNA-Seq,cDNA,TRANSCRIPTOMIC,PAIRED,0,0,ILLUMINA,Illumina NovaSeq 6000,SRP479194,PRJNA1055047,3,1055047,SRS19943273,SAMN38978310,simple,208963,Pseudomonas aeruginosa UCBPP-PA14,GSM7985151,,,,,,,no,,,,,"HUNG LAB, MOLECULAR BIOLOGY, MASSACHUSETTS GENERAL HOSPITAL",SRA1772980,,public,DF4390BE882CE9FC2E098AC9FF784259,0C76304B37485F13EFEE60EA7BBDB8E4
SRR27299935,2024-10-11 21:38:37,2023-12-20 13:37:14,12361622,1116208553,12361622,90,447,,https://sra-downloadb.be-md.ncbi.nlm.nih.gov/sos13/sra-pub-zq-1307/SRR027/27299/SRR27299935/SRR27299935.lite.1,SRX22977646,GSM7985152,RNA-Seq,cDNA,TRANSCRIPTOMIC,PAIRED,0,0,ILLUMINA,Illumina NovaSeq 6000,SRP479194,PRJNA1055047,3,1055047,SRS19943275,SAMN38978309,simple,208963,Pseudomonas aeruginosa UCBPP-PA14,GSM7985152,,,,,,,no,,,,,"HUNG LAB, MOLECULAR BIOLOGY, MASSACHUSETTS GENERAL HOSPITAL",SRA1772980,,public,BB111037A782FE4C9AA53D83032F6CC1,D1C468B9C6D25EC68E198DBE162DD5EA
SRR27299934,2024-10-11 21:38:37,2023-12-20 13:37:25,11354835,1027812645,11354835,90,411,,https://sra-downloadb.be-md.ncbi.nlm.nih.gov/sos13/sra-pub-zq-1307/SRR027/27299/SRR27299934/SRR27299934.lite.1,SRX22977647,GSM7985153,RNA-Seq,cDNA,TRANSCRIPTOMIC,PAIRED,0,0,ILLUMINA,Illumina NovaSeq 6000,SRP479194,PRJNA1055047,3,1055047,SRS19943274,SAMN38978308,simple,208963,Pseudomonas aeruginosa UCBPP-PA14,GSM7985153,,,,,,,no,,,,,"HUNG LAB, MOLECULAR BIOLOGY, MASSACHUSETTS GENERAL HOSPITAL",SRA1772980,,public,62546D9307D10455A14B990BF838A009,642B8E44C7D22FD1DEB20F3FF88C17EB
SRR27299933,2024-10-11 21:38:37,2023-12-20 13:35:35,7788530,704891155,7788530,90,281,,https://sra-downloadb.be-md.ncbi.nlm.nih.gov/sos13/sra-pub-zq-1307/SRR027/27299/SRR27299933/SRR27299933.lite.1,SRX22977648,GSM7985154,RNA-Seq,cDNA,TRANSCRIPTOMIC,PAIRED,0,0,ILLUMINA,Illumina NovaSeq 6000,SRP479194,PRJNA1055047,3,1055047,SRS19943277,SAMN38978307,simple,208963,Pseudomonas aeruginosa UCBPP-PA14,GSM7985154,,,,,,,no,,,,,"HUNG LAB, MOLECULAR BIOLOGY, MASSACHUSETTS GENERAL HOSPITAL",SRA1772980,,public,2F80045F2BEF4EE3A13568E4E3884C58,223F0CDE234E10C238E03BF416BCBB2C
SRR27299932,2024-10-11 21:38:37,2023-12-20 13:36:25,9708741,878578871,9708741,90,351,,https://sra-downloadb.be-md.ncbi.nlm.nih.gov/sos13/sra-pub-zq-1307/SRR027/27299/SRR27299932/SRR27299932.lite.1,SRX22977649,GSM7985155,RNA-Seq,cDNA,TRANSCRIPTOMIC,PAIRED,0,0,ILLUMINA,Illumina NovaSeq 6000,SRP479194,PRJNA1055047,3,1055047,SRS19943276,SAMN38978306,simple,208963,Pseudomonas aeruginosa UCBPP-PA14,GSM7985155,,,,,,,no,,,,,"HUNG LAB, MOLECULAR BIOLOGY, MASSACHUSETTS GENERAL HOSPITAL",SRA1772980,,public,BFE8552A48617B87766BA823A4DACFC7,C0A916717B0E085110E7922C8E5AECDB
SRR27300085,2024-10-11 21:39:04,2023-12-20 13:35:26,3368917,304057777,3368917,90,118,,https://sra-downloadb.be-md.ncbi.nlm.nih.gov/sos13/sra-pub-zq-1307/SRR027/27300/SRR27300085/SRR27300085.lite.1,SRX22977505,GSM7985380,RNA-Seq,cDNA,TRANSCRIPTOMIC,PAIRED,0,0,ILLUMINA,Illumina NovaSeq 6000,SRP479194,PRJNA1055047,3,1055047,SRS19943133,SAMN38978081,simple,208963,Pseudomonas aeruginosa UCBPP-PA14,GSM7985380,,,,,,,no,,,,,"HUNG LAB, MOLECULAR BIOLOGY, MASSACHUSETTS GENERAL HOSPITAL",SRA1772980,,public,BF57756CD6D62212FB054AA1CCE5C374,45FDEE4A16B50673465DA3407959F891
SRR27300112,2024-10-11 21:39:14,2023-12-20 13:35:49,2667758,240214164,2667758,90,93,,https://sra-downloadb.be-md.ncbi.nlm.nih.gov/sos13/sra-pub-zq-1307/SRR027/27300/SRR27300112/SRR27300112.lite.1,SRX22977540,GSM7985463,RNA-Seq,cDNA,TRANSCRIPTOMIC,PAIRED,0,0,ILLUMINA,Illumina NovaSeq 6000,SRP479194,PRJNA1055047,3,1055047,SRS19943167,SAMN38977998,simple,208963,Pseudomonas aeruginosa UCBPP-PA14,GSM7985463,,,,,,,no,,,,,"HUNG LAB, MOLECULAR BIOLOGY, MASSACHUSETTS GENERAL HOSPITAL",SRA1772980,,public,9A3FAAE0F902A71CF4F30A18CCD6BB3C,80B98D631C643A438C8E7BDA9A3F3C42
SRR27299931,2024-10-11 21:38:37,2023-12-20 13:36:41,22951646,2077641321,22951646,90,832,,https://sra-downloadb.be-md.ncbi.nlm.nih.gov/sos13/sra-pub-zq-1307/SRR027/27299/SRR27299931/SRR27299931.lite.1,SRX22977650,GSM7985156,RNA-Seq,cDNA,TRANSCRIPTOMIC,PAIRED,0,0,ILLUMINA,Illumina NovaSeq 6000,SRP479194,PRJNA1055047,3,1055047,SRS19943278,SAMN38978305,simple,208963,Pseudomonas aeruginosa UCBPP-PA14,GSM7985156,,,,,,,no,,,,,"HUNG LAB, MOLECULAR BIOLOGY, MASSACHUSETTS GENERAL HOSPITAL",SRA1772980,,public,E966968F37042533A0B49C1905F8640C,5841C6CE2D395FE050EC74F9113A2AC3
SRR27299930,2024-10-11 21:38:37,2023-12-20 13:38:59,18686597,1689305257,18686597,90,677,,https://sra-downloadb.be-md.ncbi.nlm.nih.gov/sos13/sra-pub-zq-1307/SRR027/27299/SRR27299930/SRR27299930.lite.1,SRX22977651,GSM7985157,RNA-Seq,cDNA,TRANSCRIPTOMIC,PAIRED,0,0,ILLUMINA,Illumina NovaSeq 6000,SRP479194,PRJNA1055047,3,1055047,SRS19943279,SAMN38978304,simple,208963,Pseudomonas aeruginosa UCBPP-PA14,GSM7985157,,,,,,,no,,,,,"HUNG LAB, MOLECULAR BIOLOGY, MASSACHUSETTS GENERAL HOSPITAL",SRA1772980,,public,B435B120AD48E40E9AA8C107BBAA3131,4210BD0A5D4569D410D1366A0692FB1A
SRR27299929,2024-10-11 21:38:38,2023-12-20 13:37:37,33968240,3070588071,33968240,90,1231,,https://sra-downloadb.be-md.ncbi.nlm.nih.gov/sos13/sra-pub-zq-1307/SRR027/27299/SRR27299929/SRR27299929.lite.1,SRX22977652,GSM7985158,RNA-Seq,cDNA,TRANSCRIPTOMIC,PAIRED,0,0,ILLUMINA,Illumina NovaSeq 6000,SRP479194,PRJNA1055047,3,1055047,SRS19943280,SAMN38978303,simple,208963,Pseudomonas aeruginosa UCBPP-PA14,GSM7985158,,,,,,,no,,,,,"HUNG LAB, MOLECULAR BIOLOGY, MASSACHUSETTS GENERAL HOSPITAL",SRA1772980,,public,EC8FBD7C9C86068C860993D5969B1C01,D2443C785B73FEBEDFC34B0A49B32BD3
SRR27299928,2024-10-11 21:38:38,2023-12-20 13:35:20,9008574,813563779,9008574,90,327,,https://sra-downloadb.be-md.ncbi.nlm.nih.gov/sos13/sra-pub-zq-1307/SRR027/27299/SRR27299928/SRR27299928.lite.1,SRX22977653,GSM7985159,RNA-Seq,cDNA,TRANSCRIPTOMIC,PAIRED,0,0,ILLUMINA,Illumina NovaSeq 6000,SRP479194,PRJNA1055047,3,1055047,SRS19943281,SAMN38978302,simple,208963,Pseudomonas aeruginosa UCBPP-PA14,GSM7985159,,,,,,,no,,,,,"HUNG LAB, MOLECULAR BIOLOGY, MASSACHUSETTS GENERAL HOSPITAL",SRA1772980,,public,59DEEC1E20EF3316F0CAEBAB97F2E1EA,B280A8744879D7EFFE9277D5FCA94D81
SRR27299927,2024-10-11 21:38:40,2023-12-20 13:36:34,10761023,971053577,10761023,90,387,,https://sra-downloadb.be-md.ncbi.nlm.nih.gov/sos13/sra-pub-zq-1307/SRR027/27299/SRR27299927/SRR27299927.lite.1,SRX22977654,GSM7985176,RNA-Seq,cDNA,TRANSCRIPTOMIC,PAIRED,0,0,ILLUMINA,Illumina NovaSeq 6000,SRP479194,PRJNA1055047,3,1055047,SRS19943282,SAMN38978285,simple,208963,Pseudomonas aeruginosa UCBPP-PA14,GSM7985176,,,,,,,no,,,,,"HUNG LAB, MOLECULAR BIOLOGY, MASSACHUSETTS GENERAL HOSPITAL",SRA1772980,,public,9548439FC1A1F265F37FF7BEDEB479A5,A45E356C08896C141DA60D9D425D7953
SRR27299926,2024-10-11 21:38:40,2023-12-20 13:37:20,9734414,880601075,9734414,90,350,,https://sra-downloadb.be-md.ncbi.nlm.nih.gov/sos13/sra-pub-zq-1307/SRR027/27299/SRR27299926/SRR27299926.lite.1,SRX22977655,GSM7985177,RNA-Seq,cDNA,TRANSCRIPTOMIC,PAIRED,0,0,ILLUMINA,Illumina NovaSeq 6000,SRP479194,PRJNA1055047,3,1055047,SRS19943285,SAMN38978284,simple,208963,Pseudomonas aeruginosa UCBPP-PA14,GSM7985177,,,,,,,no,,,,,"HUNG LAB, MOLECULAR BIOLOGY, MASSACHUSETTS GENERAL HOSPITAL",SRA1772980,,public,FF37B2D24878A63F14F381B56B62ABE3,38DEF20DEA6552EE344E81A1F0551B95
SRR27299925,2024-10-11 21:38:40,2023-12-20 13:35:58,7451719,674548603,7451719,90,267,,https://sra-downloadb.be-md.ncbi.nlm.nih.gov/sos13/sra-pub-zq-1307/SRR027/27299/SRR27299925/SRR27299925.lite.1,SRX22977656,GSM7985178,RNA-Seq,cDNA,TRANSCRIPTOMIC,PAIRED,0,0,ILLUMINA,Illumina NovaSeq 6000,SRP479194,PRJNA1055047,3,1055047,SRS19943283,SAMN38978283,simple,208963,Pseudomonas aeruginosa UCBPP-PA14,GSM7985178,,,,,,,no,,,,,"HUNG LAB, MOLECULAR BIOLOGY, MASSACHUSETTS GENERAL HOSPITAL",SRA1772980,,public,4C5E606EABCD55C795F1387F5AAD7D34,25B7B139AD68AA6EB9B4E92E996E4CAA
SRR27299924,2024-10-11 21:38:40,2023-12-20 13:35:03,5940458,537184640,5940458,90,213,,https://sra-downloadb.be-md.ncbi.nlm.nih.gov/sos13/sra-pub-zq-1307/SRR027/27299/SRR27299924/SRR27299924.lite.1,SRX22977657,GSM7985179,RNA-Seq,cDNA,TRANSCRIPTOMIC,PAIRED,0,0,ILLUMINA,Illumina NovaSeq 6000,SRP479194,PRJNA1055047,3,1055047,SRS19943284,SAMN38978282,simple,208963,Pseudomonas aeruginosa UCBPP-PA14,GSM7985179,,,,,,,no,,,,,"HUNG LAB, MOLECULAR BIOLOGY, MASSACHUSETTS GENERAL HOSPITAL",SRA1772980,,public,D5C84F95E74DF2474FC70F4CD10E118B,2A7413E31AA06A8E13EE6DA8DDB03D92
SRR27299923,2024-10-11 21:38:40,2023-12-20 13:37:11,10223408,924587323,10223408,90,367,,https://sra-downloadb.be-md.ncbi.nlm.nih.gov/sos13/sra-pub-zq-1307/SRR027/27299/SRR27299923/SRR27299923.lite.1,SRX22977658,GSM7985180,RNA-Seq,cDNA,TRANSCRIPTOMIC,PAIRED,0,0,ILLUMINA,Illumina NovaSeq 6000,SRP479194,PRJNA1055047,3,1055047,SRS19943286,SAMN38978281,simple,208963,Pseudomonas aeruginosa UCBPP-PA14,GSM7985180,,,,,,,no,,,,,"HUNG LAB, MOLECULAR BIOLOGY, MASSACHUSETTS GENERAL HOSPITAL",SRA1772980,,public,8E3991903309D3F3D9CD736CDCDBE803,0D2023885B01A13D01C323C7B42D55A8
SRR27299922,2024-10-11 21:38:40,2023-12-20 13:37:08,11337387,1026193384,11337387,90,406,,https://sra-downloadb.be-md.ncbi.nlm.nih.gov/sos13/sra-pub-zq-1307/SRR027/27299/SRR27299922/SRR27299922.lite.1,SRX22977659,GSM7985181,RNA-Seq,cDNA,TRANSCRIPTOMIC,PAIRED,0,0,ILLUMINA,Illumina NovaSeq 6000,SRP479194,PRJNA1055047,3,1055047,SRS19943287,SAMN38978280,simple,208963,Pseudomonas aeruginosa UCBPP-PA14,GSM7985181,,,,,,,no,,,,,"HUNG LAB, MOLECULAR BIOLOGY, MASSACHUSETTS GENERAL HOSPITAL",SRA1772980,,public,2DA8382CEA6E3E6AC67DE0A4238EE845,0BE15C07C9EBD8B305CB8086F94378A5
SRR27299921,2024-10-11 21:38:40,2023-12-20 13:36:50,8201714,740625809,8201714,90,294,,https://sra-downloadb.be-md.ncbi.nlm.nih.gov/sos13/sra-pub-zq-1307/SRR027/27299/SRR27299921/SRR27299921.lite.1,SRX22977660,GSM7985182,RNA-Seq,cDNA,TRANSCRIPTOMIC,PAIRED,0,0,ILLUMINA,Illumina NovaSeq 6000,SRP479194,PRJNA1055047,3,1055047,SRS19943288,SAMN38978279,simple,208963,Pseudomonas aeruginosa UCBPP-PA14,GSM7985182,,,,,,,no,,,,,"HUNG LAB, MOLECULAR BIOLOGY, MASSACHUSETTS GENERAL HOSPITAL",SRA1772980,,public,809AC27A58DD538CEB93B6AC5704E9C7,ED0409D27CE84C5E4D34B52122471EAD
SRR27300288,2024-10-11 21:37:53,2023-12-20 13:36:23,2485295,224659772,2485295,90,85,,https://sra-downloadb.be-md.ncbi.nlm.nih.gov/sos13/sra-pub-zq-1307/SRR027/27300/SRR27300288/SRR27300288.lite.1,SRX22977667,GSM7985647,RNA-Seq,cDNA,TRANSCRIPTOMIC,PAIRED,0,0,ILLUMINA,Illumina NovaSeq 6000,SRP479194,PRJNA1055047,3,1055047,SRS19943294,SAMN38977814,simple,208963,Pseudomonas aeruginosa UCBPP-PA14,GSM7985647,,,,,,,no,,,,,"HUNG LAB, MOLECULAR BIOLOGY, MASSACHUSETTS GENERAL HOSPITAL",SRA1772980,,public,121EE087B77F4B1584ACBFE0F280F24E,457A4A84014079835C4C139F21F89C01
SRR27300287,2024-10-11 21:37:53,2023-12-20 13:36:00,2608675,235700292,2608675,90,89,,https://sra-downloadb.be-md.ncbi.nlm.nih.gov/sos13/sra-pub-zq-1307/SRR027/27300/SRR27300287/SRR27300287.lite.1,SRX22977668,GSM7985648,RNA-Seq,cDNA,TRANSCRIPTOMIC,PAIRED,0,0,ILLUMINA,Illumina NovaSeq 6000,SRP479194,PRJNA1055047,3,1055047,SRS19943297,SAMN38977813,simple,208963,Pseudomonas aeruginosa UCBPP-PA14,GSM7985648,,,,,,,no,,,,,"HUNG LAB, MOLECULAR BIOLOGY, MASSACHUSETTS GENERAL HOSPITAL",SRA1772980,,public,1E3B03FFC7CC9DD8234E32781767D34B,7D38F7B60BA6E69DE239B0112820D4BE
SRR27300286,2024-10-11 21:37:53,2023-12-20 13:36:11,1472952,132736944,1472952,90,50,,https://sra-downloadb.be-md.ncbi.nlm.nih.gov/sos13/sra-pub-zq-1307/SRR027/27300/SRR27300286/SRR27300286.lite.1,SRX22977669,GSM7985649,RNA-Seq,cDNA,TRANSCRIPTOMIC,PAIRED,0,0,ILLUMINA,Illumina NovaSeq 6000,SRP479194,PRJNA1055047,3,1055047,SRS19943298,SAMN38977812,simple,208963,Pseudomonas aeruginosa UCBPP-PA14,GSM7985649,,,,,,,no,,,,,"HUNG LAB, MOLECULAR BIOLOGY, MASSACHUSETTS GENERAL HOSPITAL",SRA1772980,,public,C633CBAB179E75A7A1689AD8B5700852,185CA79337795CCF000ECED22A70CEAC
SRR27300285,2024-10-11 21:37:53,2023-12-20 13:36:15,1234937,111323685,1234937,90,42,,https://sra-downloadb.be-md.ncbi.nlm.nih.gov/sos13/sra-pub-zq-1307/SRR027/27300/SRR27300285/SRR27300285.lite.1,SRX22977670,GSM7985650,RNA-Seq,cDNA,TRANSCRIPTOMIC,PAIRED,0,0,ILLUMINA,Illumina NovaSeq 6000,SRP479194,PRJNA1055047,3,1055047,SRS19943296,SAMN38977811,simple,208963,Pseudomonas aeruginosa UCBPP-PA14,GSM7985650,,,,,,,no,,,,,"HUNG LAB, MOLECULAR BIOLOGY, MASSACHUSETTS GENERAL HOSPITAL",SRA1772980,,public,5ECABD9EA1AC0FAED9A0BB92DF1F4598,B6E3653E7F92594FF4DE74D6660D50B3
SRR27300284,2024-10-11 21:37:53,2023-12-20 13:36:35,4223141,380953030,4223141,90,144,,https://sra-downloadb.be-md.ncbi.nlm.nih.gov/sos13/sra-pub-zq-1307/SRR027/27300/SRR27300284/SRR27300284.lite.1,SRX22977671,GSM7985651,RNA-Seq,cDNA,TRANSCRIPTOMIC,PAIRED,0,0,ILLUMINA,Illumina NovaSeq 6000,SRP479194,PRJNA1055047,3,1055047,SRS19943299,SAMN38977810,simple,208963,Pseudomonas aeruginosa UCBPP-PA14,GSM7985651,,,,,,,no,,,,,"HUNG LAB, MOLECULAR BIOLOGY, MASSACHUSETTS GENERAL HOSPITAL",SRA1772980,,public,2D4A0D8152BE901452D5BEF9FDF44DDE,DA5EF2FACF98E5505BEA59AB8FDF3B74
SRR27300283,2024-10-11 21:37:53,2023-12-20 13:35:46,2467247,222459955,2467247,90,86,,https://sra-downloadb.be-md.ncbi.nlm.nih.gov/sos13/sra-pub-zq-1307/SRR027/27300/SRR27300283/SRR27300283.lite.1,SRX22977672,GSM7985652,RNA-Seq,cDNA,TRANSCRIPTOMIC,PAIRED,0,0,ILLUMINA,Illumina NovaSeq 6000,SRP479194,PRJNA1055047,3,1055047,SRS19943302,SAMN38977809,simple,208963,Pseudomonas aeruginosa UCBPP-PA14,GSM7985652,,,,,,,no,,,,,"HUNG LAB, MOLECULAR BIOLOGY, MASSACHUSETTS GENERAL HOSPITAL",SRA1772980,,public,70D1AA214C88EFEDE435A8A4BCD0A879,DF4CC72421F690BBB3474A78CF9D9D94
SRR27300282,2024-10-11 21:37:55,2023-12-20 13:35:42,2712217,245288571,2712217,90,92,,https://sra-downloadb.be-md.ncbi.nlm.nih.gov/sos13/sra-pub-zq-1307/SRR027/27300/SRR27300282/SRR27300282.lite.1,SRX22977673,GSM7985685,RNA-Seq,cDNA,TRANSCRIPTOMIC,PAIRED,0,0,ILLUMINA,Illumina NovaSeq 6000,SRP479194,PRJNA1055047,3,1055047,SRS19943300,SAMN38977776,simple,208963,Pseudomonas aeruginosa UCBPP-PA14,GSM7985685,,,,,,,no,,,,,"HUNG LAB, MOLECULAR BIOLOGY, MASSACHUSETTS GENERAL HOSPITAL",SRA1772980,,public,46FA2E3D846D0ACDCCCA8A1C533C3DA4,E39CBF5092A6E118ABDF5F23C0B56A15
SRR27300281,2024-10-11 21:37:55,2023-12-20 13:36:19,2067699,187085270,2067699,90,71,,https://sra-downloadb.be-md.ncbi.nlm.nih.gov/sos13/sra-pub-zq-1307/SRR027/27300/SRR27300281/SRR27300281.lite.1,SRX22977674,GSM7985686,RNA-Seq,cDNA,TRANSCRIPTOMIC,PAIRED,0,0,ILLUMINA,Illumina NovaSeq 6000,SRP479194,PRJNA1055047,3,1055047,SRS19943301,SAMN38977775,simple,208963,Pseudomonas aeruginosa UCBPP-PA14,GSM7985686,,,,,,,no,,,,,"HUNG LAB, MOLECULAR BIOLOGY, MASSACHUSETTS GENERAL HOSPITAL",SRA1772980,,public,ABCF6D2FFE5E7E13E18B40B2F6E5EEC4,9FABB0E4FE981B2B627E3E2F67DDAC04
SRR27300280,2024-10-11 21:37:55,2023-12-20 13:35:40,2305058,208665890,2305058,90,78,,https://sra-downloadb.be-md.ncbi.nlm.nih.gov/sos13/sra-pub-zq-1307/SRR027/27300/SRR27300280/SRR27300280.lite.1,SRX22977675,GSM7985687,RNA-Seq,cDNA,TRANSCRIPTOMIC,PAIRED,0,0,ILLUMINA,Illumina NovaSeq 6000,SRP479194,PRJNA1055047,3,1055047,SRS19943304,SAMN38977774,simple,208963,Pseudomonas aeruginosa UCBPP-PA14,GSM7985687,,,,,,,no,,,,,"HUNG LAB, MOLECULAR BIOLOGY, MASSACHUSETTS GENERAL HOSPITAL",SRA1772980,,public,6E6E40959266E53CD683D8AD1374992D,E89448627DCD871543B3B49CC3C79816
SRR27300279,2024-10-11 21:37:55,2023-12-20 13:36:37,5072070,460227309,5072070,90,173,,https://sra-downloadb.be-md.ncbi.nlm.nih.gov/sos13/sra-pub-zq-1307/SRR027/27300/SRR27300279/SRR27300279.lite.1,SRX22977676,GSM7985688,RNA-Seq,cDNA,TRANSCRIPTOMIC,PAIRED,0,0,ILLUMINA,Illumina NovaSeq 6000,SRP479194,PRJNA1055047,3,1055047,SRS19943303,SAMN38977773,simple,208963,Pseudomonas aeruginosa UCBPP-PA14,GSM7985688,,,,,,,no,,,,,"HUNG LAB, MOLECULAR BIOLOGY, MASSACHUSETTS GENERAL HOSPITAL",SRA1772980,,public,F007850EA22749298DE3F055FFB32CB8,2F387B4022710B2CD698DE952F0EDA67
SRR27300278,2024-10-11 21:37:55,2023-12-20 13:36:14,2915804,264483122,2915804,90,100,,https://sra-downloadb.be-md.ncbi.nlm.nih.gov/sos13/sra-pub-zq-1307/SRR027/27300/SRR27300278/SRR27300278.lite.1,SRX22977677,GSM7985689,RNA-Seq,cDNA,TRANSCRIPTOMIC,PAIRED,0,0,ILLUMINA,Illumina NovaSeq 6000,SRP479194,PRJNA1055047,3,1055047,SRS19943305,SAMN38977772,simple,208963,Pseudomonas aeruginosa UCBPP-PA14,GSM7985689,,,,,,,no,,,,,"HUNG LAB, MOLECULAR BIOLOGY, MASSACHUSETTS GENERAL HOSPITAL",SRA1772980,,public,F3B748C7BA7985794561223D95B01BED,B5163C3371FA5E181A7D5AB1366EAE08
SRR27300277,2024-10-11 21:37:55,2023-12-20 13:36:10,2485269,225417521,2485269,90,85,,https://sra-downloadb.be-md.ncbi.nlm.nih.gov/sos13/sra-pub-zq-1307/SRR027/27300/SRR27300277/SRR27300277.lite.1,SRX22977678,GSM7985690,RNA-Seq,cDNA,TRANSCRIPTOMIC,PAIRED,0,0,ILLUMINA,Illumina NovaSeq 6000,SRP479194,PRJNA1055047,3,1055047,SRS19943308,SAMN38977771,simple,208963,Pseudomonas aeruginosa UCBPP-PA14,GSM7985690,,,,,,,no,,,,,"HUNG LAB, MOLECULAR BIOLOGY, MASSACHUSETTS GENERAL HOSPITAL",SRA1772980,,public,153FA01AC8E788A9CA5FFEBBE593FF80,E14843661B3B7116277174FE1632E752
SRR27300276,2024-10-11 21:37:56,2023-12-20 13:37:22,6321558,572984052,6321558,90,217,,https://sra-downloadb.be-md.ncbi.nlm.nih.gov/sos13/sra-pub-zq-1307/SRR027/27300/SRR27300276/SRR27300276.lite.1,SRX22977679,GSM7985691,RNA-Seq,cDNA,TRANSCRIPTOMIC,PAIRED,0,0,ILLUMINA,Illumina NovaSeq 6000,SRP479194,PRJNA1055047,3,1055047,SRS19943307,SAMN38977770,simple,208963,Pseudomonas aeruginosa UCBPP-PA14,GSM7985691,,,,,,,no,,,,,"HUNG LAB, MOLECULAR BIOLOGY, MASSACHUSETTS GENERAL HOSPITAL",SRA1772980,,public,F2A3E5154B1A8B0EF04AF175F1F94AC5,76A25613D1C0E37EADF3D2EE3817DE64
SRR27300275,2024-10-11 21:37:56,2023-12-20 13:37:43,5004466,453561426,5004466,90,171,,https://sra-downloadb.be-md.ncbi.nlm.nih.gov/sos13/sra-pub-zq-1307/SRR027/27300/SRR27300275/SRR27300275.lite.1,SRX22977680,GSM7985692,RNA-Seq,cDNA,TRANSCRIPTOMIC,PAIRED,0,0,ILLUMINA,Illumina NovaSeq 6000,SRP479194,PRJNA1055047,3,1055047,SRS19943306,SAMN38977769,simple,208963,Pseudomonas aeruginosa UCBPP-PA14,GSM7985692,,,,,,,no,,,,,"HUNG LAB, MOLECULAR BIOLOGY, MASSACHUSETTS GENERAL HOSPITAL",SRA1772980,,public,1392DF6CAF293AB3278CC32B0B0208EA,76B0275930BD3C9D5881002A1F44D676
SRR27300274,2024-10-11 21:37:56,2023-12-20 13:36:08,3238131,293630806,3238131,90,110,,https://sra-downloadb.be-md.ncbi.nlm.nih.gov/sos13/sra-pub-zq-1307/SRR027/27300/SRR27300274/SRR27300274.lite.1,SRX22977681,GSM7985693,RNA-Seq,cDNA,TRANSCRIPTOMIC,PAIRED,0,0,ILLUMINA,Illumina NovaSeq 6000,SRP479194,PRJNA1055047,3,1055047,SRS19943310,SAMN38977768,simple,208963,Pseudomonas aeruginosa UCBPP-PA14,GSM7985693,,,,,,,no,,,,,"HUNG LAB, MOLECULAR BIOLOGY, MASSACHUSETTS GENERAL HOSPITAL",SRA1772980,,public,E2EF45DE995DEB7E15978E41870BD352,F05671C5181A948832BA557BDC83641A
SRR27300273,2024-10-11 21:37:56,2023-12-20 13:36:56,5317467,481290661,5317467,90,183,,https://sra-downloadb.be-md.ncbi.nlm.nih.gov/sos13/sra-pub-zq-1307/SRR027/27300/SRR27300273/SRR27300273.lite.1,SRX22977682,GSM7985694,RNA-Seq,cDNA,TRANSCRIPTOMIC,PAIRED,0,0,ILLUMINA,Illumina NovaSeq 6000,SRP479194,PRJNA1055047,3,1055047,SRS19943311,SAMN38977767,simple,208963,Pseudomonas aeruginosa UCBPP-PA14,GSM7985694,,,,,,,no,,,,,"HUNG LAB, MOLECULAR BIOLOGY, MASSACHUSETTS GENERAL HOSPITAL",SRA1772980,,public,4AE8B6C5F2FB0D03EEB6722B187F3CAE,741D519C30009E82F08786268A21F1E5
SRR27300272,2024-10-11 21:37:56,2023-12-20 13:36:00,5172181,468329363,5172181,90,179,,https://sra-downloadb.be-md.ncbi.nlm.nih.gov/sos13/sra-pub-zq-1307/SRR027/27300/SRR27300272/SRR27300272.lite.1,SRX22977683,GSM7985695,RNA-Seq,cDNA,TRANSCRIPTOMIC,PAIRED,0,0,ILLUMINA,Illumina NovaSeq 6000,SRP479194,PRJNA1055047,3,1055047,SRS19943309,SAMN38977766,simple,208963,Pseudomonas aeruginosa UCBPP-PA14,GSM7985695,,,,,,,no,,,,,"HUNG LAB, MOLECULAR BIOLOGY, MASSACHUSETTS GENERAL HOSPITAL",SRA1772980,,public,999B3A61F998FB14AB1A55D14D24E220,A0D3E3C96BC0DD86386BC5CFF707C5AD
SRR27300271,2024-10-11 21:37:56,2023-12-20 13:36:45,5131376,464678402,5131376,90,179,,https://sra-downloadb.be-md.ncbi.nlm.nih.gov/sos13/sra-pub-zq-1307/SRR027/27300/SRR27300271/SRR27300271.lite.1,SRX22977684,GSM7985696,RNA-Seq,cDNA,TRANSCRIPTOMIC,PAIRED,0,0,ILLUMINA,Illumina NovaSeq 6000,SRP479194,PRJNA1055047,3,1055047,SRS19943312,SAMN38977765,simple,208963,Pseudomonas aeruginosa UCBPP-PA14,GSM7985696,,,,,,,no,,,,,"HUNG LAB, MOLECULAR BIOLOGY, MASSACHUSETTS GENERAL HOSPITAL",SRA1772980,,public,E9E1D0DEB957E14094138DC752C6D91F,9F40A07402310FC00406107848956E2E
SRR27300270,2024-10-11 21:37:56,2023-12-20 13:36:05,3968608,359088212,3968608,90,136,,https://sra-downloadb.be-md.ncbi.nlm.nih.gov/sos13/sra-pub-zq-1307/SRR027/27300/SRR27300270/SRR27300270.lite.1,SRX22977685,GSM7985697,RNA-Seq,cDNA,TRANSCRIPTOMIC,PAIRED,0,0,ILLUMINA,Illumina NovaSeq 6000,SRP479194,PRJNA1055047,3,1055047,SRS19943316,SAMN38977764,simple,208963,Pseudomonas aeruginosa UCBPP-PA14,GSM7985697,,,,,,,no,,,,,"HUNG LAB, MOLECULAR BIOLOGY, MASSACHUSETTS GENERAL HOSPITAL",SRA1772980,,public,2460BF18D7837AA01444427B61BF4D28,607980DF4B4AD327336A4ED78998F3D4
SRR27300269,2024-10-11 21:37:56,2023-12-20 13:35:49,3686208,333614014,3686208,90,126,,https://sra-downloadb.be-md.ncbi.nlm.nih.gov/sos13/sra-pub-zq-1307/SRR027/27300/SRR27300269/SRR27300269.lite.1,SRX22977686,GSM7985698,RNA-Seq,cDNA,TRANSCRIPTOMIC,PAIRED,0,0,ILLUMINA,Illumina NovaSeq 6000,SRP479194,PRJNA1055047,3,1055047,SRS19943313,SAMN38977763,simple,208963,Pseudomonas aeruginosa UCBPP-PA14,GSM7985698,,,,,,,no,,,,,"HUNG LAB, MOLECULAR BIOLOGY, MASSACHUSETTS GENERAL HOSPITAL",SRA1772980,,public,8E9CE4E877958BBA81BF16AF87CEE1E7,35F64468ADD28EBEEF2F5D2FA1CC635B
SRR27300268,2024-10-11 21:37:56,2023-12-20 13:36:58,4042043,365850332,4042043,90,138,,https://sra-downloadb.be-md.ncbi.nlm.nih.gov/sos13/sra-pub-zq-1307/SRR027/27300/SRR27300268/SRR27300268.lite.1,SRX22977687,GSM7985699,RNA-Seq,cDNA,TRANSCRIPTOMIC,PAIRED,0,0,ILLUMINA,Illumina NovaSeq 6000,SRP479194,PRJNA1055047,3,1055047,SRS19943314,SAMN38977762,simple,208963,Pseudomonas aeruginosa UCBPP-PA14,GSM7985699,,,,,,,no,,,,,"HUNG LAB, MOLECULAR BIOLOGY, MASSACHUSETTS GENERAL HOSPITAL",SRA1772980,,public,639FAAC3DEE0141621DED2CC41A0B78F,182999137A30220CE1B12DE999EA018C
SRR27300267,2024-10-11 21:37:56,2023-12-20 13:35:47,3962815,359478251,3962815,90,135,,https://sra-downloadb.be-md.ncbi.nlm.nih.gov/sos13/sra-pub-zq-1307/SRR027/27300/SRR27300267/SRR27300267.lite.1,SRX22977688,GSM7985700,RNA-Seq,cDNA,TRANSCRIPTOMIC,PAIRED,0,0,ILLUMINA,Illumina NovaSeq 6000,SRP479194,PRJNA1055047,3,1055047,SRS19943315,SAMN38977761,simple,208963,Pseudomonas aeruginosa UCBPP-PA14,GSM7985700,,,,,,,no,,,,,"HUNG LAB, MOLECULAR BIOLOGY, MASSACHUSETTS GENERAL HOSPITAL",SRA1772980,,public,2D6EAA555D1DC2EA3ECA35E2416FD10E,9B0EA4746C4679CAFE86AC824870AC77
SRR27300250,2024-10-11 21:37:58,2023-12-20 13:36:00,970291,87947318,970291,90,34,,https://sra-downloadb.be-md.ncbi.nlm.nih.gov/sos13/sra-pub-zq-1307/SRR027/27300/SRR27300250/SRR27300250.lite.1,SRX22977705,GSM7985779,RNA-Seq,cDNA,TRANSCRIPTOMIC,PAIRED,0,0,ILLUMINA,Illumina NovaSeq 6000,SRP479194,PRJNA1055047,3,1055047,SRS19943333,SAMN38977682,simple,208963,Pseudomonas aeruginosa UCBPP-PA14,GSM7985779,,,,,,,no,,,,,"HUNG LAB, MOLECULAR BIOLOGY, MASSACHUSETTS GENERAL HOSPITAL",SRA1772980,,public,C91B35755F0D77BF148E7FBCB5DF6F39,572CD60069E08E8720F6EE5E6240FE32
SRR27300249,2024-10-11 21:37:58,2023-12-20 13:36:07,1606751,145255276,1606751,90,56,,https://sra-downloadb.be-md.ncbi.nlm.nih.gov/sos13/sra-pub-zq-1307/SRR027/27300/SRR27300249/SRR27300249.lite.1,SRX22977706,GSM7985780,RNA-Seq,cDNA,TRANSCRIPTOMIC,PAIRED,0,0,ILLUMINA,Illumina NovaSeq 6000,SRP479194,PRJNA1055047,3,1055047,SRS19943337,SAMN38977681,simple,208963,Pseudomonas aeruginosa UCBPP-PA14,GSM7985780,,,,,,,no,,,,,"HUNG LAB, MOLECULAR BIOLOGY, MASSACHUSETTS GENERAL HOSPITAL",SRA1772980,,public,B0109817F268FCE158787FD7F8D81EF7,6C4975AB170350B83DC4B725622D9F64
SRR27300248,2024-10-11 21:37:58,2023-12-20 13:36:23,956813,86461025,956813,90,33,,https://sra-downloadb.be-md.ncbi.nlm.nih.gov/sos13/sra-pub-zq-1307/SRR027/27300/SRR27300248/SRR27300248.lite.1,SRX22977707,GSM7985781,RNA-Seq,cDNA,TRANSCRIPTOMIC,PAIRED,0,0,ILLUMINA,Illumina NovaSeq 6000,SRP479194,PRJNA1055047,3,1055047,SRS19943334,SAMN38977680,simple,208963,Pseudomonas aeruginosa UCBPP-PA14,GSM7985781,,,,,,,no,,,,,"HUNG LAB, MOLECULAR BIOLOGY, MASSACHUSETTS GENERAL HOSPITAL",SRA1772980,,public,F276FE2B027475432EB0787DE7BECD1F,371479217F718C7B378FBCB6D775D308
SRR27300247,2024-10-11 21:37:59,2023-12-20 13:36:34,3775987,342465029,3775987,90,130,,https://sra-downloadb.be-md.ncbi.nlm.nih.gov/sos13/sra-pub-zq-1307/SRR027/27300/SRR27300247/SRR27300247.lite.1,SRX22977708,GSM7985782,RNA-Seq,cDNA,TRANSCRIPTOMIC,PAIRED,0,0,ILLUMINA,Illumina NovaSeq 6000,SRP479194,PRJNA1055047,3,1055047,SRS19943335,SAMN38977679,simple,208963,Pseudomonas aeruginosa UCBPP-PA14,GSM7985782,,,,,,,no,,,,,"HUNG LAB, MOLECULAR BIOLOGY, MASSACHUSETTS GENERAL HOSPITAL",SRA1772980,,public,234AC4CD3985C197625C9598EA907F8E,08B25B623319A67920FC49CE22B1B4FC
SRR27300245,2024-10-11 21:37:59,2023-12-20 13:35:59,1768780,159914892,1768780,90,62,,https://sra-downloadb.be-md.ncbi.nlm.nih.gov/sos13/sra-pub-zq-1307/SRR027/27300/SRR27300245/SRR27300245.lite.1,SRX22977709,GSM7985783,RNA-Seq,cDNA,TRANSCRIPTOMIC,PAIRED,0,0,ILLUMINA,Illumina NovaSeq 6000,SRP479194,PRJNA1055047,3,1055047,SRS19943336,SAMN38977678,simple,208963,Pseudomonas aeruginosa UCBPP-PA14,GSM7985783,,,,,,,no,,,,,"HUNG LAB, MOLECULAR BIOLOGY, MASSACHUSETTS GENERAL HOSPITAL",SRA1772980,,public,CA42EC9FC5B7292D0C106160A82D6C32,E37D6B165093041300267BD0274ACEBE
SRR27300246,2024-10-11 21:37:59,2023-12-20 13:36:04,2033916,183921956,2033916,90,72,,https://sra-downloadb.be-md.ncbi.nlm.nih.gov/sos13/sra-pub-zq-1307/SRR027/27300/SRR27300246/SRR27300246.lite.1,SRX22977709,GSM7985783,RNA-Seq,cDNA,TRANSCRIPTOMIC,PAIRED,0,0,ILLUMINA,Illumina NovaSeq 6000,SRP479194,PRJNA1055047,3,1055047,SRS19943336,SAMN38977678,simple,208963,Pseudomonas aeruginosa UCBPP-PA14,GSM7985783,,,,,,,no,,,,,"HUNG LAB, MOLECULAR BIOLOGY, MASSACHUSETTS GENERAL HOSPITAL",SRA1772980,,public,52FF3A13C7DF1664CF1B4F40CFE7903B,72128D58E828E0B89D792F9F4BC6C2B2
SRR27300244,2024-10-11 21:37:59,2023-12-20 13:36:04,1566826,142053309,1566826,90,54,,https://sra-downloadb.be-md.ncbi.nlm.nih.gov/sos13/sra-pub-zq-1307/SRR027/27300/SRR27300244/SRR27300244.lite.1,SRX22977710,GSM7985784,RNA-Seq,cDNA,TRANSCRIPTOMIC,PAIRED,0,0,ILLUMINA,Illumina NovaSeq 6000,SRP479194,PRJNA1055047,3,1055047,SRS19943338,SAMN38977677,simple,208963,Pseudomonas aeruginosa UCBPP-PA14,GSM7985784,,,,,,,no,,,,,"HUNG LAB, MOLECULAR BIOLOGY, MASSACHUSETTS GENERAL HOSPITAL",SRA1772980,,public,EC632971503AA63940FDD6213272AEE6,B11F5FCF541D11D5E397A8C86F2C5B92
SRR27300404,2024-10-11 21:37:59,2023-12-20 13:41:59,1173751,106221785,1173751,90,41,,https://sra-downloadb.be-md.ncbi.nlm.nih.gov/sos13/sra-pub-zq-1307/SRR027/27300/SRR27300404/SRR27300404.lite.1,SRX22977710,GSM7985784,RNA-Seq,cDNA,TRANSCRIPTOMIC,PAIRED,0,0,ILLUMINA,Illumina NovaSeq 6000,SRP479194,PRJNA1055047,3,1055047,SRS19943338,SAMN38977677,simple,208963,Pseudomonas aeruginosa UCBPP-PA14,GSM7985784,,,,,,,no,,,,,"HUNG LAB, MOLECULAR BIOLOGY, MASSACHUSETTS GENERAL HOSPITAL",SRA1772980,,public,2B46BF647DBACF1899F1543862B630F3,DC02203D95DCB53F481B6045F44B0F40
SRR27300242,2024-10-11 21:37:59,2023-12-20 13:36:29,4199737,380742584,4199737,90,146,,https://sra-downloadb.be-md.ncbi.nlm.nih.gov/sos13/sra-pub-zq-1307/SRR027/27300/SRR27300242/SRR27300242.lite.1,SRX22977711,GSM7985785,RNA-Seq,cDNA,TRANSCRIPTOMIC,PAIRED,0,0,ILLUMINA,Illumina NovaSeq 6000,SRP479194,PRJNA1055047,3,1055047,SRS19943339,SAMN38977676,simple,208963,Pseudomonas aeruginosa UCBPP-PA14,GSM7985785,,,,,,,no,,,,,"HUNG LAB, MOLECULAR BIOLOGY, MASSACHUSETTS GENERAL HOSPITAL",SRA1772980,,public,464BEDEF9773AA77F6FC0B1A4B83B9A6,2BC0583B27F0CA266E0811196A3C4E5D
SRR27300243,2024-10-11 21:37:59,2023-12-20 13:37:19,6399076,579555450,6399076,90,229,,https://sra-downloadb.be-md.ncbi.nlm.nih.gov/sos13/sra-pub-zq-1307/SRR027/27300/SRR27300243/SRR27300243.lite.1,SRX22977711,GSM7985785,RNA-Seq,cDNA,TRANSCRIPTOMIC,PAIRED,0,0,ILLUMINA,Illumina NovaSeq 6000,SRP479194,PRJNA1055047,3,1055047,SRS19943339,SAMN38977676,simple,208963,Pseudomonas aeruginosa UCBPP-PA14,GSM7985785,,,,,,,no,,,,,"HUNG LAB, MOLECULAR BIOLOGY, MASSACHUSETTS GENERAL HOSPITAL",SRA1772980,,public,DDD217F8EB2D120960067B700BE15403,6CFFC03B3E1B66C093F705CA6CF4D3E5
SRR27300241,2024-10-11 21:37:59,2023-12-20 13:38:12,13108973,1185595950,13108973,90,455,,https://sra-downloadb.be-md.ncbi.nlm.nih.gov/sos13/sra-pub-zq-1307/SRR027/27300/SRR27300241/SRR27300241.lite.1,SRX22977712,GSM7985786,RNA-Seq,cDNA,TRANSCRIPTOMIC,PAIRED,0,0,ILLUMINA,Illumina NovaSeq 6000,SRP479194,PRJNA1055047,3,1055047,SRS19943341,SAMN38977675,simple,208963,Pseudomonas aeruginosa UCBPP-PA14,GSM7985786,,,,,,,no,,,,,"HUNG LAB, MOLECULAR BIOLOGY, MASSACHUSETTS GENERAL HOSPITAL",SRA1772980,,public,DA64F1D95843B8611619296865480F06,1329017BEE0F0675437CC0E992439CF5
SRR27300240,2024-10-11 21:37:59,2023-12-20 13:36:40,3624534,327671059,3624534,90,125,,https://sra-downloadb.be-md.ncbi.nlm.nih.gov/sos13/sra-pub-zq-1307/SRR027/27300/SRR27300240/SRR27300240.lite.1,SRX22977713,GSM7985787,RNA-Seq,cDNA,TRANSCRIPTOMIC,PAIRED,0,0,ILLUMINA,Illumina NovaSeq 6000,SRP479194,PRJNA1055047,3,1055047,SRS19943340,SAMN38977674,simple,208963,Pseudomonas aeruginosa UCBPP-PA14,GSM7985787,,,,,,,no,,,,,"HUNG LAB, MOLECULAR BIOLOGY, MASSACHUSETTS GENERAL HOSPITAL",SRA1772980,,public,535C533CF97F6BBF411F20F4C65F062B,6C9460F32312C20518715F415AAD7909
SRR27300239,2024-10-11 21:37:59,2023-12-20 13:38:15,10471631,949531711,10471631,90,362,,https://sra-downloadb.be-md.ncbi.nlm.nih.gov/sos13/sra-pub-zq-1307/SRR027/27300/SRR27300239/SRR27300239.lite.1,SRX22977714,GSM7985788,RNA-Seq,cDNA,TRANSCRIPTOMIC,PAIRED,0,0,ILLUMINA,Illumina NovaSeq 6000,SRP479194,PRJNA1055047,3,1055047,SRS19943342,SAMN38977673,simple,208963,Pseudomonas aeruginosa UCBPP-PA14,GSM7985788,,,,,,,no,,,,,"HUNG LAB, MOLECULAR BIOLOGY, MASSACHUSETTS GENERAL HOSPITAL",SRA1772980,,public,1CACCF891DC93B049666FF5D219EAD57,B864A5CBE0981CDFED5B9A178FF17EE6
SRR27300238,2024-10-11 21:37:59,2023-12-20 13:36:40,11576912,1048784143,11576912,90,413,,https://sra-downloadb.be-md.ncbi.nlm.nih.gov/sos13/sra-pub-zq-1307/SRR027/27300/SRR27300238/SRR27300238.lite.1,SRX22977715,GSM7985789,RNA-Seq,cDNA,TRANSCRIPTOMIC,PAIRED,0,0,ILLUMINA,Illumina NovaSeq 6000,SRP479194,PRJNA1055047,3,1055047,SRS19943344,SAMN38977672,simple,208963,Pseudomonas aeruginosa UCBPP-PA14,GSM7985789,,,,,,,no,,,,,"HUNG LAB, MOLECULAR BIOLOGY, MASSACHUSETTS GENERAL HOSPITAL",SRA1772980,,public,8B6E4C8DA294CB4E36A5327096503B28,291D787AC0E3B2D1194D4FB690F9D289
SRR27300237,2024-10-11 21:37:59,2023-12-20 13:37:15,6194505,560821077,6194505,90,222,,https://sra-downloadb.be-md.ncbi.nlm.nih.gov/sos13/sra-pub-zq-1307/SRR027/27300/SRR27300237/SRR27300237.lite.1,SRX22977716,GSM7985790,RNA-Seq,cDNA,TRANSCRIPTOMIC,PAIRED,0,0,ILLUMINA,Illumina NovaSeq 6000,SRP479194,PRJNA1055047,3,1055047,SRS19943343,SAMN38977671,simple,208963,Pseudomonas aeruginosa UCBPP-PA14,GSM7985790,,,,,,,no,,,,,"HUNG LAB, MOLECULAR BIOLOGY, MASSACHUSETTS GENERAL HOSPITAL",SRA1772980,,public,B64AFC21CB6A05F71D956A587C19DA6C,C89D25A58EAFBEC5D1DEA47286400ADB
SRR27300236,2024-10-11 21:37:59,2023-12-20 13:35:38,1832587,166029077,1832587,90,65,,https://sra-downloadb.be-md.ncbi.nlm.nih.gov/sos13/sra-pub-zq-1307/SRR027/27300/SRR27300236/SRR27300236.lite.1,SRX22977717,GSM7985791,RNA-Seq,cDNA,TRANSCRIPTOMIC,PAIRED,0,0,ILLUMINA,Illumina NovaSeq 6000,SRP479194,PRJNA1055047,3,1055047,SRS19943345,SAMN38977670,simple,208963,Pseudomonas aeruginosa UCBPP-PA14,GSM7985791,,,,,,,no,,,,,"HUNG LAB, MOLECULAR BIOLOGY, MASSACHUSETTS GENERAL HOSPITAL",SRA1772980,,public,69C42D43FB60A88AC8A3014B43641026,F5733896366B1944DC9D72A1DB89FCDE
SRR27300235,2024-10-11 21:37:59,2023-12-20 13:36:42,1863333,168769776,1863333,90,66,,https://sra-downloadb.be-md.ncbi.nlm.nih.gov/sos13/sra-pub-zq-1307/SRR027/27300/SRR27300235/SRR27300235.lite.1,SRX22977718,GSM7985792,RNA-Seq,cDNA,TRANSCRIPTOMIC,PAIRED,0,0,ILLUMINA,Illumina NovaSeq 6000,SRP479194,PRJNA1055047,3,1055047,SRS19943347,SAMN38977669,simple,208963,Pseudomonas aeruginosa UCBPP-PA14,GSM7985792,,,,,,,no,,,,,"HUNG LAB, MOLECULAR BIOLOGY, MASSACHUSETTS GENERAL HOSPITAL",SRA1772980,,public,EFA2DF0914AF5597822DB438F5BCE52E,4274A527C3930CC81A9F87A75FB99723
SRR27300234,2024-10-11 21:37:59,2023-12-20 13:36:37,6025569,545668898,6025569,90,211,,https://sra-downloadb.be-md.ncbi.nlm.nih.gov/sos13/sra-pub-zq-1307/SRR027/27300/SRR27300234/SRR27300234.lite.1,SRX22977719,GSM7985793,RNA-Seq,cDNA,TRANSCRIPTOMIC,PAIRED,0,0,ILLUMINA,Illumina NovaSeq 6000,SRP479194,PRJNA1055047,3,1055047,SRS19943346,SAMN38977668,simple,208963,Pseudomonas aeruginosa UCBPP-PA14,GSM7985793,,,,,,,no,,,,,"HUNG LAB, MOLECULAR BIOLOGY, MASSACHUSETTS GENERAL HOSPITAL",SRA1772980,,public,98976CD9198933166F95BDC477EE0556,476AFA406B96032637CD05E58E9C4C9A
SRR27300233,2024-10-11 21:37:59,2023-12-20 13:36:26,4891316,443217864,4891316,90,172,,https://sra-downloadb.be-md.ncbi.nlm.nih.gov/sos13/sra-pub-zq-1307/SRR027/27300/SRR27300233/SRR27300233.lite.1,SRX22977720,GSM7985794,RNA-Seq,cDNA,TRANSCRIPTOMIC,PAIRED,0,0,ILLUMINA,Illumina NovaSeq 6000,SRP479194,PRJNA1055047,3,1055047,SRS19943348,SAMN38977667,simple,208963,Pseudomonas aeruginosa UCBPP-PA14,GSM7985794,,,,,,,no,,,,,"HUNG LAB, MOLECULAR BIOLOGY, MASSACHUSETTS GENERAL HOSPITAL",SRA1772980,,public,62084556F6CC97139FB70CF77342536C,3AE0DF4C5A5259D47A3B287B5711F3D0
SRR27300232,2024-10-11 21:38:48,2023-12-20 13:37:29,8257365,745951933,8257365,90,296,,https://sra-downloadb.be-md.ncbi.nlm.nih.gov/sos13/sra-pub-zq-1307/SRR027/27300/SRR27300232/SRR27300232.lite.1,SRX22977721,GSM7985002,RNA-Seq,cDNA,TRANSCRIPTOMIC,PAIRED,0,0,ILLUMINA,Illumina NovaSeq 6000,SRP479194,PRJNA1055047,3,1055047,SRS19943349,SAMN38978459,simple,208963,Pseudomonas aeruginosa UCBPP-PA14,GSM7985002,,,,,,,no,,,,,"HUNG LAB, MOLECULAR BIOLOGY, MASSACHUSETTS GENERAL HOSPITAL",SRA1772980,,public,6AE264431741D75192651C1BCD8AD61E,B94FAE7FB4887932F6A5BB7F96738ABE
SRR27300230,2024-10-11 21:39:01,2023-12-20 13:36:21,5237645,472361178,5237645,90,190,,https://sra-downloadb.be-md.ncbi.nlm.nih.gov/sos13/sra-pub-zq-1307/SRR027/27300/SRR27300230/SRR27300230.lite.1,SRX22977722,GSM7985003,RNA-Seq,cDNA,TRANSCRIPTOMIC,PAIRED,0,0,ILLUMINA,Illumina NovaSeq 6000,SRP479194,PRJNA1055047,3,1055047,SRS19943350,SAMN38978458,simple,208963,Pseudomonas aeruginosa UCBPP-PA14,GSM7985003,,,,,,,no,,,,,"HUNG LAB, MOLECULAR BIOLOGY, MASSACHUSETTS GENERAL HOSPITAL",SRA1772980,,public,3B0BB1E44DC785E893CD2975860E65FB,BD0182D8B18D083F0C79AC6714CC2AC7
SRR27300229,2024-10-11 21:39:14,2023-12-20 13:36:33,3280853,295944172,3280853,90,119,,https://sra-downloadb.be-md.ncbi.nlm.nih.gov/sos13/sra-pub-zq-1307/SRR027/27300/SRR27300229/SRR27300229.lite.1,SRX22977723,GSM7985004,RNA-Seq,cDNA,TRANSCRIPTOMIC,PAIRED,0,0,ILLUMINA,Illumina NovaSeq 6000,SRP479194,PRJNA1055047,3,1055047,SRS19943354,SAMN38978457,simple,208963,Pseudomonas aeruginosa UCBPP-PA14,GSM7985004,,,,,,,no,,,,,"HUNG LAB, MOLECULAR BIOLOGY, MASSACHUSETTS GENERAL HOSPITAL",SRA1772980,,public,9A641143E1B7B1C9C20ACAB53C884DBC,388365EB25A8ED67382566D0BF387D3B
SRR27300227,2024-10-11 21:37:47,2023-12-20 13:36:19,5796187,523199333,5796187,90,209,,https://sra-downloadb.be-md.ncbi.nlm.nih.gov/sos13/sra-pub-zq-1307/SRR027/27300/SRR27300227/SRR27300227.lite.1,SRX22977724,GSM7985005,RNA-Seq,cDNA,TRANSCRIPTOMIC,PAIRED,0,0,ILLUMINA,Illumina NovaSeq 6000,SRP479194,PRJNA1055047,3,1055047,SRS19943351,SAMN38978456,simple,208963,Pseudomonas aeruginosa UCBPP-PA14,GSM7985005,,,,,,,no,,,,,"HUNG LAB, MOLECULAR BIOLOGY, MASSACHUSETTS GENERAL HOSPITAL",SRA1772980,,public,1F3EC195F371C1D03646CB6FBD6CFB05,BADD0E88E76FFBD0113031D4ED117269
SRR27300226,2024-10-11 21:37:54,2023-12-20 13:36:57,7062902,639114218,7062902,90,255,,https://sra-downloadb.be-md.ncbi.nlm.nih.gov/sos13/sra-pub-zq-1307/SRR027/27300/SRR27300226/SRR27300226.lite.1,SRX22977725,GSM7985006,RNA-Seq,cDNA,TRANSCRIPTOMIC,PAIRED,0,0,ILLUMINA,Illumina NovaSeq 6000,SRP479194,PRJNA1055047,3,1055047,SRS19943353,SAMN38978455,simple,208963,Pseudomonas aeruginosa UCBPP-PA14,GSM7985006,,,,,,,no,,,,,"HUNG LAB, MOLECULAR BIOLOGY, MASSACHUSETTS GENERAL HOSPITAL",SRA1772980,,public,25AD4E4F80AB93BE9C3E320EF08B3F78,1B31EE5D61655AB37BB29CC8385414C8
SRR27300224,2024-10-11 21:38:00,2023-12-20 13:36:03,3268308,295523845,3268308,90,118,,https://sra-downloadb.be-md.ncbi.nlm.nih.gov/sos13/sra-pub-zq-1307/SRR027/27300/SRR27300224/SRR27300224.lite.1,SRX22977726,GSM7985007,RNA-Seq,cDNA,TRANSCRIPTOMIC,PAIRED,0,0,ILLUMINA,Illumina NovaSeq 6000,SRP479194,PRJNA1055047,3,1055047,SRS19943352,SAMN38978454,simple,208963,Pseudomonas aeruginosa UCBPP-PA14,GSM7985007,,,,,,,no,,,,,"HUNG LAB, MOLECULAR BIOLOGY, MASSACHUSETTS GENERAL HOSPITAL",SRA1772980,,public,246C3D360F5DA3A73CB38FFDF930936D,1A5E8BE4C73B49106DDCAC0F290948D7
SRR27300223,2024-10-11 21:38:09,2023-12-20 13:36:46,3854584,348618762,3854584,90,139,,https://sra-downloadb.be-md.ncbi.nlm.nih.gov/sos13/sra-pub-zq-1307/SRR027/27300/SRR27300223/SRR27300223.lite.1,SRX22977727,GSM7985008,RNA-Seq,cDNA,TRANSCRIPTOMIC,PAIRED,0,0,ILLUMINA,Illumina NovaSeq 6000,SRP479194,PRJNA1055047,3,1055047,SRS19943356,SAMN38978453,simple,208963,Pseudomonas aeruginosa UCBPP-PA14,GSM7985008,,,,,,,no,,,,,"HUNG LAB, MOLECULAR BIOLOGY, MASSACHUSETTS GENERAL HOSPITAL",SRA1772980,,public,2997F16427A2566637AEF6AA88D8247E,839BE84FF3C8376DB88C22AE0117D92F
SRR27300221,2024-10-11 21:38:22,2023-12-20 13:37:11,9117470,824869942,9117470,90,330,,https://sra-downloadb.be-md.ncbi.nlm.nih.gov/sos13/sra-pub-zq-1307/SRR027/27300/SRR27300221/SRR27300221.lite.1,SRX22977728,GSM7985009,RNA-Seq,cDNA,TRANSCRIPTOMIC,PAIRED,0,0,ILLUMINA,Illumina NovaSeq 6000,SRP479194,PRJNA1055047,3,1055047,SRS19943355,SAMN38978452,simple,208963,Pseudomonas aeruginosa UCBPP-PA14,GSM7985009,,,,,,,no,,,,,"HUNG LAB, MOLECULAR BIOLOGY, MASSACHUSETTS GENERAL HOSPITAL",SRA1772980,,public,CBD2A2E848A679ACDAA0B933E5A396A0,F8BA299D496D1DE40BF53B91033F96F2
SRR27300220,2024-10-11 21:38:31,2023-12-20 13:37:40,9315634,841263808,9315634,90,340,,https://sra-downloadb.be-md.ncbi.nlm.nih.gov/sos13/sra-pub-zq-1307/SRR027/27300/SRR27300220/SRR27300220.lite.1,SRX22977729,GSM7985010,RNA-Seq,cDNA,TRANSCRIPTOMIC,PAIRED,0,0,ILLUMINA,Illumina NovaSeq 6000,SRP479194,PRJNA1055047,3,1055047,SRS19943357,SAMN38978451,simple,208963,Pseudomonas aeruginosa UCBPP-PA14,GSM7985010,,,,,,,no,,,,,"HUNG LAB, MOLECULAR BIOLOGY, MASSACHUSETTS GENERAL HOSPITAL",SRA1772980,,public,9B9F7E87A8426EB280FEBE0E60DFBE0F,1B7E6D221F2A1B9CF0ED3CA8754B4F0E
SRR27300219,2024-10-11 21:38:32,2023-12-20 13:36:17,10477964,946597784,10477964,90,380,,https://sra-downloadb.be-md.ncbi.nlm.nih.gov/sos13/sra-pub-zq-1307/SRR027/27300/SRR27300219/SRR27300219.lite.1,SRX22977730,GSM7985011,RNA-Seq,cDNA,TRANSCRIPTOMIC,PAIRED,0,0,ILLUMINA,Illumina NovaSeq 6000,SRP479194,PRJNA1055047,3,1055047,SRS19943359,SAMN38978450,simple,208963,Pseudomonas aeruginosa UCBPP-PA14,GSM7985011,,,,,,,no,,,,,"HUNG LAB, MOLECULAR BIOLOGY, MASSACHUSETTS GENERAL HOSPITAL",SRA1772980,,public,1356CBCF842BBDB05B432F95F9023EC1,3063E711D861B4FCFD7934664F7A7A00
SRR27300218,2024-10-11 21:38:33,2023-12-20 13:36:05,7131037,644155111,7131037,90,257,,https://sra-downloadb.be-md.ncbi.nlm.nih.gov/sos13/sra-pub-zq-1307/SRR027/27300/SRR27300218/SRR27300218.lite.1,SRX22977731,GSM7985012,RNA-Seq,cDNA,TRANSCRIPTOMIC,PAIRED,0,0,ILLUMINA,Illumina NovaSeq 6000,SRP479194,PRJNA1055047,3,1055047,SRS19943358,SAMN38978449,simple,208963,Pseudomonas aeruginosa UCBPP-PA14,GSM7985012,,,,,,,no,,,,,"HUNG LAB, MOLECULAR BIOLOGY, MASSACHUSETTS GENERAL HOSPITAL",SRA1772980,,public,FD54758FBD19D1CA561A0711584E11EB,49B5C0369558F787293A7A718DD78D88
SRR27300217,2024-10-11 21:38:34,2023-12-20 13:36:37,5009912,452687086,5009912,90,180,,https://sra-downloadb.be-md.ncbi.nlm.nih.gov/sos13/sra-pub-zq-1307/SRR027/27300/SRR27300217/SRR27300217.lite.1,SRX22977732,GSM7985013,RNA-Seq,cDNA,TRANSCRIPTOMIC,PAIRED,0,0,ILLUMINA,Illumina NovaSeq 6000,SRP479194,PRJNA1055047,3,1055047,SRS19943361,SAMN38978448,simple,208963,Pseudomonas aeruginosa UCBPP-PA14,GSM7985013,,,,,,,no,,,,,"HUNG LAB, MOLECULAR BIOLOGY, MASSACHUSETTS GENERAL HOSPITAL",SRA1772980,,public,BDC280A4DDA9250BC27ECD4CA8CE6EB2,884EF24F8318DAA36A527CB608470512
SRR27300216,2024-10-11 21:38:36,2023-12-20 13:37:21,6476148,584542916,6476148,90,234,,https://sra-downloadb.be-md.ncbi.nlm.nih.gov/sos13/sra-pub-zq-1307/SRR027/27300/SRR27300216/SRR27300216.lite.1,SRX22977733,GSM7985014,RNA-Seq,cDNA,TRANSCRIPTOMIC,PAIRED,0,0,ILLUMINA,Illumina NovaSeq 6000,SRP479194,PRJNA1055047,3,1055047,SRS19943360,SAMN38978447,simple,208963,Pseudomonas aeruginosa UCBPP-PA14,GSM7985014,,,,,,,no,,,,,"HUNG LAB, MOLECULAR BIOLOGY, MASSACHUSETTS GENERAL HOSPITAL",SRA1772980,,public,FF5272CCDE63A369EF0518D0CC3BE101,DEF54BA8E1DDD337E7575D04D57EF516
SRR27300215,2024-10-11 21:38:37,2023-12-20 13:36:29,4305965,388653101,4305965,90,156,,https://sra-downloadb.be-md.ncbi.nlm.nih.gov/sos13/sra-pub-zq-1307/SRR027/27300/SRR27300215/SRR27300215.lite.1,SRX22977734,GSM7985015,RNA-Seq,cDNA,TRANSCRIPTOMIC,PAIRED,0,0,ILLUMINA,Illumina NovaSeq 6000,SRP479194,PRJNA1055047,3,1055047,SRS19943362,SAMN38978446,simple,208963,Pseudomonas aeruginosa UCBPP-PA14,GSM7985015,,,,,,,no,,,,,"HUNG LAB, MOLECULAR BIOLOGY, MASSACHUSETTS GENERAL HOSPITAL",SRA1772980,,public,F36CEBBB04664086467E99B1B40DE40B,08AC8BF9C7394454CBA28BA8387B2561
SRR27300214,2024-10-11 21:38:39,2023-12-20 13:36:18,3592126,324315344,3592126,90,130,,https://sra-downloadb.be-md.ncbi.nlm.nih.gov/sos13/sra-pub-zq-1307/SRR027/27300/SRR27300214/SRR27300214.lite.1,SRX22977735,GSM7985016,RNA-Seq,cDNA,TRANSCRIPTOMIC,PAIRED,0,0,ILLUMINA,Illumina NovaSeq 6000,SRP479194,PRJNA1055047,3,1055047,SRS19943364,SAMN38978445,simple,208963,Pseudomonas aeruginosa UCBPP-PA14,GSM7985016,,,,,,,no,,,,,"HUNG LAB, MOLECULAR BIOLOGY, MASSACHUSETTS GENERAL HOSPITAL",SRA1772980,,public,6C73BEFD84280A359C1416CC467720E2,F45D92EE7B51435A8F99CF3EA60DEAEB
SRR27300213,2024-10-11 21:38:40,2023-12-20 13:36:25,4279100,384957922,4279100,89,155,,https://sra-downloadb.be-md.ncbi.nlm.nih.gov/sos13/sra-pub-zq-1307/SRR027/27300/SRR27300213/SRR27300213.lite.1,SRX22977736,GSM7985017,RNA-Seq,cDNA,TRANSCRIPTOMIC,PAIRED,0,0,ILLUMINA,Illumina NovaSeq 6000,SRP479194,PRJNA1055047,3,1055047,SRS19943363,SAMN38978444,simple,208963,Pseudomonas aeruginosa UCBPP-PA14,GSM7985017,,,,,,,no,,,,,"HUNG LAB, MOLECULAR BIOLOGY, MASSACHUSETTS GENERAL HOSPITAL",SRA1772980,,public,BA34987152B4672615AC89EE923F3C0C,6B2CA4B3B67A6D81D83E2E4A85EE2BFE
SRR27300212,2024-10-11 21:38:32,2023-12-20 13:36:47,6354784,573154746,6354784,90,230,,https://sra-downloadb.be-md.ncbi.nlm.nih.gov/sos13/sra-pub-zq-1307/SRR027/27300/SRR27300212/SRR27300212.lite.1,SRX22977737,GSM7985112,RNA-Seq,cDNA,TRANSCRIPTOMIC,PAIRED,0,0,ILLUMINA,Illumina NovaSeq 6000,SRP479194,PRJNA1055047,3,1055047,SRS19943366,SAMN38978349,simple,208963,Pseudomonas aeruginosa UCBPP-PA14,GSM7985112,,,,,,,no,,,,,"HUNG LAB, MOLECULAR BIOLOGY, MASSACHUSETTS GENERAL HOSPITAL",SRA1772980,,public,80D7FEF2903F596014CB64BEBB16A5CA,441113CE9721D0D7199741826B96A170
SRR27300211,2024-10-11 21:38:32,2023-12-20 13:36:45,9119914,822517296,9119914,90,329,,https://sra-downloadb.be-md.ncbi.nlm.nih.gov/sos13/sra-pub-zq-1307/SRR027/27300/SRR27300211/SRR27300211.lite.1,SRX22977738,GSM7985113,RNA-Seq,cDNA,TRANSCRIPTOMIC,PAIRED,0,0,ILLUMINA,Illumina NovaSeq 6000,SRP479194,PRJNA1055047,3,1055047,SRS19943365,SAMN38978348,simple,208963,Pseudomonas aeruginosa UCBPP-PA14,GSM7985113,,,,,,,no,,,,,"HUNG LAB, MOLECULAR BIOLOGY, MASSACHUSETTS GENERAL HOSPITAL",SRA1772980,,public,A49138474937A23F73F44043478A75F0,F437486D7D0CC25CE6F164221C9FE277
SRR27300210,2024-10-11 21:38:32,2023-12-20 13:36:27,7191959,650019848,7191959,90,262,,https://sra-downloadb.be-md.ncbi.nlm.nih.gov/sos13/sra-pub-zq-1307/SRR027/27300/SRR27300210/SRR27300210.lite.1,SRX22977739,GSM7985114,RNA-Seq,cDNA,TRANSCRIPTOMIC,PAIRED,0,0,ILLUMINA,Illumina NovaSeq 6000,SRP479194,PRJNA1055047,3,1055047,SRS19943367,SAMN38978347,simple,208963,Pseudomonas aeruginosa UCBPP-PA14,GSM7985114,,,,,,,no,,,,,"HUNG LAB, MOLECULAR BIOLOGY, MASSACHUSETTS GENERAL HOSPITAL",SRA1772980,,public,24EBDA2B8F6F27489D7187965A81327C,460579C4DCD2B020B5188373A4AC6051
SRR27300209,2024-10-11 21:38:32,2023-12-20 13:36:18,3348236,301808564,3348236,90,121,,https://sra-downloadb.be-md.ncbi.nlm.nih.gov/sos13/sra-pub-zq-1307/SRR027/27300/SRR27300209/SRR27300209.lite.1,SRX22977740,GSM7985115,RNA-Seq,cDNA,TRANSCRIPTOMIC,PAIRED,0,0,ILLUMINA,Illumina NovaSeq 6000,SRP479194,PRJNA1055047,3,1055047,SRS19943372,SAMN38978346,simple,208963,Pseudomonas aeruginosa UCBPP-PA14,GSM7985115,,,,,,,no,,,,,"HUNG LAB, MOLECULAR BIOLOGY, MASSACHUSETTS GENERAL HOSPITAL",SRA1772980,,public,C0E6C9C8829BF12B4497B06912E62980,E6223B0D858BFFF2D5C1167E747BF03E
SRR27300208,2024-10-11 21:38:32,2023-12-20 13:37:04,5339088,481277974,5339088,90,194,,https://sra-downloadb.be-md.ncbi.nlm.nih.gov/sos13/sra-pub-zq-1307/SRR027/27300/SRR27300208/SRR27300208.lite.1,SRX22977741,GSM7985116,RNA-Seq,cDNA,TRANSCRIPTOMIC,PAIRED,0,0,ILLUMINA,Illumina NovaSeq 6000,SRP479194,PRJNA1055047,3,1055047,SRS19943368,SAMN38978345,simple,208963,Pseudomonas aeruginosa UCBPP-PA14,GSM7985116,,,,,,,no,,,,,"HUNG LAB, MOLECULAR BIOLOGY, MASSACHUSETTS GENERAL HOSPITAL",SRA1772980,,public,55520F83D190B796084479ADBF48CB44,E3B03AE586E286F9DA65CB78DACD7A85
SRR27300207,2024-10-11 21:38:32,2023-12-20 13:36:33,5357045,483721894,5357045,90,194,,https://sra-downloadb.be-md.ncbi.nlm.nih.gov/sos13/sra-pub-zq-1307/SRR027/27300/SRR27300207/SRR27300207.lite.1,SRX22977742,GSM7985117,RNA-Seq,cDNA,TRANSCRIPTOMIC,PAIRED,0,0,ILLUMINA,Illumina NovaSeq 6000,SRP479194,PRJNA1055047,3,1055047,SRS19943370,SAMN38978344,simple,208963,Pseudomonas aeruginosa UCBPP-PA14,GSM7985117,,,,,,,no,,,,,"HUNG LAB, MOLECULAR BIOLOGY, MASSACHUSETTS GENERAL HOSPITAL",SRA1772980,,public,F9B3FB086BD67EC5B1EF4A1B7345100F,3F4B2383601DD8886985311803964B74
SRR27300206,2024-10-11 21:38:32,2023-12-20 13:36:12,2882468,260686620,2882468,90,104,,https://sra-downloadb.be-md.ncbi.nlm.nih.gov/sos13/sra-pub-zq-1307/SRR027/27300/SRR27300206/SRR27300206.lite.1,SRX22977743,GSM7985118,RNA-Seq,cDNA,TRANSCRIPTOMIC,PAIRED,0,0,ILLUMINA,Illumina NovaSeq 6000,SRP479194,PRJNA1055047,3,1055047,SRS19943369,SAMN38978343,simple,208963,Pseudomonas aeruginosa UCBPP-PA14,GSM7985118,,,,,,,no,,,,,"HUNG LAB, MOLECULAR BIOLOGY, MASSACHUSETTS GENERAL HOSPITAL",SRA1772980,,public,50337C841387D438CA4946BE8EFC06C5,8FBAE26CB0B392AA351EEE5CC89716A5
SRR27300205,2024-10-11 21:38:32,2023-12-20 13:35:41,4706593,425630516,4706593,90,170,,https://sra-downloadb.be-md.ncbi.nlm.nih.gov/sos13/sra-pub-zq-1307/SRR027/27300/SRR27300205/SRR27300205.lite.1,SRX22977744,GSM7985119,RNA-Seq,cDNA,TRANSCRIPTOMIC,PAIRED,0,0,ILLUMINA,Illumina NovaSeq 6000,SRP479194,PRJNA1055047,3,1055047,SRS19943371,SAMN38978342,simple,208963,Pseudomonas aeruginosa UCBPP-PA14,GSM7985119,,,,,,,no,,,,,"HUNG LAB, MOLECULAR BIOLOGY, MASSACHUSETTS GENERAL HOSPITAL",SRA1772980,,public,0F52B159E9C191C2A61497DFE4F8D297,B71DAEAA6740F9E99D42ECD4FB8FECEA
SRR27300204,2024-10-11 21:38:32,2023-12-20 13:36:40,5430017,489025972,5430017,90,197,,https://sra-downloadb.be-md.ncbi.nlm.nih.gov/sos13/sra-pub-zq-1307/SRR027/27300/SRR27300204/SRR27300204.lite.1,SRX22977745,GSM7985120,RNA-Seq,cDNA,TRANSCRIPTOMIC,PAIRED,0,0,ILLUMINA,Illumina NovaSeq 6000,SRP479194,PRJNA1055047,3,1055047,SRS19943374,SAMN38978341,simple,208963,Pseudomonas aeruginosa UCBPP-PA14,GSM7985120,,,,,,,no,,,,,"HUNG LAB, MOLECULAR BIOLOGY, MASSACHUSETTS GENERAL HOSPITAL",SRA1772980,,public,8F1867605DD653592B7BF4E3CA5252C7,07E3751E9E501A0B49899C59CD7E96B3
SRR27300203,2024-10-11 21:38:32,2023-12-20 13:36:42,4670029,422273326,4670029,90,170,,https://sra-downloadb.be-md.ncbi.nlm.nih.gov/sos13/sra-pub-zq-1307/SRR027/27300/SRR27300203/SRR27300203.lite.1,SRX22977746,GSM7985121,RNA-Seq,cDNA,TRANSCRIPTOMIC,PAIRED,0,0,ILLUMINA,Illumina NovaSeq 6000,SRP479194,PRJNA1055047,3,1055047,SRS19943373,SAMN38978340,simple,208963,Pseudomonas aeruginosa UCBPP-PA14,GSM7985121,,,,,,,no,,,,,"HUNG LAB, MOLECULAR BIOLOGY, MASSACHUSETTS GENERAL HOSPITAL",SRA1772980,,public,06ED584D4A64CA521332952DC4C7EF8C,50112BEB013FA092FA6828830BB3B6CD
SRR27300202,2024-10-11 21:38:32,2023-12-20 13:36:59,9880157,893575875,9880157,90,360,,https://sra-downloadb.be-md.ncbi.nlm.nih.gov/sos13/sra-pub-zq-1307/SRR027/27300/SRR27300202/SRR27300202.lite.1,SRX22977747,GSM7985122,RNA-Seq,cDNA,TRANSCRIPTOMIC,PAIRED,0,0,ILLUMINA,Illumina NovaSeq 6000,SRP479194,PRJNA1055047,3,1055047,SRS19943375,SAMN38978339,simple,208963,Pseudomonas aeruginosa UCBPP-PA14,GSM7985122,,,,,,,no,,,,,"HUNG LAB, MOLECULAR BIOLOGY, MASSACHUSETTS GENERAL HOSPITAL",SRA1772980,,public,18BAE2E8241F5BEF8265884F1B23820D,5101EF9FEA96A329BE0B542C4EA56DE9
SRR27300201,2024-10-11 21:38:33,2023-12-20 13:37:02,9866640,893019189,9866640,90,358,,https://sra-downloadb.be-md.ncbi.nlm.nih.gov/sos13/sra-pub-zq-1307/SRR027/27300/SRR27300201/SRR27300201.lite.1,SRX22977748,GSM7985123,RNA-Seq,cDNA,TRANSCRIPTOMIC,PAIRED,0,0,ILLUMINA,Illumina NovaSeq 6000,SRP479194,PRJNA1055047,3,1055047,SRS19943377,SAMN38978338,simple,208963,Pseudomonas aeruginosa UCBPP-PA14,GSM7985123,,,,,,,no,,,,,"HUNG LAB, MOLECULAR BIOLOGY, MASSACHUSETTS GENERAL HOSPITAL",SRA1772980,,public,1CFEB537A45B4C49FCCB8DDAD07E211F,99510E3DDE550FB02E81AED97B38814B
SRR27300200,2024-10-11 21:38:33,2023-12-20 13:36:58,7560050,684311393,7560050,90,274,,https://sra-downloadb.be-md.ncbi.nlm.nih.gov/sos13/sra-pub-zq-1307/SRR027/27300/SRR27300200/SRR27300200.lite.1,SRX22977749,GSM7985124,RNA-Seq,cDNA,TRANSCRIPTOMIC,PAIRED,0,0,ILLUMINA,Illumina NovaSeq 6000,SRP479194,PRJNA1055047,3,1055047,SRS19943376,SAMN38978337,simple,208963,Pseudomonas aeruginosa UCBPP-PA14,GSM7985124,,,,,,,no,,,,,"HUNG LAB, MOLECULAR BIOLOGY, MASSACHUSETTS GENERAL HOSPITAL",SRA1772980,,public,5DCBAC5480EB99B6F4A209CDDF015153,5A2F577A9EEA6B2265CD8FAA9644EB34
SRR27299870,2024-10-11 21:38:47,2023-12-20 13:34:41,4585693,414336619,4585693,90,165,,https://sra-downloadb.be-md.ncbi.nlm.nih.gov/sos13/sra-pub-zq-1307/SRR027/27299/SRR27299870/SRR27299870.lite.1,SRX22977772,GSM7985259,RNA-Seq,cDNA,TRANSCRIPTOMIC,PAIRED,0,0,ILLUMINA,Illumina NovaSeq 6000,SRP479194,PRJNA1055047,3,1055047,SRS19943401,SAMN38978202,simple,208963,Pseudomonas aeruginosa UCBPP-PA14,GSM7985259,,,,,,,no,,,,,"HUNG LAB, MOLECULAR BIOLOGY, MASSACHUSETTS GENERAL HOSPITAL",SRA1772980,,public,9F53357A994DACCF3F64E75A866CF6F8,201EAE1D1B46F4449D12974980E5BAEE
SRR27299832,2024-10-11 21:38:48,2023-12-20 13:35:46,7253237,655386888,7253237,90,263,,https://sra-downloadb.be-md.ncbi.nlm.nih.gov/sos13/sra-pub-zq-1307/SRR027/27299/SRR27299832/SRR27299832.lite.1,SRX22977774,GSM7985261,RNA-Seq,cDNA,TRANSCRIPTOMIC,PAIRED,0,0,ILLUMINA,Illumina NovaSeq 6000,SRP479194,PRJNA1055047,3,1055047,SRS19943402,SAMN38978200,simple,208963,Pseudomonas aeruginosa UCBPP-PA14,GSM7985261,,,,,,,no,,,,,"HUNG LAB, MOLECULAR BIOLOGY, MASSACHUSETTS GENERAL HOSPITAL",SRA1772980,,public,89B1B4E99B6F536EE49A381EEE59F7B3,C542CD8074BE8FE1101736826024D6CC
SRR27299829,2024-10-11 21:39:19,2023-12-20 13:34:47,5656043,511098413,5656043,90,190,,https://sra-downloadb.be-md.ncbi.nlm.nih.gov/sos13/sra-pub-zq-1307/SRR027/27299/SRR27299829/SRR27299829.lite.1,SRX22977848,GSM7985511,RNA-Seq,cDNA,TRANSCRIPTOMIC,PAIRED,0,0,ILLUMINA,Illumina NovaSeq 6000,SRP479194,PRJNA1055047,3,1055047,SRS19943475,SAMN38977950,simple,208963,Pseudomonas aeruginosa UCBPP-PA14,GSM7985511,,,,,,,no,,,,,"HUNG LAB, MOLECULAR BIOLOGY, MASSACHUSETTS GENERAL HOSPITAL",SRA1772980,,public,A5E52FD645B2A0FAE0C9B4785E386C1C,AD4297FA6F024301FC9586657D020A6F
SRR27299920,2024-10-11 21:37:57,2023-12-20 13:35:45,4199595,380359793,4199595,90,143,,https://sra-downloadb.be-md.ncbi.nlm.nih.gov/sos13/sra-pub-zq-1307/SRR027/27299/SRR27299920/SRR27299920.lite.1,SRX22977908,GSM7985712,RNA-Seq,cDNA,TRANSCRIPTOMIC,PAIRED,0,0,ILLUMINA,Illumina NovaSeq 6000,SRP479194,PRJNA1055047,3,1055047,SRS19943538,SAMN38977749,simple,208963,Pseudomonas aeruginosa UCBPP-PA14,GSM7985712,,,,,,,no,,,,,"HUNG LAB, MOLECULAR BIOLOGY, MASSACHUSETTS GENERAL HOSPITAL",SRA1772980,,public,1EE79861AB120E993DF07835115DA032,3A81A89BBED0784ABDF704988524866E
SRR27299965,2024-10-11 21:37:57,2023-12-20 13:35:27,3338196,301508471,3338196,90,112,,https://sra-downloadb.be-md.ncbi.nlm.nih.gov/sos13/sra-pub-zq-1307/SRR027/27299/SRR27299965/SRR27299965.lite.1,SRX22977908,GSM7985712,RNA-Seq,cDNA,TRANSCRIPTOMIC,PAIRED,0,0,ILLUMINA,Illumina NovaSeq 6000,SRP479194,PRJNA1055047,3,1055047,SRS19943538,SAMN38977749,simple,208963,Pseudomonas aeruginosa UCBPP-PA14,GSM7985712,,,,,,,no,,,,,"HUNG LAB, MOLECULAR BIOLOGY, MASSACHUSETTS GENERAL HOSPITAL",SRA1772980,,public,29E6F0498A71320072502FC9F24FD1EC,D0577C8C8782B7B5B9EBC36E6C60BD33
SRR27300199,2024-10-11 21:38:33,2023-12-20 13:38:09,13402250,1210044602,13402250,90,486,,https://sra-downloadb.be-md.ncbi.nlm.nih.gov/sos13/sra-pub-zq-1307/SRR027/27300/SRR27300199/SRR27300199.lite.1,SRX22977750,GSM7985125,RNA-Seq,cDNA,TRANSCRIPTOMIC,PAIRED,0,0,ILLUMINA,Illumina NovaSeq 6000,SRP479194,PRJNA1055047,3,1055047,SRS19943379,SAMN38978336,simple,208963,Pseudomonas aeruginosa UCBPP-PA14,GSM7985125,,,,,,,no,,,,,"HUNG LAB, MOLECULAR BIOLOGY, MASSACHUSETTS GENERAL HOSPITAL",SRA1772980,,public,73D63A7BFBCEF2D06C1B8798BCBD0176,74EBDCF5C34962E9A17B9703F6FC8B17
SRR27300198,2024-10-11 21:38:33,2023-12-20 13:36:35,5492907,496574609,5492907,90,199,,https://sra-downloadb.be-md.ncbi.nlm.nih.gov/sos13/sra-pub-zq-1307/SRR027/27300/SRR27300198/SRR27300198.lite.1,SRX22977751,GSM7985126,RNA-Seq,cDNA,TRANSCRIPTOMIC,PAIRED,0,0,ILLUMINA,Illumina NovaSeq 6000,SRP479194,PRJNA1055047,3,1055047,SRS19943378,SAMN38978335,simple,208963,Pseudomonas aeruginosa UCBPP-PA14,GSM7985126,,,,,,,no,,,,,"HUNG LAB, MOLECULAR BIOLOGY, MASSACHUSETTS GENERAL HOSPITAL",SRA1772980,,public,FAF8895BCA3D853A6B7926AAEA72C073,94717AA1B1092F10038EE2EDE1B14459
SRR27300197,2024-10-11 21:38:33,2023-12-20 13:36:21,5342010,483024872,5342010,90,194,,https://sra-downloadb.be-md.ncbi.nlm.nih.gov/sos13/sra-pub-zq-1307/SRR027/27300/SRR27300197/SRR27300197.lite.1,SRX22977752,GSM7985127,RNA-Seq,cDNA,TRANSCRIPTOMIC,PAIRED,0,0,ILLUMINA,Illumina NovaSeq 6000,SRP479194,PRJNA1055047,3,1055047,SRS19943380,SAMN38978334,simple,208963,Pseudomonas aeruginosa UCBPP-PA14,GSM7985127,,,,,,,no,,,,,"HUNG LAB, MOLECULAR BIOLOGY, MASSACHUSETTS GENERAL HOSPITAL",SRA1772980,,public,3153881AE9FE243ED026DB4E3852F0DE,EC1E8C0616D6F50225E7C98A76D0F534
SRR27300196,2024-10-11 21:38:41,2023-12-20 13:36:09,10645402,960852487,10645402,90,387,,https://sra-downloadb.be-md.ncbi.nlm.nih.gov/sos13/sra-pub-zq-1307/SRR027/27300/SRR27300196/SRR27300196.lite.1,SRX22977753,GSM7985208,RNA-Seq,cDNA,TRANSCRIPTOMIC,PAIRED,0,0,ILLUMINA,Illumina NovaSeq 6000,SRP479194,PRJNA1055047,3,1055047,SRS19943383,SAMN38978253,simple,208963,Pseudomonas aeruginosa UCBPP-PA14,GSM7985208,,,,,,,no,,,,,"HUNG LAB, MOLECULAR BIOLOGY, MASSACHUSETTS GENERAL HOSPITAL",SRA1772980,,public,4C8922EE198FF1ECA1DF2B038F639A93,3E188A5AF6B85EF67F600295C678ACD3
SRR27300194,2024-10-11 21:38:41,2023-12-20 13:36:12,11817164,1069235807,11817164,90,426,,https://sra-downloadb.be-md.ncbi.nlm.nih.gov/sos13/sra-pub-zq-1307/SRR027/27300/SRR27300194/SRR27300194.lite.1,SRX22977754,GSM7985209,RNA-Seq,cDNA,TRANSCRIPTOMIC,PAIRED,0,0,ILLUMINA,Illumina NovaSeq 6000,SRP479194,PRJNA1055047,3,1055047,SRS19943381,SAMN38978252,simple,208963,Pseudomonas aeruginosa UCBPP-PA14,GSM7985209,,,,,,,no,,,,,"HUNG LAB, MOLECULAR BIOLOGY, MASSACHUSETTS GENERAL HOSPITAL",SRA1772980,,public,3BEBBF09EF7E7A3012FACB47AF14F2FA,AD51D13F652293FD11CAE1662DCE7764
SRR27300193,2024-10-11 21:38:41,2023-12-20 13:36:59,6319942,568702119,6319942,89,228,,https://sra-downloadb.be-md.ncbi.nlm.nih.gov/sos13/sra-pub-zq-1307/SRR027/27300/SRR27300193/SRR27300193.lite.1,SRX22977755,GSM7985210,RNA-Seq,cDNA,TRANSCRIPTOMIC,PAIRED,0,0,ILLUMINA,Illumina NovaSeq 6000,SRP479194,PRJNA1055047,3,1055047,SRS19943382,SAMN38978251,simple,208963,Pseudomonas aeruginosa UCBPP-PA14,GSM7985210,,,,,,,no,,,,,"HUNG LAB, MOLECULAR BIOLOGY, MASSACHUSETTS GENERAL HOSPITAL",SRA1772980,,public,816EE442199D691FB91A9222909A9F2D,ECD8E77AE78B382770F053F6D5FCFF6E
SRR27300191,2024-10-11 21:38:41,2023-12-20 13:35:44,6425103,578122816,6425103,89,233,,https://sra-downloadb.be-md.ncbi.nlm.nih.gov/sos13/sra-pub-zq-1307/SRR027/27300/SRR27300191/SRR27300191.lite.1,SRX22977756,GSM7985211,RNA-Seq,cDNA,TRANSCRIPTOMIC,PAIRED,0,0,ILLUMINA,Illumina NovaSeq 6000,SRP479194,PRJNA1055047,3,1055047,SRS19943384,SAMN38978250,simple,208963,Pseudomonas aeruginosa UCBPP-PA14,GSM7985211,,,,,,,no,,,,,"HUNG LAB, MOLECULAR BIOLOGY, MASSACHUSETTS GENERAL HOSPITAL",SRA1772980,,public,A8B03838D4C6DD45907AA9F444D5F6A4,55BDE5BBEA4E4BD350659E275130123C
SRR27300190,2024-10-11 21:38:41,2023-12-20 13:35:21,2657017,240037259,2657017,90,95,,https://sra-downloadb.be-md.ncbi.nlm.nih.gov/sos13/sra-pub-zq-1307/SRR027/27300/SRR27300190/SRR27300190.lite.1,SRX22977757,GSM7985212,RNA-Seq,cDNA,TRANSCRIPTOMIC,PAIRED,0,0,ILLUMINA,Illumina NovaSeq 6000,SRP479194,PRJNA1055047,3,1055047,SRS19943385,SAMN38978249,simple,208963,Pseudomonas aeruginosa UCBPP-PA14,GSM7985212,,,,,,,no,,,,,"HUNG LAB, MOLECULAR BIOLOGY, MASSACHUSETTS GENERAL HOSPITAL",SRA1772980,,public,B1E14F710DB3216268CCD4A9F2336D46,DBC95B850A2F5EB6C4BB6533A2232CF5
SRR27300188,2024-10-11 21:38:41,2023-12-20 13:37:25,7234864,653378697,7234864,90,261,,https://sra-downloadb.be-md.ncbi.nlm.nih.gov/sos13/sra-pub-zq-1307/SRR027/27300/SRR27300188/SRR27300188.lite.1,SRX22977758,GSM7985213,RNA-Seq,cDNA,TRANSCRIPTOMIC,PAIRED,0,0,ILLUMINA,Illumina NovaSeq 6000,SRP479194,PRJNA1055047,3,1055047,SRS19943389,SAMN38978248,simple,208963,Pseudomonas aeruginosa UCBPP-PA14,GSM7985213,,,,,,,no,,,,,"HUNG LAB, MOLECULAR BIOLOGY, MASSACHUSETTS GENERAL HOSPITAL",SRA1772980,,public,BF4D393FE14EFB1B1AE84A180C4CDC4D,9341A572B3070F74C2C5780B82F4AF71
SRR27300187,2024-10-11 21:38:42,2023-12-20 13:35:39,5775214,521513682,5775214,90,209,,https://sra-downloadb.be-md.ncbi.nlm.nih.gov/sos13/sra-pub-zq-1307/SRR027/27300/SRR27300187/SRR27300187.lite.1,SRX22977759,GSM7985214,RNA-Seq,cDNA,TRANSCRIPTOMIC,PAIRED,0,0,ILLUMINA,Illumina NovaSeq 6000,SRP479194,PRJNA1055047,3,1055047,SRS19943386,SAMN38978247,simple,208963,Pseudomonas aeruginosa UCBPP-PA14,GSM7985214,,,,,,,no,,,,,"HUNG LAB, MOLECULAR BIOLOGY, MASSACHUSETTS GENERAL HOSPITAL",SRA1772980,,public,26779F5EA720913520120A08ACB0AF48,63D8A5B217BC6FFDCB649D00CDBA9C12
SRR27300186,2024-10-11 21:38:42,2023-12-20 13:37:06,6233967,562835251,6233967,90,224,,https://sra-downloadb.be-md.ncbi.nlm.nih.gov/sos13/sra-pub-zq-1307/SRR027/27300/SRR27300186/SRR27300186.lite.1,SRX22977760,GSM7985215,RNA-Seq,cDNA,TRANSCRIPTOMIC,PAIRED,0,0,ILLUMINA,Illumina NovaSeq 6000,SRP479194,PRJNA1055047,3,1055047,SRS19943387,SAMN38978246,simple,208963,Pseudomonas aeruginosa UCBPP-PA14,GSM7985215,,,,,,,no,,,,,"HUNG LAB, MOLECULAR BIOLOGY, MASSACHUSETTS GENERAL HOSPITAL",SRA1772980,,public,8AC4E9C41E09CB16D415362F6058BF90,FE1A4D4AE2754771A042E0F98E74D67E
SRR27300185,2024-10-11 21:38:42,2023-12-20 13:38:26,13792944,1242041700,13792944,90,505,,https://sra-downloadb.be-md.ncbi.nlm.nih.gov/sos13/sra-pub-zq-1307/SRR027/27300/SRR27300185/SRR27300185.lite.1,SRX22977761,GSM7985216,RNA-Seq,cDNA,TRANSCRIPTOMIC,PAIRED,0,0,ILLUMINA,Illumina NovaSeq 6000,SRP479194,PRJNA1055047,3,1055047,SRS19943388,SAMN38978245,simple,208963,Pseudomonas aeruginosa UCBPP-PA14,GSM7985216,,,,,,,no,,,,,"HUNG LAB, MOLECULAR BIOLOGY, MASSACHUSETTS GENERAL HOSPITAL",SRA1772980,,public,0CFDEF7E1CEB36CFA151203F631477B1,D9025F91B13336F5EC2D61AE78240F66
SRR27300184,2024-10-11 21:38:42,2023-12-20 13:36:51,9782755,880164996,9782755,89,360,,https://sra-downloadb.be-md.ncbi.nlm.nih.gov/sos13/sra-pub-zq-1307/SRR027/27300/SRR27300184/SRR27300184.lite.1,SRX22977762,GSM7985217,RNA-Seq,cDNA,TRANSCRIPTOMIC,PAIRED,0,0,ILLUMINA,Illumina NovaSeq 6000,SRP479194,PRJNA1055047,3,1055047,SRS19943390,SAMN38978244,simple,208963,Pseudomonas aeruginosa UCBPP-PA14,GSM7985217,,,,,,,no,,,,,"HUNG LAB, MOLECULAR BIOLOGY, MASSACHUSETTS GENERAL HOSPITAL",SRA1772980,,public,672CBB9B32F9445241D13F6523B31534,01D1DA073CE5B1CE72CDBE22D4D89FA2
SRR27300183,2024-10-11 21:38:42,2023-12-20 13:36:39,9774186,880466913,9774186,90,353,,https://sra-downloadb.be-md.ncbi.nlm.nih.gov/sos13/sra-pub-zq-1307/SRR027/27300/SRR27300183/SRR27300183.lite.1,SRX22977763,GSM7985218,RNA-Seq,cDNA,TRANSCRIPTOMIC,PAIRED,0,0,ILLUMINA,Illumina NovaSeq 6000,SRP479194,PRJNA1055047,3,1055047,SRS19943391,SAMN38978243,simple,208963,Pseudomonas aeruginosa UCBPP-PA14,GSM7985218,,,,,,,no,,,,,"HUNG LAB, MOLECULAR BIOLOGY, MASSACHUSETTS GENERAL HOSPITAL",SRA1772980,,public,CF5CC30FD881562805BD880AB14BAC3D,368529423EF6C50CDC84430A3B022C99
SRR27300182,2024-10-11 21:38:42,2023-12-20 13:35:57,3360572,303325769,3360572,90,121,,https://sra-downloadb.be-md.ncbi.nlm.nih.gov/sos13/sra-pub-zq-1307/SRR027/27300/SRR27300182/SRR27300182.lite.1,SRX22977764,GSM7985219,RNA-Seq,cDNA,TRANSCRIPTOMIC,PAIRED,0,0,ILLUMINA,Illumina NovaSeq 6000,SRP479194,PRJNA1055047,3,1055047,SRS19943392,SAMN38978242,simple,208963,Pseudomonas aeruginosa UCBPP-PA14,GSM7985219,,,,,,,no,,,,,"HUNG LAB, MOLECULAR BIOLOGY, MASSACHUSETTS GENERAL HOSPITAL",SRA1772980,,public,22C6A0ED70891FD079F96E3911F44FF2,7121472E72C1407365EB9C81BCD15592
SRR27300181,2024-10-11 21:38:42,2023-12-20 13:36:15,4749928,429152086,4749928,90,171,,https://sra-downloadb.be-md.ncbi.nlm.nih.gov/sos13/sra-pub-zq-1307/SRR027/27300/SRR27300181/SRR27300181.lite.1,SRX22977765,GSM7985220,RNA-Seq,cDNA,TRANSCRIPTOMIC,PAIRED,0,0,ILLUMINA,Illumina NovaSeq 6000,SRP479194,PRJNA1055047,3,1055047,SRS19943393,SAMN38978241,simple,208963,Pseudomonas aeruginosa UCBPP-PA14,GSM7985220,,,,,,,no,,,,,"HUNG LAB, MOLECULAR BIOLOGY, MASSACHUSETTS GENERAL HOSPITAL",SRA1772980,,public,94ACB6CF1042A3EE29B477D50C233F35,95C2B4DD55FB72DEA546E20316975A38
SRR27300180,2024-10-11 21:38:42,2023-12-20 13:35:22,4490096,405311574,4490096,90,162,,https://sra-downloadb.be-md.ncbi.nlm.nih.gov/sos13/sra-pub-zq-1307/SRR027/27300/SRR27300180/SRR27300180.lite.1,SRX22977766,GSM7985221,RNA-Seq,cDNA,TRANSCRIPTOMIC,PAIRED,0,0,ILLUMINA,Illumina NovaSeq 6000,SRP479194,PRJNA1055047,3,1055047,SRS19943394,SAMN38978240,simple,208963,Pseudomonas aeruginosa UCBPP-PA14,GSM7985221,,,,,,,no,,,,,"HUNG LAB, MOLECULAR BIOLOGY, MASSACHUSETTS GENERAL HOSPITAL",SRA1772980,,public,F1D2695F0CDC54192E6C7BC897B86925,E9658A1DE8924B5C8B5C0B5A04E93A06
SRR27300179,2024-10-11 21:38:43,2023-12-20 13:35:56,2180165,196594666,2180165,90,79,,https://sra-downloadb.be-md.ncbi.nlm.nih.gov/sos13/sra-pub-zq-1307/SRR027/27300/SRR27300179/SRR27300179.lite.1,SRX22977767,GSM7985222,RNA-Seq,cDNA,TRANSCRIPTOMIC,PAIRED,0,0,ILLUMINA,Illumina NovaSeq 6000,SRP479194,PRJNA1055047,3,1055047,SRS19943395,SAMN38978239,simple,208963,Pseudomonas aeruginosa UCBPP-PA14,GSM7985222,,,,,,,no,,,,,"HUNG LAB, MOLECULAR BIOLOGY, MASSACHUSETTS GENERAL HOSPITAL",SRA1772980,,public,7620D391A2A3BEE33467BEB25E6A47F8,548454D48897AF3F25C953C5515105CE
SRR27300178,2024-10-11 21:38:43,2023-12-20 13:35:52,1671191,150408321,1671191,90,60,,https://sra-downloadb.be-md.ncbi.nlm.nih.gov/sos13/sra-pub-zq-1307/SRR027/27300/SRR27300178/SRR27300178.lite.1,SRX22977768,GSM7985223,RNA-Seq,cDNA,TRANSCRIPTOMIC,PAIRED,0,0,ILLUMINA,Illumina NovaSeq 6000,SRP479194,PRJNA1055047,3,1055047,SRS19943396,SAMN38978238,simple,208963,Pseudomonas aeruginosa UCBPP-PA14,GSM7985223,,,,,,,no,,,,,"HUNG LAB, MOLECULAR BIOLOGY, MASSACHUSETTS GENERAL HOSPITAL",SRA1772980,,public,EBD336000E23AC586C3F1E658991BE16,FED27B1FAD26AFE040E8BEABB305121B
SRR27300176,2024-10-11 21:38:47,2023-12-20 13:36:13,12303649,1113083519,12303649,90,443,,https://sra-downloadb.be-md.ncbi.nlm.nih.gov/sos13/sra-pub-zq-1307/SRR027/27300/SRR27300176/SRR27300176.lite.1,SRX22977769,GSM7985256,RNA-Seq,cDNA,TRANSCRIPTOMIC,PAIRED,0,0,ILLUMINA,Illumina NovaSeq 6000,SRP479194,PRJNA1055047,3,1055047,SRS19943397,SAMN38978205,simple,208963,Pseudomonas aeruginosa UCBPP-PA14,GSM7985256,,,,,,,no,,,,,"HUNG LAB, MOLECULAR BIOLOGY, MASSACHUSETTS GENERAL HOSPITAL",SRA1772980,,public,2B7E3FEC488FA9C0901F9BB23959AB06,3DAF2BED3B0D513E69A6E4F455650FE6
SRR27300177,2024-10-11 21:38:47,2023-12-20 13:37:55,11850362,1072165212,11850362,90,428,,https://sra-downloadb.be-md.ncbi.nlm.nih.gov/sos13/sra-pub-zq-1307/SRR027/27300/SRR27300177/SRR27300177.lite.1,SRX22977769,GSM7985256,RNA-Seq,cDNA,TRANSCRIPTOMIC,PAIRED,0,0,ILLUMINA,Illumina NovaSeq 6000,SRP479194,PRJNA1055047,3,1055047,SRS19943397,SAMN38978205,simple,208963,Pseudomonas aeruginosa UCBPP-PA14,GSM7985256,,,,,,,no,,,,,"HUNG LAB, MOLECULAR BIOLOGY, MASSACHUSETTS GENERAL HOSPITAL",SRA1772980,,public,DBF28E0F1E4ED0A9FEDF3CBDD7F9EFCA,A998F7565977BC2C35EC15D43A3D2585
SRR27300175,2024-10-11 21:38:47,2023-12-20 13:36:12,8987822,812923624,8987822,90,324,,https://sra-downloadb.be-md.ncbi.nlm.nih.gov/sos13/sra-pub-zq-1307/SRR027/27300/SRR27300175/SRR27300175.lite.1,SRX22977770,GSM7985257,RNA-Seq,cDNA,TRANSCRIPTOMIC,PAIRED,0,0,ILLUMINA,Illumina NovaSeq 6000,SRP479194,PRJNA1055047,3,1055047,SRS19943398,SAMN38978204,simple,208963,Pseudomonas aeruginosa UCBPP-PA14,GSM7985257,,,,,,,no,,,,,"HUNG LAB, MOLECULAR BIOLOGY, MASSACHUSETTS GENERAL HOSPITAL",SRA1772980,,public,6C33C354BE2CA1619A01C9A2AA728A22,F01566E44DE6063C38BA184088D8910D
SRR27300173,2024-10-11 21:38:47,2023-12-20 13:36:34,6440338,580226506,6440338,90,233,,https://sra-downloadb.be-md.ncbi.nlm.nih.gov/sos13/sra-pub-zq-1307/SRR027/27300/SRR27300173/SRR27300173.lite.1,SRX22977771,GSM7985258,RNA-Seq,cDNA,TRANSCRIPTOMIC,PAIRED,0,0,ILLUMINA,Illumina NovaSeq 6000,SRP479194,PRJNA1055047,3,1055047,SRS19943400,SAMN38978203,simple,208963,Pseudomonas aeruginosa UCBPP-PA14,GSM7985258,,,,,,,no,,,,,"HUNG LAB, MOLECULAR BIOLOGY, MASSACHUSETTS GENERAL HOSPITAL",SRA1772980,,public,1CBA1E74E7B1B046CBC4124C0D02BF3A,EE8779FD7332A3A112949AFBE0076934
SRR27300174,2024-10-11 21:38:47,2023-12-20 13:36:33,6136912,552585046,6136912,90,223,,https://sra-downloadb.be-md.ncbi.nlm.nih.gov/sos13/sra-pub-zq-1307/SRR027/27300/SRR27300174/SRR27300174.lite.1,SRX22977771,GSM7985258,RNA-Seq,cDNA,TRANSCRIPTOMIC,PAIRED,0,0,ILLUMINA,Illumina NovaSeq 6000,SRP479194,PRJNA1055047,3,1055047,SRS19943400,SAMN38978203,simple,208963,Pseudomonas aeruginosa UCBPP-PA14,GSM7985258,,,,,,,no,,,,,"HUNG LAB, MOLECULAR BIOLOGY, MASSACHUSETTS GENERAL HOSPITAL",SRA1772980,,public,21E678BF6E55ED72696AE61FA7BB8309,CAB41CDBBF541E684EA763A0E8B2269B
SRR27300172,2024-10-11 21:38:48,2023-12-20 13:36:19,4741686,428413185,4741686,90,171,,https://sra-downloadb.be-md.ncbi.nlm.nih.gov/sos13/sra-pub-zq-1307/SRR027/27300/SRR27300172/SRR27300172.lite.1,SRX22977772,GSM7985259,RNA-Seq,cDNA,TRANSCRIPTOMIC,PAIRED,0,0,ILLUMINA,Illumina NovaSeq 6000,SRP479194,PRJNA1055047,3,1055047,SRS19943401,SAMN38978202,simple,208963,Pseudomonas aeruginosa UCBPP-PA14,GSM7985259,,,,,,,no,,,,,"HUNG LAB, MOLECULAR BIOLOGY, MASSACHUSETTS GENERAL HOSPITAL",SRA1772980,,public,8E10F8D841A203FA46E329CAB84C5954,64953F86817E8833E895EAE4067F5C0C
SRR27300170,2024-10-11 21:38:48,2023-12-20 13:36:35,5176404,467797231,5176404,90,187,,https://sra-downloadb.be-md.ncbi.nlm.nih.gov/sos13/sra-pub-zq-1307/SRR027/27300/SRR27300170/SRR27300170.lite.1,SRX22977773,GSM7985260,RNA-Seq,cDNA,TRANSCRIPTOMIC,PAIRED,0,0,ILLUMINA,Illumina NovaSeq 6000,SRP479194,PRJNA1055047,3,1055047,SRS19943399,SAMN38978201,simple,208963,Pseudomonas aeruginosa UCBPP-PA14,GSM7985260,,,,,,,no,,,,,"HUNG LAB, MOLECULAR BIOLOGY, MASSACHUSETTS GENERAL HOSPITAL",SRA1772980,,public,EB60A812DBB90DCE65E378850F4AB55B,3BA3E5EC7C5266CD45B2797C70616B71
SRR27300171,2024-10-11 21:38:48,2023-12-20 13:36:37,5742900,518840611,5742900,90,207,,https://sra-downloadb.be-md.ncbi.nlm.nih.gov/sos13/sra-pub-zq-1307/SRR027/27300/SRR27300171/SRR27300171.lite.1,SRX22977773,GSM7985260,RNA-Seq,cDNA,TRANSCRIPTOMIC,PAIRED,0,0,ILLUMINA,Illumina NovaSeq 6000,SRP479194,PRJNA1055047,3,1055047,SRS19943399,SAMN38978201,simple,208963,Pseudomonas aeruginosa UCBPP-PA14,GSM7985260,,,,,,,no,,,,,"HUNG LAB, MOLECULAR BIOLOGY, MASSACHUSETTS GENERAL HOSPITAL",SRA1772980,,public,B53BDA0D4D6BD9E987AA5451762F6382,3A0F9620C03883211105E8E5986C560D
SRR27300169,2024-10-11 21:38:48,2023-12-20 13:37:14,8476791,766355516,8476791,90,306,,https://sra-downloadb.be-md.ncbi.nlm.nih.gov/sos13/sra-pub-zq-1307/SRR027/27300/SRR27300169/SRR27300169.lite.1,SRX22977774,GSM7985261,RNA-Seq,cDNA,TRANSCRIPTOMIC,PAIRED,0,0,ILLUMINA,Illumina NovaSeq 6000,SRP479194,PRJNA1055047,3,1055047,SRS19943402,SAMN38978200,simple,208963,Pseudomonas aeruginosa UCBPP-PA14,GSM7985261,,,,,,,no,,,,,"HUNG LAB, MOLECULAR BIOLOGY, MASSACHUSETTS GENERAL HOSPITAL",SRA1772980,,public,037182A4F0185285A4B4C59FB2250B92,440B92015E42803BFA50EA3FEE096592
SRR27300167,2024-10-11 21:38:48,2023-12-20 13:37:00,5352820,483009804,5352820,90,192,,https://sra-downloadb.be-md.ncbi.nlm.nih.gov/sos13/sra-pub-zq-1307/SRR027/27300/SRR27300167/SRR27300167.lite.1,SRX22977775,GSM7985262,RNA-Seq,cDNA,TRANSCRIPTOMIC,PAIRED,0,0,ILLUMINA,Illumina NovaSeq 6000,SRP479194,PRJNA1055047,3,1055047,SRS19943403,SAMN38978199,simple,208963,Pseudomonas aeruginosa UCBPP-PA14,GSM7985262,,,,,,,no,,,,,"HUNG LAB, MOLECULAR BIOLOGY, MASSACHUSETTS GENERAL HOSPITAL",SRA1772980,,public,7AA742F503F929F906737E34B2002E3E,66EBC7C13DCA975E3B175B108C202206
SRR27300168,2024-10-11 21:38:48,2023-12-20 13:35:28,5653902,510459199,5653902,90,203,,https://sra-downloadb.be-md.ncbi.nlm.nih.gov/sos13/sra-pub-zq-1307/SRR027/27300/SRR27300168/SRR27300168.lite.1,SRX22977775,GSM7985262,RNA-Seq,cDNA,TRANSCRIPTOMIC,PAIRED,0,0,ILLUMINA,Illumina NovaSeq 6000,SRP479194,PRJNA1055047,3,1055047,SRS19943403,SAMN38978199,simple,208963,Pseudomonas aeruginosa UCBPP-PA14,GSM7985262,,,,,,,no,,,,,"HUNG LAB, MOLECULAR BIOLOGY, MASSACHUSETTS GENERAL HOSPITAL",SRA1772980,,public,AC11F5E9F6885743F645A8E78C18E1D9,0BE2070149DF8EC052143EC0B2601C55
SRR27300166,2024-10-11 21:38:48,2023-12-20 13:36:45,5193723,469015296,5193723,90,187,,https://sra-downloadb.be-md.ncbi.nlm.nih.gov/sos13/sra-pub-zq-1307/SRR027/27300/SRR27300166/SRR27300166.lite.1,SRX22977776,GSM7985263,RNA-Seq,cDNA,TRANSCRIPTOMIC,PAIRED,0,0,ILLUMINA,Illumina NovaSeq 6000,SRP479194,PRJNA1055047,3,1055047,SRS19943406,SAMN38978198,simple,208963,Pseudomonas aeruginosa UCBPP-PA14,GSM7985263,,,,,,,no,,,,,"HUNG LAB, MOLECULAR BIOLOGY, MASSACHUSETTS GENERAL HOSPITAL",SRA1772980,,public,CBCB950040CCBDB6DF776A1607654B13,47E2D2C54E1F618C18958A5327A9FFE8
SRR27300228,2024-10-11 21:38:48,2023-12-20 13:36:16,3754536,338788618,3754536,90,134,,https://sra-downloadb.be-md.ncbi.nlm.nih.gov/sos13/sra-pub-zq-1307/SRR027/27300/SRR27300228/SRR27300228.lite.1,SRX22977776,GSM7985263,RNA-Seq,cDNA,TRANSCRIPTOMIC,PAIRED,0,0,ILLUMINA,Illumina NovaSeq 6000,SRP479194,PRJNA1055047,3,1055047,SRS19943406,SAMN38978198,simple,208963,Pseudomonas aeruginosa UCBPP-PA14,GSM7985263,,,,,,,no,,,,,"HUNG LAB, MOLECULAR BIOLOGY, MASSACHUSETTS GENERAL HOSPITAL",SRA1772980,,public,240710CCFE6E00E7BF21A3E3CE5E0F63,4A60277A3954B9E0E3890C342A4670AF
SRR27300164,2024-10-11 21:38:48,2023-12-20 13:37:50,12679670,1142818059,12679670,90,466,,https://sra-downloadb.be-md.ncbi.nlm.nih.gov/sos13/sra-pub-zq-1307/SRR027/27300/SRR27300164/SRR27300164.lite.1,SRX22977777,GSM7985264,RNA-Seq,cDNA,TRANSCRIPTOMIC,PAIRED,0,0,ILLUMINA,Illumina NovaSeq 6000,SRP479194,PRJNA1055047,3,1055047,SRS19943404,SAMN38978197,simple,208963,Pseudomonas aeruginosa UCBPP-PA14,GSM7985264,,,,,,,no,,,,,"HUNG LAB, MOLECULAR BIOLOGY, MASSACHUSETTS GENERAL HOSPITAL",SRA1772980,,public,10AF69CC3689AF3D131BF9C1F0D54063,1D7DB28C068278CEC9A6B7656AEF4083
SRR27300165,2024-10-11 21:38:48,2023-12-20 13:37:19,9288330,836541272,9288330,90,341,,https://sra-downloadb.be-md.ncbi.nlm.nih.gov/sos13/sra-pub-zq-1307/SRR027/27300/SRR27300165/SRR27300165.lite.1,SRX22977777,GSM7985264,RNA-Seq,cDNA,TRANSCRIPTOMIC,PAIRED,0,0,ILLUMINA,Illumina NovaSeq 6000,SRP479194,PRJNA1055047,3,1055047,SRS19943404,SAMN38978197,simple,208963,Pseudomonas aeruginosa UCBPP-PA14,GSM7985264,,,,,,,no,,,,,"HUNG LAB, MOLECULAR BIOLOGY, MASSACHUSETTS GENERAL HOSPITAL",SRA1772980,,public,0864050EBDC5FDEB44C10250A28E167E,E9E2485C628793D25CA71A2CB2FEF0E0
SRR27300163,2024-10-11 21:38:49,2023-12-20 13:37:28,11568091,1042434111,11568091,90,418,,https://sra-downloadb.be-md.ncbi.nlm.nih.gov/sos13/sra-pub-zq-1307/SRR027/27300/SRR27300163/SRR27300163.lite.1,SRX22977778,GSM7985265,RNA-Seq,cDNA,TRANSCRIPTOMIC,PAIRED,0,0,ILLUMINA,Illumina NovaSeq 6000,SRP479194,PRJNA1055047,3,1055047,SRS19943407,SAMN38978196,simple,208963,Pseudomonas aeruginosa UCBPP-PA14,GSM7985265,,,,,,,no,,,,,"HUNG LAB, MOLECULAR BIOLOGY, MASSACHUSETTS GENERAL HOSPITAL",SRA1772980,,public,7A8BAF12D2D241F6BC04546ACF13EE82,3ED95AAB560EBF29C28D8CEA16112B90
SRR27300195,2024-10-11 21:38:49,2023-12-20 13:36:59,11175384,1006951498,11175384,90,404,,https://sra-downloadb.be-md.ncbi.nlm.nih.gov/sos13/sra-pub-zq-1307/SRR027/27300/SRR27300195/SRR27300195.lite.1,SRX22977778,GSM7985265,RNA-Seq,cDNA,TRANSCRIPTOMIC,PAIRED,0,0,ILLUMINA,Illumina NovaSeq 6000,SRP479194,PRJNA1055047,3,1055047,SRS19943407,SAMN38978196,simple,208963,Pseudomonas aeruginosa UCBPP-PA14,GSM7985265,,,,,,,no,,,,,"HUNG LAB, MOLECULAR BIOLOGY, MASSACHUSETTS GENERAL HOSPITAL",SRA1772980,,public,F0256FBE97F38F652FF1BE14ED6BE163,70835B0BCC446375477104CF2D5F14FC
SRR27300161,2024-10-11 21:38:49,2023-12-20 13:35:44,7874269,709406666,7874269,90,284,,https://sra-downloadb.be-md.ncbi.nlm.nih.gov/sos13/sra-pub-zq-1307/SRR027/27300/SRR27300161/SRR27300161.lite.1,SRX22977779,GSM7985266,RNA-Seq,cDNA,TRANSCRIPTOMIC,PAIRED,0,0,ILLUMINA,Illumina NovaSeq 6000,SRP479194,PRJNA1055047,3,1055047,SRS19943405,SAMN38978195,simple,208963,Pseudomonas aeruginosa UCBPP-PA14,GSM7985266,,,,,,,no,,,,,"HUNG LAB, MOLECULAR BIOLOGY, MASSACHUSETTS GENERAL HOSPITAL",SRA1772980,,public,98BE27DA8928B35CB2718BCBA24CEE1D,9EE919687F038F5614C4FC8F9E316409
SRR27300162,2024-10-11 21:38:49,2023-12-20 13:36:44,7868956,708812475,7868956,90,284,,https://sra-downloadb.be-md.ncbi.nlm.nih.gov/sos13/sra-pub-zq-1307/SRR027/27300/SRR27300162/SRR27300162.lite.1,SRX22977779,GSM7985266,RNA-Seq,cDNA,TRANSCRIPTOMIC,PAIRED,0,0,ILLUMINA,Illumina NovaSeq 6000,SRP479194,PRJNA1055047,3,1055047,SRS19943405,SAMN38978195,simple,208963,Pseudomonas aeruginosa UCBPP-PA14,GSM7985266,,,,,,,no,,,,,"HUNG LAB, MOLECULAR BIOLOGY, MASSACHUSETTS GENERAL HOSPITAL",SRA1772980,,public,3D3D1DAAA358B6C45297D794A90D6D02,C6DAF318A9B7F592AD3B43687AE08BCB
SRR27300160,2024-10-11 21:38:49,2023-12-20 13:35:43,1684208,150943054,1684208,89,59,,https://sra-downloadb.be-md.ncbi.nlm.nih.gov/sos13/sra-pub-zq-1307/SRR027/27300/SRR27300160/SRR27300160.lite.1,SRX22977780,GSM7985267,RNA-Seq,cDNA,TRANSCRIPTOMIC,PAIRED,0,0,ILLUMINA,Illumina NovaSeq 6000,SRP479194,PRJNA1055047,3,1055047,SRS19943408,SAMN38978194,simple,208963,Pseudomonas aeruginosa UCBPP-PA14,GSM7985267,,,,,,,no,,,,,"HUNG LAB, MOLECULAR BIOLOGY, MASSACHUSETTS GENERAL HOSPITAL",SRA1772980,,public,724C3D6FE02C8F2F2B0A0F19A0CE5447,F9942F889B6AB3CCA9E5E1F3656ADB84
SRR27300159,2024-10-11 21:38:49,2023-12-20 13:36:09,2431305,220047684,2431305,90,85,,https://sra-downloadb.be-md.ncbi.nlm.nih.gov/sos13/sra-pub-zq-1307/SRR027/27300/SRR27300159/SRR27300159.lite.1,SRX22977781,GSM7985268,RNA-Seq,cDNA,TRANSCRIPTOMIC,PAIRED,0,0,ILLUMINA,Illumina NovaSeq 6000,SRP479194,PRJNA1055047,3,1055047,SRS19943409,SAMN38978193,simple,208963,Pseudomonas aeruginosa UCBPP-PA14,GSM7985268,,,,,,,no,,,,,"HUNG LAB, MOLECULAR BIOLOGY, MASSACHUSETTS GENERAL HOSPITAL",SRA1772980,,public,0B3E95D0F32FC5AA33CF6F781FD5421B,13B462966FC4CF8E94B81975B5DEE2F7
SRR27300157,2024-10-11 21:38:49,2023-12-20 13:36:14,3741873,338498900,3741873,90,132,,https://sra-downloadb.be-md.ncbi.nlm.nih.gov/sos13/sra-pub-zq-1307/SRR027/27300/SRR27300157/SRR27300157.lite.1,SRX22977782,GSM7985269,RNA-Seq,cDNA,TRANSCRIPTOMIC,PAIRED,0,0,ILLUMINA,Illumina NovaSeq 6000,SRP479194,PRJNA1055047,3,1055047,SRS19943410,SAMN38978192,simple,208963,Pseudomonas aeruginosa UCBPP-PA14,GSM7985269,,,,,,,no,,,,,"HUNG LAB, MOLECULAR BIOLOGY, MASSACHUSETTS GENERAL HOSPITAL",SRA1772980,,public,C156CE275FAE2C12C76F13DB84F0C7C7,9769784CA14BCADD4CB583ADC22E0907
SRR27300156,2024-10-11 21:38:49,2023-12-20 13:35:45,1612137,145276407,1612137,90,56,,https://sra-downloadb.be-md.ncbi.nlm.nih.gov/sos13/sra-pub-zq-1307/SRR027/27300/SRR27300156/SRR27300156.lite.1,SRX22977783,GSM7985270,RNA-Seq,cDNA,TRANSCRIPTOMIC,PAIRED,0,0,ILLUMINA,Illumina NovaSeq 6000,SRP479194,PRJNA1055047,3,1055047,SRS19943411,SAMN38978191,simple,208963,Pseudomonas aeruginosa UCBPP-PA14,GSM7985270,,,,,,,no,,,,,"HUNG LAB, MOLECULAR BIOLOGY, MASSACHUSETTS GENERAL HOSPITAL",SRA1772980,,public,88AF7FFDAAF25B52EFE3346F898D9B20,5A1905A9E269B69D3A4B41651845930B
SRR27300155,2024-10-11 21:38:50,2023-12-20 13:35:09,2084393,187640364,2084393,90,73,,https://sra-downloadb.be-md.ncbi.nlm.nih.gov/sos13/sra-pub-zq-1307/SRR027/27300/SRR27300155/SRR27300155.lite.1,SRX22977784,GSM7985271,RNA-Seq,cDNA,TRANSCRIPTOMIC,PAIRED,0,0,ILLUMINA,Illumina NovaSeq 6000,SRP479194,PRJNA1055047,3,1055047,SRS19943412,SAMN38978190,simple,208963,Pseudomonas aeruginosa UCBPP-PA14,GSM7985271,,,,,,,no,,,,,"HUNG LAB, MOLECULAR BIOLOGY, MASSACHUSETTS GENERAL HOSPITAL",SRA1772980,,public,4B35969D8C1B99E3564661F8E9DF188D,4BD3170685D993881D4597CD72873616
SRR27300154,2024-10-11 21:38:54,2023-12-20 13:35:26,555072,49982771,555072,90,19,,https://sra-downloadb.be-md.ncbi.nlm.nih.gov/sos13/sra-pub-zq-1307/SRR027/27300/SRR27300154/SRR27300154.lite.1,SRX22977785,GSM7985304,RNA-Seq,cDNA,TRANSCRIPTOMIC,PAIRED,0,0,ILLUMINA,Illumina NovaSeq 6000,SRP479194,PRJNA1055047,3,1055047,SRS19943415,SAMN38978157,simple,208963,Pseudomonas aeruginosa UCBPP-PA14,GSM7985304,,,,,,,no,,,,,"HUNG LAB, MOLECULAR BIOLOGY, MASSACHUSETTS GENERAL HOSPITAL",SRA1772980,,public,8AE62476CF3459986A4F842C60C06302,3415F9937DAF4AD2D9C42A47BF1C0673
SRR27300153,2024-10-11 21:38:54,2023-12-20 13:35:50,1080705,97443956,1080705,90,38,,https://sra-downloadb.be-md.ncbi.nlm.nih.gov/sos13/sra-pub-zq-1307/SRR027/27300/SRR27300153/SRR27300153.lite.1,SRX22977786,GSM7985305,RNA-Seq,cDNA,TRANSCRIPTOMIC,PAIRED,0,0,ILLUMINA,Illumina NovaSeq 6000,SRP479194,PRJNA1055047,3,1055047,SRS19943416,SAMN38978156,simple,208963,Pseudomonas aeruginosa UCBPP-PA14,GSM7985305,,,,,,,no,,,,,"HUNG LAB, MOLECULAR BIOLOGY, MASSACHUSETTS GENERAL HOSPITAL",SRA1772980,,public,22D7A0414118AEB7AACFB9426E1AF03C,C795D699BF74734A2A7C5737E96EC423
SRR27300152,2024-10-11 21:38:54,2023-12-20 13:35:16,2148029,194161467,2148029,90,75,,https://sra-downloadb.be-md.ncbi.nlm.nih.gov/sos13/sra-pub-zq-1307/SRR027/27300/SRR27300152/SRR27300152.lite.1,SRX22977787,GSM7985306,RNA-Seq,cDNA,TRANSCRIPTOMIC,PAIRED,0,0,ILLUMINA,Illumina NovaSeq 6000,SRP479194,PRJNA1055047,3,1055047,SRS19943414,SAMN38978155,simple,208963,Pseudomonas aeruginosa UCBPP-PA14,GSM7985306,,,,,,,no,,,,,"HUNG LAB, MOLECULAR BIOLOGY, MASSACHUSETTS GENERAL HOSPITAL",SRA1772980,,public,1A018D67CFF02C8B5784D6A1942237D3,D0EC305B8AC72999E06375C73A24F1A3
SRR27300151,2024-10-11 21:38:54,2023-12-20 13:35:30,987888,89259932,987888,90,34,,https://sra-downloadb.be-md.ncbi.nlm.nih.gov/sos13/sra-pub-zq-1307/SRR027/27300/SRR27300151/SRR27300151.lite.1,SRX22977788,GSM7985307,RNA-Seq,cDNA,TRANSCRIPTOMIC,PAIRED,0,0,ILLUMINA,Illumina NovaSeq 6000,SRP479194,PRJNA1055047,3,1055047,SRS19943413,SAMN38978154,simple,208963,Pseudomonas aeruginosa UCBPP-PA14,GSM7985307,,,,,,,no,,,,,"HUNG LAB, MOLECULAR BIOLOGY, MASSACHUSETTS GENERAL HOSPITAL",SRA1772980,,public,339912AA9CF3C777273555236E61FC55,3E1C52A45DC387129F6097CF3B062DB7
SRR27300150,2024-10-11 21:38:54,2023-12-20 13:35:50,2232194,200201744,2232194,89,79,,https://sra-downloadb.be-md.ncbi.nlm.nih.gov/sos13/sra-pub-zq-1307/SRR027/27300/SRR27300150/SRR27300150.lite.1,SRX22977789,GSM7985308,RNA-Seq,cDNA,TRANSCRIPTOMIC,PAIRED,0,0,ILLUMINA,Illumina NovaSeq 6000,SRP479194,PRJNA1055047,3,1055047,SRS19943417,SAMN38978153,simple,208963,Pseudomonas aeruginosa UCBPP-PA14,GSM7985308,,,,,,,no,,,,,"HUNG LAB, MOLECULAR BIOLOGY, MASSACHUSETTS GENERAL HOSPITAL",SRA1772980,,public,751869719DA59A1EBB711E4C991ACE62,524AF4235A49590BD549E69B98F3F7B3
SRR27300149,2024-10-11 21:38:55,2023-12-20 13:36:42,6497403,585705162,6497403,90,228,,https://sra-downloadb.be-md.ncbi.nlm.nih.gov/sos13/sra-pub-zq-1307/SRR027/27300/SRR27300149/SRR27300149.lite.1,SRX22977790,GSM7985309,RNA-Seq,cDNA,TRANSCRIPTOMIC,PAIRED,0,0,ILLUMINA,Illumina NovaSeq 6000,SRP479194,PRJNA1055047,3,1055047,SRS19943418,SAMN38978152,simple,208963,Pseudomonas aeruginosa UCBPP-PA14,GSM7985309,,,,,,,no,,,,,"HUNG LAB, MOLECULAR BIOLOGY, MASSACHUSETTS GENERAL HOSPITAL",SRA1772980,,public,B8847B975327A6B385137C1B0C3929DD,C6900EC0A7C2F2156B1368FCE60B5D10
SRR27300148,2024-10-11 21:38:55,2023-12-20 13:36:03,4918464,444196076,4918464,90,171,,https://sra-downloadb.be-md.ncbi.nlm.nih.gov/sos13/sra-pub-zq-1307/SRR027/27300/SRR27300148/SRR27300148.lite.1,SRX22977791,GSM7985310,RNA-Seq,cDNA,TRANSCRIPTOMIC,PAIRED,0,0,ILLUMINA,Illumina NovaSeq 6000,SRP479194,PRJNA1055047,3,1055047,SRS19943419,SAMN38978151,simple,208963,Pseudomonas aeruginosa UCBPP-PA14,GSM7985310,,,,,,,no,,,,,"HUNG LAB, MOLECULAR BIOLOGY, MASSACHUSETTS GENERAL HOSPITAL",SRA1772980,,public,905BC0F693B2C5559C26EBDC7684FC75,643CDF819277DF132A29E0A195A34B8B
SRR27300147,2024-10-11 21:38:55,2023-12-20 13:36:33,5028067,453908375,5028067,90,175,,https://sra-downloadb.be-md.ncbi.nlm.nih.gov/sos13/sra-pub-zq-1307/SRR027/27300/SRR27300147/SRR27300147.lite.1,SRX22977792,GSM7985311,RNA-Seq,cDNA,TRANSCRIPTOMIC,PAIRED,0,0,ILLUMINA,Illumina NovaSeq 6000,SRP479194,PRJNA1055047,3,1055047,SRS19943420,SAMN38978150,simple,208963,Pseudomonas aeruginosa UCBPP-PA14,GSM7985311,,,,,,,no,,,,,"HUNG LAB, MOLECULAR BIOLOGY, MASSACHUSETTS GENERAL HOSPITAL",SRA1772980,,public,C15A4D5D8EE301C90B766765BF292C8B,D07ACD44AB6CDD3B079520F82C0DCE9C
SRR27300146,2024-10-11 21:38:55,2023-12-20 13:37:06,6591932,594750515,6591932,90,232,,https://sra-downloadb.be-md.ncbi.nlm.nih.gov/sos13/sra-pub-zq-1307/SRR027/27300/SRR27300146/SRR27300146.lite.1,SRX22977793,GSM7985312,RNA-Seq,cDNA,TRANSCRIPTOMIC,PAIRED,0,0,ILLUMINA,Illumina NovaSeq 6000,SRP479194,PRJNA1055047,3,1055047,SRS19943421,SAMN38978149,simple,208963,Pseudomonas aeruginosa UCBPP-PA14,GSM7985312,,,,,,,no,,,,,"HUNG LAB, MOLECULAR BIOLOGY, MASSACHUSETTS GENERAL HOSPITAL",SRA1772980,,public,DF870648E976AB5ED509F1B507B986EE,0E20FA7B8C5F5D86687CC0DEA1724B23
SRR27300145,2024-10-11 21:38:55,2023-12-20 13:36:33,5306207,478684719,5306207,90,188,,https://sra-downloadb.be-md.ncbi.nlm.nih.gov/sos13/sra-pub-zq-1307/SRR027/27300/SRR27300145/SRR27300145.lite.1,SRX22977794,GSM7985313,RNA-Seq,cDNA,TRANSCRIPTOMIC,PAIRED,0,0,ILLUMINA,Illumina NovaSeq 6000,SRP479194,PRJNA1055047,3,1055047,SRS19943424,SAMN38978148,simple,208963,Pseudomonas aeruginosa UCBPP-PA14,GSM7985313,,,,,,,no,,,,,"HUNG LAB, MOLECULAR BIOLOGY, MASSACHUSETTS GENERAL HOSPITAL",SRA1772980,,public,BA7E968762905088F7044A009E7EC7BD,3A7EF5A47F085A7C757FCE41AAFB461B
SRR27300144,2024-10-11 21:38:55,2023-12-20 13:37:27,7585698,683809919,7585698,90,269,,https://sra-downloadb.be-md.ncbi.nlm.nih.gov/sos13/sra-pub-zq-1307/SRR027/27300/SRR27300144/SRR27300144.lite.1,SRX22977795,GSM7985314,RNA-Seq,cDNA,TRANSCRIPTOMIC,PAIRED,0,0,ILLUMINA,Illumina NovaSeq 6000,SRP479194,PRJNA1055047,3,1055047,SRS19943425,SAMN38978147,simple,208963,Pseudomonas aeruginosa UCBPP-PA14,GSM7985314,,,,,,,no,,,,,"HUNG LAB, MOLECULAR BIOLOGY, MASSACHUSETTS GENERAL HOSPITAL",SRA1772980,,public,6A828580B76C5E7275B03D137434CE07,2F6160D11760DD6B2A59FE13F2F6F640
SRR27300143,2024-10-11 21:38:55,2023-12-20 13:35:17,3820081,344316798,3820081,90,135,,https://sra-downloadb.be-md.ncbi.nlm.nih.gov/sos13/sra-pub-zq-1307/SRR027/27300/SRR27300143/SRR27300143.lite.1,SRX22977796,GSM7985315,RNA-Seq,cDNA,TRANSCRIPTOMIC,PAIRED,0,0,ILLUMINA,Illumina NovaSeq 6000,SRP479194,PRJNA1055047,3,1055047,SRS19943422,SAMN38978146,simple,208963,Pseudomonas aeruginosa UCBPP-PA14,GSM7985315,,,,,,,no,,,,,"HUNG LAB, MOLECULAR BIOLOGY, MASSACHUSETTS GENERAL HOSPITAL",SRA1772980,,public,A4844B1926163ECC240A38D3AB4C596B,B0CE446D9CD312B9235744F5AC6AC914
SRR27300142,2024-10-11 21:38:55,2023-12-20 13:36:16,4066497,366530427,4066497,90,142,,https://sra-downloadb.be-md.ncbi.nlm.nih.gov/sos13/sra-pub-zq-1307/SRR027/27300/SRR27300142/SRR27300142.lite.1,SRX22977797,GSM7985316,RNA-Seq,cDNA,TRANSCRIPTOMIC,PAIRED,0,0,ILLUMINA,Illumina NovaSeq 6000,SRP479194,PRJNA1055047,3,1055047,SRS19943423,SAMN38978145,simple,208963,Pseudomonas aeruginosa UCBPP-PA14,GSM7985316,,,,,,,no,,,,,"HUNG LAB, MOLECULAR BIOLOGY, MASSACHUSETTS GENERAL HOSPITAL",SRA1772980,,public,F3FDE8EA9763FF93BFBAF3847956669D,ED199D3F29A0AA179869F2998A2FFF49
SRR27300141,2024-10-11 21:38:56,2023-12-20 13:35:49,2012747,181168816,2012747,90,70,,https://sra-downloadb.be-md.ncbi.nlm.nih.gov/sos13/sra-pub-zq-1307/SRR027/27300/SRR27300141/SRR27300141.lite.1,SRX22977798,GSM7985317,RNA-Seq,cDNA,TRANSCRIPTOMIC,PAIRED,0,0,ILLUMINA,Illumina NovaSeq 6000,SRP479194,PRJNA1055047,3,1055047,SRS19943426,SAMN38978144,simple,208963,Pseudomonas aeruginosa UCBPP-PA14,GSM7985317,,,,,,,no,,,,,"HUNG LAB, MOLECULAR BIOLOGY, MASSACHUSETTS GENERAL HOSPITAL",SRA1772980,,public,BC1EF69A9EC330F5836ECFD04F4A1312,5AAC5CE453B106D3D7C3FA0ECC18E39B
SRR27300140,2024-10-11 21:38:56,2023-12-20 13:35:59,4105273,370618216,4105273,90,143,,https://sra-downloadb.be-md.ncbi.nlm.nih.gov/sos13/sra-pub-zq-1307/SRR027/27300/SRR27300140/SRR27300140.lite.1,SRX22977799,GSM7985318,RNA-Seq,cDNA,TRANSCRIPTOMIC,PAIRED,0,0,ILLUMINA,Illumina NovaSeq 6000,SRP479194,PRJNA1055047,3,1055047,SRS19943427,SAMN38978143,simple,208963,Pseudomonas aeruginosa UCBPP-PA14,GSM7985318,,,,,,,no,,,,,"HUNG LAB, MOLECULAR BIOLOGY, MASSACHUSETTS GENERAL HOSPITAL",SRA1772980,,public,37BED004E18543C77E746483EDA035CC,AB009DC413F0386CF84031989BAA3853
SRR27300139,2024-10-11 21:38:56,2023-12-20 13:35:58,2610738,235511091,2610738,90,90,,https://sra-downloadb.be-md.ncbi.nlm.nih.gov/sos13/sra-pub-zq-1307/SRR027/27300/SRR27300139/SRR27300139.lite.1,SRX22977800,GSM7985319,RNA-Seq,cDNA,TRANSCRIPTOMIC,PAIRED,0,0,ILLUMINA,Illumina NovaSeq 6000,SRP479194,PRJNA1055047,3,1055047,SRS19943429,SAMN38978142,simple,208963,Pseudomonas aeruginosa UCBPP-PA14,GSM7985319,,,,,,,no,,,,,"HUNG LAB, MOLECULAR BIOLOGY, MASSACHUSETTS GENERAL HOSPITAL",SRA1772980,,public,3CFAA10030F5F0B4A2AC9A0EC1ACE781,57E13E97F3E7826515289E244DFC0479
SRR27300138,2024-10-11 21:39:04,2023-12-20 13:35:09,2576724,232015641,2576724,90,90,,https://sra-downloadb.be-md.ncbi.nlm.nih.gov/sos13/sra-pub-zq-1307/SRR027/27300/SRR27300138/SRR27300138.lite.1,SRX22977801,GSM7985384,RNA-Seq,cDNA,TRANSCRIPTOMIC,PAIRED,0,0,ILLUMINA,Illumina NovaSeq 6000,SRP479194,PRJNA1055047,3,1055047,SRS19943428,SAMN38978077,simple,208963,Pseudomonas aeruginosa UCBPP-PA14,GSM7985384,,,,,,,no,,,,,"HUNG LAB, MOLECULAR BIOLOGY, MASSACHUSETTS GENERAL HOSPITAL",SRA1772980,,public,3610995FB92B2A63A7A4A7E35AF5702A,23212717F8C36405E8BFF164E1DDB8F8
SRR27300137,2024-10-11 21:39:05,2023-12-20 13:35:59,2794747,251723612,2794747,90,98,,https://sra-downloadb.be-md.ncbi.nlm.nih.gov/sos13/sra-pub-zq-1307/SRR027/27300/SRR27300137/SRR27300137.lite.1,SRX22977802,GSM7985385,RNA-Seq,cDNA,TRANSCRIPTOMIC,PAIRED,0,0,ILLUMINA,Illumina NovaSeq 6000,SRP479194,PRJNA1055047,3,1055047,SRS19943430,SAMN38978076,simple,208963,Pseudomonas aeruginosa UCBPP-PA14,GSM7985385,,,,,,,no,,,,,"HUNG LAB, MOLECULAR BIOLOGY, MASSACHUSETTS GENERAL HOSPITAL",SRA1772980,,public,DC531855655DBB686CAC6152BDC8C96D,F0C33F7C4395456AC18ED8A61AA2CC61
SRR27300136,2024-10-11 21:39:05,2023-12-20 13:36:14,3177043,286153226,3177043,90,111,,https://sra-downloadb.be-md.ncbi.nlm.nih.gov/sos13/sra-pub-zq-1307/SRR027/27300/SRR27300136/SRR27300136.lite.1,SRX22977803,GSM7985386,RNA-Seq,cDNA,TRANSCRIPTOMIC,PAIRED,0,0,ILLUMINA,Illumina NovaSeq 6000,SRP479194,PRJNA1055047,3,1055047,SRS19943432,SAMN38978075,simple,208963,Pseudomonas aeruginosa UCBPP-PA14,GSM7985386,,,,,,,no,,,,,"HUNG LAB, MOLECULAR BIOLOGY, MASSACHUSETTS GENERAL HOSPITAL",SRA1772980,,public,AF23D699EAB6C3FD23783FE137B317A4,04D6FA87C3E8872CE944DDBD1CA0F96D
SRR27300135,2024-10-11 21:39:05,2023-12-20 13:35:06,2171416,196036742,2171416,90,76,,https://sra-downloadb.be-md.ncbi.nlm.nih.gov/sos13/sra-pub-zq-1307/SRR027/27300/SRR27300135/SRR27300135.lite.1,SRX22977804,GSM7985387,RNA-Seq,cDNA,TRANSCRIPTOMIC,PAIRED,0,0,ILLUMINA,Illumina NovaSeq 6000,SRP479194,PRJNA1055047,3,1055047,SRS19943431,SAMN38978074,simple,208963,Pseudomonas aeruginosa UCBPP-PA14,GSM7985387,,,,,,,no,,,,,"HUNG LAB, MOLECULAR BIOLOGY, MASSACHUSETTS GENERAL HOSPITAL",SRA1772980,,public,1B3342247AAF0CAE2660A4D488C3A00D,FD12F50E8921EE8198D5DCB367FABBDD
SRR27300134,2024-10-11 21:39:05,2023-12-20 13:35:05,2314269,208323498,2314269,90,81,,https://sra-downloadb.be-md.ncbi.nlm.nih.gov/sos13/sra-pub-zq-1307/SRR027/27300/SRR27300134/SRR27300134.lite.1,SRX22977805,GSM7985388,RNA-Seq,cDNA,TRANSCRIPTOMIC,PAIRED,0,0,ILLUMINA,Illumina NovaSeq 6000,SRP479194,PRJNA1055047,3,1055047,SRS19943436,SAMN38978073,simple,208963,Pseudomonas aeruginosa UCBPP-PA14,GSM7985388,,,,,,,no,,,,,"HUNG LAB, MOLECULAR BIOLOGY, MASSACHUSETTS GENERAL HOSPITAL",SRA1772980,,public,D04C78E6915F822E4A4EF9D0D77F950E,D322D129B32BC230EC5256886C126444
SRR27300133,2024-10-11 21:39:05,2023-12-20 13:35:24,3539248,318689046,3539248,90,124,,https://sra-downloadb.be-md.ncbi.nlm.nih.gov/sos13/sra-pub-zq-1307/SRR027/27300/SRR27300133/SRR27300133.lite.1,SRX22977806,GSM7985389,RNA-Seq,cDNA,TRANSCRIPTOMIC,PAIRED,0,0,ILLUMINA,Illumina NovaSeq 6000,SRP479194,PRJNA1055047,3,1055047,SRS19943434,SAMN38978072,simple,208963,Pseudomonas aeruginosa UCBPP-PA14,GSM7985389,,,,,,,no,,,,,"HUNG LAB, MOLECULAR BIOLOGY, MASSACHUSETTS GENERAL HOSPITAL",SRA1772980,,public,CC0070B5A547EDDB73255911AB0412F6,2544767A928EBFBEE7351C4DA9FB3737
SRR27300132,2024-10-11 21:39:05,2023-12-20 13:35:45,847176,76312535,847176,90,30,,https://sra-downloadb.be-md.ncbi.nlm.nih.gov/sos13/sra-pub-zq-1307/SRR027/27300/SRR27300132/SRR27300132.lite.1,SRX22977807,GSM7985390,RNA-Seq,cDNA,TRANSCRIPTOMIC,PAIRED,0,0,ILLUMINA,Illumina NovaSeq 6000,SRP479194,PRJNA1055047,3,1055047,SRS19943433,SAMN38978071,simple,208963,Pseudomonas aeruginosa UCBPP-PA14,GSM7985390,,,,,,,no,,,,,"HUNG LAB, MOLECULAR BIOLOGY, MASSACHUSETTS GENERAL HOSPITAL",SRA1772980,,public,A0DFC82585701A60490FDDC3A52EE2F3,6E5489479BEEBCF1751993AA404A96A6
SRR27300131,2024-10-11 21:39:05,2023-12-20 13:35:34,2155311,194564318,2155311,90,75,,https://sra-downloadb.be-md.ncbi.nlm.nih.gov/sos13/sra-pub-zq-1307/SRR027/27300/SRR27300131/SRR27300131.lite.1,SRX22977808,GSM7985391,RNA-Seq,cDNA,TRANSCRIPTOMIC,PAIRED,0,0,ILLUMINA,Illumina NovaSeq 6000,SRP479194,PRJNA1055047,3,1055047,SRS19943435,SAMN38978070,simple,208963,Pseudomonas aeruginosa UCBPP-PA14,GSM7985391,,,,,,,no,,,,,"HUNG LAB, MOLECULAR BIOLOGY, MASSACHUSETTS GENERAL HOSPITAL",SRA1772980,,public,505E0D6FCEB1D61DD14B4C077A353D10,0A6421DF3A3A1C0E950596114B7C0F53
SRR27300130,2024-10-11 21:39:05,2023-12-20 13:36:45,10015885,904619593,10015885,90,352,,https://sra-downloadb.be-md.ncbi.nlm.nih.gov/sos13/sra-pub-zq-1307/SRR027/27300/SRR27300130/SRR27300130.lite.1,SRX22977809,GSM7985392,RNA-Seq,cDNA,TRANSCRIPTOMIC,PAIRED,0,0,ILLUMINA,Illumina NovaSeq 6000,SRP479194,PRJNA1055047,3,1055047,SRS19943437,SAMN38978069,simple,208963,Pseudomonas aeruginosa UCBPP-PA14,GSM7985392,,,,,,,no,,,,,"HUNG LAB, MOLECULAR BIOLOGY, MASSACHUSETTS GENERAL HOSPITAL",SRA1772980,,public,AFBC44A40C3FC6E099C1D11BCAECD776,2B2985F2D6B42753B9CA4FA30FADA92C
SRR27300129,2024-10-11 21:39:06,2023-12-20 13:35:16,2383684,214684901,2383684,90,83,,https://sra-downloadb.be-md.ncbi.nlm.nih.gov/sos13/sra-pub-zq-1307/SRR027/27300/SRR27300129/SRR27300129.lite.1,SRX22977810,GSM7985393,RNA-Seq,cDNA,TRANSCRIPTOMIC,PAIRED,0,0,ILLUMINA,Illumina NovaSeq 6000,SRP479194,PRJNA1055047,3,1055047,SRS19943440,SAMN38978068,simple,208963,Pseudomonas aeruginosa UCBPP-PA14,GSM7985393,,,,,,,no,,,,,"HUNG LAB, MOLECULAR BIOLOGY, MASSACHUSETTS GENERAL HOSPITAL",SRA1772980,,public,AB723B830C77B987C061C06D37E0E64E,BD38544CDD634A5F33A739F7852077BF
SRR27300128,2024-10-11 21:39:06,2023-12-20 13:35:39,3291578,297143672,3291578,90,116,,https://sra-downloadb.be-md.ncbi.nlm.nih.gov/sos13/sra-pub-zq-1307/SRR027/27300/SRR27300128/SRR27300128.lite.1,SRX22977811,GSM7985394,RNA-Seq,cDNA,TRANSCRIPTOMIC,PAIRED,0,0,ILLUMINA,Illumina NovaSeq 6000,SRP479194,PRJNA1055047,3,1055047,SRS19943439,SAMN38978067,simple,208963,Pseudomonas aeruginosa UCBPP-PA14,GSM7985394,,,,,,,no,,,,,"HUNG LAB, MOLECULAR BIOLOGY, MASSACHUSETTS GENERAL HOSPITAL",SRA1772980,,public,9BAD13BC8774E317B6FC491E769E226A,3BB5EACB34E4A4CE8089E6EDB9F36E3E
SRR27300127,2024-10-11 21:39:06,2023-12-20 13:36:23,5580324,503841009,5580324,90,197,,https://sra-downloadb.be-md.ncbi.nlm.nih.gov/sos13/sra-pub-zq-1307/SRR027/27300/SRR27300127/SRR27300127.lite.1,SRX22977812,GSM7985395,RNA-Seq,cDNA,TRANSCRIPTOMIC,PAIRED,0,0,ILLUMINA,Illumina NovaSeq 6000,SRP479194,PRJNA1055047,3,1055047,SRS19943438,SAMN38978066,simple,208963,Pseudomonas aeruginosa UCBPP-PA14,GSM7985395,,,,,,,no,,,,,"HUNG LAB, MOLECULAR BIOLOGY, MASSACHUSETTS GENERAL HOSPITAL",SRA1772980,,public,0D8BF64C7BDD6761BE923BD8924BE560,030057908C0F404ECBB401422D0A4C7A
SRR27300126,2024-10-11 21:39:06,2023-12-20 13:35:10,2852346,256885108,2852346,90,100,,https://sra-downloadb.be-md.ncbi.nlm.nih.gov/sos13/sra-pub-zq-1307/SRR027/27300/SRR27300126/SRR27300126.lite.1,SRX22977813,GSM7985396,RNA-Seq,cDNA,TRANSCRIPTOMIC,PAIRED,0,0,ILLUMINA,Illumina NovaSeq 6000,SRP479194,PRJNA1055047,3,1055047,SRS19943442,SAMN38978065,simple,208963,Pseudomonas aeruginosa UCBPP-PA14,GSM7985396,,,,,,,no,,,,,"HUNG LAB, MOLECULAR BIOLOGY, MASSACHUSETTS GENERAL HOSPITAL",SRA1772980,,public,C23207D42C2D7391BC7BC66AC5A7893F,B4F02DF83F554A8F9B4381B31DACC440
SRR27300125,2024-10-11 21:39:06,2023-12-20 13:35:01,2285759,206312819,2285759,90,80,,https://sra-downloadb.be-md.ncbi.nlm.nih.gov/sos13/sra-pub-zq-1307/SRR027/27300/SRR27300125/SRR27300125.lite.1,SRX22977814,GSM7985397,RNA-Seq,cDNA,TRANSCRIPTOMIC,PAIRED,0,0,ILLUMINA,Illumina NovaSeq 6000,SRP479194,PRJNA1055047,3,1055047,SRS19943441,SAMN38978064,simple,208963,Pseudomonas aeruginosa UCBPP-PA14,GSM7985397,,,,,,,no,,,,,"HUNG LAB, MOLECULAR BIOLOGY, MASSACHUSETTS GENERAL HOSPITAL",SRA1772980,,public,E4F6E2CC3CF52A2AF8782F2C6D34499D,D120F65E29FB3941C346707430AFA2EE
SRR27300124,2024-10-11 21:39:06,2023-12-20 13:35:16,3830852,345753416,3830852,90,135,,https://sra-downloadb.be-md.ncbi.nlm.nih.gov/sos13/sra-pub-zq-1307/SRR027/27300/SRR27300124/SRR27300124.lite.1,SRX22977815,GSM7985398,RNA-Seq,cDNA,TRANSCRIPTOMIC,PAIRED,0,0,ILLUMINA,Illumina NovaSeq 6000,SRP479194,PRJNA1055047,3,1055047,SRS19943443,SAMN38978063,simple,208963,Pseudomonas aeruginosa UCBPP-PA14,GSM7985398,,,,,,,no,,,,,"HUNG LAB, MOLECULAR BIOLOGY, MASSACHUSETTS GENERAL HOSPITAL",SRA1772980,,public,9114D505CCF86E5EA5271B3766C50527,5D6D93FA5ED85AB75E49CC5C786A2ACF
SRR27300123,2024-10-11 21:39:06,2023-12-20 13:35:45,2638710,237989048,2638710,90,93,,https://sra-downloadb.be-md.ncbi.nlm.nih.gov/sos13/sra-pub-zq-1307/SRR027/27300/SRR27300123/SRR27300123.lite.1,SRX22977816,GSM7985399,RNA-Seq,cDNA,TRANSCRIPTOMIC,PAIRED,0,0,ILLUMINA,Illumina NovaSeq 6000,SRP479194,PRJNA1055047,3,1055047,SRS19943445,SAMN38978062,simple,208963,Pseudomonas aeruginosa UCBPP-PA14,GSM7985399,,,,,,,no,,,,,"HUNG LAB, MOLECULAR BIOLOGY, MASSACHUSETTS GENERAL HOSPITAL",SRA1772980,,public,484A71689EB5510C46C5957DB0D261C5,89A03D5C6A48FD3A66175F0110509956
SRR27300122,2024-10-11 21:39:10,2023-12-20 13:34:48,542915,48839313,542915,89,19,,https://sra-downloadb.be-md.ncbi.nlm.nih.gov/sos13/sra-pub-zq-1307/SRR027/27300/SRR27300122/SRR27300122.lite.1,SRX22977817,GSM7985432,RNA-Seq,cDNA,TRANSCRIPTOMIC,PAIRED,0,0,ILLUMINA,Illumina NovaSeq 6000,SRP479194,PRJNA1055047,3,1055047,SRS19943444,SAMN38978029,simple,208963,Pseudomonas aeruginosa UCBPP-PA14,GSM7985432,,,,,,,no,,,,,"HUNG LAB, MOLECULAR BIOLOGY, MASSACHUSETTS GENERAL HOSPITAL",SRA1772980,,public,A162292C975BF709A593667FBC917B0B,BA3B94B75E74581710D10C4CB3F7EA1E
SRR27300121,2024-10-11 21:39:10,2023-12-20 13:34:51,1033924,93196809,1033924,90,36,,https://sra-downloadb.be-md.ncbi.nlm.nih.gov/sos13/sra-pub-zq-1307/SRR027/27300/SRR27300121/SRR27300121.lite.1,SRX22977818,GSM7985433,RNA-Seq,cDNA,TRANSCRIPTOMIC,PAIRED,0,0,ILLUMINA,Illumina NovaSeq 6000,SRP479194,PRJNA1055047,3,1055047,SRS19943446,SAMN38978028,simple,208963,Pseudomonas aeruginosa UCBPP-PA14,GSM7985433,,,,,,,no,,,,,"HUNG LAB, MOLECULAR BIOLOGY, MASSACHUSETTS GENERAL HOSPITAL",SRA1772980,,public,E49331B57AA81E3A469F0119D5F31A2D,58E6F9DB153BABD828E6A73A14C9A506
SRR27300120,2024-10-11 21:39:10,2023-12-20 13:35:04,2742747,247674735,2742747,90,97,,https://sra-downloadb.be-md.ncbi.nlm.nih.gov/sos13/sra-pub-zq-1307/SRR027/27300/SRR27300120/SRR27300120.lite.1,SRX22977819,GSM7985434,RNA-Seq,cDNA,TRANSCRIPTOMIC,PAIRED,0,0,ILLUMINA,Illumina NovaSeq 6000,SRP479194,PRJNA1055047,3,1055047,SRS19943448,SAMN38978027,simple,208963,Pseudomonas aeruginosa UCBPP-PA14,GSM7985434,,,,,,,no,,,,,"HUNG LAB, MOLECULAR BIOLOGY, MASSACHUSETTS GENERAL HOSPITAL",SRA1772980,,public,057296E1FA40E80A958567344374B635,89617FA2685D13298D0BB88EBA6FAE2F
SRR27300119,2024-10-11 21:39:10,2023-12-20 13:36:07,2793904,252182714,2793904,90,98,,https://sra-downloadb.be-md.ncbi.nlm.nih.gov/sos13/sra-pub-zq-1307/SRR027/27300/SRR27300119/SRR27300119.lite.1,SRX22977820,GSM7985435,RNA-Seq,cDNA,TRANSCRIPTOMIC,PAIRED,0,0,ILLUMINA,Illumina NovaSeq 6000,SRP479194,PRJNA1055047,3,1055047,SRS19943447,SAMN38978026,simple,208963,Pseudomonas aeruginosa UCBPP-PA14,GSM7985435,,,,,,,no,,,,,"HUNG LAB, MOLECULAR BIOLOGY, MASSACHUSETTS GENERAL HOSPITAL",SRA1772980,,public,D10265F0823F697DFA0F584194031215,BC634A2D8005768C264FC42C2F679398
SRR27300118,2024-10-11 21:39:11,2023-12-20 13:35:47,1495071,134907294,1495071,90,52,,https://sra-downloadb.be-md.ncbi.nlm.nih.gov/sos13/sra-pub-zq-1307/SRR027/27300/SRR27300118/SRR27300118.lite.1,SRX22977821,GSM7985436,RNA-Seq,cDNA,TRANSCRIPTOMIC,PAIRED,0,0,ILLUMINA,Illumina NovaSeq 6000,SRP479194,PRJNA1055047,3,1055047,SRS19943451,SAMN38978025,simple,208963,Pseudomonas aeruginosa UCBPP-PA14,GSM7985436,,,,,,,no,,,,,"HUNG LAB, MOLECULAR BIOLOGY, MASSACHUSETTS GENERAL HOSPITAL",SRA1772980,,public,51E398AA43A94C5EE5503B14526A14F5,65C90D61BE292952BC228C9353672369
SRR27300116,2024-10-11 21:39:11,2023-12-20 13:35:08,3027057,272891011,3027057,90,106,,https://sra-downloadb.be-md.ncbi.nlm.nih.gov/sos13/sra-pub-zq-1307/SRR027/27300/SRR27300116/SRR27300116.lite.1,SRX22977822,GSM7985437,RNA-Seq,cDNA,TRANSCRIPTOMIC,PAIRED,0,0,ILLUMINA,Illumina NovaSeq 6000,SRP479194,PRJNA1055047,3,1055047,SRS19943449,SAMN38978024,simple,208963,Pseudomonas aeruginosa UCBPP-PA14,GSM7985437,,,,,,,no,,,,,"HUNG LAB, MOLECULAR BIOLOGY, MASSACHUSETTS GENERAL HOSPITAL",SRA1772980,,public,693533D2D87D3179333EA5014F610277,9966D254DF0EC8446CE7D72B33EECA47
SRR27300115,2024-10-11 21:39:11,2023-12-20 13:34:58,2271207,205032516,2271207,90,79,,https://sra-downloadb.be-md.ncbi.nlm.nih.gov/sos13/sra-pub-zq-1307/SRR027/27300/SRR27300115/SRR27300115.lite.1,SRX22977823,GSM7985438,RNA-Seq,cDNA,TRANSCRIPTOMIC,PAIRED,0,0,ILLUMINA,Illumina NovaSeq 6000,SRP479194,PRJNA1055047,3,1055047,SRS19943450,SAMN38978023,simple,208963,Pseudomonas aeruginosa UCBPP-PA14,GSM7985438,,,,,,,no,,,,,"HUNG LAB, MOLECULAR BIOLOGY, MASSACHUSETTS GENERAL HOSPITAL",SRA1772980,,public,FFAD62ACACA11C06B292F0AB13D86A5F,2326D75201108EDD1C12151AE5C375BB
SRR27300114,2024-10-11 21:39:11,2023-12-20 13:35:22,1281146,115170938,1281146,89,45,,https://sra-downloadb.be-md.ncbi.nlm.nih.gov/sos13/sra-pub-zq-1307/SRR027/27300/SRR27300114/SRR27300114.lite.1,SRX22977824,GSM7985439,RNA-Seq,cDNA,TRANSCRIPTOMIC,PAIRED,0,0,ILLUMINA,Illumina NovaSeq 6000,SRP479194,PRJNA1055047,3,1055047,SRS19943452,SAMN38978022,simple,208963,Pseudomonas aeruginosa UCBPP-PA14,GSM7985439,,,,,,,no,,,,,"HUNG LAB, MOLECULAR BIOLOGY, MASSACHUSETTS GENERAL HOSPITAL",SRA1772980,,public,904A5FE456B196E1D41C3012AC6D44AF,30E89E1265861726517EAB53A6386A98
SRR27300113,2024-10-11 21:39:11,2023-12-20 13:35:26,2194934,197478057,2194934,89,77,,https://sra-downloadb.be-md.ncbi.nlm.nih.gov/sos13/sra-pub-zq-1307/SRR027/27300/SRR27300113/SRR27300113.lite.1,SRX22977825,GSM7985440,RNA-Seq,cDNA,TRANSCRIPTOMIC,PAIRED,0,0,ILLUMINA,Illumina NovaSeq 6000,SRP479194,PRJNA1055047,3,1055047,SRS19943453,SAMN38978021,simple,208963,Pseudomonas aeruginosa UCBPP-PA14,GSM7985440,,,,,,,no,,,,,"HUNG LAB, MOLECULAR BIOLOGY, MASSACHUSETTS GENERAL HOSPITAL",SRA1772980,,public,9823574CC480AC6DF44B6D4EA92B359C,F08C92052EE4FC300506BFB6B8D8F326
SRR27300111,2024-10-11 21:39:11,2023-12-20 13:34:49,665317,59925754,665317,90,23,,https://sra-downloadb.be-md.ncbi.nlm.nih.gov/sos13/sra-pub-zq-1307/SRR027/27300/SRR27300111/SRR27300111.lite.1,SRX22977826,GSM7985441,RNA-Seq,cDNA,TRANSCRIPTOMIC,PAIRED,0,0,ILLUMINA,Illumina NovaSeq 6000,SRP479194,PRJNA1055047,3,1055047,SRS19943456,SAMN38978020,simple,208963,Pseudomonas aeruginosa UCBPP-PA14,GSM7985441,,,,,,,no,,,,,"HUNG LAB, MOLECULAR BIOLOGY, MASSACHUSETTS GENERAL HOSPITAL",SRA1772980,,public,9A92F1C378FCC3D937016E877DDD9CF3,9F538E8C95695EE96ADA3CC78F078BC9
SRR27300110,2024-10-11 21:39:11,2023-12-20 13:35:25,745196,67182877,745196,90,26,,https://sra-downloadb.be-md.ncbi.nlm.nih.gov/sos13/sra-pub-zq-1307/SRR027/27300/SRR27300110/SRR27300110.lite.1,SRX22977827,GSM7985442,RNA-Seq,cDNA,TRANSCRIPTOMIC,PAIRED,0,0,ILLUMINA,Illumina NovaSeq 6000,SRP479194,PRJNA1055047,3,1055047,SRS19943455,SAMN38978019,simple,208963,Pseudomonas aeruginosa UCBPP-PA14,GSM7985442,,,,,,,no,,,,,"HUNG LAB, MOLECULAR BIOLOGY, MASSACHUSETTS GENERAL HOSPITAL",SRA1772980,,public,A330F0DA7610F2C09A8B45D7F183AA78,3818B50BBA9C8CD422ED59A5085472FF
SRR27300108,2024-10-11 21:39:11,2023-12-20 13:35:07,3329399,300449472,3329399,90,116,,https://sra-downloadb.be-md.ncbi.nlm.nih.gov/sos13/sra-pub-zq-1307/SRR027/27300/SRR27300108/SRR27300108.lite.1,SRX22977828,GSM7985443,RNA-Seq,cDNA,TRANSCRIPTOMIC,PAIRED,0,0,ILLUMINA,Illumina NovaSeq 6000,SRP479194,PRJNA1055047,3,1055047,SRS19943454,SAMN38978018,simple,208963,Pseudomonas aeruginosa UCBPP-PA14,GSM7985443,,,,,,,no,,,,,"HUNG LAB, MOLECULAR BIOLOGY, MASSACHUSETTS GENERAL HOSPITAL",SRA1772980,,public,7D90CF9B07BF4A2957D54BCE34290126,06FDE69687B2AF05DE8BAC88D1912642
SRR27300106,2024-10-11 21:39:12,2023-12-20 13:35:34,2003088,181085710,2003088,90,70,,https://sra-downloadb.be-md.ncbi.nlm.nih.gov/sos13/sra-pub-zq-1307/SRR027/27300/SRR27300106/SRR27300106.lite.1,SRX22977830,GSM7985445,RNA-Seq,cDNA,TRANSCRIPTOMIC,PAIRED,0,0,ILLUMINA,Illumina NovaSeq 6000,SRP479194,PRJNA1055047,3,1055047,SRS19943457,SAMN38978016,simple,208963,Pseudomonas aeruginosa UCBPP-PA14,GSM7985445,,,,,,,no,,,,,"HUNG LAB, MOLECULAR BIOLOGY, MASSACHUSETTS GENERAL HOSPITAL",SRA1772980,,public,5197FB1F2F06B6515254EEF45FA942E1,8070F858FE1D6C27E9ED8F3AF7E083DF
SRR27300107,2024-10-11 21:39:12,2023-12-20 13:35:35,2478188,223255854,2478188,90,87,,https://sra-downloadb.be-md.ncbi.nlm.nih.gov/sos13/sra-pub-zq-1307/SRR027/27300/SRR27300107/SRR27300107.lite.1,SRX22977829,GSM7985444,RNA-Seq,cDNA,TRANSCRIPTOMIC,PAIRED,0,0,ILLUMINA,Illumina NovaSeq 6000,SRP479194,PRJNA1055047,3,1055047,SRS19943458,SAMN38978017,simple,208963,Pseudomonas aeruginosa UCBPP-PA14,GSM7985444,,,,,,,no,,,,,"HUNG LAB, MOLECULAR BIOLOGY, MASSACHUSETTS GENERAL HOSPITAL",SRA1772980,,public,6D42495B45E6FD22C1004CBC06FF1954,EAE1739A7200990C5BA30411AEDEF42B
SRR27300105,2024-10-11 21:39:12,2023-12-20 13:35:43,2571700,232457188,2571700,90,90,,https://sra-downloadb.be-md.ncbi.nlm.nih.gov/sos13/sra-pub-zq-1307/SRR027/27300/SRR27300105/SRR27300105.lite.1,SRX22977831,GSM7985446,RNA-Seq,cDNA,TRANSCRIPTOMIC,PAIRED,0,0,ILLUMINA,Illumina NovaSeq 6000,SRP479194,PRJNA1055047,3,1055047,SRS19943460,SAMN38978015,simple,208963,Pseudomonas aeruginosa UCBPP-PA14,GSM7985446,,,,,,,no,,,,,"HUNG LAB, MOLECULAR BIOLOGY, MASSACHUSETTS GENERAL HOSPITAL",SRA1772980,,public,5A089FE939516EC352D50E60A630F6E6,E890DE4D413F83BBABE86DFBA859D15A
SRR27300104,2024-10-11 21:39:12,2023-12-20 13:35:48,3010273,271670884,3010273,90,105,,https://sra-downloadb.be-md.ncbi.nlm.nih.gov/sos13/sra-pub-zq-1307/SRR027/27300/SRR27300104/SRR27300104.lite.1,SRX22977832,GSM7985447,RNA-Seq,cDNA,TRANSCRIPTOMIC,PAIRED,0,0,ILLUMINA,Illumina NovaSeq 6000,SRP479194,PRJNA1055047,3,1055047,SRS19943459,SAMN38978014,simple,208963,Pseudomonas aeruginosa UCBPP-PA14,GSM7985447,,,,,,,no,,,,,"HUNG LAB, MOLECULAR BIOLOGY, MASSACHUSETTS GENERAL HOSPITAL",SRA1772980,,public,A1D5D9C1C784C7D7BEBE3637BB7B437D,4E7CD1D8DE6ED1838878688B04451942
SRR27300103,2024-10-11 21:39:18,2023-12-20 13:35:55,5982376,542492699,5982376,90,203,,https://sra-downloadb.be-md.ncbi.nlm.nih.gov/sos13/sra-pub-zq-1307/SRR027/27300/SRR27300103/SRR27300103.lite.1,SRX22977833,GSM7985496,RNA-Seq,cDNA,TRANSCRIPTOMIC,PAIRED,0,0,ILLUMINA,Illumina NovaSeq 6000,SRP479194,PRJNA1055047,3,1055047,SRS19943461,SAMN38977965,simple,208963,Pseudomonas aeruginosa UCBPP-PA14,GSM7985496,,,,,,,no,,,,,"HUNG LAB, MOLECULAR BIOLOGY, MASSACHUSETTS GENERAL HOSPITAL",SRA1772980,,public,CF789387CC753E91824325FC0F0E2F67,F5896EB6558BA852FEE66CF831FD2783
SRR27300102,2024-10-11 21:39:18,2023-12-20 13:36:16,4585414,415635542,4585414,90,156,,https://sra-downloadb.be-md.ncbi.nlm.nih.gov/sos13/sra-pub-zq-1307/SRR027/27300/SRR27300102/SRR27300102.lite.1,SRX22977834,GSM7985497,RNA-Seq,cDNA,TRANSCRIPTOMIC,PAIRED,0,0,ILLUMINA,Illumina NovaSeq 6000,SRP479194,PRJNA1055047,3,1055047,SRS19943462,SAMN38977964,simple,208963,Pseudomonas aeruginosa UCBPP-PA14,GSM7985497,,,,,,,no,,,,,"HUNG LAB, MOLECULAR BIOLOGY, MASSACHUSETTS GENERAL HOSPITAL",SRA1772980,,public,4D73F8FEC998791502F57C3715176FD7,B74B7AE63F183AA6889FF109A169D05F
SRR27300101,2024-10-11 21:39:18,2023-12-20 13:35:42,2371920,214340381,2371920,90,81,,https://sra-downloadb.be-md.ncbi.nlm.nih.gov/sos13/sra-pub-zq-1307/SRR027/27300/SRR27300101/SRR27300101.lite.1,SRX22977835,GSM7985498,RNA-Seq,cDNA,TRANSCRIPTOMIC,PAIRED,0,0,ILLUMINA,Illumina NovaSeq 6000,SRP479194,PRJNA1055047,3,1055047,SRS19943463,SAMN38977963,simple,208963,Pseudomonas aeruginosa UCBPP-PA14,GSM7985498,,,,,,,no,,,,,"HUNG LAB, MOLECULAR BIOLOGY, MASSACHUSETTS GENERAL HOSPITAL",SRA1772980,,public,110DF7D79753364A8DE7BBF9A44AB562,F2319BAF82E6D7FE109232D28BC12718
SRR27300100,2024-10-11 21:39:18,2023-12-20 13:35:45,2061797,186201657,2061797,90,70,,https://sra-downloadb.be-md.ncbi.nlm.nih.gov/sos13/sra-pub-zq-1307/SRR027/27300/SRR27300100/SRR27300100.lite.1,SRX22977836,GSM7985499,RNA-Seq,cDNA,TRANSCRIPTOMIC,PAIRED,0,0,ILLUMINA,Illumina NovaSeq 6000,SRP479194,PRJNA1055047,3,1055047,SRS19943464,SAMN38977962,simple,208963,Pseudomonas aeruginosa UCBPP-PA14,GSM7985499,,,,,,,no,,,,,"HUNG LAB, MOLECULAR BIOLOGY, MASSACHUSETTS GENERAL HOSPITAL",SRA1772980,,public,7B76D8044C606733BBDF2FEDF8FF00C4,DFB15250771B6A5E5AF2E1398606A131
SRR27300099,2024-10-11 21:39:18,2023-12-20 13:35:39,2858514,258192641,2858514,90,98,,https://sra-downloadb.be-md.ncbi.nlm.nih.gov/sos13/sra-pub-zq-1307/SRR027/27300/SRR27300099/SRR27300099.lite.1,SRX22977837,GSM7985500,RNA-Seq,cDNA,TRANSCRIPTOMIC,PAIRED,0,0,ILLUMINA,Illumina NovaSeq 6000,SRP479194,PRJNA1055047,3,1055047,SRS19943467,SAMN38977961,simple,208963,Pseudomonas aeruginosa UCBPP-PA14,GSM7985500,,,,,,,no,,,,,"HUNG LAB, MOLECULAR BIOLOGY, MASSACHUSETTS GENERAL HOSPITAL",SRA1772980,,public,358F7F1D53F9AAB96DA290A767765EBC,66912A8D9BA4EF7B52BD77FA3B277C45
SRR27300098,2024-10-11 21:39:18,2023-12-20 13:35:49,2310056,209004639,2310056,90,78,,https://sra-downloadb.be-md.ncbi.nlm.nih.gov/sos13/sra-pub-zq-1307/SRR027/27300/SRR27300098/SRR27300098.lite.1,SRX22977838,GSM7985501,RNA-Seq,cDNA,TRANSCRIPTOMIC,PAIRED,0,0,ILLUMINA,Illumina NovaSeq 6000,SRP479194,PRJNA1055047,3,1055047,SRS19943465,SAMN38977960,simple,208963,Pseudomonas aeruginosa UCBPP-PA14,GSM7985501,,,,,,,no,,,,,"HUNG LAB, MOLECULAR BIOLOGY, MASSACHUSETTS GENERAL HOSPITAL",SRA1772980,,public,23D4350B4874C2B9E0F6C766D3038B38,64E455D5D51A6EBEB7C1B20B41839CBE
SRR27300225,2024-10-11 21:37:45,2023-12-20 13:36:20,4209818,381313028,4209818,90,142,,https://sra-downloadb.be-md.ncbi.nlm.nih.gov/sos13/sra-pub-zq-1307/SRR027/27300/SRR27300225/SRR27300225.lite.1,SRX22977862,GSM7985541,RNA-Seq,cDNA,TRANSCRIPTOMIC,PAIRED,0,0,ILLUMINA,Illumina NovaSeq 6000,SRP479194,PRJNA1055047,3,1055047,SRS19943488,SAMN38977920,simple,208963,Pseudomonas aeruginosa UCBPP-PA14,GSM7985541,,,,,,,no,,,,,"HUNG LAB, MOLECULAR BIOLOGY, MASSACHUSETTS GENERAL HOSPITAL",SRA1772980,,public,B0FA3383A8D55856202BF53606EF3DA2,5DACD37E3B22D94A79C46ED3F2107634
SRR27300192,2024-10-11 21:37:45,2023-12-20 13:35:41,3958797,357464286,3958797,90,131,,https://sra-downloadb.be-md.ncbi.nlm.nih.gov/sos13/sra-pub-zq-1307/SRR027/27300/SRR27300192/SRR27300192.lite.1,SRX22977864,GSM7985543,RNA-Seq,cDNA,TRANSCRIPTOMIC,PAIRED,0,0,ILLUMINA,Illumina NovaSeq 6000,SRP479194,PRJNA1055047,3,1055047,SRS19943492,SAMN38977918,simple,208963,Pseudomonas aeruginosa UCBPP-PA14,GSM7985543,,,,,,,no,,,,,"HUNG LAB, MOLECULAR BIOLOGY, MASSACHUSETTS GENERAL HOSPITAL",SRA1772980,,public,7ED643C92D2F801E5BB6054F0D1D3FE1,61C06E9FD0D8ACA5D142D4C6F67B48C9
SRR27300450,2024-10-11 21:37:50,2023-12-20 13:43:01,6338780,574753580,6338780,90,218,,https://sra-downloadb.be-md.ncbi.nlm.nih.gov/sos13/sra-pub-zq-1307/SRR027/27300/SRR27300450/SRR27300450.lite.1,SRX22977868,GSM7985608,RNA-Seq,cDNA,TRANSCRIPTOMIC,PAIRED,0,0,ILLUMINA,Illumina NovaSeq 6000,SRP479194,PRJNA1055047,3,1055047,SRS19943496,SAMN38977853,simple,208963,Pseudomonas aeruginosa UCBPP-PA14,GSM7985608,,,,,,,no,,,,,"HUNG LAB, MOLECULAR BIOLOGY, MASSACHUSETTS GENERAL HOSPITAL",SRA1772980,,public,AD393C7C68BAEE36EECD47CB9B99706F,C5946702B298DACB99179832E4AEB00E
SRR27300448,2024-10-11 21:37:50,2023-12-20 13:42:51,5717237,518183475,5717237,90,196,,https://sra-downloadb.be-md.ncbi.nlm.nih.gov/sos13/sra-pub-zq-1307/SRR027/27300/SRR27300448/SRR27300448.lite.1,SRX22977869,GSM7985609,RNA-Seq,cDNA,TRANSCRIPTOMIC,PAIRED,0,0,ILLUMINA,Illumina NovaSeq 6000,SRP479194,PRJNA1055047,3,1055047,SRS19943499,SAMN38977852,simple,208963,Pseudomonas aeruginosa UCBPP-PA14,GSM7985609,,,,,,,no,,,,,"HUNG LAB, MOLECULAR BIOLOGY, MASSACHUSETTS GENERAL HOSPITAL",SRA1772980,,public,9B1EF6D5B140F8400FAB655E65AB5E6C,95A151AB24CBC5130582C2BD4245BDA0
SRR27300449,2024-10-11 21:37:50,2023-12-20 13:42:42,7318604,661614704,7318604,90,246,,https://sra-downloadb.be-md.ncbi.nlm.nih.gov/sos13/sra-pub-zq-1307/SRR027/27300/SRR27300449/SRR27300449.lite.1,SRX22977869,GSM7985609,RNA-Seq,cDNA,TRANSCRIPTOMIC,PAIRED,0,0,ILLUMINA,Illumina NovaSeq 6000,SRP479194,PRJNA1055047,3,1055047,SRS19943499,SAMN38977852,simple,208963,Pseudomonas aeruginosa UCBPP-PA14,GSM7985609,,,,,,,no,,,,,"HUNG LAB, MOLECULAR BIOLOGY, MASSACHUSETTS GENERAL HOSPITAL",SRA1772980,,public,FFBB838E220F328433A98B2BF6906327,37090E3EB2B97FB80931348244F28686
SRR27300447,2024-10-11 21:37:50,2023-12-20 13:42:38,3147282,285216407,3147282,90,108,,https://sra-downloadb.be-md.ncbi.nlm.nih.gov/sos13/sra-pub-zq-1307/SRR027/27300/SRR27300447/SRR27300447.lite.1,SRX22977870,GSM7985610,RNA-Seq,cDNA,TRANSCRIPTOMIC,PAIRED,0,0,ILLUMINA,Illumina NovaSeq 6000,SRP479194,PRJNA1055047,3,1055047,SRS19943497,SAMN38977851,simple,208963,Pseudomonas aeruginosa UCBPP-PA14,GSM7985610,,,,,,,no,,,,,"HUNG LAB, MOLECULAR BIOLOGY, MASSACHUSETTS GENERAL HOSPITAL",SRA1772980,,public,6B8F18BC125B79C084E2BDEA8CBA1DB5,4BDFAF1C1A46EAEA39B57F3BEE37F066
SRR27300222,2024-10-11 21:37:50,2023-12-20 13:37:44,7868301,711899866,7868301,90,266,,https://sra-downloadb.be-md.ncbi.nlm.nih.gov/sos13/sra-pub-zq-1307/SRR027/27300/SRR27300222/SRR27300222.lite.1,SRX22977870,GSM7985610,RNA-Seq,cDNA,TRANSCRIPTOMIC,PAIRED,0,0,ILLUMINA,Illumina NovaSeq 6000,SRP479194,PRJNA1055047,3,1055047,SRS19943497,SAMN38977851,simple,208963,Pseudomonas aeruginosa UCBPP-PA14,GSM7985610,,,,,,,no,,,,,"HUNG LAB, MOLECULAR BIOLOGY, MASSACHUSETTS GENERAL HOSPITAL",SRA1772980,,public,DBC2901E47B4CC7BC9B0E78A4BA34C0B,15023D40FACBA58F713C6B581749B8C5
SRR27300446,2024-10-11 21:37:50,2023-12-20 13:42:31,3947491,357000088,3947491,90,135,,https://sra-downloadb.be-md.ncbi.nlm.nih.gov/sos13/sra-pub-zq-1307/SRR027/27300/SRR27300446/SRR27300446.lite.1,SRX22977871,GSM7985611,RNA-Seq,cDNA,TRANSCRIPTOMIC,PAIRED,0,0,ILLUMINA,Illumina NovaSeq 6000,SRP479194,PRJNA1055047,3,1055047,SRS19943498,SAMN38977850,simple,208963,Pseudomonas aeruginosa UCBPP-PA14,GSM7985611,,,,,,,no,,,,,"HUNG LAB, MOLECULAR BIOLOGY, MASSACHUSETTS GENERAL HOSPITAL",SRA1772980,,public,711049D5593573CAE9FAD27097668FB7,160B112C7A176D020D01CC4BDFA97390
SRR27300445,2024-10-11 21:37:50,2023-12-20 13:42:19,3237263,292606046,3237263,90,111,,https://sra-downloadb.be-md.ncbi.nlm.nih.gov/sos13/sra-pub-zq-1307/SRR027/27300/SRR27300445/SRR27300445.lite.1,SRX22977872,GSM7985612,RNA-Seq,cDNA,TRANSCRIPTOMIC,PAIRED,0,0,ILLUMINA,Illumina NovaSeq 6000,SRP479194,PRJNA1055047,3,1055047,SRS19943500,SAMN38977849,simple,208963,Pseudomonas aeruginosa UCBPP-PA14,GSM7985612,,,,,,,no,,,,,"HUNG LAB, MOLECULAR BIOLOGY, MASSACHUSETTS GENERAL HOSPITAL",SRA1772980,,public,45FAAAE8EDE228891BFAD92EC1AED0E3,02A65893133ECA6F216F1AA41FA4E815
SRR27300444,2024-10-11 21:37:50,2023-12-20 13:41:41,3903048,353115469,3903048,90,132,,https://sra-downloadb.be-md.ncbi.nlm.nih.gov/sos13/sra-pub-zq-1307/SRR027/27300/SRR27300444/SRR27300444.lite.1,SRX22977873,GSM7985613,RNA-Seq,cDNA,TRANSCRIPTOMIC,PAIRED,0,0,ILLUMINA,Illumina NovaSeq 6000,SRP479194,PRJNA1055047,3,1055047,SRS19943501,SAMN38977848,simple,208963,Pseudomonas aeruginosa UCBPP-PA14,GSM7985613,,,,,,,no,,,,,"HUNG LAB, MOLECULAR BIOLOGY, MASSACHUSETTS GENERAL HOSPITAL",SRA1772980,,public,3310CAEE52BCB8A069859D864C414296,93977B7ACCD2561B350F718F7F0C66FE
SRR27300443,2024-10-11 21:37:50,2023-12-20 13:42:26,2887041,261654042,2887041,90,99,,https://sra-downloadb.be-md.ncbi.nlm.nih.gov/sos13/sra-pub-zq-1307/SRR027/27300/SRR27300443/SRR27300443.lite.1,SRX22977874,GSM7985614,RNA-Seq,cDNA,TRANSCRIPTOMIC,PAIRED,0,0,ILLUMINA,Illumina NovaSeq 6000,SRP479194,PRJNA1055047,3,1055047,SRS19943503,SAMN38977847,simple,208963,Pseudomonas aeruginosa UCBPP-PA14,GSM7985614,,,,,,,no,,,,,"HUNG LAB, MOLECULAR BIOLOGY, MASSACHUSETTS GENERAL HOSPITAL",SRA1772980,,public,9DA4B90822A4D917262CC9790D8D77E7,7108EBE36E414749CE99BE175568C1FA
SRR27300442,2024-10-11 21:37:50,2023-12-20 13:42:00,3482110,315475978,3482110,90,120,,https://sra-downloadb.be-md.ncbi.nlm.nih.gov/sos13/sra-pub-zq-1307/SRR027/27300/SRR27300442/SRR27300442.lite.1,SRX22977875,GSM7985615,RNA-Seq,cDNA,TRANSCRIPTOMIC,PAIRED,0,0,ILLUMINA,Illumina NovaSeq 6000,SRP479194,PRJNA1055047,3,1055047,SRS19943502,SAMN38977846,simple,208963,Pseudomonas aeruginosa UCBPP-PA14,GSM7985615,,,,,,,no,,,,,"HUNG LAB, MOLECULAR BIOLOGY, MASSACHUSETTS GENERAL HOSPITAL",SRA1772980,,public,D649BEA28037F6D1053910311B0BB646,3A37703874BE6791C58159F3B7753DE6
SRR27300441,2024-10-11 21:37:50,2023-12-20 13:43:02,5494196,497738117,5494196,90,190,,https://sra-downloadb.be-md.ncbi.nlm.nih.gov/sos13/sra-pub-zq-1307/SRR027/27300/SRR27300441/SRR27300441.lite.1,SRX22977876,GSM7985616,RNA-Seq,cDNA,TRANSCRIPTOMIC,PAIRED,0,0,ILLUMINA,Illumina NovaSeq 6000,SRP479194,PRJNA1055047,3,1055047,SRS19943504,SAMN38977845,simple,208963,Pseudomonas aeruginosa UCBPP-PA14,GSM7985616,,,,,,,no,,,,,"HUNG LAB, MOLECULAR BIOLOGY, MASSACHUSETTS GENERAL HOSPITAL",SRA1772980,,public,BBFE7D6D155E1C676AB7BA6915C45804,6A1029AB5F29926FBA5D2E2CA62E8471
SRR27300440,2024-10-11 21:37:50,2023-12-20 13:42:09,4457195,402239108,4457195,90,153,,https://sra-downloadb.be-md.ncbi.nlm.nih.gov/sos13/sra-pub-zq-1307/SRR027/27300/SRR27300440/SRR27300440.lite.1,SRX22977877,GSM7985617,RNA-Seq,cDNA,TRANSCRIPTOMIC,PAIRED,0,0,ILLUMINA,Illumina NovaSeq 6000,SRP479194,PRJNA1055047,3,1055047,SRS19943506,SAMN38977844,simple,208963,Pseudomonas aeruginosa UCBPP-PA14,GSM7985617,,,,,,,no,,,,,"HUNG LAB, MOLECULAR BIOLOGY, MASSACHUSETTS GENERAL HOSPITAL",SRA1772980,,public,B9E66DB662B053D1124ADB202F8C55B0,D69F0085DE2E9E3739A1097A4298DD4B
SRR27300439,2024-10-11 21:37:50,2023-12-20 13:42:31,4086213,368543518,4086213,90,140,,https://sra-downloadb.be-md.ncbi.nlm.nih.gov/sos13/sra-pub-zq-1307/SRR027/27300/SRR27300439/SRR27300439.lite.1,SRX22977878,GSM7985618,RNA-Seq,cDNA,TRANSCRIPTOMIC,PAIRED,0,0,ILLUMINA,Illumina NovaSeq 6000,SRP479194,PRJNA1055047,3,1055047,SRS19943505,SAMN38977843,simple,208963,Pseudomonas aeruginosa UCBPP-PA14,GSM7985618,,,,,,,no,,,,,"HUNG LAB, MOLECULAR BIOLOGY, MASSACHUSETTS GENERAL HOSPITAL",SRA1772980,,public,FD61CC8E478B409A2A9049A663727CA8,89EDE10A43B997A93D94D5821BC2FEB8
SRR27300438,2024-10-11 21:37:50,2023-12-20 13:42:39,4908323,443090376,4908323,90,167,,https://sra-downloadb.be-md.ncbi.nlm.nih.gov/sos13/sra-pub-zq-1307/SRR027/27300/SRR27300438/SRR27300438.lite.1,SRX22977879,GSM7985619,RNA-Seq,cDNA,TRANSCRIPTOMIC,PAIRED,0,0,ILLUMINA,Illumina NovaSeq 6000,SRP479194,PRJNA1055047,3,1055047,SRS19943510,SAMN38977842,simple,208963,Pseudomonas aeruginosa UCBPP-PA14,GSM7985619,,,,,,,no,,,,,"HUNG LAB, MOLECULAR BIOLOGY, MASSACHUSETTS GENERAL HOSPITAL",SRA1772980,,public,16615558661B9BD4ACA9AD32E0A82A5B,F81A1ADFB95456D86DBBB42AD6AEBAFC
SRR27300437,2024-10-11 21:37:50,2023-12-20 13:42:26,3462876,313931572,3462876,90,118,,https://sra-downloadb.be-md.ncbi.nlm.nih.gov/sos13/sra-pub-zq-1307/SRR027/27300/SRR27300437/SRR27300437.lite.1,SRX22977880,GSM7985620,RNA-Seq,cDNA,TRANSCRIPTOMIC,PAIRED,0,0,ILLUMINA,Illumina NovaSeq 6000,SRP479194,PRJNA1055047,3,1055047,SRS19943507,SAMN38977841,simple,208963,Pseudomonas aeruginosa UCBPP-PA14,GSM7985620,,,,,,,no,,,,,"HUNG LAB, MOLECULAR BIOLOGY, MASSACHUSETTS GENERAL HOSPITAL",SRA1772980,,public,C9630FA8644352C76DBB7F09B34EF226,E75173C794CC1027C802850555B64F83
SRR27300436,2024-10-11 21:37:53,2023-12-20 13:41:56,2961047,267223142,2961047,90,102,,https://sra-downloadb.be-md.ncbi.nlm.nih.gov/sos13/sra-pub-zq-1307/SRR027/27300/SRR27300436/SRR27300436.lite.1,SRX22977881,GSM7985653,RNA-Seq,cDNA,TRANSCRIPTOMIC,PAIRED,0,0,ILLUMINA,Illumina NovaSeq 6000,SRP479194,PRJNA1055047,3,1055047,SRS19943508,SAMN38977808,simple,208963,Pseudomonas aeruginosa UCBPP-PA14,GSM7985653,,,,,,,no,,,,,"HUNG LAB, MOLECULAR BIOLOGY, MASSACHUSETTS GENERAL HOSPITAL",SRA1772980,,public,36F1785A74B14FBCFE1830032424F1AA,93CC176AD605433D87E26B9FAAA78E0E
SRR27300435,2024-10-11 21:37:53,2023-12-20 13:42:28,2497117,225168913,2497117,90,86,,https://sra-downloadb.be-md.ncbi.nlm.nih.gov/sos13/sra-pub-zq-1307/SRR027/27300/SRR27300435/SRR27300435.lite.1,SRX22977882,GSM7985654,RNA-Seq,cDNA,TRANSCRIPTOMIC,PAIRED,0,0,ILLUMINA,Illumina NovaSeq 6000,SRP479194,PRJNA1055047,3,1055047,SRS19943511,SAMN38977807,simple,208963,Pseudomonas aeruginosa UCBPP-PA14,GSM7985654,,,,,,,no,,,,,"HUNG LAB, MOLECULAR BIOLOGY, MASSACHUSETTS GENERAL HOSPITAL",SRA1772980,,public,578196C8C834725BDCAFD68AB2DCAA19,6C1851238962CAC9C7EF97331E8BDF6A
SRR27300434,2024-10-11 21:37:53,2023-12-20 13:42:13,1696904,153526693,1696904,90,59,,https://sra-downloadb.be-md.ncbi.nlm.nih.gov/sos13/sra-pub-zq-1307/SRR027/27300/SRR27300434/SRR27300434.lite.1,SRX22977883,GSM7985655,RNA-Seq,cDNA,TRANSCRIPTOMIC,PAIRED,0,0,ILLUMINA,Illumina NovaSeq 6000,SRP479194,PRJNA1055047,3,1055047,SRS19943509,SAMN38977806,simple,208963,Pseudomonas aeruginosa UCBPP-PA14,GSM7985655,,,,,,,no,,,,,"HUNG LAB, MOLECULAR BIOLOGY, MASSACHUSETTS GENERAL HOSPITAL",SRA1772980,,public,BBE686CF0433C373B27FE3DDDA880302,18AEE315389EB7B7819AF0D6CEA433BC
SRR27300433,2024-10-11 21:37:53,2023-12-20 13:42:08,1898496,171758644,1898496,90,66,,https://sra-downloadb.be-md.ncbi.nlm.nih.gov/sos13/sra-pub-zq-1307/SRR027/27300/SRR27300433/SRR27300433.lite.1,SRX22977884,GSM7985656,RNA-Seq,cDNA,TRANSCRIPTOMIC,PAIRED,0,0,ILLUMINA,Illumina NovaSeq 6000,SRP479194,PRJNA1055047,3,1055047,SRS19943512,SAMN38977805,simple,208963,Pseudomonas aeruginosa UCBPP-PA14,GSM7985656,,,,,,,no,,,,,"HUNG LAB, MOLECULAR BIOLOGY, MASSACHUSETTS GENERAL HOSPITAL",SRA1772980,,public,6F4DFC71657D7F6CBC48AD41B84E4961,071FCFA735DDBB75DD3F296833F2A6CC
SRR27300432,2024-10-11 21:37:53,2023-12-20 13:41:44,4202423,380334726,4202423,90,146,,https://sra-downloadb.be-md.ncbi.nlm.nih.gov/sos13/sra-pub-zq-1307/SRR027/27300/SRR27300432/SRR27300432.lite.1,SRX22977885,GSM7985657,RNA-Seq,cDNA,TRANSCRIPTOMIC,PAIRED,0,0,ILLUMINA,Illumina NovaSeq 6000,SRP479194,PRJNA1055047,3,1055047,SRS19943516,SAMN38977804,simple,208963,Pseudomonas aeruginosa UCBPP-PA14,GSM7985657,,,,,,,no,,,,,"HUNG LAB, MOLECULAR BIOLOGY, MASSACHUSETTS GENERAL HOSPITAL",SRA1772980,,public,1F7332E0129EC66A0D33FD0134F4594D,77D85F5E4F830F341B7A993924EB4C26
SRR27300431,2024-10-11 21:37:53,2023-12-20 13:42:15,1974974,178431186,1974974,90,68,,https://sra-downloadb.be-md.ncbi.nlm.nih.gov/sos13/sra-pub-zq-1307/SRR027/27300/SRR27300431/SRR27300431.lite.1,SRX22977886,GSM7985658,RNA-Seq,cDNA,TRANSCRIPTOMIC,PAIRED,0,0,ILLUMINA,Illumina NovaSeq 6000,SRP479194,PRJNA1055047,3,1055047,SRS19943514,SAMN38977803,simple,208963,Pseudomonas aeruginosa UCBPP-PA14,GSM7985658,,,,,,,no,,,,,"HUNG LAB, MOLECULAR BIOLOGY, MASSACHUSETTS GENERAL HOSPITAL",SRA1772980,,public,C0142BF38F7E4F96A09258AC3917CC45,FE97040D2B40CA49E7368F79348DC009
SRR27300430,2024-10-11 21:37:54,2023-12-20 13:42:00,2744862,247943976,2744862,90,96,,https://sra-downloadb.be-md.ncbi.nlm.nih.gov/sos13/sra-pub-zq-1307/SRR027/27300/SRR27300430/SRR27300430.lite.1,SRX22977887,GSM7985659,RNA-Seq,cDNA,TRANSCRIPTOMIC,PAIRED,0,0,ILLUMINA,Illumina NovaSeq 6000,SRP479194,PRJNA1055047,3,1055047,SRS19943513,SAMN38977802,simple,208963,Pseudomonas aeruginosa UCBPP-PA14,GSM7985659,,,,,,,no,,,,,"HUNG LAB, MOLECULAR BIOLOGY, MASSACHUSETTS GENERAL HOSPITAL",SRA1772980,,public,EC424EFE8CC2C60625F53072F60A7DB5,942E52834CCBE322E2DF993796390D4E
SRR27300429,2024-10-11 21:37:54,2023-12-20 13:42:14,2205937,198985926,2205937,90,75,,https://sra-downloadb.be-md.ncbi.nlm.nih.gov/sos13/sra-pub-zq-1307/SRR027/27300/SRR27300429/SRR27300429.lite.1,SRX22977888,GSM7985660,RNA-Seq,cDNA,TRANSCRIPTOMIC,PAIRED,0,0,ILLUMINA,Illumina NovaSeq 6000,SRP479194,PRJNA1055047,3,1055047,SRS19943515,SAMN38977801,simple,208963,Pseudomonas aeruginosa UCBPP-PA14,GSM7985660,,,,,,,no,,,,,"HUNG LAB, MOLECULAR BIOLOGY, MASSACHUSETTS GENERAL HOSPITAL",SRA1772980,,public,AD491E07848812B89F667FBB76B1E5D4,4CA05A2AB4FE244D18F9E4041AAA9497
SRR27300428,2024-10-11 21:37:54,2023-12-20 13:42:36,4128972,373582357,4128972,90,141,,https://sra-downloadb.be-md.ncbi.nlm.nih.gov/sos13/sra-pub-zq-1307/SRR027/27300/SRR27300428/SRR27300428.lite.1,SRX22977889,GSM7985661,RNA-Seq,cDNA,TRANSCRIPTOMIC,PAIRED,0,0,ILLUMINA,Illumina NovaSeq 6000,SRP479194,PRJNA1055047,3,1055047,SRS19943517,SAMN38977800,simple,208963,Pseudomonas aeruginosa UCBPP-PA14,GSM7985661,,,,,,,no,,,,,"HUNG LAB, MOLECULAR BIOLOGY, MASSACHUSETTS GENERAL HOSPITAL",SRA1772980,,public,8C51403405844EDB88D6B7931D61580B,087FC183DA51A9673E6DBB2A957479E2
SRR27300427,2024-10-11 21:37:54,2023-12-20 13:42:58,5901597,533623743,5901597,90,202,,https://sra-downloadb.be-md.ncbi.nlm.nih.gov/sos13/sra-pub-zq-1307/SRR027/27300/SRR27300427/SRR27300427.lite.1,SRX22977890,GSM7985662,RNA-Seq,cDNA,TRANSCRIPTOMIC,PAIRED,0,0,ILLUMINA,Illumina NovaSeq 6000,SRP479194,PRJNA1055047,3,1055047,SRS19943518,SAMN38977799,simple,208963,Pseudomonas aeruginosa UCBPP-PA14,GSM7985662,,,,,,,no,,,,,"HUNG LAB, MOLECULAR BIOLOGY, MASSACHUSETTS GENERAL HOSPITAL",SRA1772980,,public,C5092A7D7D180DF9B3132AFFD0B20069,C17D6A88CFCFB0D9A3D70ED87902F4D5
SRR27300426,2024-10-11 21:37:54,2023-12-20 13:42:50,5153031,465958169,5153031,90,178,,https://sra-downloadb.be-md.ncbi.nlm.nih.gov/sos13/sra-pub-zq-1307/SRR027/27300/SRR27300426/SRR27300426.lite.1,SRX22977891,GSM7985663,RNA-Seq,cDNA,TRANSCRIPTOMIC,PAIRED,0,0,ILLUMINA,Illumina NovaSeq 6000,SRP479194,PRJNA1055047,3,1055047,SRS19943519,SAMN38977798,simple,208963,Pseudomonas aeruginosa UCBPP-PA14,GSM7985663,,,,,,,no,,,,,"HUNG LAB, MOLECULAR BIOLOGY, MASSACHUSETTS GENERAL HOSPITAL",SRA1772980,,public,3CFB32343D99B5B5B40BC01133E13457,41ED6DBA2B2964DAC447DD6E02DE06D3
SRR27300425,2024-10-11 21:37:54,2023-12-20 13:42:16,4821642,435037764,4821642,90,166,,https://sra-downloadb.be-md.ncbi.nlm.nih.gov/sos13/sra-pub-zq-1307/SRR027/27300/SRR27300425/SRR27300425.lite.1,SRX22977892,GSM7985664,RNA-Seq,cDNA,TRANSCRIPTOMIC,PAIRED,0,0,ILLUMINA,Illumina NovaSeq 6000,SRP479194,PRJNA1055047,3,1055047,SRS19943520,SAMN38977797,simple,208963,Pseudomonas aeruginosa UCBPP-PA14,GSM7985664,,,,,,,no,,,,,"HUNG LAB, MOLECULAR BIOLOGY, MASSACHUSETTS GENERAL HOSPITAL",SRA1772980,,public,97F3FCAB13CA7D08C578E8DB9272B363,4319C1D061F7FBCA4902FC62249B8E80
SRR27300424,2024-10-11 21:37:54,2023-12-20 13:42:15,3197513,288667084,3197513,90,109,,https://sra-downloadb.be-md.ncbi.nlm.nih.gov/sos13/sra-pub-zq-1307/SRR027/27300/SRR27300424/SRR27300424.lite.1,SRX22977893,GSM7985665,RNA-Seq,cDNA,TRANSCRIPTOMIC,PAIRED,0,0,ILLUMINA,Illumina NovaSeq 6000,SRP479194,PRJNA1055047,3,1055047,SRS19943521,SAMN38977796,simple,208963,Pseudomonas aeruginosa UCBPP-PA14,GSM7985665,,,,,,,no,,,,,"HUNG LAB, MOLECULAR BIOLOGY, MASSACHUSETTS GENERAL HOSPITAL",SRA1772980,,public,9464F33AF897304CADA22A88C58028BF,6A19546BB4361581B88875213C3E6D23
SRR27300423,2024-10-11 21:37:54,2023-12-20 13:41:39,3572152,322067613,3572152,90,121,,https://sra-downloadb.be-md.ncbi.nlm.nih.gov/sos13/sra-pub-zq-1307/SRR027/27300/SRR27300423/SRR27300423.lite.1,SRX22977894,GSM7985666,RNA-Seq,cDNA,TRANSCRIPTOMIC,PAIRED,0,0,ILLUMINA,Illumina NovaSeq 6000,SRP479194,PRJNA1055047,3,1055047,SRS19943525,SAMN38977795,simple,208963,Pseudomonas aeruginosa UCBPP-PA14,GSM7985666,,,,,,,no,,,,,"HUNG LAB, MOLECULAR BIOLOGY, MASSACHUSETTS GENERAL HOSPITAL",SRA1772980,,public,6AA019EF3C0E4C2225FA88E478E07A13,0C4F497799FFFD389E87CAC66BD85C5F
SRR27300422,2024-10-11 21:37:54,2023-12-20 13:42:34,2377370,214414601,2377370,90,82,,https://sra-downloadb.be-md.ncbi.nlm.nih.gov/sos13/sra-pub-zq-1307/SRR027/27300/SRR27300422/SRR27300422.lite.1,SRX22977895,GSM7985667,RNA-Seq,cDNA,TRANSCRIPTOMIC,PAIRED,0,0,ILLUMINA,Illumina NovaSeq 6000,SRP479194,PRJNA1055047,3,1055047,SRS19943524,SAMN38977794,simple,208963,Pseudomonas aeruginosa UCBPP-PA14,GSM7985667,,,,,,,no,,,,,"HUNG LAB, MOLECULAR BIOLOGY, MASSACHUSETTS GENERAL HOSPITAL",SRA1772980,,public,699351045756D5D2CD919470CE10E129,5587083614CBEF5E5E5119974B189CBF
SRR27300421,2024-10-11 21:37:54,2023-12-20 13:42:26,3435480,309658507,3435480,90,121,,https://sra-downloadb.be-md.ncbi.nlm.nih.gov/sos13/sra-pub-zq-1307/SRR027/27300/SRR27300421/SRR27300421.lite.1,SRX22977896,GSM7985668,RNA-Seq,cDNA,TRANSCRIPTOMIC,PAIRED,0,0,ILLUMINA,Illumina NovaSeq 6000,SRP479194,PRJNA1055047,3,1055047,SRS19943522,SAMN38977793,simple,208963,Pseudomonas aeruginosa UCBPP-PA14,GSM7985668,,,,,,,no,,,,,"HUNG LAB, MOLECULAR BIOLOGY, MASSACHUSETTS GENERAL HOSPITAL",SRA1772980,,public,CFC4DDDE4F5EFEAF12AB47A946C2E892,B574EC8E35DDB63952FF1FBC94EFF5BB
SRR27300420,2024-10-11 21:37:56,2023-12-20 13:42:48,3713706,336964944,3713706,90,127,,https://sra-downloadb.be-md.ncbi.nlm.nih.gov/sos13/sra-pub-zq-1307/SRR027/27300/SRR27300420/SRR27300420.lite.1,SRX22977897,GSM7985701,RNA-Seq,cDNA,TRANSCRIPTOMIC,PAIRED,0,0,ILLUMINA,Illumina NovaSeq 6000,SRP479194,PRJNA1055047,3,1055047,SRS19943523,SAMN38977760,simple,208963,Pseudomonas aeruginosa UCBPP-PA14,GSM7985701,,,,,,,no,,,,,"HUNG LAB, MOLECULAR BIOLOGY, MASSACHUSETTS GENERAL HOSPITAL",SRA1772980,,public,EC690C7555F2AADBD76E50865102D4E9,D5503FD4FB7D423F5EC9E6E3DE766E8C
SRR27300419,2024-10-11 21:37:56,2023-12-20 13:42:30,3940781,357559599,3940781,90,136,,https://sra-downloadb.be-md.ncbi.nlm.nih.gov/sos13/sra-pub-zq-1307/SRR027/27300/SRR27300419/SRR27300419.lite.1,SRX22977898,GSM7985702,RNA-Seq,cDNA,TRANSCRIPTOMIC,PAIRED,0,0,ILLUMINA,Illumina NovaSeq 6000,SRP479194,PRJNA1055047,3,1055047,SRS19943526,SAMN38977759,simple,208963,Pseudomonas aeruginosa UCBPP-PA14,GSM7985702,,,,,,,no,,,,,"HUNG LAB, MOLECULAR BIOLOGY, MASSACHUSETTS GENERAL HOSPITAL",SRA1772980,,public,55389A9D58C8424D2616E528131E94E5,AB3C94839FAC3CDB024C42AA8B8921EF
SRR27300418,2024-10-11 21:37:56,2023-12-20 13:42:58,6372550,577328108,6372550,90,218,,https://sra-downloadb.be-md.ncbi.nlm.nih.gov/sos13/sra-pub-zq-1307/SRR027/27300/SRR27300418/SRR27300418.lite.1,SRX22977899,GSM7985703,RNA-Seq,cDNA,TRANSCRIPTOMIC,PAIRED,0,0,ILLUMINA,Illumina NovaSeq 6000,SRP479194,PRJNA1055047,3,1055047,SRS19943527,SAMN38977758,simple,208963,Pseudomonas aeruginosa UCBPP-PA14,GSM7985703,,,,,,,no,,,,,"HUNG LAB, MOLECULAR BIOLOGY, MASSACHUSETTS GENERAL HOSPITAL",SRA1772980,,public,841C63140A50724A0F1F845318317F9F,2A4EB1E863C77320D5602F0B61F2E086
SRR27300417,2024-10-11 21:37:56,2023-12-20 13:42:23,5098761,462198949,5098761,90,175,,https://sra-downloadb.be-md.ncbi.nlm.nih.gov/sos13/sra-pub-zq-1307/SRR027/27300/SRR27300417/SRR27300417.lite.1,SRX22977900,GSM7985704,RNA-Seq,cDNA,TRANSCRIPTOMIC,PAIRED,0,0,ILLUMINA,Illumina NovaSeq 6000,SRP479194,PRJNA1055047,3,1055047,SRS19943529,SAMN38977757,simple,208963,Pseudomonas aeruginosa UCBPP-PA14,GSM7985704,,,,,,,no,,,,,"HUNG LAB, MOLECULAR BIOLOGY, MASSACHUSETTS GENERAL HOSPITAL",SRA1772980,,public,D0CB73479F3989C332865CDBC762B8F0,AD5930C1B8B02FAC39686A9D98163DB8
SRR27300416,2024-10-11 21:37:56,2023-12-20 13:42:27,3365556,304881907,3365556,90,116,,https://sra-downloadb.be-md.ncbi.nlm.nih.gov/sos13/sra-pub-zq-1307/SRR027/27300/SRR27300416/SRR27300416.lite.1,SRX22977901,GSM7985705,RNA-Seq,cDNA,TRANSCRIPTOMIC,PAIRED,0,0,ILLUMINA,Illumina NovaSeq 6000,SRP479194,PRJNA1055047,3,1055047,SRS19943528,SAMN38977756,simple,208963,Pseudomonas aeruginosa UCBPP-PA14,GSM7985705,,,,,,,no,,,,,"HUNG LAB, MOLECULAR BIOLOGY, MASSACHUSETTS GENERAL HOSPITAL",SRA1772980,,public,AB2D7AA79F67019C3E00DF87021AAA31,6CE7A2B86A220A96EC4E391C3DA731CE
SRR27300414,2024-10-11 21:37:56,2023-12-20 13:42:16,3007202,272481279,3007202,90,102,,https://sra-downloadb.be-md.ncbi.nlm.nih.gov/sos13/sra-pub-zq-1307/SRR027/27300/SRR27300414/SRR27300414.lite.1,SRX22977902,GSM7985706,RNA-Seq,cDNA,TRANSCRIPTOMIC,PAIRED,0,0,ILLUMINA,Illumina NovaSeq 6000,SRP479194,PRJNA1055047,3,1055047,SRS19943530,SAMN38977755,simple,208963,Pseudomonas aeruginosa UCBPP-PA14,GSM7985706,,,,,,,no,,,,,"HUNG LAB, MOLECULAR BIOLOGY, MASSACHUSETTS GENERAL HOSPITAL",SRA1772980,,public,008505CE731D19690BF7D5583C455F04,90B3737FBDB3165CE4B42FBFDB2BF45E
SRR27300415,2024-10-11 21:37:56,2023-12-20 13:41:56,2454070,221946694,2454070,90,84,,https://sra-downloadb.be-md.ncbi.nlm.nih.gov/sos13/sra-pub-zq-1307/SRR027/27300/SRR27300415/SRR27300415.lite.1,SRX22977902,GSM7985706,RNA-Seq,cDNA,TRANSCRIPTOMIC,PAIRED,0,0,ILLUMINA,Illumina NovaSeq 6000,SRP479194,PRJNA1055047,3,1055047,SRS19943530,SAMN38977755,simple,208963,Pseudomonas aeruginosa UCBPP-PA14,GSM7985706,,,,,,,no,,,,,"HUNG LAB, MOLECULAR BIOLOGY, MASSACHUSETTS GENERAL HOSPITAL",SRA1772980,,public,B1B095AC39F2F881110D8C0070202220,CBC2C8525400E15A11E74163F7D4ECB7
SRR27300412,2024-10-11 21:37:57,2023-12-20 13:42:15,3037221,275184289,3037221,90,104,,https://sra-downloadb.be-md.ncbi.nlm.nih.gov/sos13/sra-pub-zq-1307/SRR027/27300/SRR27300412/SRR27300412.lite.1,SRX22977903,GSM7985707,RNA-Seq,cDNA,TRANSCRIPTOMIC,PAIRED,0,0,ILLUMINA,Illumina NovaSeq 6000,SRP479194,PRJNA1055047,3,1055047,SRS19943531,SAMN38977754,simple,208963,Pseudomonas aeruginosa UCBPP-PA14,GSM7985707,,,,,,,no,,,,,"HUNG LAB, MOLECULAR BIOLOGY, MASSACHUSETTS GENERAL HOSPITAL",SRA1772980,,public,A8EEFFB7CCA9B1C3CBA03D9018FE5301,E95F04FA606D367096803D56B63BAF56
SRR27300413,2024-10-11 21:37:57,2023-12-20 13:41:56,2701252,244373898,2701252,90,92,,https://sra-downloadb.be-md.ncbi.nlm.nih.gov/sos13/sra-pub-zq-1307/SRR027/27300/SRR27300413/SRR27300413.lite.1,SRX22977903,GSM7985707,RNA-Seq,cDNA,TRANSCRIPTOMIC,PAIRED,0,0,ILLUMINA,Illumina NovaSeq 6000,SRP479194,PRJNA1055047,3,1055047,SRS19943531,SAMN38977754,simple,208963,Pseudomonas aeruginosa UCBPP-PA14,GSM7985707,,,,,,,no,,,,,"HUNG LAB, MOLECULAR BIOLOGY, MASSACHUSETTS GENERAL HOSPITAL",SRA1772980,,public,31E792031A18556D7EF979FF85DB5AA8,4E2D0764E9BF6C8F932A3CE8EF88FB24
SRR27300352,2024-10-11 21:37:57,2023-12-20 13:42:28,6009628,544069324,6009628,90,206,,https://sra-downloadb.be-md.ncbi.nlm.nih.gov/sos13/sra-pub-zq-1307/SRR027/27300/SRR27300352/SRR27300352.lite.1,SRX22977904,GSM7985708,RNA-Seq,cDNA,TRANSCRIPTOMIC,PAIRED,0,0,ILLUMINA,Illumina NovaSeq 6000,SRP479194,PRJNA1055047,3,1055047,SRS19943534,SAMN38977753,simple,208963,Pseudomonas aeruginosa UCBPP-PA14,GSM7985708,,,,,,,no,,,,,"HUNG LAB, MOLECULAR BIOLOGY, MASSACHUSETTS GENERAL HOSPITAL",SRA1772980,,public,5F008EFA278F91AA935A559DC5D4FC37,F4186CEA8365C9C8D6FC524DE0D37D6F
SRR27300411,2024-10-11 21:37:57,2023-12-20 13:42:46,7383885,669665746,7383885,90,252,,https://sra-downloadb.be-md.ncbi.nlm.nih.gov/sos13/sra-pub-zq-1307/SRR027/27300/SRR27300411/SRR27300411.lite.1,SRX22977904,GSM7985708,RNA-Seq,cDNA,TRANSCRIPTOMIC,PAIRED,0,0,ILLUMINA,Illumina NovaSeq 6000,SRP479194,PRJNA1055047,3,1055047,SRS19943534,SAMN38977753,simple,208963,Pseudomonas aeruginosa UCBPP-PA14,GSM7985708,,,,,,,no,,,,,"HUNG LAB, MOLECULAR BIOLOGY, MASSACHUSETTS GENERAL HOSPITAL",SRA1772980,,public,3A555C1216CFAD6A12E12FEA2E9F2FF2,2A142237FC295BE91D5122B1A7FB240D
SRR27300409,2024-10-11 21:37:57,2023-12-20 13:43:04,6335223,573391179,6335223,90,218,,https://sra-downloadb.be-md.ncbi.nlm.nih.gov/sos13/sra-pub-zq-1307/SRR027/27300/SRR27300409/SRR27300409.lite.1,SRX22977905,GSM7985709,RNA-Seq,cDNA,TRANSCRIPTOMIC,PAIRED,0,0,ILLUMINA,Illumina NovaSeq 6000,SRP479194,PRJNA1055047,3,1055047,SRS19943532,SAMN38977752,simple,208963,Pseudomonas aeruginosa UCBPP-PA14,GSM7985709,,,,,,,no,,,,,"HUNG LAB, MOLECULAR BIOLOGY, MASSACHUSETTS GENERAL HOSPITAL",SRA1772980,,public,DA1433B55B0574D0249F22F86EF3E41B,7AE8D600D3B25906B4DE3074C28E716F
SRR27300410,2024-10-11 21:37:57,2023-12-20 13:43:29,9637526,870267655,9637526,90,331,,https://sra-downloadb.be-md.ncbi.nlm.nih.gov/sos13/sra-pub-zq-1307/SRR027/27300/SRR27300410/SRR27300410.lite.1,SRX22977905,GSM7985709,RNA-Seq,cDNA,TRANSCRIPTOMIC,PAIRED,0,0,ILLUMINA,Illumina NovaSeq 6000,SRP479194,PRJNA1055047,3,1055047,SRS19943532,SAMN38977752,simple,208963,Pseudomonas aeruginosa UCBPP-PA14,GSM7985709,,,,,,,no,,,,,"HUNG LAB, MOLECULAR BIOLOGY, MASSACHUSETTS GENERAL HOSPITAL",SRA1772980,,public,20DC4A01055A5A0C81F434479B0C8E15,FA1A7180F735EF7DF5FBF0AD8409C1F9
SRR27300408,2024-10-11 21:37:57,2023-12-20 13:42:08,2623622,237126290,2623622,90,90,,https://sra-downloadb.be-md.ncbi.nlm.nih.gov/sos13/sra-pub-zq-1307/SRR027/27300/SRR27300408/SRR27300408.lite.1,SRX22977906,GSM7985710,RNA-Seq,cDNA,TRANSCRIPTOMIC,PAIRED,0,0,ILLUMINA,Illumina NovaSeq 6000,SRP479194,PRJNA1055047,3,1055047,SRS19943533,SAMN38977751,simple,208963,Pseudomonas aeruginosa UCBPP-PA14,GSM7985710,,,,,,,no,,,,,"HUNG LAB, MOLECULAR BIOLOGY, MASSACHUSETTS GENERAL HOSPITAL",SRA1772980,,public,9DC3B552BF504FBFE99CFCAE3378FC9C,56A5298CEF569C2411B5FC868E449847
SRR27300091,2024-10-11 21:37:57,2023-12-20 13:35:37,2857336,257707478,2857336,90,98,,https://sra-downloadb.be-md.ncbi.nlm.nih.gov/sos13/sra-pub-zq-1307/SRR027/27300/SRR27300091/SRR27300091.lite.1,SRX22977906,GSM7985710,RNA-Seq,cDNA,TRANSCRIPTOMIC,PAIRED,0,0,ILLUMINA,Illumina NovaSeq 6000,SRP479194,PRJNA1055047,3,1055047,SRS19943533,SAMN38977751,simple,208963,Pseudomonas aeruginosa UCBPP-PA14,GSM7985710,,,,,,,no,,,,,"HUNG LAB, MOLECULAR BIOLOGY, MASSACHUSETTS GENERAL HOSPITAL",SRA1772980,,public,3D8D1BABDA2CC529D59F51DDAD4FACFF,E3876C5F2702E71C3FE9949C54C17F00
SRR27300406,2024-10-11 21:37:57,2023-12-20 13:42:01,1724068,155724272,1724068,90,59,,https://sra-downloadb.be-md.ncbi.nlm.nih.gov/sos13/sra-pub-zq-1307/SRR027/27300/SRR27300406/SRR27300406.lite.1,SRX22977907,GSM7985711,RNA-Seq,cDNA,TRANSCRIPTOMIC,PAIRED,0,0,ILLUMINA,Illumina NovaSeq 6000,SRP479194,PRJNA1055047,3,1055047,SRS19943535,SAMN38977750,simple,208963,Pseudomonas aeruginosa UCBPP-PA14,GSM7985711,,,,,,,no,,,,,"HUNG LAB, MOLECULAR BIOLOGY, MASSACHUSETTS GENERAL HOSPITAL",SRA1772980,,public,18D2FFBD3B57993BE4492F84A6298A89,240D4A7B9B67E651E5728ACBB983519E
SRR27300407,2024-10-11 21:37:57,2023-12-20 13:42:16,3870094,348921700,3870094,90,133,,https://sra-downloadb.be-md.ncbi.nlm.nih.gov/sos13/sra-pub-zq-1307/SRR027/27300/SRR27300407/SRR27300407.lite.1,SRX22977907,GSM7985711,RNA-Seq,cDNA,TRANSCRIPTOMIC,PAIRED,0,0,ILLUMINA,Illumina NovaSeq 6000,SRP479194,PRJNA1055047,3,1055047,SRS19943535,SAMN38977750,simple,208963,Pseudomonas aeruginosa UCBPP-PA14,GSM7985711,,,,,,,no,,,,,"HUNG LAB, MOLECULAR BIOLOGY, MASSACHUSETTS GENERAL HOSPITAL",SRA1772980,,public,C455786AA64BF4DA5A40BAF9EAC78C2F,6716E5AE4FBD82E732ACAE41760FDD14
SRR27300405,2024-10-11 21:37:57,2023-12-20 13:42:19,3338888,302672324,3338888,90,115,,https://sra-downloadb.be-md.ncbi.nlm.nih.gov/sos13/sra-pub-zq-1307/SRR027/27300/SRR27300405/SRR27300405.lite.1,SRX22977908,GSM7985712,RNA-Seq,cDNA,TRANSCRIPTOMIC,PAIRED,0,0,ILLUMINA,Illumina NovaSeq 6000,SRP479194,PRJNA1055047,3,1055047,SRS19943538,SAMN38977749,simple,208963,Pseudomonas aeruginosa UCBPP-PA14,GSM7985712,,,,,,,no,,,,,"HUNG LAB, MOLECULAR BIOLOGY, MASSACHUSETTS GENERAL HOSPITAL",SRA1772980,,public,71714AD2A384FFD79D3B74A39BFFDBEB,7F08B95DA43A3D37DF75D3443E9F8D1F
SRR27300400,2024-10-11 21:37:57,2023-12-20 13:42:19,3038198,275304255,3038198,90,106,,https://sra-downloadb.be-md.ncbi.nlm.nih.gov/sos13/sra-pub-zq-1307/SRR027/27300/SRR27300400/SRR27300400.lite.1,SRX22977909,GSM7985713,RNA-Seq,cDNA,TRANSCRIPTOMIC,PAIRED,0,0,ILLUMINA,Illumina NovaSeq 6000,SRP479194,PRJNA1055047,3,1055047,SRS19943536,SAMN38977748,simple,208963,Pseudomonas aeruginosa UCBPP-PA14,GSM7985713,,,,,,,no,,,,,"HUNG LAB, MOLECULAR BIOLOGY, MASSACHUSETTS GENERAL HOSPITAL",SRA1772980,,public,E749E26E3A3630D13B8F7943C0536A28,01448ED23AD7996588CC3D2EB716E731
SRR27300401,2024-10-11 21:37:57,2023-12-20 13:42:40,3781549,341779422,3781549,90,130,,https://sra-downloadb.be-md.ncbi.nlm.nih.gov/sos13/sra-pub-zq-1307/SRR027/27300/SRR27300401/SRR27300401.lite.1,SRX22977909,GSM7985713,RNA-Seq,cDNA,TRANSCRIPTOMIC,PAIRED,0,0,ILLUMINA,Illumina NovaSeq 6000,SRP479194,PRJNA1055047,3,1055047,SRS19943536,SAMN38977748,simple,208963,Pseudomonas aeruginosa UCBPP-PA14,GSM7985713,,,,,,,no,,,,,"HUNG LAB, MOLECULAR BIOLOGY, MASSACHUSETTS GENERAL HOSPITAL",SRA1772980,,public,99D947A426A9BD690AE4003895822CCC,EC997BBED429D4199982317F3A58BA47
SRR27300402,2024-10-11 21:37:57,2023-12-20 13:41:54,2375415,215188197,2375415,90,83,,https://sra-downloadb.be-md.ncbi.nlm.nih.gov/sos13/sra-pub-zq-1307/SRR027/27300/SRR27300402/SRR27300402.lite.1,SRX22977909,GSM7985713,RNA-Seq,cDNA,TRANSCRIPTOMIC,PAIRED,0,0,ILLUMINA,Illumina NovaSeq 6000,SRP479194,PRJNA1055047,3,1055047,SRS19943536,SAMN38977748,simple,208963,Pseudomonas aeruginosa UCBPP-PA14,GSM7985713,,,,,,,no,,,,,"HUNG LAB, MOLECULAR BIOLOGY, MASSACHUSETTS GENERAL HOSPITAL",SRA1772980,,public,BE2929758356B1A18CBCD1CA387ADACC,A813998052962B87CFD2FAB998E1C776
SRR27300403,2024-10-11 21:37:57,2023-12-20 13:42:19,5194220,470460276,5194220,90,180,,https://sra-downloadb.be-md.ncbi.nlm.nih.gov/sos13/sra-pub-zq-1307/SRR027/27300/SRR27300403/SRR27300403.lite.1,SRX22977909,GSM7985713,RNA-Seq,cDNA,TRANSCRIPTOMIC,PAIRED,0,0,ILLUMINA,Illumina NovaSeq 6000,SRP479194,PRJNA1055047,3,1055047,SRS19943536,SAMN38977748,simple,208963,Pseudomonas aeruginosa UCBPP-PA14,GSM7985713,,,,,,,no,,,,,"HUNG LAB, MOLECULAR BIOLOGY, MASSACHUSETTS GENERAL HOSPITAL",SRA1772980,,public,5944B5A539FA5559C8DD8058B8594BAF,FA6914663E512CEEB56833DC5815BEFA
SRR27300396,2024-10-11 21:37:57,2023-12-20 13:42:29,3584100,324711806,3584100,90,122,,https://sra-downloadb.be-md.ncbi.nlm.nih.gov/sos13/sra-pub-zq-1307/SRR027/27300/SRR27300396/SRR27300396.lite.1,SRX22977910,GSM7985714,RNA-Seq,cDNA,TRANSCRIPTOMIC,PAIRED,0,0,ILLUMINA,Illumina NovaSeq 6000,SRP479194,PRJNA1055047,3,1055047,SRS19943537,SAMN38977747,simple,208963,Pseudomonas aeruginosa UCBPP-PA14,GSM7985714,,,,,,,no,,,,,"HUNG LAB, MOLECULAR BIOLOGY, MASSACHUSETTS GENERAL HOSPITAL",SRA1772980,,public,353F1C60C3AE2F1E2D645F0FF1C4853A,9BC143591A27C48DAACBEAC62F0C95C3
SRR27300397,2024-10-11 21:37:57,2023-12-20 13:41:39,4224508,382101071,4224508,90,143,,https://sra-downloadb.be-md.ncbi.nlm.nih.gov/sos13/sra-pub-zq-1307/SRR027/27300/SRR27300397/SRR27300397.lite.1,SRX22977910,GSM7985714,RNA-Seq,cDNA,TRANSCRIPTOMIC,PAIRED,0,0,ILLUMINA,Illumina NovaSeq 6000,SRP479194,PRJNA1055047,3,1055047,SRS19943537,SAMN38977747,simple,208963,Pseudomonas aeruginosa UCBPP-PA14,GSM7985714,,,,,,,no,,,,,"HUNG LAB, MOLECULAR BIOLOGY, MASSACHUSETTS GENERAL HOSPITAL",SRA1772980,,public,49B42647D236552BAEED86FE23827B1E,4F2538E40C3F55E22D117743528F1424
SRR27300398,2024-10-11 21:37:57,2023-12-20 13:41:56,3096663,280534060,3096663,90,107,,https://sra-downloadb.be-md.ncbi.nlm.nih.gov/sos13/sra-pub-zq-1307/SRR027/27300/SRR27300398/SRR27300398.lite.1,SRX22977910,GSM7985714,RNA-Seq,cDNA,TRANSCRIPTOMIC,PAIRED,0,0,ILLUMINA,Illumina NovaSeq 6000,SRP479194,PRJNA1055047,3,1055047,SRS19943537,SAMN38977747,simple,208963,Pseudomonas aeruginosa UCBPP-PA14,GSM7985714,,,,,,,no,,,,,"HUNG LAB, MOLECULAR BIOLOGY, MASSACHUSETTS GENERAL HOSPITAL",SRA1772980,,public,A07A7F5EB9EAECCFF121EAC871B496E9,C496ECC7E284C540B767FA89E3BC04E5
SRR27300399,2024-10-11 21:37:57,2023-12-20 13:42:23,4826732,437422438,4826732,90,166,,https://sra-downloadb.be-md.ncbi.nlm.nih.gov/sos13/sra-pub-zq-1307/SRR027/27300/SRR27300399/SRR27300399.lite.1,SRX22977910,GSM7985714,RNA-Seq,cDNA,TRANSCRIPTOMIC,PAIRED,0,0,ILLUMINA,Illumina NovaSeq 6000,SRP479194,PRJNA1055047,3,1055047,SRS19943537,SAMN38977747,simple,208963,Pseudomonas aeruginosa UCBPP-PA14,GSM7985714,,,,,,,no,,,,,"HUNG LAB, MOLECULAR BIOLOGY, MASSACHUSETTS GENERAL HOSPITAL",SRA1772980,,public,8BEE4855850BB89D0A1383BFD4E33C53,2B3C08AD7E170DF58BD2A8859CF6B89C
SRR27300376,2024-10-11 21:37:59,2023-12-20 13:41:25,1710853,155129635,1710853,90,60,,https://sra-downloadb.be-md.ncbi.nlm.nih.gov/sos13/sra-pub-zq-1307/SRR027/27300/SRR27300376/SRR27300376.lite.1,SRX22977930,GSM7985798,RNA-Seq,cDNA,TRANSCRIPTOMIC,PAIRED,0,0,ILLUMINA,Illumina NovaSeq 6000,SRP479194,PRJNA1055047,3,1055047,SRS19943558,SAMN38977663,simple,208963,Pseudomonas aeruginosa UCBPP-PA14,GSM7985798,,,,,,,no,,,,,"HUNG LAB, MOLECULAR BIOLOGY, MASSACHUSETTS GENERAL HOSPITAL",SRA1772980,,public,5ED84FAB1D2059B73D8B4B694F00B761,ACFC36AFDE80E3DC9080B19116665AD3
SRR27300375,2024-10-11 21:37:59,2023-12-20 13:41:58,1583876,142956252,1583876,90,54,,https://sra-downloadb.be-md.ncbi.nlm.nih.gov/sos13/sra-pub-zq-1307/SRR027/27300/SRR27300375/SRR27300375.lite.1,SRX22977931,GSM7985799,RNA-Seq,cDNA,TRANSCRIPTOMIC,PAIRED,0,0,ILLUMINA,Illumina NovaSeq 6000,SRP479194,PRJNA1055047,3,1055047,SRS19943559,SAMN38977662,simple,208963,Pseudomonas aeruginosa UCBPP-PA14,GSM7985799,,,,,,,no,,,,,"HUNG LAB, MOLECULAR BIOLOGY, MASSACHUSETTS GENERAL HOSPITAL",SRA1772980,,public,2F18C4CD7BEAD0C771530C0783C3DA51,CB530967977741A26FF2DD507D2AA08B
SRR27300374,2024-10-11 21:38:00,2023-12-20 13:42:27,3443999,311169478,3443999,90,119,,https://sra-downloadb.be-md.ncbi.nlm.nih.gov/sos13/sra-pub-zq-1307/SRR027/27300/SRR27300374/SRR27300374.lite.1,SRX22977932,GSM7985800,RNA-Seq,cDNA,TRANSCRIPTOMIC,PAIRED,0,0,ILLUMINA,Illumina NovaSeq 6000,SRP479194,PRJNA1055047,3,1055047,SRS19943560,SAMN38977661,simple,208963,Pseudomonas aeruginosa UCBPP-PA14,GSM7985800,,,,,,,no,,,,,"HUNG LAB, MOLECULAR BIOLOGY, MASSACHUSETTS GENERAL HOSPITAL",SRA1772980,,public,134BB6B4A239FF633971E004938FED59,1FA28448070AC0C04448EDBB58F71B95
SRR27300370,2024-10-11 21:38:00,2023-12-20 13:41:24,1429010,129356776,1429010,90,50,,https://sra-downloadb.be-md.ncbi.nlm.nih.gov/sos13/sra-pub-zq-1307/SRR027/27300/SRR27300370/SRR27300370.lite.1,SRX22977936,GSM7985804,RNA-Seq,cDNA,TRANSCRIPTOMIC,PAIRED,0,0,ILLUMINA,Illumina NovaSeq 6000,SRP479194,PRJNA1055047,3,1055047,SRS19943566,SAMN38977657,simple,208963,Pseudomonas aeruginosa UCBPP-PA14,GSM7985804,,,,,,,no,,,,,"HUNG LAB, MOLECULAR BIOLOGY, MASSACHUSETTS GENERAL HOSPITAL",SRA1772980,,public,A3153335F808592C310E5CCE3363B666,3999CC0EE3E459A7D2CB2EB9DFED710B
SRR27300369,2024-10-11 21:38:00,2023-12-20 13:42:21,3198150,289543802,3198150,90,112,,https://sra-downloadb.be-md.ncbi.nlm.nih.gov/sos13/sra-pub-zq-1307/SRR027/27300/SRR27300369/SRR27300369.lite.1,SRX22977937,GSM7985805,RNA-Seq,cDNA,TRANSCRIPTOMIC,PAIRED,0,0,ILLUMINA,Illumina NovaSeq 6000,SRP479194,PRJNA1055047,3,1055047,SRS19943565,SAMN38977656,simple,208963,Pseudomonas aeruginosa UCBPP-PA14,GSM7985805,,,,,,,no,,,,,"HUNG LAB, MOLECULAR BIOLOGY, MASSACHUSETTS GENERAL HOSPITAL",SRA1772980,,public,FA525DB9CCFF2D62C4455948331E01E7,B033737CAF6DC991894544026B72CA1B
SRR27300368,2024-10-11 21:38:00,2023-12-20 13:43:11,6814097,617339914,6814097,90,242,,https://sra-downloadb.be-md.ncbi.nlm.nih.gov/sos13/sra-pub-zq-1307/SRR027/27300/SRR27300368/SRR27300368.lite.1,SRX22977938,GSM7985806,RNA-Seq,cDNA,TRANSCRIPTOMIC,PAIRED,0,0,ILLUMINA,Illumina NovaSeq 6000,SRP479194,PRJNA1055047,3,1055047,SRS19943567,SAMN38977655,simple,208963,Pseudomonas aeruginosa UCBPP-PA14,GSM7985806,,,,,,,no,,,,,"HUNG LAB, MOLECULAR BIOLOGY, MASSACHUSETTS GENERAL HOSPITAL",SRA1772980,,public,A544E8C6AC8C2BCD7FADAAFD07A99E06,CF44DC42A4E0D12639AC5BC0836B70EE
SRR27300367,2024-10-11 21:38:00,2023-12-20 13:41:29,2329642,211173812,2329642,90,80,,https://sra-downloadb.be-md.ncbi.nlm.nih.gov/sos13/sra-pub-zq-1307/SRR027/27300/SRR27300367/SRR27300367.lite.1,SRX22977939,GSM7985807,RNA-Seq,cDNA,TRANSCRIPTOMIC,PAIRED,0,0,ILLUMINA,Illumina NovaSeq 6000,SRP479194,PRJNA1055047,3,1055047,SRS19943564,SAMN38977654,simple,208963,Pseudomonas aeruginosa UCBPP-PA14,GSM7985807,,,,,,,no,,,,,"HUNG LAB, MOLECULAR BIOLOGY, MASSACHUSETTS GENERAL HOSPITAL",SRA1772980,,public,6756419075DBD2927D1EAF8A2F2ED3B6,9780787520EEA8BDA075B7A3081A8C2F
SRR27300366,2024-10-11 21:38:00,2023-12-20 13:41:30,2290058,207558133,2290058,90,79,,https://sra-downloadb.be-md.ncbi.nlm.nih.gov/sos13/sra-pub-zq-1307/SRR027/27300/SRR27300366/SRR27300366.lite.1,SRX22977940,GSM7985808,RNA-Seq,cDNA,TRANSCRIPTOMIC,PAIRED,0,0,ILLUMINA,Illumina NovaSeq 6000,SRP479194,PRJNA1055047,3,1055047,SRS19943568,SAMN38977653,simple,208963,Pseudomonas aeruginosa UCBPP-PA14,GSM7985808,,,,,,,no,,,,,"HUNG LAB, MOLECULAR BIOLOGY, MASSACHUSETTS GENERAL HOSPITAL",SRA1772980,,public,97F95D2C9B5EA52318E8913F2B7BF64C,AA128CFB448C8112B87F61CCF3A87B6E
SRR27300365,2024-10-11 21:38:00,2023-12-20 13:42:30,4170690,376863911,4170690,90,146,,https://sra-downloadb.be-md.ncbi.nlm.nih.gov/sos13/sra-pub-zq-1307/SRR027/27300/SRR27300365/SRR27300365.lite.1,SRX22977941,GSM7985809,RNA-Seq,cDNA,TRANSCRIPTOMIC,PAIRED,0,0,ILLUMINA,Illumina NovaSeq 6000,SRP479194,PRJNA1055047,3,1055047,SRS19943569,SAMN38977652,simple,208963,Pseudomonas aeruginosa UCBPP-PA14,GSM7985809,,,,,,,no,,,,,"HUNG LAB, MOLECULAR BIOLOGY, MASSACHUSETTS GENERAL HOSPITAL",SRA1772980,,public,4D44B1155ED544B9F677ECD30822DCF6,53587BEE40CBFBB88EBD90143F1A5B65
SRR27300363,2024-10-11 21:38:00,2023-12-20 13:41:52,2714498,245531185,2714498,90,95,,https://sra-downloadb.be-md.ncbi.nlm.nih.gov/sos13/sra-pub-zq-1307/SRR027/27300/SRR27300363/SRR27300363.lite.1,SRX22977942,GSM7985810,RNA-Seq,cDNA,TRANSCRIPTOMIC,PAIRED,0,0,ILLUMINA,Illumina NovaSeq 6000,SRP479194,PRJNA1055047,3,1055047,SRS19943570,SAMN38977651,simple,208963,Pseudomonas aeruginosa UCBPP-PA14,GSM7985810,,,,,,,no,,,,,"HUNG LAB, MOLECULAR BIOLOGY, MASSACHUSETTS GENERAL HOSPITAL",SRA1772980,,public,A5C4BE08EF8CAC974C7B93328D389481,C8366B0BACA770FA8A27A1BCD02DE31A
SRR27300364,2024-10-11 21:38:00,2023-12-20 13:42:06,2882470,260507720,2882470,90,101,,https://sra-downloadb.be-md.ncbi.nlm.nih.gov/sos13/sra-pub-zq-1307/SRR027/27300/SRR27300364/SRR27300364.lite.1,SRX22977942,GSM7985810,RNA-Seq,cDNA,TRANSCRIPTOMIC,PAIRED,0,0,ILLUMINA,Illumina NovaSeq 6000,SRP479194,PRJNA1055047,3,1055047,SRS19943570,SAMN38977651,simple,208963,Pseudomonas aeruginosa UCBPP-PA14,GSM7985810,,,,,,,no,,,,,"HUNG LAB, MOLECULAR BIOLOGY, MASSACHUSETTS GENERAL HOSPITAL",SRA1772980,,public,DB72A76A3C81F7843E0339BE1A4C17D4,5EA4FB4C9D924963FD6F57F7E774E075
SRR27300362,2024-10-11 21:38:40,2023-12-20 13:42:24,4528038,409689984,4528038,90,164,,https://sra-downloadb.be-md.ncbi.nlm.nih.gov/sos13/sra-pub-zq-1307/SRR027/27300/SRR27300362/SRR27300362.lite.1,SRX22977943,GSM7985018,RNA-Seq,cDNA,TRANSCRIPTOMIC,PAIRED,0,0,ILLUMINA,Illumina NovaSeq 6000,SRP479194,PRJNA1055047,3,1055047,SRS19943571,SAMN38978443,simple,208963,Pseudomonas aeruginosa UCBPP-PA14,GSM7985018,,,,,,,no,,,,,"HUNG LAB, MOLECULAR BIOLOGY, MASSACHUSETTS GENERAL HOSPITAL",SRA1772980,,public,D486D0819075C0E03858754985B1D63A,6464BBF6A06A96795FCD34A159C5E090
SRR27300360,2024-10-11 21:38:41,2023-12-20 13:42:34,3506330,317233193,3506330,90,127,,https://sra-downloadb.be-md.ncbi.nlm.nih.gov/sos13/sra-pub-zq-1307/SRR027/27300/SRR27300360/SRR27300360.lite.1,SRX22977944,GSM7985019,RNA-Seq,cDNA,TRANSCRIPTOMIC,PAIRED,0,0,ILLUMINA,Illumina NovaSeq 6000,SRP479194,PRJNA1055047,3,1055047,SRS19943572,SAMN38978442,simple,208963,Pseudomonas aeruginosa UCBPP-PA14,GSM7985019,,,,,,,no,,,,,"HUNG LAB, MOLECULAR BIOLOGY, MASSACHUSETTS GENERAL HOSPITAL",SRA1772980,,public,185636C66C3B1C5F8C55B2EA666D407A,6AF953E44B4140DFE788EC5211A2CED2
SRR27300359,2024-10-11 21:38:42,2023-12-20 13:42:24,3702552,334216092,3702552,90,133,,https://sra-downloadb.be-md.ncbi.nlm.nih.gov/sos13/sra-pub-zq-1307/SRR027/27300/SRR27300359/SRR27300359.lite.1,SRX22977945,GSM7985020,RNA-Seq,cDNA,TRANSCRIPTOMIC,PAIRED,0,0,ILLUMINA,Illumina NovaSeq 6000,SRP479194,PRJNA1055047,3,1055047,SRS19943574,SAMN38978441,simple,208963,Pseudomonas aeruginosa UCBPP-PA14,GSM7985020,,,,,,,no,,,,,"HUNG LAB, MOLECULAR BIOLOGY, MASSACHUSETTS GENERAL HOSPITAL",SRA1772980,,public,952B9B51238EAD7EC18C11CE15A42DE4,7CC90FB1257357F77245CC86FEE5B75A
SRR27300357,2024-10-11 21:38:43,2023-12-20 13:43:01,8169858,738224481,8169858,90,297,,https://sra-downloadb.be-md.ncbi.nlm.nih.gov/sos13/sra-pub-zq-1307/SRR027/27300/SRR27300357/SRR27300357.lite.1,SRX22977946,GSM7985021,RNA-Seq,cDNA,TRANSCRIPTOMIC,PAIRED,0,0,ILLUMINA,Illumina NovaSeq 6000,SRP479194,PRJNA1055047,3,1055047,SRS19943573,SAMN38978440,simple,208963,Pseudomonas aeruginosa UCBPP-PA14,GSM7985021,,,,,,,no,,,,,"HUNG LAB, MOLECULAR BIOLOGY, MASSACHUSETTS GENERAL HOSPITAL",SRA1772980,,public,99EFB871E4691FD63E05E57B472372E9,35E52DDB8FA653BDB19B51DFDA96EBA3
SRR27300356,2024-10-11 21:38:44,2023-12-20 13:43:07,7401912,668881082,7401912,90,268,,https://sra-downloadb.be-md.ncbi.nlm.nih.gov/sos13/sra-pub-zq-1307/SRR027/27300/SRR27300356/SRR27300356.lite.1,SRX22977947,GSM7985022,RNA-Seq,cDNA,TRANSCRIPTOMIC,PAIRED,0,0,ILLUMINA,Illumina NovaSeq 6000,SRP479194,PRJNA1055047,3,1055047,SRS19943575,SAMN38978439,simple,208963,Pseudomonas aeruginosa UCBPP-PA14,GSM7985022,,,,,,,no,,,,,"HUNG LAB, MOLECULAR BIOLOGY, MASSACHUSETTS GENERAL HOSPITAL",SRA1772980,,public,3227815CD029CFBCB9F0918AA44F7750,0C99E1B328D483EA1CDA5E360C3B2D32
SRR27300354,2024-10-11 21:38:46,2023-12-20 13:41:51,6377399,574229225,6377399,90,231,,https://sra-downloadb.be-md.ncbi.nlm.nih.gov/sos13/sra-pub-zq-1307/SRR027/27300/SRR27300354/SRR27300354.lite.1,SRX22977948,GSM7985023,RNA-Seq,cDNA,TRANSCRIPTOMIC,PAIRED,0,0,ILLUMINA,Illumina NovaSeq 6000,SRP479194,PRJNA1055047,3,1055047,SRS19943577,SAMN38978438,simple,208963,Pseudomonas aeruginosa UCBPP-PA14,GSM7985023,,,,,,,no,,,,,"HUNG LAB, MOLECULAR BIOLOGY, MASSACHUSETTS GENERAL HOSPITAL",SRA1772980,,public,B56F2A68EA4D28017C63766550FC8929,0BB6ACE7EE5E2FDC1E20CA2176E597BB
SRR27300353,2024-10-11 21:38:47,2023-12-20 13:43:01,5904234,533246123,5904234,90,212,,https://sra-downloadb.be-md.ncbi.nlm.nih.gov/sos13/sra-pub-zq-1307/SRR027/27300/SRR27300353/SRR27300353.lite.1,SRX22977949,GSM7985024,RNA-Seq,cDNA,TRANSCRIPTOMIC,PAIRED,0,0,ILLUMINA,Illumina NovaSeq 6000,SRP479194,PRJNA1055047,3,1055047,SRS19943578,SAMN38978437,simple,208963,Pseudomonas aeruginosa UCBPP-PA14,GSM7985024,,,,,,,no,,,,,"HUNG LAB, MOLECULAR BIOLOGY, MASSACHUSETTS GENERAL HOSPITAL",SRA1772980,,public,CE0BE6DC297FC7D1BED1F4E7AE6C1F0B,1A3CBC17164110C956BE4275C665AE62
SRR27300351,2024-10-11 21:38:49,2023-12-20 13:41:54,7074230,638901542,7074230,90,255,,https://sra-downloadb.be-md.ncbi.nlm.nih.gov/sos13/sra-pub-zq-1307/SRR027/27300/SRR27300351/SRR27300351.lite.1,SRX22977950,GSM7985025,RNA-Seq,cDNA,TRANSCRIPTOMIC,PAIRED,0,0,ILLUMINA,Illumina NovaSeq 6000,SRP479194,PRJNA1055047,3,1055047,SRS19943576,SAMN38978436,simple,208963,Pseudomonas aeruginosa UCBPP-PA14,GSM7985025,,,,,,,no,,,,,"HUNG LAB, MOLECULAR BIOLOGY, MASSACHUSETTS GENERAL HOSPITAL",SRA1772980,,public,5D24B0AF9704645098FBA42600701A26,825037187818FA43AE2FA42D2D5F6405
SRR27300349,2024-10-11 21:38:52,2023-12-20 13:41:49,5659563,511273825,5659563,90,204,,https://sra-downloadb.be-md.ncbi.nlm.nih.gov/sos13/sra-pub-zq-1307/SRR027/27300/SRR27300349/SRR27300349.lite.1,SRX22977952,GSM7985027,RNA-Seq,cDNA,TRANSCRIPTOMIC,PAIRED,0,0,ILLUMINA,Illumina NovaSeq 6000,SRP479194,PRJNA1055047,3,1055047,SRS19943579,SAMN38978434,simple,208963,Pseudomonas aeruginosa UCBPP-PA14,GSM7985027,,,,,,,no,,,,,"HUNG LAB, MOLECULAR BIOLOGY, MASSACHUSETTS GENERAL HOSPITAL",SRA1772980,,public,7B2C27EC5266A07E2B973C88074BD88B,E55D0A77CCD4D97ABA6ABA14A3BA07BD
SRR27300485,2024-10-11 21:39:18,2023-12-20 13:42:16,8730316,790668702,8730316,90,300,,https://sra-downloadb.be-md.ncbi.nlm.nih.gov/sos13/sra-pub-zq-1307/SRR027/27300/SRR27300485/SRR27300485.lite.1,SRX22977839,GSM7985502,RNA-Seq,cDNA,TRANSCRIPTOMIC,PAIRED,0,0,ILLUMINA,Illumina NovaSeq 6000,SRP479194,PRJNA1055047,3,1055047,SRS19943466,SAMN38977959,simple,208963,Pseudomonas aeruginosa UCBPP-PA14,GSM7985502,,,,,,,no,,,,,"HUNG LAB, MOLECULAR BIOLOGY, MASSACHUSETTS GENERAL HOSPITAL",SRA1772980,,public,22B0B0F222D7827BB498BB6A84CE01F3,CEBEEE7426DECD8AA3776C12D95ED09C
SRR27300484,2024-10-11 21:39:18,2023-12-20 13:42:15,3367176,304920528,3367176,90,114,,https://sra-downloadb.be-md.ncbi.nlm.nih.gov/sos13/sra-pub-zq-1307/SRR027/27300/SRR27300484/SRR27300484.lite.1,SRX22977840,GSM7985503,RNA-Seq,cDNA,TRANSCRIPTOMIC,PAIRED,0,0,ILLUMINA,Illumina NovaSeq 6000,SRP479194,PRJNA1055047,3,1055047,SRS19943469,SAMN38977958,simple,208963,Pseudomonas aeruginosa UCBPP-PA14,GSM7985503,,,,,,,no,,,,,"HUNG LAB, MOLECULAR BIOLOGY, MASSACHUSETTS GENERAL HOSPITAL",SRA1772980,,public,0106240EB29C87E2F203FEBDD97CC9DC,C849F4F985F3459B2093E4AC42ADD226
SRR27300483,2024-10-11 21:39:18,2023-12-20 13:42:44,5024988,454669468,5024988,90,173,,https://sra-downloadb.be-md.ncbi.nlm.nih.gov/sos13/sra-pub-zq-1307/SRR027/27300/SRR27300483/SRR27300483.lite.1,SRX22977841,GSM7985504,RNA-Seq,cDNA,TRANSCRIPTOMIC,PAIRED,0,0,ILLUMINA,Illumina NovaSeq 6000,SRP479194,PRJNA1055047,3,1055047,SRS19943471,SAMN38977957,simple,208963,Pseudomonas aeruginosa UCBPP-PA14,GSM7985504,,,,,,,no,,,,,"HUNG LAB, MOLECULAR BIOLOGY, MASSACHUSETTS GENERAL HOSPITAL",SRA1772980,,public,9C1CA1CBF6EE278BA372E89AF03431FC,C34BB58EF5E1527E6F4122B956DF38B9
SRR27300482,2024-10-11 21:39:18,2023-12-20 13:42:19,4615618,417349337,4615618,90,161,,https://sra-downloadb.be-md.ncbi.nlm.nih.gov/sos13/sra-pub-zq-1307/SRR027/27300/SRR27300482/SRR27300482.lite.1,SRX22977842,GSM7985505,RNA-Seq,cDNA,TRANSCRIPTOMIC,PAIRED,0,0,ILLUMINA,Illumina NovaSeq 6000,SRP479194,PRJNA1055047,3,1055047,SRS19943468,SAMN38977956,simple,208963,Pseudomonas aeruginosa UCBPP-PA14,GSM7985505,,,,,,,no,,,,,"HUNG LAB, MOLECULAR BIOLOGY, MASSACHUSETTS GENERAL HOSPITAL",SRA1772980,,public,0CC25730EF9DA0D9959D3413163BB8C9,165C6010E64F302B5A78AF2C5F93CBCC
SRR27300481,2024-10-11 21:39:18,2023-12-20 13:42:40,3209882,290088701,3209882,90,110,,https://sra-downloadb.be-md.ncbi.nlm.nih.gov/sos13/sra-pub-zq-1307/SRR027/27300/SRR27300481/SRR27300481.lite.1,SRX22977843,GSM7985506,RNA-Seq,cDNA,TRANSCRIPTOMIC,PAIRED,0,0,ILLUMINA,Illumina NovaSeq 6000,SRP479194,PRJNA1055047,3,1055047,SRS19943470,SAMN38977955,simple,208963,Pseudomonas aeruginosa UCBPP-PA14,GSM7985506,,,,,,,no,,,,,"HUNG LAB, MOLECULAR BIOLOGY, MASSACHUSETTS GENERAL HOSPITAL",SRA1772980,,public,C8819E06485ACCFFAFD25462280DBDEA,19AF5FF490E356B9AE247548188A3DC3
SRR27300480,2024-10-11 21:39:19,2023-12-20 13:41:59,4098207,370672412,4098207,90,141,,https://sra-downloadb.be-md.ncbi.nlm.nih.gov/sos13/sra-pub-zq-1307/SRR027/27300/SRR27300480/SRR27300480.lite.1,SRX22977844,GSM7985507,RNA-Seq,cDNA,TRANSCRIPTOMIC,PAIRED,0,0,ILLUMINA,Illumina NovaSeq 6000,SRP479194,PRJNA1055047,3,1055047,SRS19943472,SAMN38977954,simple,208963,Pseudomonas aeruginosa UCBPP-PA14,GSM7985507,,,,,,,no,,,,,"HUNG LAB, MOLECULAR BIOLOGY, MASSACHUSETTS GENERAL HOSPITAL",SRA1772980,,public,C4BE4A46052EA0595F94CF103898244B,DD8261CB9DF1B55D5E8619C4EA531D17
SRR27300479,2024-10-11 21:39:19,2023-12-20 13:41:43,2407055,217767963,2407055,90,82,,https://sra-downloadb.be-md.ncbi.nlm.nih.gov/sos13/sra-pub-zq-1307/SRR027/27300/SRR27300479/SRR27300479.lite.1,SRX22977845,GSM7985508,RNA-Seq,cDNA,TRANSCRIPTOMIC,PAIRED,0,0,ILLUMINA,Illumina NovaSeq 6000,SRP479194,PRJNA1055047,3,1055047,SRS19943473,SAMN38977953,simple,208963,Pseudomonas aeruginosa UCBPP-PA14,GSM7985508,,,,,,,no,,,,,"HUNG LAB, MOLECULAR BIOLOGY, MASSACHUSETTS GENERAL HOSPITAL",SRA1772980,,public,154F206415E8EE69A1604A1345FE53F0,A1E5773896FB7BEB1C7B455E2E838743
SRR27300478,2024-10-11 21:39:19,2023-12-20 13:41:51,3783358,342114456,3783358,90,129,,https://sra-downloadb.be-md.ncbi.nlm.nih.gov/sos13/sra-pub-zq-1307/SRR027/27300/SRR27300478/SRR27300478.lite.1,SRX22977846,GSM7985509,RNA-Seq,cDNA,TRANSCRIPTOMIC,PAIRED,0,0,ILLUMINA,Illumina NovaSeq 6000,SRP479194,PRJNA1055047,3,1055047,SRS19943476,SAMN38977952,simple,208963,Pseudomonas aeruginosa UCBPP-PA14,GSM7985509,,,,,,,no,,,,,"HUNG LAB, MOLECULAR BIOLOGY, MASSACHUSETTS GENERAL HOSPITAL",SRA1772980,,public,FDC73F2EDE4013AD229F5B7363A32977,48F2836EDE5338F8DEBF0CEC5FBAB75B
SRR27300476,2024-10-11 21:39:19,2023-12-20 13:41:56,4742608,429911637,4742608,90,162,,https://sra-downloadb.be-md.ncbi.nlm.nih.gov/sos13/sra-pub-zq-1307/SRR027/27300/SRR27300476/SRR27300476.lite.1,SRX22977847,GSM7985510,RNA-Seq,cDNA,TRANSCRIPTOMIC,PAIRED,0,0,ILLUMINA,Illumina NovaSeq 6000,SRP479194,PRJNA1055047,3,1055047,SRS19943474,SAMN38977951,simple,208963,Pseudomonas aeruginosa UCBPP-PA14,GSM7985510,,,,,,,no,,,,,"HUNG LAB, MOLECULAR BIOLOGY, MASSACHUSETTS GENERAL HOSPITAL",SRA1772980,,public,264F56EA6E9EC95A2E465DC05686F806,0F4D0ED2C737F13A48805D3FED996697
SRR27300477,2024-10-11 21:39:19,2023-12-20 13:43:02,5169361,467102007,5169361,90,175,,https://sra-downloadb.be-md.ncbi.nlm.nih.gov/sos13/sra-pub-zq-1307/SRR027/27300/SRR27300477/SRR27300477.lite.1,SRX22977847,GSM7985510,RNA-Seq,cDNA,TRANSCRIPTOMIC,PAIRED,0,0,ILLUMINA,Illumina NovaSeq 6000,SRP479194,PRJNA1055047,3,1055047,SRS19943474,SAMN38977951,simple,208963,Pseudomonas aeruginosa UCBPP-PA14,GSM7985510,,,,,,,no,,,,,"HUNG LAB, MOLECULAR BIOLOGY, MASSACHUSETTS GENERAL HOSPITAL",SRA1772980,,public,7209AB906619D31E046FB11AA99AF2FC,B58F4FCEAF0F050BD4D4F6CDD252DB52
SRR27300475,2024-10-11 21:39:19,2023-12-20 13:41:51,4795852,434586226,4795852,90,164,,https://sra-downloadb.be-md.ncbi.nlm.nih.gov/sos13/sra-pub-zq-1307/SRR027/27300/SRR27300475/SRR27300475.lite.1,SRX22977848,GSM7985511,RNA-Seq,cDNA,TRANSCRIPTOMIC,PAIRED,0,0,ILLUMINA,Illumina NovaSeq 6000,SRP479194,PRJNA1055047,3,1055047,SRS19943475,SAMN38977950,simple,208963,Pseudomonas aeruginosa UCBPP-PA14,GSM7985511,,,,,,,no,,,,,"HUNG LAB, MOLECULAR BIOLOGY, MASSACHUSETTS GENERAL HOSPITAL",SRA1772980,,public,DFF5741A4459FD1D4E3AF8D894817850,42A907E26AEAABF63784A078E714A037
SRR27300474,2024-10-11 21:37:43,2023-12-20 13:43:37,4078333,367925212,4078333,90,140,,https://sra-downloadb.be-md.ncbi.nlm.nih.gov/sos13/sra-pub-zq-1307/SRR027/27300/SRR27300474/SRR27300474.lite.1,SRX22977849,GSM7985528,RNA-Seq,cDNA,TRANSCRIPTOMIC,PAIRED,0,0,ILLUMINA,Illumina NovaSeq 6000,SRP479194,PRJNA1055047,3,1055047,SRS19943477,SAMN38977933,simple,208963,Pseudomonas aeruginosa UCBPP-PA14,GSM7985528,,,,,,,no,,,,,"HUNG LAB, MOLECULAR BIOLOGY, MASSACHUSETTS GENERAL HOSPITAL",SRA1772980,,public,B59FEFD60652FBDA40728C16B62A07C9,83D9DCC368E123B293CE384075A6D38B
SRR27300473,2024-10-11 21:37:44,2023-12-20 13:42:23,3404202,307291789,3404202,90,116,,https://sra-downloadb.be-md.ncbi.nlm.nih.gov/sos13/sra-pub-zq-1307/SRR027/27300/SRR27300473/SRR27300473.lite.1,SRX22977850,GSM7985529,RNA-Seq,cDNA,TRANSCRIPTOMIC,PAIRED,0,0,ILLUMINA,Illumina NovaSeq 6000,SRP479194,PRJNA1055047,3,1055047,SRS19943478,SAMN38977932,simple,208963,Pseudomonas aeruginosa UCBPP-PA14,GSM7985529,,,,,,,no,,,,,"HUNG LAB, MOLECULAR BIOLOGY, MASSACHUSETTS GENERAL HOSPITAL",SRA1772980,,public,F69E864D3996C04E2052CFFC7A597B3D,3B3795E8827753F0187216C6A083462D
SRR27300472,2024-10-11 21:37:44,2023-12-20 13:42:33,2650221,238995075,2650221,90,90,,https://sra-downloadb.be-md.ncbi.nlm.nih.gov/sos13/sra-pub-zq-1307/SRR027/27300/SRR27300472/SRR27300472.lite.1,SRX22977851,GSM7985530,RNA-Seq,cDNA,TRANSCRIPTOMIC,PAIRED,0,0,ILLUMINA,Illumina NovaSeq 6000,SRP479194,PRJNA1055047,3,1055047,SRS19943479,SAMN38977931,simple,208963,Pseudomonas aeruginosa UCBPP-PA14,GSM7985530,,,,,,,no,,,,,"HUNG LAB, MOLECULAR BIOLOGY, MASSACHUSETTS GENERAL HOSPITAL",SRA1772980,,public,29DAEEFB8DB3293B84A4DB4324E1A3E2,43CA69950C5C65327E09FA75BCF9EEB7
SRR27300470,2024-10-11 21:37:44,2023-12-20 13:42:11,2866908,259843063,2866908,90,98,,https://sra-downloadb.be-md.ncbi.nlm.nih.gov/sos13/sra-pub-zq-1307/SRR027/27300/SRR27300470/SRR27300470.lite.1,SRX22977852,GSM7985531,RNA-Seq,cDNA,TRANSCRIPTOMIC,PAIRED,0,0,ILLUMINA,Illumina NovaSeq 6000,SRP479194,PRJNA1055047,3,1055047,SRS19943480,SAMN38977930,simple,208963,Pseudomonas aeruginosa UCBPP-PA14,GSM7985531,,,,,,,no,,,,,"HUNG LAB, MOLECULAR BIOLOGY, MASSACHUSETTS GENERAL HOSPITAL",SRA1772980,,public,2D82AE04E4C886A3374F584B97FB1993,93784F2D4AC3D264D1EC545895CFCF5A
SRR27300471,2024-10-11 21:37:44,2023-12-20 13:42:36,3435407,311156759,3435407,90,119,,https://sra-downloadb.be-md.ncbi.nlm.nih.gov/sos13/sra-pub-zq-1307/SRR027/27300/SRR27300471/SRR27300471.lite.1,SRX22977852,GSM7985531,RNA-Seq,cDNA,TRANSCRIPTOMIC,PAIRED,0,0,ILLUMINA,Illumina NovaSeq 6000,SRP479194,PRJNA1055047,3,1055047,SRS19943480,SAMN38977930,simple,208963,Pseudomonas aeruginosa UCBPP-PA14,GSM7985531,,,,,,,no,,,,,"HUNG LAB, MOLECULAR BIOLOGY, MASSACHUSETTS GENERAL HOSPITAL",SRA1772980,,public,7AA930449FB7B665C3EAFFC55A0832F2,ADA844A16731F82E6D6DE287FBC1E0D8
SRR27300468,2024-10-11 21:37:44,2023-12-20 13:42:24,3216846,291464556,3216846,90,110,,https://sra-downloadb.be-md.ncbi.nlm.nih.gov/sos13/sra-pub-zq-1307/SRR027/27300/SRR27300468/SRR27300468.lite.1,SRX22977853,GSM7985532,RNA-Seq,cDNA,TRANSCRIPTOMIC,PAIRED,0,0,ILLUMINA,Illumina NovaSeq 6000,SRP479194,PRJNA1055047,3,1055047,SRS19943481,SAMN38977929,simple,208963,Pseudomonas aeruginosa UCBPP-PA14,GSM7985532,,,,,,,no,,,,,"HUNG LAB, MOLECULAR BIOLOGY, MASSACHUSETTS GENERAL HOSPITAL",SRA1772980,,public,3A11F26AAE364BC78DB559C80D478B4D,125EC6DEE698DF9A18C643E78F0414C6
SRR27300469,2024-10-11 21:37:44,2023-12-20 13:42:41,4792940,434126634,4792940,90,163,,https://sra-downloadb.be-md.ncbi.nlm.nih.gov/sos13/sra-pub-zq-1307/SRR027/27300/SRR27300469/SRR27300469.lite.1,SRX22977853,GSM7985532,RNA-Seq,cDNA,TRANSCRIPTOMIC,PAIRED,0,0,ILLUMINA,Illumina NovaSeq 6000,SRP479194,PRJNA1055047,3,1055047,SRS19943481,SAMN38977929,simple,208963,Pseudomonas aeruginosa UCBPP-PA14,GSM7985532,,,,,,,no,,,,,"HUNG LAB, MOLECULAR BIOLOGY, MASSACHUSETTS GENERAL HOSPITAL",SRA1772980,,public,20FFB337F592B631F555B37E4C733E57,393362779DF78C463241B22B5CBDA5F7
SRR27300467,2024-10-11 21:37:44,2023-12-20 13:42:21,2842136,257458697,2842136,90,98,,https://sra-downloadb.be-md.ncbi.nlm.nih.gov/sos13/sra-pub-zq-1307/SRR027/27300/SRR27300467/SRR27300467.lite.1,SRX22977854,GSM7985533,RNA-Seq,cDNA,TRANSCRIPTOMIC,PAIRED,0,0,ILLUMINA,Illumina NovaSeq 6000,SRP479194,PRJNA1055047,3,1055047,SRS19943482,SAMN38977928,simple,208963,Pseudomonas aeruginosa UCBPP-PA14,GSM7985533,,,,,,,no,,,,,"HUNG LAB, MOLECULAR BIOLOGY, MASSACHUSETTS GENERAL HOSPITAL",SRA1772980,,public,9C8E7BB7C4FF45B867D681BAAEBA1151,ED1B625541D4E04AF81F65A7F94CAEFA
SRR27300466,2024-10-11 21:37:44,2023-12-20 13:43:45,9607557,869949351,9607557,90,333,,https://sra-downloadb.be-md.ncbi.nlm.nih.gov/sos13/sra-pub-zq-1307/SRR027/27300/SRR27300466/SRR27300466.lite.1,SRX22977855,GSM7985534,RNA-Seq,cDNA,TRANSCRIPTOMIC,PAIRED,0,0,ILLUMINA,Illumina NovaSeq 6000,SRP479194,PRJNA1055047,3,1055047,SRS19943483,SAMN38977927,simple,208963,Pseudomonas aeruginosa UCBPP-PA14,GSM7985534,,,,,,,no,,,,,"HUNG LAB, MOLECULAR BIOLOGY, MASSACHUSETTS GENERAL HOSPITAL",SRA1772980,,public,391E6219C051581B5A231165EE65A7E8,2EABB1C5D2EED1EB4F010C1FEC3505B9
SRR27300465,2024-10-11 21:37:44,2023-12-20 13:42:32,3491541,315826256,3491541,90,121,,https://sra-downloadb.be-md.ncbi.nlm.nih.gov/sos13/sra-pub-zq-1307/SRR027/27300/SRR27300465/SRR27300465.lite.1,SRX22977856,GSM7985535,RNA-Seq,cDNA,TRANSCRIPTOMIC,PAIRED,0,0,ILLUMINA,Illumina NovaSeq 6000,SRP479194,PRJNA1055047,3,1055047,SRS19943486,SAMN38977926,simple,208963,Pseudomonas aeruginosa UCBPP-PA14,GSM7985535,,,,,,,no,,,,,"HUNG LAB, MOLECULAR BIOLOGY, MASSACHUSETTS GENERAL HOSPITAL",SRA1772980,,public,FA1CC7FE49447DF4DBA53103C8463EBF,2622BDE409FF37748C19FC1BC3AF3229
SRR27300464,2024-10-11 21:37:44,2023-12-20 13:42:27,3468103,313690801,3468103,90,121,,https://sra-downloadb.be-md.ncbi.nlm.nih.gov/sos13/sra-pub-zq-1307/SRR027/27300/SRR27300464/SRR27300464.lite.1,SRX22977857,GSM7985536,RNA-Seq,cDNA,TRANSCRIPTOMIC,PAIRED,0,0,ILLUMINA,Illumina NovaSeq 6000,SRP479194,PRJNA1055047,3,1055047,SRS19943484,SAMN38977925,simple,208963,Pseudomonas aeruginosa UCBPP-PA14,GSM7985536,,,,,,,no,,,,,"HUNG LAB, MOLECULAR BIOLOGY, MASSACHUSETTS GENERAL HOSPITAL",SRA1772980,,public,FF2E7C2A020F4069AFA4014BB2C73DAC,67A61B951BD99C377DEFD0B42BEF1691
SRR27300463,2024-10-11 21:37:44,2023-12-20 13:43:31,9605553,867389910,9605553,90,329,,https://sra-downloadb.be-md.ncbi.nlm.nih.gov/sos13/sra-pub-zq-1307/SRR027/27300/SRR27300463/SRR27300463.lite.1,SRX22977858,GSM7985537,RNA-Seq,cDNA,TRANSCRIPTOMIC,PAIRED,0,0,ILLUMINA,Illumina NovaSeq 6000,SRP479194,PRJNA1055047,3,1055047,SRS19943485,SAMN38977924,simple,208963,Pseudomonas aeruginosa UCBPP-PA14,GSM7985537,,,,,,,no,,,,,"HUNG LAB, MOLECULAR BIOLOGY, MASSACHUSETTS GENERAL HOSPITAL",SRA1772980,,public,AF5C53C2B28D107947591328C1D8D0EA,E2FCE7BB22D1E8648846B1C5AB10D9F6
SRR27300462,2024-10-11 21:37:45,2023-12-20 13:42:14,2873844,259023904,2873844,90,98,,https://sra-downloadb.be-md.ncbi.nlm.nih.gov/sos13/sra-pub-zq-1307/SRR027/27300/SRR27300462/SRR27300462.lite.1,SRX22977859,GSM7985538,RNA-Seq,cDNA,TRANSCRIPTOMIC,PAIRED,0,0,ILLUMINA,Illumina NovaSeq 6000,SRP479194,PRJNA1055047,3,1055047,SRS19943487,SAMN38977923,simple,208963,Pseudomonas aeruginosa UCBPP-PA14,GSM7985538,,,,,,,no,,,,,"HUNG LAB, MOLECULAR BIOLOGY, MASSACHUSETTS GENERAL HOSPITAL",SRA1772980,,public,BA39AC99062FA0A30F1A8B08FA733800,EB988A5428BFE7FFCCCA7C248705F72B
SRR27300461,2024-10-11 21:37:45,2023-12-20 13:42:25,3242384,292259407,3242384,90,111,,https://sra-downloadb.be-md.ncbi.nlm.nih.gov/sos13/sra-pub-zq-1307/SRR027/27300/SRR27300461/SRR27300461.lite.1,SRX22977860,GSM7985539,RNA-Seq,cDNA,TRANSCRIPTOMIC,PAIRED,0,0,ILLUMINA,Illumina NovaSeq 6000,SRP479194,PRJNA1055047,3,1055047,SRS19943489,SAMN38977922,simple,208963,Pseudomonas aeruginosa UCBPP-PA14,GSM7985539,,,,,,,no,,,,,"HUNG LAB, MOLECULAR BIOLOGY, MASSACHUSETTS GENERAL HOSPITAL",SRA1772980,,public,F418C1897432F8C5F5506936EDB8AB5E,B54651F4D2E2E6315768F42253106427
SRR27300459,2024-10-11 21:37:45,2023-12-20 13:42:11,3279422,297332840,3279422,90,110,,https://sra-downloadb.be-md.ncbi.nlm.nih.gov/sos13/sra-pub-zq-1307/SRR027/27300/SRR27300459/SRR27300459.lite.1,SRX22977861,GSM7985540,RNA-Seq,cDNA,TRANSCRIPTOMIC,PAIRED,0,0,ILLUMINA,Illumina NovaSeq 6000,SRP479194,PRJNA1055047,3,1055047,SRS19943490,SAMN38977921,simple,208963,Pseudomonas aeruginosa UCBPP-PA14,GSM7985540,,,,,,,no,,,,,"HUNG LAB, MOLECULAR BIOLOGY, MASSACHUSETTS GENERAL HOSPITAL",SRA1772980,,public,F572FA0E558C00CE21713F010F266200,BC0085EC2424C8B54AE2309FB35C6833
SRR27300460,2024-10-11 21:37:45,2023-12-20 13:42:53,6391560,578994676,6391560,90,214,,https://sra-downloadb.be-md.ncbi.nlm.nih.gov/sos13/sra-pub-zq-1307/SRR027/27300/SRR27300460/SRR27300460.lite.1,SRX22977861,GSM7985540,RNA-Seq,cDNA,TRANSCRIPTOMIC,PAIRED,0,0,ILLUMINA,Illumina NovaSeq 6000,SRP479194,PRJNA1055047,3,1055047,SRS19943490,SAMN38977921,simple,208963,Pseudomonas aeruginosa UCBPP-PA14,GSM7985540,,,,,,,no,,,,,"HUNG LAB, MOLECULAR BIOLOGY, MASSACHUSETTS GENERAL HOSPITAL",SRA1772980,,public,576929A03E274A42DB0EAB80DD20A7EB,3D5527F88BE5D0300E0F885D4EE20C06
SRR27300458,2024-10-11 21:37:45,2023-12-20 13:42:20,2513214,227695923,2513214,90,85,,https://sra-downloadb.be-md.ncbi.nlm.nih.gov/sos13/sra-pub-zq-1307/SRR027/27300/SRR27300458/SRR27300458.lite.1,SRX22977862,GSM7985541,RNA-Seq,cDNA,TRANSCRIPTOMIC,PAIRED,0,0,ILLUMINA,Illumina NovaSeq 6000,SRP479194,PRJNA1055047,3,1055047,SRS19943488,SAMN38977920,simple,208963,Pseudomonas aeruginosa UCBPP-PA14,GSM7985541,,,,,,,no,,,,,"HUNG LAB, MOLECULAR BIOLOGY, MASSACHUSETTS GENERAL HOSPITAL",SRA1772980,,public,B538E9B1C851B5FB508558BED554873F,662A9699FA873FDE2B943AD48EE7984D
SRR27300456,2024-10-11 21:37:45,2023-12-20 13:42:27,4928696,446610430,4928696,90,166,,https://sra-downloadb.be-md.ncbi.nlm.nih.gov/sos13/sra-pub-zq-1307/SRR027/27300/SRR27300456/SRR27300456.lite.1,SRX22977863,GSM7985542,RNA-Seq,cDNA,TRANSCRIPTOMIC,PAIRED,0,0,ILLUMINA,Illumina NovaSeq 6000,SRP479194,PRJNA1055047,3,1055047,SRS19943491,SAMN38977919,simple,208963,Pseudomonas aeruginosa UCBPP-PA14,GSM7985542,,,,,,,no,,,,,"HUNG LAB, MOLECULAR BIOLOGY, MASSACHUSETTS GENERAL HOSPITAL",SRA1772980,,public,B9F4AFCB919374EF483484AA2189C222,558AC21F610945EAA656E945C03A25ED
SRR27300457,2024-10-11 21:37:45,2023-12-20 13:42:58,8866329,803662855,8866329,90,298,,https://sra-downloadb.be-md.ncbi.nlm.nih.gov/sos13/sra-pub-zq-1307/SRR027/27300/SRR27300457/SRR27300457.lite.1,SRX22977863,GSM7985542,RNA-Seq,cDNA,TRANSCRIPTOMIC,PAIRED,0,0,ILLUMINA,Illumina NovaSeq 6000,SRP479194,PRJNA1055047,3,1055047,SRS19943491,SAMN38977919,simple,208963,Pseudomonas aeruginosa UCBPP-PA14,GSM7985542,,,,,,,no,,,,,"HUNG LAB, MOLECULAR BIOLOGY, MASSACHUSETTS GENERAL HOSPITAL",SRA1772980,,public,AABE746E573F55CC962EDF9F1275614E,15D3CDC47DE683BDB751936B4DD8F84F
SRR27300455,2024-10-11 21:37:45,2023-12-20 13:42:40,6253793,567012956,6253793,90,213,,https://sra-downloadb.be-md.ncbi.nlm.nih.gov/sos13/sra-pub-zq-1307/SRR027/27300/SRR27300455/SRR27300455.lite.1,SRX22977864,GSM7985543,RNA-Seq,cDNA,TRANSCRIPTOMIC,PAIRED,0,0,ILLUMINA,Illumina NovaSeq 6000,SRP479194,PRJNA1055047,3,1055047,SRS19943492,SAMN38977918,simple,208963,Pseudomonas aeruginosa UCBPP-PA14,GSM7985543,,,,,,,no,,,,,"HUNG LAB, MOLECULAR BIOLOGY, MASSACHUSETTS GENERAL HOSPITAL",SRA1772980,,public,D2810A08C3D7B10CFC5C72629505AF24,EFBC8074DFEBB908C2546589D69F490B
SRR27300454,2024-10-11 21:37:49,2023-12-20 13:41:59,2358646,213343305,2358646,90,81,,https://sra-downloadb.be-md.ncbi.nlm.nih.gov/sos13/sra-pub-zq-1307/SRR027/27300/SRR27300454/SRR27300454.lite.1,SRX22977865,GSM7985605,RNA-Seq,cDNA,TRANSCRIPTOMIC,PAIRED,0,0,ILLUMINA,Illumina NovaSeq 6000,SRP479194,PRJNA1055047,3,1055047,SRS19943493,SAMN38977856,simple,208963,Pseudomonas aeruginosa UCBPP-PA14,GSM7985605,,,,,,,no,,,,,"HUNG LAB, MOLECULAR BIOLOGY, MASSACHUSETTS GENERAL HOSPITAL",SRA1772980,,public,38389D78B411D7B32989EFADDA61BE98,409BD33AACF64DB7A8411A93534CDE88
SRR27300453,2024-10-11 21:37:49,2023-12-20 13:42:36,2486356,224887073,2486356,90,86,,https://sra-downloadb.be-md.ncbi.nlm.nih.gov/sos13/sra-pub-zq-1307/SRR027/27300/SRR27300453/SRR27300453.lite.1,SRX22977866,GSM7985606,RNA-Seq,cDNA,TRANSCRIPTOMIC,PAIRED,0,0,ILLUMINA,Illumina NovaSeq 6000,SRP479194,PRJNA1055047,3,1055047,SRS19943494,SAMN38977855,simple,208963,Pseudomonas aeruginosa UCBPP-PA14,GSM7985606,,,,,,,no,,,,,"HUNG LAB, MOLECULAR BIOLOGY, MASSACHUSETTS GENERAL HOSPITAL",SRA1772980,,public,9329402A6558E2F8FB6ECA58C65A8CE3,2F000343EAC735C8E799BA35CFAEAE89
SRR27300452,2024-10-11 21:37:50,2023-12-20 13:43:41,10087578,912908074,10087578,90,348,,https://sra-downloadb.be-md.ncbi.nlm.nih.gov/sos13/sra-pub-zq-1307/SRR027/27300/SRR27300452/SRR27300452.lite.1,SRX22977867,GSM7985607,RNA-Seq,cDNA,TRANSCRIPTOMIC,PAIRED,0,0,ILLUMINA,Illumina NovaSeq 6000,SRP479194,PRJNA1055047,3,1055047,SRS19943495,SAMN38977854,simple,208963,Pseudomonas aeruginosa UCBPP-PA14,GSM7985607,,,,,,,no,,,,,"HUNG LAB, MOLECULAR BIOLOGY, MASSACHUSETTS GENERAL HOSPITAL",SRA1772980,,public,A0EFEF5FD002D787578CDD229E24DD6B,3CF37239B1C2C5295A7244BB83D06811
SRR27300451,2024-10-11 21:37:50,2023-12-20 13:42:45,4945632,447172210,4945632,90,167,,https://sra-downloadb.be-md.ncbi.nlm.nih.gov/sos13/sra-pub-zq-1307/SRR027/27300/SRR27300451/SRR27300451.lite.1,SRX22977868,GSM7985608,RNA-Seq,cDNA,TRANSCRIPTOMIC,PAIRED,0,0,ILLUMINA,Illumina NovaSeq 6000,SRP479194,PRJNA1055047,3,1055047,SRS19943496,SAMN38977853,simple,208963,Pseudomonas aeruginosa UCBPP-PA14,GSM7985608,,,,,,,no,,,,,"HUNG LAB, MOLECULAR BIOLOGY, MASSACHUSETTS GENERAL HOSPITAL",SRA1772980,,public,BEA4E12174661993C38A94DE70F34E6F,D50B19B910C4D2E8A80E1EE5788165A9
SRR27300350,2024-10-11 21:38:50,2023-12-20 13:43:27,7094793,640724262,7094793,90,256,,https://sra-downloadb.be-md.ncbi.nlm.nih.gov/sos13/sra-pub-zq-1307/SRR027/27300/SRR27300350/SRR27300350.lite.1,SRX22977951,GSM7985026,RNA-Seq,cDNA,TRANSCRIPTOMIC,PAIRED,0,0,ILLUMINA,Illumina NovaSeq 6000,SRP479194,PRJNA1055047,3,1055047,SRS19943580,SAMN38978435,simple,208963,Pseudomonas aeruginosa UCBPP-PA14,GSM7985026,,,,,,,no,,,,,"HUNG LAB, MOLECULAR BIOLOGY, MASSACHUSETTS GENERAL HOSPITAL",SRA1772980,,public,352269BF5562237C7F51962107317498,9260F01B3FBD5AF40DA041C0A6E12EA0
SRR27300348,2024-10-11 21:38:53,2023-12-20 13:43:59,11099741,1002539754,11099741,90,403,,https://sra-downloadb.be-md.ncbi.nlm.nih.gov/sos13/sra-pub-zq-1307/SRR027/27300/SRR27300348/SRR27300348.lite.1,SRX22977953,GSM7985028,RNA-Seq,cDNA,TRANSCRIPTOMIC,PAIRED,0,0,ILLUMINA,Illumina NovaSeq 6000,SRP479194,PRJNA1055047,3,1055047,SRS19943582,SAMN38978433,simple,208963,Pseudomonas aeruginosa UCBPP-PA14,GSM7985028,,,,,,,no,,,,,"HUNG LAB, MOLECULAR BIOLOGY, MASSACHUSETTS GENERAL HOSPITAL",SRA1772980,,public,57B8ABB96577632580F5D89D0EB0BDE5,B2F659CD4AC4E843C331BBBF84FE7385
SRR27300347,2024-10-11 21:38:54,2023-12-20 13:43:12,7273006,655025144,7273006,90,266,,https://sra-downloadb.be-md.ncbi.nlm.nih.gov/sos13/sra-pub-zq-1307/SRR027/27300/SRR27300347/SRR27300347.lite.1,SRX22977954,GSM7985029,RNA-Seq,cDNA,TRANSCRIPTOMIC,PAIRED,0,0,ILLUMINA,Illumina NovaSeq 6000,SRP479194,PRJNA1055047,3,1055047,SRS19943581,SAMN38978432,simple,208963,Pseudomonas aeruginosa UCBPP-PA14,GSM7985029,,,,,,,no,,,,,"HUNG LAB, MOLECULAR BIOLOGY, MASSACHUSETTS GENERAL HOSPITAL",SRA1772980,,public,8EF4CBB7EF981ADF099188FA2A335C84,64FADB4E6913F90223F9E1F4CC0A920F
SRR27300346,2024-10-11 21:38:55,2023-12-20 13:43:07,7771570,702315675,7771570,90,280,,https://sra-downloadb.be-md.ncbi.nlm.nih.gov/sos13/sra-pub-zq-1307/SRR027/27300/SRR27300346/SRR27300346.lite.1,SRX22977955,GSM7985030,RNA-Seq,cDNA,TRANSCRIPTOMIC,PAIRED,0,0,ILLUMINA,Illumina NovaSeq 6000,SRP479194,PRJNA1055047,3,1055047,SRS19943584,SAMN38978431,simple,208963,Pseudomonas aeruginosa UCBPP-PA14,GSM7985030,,,,,,,no,,,,,"HUNG LAB, MOLECULAR BIOLOGY, MASSACHUSETTS GENERAL HOSPITAL",SRA1772980,,public,CF33C5AAAA851062644076A2337D5E93,C1145B347609D51970AF918CCA471C72
SRR27300345,2024-10-11 21:38:57,2023-12-20 13:43:00,6806269,614352674,6806269,90,245,,https://sra-downloadb.be-md.ncbi.nlm.nih.gov/sos13/sra-pub-zq-1307/SRR027/27300/SRR27300345/SRR27300345.lite.1,SRX22977956,GSM7985031,RNA-Seq,cDNA,TRANSCRIPTOMIC,PAIRED,0,0,ILLUMINA,Illumina NovaSeq 6000,SRP479194,PRJNA1055047,3,1055047,SRS19943583,SAMN38978430,simple,208963,Pseudomonas aeruginosa UCBPP-PA14,GSM7985031,,,,,,,no,,,,,"HUNG LAB, MOLECULAR BIOLOGY, MASSACHUSETTS GENERAL HOSPITAL",SRA1772980,,public,1941FF6514832858DF3B04D5FE8672CE,FEF2CEB83AA13F8510F784B9924A8205
SRR27300344,2024-10-11 21:38:58,2023-12-20 13:42:13,8924105,805900206,8924105,90,322,,https://sra-downloadb.be-md.ncbi.nlm.nih.gov/sos13/sra-pub-zq-1307/SRR027/27300/SRR27300344/SRR27300344.lite.1,SRX22977957,GSM7985032,RNA-Seq,cDNA,TRANSCRIPTOMIC,PAIRED,0,0,ILLUMINA,Illumina NovaSeq 6000,SRP479194,PRJNA1055047,3,1055047,SRS19943586,SAMN38978429,simple,208963,Pseudomonas aeruginosa UCBPP-PA14,GSM7985032,,,,,,,no,,,,,"HUNG LAB, MOLECULAR BIOLOGY, MASSACHUSETTS GENERAL HOSPITAL",SRA1772980,,public,34D9D9723C2B51B1F49F59638BCE0189,857B14A05DD8C6C8B0D63059558A3076
SRR27300343,2024-10-11 21:39:00,2023-12-20 13:42:50,6211235,560922235,6211235,90,224,,https://sra-downloadb.be-md.ncbi.nlm.nih.gov/sos13/sra-pub-zq-1307/SRR027/27300/SRR27300343/SRR27300343.lite.1,SRX22977958,GSM7985033,RNA-Seq,cDNA,TRANSCRIPTOMIC,PAIRED,0,0,ILLUMINA,Illumina NovaSeq 6000,SRP479194,PRJNA1055047,3,1055047,SRS19943587,SAMN38978428,simple,208963,Pseudomonas aeruginosa UCBPP-PA14,GSM7985033,,,,,,,no,,,,,"HUNG LAB, MOLECULAR BIOLOGY, MASSACHUSETTS GENERAL HOSPITAL",SRA1772980,,public,B01087C04C307B9C66F0600AAA7AB83F,C5DE78DA42A52F859E38DDC4B27D9EA9
SRR27300342,2024-10-11 21:38:05,2023-12-20 13:43:45,11472934,1035981463,11472934,90,415,,https://sra-downloadb.be-md.ncbi.nlm.nih.gov/sos13/sra-pub-zq-1307/SRR027/27300/SRR27300342/SRR27300342.lite.1,SRX22977959,GSM7985080,RNA-Seq,cDNA,TRANSCRIPTOMIC,PAIRED,0,0,ILLUMINA,Illumina NovaSeq 6000,SRP479194,PRJNA1055047,3,1055047,SRS19943585,SAMN38978381,simple,208963,Pseudomonas aeruginosa UCBPP-PA14,GSM7985080,,,,,,,no,,,,,"HUNG LAB, MOLECULAR BIOLOGY, MASSACHUSETTS GENERAL HOSPITAL",SRA1772980,,public,6FB6B0C175D07541F5240218A0F0AA9D,22F1393F64BB2E90BC1F5BB74C6E49E2
SRR27300341,2024-10-11 21:38:06,2023-12-20 13:42:21,6279975,566699569,6279975,90,227,,https://sra-downloadb.be-md.ncbi.nlm.nih.gov/sos13/sra-pub-zq-1307/SRR027/27300/SRR27300341/SRR27300341.lite.1,SRX22977960,GSM7985081,RNA-Seq,cDNA,TRANSCRIPTOMIC,PAIRED,0,0,ILLUMINA,Illumina NovaSeq 6000,SRP479194,PRJNA1055047,3,1055047,SRS19943588,SAMN38978380,simple,208963,Pseudomonas aeruginosa UCBPP-PA14,GSM7985081,,,,,,,no,,,,,"HUNG LAB, MOLECULAR BIOLOGY, MASSACHUSETTS GENERAL HOSPITAL",SRA1772980,,public,571ACDC4FE3DCEA5BBA96802125F11B7,677522541481157CCC9BAE0DBAC26777
SRR27300340,2024-10-11 21:38:07,2023-12-20 13:42:35,4148664,374286212,4148664,90,150,,https://sra-downloadb.be-md.ncbi.nlm.nih.gov/sos13/sra-pub-zq-1307/SRR027/27300/SRR27300340/SRR27300340.lite.1,SRX22977961,GSM7985082,RNA-Seq,cDNA,TRANSCRIPTOMIC,PAIRED,0,0,ILLUMINA,Illumina NovaSeq 6000,SRP479194,PRJNA1055047,3,1055047,SRS19943590,SAMN38978379,simple,208963,Pseudomonas aeruginosa UCBPP-PA14,GSM7985082,,,,,,,no,,,,,"HUNG LAB, MOLECULAR BIOLOGY, MASSACHUSETTS GENERAL HOSPITAL",SRA1772980,,public,63CEBF89D7306F632B4D6B1E70A028AE,1CBA2425B82A2B33D9586653B1B8F9CC
SRR27300339,2024-10-11 21:38:07,2023-12-20 13:42:04,7425629,668357787,7425629,90,269,,https://sra-downloadb.be-md.ncbi.nlm.nih.gov/sos13/sra-pub-zq-1307/SRR027/27300/SRR27300339/SRR27300339.lite.1,SRX22977962,GSM7985083,RNA-Seq,cDNA,TRANSCRIPTOMIC,PAIRED,0,0,ILLUMINA,Illumina NovaSeq 6000,SRP479194,PRJNA1055047,3,1055047,SRS19943589,SAMN38978378,simple,208963,Pseudomonas aeruginosa UCBPP-PA14,GSM7985083,,,,,,,no,,,,,"HUNG LAB, MOLECULAR BIOLOGY, MASSACHUSETTS GENERAL HOSPITAL",SRA1772980,,public,8BBE34589E2EB30AD7D1A68070DEE08D,82ED03A3476DF6FF46FC46FF5E0D5848
SRR27300338,2024-10-11 21:38:08,2023-12-20 13:42:25,6788247,614077926,6788247,90,246,,https://sra-downloadb.be-md.ncbi.nlm.nih.gov/sos13/sra-pub-zq-1307/SRR027/27300/SRR27300338/SRR27300338.lite.1,SRX22977963,GSM7985084,RNA-Seq,cDNA,TRANSCRIPTOMIC,PAIRED,0,0,ILLUMINA,Illumina NovaSeq 6000,SRP479194,PRJNA1055047,3,1055047,SRS19943591,SAMN38978377,simple,208963,Pseudomonas aeruginosa UCBPP-PA14,GSM7985084,,,,,,,no,,,,,"HUNG LAB, MOLECULAR BIOLOGY, MASSACHUSETTS GENERAL HOSPITAL",SRA1772980,,public,B528C974DE5DD9BD85D86B85AD4F167C,A980B020EC9570CCD0DC4560C0D78097
SRR27300337,2024-10-11 21:38:09,2023-12-20 13:42:16,4644721,420082224,4644721,90,168,,https://sra-downloadb.be-md.ncbi.nlm.nih.gov/sos13/sra-pub-zq-1307/SRR027/27300/SRR27300337/SRR27300337.lite.1,SRX22977964,GSM7985085,RNA-Seq,cDNA,TRANSCRIPTOMIC,PAIRED,0,0,ILLUMINA,Illumina NovaSeq 6000,SRP479194,PRJNA1055047,3,1055047,SRS19943592,SAMN38978376,simple,208963,Pseudomonas aeruginosa UCBPP-PA14,GSM7985085,,,,,,,no,,,,,"HUNG LAB, MOLECULAR BIOLOGY, MASSACHUSETTS GENERAL HOSPITAL",SRA1772980,,public,2B81D8AC49642D3FC11ED630673B3500,114EE2B0AE4E477C886EA8C83DCDE466
SRR27300336,2024-10-11 21:38:11,2023-12-20 13:42:21,6771908,611562006,6771908,90,244,,https://sra-downloadb.be-md.ncbi.nlm.nih.gov/sos13/sra-pub-zq-1307/SRR027/27300/SRR27300336/SRR27300336.lite.1,SRX22977965,GSM7985086,RNA-Seq,cDNA,TRANSCRIPTOMIC,PAIRED,0,0,ILLUMINA,Illumina NovaSeq 6000,SRP479194,PRJNA1055047,3,1055047,SRS19943594,SAMN38978375,simple,208963,Pseudomonas aeruginosa UCBPP-PA14,GSM7985086,,,,,,,no,,,,,"HUNG LAB, MOLECULAR BIOLOGY, MASSACHUSETTS GENERAL HOSPITAL",SRA1772980,,public,4534352C2B77EEBBA60B9B8200CC5622,C0F89A365FF770E1AE81AC1C7E44B314
SRR27300335,2024-10-11 21:38:12,2023-12-20 13:42:11,10114759,913751038,10114759,90,368,,https://sra-downloadb.be-md.ncbi.nlm.nih.gov/sos13/sra-pub-zq-1307/SRR027/27300/SRR27300335/SRR27300335.lite.1,SRX22977966,GSM7985087,RNA-Seq,cDNA,TRANSCRIPTOMIC,PAIRED,0,0,ILLUMINA,Illumina NovaSeq 6000,SRP479194,PRJNA1055047,3,1055047,SRS19943593,SAMN38978374,simple,208963,Pseudomonas aeruginosa UCBPP-PA14,GSM7985087,,,,,,,no,,,,,"HUNG LAB, MOLECULAR BIOLOGY, MASSACHUSETTS GENERAL HOSPITAL",SRA1772980,,public,9776F6F3B1AC37F51F7997462C1536ED,184657D5AF6DCF9D2DFAF882D7A9186C
SRR27300334,2024-10-11 21:38:14,2023-12-20 13:42:28,11880475,1073292970,11880475,90,432,,https://sra-downloadb.be-md.ncbi.nlm.nih.gov/sos13/sra-pub-zq-1307/SRR027/27300/SRR27300334/SRR27300334.lite.1,SRX22977967,GSM7985088,RNA-Seq,cDNA,TRANSCRIPTOMIC,PAIRED,0,0,ILLUMINA,Illumina NovaSeq 6000,SRP479194,PRJNA1055047,3,1055047,SRS19943596,SAMN38978373,simple,208963,Pseudomonas aeruginosa UCBPP-PA14,GSM7985088,,,,,,,no,,,,,"HUNG LAB, MOLECULAR BIOLOGY, MASSACHUSETTS GENERAL HOSPITAL",SRA1772980,,public,EE4BC67FB553104D015E76B329AB38F4,B86DF4D431A10A3BD2FEE88B85634554
SRR27300333,2024-10-11 21:38:15,2023-12-20 13:42:38,13240728,1192304230,13240728,90,486,,https://sra-downloadb.be-md.ncbi.nlm.nih.gov/sos13/sra-pub-zq-1307/SRR027/27300/SRR27300333/SRR27300333.lite.1,SRX22977968,GSM7985089,RNA-Seq,cDNA,TRANSCRIPTOMIC,PAIRED,0,0,ILLUMINA,Illumina NovaSeq 6000,SRP479194,PRJNA1055047,3,1055047,SRS19943598,SAMN38978372,simple,208963,Pseudomonas aeruginosa UCBPP-PA14,GSM7985089,,,,,,,no,,,,,"HUNG LAB, MOLECULAR BIOLOGY, MASSACHUSETTS GENERAL HOSPITAL",SRA1772980,,public,1E18D51C66C912119905769C5C08E444,12C2FAEB076F23CBE5FEA9E994D65507
SRR27300332,2024-10-11 21:38:16,2023-12-20 13:42:15,9346320,845898714,9346320,90,337,,https://sra-downloadb.be-md.ncbi.nlm.nih.gov/sos13/sra-pub-zq-1307/SRR027/27300/SRR27300332/SRR27300332.lite.1,SRX22977969,GSM7985090,RNA-Seq,cDNA,TRANSCRIPTOMIC,PAIRED,0,0,ILLUMINA,Illumina NovaSeq 6000,SRP479194,PRJNA1055047,3,1055047,SRS19943595,SAMN38978371,simple,208963,Pseudomonas aeruginosa UCBPP-PA14,GSM7985090,,,,,,,no,,,,,"HUNG LAB, MOLECULAR BIOLOGY, MASSACHUSETTS GENERAL HOSPITAL",SRA1772980,,public,AFE9A1692AE813755853192121E4B96F,4A71C9A8398B7D267A5AEE9C1254FD8A
SRR27300331,2024-10-11 21:38:17,2023-12-20 13:42:12,10641757,960228494,10641757,90,384,,https://sra-downloadb.be-md.ncbi.nlm.nih.gov/sos13/sra-pub-zq-1307/SRR027/27300/SRR27300331/SRR27300331.lite.1,SRX22977970,GSM7985091,RNA-Seq,cDNA,TRANSCRIPTOMIC,PAIRED,0,0,ILLUMINA,Illumina NovaSeq 6000,SRP479194,PRJNA1055047,3,1055047,SRS19943599,SAMN38978370,simple,208963,Pseudomonas aeruginosa UCBPP-PA14,GSM7985091,,,,,,,no,,,,,"HUNG LAB, MOLECULAR BIOLOGY, MASSACHUSETTS GENERAL HOSPITAL",SRA1772980,,public,A433F32EAC8EE85FBB708E26D47D167F,34191F6F4CD5D3634D4945B0C04059B9
SRR27300330,2024-10-11 21:38:18,2023-12-20 13:43:26,10249383,925127721,10249383,90,368,,https://sra-downloadb.be-md.ncbi.nlm.nih.gov/sos13/sra-pub-zq-1307/SRR027/27300/SRR27300330/SRR27300330.lite.1,SRX22977971,GSM7985092,RNA-Seq,cDNA,TRANSCRIPTOMIC,PAIRED,0,0,ILLUMINA,Illumina NovaSeq 6000,SRP479194,PRJNA1055047,3,1055047,SRS19943597,SAMN38978369,simple,208963,Pseudomonas aeruginosa UCBPP-PA14,GSM7985092,,,,,,,no,,,,,"HUNG LAB, MOLECULAR BIOLOGY, MASSACHUSETTS GENERAL HOSPITAL",SRA1772980,,public,0F8610207A9096CA391341FE0768A9DE,279E3659274E8307C373DF18155D874E
SRR27300329,2024-10-11 21:38:20,2023-12-20 13:42:35,5216697,471233951,5216697,90,188,,https://sra-downloadb.be-md.ncbi.nlm.nih.gov/sos13/sra-pub-zq-1307/SRR027/27300/SRR27300329/SRR27300329.lite.1,SRX22977972,GSM7985093,RNA-Seq,cDNA,TRANSCRIPTOMIC,PAIRED,0,0,ILLUMINA,Illumina NovaSeq 6000,SRP479194,PRJNA1055047,3,1055047,SRS19943600,SAMN38978368,simple,208963,Pseudomonas aeruginosa UCBPP-PA14,GSM7985093,,,,,,,no,,,,,"HUNG LAB, MOLECULAR BIOLOGY, MASSACHUSETTS GENERAL HOSPITAL",SRA1772980,,public,6637006F6A80A71D5C93209A4348E47E,EE18C338E4D49110702DB5A2E6A8D913
SRR27300328,2024-10-11 21:38:21,2023-12-20 13:42:24,5913230,535000461,5913230,90,214,,https://sra-downloadb.be-md.ncbi.nlm.nih.gov/sos13/sra-pub-zq-1307/SRR027/27300/SRR27300328/SRR27300328.lite.1,SRX22977973,GSM7985094,RNA-Seq,cDNA,TRANSCRIPTOMIC,PAIRED,0,0,ILLUMINA,Illumina NovaSeq 6000,SRP479194,PRJNA1055047,3,1055047,SRS19943601,SAMN38978367,simple,208963,Pseudomonas aeruginosa UCBPP-PA14,GSM7985094,,,,,,,no,,,,,"HUNG LAB, MOLECULAR BIOLOGY, MASSACHUSETTS GENERAL HOSPITAL",SRA1772980,,public,A7A9F766C9857F557C027A763787DA4E,31B1D64B45036FD11F3380981DBFA9EE
SRR27300327,2024-10-11 21:38:22,2023-12-20 13:41:42,3757337,339924063,3757337,90,135,,https://sra-downloadb.be-md.ncbi.nlm.nih.gov/sos13/sra-pub-zq-1307/SRR027/27300/SRR27300327/SRR27300327.lite.1,SRX22977974,GSM7985095,RNA-Seq,cDNA,TRANSCRIPTOMIC,PAIRED,0,0,ILLUMINA,Illumina NovaSeq 6000,SRP479194,PRJNA1055047,3,1055047,SRS19943603,SAMN38978366,simple,208963,Pseudomonas aeruginosa UCBPP-PA14,GSM7985095,,,,,,,no,,,,,"HUNG LAB, MOLECULAR BIOLOGY, MASSACHUSETTS GENERAL HOSPITAL",SRA1772980,,public,7A175497A71010FB37D0C87A4AC11791,F1F796B217FF2F4FCD3EE1BDEBF81BFA
SRR27300326,2024-10-11 21:38:50,2023-12-20 13:41:41,2800994,252046354,2800994,89,98,,https://sra-downloadb.be-md.ncbi.nlm.nih.gov/sos13/sra-pub-zq-1307/SRR027/27300/SRR27300326/SRR27300326.lite.1,SRX22977975,GSM7985272,RNA-Seq,cDNA,TRANSCRIPTOMIC,PAIRED,0,0,ILLUMINA,Illumina NovaSeq 6000,SRP479194,PRJNA1055047,3,1055047,SRS19943602,SAMN38978189,simple,208963,Pseudomonas aeruginosa UCBPP-PA14,GSM7985272,,,,,,,no,,,,,"HUNG LAB, MOLECULAR BIOLOGY, MASSACHUSETTS GENERAL HOSPITAL",SRA1772980,,public,1A40119527DA32CD1CBD17BCF4DC7BC4,E3C7B943A84EC6D37971B205EADCD1A5
SRR27300325,2024-10-11 21:38:50,2023-12-20 13:40:55,1424807,128511993,1424807,90,49,,https://sra-downloadb.be-md.ncbi.nlm.nih.gov/sos13/sra-pub-zq-1307/SRR027/27300/SRR27300325/SRR27300325.lite.1,SRX22977976,GSM7985273,RNA-Seq,cDNA,TRANSCRIPTOMIC,PAIRED,0,0,ILLUMINA,Illumina NovaSeq 6000,SRP479194,PRJNA1055047,3,1055047,SRS19943606,SAMN38978188,simple,208963,Pseudomonas aeruginosa UCBPP-PA14,GSM7985273,,,,,,,no,,,,,"HUNG LAB, MOLECULAR BIOLOGY, MASSACHUSETTS GENERAL HOSPITAL",SRA1772980,,public,5395E155BC360AD54768B8B6CFE391A9,EC8C57026CD4C9AA821053EB8910C345
SRR27300324,2024-10-11 21:38:50,2023-12-20 13:40:47,460968,41546659,460968,90,16,,https://sra-downloadb.be-md.ncbi.nlm.nih.gov/sos13/sra-pub-zq-1307/SRR027/27300/SRR27300324/SRR27300324.lite.1,SRX22977977,GSM7985274,RNA-Seq,cDNA,TRANSCRIPTOMIC,PAIRED,0,0,ILLUMINA,Illumina NovaSeq 6000,SRP479194,PRJNA1055047,3,1055047,SRS19943605,SAMN38978187,simple,208963,Pseudomonas aeruginosa UCBPP-PA14,GSM7985274,,,,,,,no,,,,,"HUNG LAB, MOLECULAR BIOLOGY, MASSACHUSETTS GENERAL HOSPITAL",SRA1772980,,public,C8E63D48A8F12BF46B0C83D799CF9955,77A5B47D51F3E3E79167636D52451EF7
SRR27300323,2024-10-11 21:38:50,2023-12-20 13:40:54,679647,61205481,679647,90,23,,https://sra-downloadb.be-md.ncbi.nlm.nih.gov/sos13/sra-pub-zq-1307/SRR027/27300/SRR27300323/SRR27300323.lite.1,SRX22977978,GSM7985275,RNA-Seq,cDNA,TRANSCRIPTOMIC,PAIRED,0,0,ILLUMINA,Illumina NovaSeq 6000,SRP479194,PRJNA1055047,3,1055047,SRS19943607,SAMN38978186,simple,208963,Pseudomonas aeruginosa UCBPP-PA14,GSM7985275,,,,,,,no,,,,,"HUNG LAB, MOLECULAR BIOLOGY, MASSACHUSETTS GENERAL HOSPITAL",SRA1772980,,public,4AC0A97DD4DB1B79BCC7BCDB192C5A53,372A0BBB845E0DA08BF27E20FD725933
SRR27300322,2024-10-11 21:38:50,2023-12-20 13:41:04,2396338,216101538,2396338,90,84,,https://sra-downloadb.be-md.ncbi.nlm.nih.gov/sos13/sra-pub-zq-1307/SRR027/27300/SRR27300322/SRR27300322.lite.1,SRX22977979,GSM7985276,RNA-Seq,cDNA,TRANSCRIPTOMIC,PAIRED,0,0,ILLUMINA,Illumina NovaSeq 6000,SRP479194,PRJNA1055047,3,1055047,SRS19943604,SAMN38978185,simple,208963,Pseudomonas aeruginosa UCBPP-PA14,GSM7985276,,,,,,,no,,,,,"HUNG LAB, MOLECULAR BIOLOGY, MASSACHUSETTS GENERAL HOSPITAL",SRA1772980,,public,72C0414CA9C9D59263D29209513D4971,725AA20DBEB16AD7FBD82DE6948612C2
SRR27300321,2024-10-11 21:38:50,2023-12-20 13:41:06,2137978,192715786,2137978,90,76,,https://sra-downloadb.be-md.ncbi.nlm.nih.gov/sos13/sra-pub-zq-1307/SRR027/27300/SRR27300321/SRR27300321.lite.1,SRX22977980,GSM7985277,RNA-Seq,cDNA,TRANSCRIPTOMIC,PAIRED,0,0,ILLUMINA,Illumina NovaSeq 6000,SRP479194,PRJNA1055047,3,1055047,SRS19943608,SAMN38978184,simple,208963,Pseudomonas aeruginosa UCBPP-PA14,GSM7985277,,,,,,,no,,,,,"HUNG LAB, MOLECULAR BIOLOGY, MASSACHUSETTS GENERAL HOSPITAL",SRA1772980,,public,143A41530F723D69FC7D6EE56D3E7954,4A3B06103BCBB687C49F3C851758E46F
SRR27300320,2024-10-11 21:38:50,2023-12-20 13:40:35,624064,56242726,624064,90,22,,https://sra-downloadb.be-md.ncbi.nlm.nih.gov/sos13/sra-pub-zq-1307/SRR027/27300/SRR27300320/SRR27300320.lite.1,SRX22977981,GSM7985278,RNA-Seq,cDNA,TRANSCRIPTOMIC,PAIRED,0,0,ILLUMINA,Illumina NovaSeq 6000,SRP479194,PRJNA1055047,3,1055047,SRS19943609,SAMN38978183,simple,208963,Pseudomonas aeruginosa UCBPP-PA14,GSM7985278,,,,,,,no,,,,,"HUNG LAB, MOLECULAR BIOLOGY, MASSACHUSETTS GENERAL HOSPITAL",SRA1772980,,public,2E755B21B728B7D2C47455D70D13EEB0,34030F2BEB09BC688645D0BE4A8A8A3F
SRR27300319,2024-10-11 21:38:51,2023-12-20 13:40:55,2174735,195837715,2174735,90,76,,https://sra-downloadb.be-md.ncbi.nlm.nih.gov/sos13/sra-pub-zq-1307/SRR027/27300/SRR27300319/SRR27300319.lite.1,SRX22977982,GSM7985279,RNA-Seq,cDNA,TRANSCRIPTOMIC,PAIRED,0,0,ILLUMINA,Illumina NovaSeq 6000,SRP479194,PRJNA1055047,3,1055047,SRS19943610,SAMN38978182,simple,208963,Pseudomonas aeruginosa UCBPP-PA14,GSM7985279,,,,,,,no,,,,,"HUNG LAB, MOLECULAR BIOLOGY, MASSACHUSETTS GENERAL HOSPITAL",SRA1772980,,public,BD769595A87362BC6676C41204AD4D58,34F90622DD897828139D1A5BFE23C4F2
SRR27300318,2024-10-11 21:38:51,2023-12-20 13:40:43,2058400,185348995,2058400,90,72,,https://sra-downloadb.be-md.ncbi.nlm.nih.gov/sos13/sra-pub-zq-1307/SRR027/27300/SRR27300318/SRR27300318.lite.1,SRX22977983,GSM7985280,RNA-Seq,cDNA,TRANSCRIPTOMIC,PAIRED,0,0,ILLUMINA,Illumina NovaSeq 6000,SRP479194,PRJNA1055047,3,1055047,SRS19943613,SAMN38978181,simple,208963,Pseudomonas aeruginosa UCBPP-PA14,GSM7985280,,,,,,,no,,,,,"HUNG LAB, MOLECULAR BIOLOGY, MASSACHUSETTS GENERAL HOSPITAL",SRA1772980,,public,F0F0DA9F766C0074D1EAE2C731936681,552554D441C4C3583BB2F5B2C8F5F5A9
SRR27300317,2024-10-11 21:38:51,2023-12-20 13:40:53,1965672,177124825,1965672,90,68,,https://sra-downloadb.be-md.ncbi.nlm.nih.gov/sos13/sra-pub-zq-1307/SRR027/27300/SRR27300317/SRR27300317.lite.1,SRX22977984,GSM7985281,RNA-Seq,cDNA,TRANSCRIPTOMIC,PAIRED,0,0,ILLUMINA,Illumina NovaSeq 6000,SRP479194,PRJNA1055047,3,1055047,SRS19943614,SAMN38978180,simple,208963,Pseudomonas aeruginosa UCBPP-PA14,GSM7985281,,,,,,,no,,,,,"HUNG LAB, MOLECULAR BIOLOGY, MASSACHUSETTS GENERAL HOSPITAL",SRA1772980,,public,36F2CD5D64D33E3BB69E4E26C29681DA,7729CEC87E7F2F6932DF09C3B64EC66C
SRR27300316,2024-10-11 21:38:51,2023-12-20 13:41:06,2597690,233919088,2597690,90,91,,https://sra-downloadb.be-md.ncbi.nlm.nih.gov/sos13/sra-pub-zq-1307/SRR027/27300/SRR27300316/SRR27300316.lite.1,SRX22977985,GSM7985282,RNA-Seq,cDNA,TRANSCRIPTOMIC,PAIRED,0,0,ILLUMINA,Illumina NovaSeq 6000,SRP479194,PRJNA1055047,3,1055047,SRS19943612,SAMN38978179,simple,208963,Pseudomonas aeruginosa UCBPP-PA14,GSM7985282,,,,,,,no,,,,,"HUNG LAB, MOLECULAR BIOLOGY, MASSACHUSETTS GENERAL HOSPITAL",SRA1772980,,public,BBC96748DB7AB2217B0F61241BC57F5F,56E7B4C731BABD66A41630F3769414CF
SRR27300315,2024-10-11 21:38:51,2023-12-20 13:40:49,2753732,248551635,2753732,90,96,,https://sra-downloadb.be-md.ncbi.nlm.nih.gov/sos13/sra-pub-zq-1307/SRR027/27300/SRR27300315/SRR27300315.lite.1,SRX22977986,GSM7985283,RNA-Seq,cDNA,TRANSCRIPTOMIC,PAIRED,0,0,ILLUMINA,Illumina NovaSeq 6000,SRP479194,PRJNA1055047,3,1055047,SRS19943611,SAMN38978178,simple,208963,Pseudomonas aeruginosa UCBPP-PA14,GSM7985283,,,,,,,no,,,,,"HUNG LAB, MOLECULAR BIOLOGY, MASSACHUSETTS GENERAL HOSPITAL",SRA1772980,,public,2654F7F81C2794BDA0C89D111D5CFB8E,139FFC0CE47257C5BE3DDD63834860A0
SRR27300314,2024-10-11 21:38:51,2023-12-20 13:40:09,1692114,152695995,1692114,90,59,,https://sra-downloadb.be-md.ncbi.nlm.nih.gov/sos13/sra-pub-zq-1307/SRR027/27300/SRR27300314/SRR27300314.lite.1,SRX22977987,GSM7985284,RNA-Seq,cDNA,TRANSCRIPTOMIC,PAIRED,0,0,ILLUMINA,Illumina NovaSeq 6000,SRP479194,PRJNA1055047,3,1055047,SRS19943615,SAMN38978177,simple,208963,Pseudomonas aeruginosa UCBPP-PA14,GSM7985284,,,,,,,no,,,,,"HUNG LAB, MOLECULAR BIOLOGY, MASSACHUSETTS GENERAL HOSPITAL",SRA1772980,,public,BD40BA8E57229D01543CD0412610000A,25C753A52FBC1533A18E7D5693538F56
SRR27300313,2024-10-11 21:38:51,2023-12-20 13:40:37,4803583,433527322,4803583,90,169,,https://sra-downloadb.be-md.ncbi.nlm.nih.gov/sos13/sra-pub-zq-1307/SRR027/27300/SRR27300313/SRR27300313.lite.1,SRX22977988,GSM7985285,RNA-Seq,cDNA,TRANSCRIPTOMIC,PAIRED,0,0,ILLUMINA,Illumina NovaSeq 6000,SRP479194,PRJNA1055047,3,1055047,SRS19943616,SAMN38978176,simple,208963,Pseudomonas aeruginosa UCBPP-PA14,GSM7985285,,,,,,,no,,,,,"HUNG LAB, MOLECULAR BIOLOGY, MASSACHUSETTS GENERAL HOSPITAL",SRA1772980,,public,69640AD8CBEEFDA5D78005C449DCDA26,357BFCA1F4807666E91ED3F5D2E98ACD
SRR27300312,2024-10-11 21:38:51,2023-12-20 13:39:52,1208036,108763622,1208036,90,42,,https://sra-downloadb.be-md.ncbi.nlm.nih.gov/sos13/sra-pub-zq-1307/SRR027/27300/SRR27300312/SRR27300312.lite.1,SRX22977989,GSM7985286,RNA-Seq,cDNA,TRANSCRIPTOMIC,PAIRED,0,0,ILLUMINA,Illumina NovaSeq 6000,SRP479194,PRJNA1055047,3,1055047,SRS19943617,SAMN38978175,simple,208963,Pseudomonas aeruginosa UCBPP-PA14,GSM7985286,,,,,,,no,,,,,"HUNG LAB, MOLECULAR BIOLOGY, MASSACHUSETTS GENERAL HOSPITAL",SRA1772980,,public,F5337A7D14DBA531C562286D5C148BC3,B7CE844177550DA5515E69F63A07A203
SRR27300311,2024-10-11 21:38:52,2023-12-20 13:41:13,2334479,210385258,2334479,90,82,,https://sra-downloadb.be-md.ncbi.nlm.nih.gov/sos13/sra-pub-zq-1307/SRR027/27300/SRR27300311/SRR27300311.lite.1,SRX22977990,GSM7985287,RNA-Seq,cDNA,TRANSCRIPTOMIC,PAIRED,0,0,ILLUMINA,Illumina NovaSeq 6000,SRP479194,PRJNA1055047,3,1055047,SRS19943618,SAMN38978174,simple,208963,Pseudomonas aeruginosa UCBPP-PA14,GSM7985287,,,,,,,no,,,,,"HUNG LAB, MOLECULAR BIOLOGY, MASSACHUSETTS GENERAL HOSPITAL",SRA1772980,,public,2B9C1D7D7A8AEB966F3BC6CAE550EFD1,8747998F29132B424583357595C6E6A2
SRR27300310,2024-10-11 21:38:56,2023-12-20 13:40:09,2966142,266803172,2966142,89,102,,https://sra-downloadb.be-md.ncbi.nlm.nih.gov/sos13/sra-pub-zq-1307/SRR027/27300/SRR27300310/SRR27300310.lite.1,SRX22977991,GSM7985320,RNA-Seq,cDNA,TRANSCRIPTOMIC,PAIRED,0,0,ILLUMINA,Illumina NovaSeq 6000,SRP479194,PRJNA1055047,3,1055047,SRS19943620,SAMN38978141,simple,208963,Pseudomonas aeruginosa UCBPP-PA14,GSM7985320,,,,,,,no,,,,,"HUNG LAB, MOLECULAR BIOLOGY, MASSACHUSETTS GENERAL HOSPITAL",SRA1772980,,public,FA9D3EB4F42FDD04C231589481268208,E3A8EEB43B8F61214B27780F59CF78FD
SRR27300309,2024-10-11 21:38:56,2023-12-20 13:36:27,2074241,186916490,2074241,90,73,,https://sra-downloadb.be-md.ncbi.nlm.nih.gov/sos13/sra-pub-zq-1307/SRR027/27300/SRR27300309/SRR27300309.lite.1,SRX22977992,GSM7985321,RNA-Seq,cDNA,TRANSCRIPTOMIC,PAIRED,0,0,ILLUMINA,Illumina NovaSeq 6000,SRP479194,PRJNA1055047,3,1055047,SRS19943619,SAMN38978140,simple,208963,Pseudomonas aeruginosa UCBPP-PA14,GSM7985321,,,,,,,no,,,,,"HUNG LAB, MOLECULAR BIOLOGY, MASSACHUSETTS GENERAL HOSPITAL",SRA1772980,,public,D3955B9F63D52FDD317A546B7FA4A55D,DD15B0E7CFC6531A1A0A19F036C730AA
SRR27300308,2024-10-11 21:38:56,2023-12-20 13:35:44,2540102,228715594,2540102,90,89,,https://sra-downloadb.be-md.ncbi.nlm.nih.gov/sos13/sra-pub-zq-1307/SRR027/27300/SRR27300308/SRR27300308.lite.1,SRX22977993,GSM7985322,RNA-Seq,cDNA,TRANSCRIPTOMIC,PAIRED,0,0,ILLUMINA,Illumina NovaSeq 6000,SRP479194,PRJNA1055047,3,1055047,SRS19943621,SAMN38978139,simple,208963,Pseudomonas aeruginosa UCBPP-PA14,GSM7985322,,,,,,,no,,,,,"HUNG LAB, MOLECULAR BIOLOGY, MASSACHUSETTS GENERAL HOSPITAL",SRA1772980,,public,E11C33166FA57D2F79FE904F936ADCD8,F218121B154D67D2969EC6F6833C669F
SRR27300307,2024-10-11 21:38:56,2023-12-20 13:35:52,1880650,169644154,1880650,90,65,,https://sra-downloadb.be-md.ncbi.nlm.nih.gov/sos13/sra-pub-zq-1307/SRR027/27300/SRR27300307/SRR27300307.lite.1,SRX22977994,GSM7985323,RNA-Seq,cDNA,TRANSCRIPTOMIC,PAIRED,0,0,ILLUMINA,Illumina NovaSeq 6000,SRP479194,PRJNA1055047,3,1055047,SRS19943622,SAMN38978138,simple,208963,Pseudomonas aeruginosa UCBPP-PA14,GSM7985323,,,,,,,no,,,,,"HUNG LAB, MOLECULAR BIOLOGY, MASSACHUSETTS GENERAL HOSPITAL",SRA1772980,,public,40425D817F071108EE0B6B71577DFA89,B63F93865760C9F9BF8CDAD634C86965
SRR27300306,2024-10-11 21:38:56,2023-12-20 13:36:32,3065158,276062475,3065158,90,107,,https://sra-downloadb.be-md.ncbi.nlm.nih.gov/sos13/sra-pub-zq-1307/SRR027/27300/SRR27300306/SRR27300306.lite.1,SRX22977995,GSM7985324,RNA-Seq,cDNA,TRANSCRIPTOMIC,PAIRED,0,0,ILLUMINA,Illumina NovaSeq 6000,SRP479194,PRJNA1055047,3,1055047,SRS19943623,SAMN38978137,simple,208963,Pseudomonas aeruginosa UCBPP-PA14,GSM7985324,,,,,,,no,,,,,"HUNG LAB, MOLECULAR BIOLOGY, MASSACHUSETTS GENERAL HOSPITAL",SRA1772980,,public,87F5E70FE610DD039C9D6CB095F3017A,17B1407DBAAD4C6D9F67E49A48F77CA4
SRR27300305,2024-10-11 21:38:56,2023-12-20 13:36:27,2344168,211057592,2344168,90,81,,https://sra-downloadb.be-md.ncbi.nlm.nih.gov/sos13/sra-pub-zq-1307/SRR027/27300/SRR27300305/SRR27300305.lite.1,SRX22977996,GSM7985325,RNA-Seq,cDNA,TRANSCRIPTOMIC,PAIRED,0,0,ILLUMINA,Illumina NovaSeq 6000,SRP479194,PRJNA1055047,3,1055047,SRS19943624,SAMN38978136,simple,208963,Pseudomonas aeruginosa UCBPP-PA14,GSM7985325,,,,,,,no,,,,,"HUNG LAB, MOLECULAR BIOLOGY, MASSACHUSETTS GENERAL HOSPITAL",SRA1772980,,public,2074673629AD8B314AA4E6618D35A32E,707BC32D96399190DBADC847FD006438
SRR27300304,2024-10-11 21:38:57,2023-12-20 13:36:01,2530039,228486930,2530039,90,88,,https://sra-downloadb.be-md.ncbi.nlm.nih.gov/sos13/sra-pub-zq-1307/SRR027/27300/SRR27300304/SRR27300304.lite.1,SRX22977997,GSM7985326,RNA-Seq,cDNA,TRANSCRIPTOMIC,PAIRED,0,0,ILLUMINA,Illumina NovaSeq 6000,SRP479194,PRJNA1055047,3,1055047,SRS19943627,SAMN38978135,simple,208963,Pseudomonas aeruginosa UCBPP-PA14,GSM7985326,,,,,,,no,,,,,"HUNG LAB, MOLECULAR BIOLOGY, MASSACHUSETTS GENERAL HOSPITAL",SRA1772980,,public,3DB3460A9F37A7AB153AA24836453D12,56E9750BFC362483073C2C08F7330DEB
SRR27300302,2024-10-11 21:38:57,2023-12-20 13:36:49,3765832,339611501,3765832,90,135,,https://sra-downloadb.be-md.ncbi.nlm.nih.gov/sos13/sra-pub-zq-1307/SRR027/27300/SRR27300302/SRR27300302.lite.1,SRX22977998,GSM7985327,RNA-Seq,cDNA,TRANSCRIPTOMIC,PAIRED,0,0,ILLUMINA,Illumina NovaSeq 6000,SRP479194,PRJNA1055047,3,1055047,SRS19943629,SAMN38978134,simple,208963,Pseudomonas aeruginosa UCBPP-PA14,GSM7985327,,,,,,,no,,,,,"HUNG LAB, MOLECULAR BIOLOGY, MASSACHUSETTS GENERAL HOSPITAL",SRA1772980,,public,D9166A94A306BA66108F999DF9720341,D571C7AFCE011AA9CFF76B7C5F090BAE
SRR27300300,2024-10-11 21:38:57,2023-12-20 13:36:41,3257085,294703271,3257085,90,114,,https://sra-downloadb.be-md.ncbi.nlm.nih.gov/sos13/sra-pub-zq-1307/SRR027/27300/SRR27300300/SRR27300300.lite.1,SRX22977999,GSM7985328,RNA-Seq,cDNA,TRANSCRIPTOMIC,PAIRED,0,0,ILLUMINA,Illumina NovaSeq 6000,SRP479194,PRJNA1055047,3,1055047,SRS19943625,SAMN38978133,simple,208963,Pseudomonas aeruginosa UCBPP-PA14,GSM7985328,,,,,,,no,,,,,"HUNG LAB, MOLECULAR BIOLOGY, MASSACHUSETTS GENERAL HOSPITAL",SRA1772980,,public,0F1D14D0D19EC7A9A8C7FCB167677DD4,9A938232EA048ABC87DB80308DB16D3E
SRR27300301,2024-10-11 21:38:57,2023-12-20 13:36:18,2338610,210467631,2338610,89,81,,https://sra-downloadb.be-md.ncbi.nlm.nih.gov/sos13/sra-pub-zq-1307/SRR027/27300/SRR27300301/SRR27300301.lite.1,SRX22977999,GSM7985328,RNA-Seq,cDNA,TRANSCRIPTOMIC,PAIRED,0,0,ILLUMINA,Illumina NovaSeq 6000,SRP479194,PRJNA1055047,3,1055047,SRS19943625,SAMN38978133,simple,208963,Pseudomonas aeruginosa UCBPP-PA14,GSM7985328,,,,,,,no,,,,,"HUNG LAB, MOLECULAR BIOLOGY, MASSACHUSETTS GENERAL HOSPITAL",SRA1772980,,public,E810FBF086532E1E7BFC8AB7687DE9A3,3F01B7DD2C5ADC56EA5C232F94A152E9
SRR27300299,2024-10-11 21:38:57,2023-12-20 13:36:41,4906789,444049154,4906789,90,173,,https://sra-downloadb.be-md.ncbi.nlm.nih.gov/sos13/sra-pub-zq-1307/SRR027/27300/SRR27300299/SRR27300299.lite.1,SRX22978000,GSM7985329,RNA-Seq,cDNA,TRANSCRIPTOMIC,PAIRED,0,0,ILLUMINA,Illumina NovaSeq 6000,SRP479194,PRJNA1055047,3,1055047,SRS19943628,SAMN38978132,simple,208963,Pseudomonas aeruginosa UCBPP-PA14,GSM7985329,,,,,,,no,,,,,"HUNG LAB, MOLECULAR BIOLOGY, MASSACHUSETTS GENERAL HOSPITAL",SRA1772980,,public,9F9AEC7ABD633AD90F189D1C797E9316,8DF17C52E50855735C1C5A3CB393212E
SRR27300158,2024-10-11 21:38:57,2023-12-20 13:35:23,4534725,408948720,4534725,90,159,,https://sra-downloadb.be-md.ncbi.nlm.nih.gov/sos13/sra-pub-zq-1307/SRR027/27300/SRR27300158/SRR27300158.lite.1,SRX22978000,GSM7985329,RNA-Seq,cDNA,TRANSCRIPTOMIC,PAIRED,0,0,ILLUMINA,Illumina NovaSeq 6000,SRP479194,PRJNA1055047,3,1055047,SRS19943628,SAMN38978132,simple,208963,Pseudomonas aeruginosa UCBPP-PA14,GSM7985329,,,,,,,no,,,,,"HUNG LAB, MOLECULAR BIOLOGY, MASSACHUSETTS GENERAL HOSPITAL",SRA1772980,,public,67B0A1C4F21710265E592E906CFB2A82,4440EEA72452C41F28BCBE6A4B46BF08
SRR27300297,2024-10-11 21:38:57,2023-12-20 13:36:22,2300656,207451707,2300656,90,81,,https://sra-downloadb.be-md.ncbi.nlm.nih.gov/sos13/sra-pub-zq-1307/SRR027/27300/SRR27300297/SRR27300297.lite.1,SRX22978001,GSM7985330,RNA-Seq,cDNA,TRANSCRIPTOMIC,PAIRED,0,0,ILLUMINA,Illumina NovaSeq 6000,SRP479194,PRJNA1055047,3,1055047,SRS19943626,SAMN38978131,simple,208963,Pseudomonas aeruginosa UCBPP-PA14,GSM7985330,,,,,,,no,,,,,"HUNG LAB, MOLECULAR BIOLOGY, MASSACHUSETTS GENERAL HOSPITAL",SRA1772980,,public,1EC5F017A9B86F16BAAD4C9A5DB77956,B0DC8AA15AEDE3B99FB63175321A41FE
SRR27300298,2024-10-11 21:38:57,2023-12-20 13:36:36,2009634,181388080,2009634,90,70,,https://sra-downloadb.be-md.ncbi.nlm.nih.gov/sos13/sra-pub-zq-1307/SRR027/27300/SRR27300298/SRR27300298.lite.1,SRX22978001,GSM7985330,RNA-Seq,cDNA,TRANSCRIPTOMIC,PAIRED,0,0,ILLUMINA,Illumina NovaSeq 6000,SRP479194,PRJNA1055047,3,1055047,SRS19943626,SAMN38978131,simple,208963,Pseudomonas aeruginosa UCBPP-PA14,GSM7985330,,,,,,,no,,,,,"HUNG LAB, MOLECULAR BIOLOGY, MASSACHUSETTS GENERAL HOSPITAL",SRA1772980,,public,C22C127E2DA44DC7E3B4918B5AACCDD5,9D7D5C08B974AC7FC512227D73693D8A
SRR27300303,2024-10-11 21:38:57,2023-12-20 13:36:32,2655038,238174540,2655038,89,94,,https://sra-downloadb.be-md.ncbi.nlm.nih.gov/sos13/sra-pub-zq-1307/SRR027/27300/SRR27300303/SRR27300303.lite.1,SRX22977998,GSM7985327,RNA-Seq,cDNA,TRANSCRIPTOMIC,PAIRED,0,0,ILLUMINA,Illumina NovaSeq 6000,SRP479194,PRJNA1055047,3,1055047,SRS19943629,SAMN38978134,simple,208963,Pseudomonas aeruginosa UCBPP-PA14,GSM7985327,,,,,,,no,,,,,"HUNG LAB, MOLECULAR BIOLOGY, MASSACHUSETTS GENERAL HOSPITAL",SRA1772980,,public,946E6C5D065D90C14223AA0B9E5C2BCF,44D1D931E300E10C47E00D8673A5214F
SRR27300296,2024-10-11 21:38:57,2023-12-20 13:36:36,3488218,314113900,3488218,90,121,,https://sra-downloadb.be-md.ncbi.nlm.nih.gov/sos13/sra-pub-zq-1307/SRR027/27300/SRR27300296/SRR27300296.lite.1,SRX22978002,GSM7985331,RNA-Seq,cDNA,TRANSCRIPTOMIC,PAIRED,0,0,ILLUMINA,Illumina NovaSeq 6000,SRP479194,PRJNA1055047,3,1055047,SRS19943630,SAMN38978130,simple,208963,Pseudomonas aeruginosa UCBPP-PA14,GSM7985331,,,,,,,no,,,,,"HUNG LAB, MOLECULAR BIOLOGY, MASSACHUSETTS GENERAL HOSPITAL",SRA1772980,,public,B3D6DE28A4458C6B53805AE666FFAF75,1FAFE3C71ACBECD692C73ECFE07B5136
SRR27300358,2024-10-11 21:38:58,2023-12-20 13:42:40,4795138,432500402,4795138,90,168,,https://sra-downloadb.be-md.ncbi.nlm.nih.gov/sos13/sra-pub-zq-1307/SRR027/27300/SRR27300358/SRR27300358.lite.1,SRX22978002,GSM7985331,RNA-Seq,cDNA,TRANSCRIPTOMIC,PAIRED,0,0,ILLUMINA,Illumina NovaSeq 6000,SRP479194,PRJNA1055047,3,1055047,SRS19943630,SAMN38978130,simple,208963,Pseudomonas aeruginosa UCBPP-PA14,GSM7985331,,,,,,,no,,,,,"HUNG LAB, MOLECULAR BIOLOGY, MASSACHUSETTS GENERAL HOSPITAL",SRA1772980,,public,3F88C53922B26027F1CB94A75D1B1B4D,30526D23CCE29A0E5A1D6B4C427D06D7
SRR27300294,2024-10-11 21:38:58,2023-12-20 13:36:11,6253034,563847536,6253034,90,220,,https://sra-downloadb.be-md.ncbi.nlm.nih.gov/sos13/sra-pub-zq-1307/SRR027/27300/SRR27300294/SRR27300294.lite.1,SRX22978003,GSM7985332,RNA-Seq,cDNA,TRANSCRIPTOMIC,PAIRED,0,0,ILLUMINA,Illumina NovaSeq 6000,SRP479194,PRJNA1055047,3,1055047,SRS19943632,SAMN38978129,simple,208963,Pseudomonas aeruginosa UCBPP-PA14,GSM7985332,,,,,,,no,,,,,"HUNG LAB, MOLECULAR BIOLOGY, MASSACHUSETTS GENERAL HOSPITAL",SRA1772980,,public,C982DB3CC9505CBA3D44225562DDAB8A,FE2446A82AE9EB451FC9E5F8160A5269
SRR27300295,2024-10-11 21:38:58,2023-12-20 13:35:32,1403815,126636091,1403815,90,49,,https://sra-downloadb.be-md.ncbi.nlm.nih.gov/sos13/sra-pub-zq-1307/SRR027/27300/SRR27300295/SRR27300295.lite.1,SRX22978003,GSM7985332,RNA-Seq,cDNA,TRANSCRIPTOMIC,PAIRED,0,0,ILLUMINA,Illumina NovaSeq 6000,SRP479194,PRJNA1055047,3,1055047,SRS19943632,SAMN38978129,simple,208963,Pseudomonas aeruginosa UCBPP-PA14,GSM7985332,,,,,,,no,,,,,"HUNG LAB, MOLECULAR BIOLOGY, MASSACHUSETTS GENERAL HOSPITAL",SRA1772980,,public,30A9FDDF749C9BB3B55BFF983D683A2A,CC05352FE426510B9A8A6C6933109683
SRR27300293,2024-10-11 21:38:58,2023-12-20 13:36:00,2579885,231267896,2579885,89,91,,https://sra-downloadb.be-md.ncbi.nlm.nih.gov/sos13/sra-pub-zq-1307/SRR027/27300/SRR27300293/SRR27300293.lite.1,SRX22978004,GSM7985333,RNA-Seq,cDNA,TRANSCRIPTOMIC,PAIRED,0,0,ILLUMINA,Illumina NovaSeq 6000,SRP479194,PRJNA1055047,3,1055047,SRS19943631,SAMN38978128,simple,208963,Pseudomonas aeruginosa UCBPP-PA14,GSM7985333,,,,,,,no,,,,,"HUNG LAB, MOLECULAR BIOLOGY, MASSACHUSETTS GENERAL HOSPITAL",SRA1772980,,public,0C48CBE71A1C202C86D83F26E85310B8,A8BCDF70773C40D274F009DC383246DE
SRR27300292,2024-10-11 21:38:58,2023-12-20 13:36:23,2541708,229143707,2541708,90,90,,https://sra-downloadb.be-md.ncbi.nlm.nih.gov/sos13/sra-pub-zq-1307/SRR027/27300/SRR27300292/SRR27300292.lite.1,SRX22978005,GSM7985334,RNA-Seq,cDNA,TRANSCRIPTOMIC,PAIRED,0,0,ILLUMINA,Illumina NovaSeq 6000,SRP479194,PRJNA1055047,3,1055047,SRS19943633,SAMN38978127,simple,208963,Pseudomonas aeruginosa UCBPP-PA14,GSM7985334,,,,,,,no,,,,,"HUNG LAB, MOLECULAR BIOLOGY, MASSACHUSETTS GENERAL HOSPITAL",SRA1772980,,public,3690FB5CC702B1C1200A13A4C7917B60,E733E3769B90F9156ECC1F206ED2AB4A
SRR27300291,2024-10-11 21:38:58,2023-12-20 13:36:34,3044701,275375339,3044701,90,107,,https://sra-downloadb.be-md.ncbi.nlm.nih.gov/sos13/sra-pub-zq-1307/SRR027/27300/SRR27300291/SRR27300291.lite.1,SRX22978006,GSM7985335,RNA-Seq,cDNA,TRANSCRIPTOMIC,PAIRED,0,0,ILLUMINA,Illumina NovaSeq 6000,SRP479194,PRJNA1055047,3,1055047,SRS19943635,SAMN38978126,simple,208963,Pseudomonas aeruginosa UCBPP-PA14,GSM7985335,,,,,,,no,,,,,"HUNG LAB, MOLECULAR BIOLOGY, MASSACHUSETTS GENERAL HOSPITAL",SRA1772980,,public,5EBF252B6AF64F7CF1879630CC4DD21C,FD07B5E1180469DF8EC37F7327CC7671
SRR27300290,2024-10-11 21:39:02,2023-12-20 13:36:24,2904007,262090219,2904007,90,102,,https://sra-downloadb.be-md.ncbi.nlm.nih.gov/sos13/sra-pub-zq-1307/SRR027/27300/SRR27300290/SRR27300290.lite.1,SRX22978007,GSM7985368,RNA-Seq,cDNA,TRANSCRIPTOMIC,PAIRED,0,0,ILLUMINA,Illumina NovaSeq 6000,SRP479194,PRJNA1055047,3,1055047,SRS19943634,SAMN38978093,simple,208963,Pseudomonas aeruginosa UCBPP-PA14,GSM7985368,,,,,,,no,,,,,"HUNG LAB, MOLECULAR BIOLOGY, MASSACHUSETTS GENERAL HOSPITAL",SRA1772980,,public,5F09EB5A641B425CC31FA0EE71F5B844,ED8D7EC0D36F9E7FA70FFB38357833AC
SRR27300289,2024-10-11 21:39:02,2023-12-20 13:36:11,1808309,163459145,1808309,90,63,,https://sra-downloadb.be-md.ncbi.nlm.nih.gov/sos13/sra-pub-zq-1307/SRR027/27300/SRR27300289/SRR27300289.lite.1,SRX22978008,GSM7985369,RNA-Seq,cDNA,TRANSCRIPTOMIC,PAIRED,0,0,ILLUMINA,Illumina NovaSeq 6000,SRP479194,PRJNA1055047,3,1055047,SRS19943636,SAMN38978092,simple,208963,Pseudomonas aeruginosa UCBPP-PA14,GSM7985369,,,,,,,no,,,,,"HUNG LAB, MOLECULAR BIOLOGY, MASSACHUSETTS GENERAL HOSPITAL",SRA1772980,,public,0D6AA5A047D6906D93BA7DC59719C6E8,3458FDC466D91C706703114EC9847F10
SRR29244679,2024-10-11 21:38:02,2024-05-31 07:21:34,10577425,433674425,0,41,194,,https://sra-downloadb.be-md.ncbi.nlm.nih.gov/sos13/sra-pub-zq-1307/SRR029/29244/SRR29244679/SRR29244679.lite.1,SRX24763006,GSM8297884,RNA-Seq,cDNA,TRANSCRIPTOMIC,SINGLE,0,0,ILLUMINA,Illumina NovaSeq 6000,SRP479194,PRJNA1055047,3,1055047,SRS21482533,SAMN41607457,simple,208963,Pseudomonas aeruginosa UCBPP-PA14,GSM8297884,,,,,,,no,,,,,"HUNG LAB, MOLECULAR BIOLOGY, MASSACHUSETTS GENERAL HOSPITAL",SRA1883722,,public,83C5410CCD076A5D32063D4C32B716DB,FD2A83CA39365E42C7B7C6B85D0F08FC
SRR29244680,2024-10-11 21:38:02,2024-05-31 07:22:59,10577425,524122957,0,49,247,,https://sra-downloadb.be-md.ncbi.nlm.nih.gov/sos13/sra-pub-zq-1307/SRR029/29244/SRR29244680/SRR29244680.lite.1,SRX24763006,GSM8297884,RNA-Seq,cDNA,TRANSCRIPTOMIC,SINGLE,0,0,ILLUMINA,Illumina NovaSeq 6000,SRP479194,PRJNA1055047,3,1055047,SRS21482533,SAMN41607457,simple,208963,Pseudomonas aeruginosa UCBPP-PA14,GSM8297884,,,,,,,no,,,,,"HUNG LAB, MOLECULAR BIOLOGY, MASSACHUSETTS GENERAL HOSPITAL",SRA1883722,,public,DC23B5D40E3DCDD7DE09351F4EE91A61,54EFBD5087300554615EA069817D59E3
SRR29244677,2024-10-11 21:38:02,2024-05-31 07:21:38,8474350,347448350,0,41,154,,https://sra-downloadb.be-md.ncbi.nlm.nih.gov/sos13/sra-pub-zq-1307/SRR029/29244/SRR29244677/SRR29244677.lite.1,SRX24763007,GSM8297885,RNA-Seq,cDNA,TRANSCRIPTOMIC,SINGLE,0,0,ILLUMINA,Illumina NovaSeq 6000,SRP479194,PRJNA1055047,3,1055047,SRS21482534,SAMN41607456,simple,208963,Pseudomonas aeruginosa UCBPP-PA14,GSM8297885,,,,,,,no,,,,,"HUNG LAB, MOLECULAR BIOLOGY, MASSACHUSETTS GENERAL HOSPITAL",SRA1883722,,public,9798B66617C5BA8FB2238810BCB7B130,88730F707EF0C3CA69435B8A940AB46E
SRR29244678,2024-10-11 21:38:02,2024-05-31 07:21:58,8474350,416809277,0,49,197,,https://sra-downloadb.be-md.ncbi.nlm.nih.gov/sos13/sra-pub-zq-1307/SRR029/29244/SRR29244678/SRR29244678.lite.1,SRX24763007,GSM8297885,RNA-Seq,cDNA,TRANSCRIPTOMIC,SINGLE,0,0,ILLUMINA,Illumina NovaSeq 6000,SRP479194,PRJNA1055047,3,1055047,SRS21482534,SAMN41607456,simple,208963,Pseudomonas aeruginosa UCBPP-PA14,GSM8297885,,,,,,,no,,,,,"HUNG LAB, MOLECULAR BIOLOGY, MASSACHUSETTS GENERAL HOSPITAL",SRA1883722,,public,75D45F67AA474727E71D447108D5E50B,CFFA82731F2E16B906CADA47D9D7639E
SRR29244675,2024-10-11 21:38:02,2024-05-31 07:20:49,11350097,465353977,0,41,207,,https://sra-downloadb.be-md.ncbi.nlm.nih.gov/sos13/sra-pub-zq-1307/SRR029/29244/SRR29244675/SRR29244675.lite.1,SRX24763008,GSM8297886,RNA-Seq,cDNA,TRANSCRIPTOMIC,SINGLE,0,0,ILLUMINA,Illumina NovaSeq 6000,SRP479194,PRJNA1055047,3,1055047,SRS21482535,SAMN41607455,simple,208963,Pseudomonas aeruginosa UCBPP-PA14,GSM8297886,,,,,,,no,,,,,"HUNG LAB, MOLECULAR BIOLOGY, MASSACHUSETTS GENERAL HOSPITAL",SRA1883722,,public,70B4D1B986174958AC155CCAF15F2EAF,5651A4153F3D141FFC9D903F5FBDCCEB
SRR29244676,2024-10-11 21:38:02,2024-05-31 07:22:25,11350097,559027810,0,49,263,,https://sra-downloadb.be-md.ncbi.nlm.nih.gov/sos13/sra-pub-zq-1307/SRR029/29244/SRR29244676/SRR29244676.lite.1,SRX24763008,GSM8297886,RNA-Seq,cDNA,TRANSCRIPTOMIC,SINGLE,0,0,ILLUMINA,Illumina NovaSeq 6000,SRP479194,PRJNA1055047,3,1055047,SRS21482535,SAMN41607455,simple,208963,Pseudomonas aeruginosa UCBPP-PA14,GSM8297886,,,,,,,no,,,,,"HUNG LAB, MOLECULAR BIOLOGY, MASSACHUSETTS GENERAL HOSPITAL",SRA1883722,,public,9DC7A2BE8C1D070125488827C1E58A13,718C54CEEC50D5176BE28819E2178750
SRR29244673,2024-10-11 21:38:02,2024-05-31 07:21:34,5824783,238816103,0,41,107,,https://sra-downloadb.be-md.ncbi.nlm.nih.gov/sos13/sra-pub-zq-1307/SRR029/29244/SRR29244673/SRR29244673.lite.1,SRX24763009,GSM8297887,RNA-Seq,cDNA,TRANSCRIPTOMIC,SINGLE,0,0,ILLUMINA,Illumina NovaSeq 6000,SRP479194,PRJNA1055047,3,1055047,SRS21482536,SAMN41607454,simple,208963,Pseudomonas aeruginosa UCBPP-PA14,GSM8297887,,,,,,,no,,,,,"HUNG LAB, MOLECULAR BIOLOGY, MASSACHUSETTS GENERAL HOSPITAL",SRA1883722,,public,7F2CF7103AE695840E9E8040AA3BEEA3,170EE791DF47D95BEAF67B9145CFF745
SRR29244674,2024-10-11 21:38:02,2024-05-31 07:21:20,5824783,288054321,0,49,136,,https://sra-downloadb.be-md.ncbi.nlm.nih.gov/sos13/sra-pub-zq-1307/SRR029/29244/SRR29244674/SRR29244674.lite.1,SRX24763009,GSM8297887,RNA-Seq,cDNA,TRANSCRIPTOMIC,SINGLE,0,0,ILLUMINA,Illumina NovaSeq 6000,SRP479194,PRJNA1055047,3,1055047,SRS21482536,SAMN41607454,simple,208963,Pseudomonas aeruginosa UCBPP-PA14,GSM8297887,,,,,,,no,,,,,"HUNG LAB, MOLECULAR BIOLOGY, MASSACHUSETTS GENERAL HOSPITAL",SRA1883722,,public,3B034F78FD101FF4B261F66345D06458,B5D281F41C21CBDE1DE15D0C8FA5521D
SRR29244671,2024-10-11 21:38:02,2024-05-31 07:21:08,2649274,108620234,0,41,48,,https://sra-downloadb.be-md.ncbi.nlm.nih.gov/sos13/sra-pub-zq-1307/SRR029/29244/SRR29244671/SRR29244671.lite.1,SRX24763010,GSM8297888,RNA-Seq,cDNA,TRANSCRIPTOMIC,SINGLE,0,0,ILLUMINA,Illumina NovaSeq 6000,SRP479194,PRJNA1055047,3,1055047,SRS21482538,SAMN41607453,simple,208963,Pseudomonas aeruginosa UCBPP-PA14,GSM8297888,,,,,,,no,,,,,"HUNG LAB, MOLECULAR BIOLOGY, MASSACHUSETTS GENERAL HOSPITAL",SRA1883722,,public,54ACD698B13FD5DCF62A1060F60A09D4,CBFE02C62C9935E35EFCF965A163D397
SRR29244672,2024-10-11 21:38:02,2024-05-31 07:21:11,2649274,130111849,0,49,62,,https://sra-downloadb.be-md.ncbi.nlm.nih.gov/sos13/sra-pub-zq-1307/SRR029/29244/SRR29244672/SRR29244672.lite.1,SRX24763010,GSM8297888,RNA-Seq,cDNA,TRANSCRIPTOMIC,SINGLE,0,0,ILLUMINA,Illumina NovaSeq 6000,SRP479194,PRJNA1055047,3,1055047,SRS21482538,SAMN41607453,simple,208963,Pseudomonas aeruginosa UCBPP-PA14,GSM8297888,,,,,,,no,,,,,"HUNG LAB, MOLECULAR BIOLOGY, MASSACHUSETTS GENERAL HOSPITAL",SRA1883722,,public,BF5B51177A0CB330BDB742C4895E0E60,4E159BEE8B74A3ECF936FA7341F39D7E
SRR29244669,2024-10-11 21:38:02,2024-05-31 07:20:37,4483049,183805009,0,41,82,,https://sra-downloadb.be-md.ncbi.nlm.nih.gov/sos13/sra-pub-zq-1307/SRR029/29244/SRR29244669/SRR29244669.lite.1,SRX24763011,GSM8297889,RNA-Seq,cDNA,TRANSCRIPTOMIC,SINGLE,0,0,ILLUMINA,Illumina NovaSeq 6000,SRP479194,PRJNA1055047,3,1055047,SRS21482537,SAMN41607452,simple,208963,Pseudomonas aeruginosa UCBPP-PA14,GSM8297889,,,,,,,no,,,,,"HUNG LAB, MOLECULAR BIOLOGY, MASSACHUSETTS GENERAL HOSPITAL",SRA1883722,,public,296866C5377789607C14AD286758FF2A,E2F49E22D8ED2F7FEC263799573FA5A6
SRR29244670,2024-10-11 21:38:03,2024-05-31 07:21:01,4483049,220390178,0,49,105,,https://sra-downloadb.be-md.ncbi.nlm.nih.gov/sos13/sra-pub-zq-1307/SRR029/29244/SRR29244670/SRR29244670.lite.1,SRX24763011,GSM8297889,RNA-Seq,cDNA,TRANSCRIPTOMIC,SINGLE,0,0,ILLUMINA,Illumina NovaSeq 6000,SRP479194,PRJNA1055047,3,1055047,SRS21482537,SAMN41607452,simple,208963,Pseudomonas aeruginosa UCBPP-PA14,GSM8297889,,,,,,,no,,,,,"HUNG LAB, MOLECULAR BIOLOGY, MASSACHUSETTS GENERAL HOSPITAL",SRA1883722,,public,B0C4C75AF845A24B8837D2D2D0F57242,E3221A84AEA274C7BE9DD3C8A6A7886F
SRR29244667,2024-10-11 21:38:03,2024-05-31 07:21:28,6120082,250923362,0,41,112,,https://sra-downloadb.be-md.ncbi.nlm.nih.gov/sos13/sra-pub-zq-1307/SRR029/29244/SRR29244667/SRR29244667.lite.1,SRX24763012,GSM8297890,RNA-Seq,cDNA,TRANSCRIPTOMIC,SINGLE,0,0,ILLUMINA,Illumina NovaSeq 6000,SRP479194,PRJNA1055047,3,1055047,SRS21482539,SAMN41607451,simple,208963,Pseudomonas aeruginosa UCBPP-PA14,GSM8297890,,,,,,,no,,,,,"HUNG LAB, MOLECULAR BIOLOGY, MASSACHUSETTS GENERAL HOSPITAL",SRA1883722,,public,8CFDAF40C1DB23CECFE0CDAF8F4CC44E,F48816DC2D7B8E238FBC8FE8575B304A
SRR29244668,2024-10-11 21:38:03,2024-05-31 07:21:02,6120082,302279831,0,49,142,,https://sra-downloadb.be-md.ncbi.nlm.nih.gov/sos13/sra-pub-zq-1307/SRR029/29244/SRR29244668/SRR29244668.lite.1,SRX24763012,GSM8297890,RNA-Seq,cDNA,TRANSCRIPTOMIC,SINGLE,0,0,ILLUMINA,Illumina NovaSeq 6000,SRP479194,PRJNA1055047,3,1055047,SRS21482539,SAMN41607451,simple,208963,Pseudomonas aeruginosa UCBPP-PA14,GSM8297890,,,,,,,no,,,,,"HUNG LAB, MOLECULAR BIOLOGY, MASSACHUSETTS GENERAL HOSPITAL",SRA1883722,,public,5E0678215E8FC4ACA3C162ABB2E716AA,97149FBD55134A04F8195E030700C989
SRR29244665,2024-10-11 21:38:03,2024-05-31 07:21:01,4682462,191980942,0,41,85,,https://sra-downloadb.be-md.ncbi.nlm.nih.gov/sos13/sra-pub-zq-1307/SRR029/29244/SRR29244665/SRR29244665.lite.1,SRX24763013,GSM8297891,RNA-Seq,cDNA,TRANSCRIPTOMIC,SINGLE,0,0,ILLUMINA,Illumina NovaSeq 6000,SRP479194,PRJNA1055047,3,1055047,SRS21482541,SAMN41607450,simple,208963,Pseudomonas aeruginosa UCBPP-PA14,GSM8297891,,,,,,,no,,,,,"HUNG LAB, MOLECULAR BIOLOGY, MASSACHUSETTS GENERAL HOSPITAL",SRA1883722,,public,876A8263E7AB28BD7388B4EBBC8CCCD8,F8CC087CE99644D69B02EC2B7A56274C
SRR29244666,2024-10-11 21:38:03,2024-05-31 07:20:58,4682462,231509801,0,49,110,,https://sra-downloadb.be-md.ncbi.nlm.nih.gov/sos13/sra-pub-zq-1307/SRR029/29244/SRR29244666/SRR29244666.lite.1,SRX24763013,GSM8297891,RNA-Seq,cDNA,TRANSCRIPTOMIC,SINGLE,0,0,ILLUMINA,Illumina NovaSeq 6000,SRP479194,PRJNA1055047,3,1055047,SRS21482541,SAMN41607450,simple,208963,Pseudomonas aeruginosa UCBPP-PA14,GSM8297891,,,,,,,no,,,,,"HUNG LAB, MOLECULAR BIOLOGY, MASSACHUSETTS GENERAL HOSPITAL",SRA1883722,,public,72AE7DD1CC77576DE5EFD6E8C9A23E3F,48326E629075A13F7DE7B21F4511147F
SRR29244663,2024-10-11 21:38:03,2024-05-31 07:20:54,5258481,215597721,0,41,96,,https://sra-downloadb.be-md.ncbi.nlm.nih.gov/sos13/sra-pub-zq-1307/SRR029/29244/SRR29244663/SRR29244663.lite.1,SRX24763014,GSM8297892,RNA-Seq,cDNA,TRANSCRIPTOMIC,SINGLE,0,0,ILLUMINA,Illumina NovaSeq 6000,SRP479194,PRJNA1055047,3,1055047,SRS21482540,SAMN41607449,simple,208963,Pseudomonas aeruginosa UCBPP-PA14,GSM8297892,,,,,,,no,,,,,"HUNG LAB, MOLECULAR BIOLOGY, MASSACHUSETTS GENERAL HOSPITAL",SRA1883722,,public,695053906FE83ECDFD36FE30E94CEE96,E97B9DB8F18E357AC0DE4A9F8E0BB116
SRR29244664,2024-10-11 21:38:03,2024-05-31 07:21:07,5258481,260128701,0,49,122,,https://sra-downloadb.be-md.ncbi.nlm.nih.gov/sos13/sra-pub-zq-1307/SRR029/29244/SRR29244664/SRR29244664.lite.1,SRX24763014,GSM8297892,RNA-Seq,cDNA,TRANSCRIPTOMIC,SINGLE,0,0,ILLUMINA,Illumina NovaSeq 6000,SRP479194,PRJNA1055047,3,1055047,SRS21482540,SAMN41607449,simple,208963,Pseudomonas aeruginosa UCBPP-PA14,GSM8297892,,,,,,,no,,,,,"HUNG LAB, MOLECULAR BIOLOGY, MASSACHUSETTS GENERAL HOSPITAL",SRA1883722,,public,43E000F731376941349E9F37C60C7F4E,8FBA85344EA5F68DD3CBE14D4AB8E583
SRR29244661,2024-10-11 21:38:03,2024-05-31 07:21:34,9227422,378324302,0,41,169,,https://sra-downloadb.be-md.ncbi.nlm.nih.gov/sos13/sra-pub-zq-1307/SRR029/29244/SRR29244661/SRR29244661.lite.1,SRX24763015,GSM8297893,RNA-Seq,cDNA,TRANSCRIPTOMIC,SINGLE,0,0,ILLUMINA,Illumina NovaSeq 6000,SRP479194,PRJNA1055047,3,1055047,SRS21482542,SAMN41607448,simple,208963,Pseudomonas aeruginosa UCBPP-PA14,GSM8297893,,,,,,,no,,,,,"HUNG LAB, MOLECULAR BIOLOGY, MASSACHUSETTS GENERAL HOSPITAL",SRA1883722,,public,7B990CAA55A96E3DB6DCB1417130C2BD,5C33A9EA223E2B67F6AE079FFCA6BA8B
SRR29244662,2024-10-11 21:38:03,2024-05-31 07:22:09,9227422,453930862,0,49,216,,https://sra-downloadb.be-md.ncbi.nlm.nih.gov/sos13/sra-pub-zq-1307/SRR029/29244/SRR29244662/SRR29244662.lite.1,SRX24763015,GSM8297893,RNA-Seq,cDNA,TRANSCRIPTOMIC,SINGLE,0,0,ILLUMINA,Illumina NovaSeq 6000,SRP479194,PRJNA1055047,3,1055047,SRS21482542,SAMN41607448,simple,208963,Pseudomonas aeruginosa UCBPP-PA14,GSM8297893,,,,,,,no,,,,,"HUNG LAB, MOLECULAR BIOLOGY, MASSACHUSETTS GENERAL HOSPITAL",SRA1883722,,public,06DA692DD531752B13BDA10036FFC043,D1ADFA8446F3C9004D1CB274D7A66E51
SRR29244659,2024-10-11 21:38:03,2024-05-31 07:21:06,4860833,199294153,0,41,89,,https://sra-downloadb.be-md.ncbi.nlm.nih.gov/sos13/sra-pub-zq-1307/SRR029/29244/SRR29244659/SRR29244659.lite.1,SRX24763016,GSM8297894,RNA-Seq,cDNA,TRANSCRIPTOMIC,SINGLE,0,0,ILLUMINA,Illumina NovaSeq 6000,SRP479194,PRJNA1055047,3,1055047,SRS21482545,SAMN41607447,simple,208963,Pseudomonas aeruginosa UCBPP-PA14,GSM8297894,,,,,,,no,,,,,"HUNG LAB, MOLECULAR BIOLOGY, MASSACHUSETTS GENERAL HOSPITAL",SRA1883722,,public,11C262E3C1C849E645A94A91EAFE354D,C811CD0BC95A87B16FB7B55A0DE5442C
SRR29244660,2024-10-11 21:38:03,2024-05-31 07:21:35,4860833,240143060,0,49,114,,https://sra-downloadb.be-md.ncbi.nlm.nih.gov/sos13/sra-pub-zq-1307/SRR029/29244/SRR29244660/SRR29244660.lite.1,SRX24763016,GSM8297894,RNA-Seq,cDNA,TRANSCRIPTOMIC,SINGLE,0,0,ILLUMINA,Illumina NovaSeq 6000,SRP479194,PRJNA1055047,3,1055047,SRS21482545,SAMN41607447,simple,208963,Pseudomonas aeruginosa UCBPP-PA14,GSM8297894,,,,,,,no,,,,,"HUNG LAB, MOLECULAR BIOLOGY, MASSACHUSETTS GENERAL HOSPITAL",SRA1883722,,public,979867058D7A21EE2A161B3C9D71B518,623DA593A2E9D21F415A9BAF7659588E
SRR29244657,2024-10-11 21:38:03,2024-05-31 07:21:40,9439810,387032210,0,41,173,,https://sra-downloadb.be-md.ncbi.nlm.nih.gov/sos13/sra-pub-zq-1307/SRR029/29244/SRR29244657/SRR29244657.lite.1,SRX24763017,GSM8297895,RNA-Seq,cDNA,TRANSCRIPTOMIC,SINGLE,0,0,ILLUMINA,Illumina NovaSeq 6000,SRP479194,PRJNA1055047,3,1055047,SRS21482543,SAMN41607446,simple,208963,Pseudomonas aeruginosa UCBPP-PA14,GSM8297895,,,,,,,no,,,,,"HUNG LAB, MOLECULAR BIOLOGY, MASSACHUSETTS GENERAL HOSPITAL",SRA1883722,,public,95CA8FE43ECB7081F6F86D9C787E91AA,113E8AE1C8099FCA6E8A830C8DB340EA
SRR29244658,2024-10-11 21:38:03,2024-05-31 07:21:20,9439810,467067095,0,49,220,,https://sra-downloadb.be-md.ncbi.nlm.nih.gov/sos13/sra-pub-zq-1307/SRR029/29244/SRR29244658/SRR29244658.lite.1,SRX24763017,GSM8297895,RNA-Seq,cDNA,TRANSCRIPTOMIC,SINGLE,0,0,ILLUMINA,Illumina NovaSeq 6000,SRP479194,PRJNA1055047,3,1055047,SRS21482543,SAMN41607446,simple,208963,Pseudomonas aeruginosa UCBPP-PA14,GSM8297895,,,,,,,no,,,,,"HUNG LAB, MOLECULAR BIOLOGY, MASSACHUSETTS GENERAL HOSPITAL",SRA1883722,,public,EBE0AA56ADB9D8C876AD78F8F9693284,483E65EAB9CC034EDE16A387749BAA1C
SRR29244655,2024-10-11 21:38:03,2024-05-31 07:21:46,16166243,662815963,0,41,296,,https://sra-downloadb.be-md.ncbi.nlm.nih.gov/sos13/sra-pub-zq-1307/SRR029/29244/SRR29244655/SRR29244655.lite.1,SRX24763018,GSM8297896,RNA-Seq,cDNA,TRANSCRIPTOMIC,SINGLE,0,0,ILLUMINA,Illumina NovaSeq 6000,SRP479194,PRJNA1055047,3,1055047,SRS21482544,SAMN41607445,simple,208963,Pseudomonas aeruginosa UCBPP-PA14,GSM8297896,,,,,,,no,,,,,"HUNG LAB, MOLECULAR BIOLOGY, MASSACHUSETTS GENERAL HOSPITAL",SRA1883722,,public,A19305940ED7D6038818DEB29E7CC167,1F388CA7B821DCDE21ACAA1B3CDE6E00
SRR29244656,2024-10-11 21:38:03,2024-05-31 07:23:15,16166243,796635649,0,49,376,,https://sra-downloadb.be-md.ncbi.nlm.nih.gov/sos13/sra-pub-zq-1307/SRR029/29244/SRR29244656/SRR29244656.lite.1,SRX24763018,GSM8297896,RNA-Seq,cDNA,TRANSCRIPTOMIC,SINGLE,0,0,ILLUMINA,Illumina NovaSeq 6000,SRP479194,PRJNA1055047,3,1055047,SRS21482544,SAMN41607445,simple,208963,Pseudomonas aeruginosa UCBPP-PA14,GSM8297896,,,,,,,no,,,,,"HUNG LAB, MOLECULAR BIOLOGY, MASSACHUSETTS GENERAL HOSPITAL",SRA1883722,,public,A6852B82A978B8362FACAF45FA2AF887,2142697C3A2EFD30D727E95E86D48F4B
SRR29244653,2024-10-11 21:38:13,2024-05-31 07:20:58,4469702,183257782,0,41,75,,https://sra-downloadb.be-md.ncbi.nlm.nih.gov/sos13/sra-pub-zq-1307/SRR029/29244/SRR29244653/SRR29244653.lite.1,SRX24763019,GSM8297993,RNA-Seq,cDNA,TRANSCRIPTOMIC,SINGLE,0,0,ILLUMINA,Illumina NovaSeq 6000,SRP479194,PRJNA1055047,3,1055047,SRS21482546,SAMN41607348,simple,208963,Pseudomonas aeruginosa UCBPP-PA14,GSM8297993,,,,,,,no,,,,,"HUNG LAB, MOLECULAR BIOLOGY, MASSACHUSETTS GENERAL HOSPITAL",SRA1883722,,public,ED97BAC20FABD1BA23FFC1843CB46C6B,331076453B4C99BD4D46E608A6677AAD
SRR29244654,2024-10-11 21:38:13,2024-05-31 07:21:02,4469702,221099786,0,49,99,,https://sra-downloadb.be-md.ncbi.nlm.nih.gov/sos13/sra-pub-zq-1307/SRR029/29244/SRR29244654/SRR29244654.lite.1,SRX24763019,GSM8297993,RNA-Seq,cDNA,TRANSCRIPTOMIC,SINGLE,0,0,ILLUMINA,Illumina NovaSeq 6000,SRP479194,PRJNA1055047,3,1055047,SRS21482546,SAMN41607348,simple,208963,Pseudomonas aeruginosa UCBPP-PA14,GSM8297993,,,,,,,no,,,,,"HUNG LAB, MOLECULAR BIOLOGY, MASSACHUSETTS GENERAL HOSPITAL",SRA1883722,,public,40C07215CBB54790EFBBFC99F33066FE,83F5CBD9B8684D3FD184DC5FA12E7A00
SRR29244651,2024-10-11 21:38:13,2024-05-31 07:20:55,4011611,164476051,0,41,68,,https://sra-downloadb.be-md.ncbi.nlm.nih.gov/sos13/sra-pub-zq-1307/SRR029/29244/SRR29244651/SRR29244651.lite.1,SRX24763020,GSM8297994,RNA-Seq,cDNA,TRANSCRIPTOMIC,SINGLE,0,0,ILLUMINA,Illumina NovaSeq 6000,SRP479194,PRJNA1055047,3,1055047,SRS21482547,SAMN41607347,simple,208963,Pseudomonas aeruginosa UCBPP-PA14,GSM8297994,,,,,,,no,,,,,"HUNG LAB, MOLECULAR BIOLOGY, MASSACHUSETTS GENERAL HOSPITAL",SRA1883722,,public,096A55131C6B4C57687E6F824DD85B5D,F51C42D1F7208C4C5687CC928E5F1A2B
SRR29244652,2024-10-11 21:38:13,2024-05-31 07:20:39,4011611,198187783,0,49,88,,https://sra-downloadb.be-md.ncbi.nlm.nih.gov/sos13/sra-pub-zq-1307/SRR029/29244/SRR29244652/SRR29244652.lite.1,SRX24763020,GSM8297994,RNA-Seq,cDNA,TRANSCRIPTOMIC,SINGLE,0,0,ILLUMINA,Illumina NovaSeq 6000,SRP479194,PRJNA1055047,3,1055047,SRS21482547,SAMN41607347,simple,208963,Pseudomonas aeruginosa UCBPP-PA14,GSM8297994,,,,,,,no,,,,,"HUNG LAB, MOLECULAR BIOLOGY, MASSACHUSETTS GENERAL HOSPITAL",SRA1883722,,public,A9D88C257E281564F374668E50197AC3,E3E17CE3602BEA85A0A84E4F4C0E3093
SRR29244649,2024-10-11 21:38:13,2024-05-31 07:20:44,2196697,90064577,0,41,38,,https://sra-downloadb.be-md.ncbi.nlm.nih.gov/sos13/sra-pub-zq-1307/SRR029/29244/SRR29244649/SRR29244649.lite.1,SRX24763021,GSM8297995,RNA-Seq,cDNA,TRANSCRIPTOMIC,SINGLE,0,0,ILLUMINA,Illumina NovaSeq 6000,SRP479194,PRJNA1055047,3,1055047,SRS21482548,SAMN41607346,simple,208963,Pseudomonas aeruginosa UCBPP-PA14,GSM8297995,,,,,,,no,,,,,"HUNG LAB, MOLECULAR BIOLOGY, MASSACHUSETTS GENERAL HOSPITAL",SRA1883722,,public,791C1E5EF197F005CF51BFB62C742B34,6CD9A0B2C49DC64480EF526AFA51CD38
SRR29244650,2024-10-11 21:38:14,2024-05-31 07:20:48,2196697,108763235,0,49,50,,https://sra-downloadb.be-md.ncbi.nlm.nih.gov/sos13/sra-pub-zq-1307/SRR029/29244/SRR29244650/SRR29244650.lite.1,SRX24763021,GSM8297995,RNA-Seq,cDNA,TRANSCRIPTOMIC,SINGLE,0,0,ILLUMINA,Illumina NovaSeq 6000,SRP479194,PRJNA1055047,3,1055047,SRS21482548,SAMN41607346,simple,208963,Pseudomonas aeruginosa UCBPP-PA14,GSM8297995,,,,,,,no,,,,,"HUNG LAB, MOLECULAR BIOLOGY, MASSACHUSETTS GENERAL HOSPITAL",SRA1883722,,public,E35DED9EB9FF7648DFB5B4ED70192FCF,48A3812A95C4F394C37688BA6D38E579
SRR29244647,2024-10-11 21:38:14,2024-05-31 07:20:49,2695183,110502503,0,41,47,,https://sra-downloadb.be-md.ncbi.nlm.nih.gov/sos13/sra-pub-zq-1307/SRR029/29244/SRR29244647/SRR29244647.lite.1,SRX24763022,GSM8297996,RNA-Seq,cDNA,TRANSCRIPTOMIC,SINGLE,0,0,ILLUMINA,Illumina NovaSeq 6000,SRP479194,PRJNA1055047,3,1055047,SRS21482549,SAMN41607345,simple,208963,Pseudomonas aeruginosa UCBPP-PA14,GSM8297996,,,,,,,no,,,,,"HUNG LAB, MOLECULAR BIOLOGY, MASSACHUSETTS GENERAL HOSPITAL",SRA1883722,,public,2D3ADC55B87B9D7BFCA7338BAC1DC3D7,D4FB37F2E7A206DFF5CC45D1C8ED9A39
SRR29244648,2024-10-11 21:38:14,2024-05-31 07:20:48,2695183,133351628,0,49,61,,https://sra-downloadb.be-md.ncbi.nlm.nih.gov/sos13/sra-pub-zq-1307/SRR029/29244/SRR29244648/SRR29244648.lite.1,SRX24763022,GSM8297996,RNA-Seq,cDNA,TRANSCRIPTOMIC,SINGLE,0,0,ILLUMINA,Illumina NovaSeq 6000,SRP479194,PRJNA1055047,3,1055047,SRS21482549,SAMN41607345,simple,208963,Pseudomonas aeruginosa UCBPP-PA14,GSM8297996,,,,,,,no,,,,,"HUNG LAB, MOLECULAR BIOLOGY, MASSACHUSETTS GENERAL HOSPITAL",SRA1883722,,public,3B1A0DB8FB74E53BC9C75B5122ADDC0B,50BC5A9139E1608273C72EC7A7DAF562
SRR29244645,2024-10-11 21:38:14,2024-05-31 07:20:47,2965132,121570412,0,41,51,,https://sra-downloadb.be-md.ncbi.nlm.nih.gov/sos13/sra-pub-zq-1307/SRR029/29244/SRR29244645/SRR29244645.lite.1,SRX24763023,GSM8297997,RNA-Seq,cDNA,TRANSCRIPTOMIC,SINGLE,0,0,ILLUMINA,Illumina NovaSeq 6000,SRP479194,PRJNA1055047,3,1055047,SRS21482550,SAMN41607344,simple,208963,Pseudomonas aeruginosa UCBPP-PA14,GSM8297997,,,,,,,no,,,,,"HUNG LAB, MOLECULAR BIOLOGY, MASSACHUSETTS GENERAL HOSPITAL",SRA1883722,,public,E223534C83DD5B578DB0BFE741354114,945104DD941C416008D8EB09E889A4F9
SRR29244646,2024-10-11 21:38:14,2024-05-31 07:20:57,2965132,146908132,0,49,67,,https://sra-downloadb.be-md.ncbi.nlm.nih.gov/sos13/sra-pub-zq-1307/SRR029/29244/SRR29244646/SRR29244646.lite.1,SRX24763023,GSM8297997,RNA-Seq,cDNA,TRANSCRIPTOMIC,SINGLE,0,0,ILLUMINA,Illumina NovaSeq 6000,SRP479194,PRJNA1055047,3,1055047,SRS21482550,SAMN41607344,simple,208963,Pseudomonas aeruginosa UCBPP-PA14,GSM8297997,,,,,,,no,,,,,"HUNG LAB, MOLECULAR BIOLOGY, MASSACHUSETTS GENERAL HOSPITAL",SRA1883722,,public,40469A9B62ED0F8E73EC07A289409386,742D09581B209F5AD0BDDAC16C0FE525
SRR29244643,2024-10-11 21:38:14,2024-05-31 07:20:38,1879922,77076802,0,41,33,,https://sra-downloadb.be-md.ncbi.nlm.nih.gov/sos13/sra-pub-zq-1307/SRR029/29244/SRR29244643/SRR29244643.lite.1,SRX24763024,GSM8297998,RNA-Seq,cDNA,TRANSCRIPTOMIC,SINGLE,0,0,ILLUMINA,Illumina NovaSeq 6000,SRP479194,PRJNA1055047,3,1055047,SRS21482553,SAMN41607343,simple,208963,Pseudomonas aeruginosa UCBPP-PA14,GSM8297998,,,,,,,no,,,,,"HUNG LAB, MOLECULAR BIOLOGY, MASSACHUSETTS GENERAL HOSPITAL",SRA1883722,,public,9F331FD307F24FE53BD1D0621FA6495C,EF0FC1D002823381C4DD1CE1490B2EA7
SRR29244644,2024-10-11 21:38:14,2024-05-31 07:20:37,1879922,93055263,0,49,43,,https://sra-downloadb.be-md.ncbi.nlm.nih.gov/sos13/sra-pub-zq-1307/SRR029/29244/SRR29244644/SRR29244644.lite.1,SRX24763024,GSM8297998,RNA-Seq,cDNA,TRANSCRIPTOMIC,SINGLE,0,0,ILLUMINA,Illumina NovaSeq 6000,SRP479194,PRJNA1055047,3,1055047,SRS21482553,SAMN41607343,simple,208963,Pseudomonas aeruginosa UCBPP-PA14,GSM8297998,,,,,,,no,,,,,"HUNG LAB, MOLECULAR BIOLOGY, MASSACHUSETTS GENERAL HOSPITAL",SRA1883722,,public,161C243753E314F20B5138573DE4B448,3C2BC9844939017C9D08D9C60B6AB196
SRR29244641,2024-10-11 21:38:14,2024-05-31 07:21:14,1800139,73805699,0,41,31,,https://sra-downloadb.be-md.ncbi.nlm.nih.gov/sos13/sra-pub-zq-1307/SRR029/29244/SRR29244641/SRR29244641.lite.1,SRX24763025,GSM8297999,RNA-Seq,cDNA,TRANSCRIPTOMIC,SINGLE,0,0,ILLUMINA,Illumina NovaSeq 6000,SRP479194,PRJNA1055047,3,1055047,SRS21482552,SAMN41607342,simple,208963,Pseudomonas aeruginosa UCBPP-PA14,GSM8297999,,,,,,,no,,,,,"HUNG LAB, MOLECULAR BIOLOGY, MASSACHUSETTS GENERAL HOSPITAL",SRA1883722,,public,C2497876CB4EC5581BE28670E167AB42,EA1702F7EED81FAA3EF501EB29C32F32
SRR29244642,2024-10-11 21:38:14,2024-05-31 07:20:42,1800139,88727949,0,49,40,,https://sra-downloadb.be-md.ncbi.nlm.nih.gov/sos13/sra-pub-zq-1307/SRR029/29244/SRR29244642/SRR29244642.lite.1,SRX24763025,GSM8297999,RNA-Seq,cDNA,TRANSCRIPTOMIC,SINGLE,0,0,ILLUMINA,Illumina NovaSeq 6000,SRP479194,PRJNA1055047,3,1055047,SRS21482552,SAMN41607342,simple,208963,Pseudomonas aeruginosa UCBPP-PA14,GSM8297999,,,,,,,no,,,,,"HUNG LAB, MOLECULAR BIOLOGY, MASSACHUSETTS GENERAL HOSPITAL",SRA1883722,,public,524187ABC37BD0121A6D56FCAFEBEADB,37C80CF297DC6885091F815CF62075C5
SRR29244639,2024-10-11 21:38:14,2024-05-31 07:20:43,2332934,95650294,0,41,41,,https://sra-downloadb.be-md.ncbi.nlm.nih.gov/sos13/sra-pub-zq-1307/SRR029/29244/SRR29244639/SRR29244639.lite.1,SRX24763026,GSM8298000,RNA-Seq,cDNA,TRANSCRIPTOMIC,SINGLE,0,0,ILLUMINA,Illumina NovaSeq 6000,SRP479194,PRJNA1055047,3,1055047,SRS21482551,SAMN41607341,simple,208963,Pseudomonas aeruginosa UCBPP-PA14,GSM8298000,,,,,,,no,,,,,"HUNG LAB, MOLECULAR BIOLOGY, MASSACHUSETTS GENERAL HOSPITAL",SRA1883722,,public,24D6A06D938B1BAB5CFB409E2492661A,119B49B05BC4054C0398145AA5E1AD31
SRR29244640,2024-10-11 21:38:14,2024-05-31 07:20:20,2332934,115764975,0,49,54,,https://sra-downloadb.be-md.ncbi.nlm.nih.gov/sos13/sra-pub-zq-1307/SRR029/29244/SRR29244640/SRR29244640.lite.1,SRX24763026,GSM8298000,RNA-Seq,cDNA,TRANSCRIPTOMIC,SINGLE,0,0,ILLUMINA,Illumina NovaSeq 6000,SRP479194,PRJNA1055047,3,1055047,SRS21482551,SAMN41607341,simple,208963,Pseudomonas aeruginosa UCBPP-PA14,GSM8298000,,,,,,,no,,,,,"HUNG LAB, MOLECULAR BIOLOGY, MASSACHUSETTS GENERAL HOSPITAL",SRA1883722,,public,D27147C6EE63A36EA317BA45964D58D5,BF9DAFABDDA43DEFEB0F0922C8054DB3
SRR29244637,2024-10-11 21:38:14,2024-05-31 07:20:06,1145523,46966443,0,41,19,,https://sra-downloadb.be-md.ncbi.nlm.nih.gov/sos13/sra-pub-zq-1307/SRR029/29244/SRR29244637/SRR29244637.lite.1,SRX24763027,GSM8298001,RNA-Seq,cDNA,TRANSCRIPTOMIC,SINGLE,0,0,ILLUMINA,Illumina NovaSeq 6000,SRP479194,PRJNA1055047,3,1055047,SRS21482554,SAMN41607340,simple,208963,Pseudomonas aeruginosa UCBPP-PA14,GSM8298001,,,,,,,no,,,,,"HUNG LAB, MOLECULAR BIOLOGY, MASSACHUSETTS GENERAL HOSPITAL",SRA1883722,,public,86F1F89DC6F850440431E1D10105EC01,50529048EADF0EE2A3E7B52F26540530
SRR29244638,2024-10-11 21:38:14,2024-05-31 07:20:46,1145523,56635073,0,49,26,,https://sra-downloadb.be-md.ncbi.nlm.nih.gov/sos13/sra-pub-zq-1307/SRR029/29244/SRR29244638/SRR29244638.lite.1,SRX24763027,GSM8298001,RNA-Seq,cDNA,TRANSCRIPTOMIC,SINGLE,0,0,ILLUMINA,Illumina NovaSeq 6000,SRP479194,PRJNA1055047,3,1055047,SRS21482554,SAMN41607340,simple,208963,Pseudomonas aeruginosa UCBPP-PA14,GSM8298001,,,,,,,no,,,,,"HUNG LAB, MOLECULAR BIOLOGY, MASSACHUSETTS GENERAL HOSPITAL",SRA1883722,,public,00620EE2BA1681D327716F789CEBA03D,2768C661C17493B626BC1E20A0BAF03E
SRR29244635,2024-10-11 21:38:14,2024-05-31 07:19:48,918507,37658787,0,41,16,,https://sra-downloadb.be-md.ncbi.nlm.nih.gov/sos13/sra-pub-zq-1307/SRR029/29244/SRR29244635/SRR29244635.lite.1,SRX24763028,GSM8298002,RNA-Seq,cDNA,TRANSCRIPTOMIC,SINGLE,0,0,ILLUMINA,Illumina NovaSeq 6000,SRP479194,PRJNA1055047,3,1055047,SRS21482555,SAMN41607339,simple,208963,Pseudomonas aeruginosa UCBPP-PA14,GSM8298002,,,,,,,no,,,,,"HUNG LAB, MOLECULAR BIOLOGY, MASSACHUSETTS GENERAL HOSPITAL",SRA1883722,,public,A4855A8450E7609EA8EBDA9F95E00E9E,754D6A4EC08EE6016260E3BE6DFFF0D4
SRR29244636,2024-10-11 21:38:14,2024-05-31 07:19:50,918507,45386461,0,49,20,,https://sra-downloadb.be-md.ncbi.nlm.nih.gov/sos13/sra-pub-zq-1307/SRR029/29244/SRR29244636/SRR29244636.lite.1,SRX24763028,GSM8298002,RNA-Seq,cDNA,TRANSCRIPTOMIC,SINGLE,0,0,ILLUMINA,Illumina NovaSeq 6000,SRP479194,PRJNA1055047,3,1055047,SRS21482555,SAMN41607339,simple,208963,Pseudomonas aeruginosa UCBPP-PA14,GSM8298002,,,,,,,no,,,,,"HUNG LAB, MOLECULAR BIOLOGY, MASSACHUSETTS GENERAL HOSPITAL",SRA1883722,,public,98719B343BAD11FB82C71A773FF65D0E,B4150DD82497D969D43365ED096E42F5
SRR29244633,2024-10-11 21:38:14,2024-05-31 07:20:05,3465530,142086730,0,41,60,,https://sra-downloadb.be-md.ncbi.nlm.nih.gov/sos13/sra-pub-zq-1307/SRR029/29244/SRR29244633/SRR29244633.lite.1,SRX24763029,GSM8298003,RNA-Seq,cDNA,TRANSCRIPTOMIC,SINGLE,0,0,ILLUMINA,Illumina NovaSeq 6000,SRP479194,PRJNA1055047,3,1055047,SRS21482556,SAMN41607338,simple,208963,Pseudomonas aeruginosa UCBPP-PA14,GSM8298003,,,,,,,no,,,,,"HUNG LAB, MOLECULAR BIOLOGY, MASSACHUSETTS GENERAL HOSPITAL",SRA1883722,,public,BB84EC68B37CA9FA02DD46642CFA9F8A,ACC8E7ED3E46565B4F6C9EA7568F8822
SRR29244634,2024-10-11 21:38:14,2024-05-31 07:20:32,3465530,172220927,0,49,78,,https://sra-downloadb.be-md.ncbi.nlm.nih.gov/sos13/sra-pub-zq-1307/SRR029/29244/SRR29244634/SRR29244634.lite.1,SRX24763029,GSM8298003,RNA-Seq,cDNA,TRANSCRIPTOMIC,SINGLE,0,0,ILLUMINA,Illumina NovaSeq 6000,SRP479194,PRJNA1055047,3,1055047,SRS21482556,SAMN41607338,simple,208963,Pseudomonas aeruginosa UCBPP-PA14,GSM8298003,,,,,,,no,,,,,"HUNG LAB, MOLECULAR BIOLOGY, MASSACHUSETTS GENERAL HOSPITAL",SRA1883722,,public,675441ACB02E3680CC07DA787A718F22,F08F22D112EB42C2C5B1BCEF0D4B3D2A
SRR29244632,2024-10-11 21:38:14,2024-05-31 07:20:38,4914491,445297173,4914491,90,150,,https://sra-downloadb.be-md.ncbi.nlm.nih.gov/sos13/sra-pub-zq-1307/SRR029/29244/SRR29244632/SRR29244632.lite.1,SRX24763030,GSM8298004,RNA-Seq,cDNA,TRANSCRIPTOMIC,PAIRED,0,0,ILLUMINA,Illumina NovaSeq 6000,SRP479194,PRJNA1055047,3,1055047,SRS21482557,SAMN41607337,simple,208963,Pseudomonas aeruginosa UCBPP-PA14,GSM8298004,,,,,,,no,,,,,"HUNG LAB, MOLECULAR BIOLOGY, MASSACHUSETTS GENERAL HOSPITAL",SRA1883722,,public,D42262D54ED2268C035089C88D7F1728,ED8B0843BE89DD4E36B93D94149067C9
SRR29244631,2024-10-11 21:38:15,2024-05-31 07:19:55,2884988,261120003,2884988,90,88,,https://sra-downloadb.be-md.ncbi.nlm.nih.gov/sos13/sra-pub-zq-1307/SRR029/29244/SRR29244631/SRR29244631.lite.1,SRX24763031,GSM8298005,RNA-Seq,cDNA,TRANSCRIPTOMIC,PAIRED,0,0,ILLUMINA,Illumina NovaSeq 6000,SRP479194,PRJNA1055047,3,1055047,SRS21482558,SAMN41607336,simple,208963,Pseudomonas aeruginosa UCBPP-PA14,GSM8298005,,,,,,,no,,,,,"HUNG LAB, MOLECULAR BIOLOGY, MASSACHUSETTS GENERAL HOSPITAL",SRA1883722,,public,F6AB98C5DCBDB5B20C05621651A07CC3,0EEE2D9D7140CEA5E8E35A6E9FE161B2
SRR29244630,2024-10-11 21:38:15,2024-05-31 07:19:58,3600689,326137051,3600689,90,111,,https://sra-downloadb.be-md.ncbi.nlm.nih.gov/sos13/sra-pub-zq-1307/SRR029/29244/SRR29244630/SRR29244630.lite.1,SRX24763032,GSM8298006,RNA-Seq,cDNA,TRANSCRIPTOMIC,PAIRED,0,0,ILLUMINA,Illumina NovaSeq 6000,SRP479194,PRJNA1055047,3,1055047,SRS21482561,SAMN41607335,simple,208963,Pseudomonas aeruginosa UCBPP-PA14,GSM8298006,,,,,,,no,,,,,"HUNG LAB, MOLECULAR BIOLOGY, MASSACHUSETTS GENERAL HOSPITAL",SRA1883722,,public,366400ABAF328362C86813A20B549BAC,986134015BEE6CC01713390B667E3C4A
SRR29244629,2024-10-11 21:38:15,2024-05-31 07:20:11,6276656,568706086,6276656,90,189,,https://sra-downloadb.be-md.ncbi.nlm.nih.gov/sos13/sra-pub-zq-1307/SRR029/29244/SRR29244629/SRR29244629.lite.1,SRX24763033,GSM8298007,RNA-Seq,cDNA,TRANSCRIPTOMIC,PAIRED,0,0,ILLUMINA,Illumina NovaSeq 6000,SRP479194,PRJNA1055047,3,1055047,SRS21482560,SAMN41607334,simple,208963,Pseudomonas aeruginosa UCBPP-PA14,GSM8298007,,,,,,,no,,,,,"HUNG LAB, MOLECULAR BIOLOGY, MASSACHUSETTS GENERAL HOSPITAL",SRA1883722,,public,8F998C0B32E5309FC72CE08A4A941AE8,17D15FB48E8969DCFBEB69578BB7C54F
SRR29244628,2024-10-11 21:38:15,2024-05-31 07:20:03,2600431,235034378,2600431,90,79,,https://sra-downloadb.be-md.ncbi.nlm.nih.gov/sos13/sra-pub-zq-1307/SRR029/29244/SRR29244628/SRR29244628.lite.1,SRX24763034,GSM8298008,RNA-Seq,cDNA,TRANSCRIPTOMIC,PAIRED,0,0,ILLUMINA,Illumina NovaSeq 6000,SRP479194,PRJNA1055047,3,1055047,SRS21482559,SAMN41607333,simple,208963,Pseudomonas aeruginosa UCBPP-PA14,GSM8298008,,,,,,,no,,,,,"HUNG LAB, MOLECULAR BIOLOGY, MASSACHUSETTS GENERAL HOSPITAL",SRA1883722,,public,7B1C273BA12C8A893CBA6BD7F593CE91,3D0A1562BF251540F0D1D9746DDF32CD
SRR29244627,2024-10-11 21:38:20,2024-05-31 07:20:23,5902880,534950351,5902880,90,182,,https://sra-downloadb.be-md.ncbi.nlm.nih.gov/sos13/sra-pub-zq-1307/SRR029/29244/SRR29244627/SRR29244627.lite.1,SRX24763035,GSM8298057,RNA-Seq,cDNA,TRANSCRIPTOMIC,PAIRED,0,0,ILLUMINA,Illumina NovaSeq 6000,SRP479194,PRJNA1055047,3,1055047,SRS21482562,SAMN41607284,simple,208963,Pseudomonas aeruginosa UCBPP-PA14,GSM8298057,,,,,,,no,,,,,"HUNG LAB, MOLECULAR BIOLOGY, MASSACHUSETTS GENERAL HOSPITAL",SRA1883722,,public,F92AB259A08D0C7B075491980E6A8FF7,8698A1326EE19E0ED2E3D234D67655DF
SRR29244626,2024-10-11 21:38:21,2024-05-31 07:20:14,7987775,723778704,7987775,90,242,,https://sra-downloadb.be-md.ncbi.nlm.nih.gov/sos13/sra-pub-zq-1307/SRR029/29244/SRR29244626/SRR29244626.lite.1,SRX24763036,GSM8298058,RNA-Seq,cDNA,TRANSCRIPTOMIC,PAIRED,0,0,ILLUMINA,Illumina NovaSeq 6000,SRP479194,PRJNA1055047,3,1055047,SRS21482563,SAMN41607283,simple,208963,Pseudomonas aeruginosa UCBPP-PA14,GSM8298058,,,,,,,no,,,,,"HUNG LAB, MOLECULAR BIOLOGY, MASSACHUSETTS GENERAL HOSPITAL",SRA1883722,,public,F724D39E7560B5E7881179FB1037E895,24F8F8FAF950B55D2ABF7FCB7930AFEB
SRR29244625,2024-10-11 21:38:21,2024-05-31 07:19:43,4019402,363208591,4019402,90,125,,https://sra-downloadb.be-md.ncbi.nlm.nih.gov/sos13/sra-pub-zq-1307/SRR029/29244/SRR29244625/SRR29244625.lite.1,SRX24763037,GSM8298059,RNA-Seq,cDNA,TRANSCRIPTOMIC,PAIRED,0,0,ILLUMINA,Illumina NovaSeq 6000,SRP479194,PRJNA1055047,3,1055047,SRS21482564,SAMN41607282,simple,208963,Pseudomonas aeruginosa UCBPP-PA14,GSM8298059,,,,,,,no,,,,,"HUNG LAB, MOLECULAR BIOLOGY, MASSACHUSETTS GENERAL HOSPITAL",SRA1883722,,public,065B793FF5888B1581C0FBBF8BB44158,445D10E6D4347428254E617A7D2811CA
SRR29244624,2024-10-11 21:38:21,2024-05-31 07:19:46,2594720,234343194,2594720,90,81,,https://sra-downloadb.be-md.ncbi.nlm.nih.gov/sos13/sra-pub-zq-1307/SRR029/29244/SRR29244624/SRR29244624.lite.1,SRX24763038,GSM8298060,RNA-Seq,cDNA,TRANSCRIPTOMIC,PAIRED,0,0,ILLUMINA,Illumina NovaSeq 6000,SRP479194,PRJNA1055047,3,1055047,SRS21482565,SAMN41607281,simple,208963,Pseudomonas aeruginosa UCBPP-PA14,GSM8298060,,,,,,,no,,,,,"HUNG LAB, MOLECULAR BIOLOGY, MASSACHUSETTS GENERAL HOSPITAL",SRA1883722,,public,494122FD55B940BC5EAC29848D2EF6AC,2D7447E634CA78E841474C7A6089E8A4
SRR29244623,2024-10-11 21:38:21,2024-05-31 07:19:55,2734129,247716891,2734129,90,83,,https://sra-downloadb.be-md.ncbi.nlm.nih.gov/sos13/sra-pub-zq-1307/SRR029/29244/SRR29244623/SRR29244623.lite.1,SRX24763039,GSM8298061,RNA-Seq,cDNA,TRANSCRIPTOMIC,PAIRED,0,0,ILLUMINA,Illumina NovaSeq 6000,SRP479194,PRJNA1055047,3,1055047,SRS21482566,SAMN41607280,simple,208963,Pseudomonas aeruginosa UCBPP-PA14,GSM8298061,,,,,,,no,,,,,"HUNG LAB, MOLECULAR BIOLOGY, MASSACHUSETTS GENERAL HOSPITAL",SRA1883722,,public,D4FD6E5F2115DC51ED3D3AD6994F9BD4,2FCE70BE0FDF6F09595522ABE717AB40
SRR29244622,2024-10-11 21:38:21,2024-05-31 07:19:07,2851093,258168661,2851093,90,87,,https://sra-downloadb.be-md.ncbi.nlm.nih.gov/sos13/sra-pub-zq-1307/SRR029/29244/SRR29244622/SRR29244622.lite.1,SRX24763040,GSM8298062,RNA-Seq,cDNA,TRANSCRIPTOMIC,PAIRED,0,0,ILLUMINA,Illumina NovaSeq 6000,SRP479194,PRJNA1055047,3,1055047,SRS21482567,SAMN41607279,simple,208963,Pseudomonas aeruginosa UCBPP-PA14,GSM8298062,,,,,,,no,,,,,"HUNG LAB, MOLECULAR BIOLOGY, MASSACHUSETTS GENERAL HOSPITAL",SRA1883722,,public,294F9591F359C4570907498AAF3F8A44,2001752D76890035A1E02E98A5628956
SRR29244621,2024-10-11 21:38:21,2024-05-31 07:19:32,4993765,452032506,4993765,90,153,,https://sra-downloadb.be-md.ncbi.nlm.nih.gov/sos13/sra-pub-zq-1307/SRR029/29244/SRR29244621/SRR29244621.lite.1,SRX24763041,GSM8298063,RNA-Seq,cDNA,TRANSCRIPTOMIC,PAIRED,0,0,ILLUMINA,Illumina NovaSeq 6000,SRP479194,PRJNA1055047,3,1055047,SRS21482570,SAMN41607278,simple,208963,Pseudomonas aeruginosa UCBPP-PA14,GSM8298063,,,,,,,no,,,,,"HUNG LAB, MOLECULAR BIOLOGY, MASSACHUSETTS GENERAL HOSPITAL",SRA1883722,,public,8409AB585F79E59449E441D78CD1A5BF,79BD58101086ECF524E67445240D7AEB
SRR29244620,2024-10-11 21:38:21,2024-05-31 07:20:42,3661072,331997536,3661072,90,111,,https://sra-downloadb.be-md.ncbi.nlm.nih.gov/sos13/sra-pub-zq-1307/SRR029/29244/SRR29244620/SRR29244620.lite.1,SRX24763042,GSM8298064,RNA-Seq,cDNA,TRANSCRIPTOMIC,PAIRED,0,0,ILLUMINA,Illumina NovaSeq 6000,SRP479194,PRJNA1055047,3,1055047,SRS21482569,SAMN41607277,simple,208963,Pseudomonas aeruginosa UCBPP-PA14,GSM8298064,,,,,,,no,,,,,"HUNG LAB, MOLECULAR BIOLOGY, MASSACHUSETTS GENERAL HOSPITAL",SRA1883722,,public,C9C7A9DC2570A70CBAC0885F934AA15F,D53796B704B2990545807EA508986F2F
SRR29244619,2024-10-11 21:38:22,2024-05-31 07:19:56,3049173,275694337,3049173,90,93,,https://sra-downloadb.be-md.ncbi.nlm.nih.gov/sos13/sra-pub-zq-1307/SRR029/29244/SRR29244619/SRR29244619.lite.1,SRX24763043,GSM8298065,RNA-Seq,cDNA,TRANSCRIPTOMIC,PAIRED,0,0,ILLUMINA,Illumina NovaSeq 6000,SRP479194,PRJNA1055047,3,1055047,SRS21482568,SAMN41607276,simple,208963,Pseudomonas aeruginosa UCBPP-PA14,GSM8298065,,,,,,,no,,,,,"HUNG LAB, MOLECULAR BIOLOGY, MASSACHUSETTS GENERAL HOSPITAL",SRA1883722,,public,1185777E9BC49A722075ED3258D2D7F4,9FBACC3C9C295539DA35632EF1BD80AC
SRR29244618,2024-10-11 21:38:22,2024-05-31 07:19:45,6335213,574384960,6335213,90,193,,https://sra-downloadb.be-md.ncbi.nlm.nih.gov/sos13/sra-pub-zq-1307/SRR029/29244/SRR29244618/SRR29244618.lite.1,SRX24763044,GSM8298066,RNA-Seq,cDNA,TRANSCRIPTOMIC,PAIRED,0,0,ILLUMINA,Illumina NovaSeq 6000,SRP479194,PRJNA1055047,3,1055047,SRS21482571,SAMN41607275,simple,208963,Pseudomonas aeruginosa UCBPP-PA14,GSM8298066,,,,,,,no,,,,,"HUNG LAB, MOLECULAR BIOLOGY, MASSACHUSETTS GENERAL HOSPITAL",SRA1883722,,public,4A368193FFC40CA941348CDF15E81CFF,43EFF74238D0611A282F353AB7B82438
SRR29244617,2024-10-11 21:38:22,2024-05-31 07:19:27,2938468,266210996,2938468,90,89,,https://sra-downloadb.be-md.ncbi.nlm.nih.gov/sos13/sra-pub-zq-1307/SRR029/29244/SRR29244617/SRR29244617.lite.1,SRX24763045,GSM8298067,RNA-Seq,cDNA,TRANSCRIPTOMIC,PAIRED,0,0,ILLUMINA,Illumina NovaSeq 6000,SRP479194,PRJNA1055047,3,1055047,SRS21482573,SAMN41607274,simple,208963,Pseudomonas aeruginosa UCBPP-PA14,GSM8298067,,,,,,,no,,,,,"HUNG LAB, MOLECULAR BIOLOGY, MASSACHUSETTS GENERAL HOSPITAL",SRA1883722,,public,FBDEB2FD69C8C797969263884BC88694,59BABC8CC11E6CFEAAEB7BDEEDEB6839
SRR29244616,2024-10-11 21:38:22,2024-05-31 07:20:08,3464383,313691251,3464383,90,107,,https://sra-downloadb.be-md.ncbi.nlm.nih.gov/sos13/sra-pub-zq-1307/SRR029/29244/SRR29244616/SRR29244616.lite.1,SRX24763046,GSM8298068,RNA-Seq,cDNA,TRANSCRIPTOMIC,PAIRED,0,0,ILLUMINA,Illumina NovaSeq 6000,SRP479194,PRJNA1055047,3,1055047,SRS21482572,SAMN41607273,simple,208963,Pseudomonas aeruginosa UCBPP-PA14,GSM8298068,,,,,,,no,,,,,"HUNG LAB, MOLECULAR BIOLOGY, MASSACHUSETTS GENERAL HOSPITAL",SRA1883722,,public,63348E4A45C3BFB9B7C95B0601157CF0,9DB843C9CD45569D5E40579F4735F558
SRR29244615,2024-10-11 21:38:22,2024-05-31 07:19:51,5567676,503985862,5567676,90,172,,https://sra-downloadb.be-md.ncbi.nlm.nih.gov/sos13/sra-pub-zq-1307/SRR029/29244/SRR29244615/SRR29244615.lite.1,SRX24763047,GSM8298069,RNA-Seq,cDNA,TRANSCRIPTOMIC,PAIRED,0,0,ILLUMINA,Illumina NovaSeq 6000,SRP479194,PRJNA1055047,3,1055047,SRS21482574,SAMN41607272,simple,208963,Pseudomonas aeruginosa UCBPP-PA14,GSM8298069,,,,,,,no,,,,,"HUNG LAB, MOLECULAR BIOLOGY, MASSACHUSETTS GENERAL HOSPITAL",SRA1883722,,public,B60400F80E6EE3BF77EE5D480E31438D,6F80B22EC87DBEAF5355EC2E20551BA3
SRR29244614,2024-10-11 21:38:22,2024-05-31 07:19:14,1587250,143709678,1587250,90,48,,https://sra-downloadb.be-md.ncbi.nlm.nih.gov/sos13/sra-pub-zq-1307/SRR029/29244/SRR29244614/SRR29244614.lite.1,SRX24763048,GSM8298070,RNA-Seq,cDNA,TRANSCRIPTOMIC,PAIRED,0,0,ILLUMINA,Illumina NovaSeq 6000,SRP479194,PRJNA1055047,3,1055047,SRS21482575,SAMN41607271,simple,208963,Pseudomonas aeruginosa UCBPP-PA14,GSM8298070,,,,,,,no,,,,,"HUNG LAB, MOLECULAR BIOLOGY, MASSACHUSETTS GENERAL HOSPITAL",SRA1883722,,public,22A277AB7A1F898122ED56E90EE4BDF3,C4A7FB650C832950ADE7F2515A5D5800
SRR29244613,2024-10-11 21:38:23,2024-05-31 07:19:24,3042380,275392674,3042380,90,94,,https://sra-downloadb.be-md.ncbi.nlm.nih.gov/sos13/sra-pub-zq-1307/SRR029/29244/SRR29244613/SRR29244613.lite.1,SRX24763049,GSM8298071,RNA-Seq,cDNA,TRANSCRIPTOMIC,PAIRED,0,0,ILLUMINA,Illumina NovaSeq 6000,SRP479194,PRJNA1055047,3,1055047,SRS21482577,SAMN41607270,simple,208963,Pseudomonas aeruginosa UCBPP-PA14,GSM8298071,,,,,,,no,,,,,"HUNG LAB, MOLECULAR BIOLOGY, MASSACHUSETTS GENERAL HOSPITAL",SRA1883722,,public,EA4E0FFDB9E2ED6F43E605FE97EC2005,E8381E91448C625887C6C49ED785A83C
SRR29244612,2024-10-11 21:38:23,2024-05-31 07:19:06,2896934,262105612,2896934,90,89,,https://sra-downloadb.be-md.ncbi.nlm.nih.gov/sos13/sra-pub-zq-1307/SRR029/29244/SRR29244612/SRR29244612.lite.1,SRX24763050,GSM8298072,RNA-Seq,cDNA,TRANSCRIPTOMIC,PAIRED,0,0,ILLUMINA,Illumina NovaSeq 6000,SRP479194,PRJNA1055047,3,1055047,SRS21482579,SAMN41607269,simple,208963,Pseudomonas aeruginosa UCBPP-PA14,GSM8298072,,,,,,,no,,,,,"HUNG LAB, MOLECULAR BIOLOGY, MASSACHUSETTS GENERAL HOSPITAL",SRA1883722,,public,65D6B1C8FB18D7CEA5CF8BE5735E1CD5,F6A85B54D298E2BD51A92ECA58C3631D
SRR29244611,2024-10-11 21:38:28,2024-05-31 07:19:27,3462591,313888171,3462591,90,106,,https://sra-downloadb.be-md.ncbi.nlm.nih.gov/sos13/sra-pub-zq-1307/SRR029/29244/SRR29244611/SRR29244611.lite.1,SRX24763051,GSM8298121,RNA-Seq,cDNA,TRANSCRIPTOMIC,PAIRED,0,0,ILLUMINA,Illumina NovaSeq 6000,SRP479194,PRJNA1055047,3,1055047,SRS21482578,SAMN41607220,simple,208963,Pseudomonas aeruginosa UCBPP-PA14,GSM8298121,,,,,,,no,,,,,"HUNG LAB, MOLECULAR BIOLOGY, MASSACHUSETTS GENERAL HOSPITAL",SRA1883722,,public,5DE30445BF033F8D329F2FFF70265FEA,E7CF3374F8D90F6391852CFB19251238
SRR29244610,2024-10-11 21:38:28,2024-05-31 07:19:29,4714505,427118335,4714505,90,142,,https://sra-downloadb.be-md.ncbi.nlm.nih.gov/sos13/sra-pub-zq-1307/SRR029/29244/SRR29244610/SRR29244610.lite.1,SRX24763052,GSM8298122,RNA-Seq,cDNA,TRANSCRIPTOMIC,PAIRED,0,0,ILLUMINA,Illumina NovaSeq 6000,SRP479194,PRJNA1055047,3,1055047,SRS21482576,SAMN41607219,simple,208963,Pseudomonas aeruginosa UCBPP-PA14,GSM8298122,,,,,,,no,,,,,"HUNG LAB, MOLECULAR BIOLOGY, MASSACHUSETTS GENERAL HOSPITAL",SRA1883722,,public,739354D50C1352C6E798E16D4F75A52D,44162F63F2E7AAD35B33FEB5DE1105E3
SRR29244609,2024-10-11 21:38:28,2024-05-31 07:19:12,4290914,388920777,4290914,90,130,,https://sra-downloadb.be-md.ncbi.nlm.nih.gov/sos13/sra-pub-zq-1307/SRR029/29244/SRR29244609/SRR29244609.lite.1,SRX24763053,GSM8298123,RNA-Seq,cDNA,TRANSCRIPTOMIC,PAIRED,0,0,ILLUMINA,Illumina NovaSeq 6000,SRP479194,PRJNA1055047,3,1055047,SRS21482580,SAMN41607218,simple,208963,Pseudomonas aeruginosa UCBPP-PA14,GSM8298123,,,,,,,no,,,,,"HUNG LAB, MOLECULAR BIOLOGY, MASSACHUSETTS GENERAL HOSPITAL",SRA1883722,,public,854163BD1BBD880164CE53DB7DA54B14,19557546CEE3FACB000DB50DE59287AA
SRR29244608,2024-10-11 21:38:28,2024-05-31 07:19:47,2026777,183529036,2026777,90,62,,https://sra-downloadb.be-md.ncbi.nlm.nih.gov/sos13/sra-pub-zq-1307/SRR029/29244/SRR29244608/SRR29244608.lite.1,SRX24763054,GSM8298124,RNA-Seq,cDNA,TRANSCRIPTOMIC,PAIRED,0,0,ILLUMINA,Illumina NovaSeq 6000,SRP479194,PRJNA1055047,3,1055047,SRS21482581,SAMN41607217,simple,208963,Pseudomonas aeruginosa UCBPP-PA14,GSM8298124,,,,,,,no,,,,,"HUNG LAB, MOLECULAR BIOLOGY, MASSACHUSETTS GENERAL HOSPITAL",SRA1883722,,public,E7FE6CC85B481E86AC56BE4BDEFDB9D5,D0F5319553613D089ADCF3C7CCF29D26
SRR29244607,2024-10-11 21:38:28,2024-05-31 07:20:13,2651944,240229401,2651944,90,81,,https://sra-downloadb.be-md.ncbi.nlm.nih.gov/sos13/sra-pub-zq-1307/SRR029/29244/SRR29244607/SRR29244607.lite.1,SRX24763055,GSM8298125,RNA-Seq,cDNA,TRANSCRIPTOMIC,PAIRED,0,0,ILLUMINA,Illumina NovaSeq 6000,SRP479194,PRJNA1055047,3,1055047,SRS21482582,SAMN41607216,simple,208963,Pseudomonas aeruginosa UCBPP-PA14,GSM8298125,,,,,,,no,,,,,"HUNG LAB, MOLECULAR BIOLOGY, MASSACHUSETTS GENERAL HOSPITAL",SRA1883722,,public,9AA2F2DBCB7009A2C39ECE26D4BD7136,3FEC4172F7363C011C2878D4F0FDBE6A
SRR29244606,2024-10-11 21:38:28,2024-05-31 07:19:58,2624352,237417195,2624352,90,81,,https://sra-downloadb.be-md.ncbi.nlm.nih.gov/sos13/sra-pub-zq-1307/SRR029/29244/SRR29244606/SRR29244606.lite.1,SRX24763056,GSM8298126,RNA-Seq,cDNA,TRANSCRIPTOMIC,PAIRED,0,0,ILLUMINA,Illumina NovaSeq 6000,SRP479194,PRJNA1055047,3,1055047,SRS21482583,SAMN41607215,simple,208963,Pseudomonas aeruginosa UCBPP-PA14,GSM8298126,,,,,,,no,,,,,"HUNG LAB, MOLECULAR BIOLOGY, MASSACHUSETTS GENERAL HOSPITAL",SRA1883722,,public,BEB61E322D8E992D5471FCE28BE8D19B,89A68C80DE730C3F3D26BC92C1C28C21
SRR29244605,2024-10-11 21:38:29,2024-05-31 07:19:05,2628617,238009236,2628617,90,79,,https://sra-downloadb.be-md.ncbi.nlm.nih.gov/sos13/sra-pub-zq-1307/SRR029/29244/SRR29244605/SRR29244605.lite.1,SRX24763057,GSM8298127,RNA-Seq,cDNA,TRANSCRIPTOMIC,PAIRED,0,0,ILLUMINA,Illumina NovaSeq 6000,SRP479194,PRJNA1055047,3,1055047,SRS21482584,SAMN41607214,simple,208963,Pseudomonas aeruginosa UCBPP-PA14,GSM8298127,,,,,,,no,,,,,"HUNG LAB, MOLECULAR BIOLOGY, MASSACHUSETTS GENERAL HOSPITAL",SRA1883722,,public,DF79B3B0890D7C478D6264418C003B26,AB34A66F04C54F87B5F626812AC32C28
SRR29244604,2024-10-11 21:38:29,2024-05-31 07:19:43,4215576,381831477,4215576,90,128,,https://sra-downloadb.be-md.ncbi.nlm.nih.gov/sos13/sra-pub-zq-1307/SRR029/29244/SRR29244604/SRR29244604.lite.1,SRX24763058,GSM8298128,RNA-Seq,cDNA,TRANSCRIPTOMIC,PAIRED,0,0,ILLUMINA,Illumina NovaSeq 6000,SRP479194,PRJNA1055047,3,1055047,SRS21482585,SAMN41607213,simple,208963,Pseudomonas aeruginosa UCBPP-PA14,GSM8298128,,,,,,,no,,,,,"HUNG LAB, MOLECULAR BIOLOGY, MASSACHUSETTS GENERAL HOSPITAL",SRA1883722,,public,589228E305AD63F2DB95FB7B1311712F,EF9D06C97DECF6081CB9E26A10BB383F
SRR29244603,2024-10-11 21:38:29,2024-05-31 07:19:39,2534865,229255092,2534865,90,77,,https://sra-downloadb.be-md.ncbi.nlm.nih.gov/sos13/sra-pub-zq-1307/SRR029/29244/SRR29244603/SRR29244603.lite.1,SRX24763059,GSM8298129,RNA-Seq,cDNA,TRANSCRIPTOMIC,PAIRED,0,0,ILLUMINA,Illumina NovaSeq 6000,SRP479194,PRJNA1055047,3,1055047,SRS21482586,SAMN41607212,simple,208963,Pseudomonas aeruginosa UCBPP-PA14,GSM8298129,,,,,,,no,,,,,"HUNG LAB, MOLECULAR BIOLOGY, MASSACHUSETTS GENERAL HOSPITAL",SRA1883722,,public,C3382577F878567C2EEE0D7B09BEFEA2,19AFB7949865334EA354984647E1B3FE
SRR29244602,2024-10-11 21:38:29,2024-05-31 07:19:33,1937290,175608418,1937290,90,60,,https://sra-downloadb.be-md.ncbi.nlm.nih.gov/sos13/sra-pub-zq-1307/SRR029/29244/SRR29244602/SRR29244602.lite.1,SRX24763060,GSM8298130,RNA-Seq,cDNA,TRANSCRIPTOMIC,PAIRED,0,0,ILLUMINA,Illumina NovaSeq 6000,SRP479194,PRJNA1055047,3,1055047,SRS21482587,SAMN41607211,simple,208963,Pseudomonas aeruginosa UCBPP-PA14,GSM8298130,,,,,,,no,,,,,"HUNG LAB, MOLECULAR BIOLOGY, MASSACHUSETTS GENERAL HOSPITAL",SRA1883722,,public,7ADAD1B0C2647E001293981140788A43,34AE5FEC12F092A642C64F32AF7148AE
SRR29244601,2024-10-11 21:38:29,2024-05-31 07:20:11,4380865,396936487,4380865,90,133,,https://sra-downloadb.be-md.ncbi.nlm.nih.gov/sos13/sra-pub-zq-1307/SRR029/29244/SRR29244601/SRR29244601.lite.1,SRX24763061,GSM8298131,RNA-Seq,cDNA,TRANSCRIPTOMIC,PAIRED,0,0,ILLUMINA,Illumina NovaSeq 6000,SRP479194,PRJNA1055047,3,1055047,SRS21482589,SAMN41607210,simple,208963,Pseudomonas aeruginosa UCBPP-PA14,GSM8298131,,,,,,,no,,,,,"HUNG LAB, MOLECULAR BIOLOGY, MASSACHUSETTS GENERAL HOSPITAL",SRA1883722,,public,D2F42F8A146817A4EB8E54E1A0559E65,7CB9F4AFAC58FDB4B16FE6D84F084EA6
SRR29244600,2024-10-11 21:38:29,2024-05-31 07:19:55,3903075,353756662,3903075,90,120,,https://sra-downloadb.be-md.ncbi.nlm.nih.gov/sos13/sra-pub-zq-1307/SRR029/29244/SRR29244600/SRR29244600.lite.1,SRX24763062,GSM8298132,RNA-Seq,cDNA,TRANSCRIPTOMIC,PAIRED,0,0,ILLUMINA,Illumina NovaSeq 6000,SRP479194,PRJNA1055047,3,1055047,SRS21482588,SAMN41607209,simple,208963,Pseudomonas aeruginosa UCBPP-PA14,GSM8298132,,,,,,,no,,,,,"HUNG LAB, MOLECULAR BIOLOGY, MASSACHUSETTS GENERAL HOSPITAL",SRA1883722,,public,BAD7A2E55C122134BD8F3E347BFD7E83,56696E6660E6423BC9CFD29A895EB2DB
SRR29244599,2024-10-11 21:38:29,2024-05-31 07:20:02,4354054,394658846,4354054,90,132,,https://sra-downloadb.be-md.ncbi.nlm.nih.gov/sos13/sra-pub-zq-1307/SRR029/29244/SRR29244599/SRR29244599.lite.1,SRX24763063,GSM8298133,RNA-Seq,cDNA,TRANSCRIPTOMIC,PAIRED,0,0,ILLUMINA,Illumina NovaSeq 6000,SRP479194,PRJNA1055047,3,1055047,SRS21482590,SAMN41607208,simple,208963,Pseudomonas aeruginosa UCBPP-PA14,GSM8298133,,,,,,,no,,,,,"HUNG LAB, MOLECULAR BIOLOGY, MASSACHUSETTS GENERAL HOSPITAL",SRA1883722,,public,1BD8F17EA48C8A366F9D966533A20E68,7C806BB272EF17BE5BE651BB87D3D1AB
SRR29244598,2024-10-11 21:38:29,2024-05-31 07:19:53,5680711,514612357,5680711,90,171,,https://sra-downloadb.be-md.ncbi.nlm.nih.gov/sos13/sra-pub-zq-1307/SRR029/29244/SRR29244598/SRR29244598.lite.1,SRX24763064,GSM8298134,RNA-Seq,cDNA,TRANSCRIPTOMIC,PAIRED,0,0,ILLUMINA,Illumina NovaSeq 6000,SRP479194,PRJNA1055047,3,1055047,SRS21482592,SAMN41607207,simple,208963,Pseudomonas aeruginosa UCBPP-PA14,GSM8298134,,,,,,,no,,,,,"HUNG LAB, MOLECULAR BIOLOGY, MASSACHUSETTS GENERAL HOSPITAL",SRA1883722,,public,AA143374C42D53C10E46586B5CB5195D,D7FB360B15458C759434602259AF719E
SRR29244597,2024-10-11 21:38:29,2024-05-31 07:20:10,5961374,540249233,5961374,90,181,,https://sra-downloadb.be-md.ncbi.nlm.nih.gov/sos13/sra-pub-zq-1307/SRR029/29244/SRR29244597/SRR29244597.lite.1,SRX24763065,GSM8298135,RNA-Seq,cDNA,TRANSCRIPTOMIC,PAIRED,0,0,ILLUMINA,Illumina NovaSeq 6000,SRP479194,PRJNA1055047,3,1055047,SRS21482591,SAMN41607206,simple,208963,Pseudomonas aeruginosa UCBPP-PA14,GSM8298135,,,,,,,no,,,,,"HUNG LAB, MOLECULAR BIOLOGY, MASSACHUSETTS GENERAL HOSPITAL",SRA1883722,,public,75E3CF331A8318DE3D44DF7FA0206F41,E82E43C5570BCE1EBE4BF820E9897B4D
SRR29244596,2024-10-11 21:38:29,2024-05-31 07:20:16,2900024,262756359,2900024,90,88,,https://sra-downloadb.be-md.ncbi.nlm.nih.gov/sos13/sra-pub-zq-1307/SRR029/29244/SRR29244596/SRR29244596.lite.1,SRX24763066,GSM8298136,RNA-Seq,cDNA,TRANSCRIPTOMIC,PAIRED,0,0,ILLUMINA,Illumina NovaSeq 6000,SRP479194,PRJNA1055047,3,1055047,SRS21482593,SAMN41607205,simple,208963,Pseudomonas aeruginosa UCBPP-PA14,GSM8298136,,,,,,,no,,,,,"HUNG LAB, MOLECULAR BIOLOGY, MASSACHUSETTS GENERAL HOSPITAL",SRA1883722,,public,73D4E4742154521EB60BD1F7313674DF,192B885E4C4D6C8E6467E3E6F9D81680
SRR29244594,2024-10-11 21:38:05,2024-05-31 07:19:39,4792744,196502504,0,41,87,,https://sra-downloadb.be-md.ncbi.nlm.nih.gov/sos13/sra-pub-zq-1307/SRR029/29244/SRR29244594/SRR29244594.lite.1,SRX24763067,GSM8297913,RNA-Seq,cDNA,TRANSCRIPTOMIC,SINGLE,0,0,ILLUMINA,Illumina NovaSeq 6000,SRP479194,PRJNA1055047,3,1055047,SRS21482596,SAMN41607428,simple,208963,Pseudomonas aeruginosa UCBPP-PA14,GSM8297913,,,,,,,no,,,,,"HUNG LAB, MOLECULAR BIOLOGY, MASSACHUSETTS GENERAL HOSPITAL",SRA1883722,,public,9118FF10FEA4D7C0A50F89C428FF9997,22EB3E82B26BF5E86564B21876595272
SRR29244595,2024-10-11 21:38:05,2024-05-31 07:20:13,4792744,234555488,0,48,111,,https://sra-downloadb.be-md.ncbi.nlm.nih.gov/sos13/sra-pub-zq-1307/SRR029/29244/SRR29244595/SRR29244595.lite.1,SRX24763067,GSM8297913,RNA-Seq,cDNA,TRANSCRIPTOMIC,SINGLE,0,0,ILLUMINA,Illumina NovaSeq 6000,SRP479194,PRJNA1055047,3,1055047,SRS21482596,SAMN41607428,simple,208963,Pseudomonas aeruginosa UCBPP-PA14,GSM8297913,,,,,,,no,,,,,"HUNG LAB, MOLECULAR BIOLOGY, MASSACHUSETTS GENERAL HOSPITAL",SRA1883722,,public,41278131E900B776F3BA85CAC7E865B8,D37DBE75BDA39EBE6146BB76FEA1B8D6
SRR29244592,2024-10-11 21:38:05,2024-05-31 07:19:15,5768565,236511165,0,41,106,,https://sra-downloadb.be-md.ncbi.nlm.nih.gov/sos13/sra-pub-zq-1307/SRR029/29244/SRR29244592/SRR29244592.lite.1,SRX24763068,GSM8297914,RNA-Seq,cDNA,TRANSCRIPTOMIC,SINGLE,0,0,ILLUMINA,Illumina NovaSeq 6000,SRP479194,PRJNA1055047,3,1055047,SRS21482595,SAMN41607427,simple,208963,Pseudomonas aeruginosa UCBPP-PA14,GSM8297914,,,,,,,no,,,,,"HUNG LAB, MOLECULAR BIOLOGY, MASSACHUSETTS GENERAL HOSPITAL",SRA1883722,,public,515D1826F53B273D450DE6CF96E22BB4,6462E29A9F5C9D1EDA0595EAD0A5A19F
SRR29244593,2024-10-11 21:38:05,2024-05-31 07:19:19,5768565,285344171,0,49,135,,https://sra-downloadb.be-md.ncbi.nlm.nih.gov/sos13/sra-pub-zq-1307/SRR029/29244/SRR29244593/SRR29244593.lite.1,SRX24763068,GSM8297914,RNA-Seq,cDNA,TRANSCRIPTOMIC,SINGLE,0,0,ILLUMINA,Illumina NovaSeq 6000,SRP479194,PRJNA1055047,3,1055047,SRS21482595,SAMN41607427,simple,208963,Pseudomonas aeruginosa UCBPP-PA14,GSM8297914,,,,,,,no,,,,,"HUNG LAB, MOLECULAR BIOLOGY, MASSACHUSETTS GENERAL HOSPITAL",SRA1883722,,public,69560930B393399B52A6465A44E47C7A,9C35F6B2FE6336A638AE8FCFCB9E1D00
SRR29244590,2024-10-11 21:38:05,2024-05-31 07:19:22,4946424,202803384,0,41,90,,https://sra-downloadb.be-md.ncbi.nlm.nih.gov/sos13/sra-pub-zq-1307/SRR029/29244/SRR29244590/SRR29244590.lite.1,SRX24763069,GSM8297915,RNA-Seq,cDNA,TRANSCRIPTOMIC,SINGLE,0,0,ILLUMINA,Illumina NovaSeq 6000,SRP479194,PRJNA1055047,3,1055047,SRS21482594,SAMN41607426,simple,208963,Pseudomonas aeruginosa UCBPP-PA14,GSM8297915,,,,,,,no,,,,,"HUNG LAB, MOLECULAR BIOLOGY, MASSACHUSETTS GENERAL HOSPITAL",SRA1883722,,public,C1B7ACB70D7318811259CE55AC3AFC3B,64348E6B9B904B80F11DF3F020DAA2CA
SRR29244591,2024-10-11 21:38:05,2024-05-31 07:20:30,4946424,243835460,0,49,115,,https://sra-downloadb.be-md.ncbi.nlm.nih.gov/sos13/sra-pub-zq-1307/SRR029/29244/SRR29244591/SRR29244591.lite.1,SRX24763069,GSM8297915,RNA-Seq,cDNA,TRANSCRIPTOMIC,SINGLE,0,0,ILLUMINA,Illumina NovaSeq 6000,SRP479194,PRJNA1055047,3,1055047,SRS21482594,SAMN41607426,simple,208963,Pseudomonas aeruginosa UCBPP-PA14,GSM8297915,,,,,,,no,,,,,"HUNG LAB, MOLECULAR BIOLOGY, MASSACHUSETTS GENERAL HOSPITAL",SRA1883722,,public,8DB76E7510114D3079ADC3D384F61955,2998193AE6C2F289DAC432B3ABF8ED17
SRR29244588,2024-10-11 21:38:05,2024-05-31 07:20:00,5153160,211279560,0,41,94,,https://sra-downloadb.be-md.ncbi.nlm.nih.gov/sos13/sra-pub-zq-1307/SRR029/29244/SRR29244588/SRR29244588.lite.1,SRX24763070,GSM8297916,RNA-Seq,cDNA,TRANSCRIPTOMIC,SINGLE,0,0,ILLUMINA,Illumina NovaSeq 6000,SRP479194,PRJNA1055047,3,1055047,SRS21482598,SAMN41607425,simple,208963,Pseudomonas aeruginosa UCBPP-PA14,GSM8297916,,,,,,,no,,,,,"HUNG LAB, MOLECULAR BIOLOGY, MASSACHUSETTS GENERAL HOSPITAL",SRA1883722,,public,045BC7AB23EC4A9A76551C6EEED83D81,B61CC9F4067D9957565E300A5A7BF0CA
SRR29244589,2024-10-11 21:38:05,2024-05-31 07:19:29,5153160,253731979,0,49,119,,https://sra-downloadb.be-md.ncbi.nlm.nih.gov/sos13/sra-pub-zq-1307/SRR029/29244/SRR29244589/SRR29244589.lite.1,SRX24763070,GSM8297916,RNA-Seq,cDNA,TRANSCRIPTOMIC,SINGLE,0,0,ILLUMINA,Illumina NovaSeq 6000,SRP479194,PRJNA1055047,3,1055047,SRS21482598,SAMN41607425,simple,208963,Pseudomonas aeruginosa UCBPP-PA14,GSM8297916,,,,,,,no,,,,,"HUNG LAB, MOLECULAR BIOLOGY, MASSACHUSETTS GENERAL HOSPITAL",SRA1883722,,public,1D657493D91BABCEB166577F91DE6F63,B0F22410DA381A28E0C2490955ECC5B8
SRR29244586,2024-10-11 21:38:05,2024-05-31 07:20:05,8403125,344528125,0,41,155,,https://sra-downloadb.be-md.ncbi.nlm.nih.gov/sos13/sra-pub-zq-1307/SRR029/29244/SRR29244586/SRR29244586.lite.1,SRX24763071,GSM8297917,RNA-Seq,cDNA,TRANSCRIPTOMIC,SINGLE,0,0,ILLUMINA,Illumina NovaSeq 6000,SRP479194,PRJNA1055047,3,1055047,SRS21482597,SAMN41607424,simple,208963,Pseudomonas aeruginosa UCBPP-PA14,GSM8297917,,,,,,,no,,,,,"HUNG LAB, MOLECULAR BIOLOGY, MASSACHUSETTS GENERAL HOSPITAL",SRA1883722,,public,CCD9005D18B0863568761A5024496D49,1648A57AFBB0E74C7A1DA9250919D0F0
SRR29244587,2024-10-11 21:38:05,2024-05-31 07:20:13,8403125,414477593,0,49,197,,https://sra-downloadb.be-md.ncbi.nlm.nih.gov/sos13/sra-pub-zq-1307/SRR029/29244/SRR29244587/SRR29244587.lite.1,SRX24763071,GSM8297917,RNA-Seq,cDNA,TRANSCRIPTOMIC,SINGLE,0,0,ILLUMINA,Illumina NovaSeq 6000,SRP479194,PRJNA1055047,3,1055047,SRS21482597,SAMN41607424,simple,208963,Pseudomonas aeruginosa UCBPP-PA14,GSM8297917,,,,,,,no,,,,,"HUNG LAB, MOLECULAR BIOLOGY, MASSACHUSETTS GENERAL HOSPITAL",SRA1883722,,public,AACCC61D2132596C24E1CBC7532E5A8B,E76F8F752E2518616572C346E45236BE
SRR29244584,2024-10-11 21:38:05,2024-05-31 07:19:54,8539801,350131841,0,41,156,,https://sra-downloadb.be-md.ncbi.nlm.nih.gov/sos13/sra-pub-zq-1307/SRR029/29244/SRR29244584/SRR29244584.lite.1,SRX24763072,GSM8297918,RNA-Seq,cDNA,TRANSCRIPTOMIC,SINGLE,0,0,ILLUMINA,Illumina NovaSeq 6000,SRP479194,PRJNA1055047,3,1055047,SRS21482599,SAMN41607423,simple,208963,Pseudomonas aeruginosa UCBPP-PA14,GSM8297918,,,,,,,no,,,,,"HUNG LAB, MOLECULAR BIOLOGY, MASSACHUSETTS GENERAL HOSPITAL",SRA1883722,,public,25EC77A7C724D10E4B4C574DB4FC466F,6FEDFE6D06679517BA31878F46523993
SRR29244585,2024-10-11 21:38:05,2024-05-31 07:20:41,8539801,418574242,0,49,203,,https://sra-downloadb.be-md.ncbi.nlm.nih.gov/sos13/sra-pub-zq-1307/SRR029/29244/SRR29244585/SRR29244585.lite.1,SRX24763072,GSM8297918,RNA-Seq,cDNA,TRANSCRIPTOMIC,SINGLE,0,0,ILLUMINA,Illumina NovaSeq 6000,SRP479194,PRJNA1055047,3,1055047,SRS21482599,SAMN41607423,simple,208963,Pseudomonas aeruginosa UCBPP-PA14,GSM8297918,,,,,,,no,,,,,"HUNG LAB, MOLECULAR BIOLOGY, MASSACHUSETTS GENERAL HOSPITAL",SRA1883722,,public,212E8A6AB83AA12C72EE5984A6539CA8,CCAC072D975923F42B394E4BDD2720CF
SRR29244582,2024-10-11 21:38:05,2024-05-31 07:19:43,9523584,390466944,0,41,174,,https://sra-downloadb.be-md.ncbi.nlm.nih.gov/sos13/sra-pub-zq-1307/SRR029/29244/SRR29244582/SRR29244582.lite.1,SRX24763073,GSM8297919,RNA-Seq,cDNA,TRANSCRIPTOMIC,SINGLE,0,0,ILLUMINA,Illumina NovaSeq 6000,SRP479194,PRJNA1055047,3,1055047,SRS21482600,SAMN41607422,simple,208963,Pseudomonas aeruginosa UCBPP-PA14,GSM8297919,,,,,,,no,,,,,"HUNG LAB, MOLECULAR BIOLOGY, MASSACHUSETTS GENERAL HOSPITAL",SRA1883722,,public,35B8ECF649FE02B5CF7C6BAD41DDE547,8CE920618967B077D0B3C630EB310AE6
SRR29244583,2024-10-11 21:38:05,2024-05-31 07:20:33,9523584,466802644,0,49,226,,https://sra-downloadb.be-md.ncbi.nlm.nih.gov/sos13/sra-pub-zq-1307/SRR029/29244/SRR29244583/SRR29244583.lite.1,SRX24763073,GSM8297919,RNA-Seq,cDNA,TRANSCRIPTOMIC,SINGLE,0,0,ILLUMINA,Illumina NovaSeq 6000,SRP479194,PRJNA1055047,3,1055047,SRS21482600,SAMN41607422,simple,208963,Pseudomonas aeruginosa UCBPP-PA14,GSM8297919,,,,,,,no,,,,,"HUNG LAB, MOLECULAR BIOLOGY, MASSACHUSETTS GENERAL HOSPITAL",SRA1883722,,public,327073525C5924973CB160A3B4B79C8E,D899A9E3048F78478C5680442BB162E0
SRR29244580,2024-10-11 21:38:05,2024-05-31 07:19:06,1485024,60885984,0,41,26,,https://sra-downloadb.be-md.ncbi.nlm.nih.gov/sos13/sra-pub-zq-1307/SRR029/29244/SRR29244580/SRR29244580.lite.1,SRX24763074,GSM8297920,RNA-Seq,cDNA,TRANSCRIPTOMIC,SINGLE,0,0,ILLUMINA,Illumina NovaSeq 6000,SRP479194,PRJNA1055047,3,1055047,SRS21482602,SAMN41607421,simple,208963,Pseudomonas aeruginosa UCBPP-PA14,GSM8297920,,,,,,,no,,,,,"HUNG LAB, MOLECULAR BIOLOGY, MASSACHUSETTS GENERAL HOSPITAL",SRA1883722,,public,9CB1FECE618E123FC02004C7C250E71A,D8BD945BB7382D3113081D7A0B9C792C
SRR29244581,2024-10-11 21:38:05,2024-05-31 07:19:23,1485024,73218820,0,49,33,,https://sra-downloadb.be-md.ncbi.nlm.nih.gov/sos13/sra-pub-zq-1307/SRR029/29244/SRR29244581/SRR29244581.lite.1,SRX24763074,GSM8297920,RNA-Seq,cDNA,TRANSCRIPTOMIC,SINGLE,0,0,ILLUMINA,Illumina NovaSeq 6000,SRP479194,PRJNA1055047,3,1055047,SRS21482602,SAMN41607421,simple,208963,Pseudomonas aeruginosa UCBPP-PA14,GSM8297920,,,,,,,no,,,,,"HUNG LAB, MOLECULAR BIOLOGY, MASSACHUSETTS GENERAL HOSPITAL",SRA1883722,,public,282B704FE2226E1A10CD419EFC90B5C0,417296284BEB1E596F1716DDCF1180C8
SRR29244578,2024-10-11 21:38:05,2024-05-31 07:19:11,2544513,104325033,0,41,44,,https://sra-downloadb.be-md.ncbi.nlm.nih.gov/sos13/sra-pub-zq-1307/SRR029/29244/SRR29244578/SRR29244578.lite.1,SRX24763075,GSM8297921,RNA-Seq,cDNA,TRANSCRIPTOMIC,SINGLE,0,0,ILLUMINA,Illumina NovaSeq 6000,SRP479194,PRJNA1055047,3,1055047,SRS21482601,SAMN41607420,simple,208963,Pseudomonas aeruginosa UCBPP-PA14,GSM8297921,,,,,,,no,,,,,"HUNG LAB, MOLECULAR BIOLOGY, MASSACHUSETTS GENERAL HOSPITAL",SRA1883722,,public,C8C397546A0230CC2472FEDF91F2DF76,517A1C4CDE807636371C806A86CF9953
SRR29244579,2024-10-11 21:38:05,2024-05-31 07:19:08,2544513,125013029,0,49,59,,https://sra-downloadb.be-md.ncbi.nlm.nih.gov/sos13/sra-pub-zq-1307/SRR029/29244/SRR29244579/SRR29244579.lite.1,SRX24763075,GSM8297921,RNA-Seq,cDNA,TRANSCRIPTOMIC,SINGLE,0,0,ILLUMINA,Illumina NovaSeq 6000,SRP479194,PRJNA1055047,3,1055047,SRS21482601,SAMN41607420,simple,208963,Pseudomonas aeruginosa UCBPP-PA14,GSM8297921,,,,,,,no,,,,,"HUNG LAB, MOLECULAR BIOLOGY, MASSACHUSETTS GENERAL HOSPITAL",SRA1883722,,public,19F625F4182774CB0915917D337E7E54,FC3C1A0881BC352A19C83BF12F59C852
SRR29244576,2024-10-11 21:38:05,2024-05-31 07:19:38,4896966,200775606,0,41,87,,https://sra-downloadb.be-md.ncbi.nlm.nih.gov/sos13/sra-pub-zq-1307/SRR029/29244/SRR29244576/SRR29244576.lite.1,SRX24763076,GSM8297922,RNA-Seq,cDNA,TRANSCRIPTOMIC,SINGLE,0,0,ILLUMINA,Illumina NovaSeq 6000,SRP479194,PRJNA1055047,3,1055047,SRS21482604,SAMN41607419,simple,208963,Pseudomonas aeruginosa UCBPP-PA14,GSM8297922,,,,,,,no,,,,,"HUNG LAB, MOLECULAR BIOLOGY, MASSACHUSETTS GENERAL HOSPITAL",SRA1883722,,public,E9BA86936840C77110F0ED53B4DBE797,E56B30D9B2952A67B1B843A0EFB82F72
SRR29244577,2024-10-11 21:38:05,2024-05-31 07:19:20,4896966,240983222,0,49,114,,https://sra-downloadb.be-md.ncbi.nlm.nih.gov/sos13/sra-pub-zq-1307/SRR029/29244/SRR29244577/SRR29244577.lite.1,SRX24763076,GSM8297922,RNA-Seq,cDNA,TRANSCRIPTOMIC,SINGLE,0,0,ILLUMINA,Illumina NovaSeq 6000,SRP479194,PRJNA1055047,3,1055047,SRS21482604,SAMN41607419,simple,208963,Pseudomonas aeruginosa UCBPP-PA14,GSM8297922,,,,,,,no,,,,,"HUNG LAB, MOLECULAR BIOLOGY, MASSACHUSETTS GENERAL HOSPITAL",SRA1883722,,public,C1CA367EFE654B5A0B97EF76CFCE6F11,F7039C2E4423484CC06D12F4DB10F549
SRR29244574,2024-10-11 21:38:05,2024-05-31 07:19:11,1513354,62047514,0,41,26,,https://sra-downloadb.be-md.ncbi.nlm.nih.gov/sos13/sra-pub-zq-1307/SRR029/29244/SRR29244574/SRR29244574.lite.1,SRX24763077,GSM8297923,RNA-Seq,cDNA,TRANSCRIPTOMIC,SINGLE,0,0,ILLUMINA,Illumina NovaSeq 6000,SRP479194,PRJNA1055047,3,1055047,SRS21482603,SAMN41607418,simple,208963,Pseudomonas aeruginosa UCBPP-PA14,GSM8297923,,,,,,,no,,,,,"HUNG LAB, MOLECULAR BIOLOGY, MASSACHUSETTS GENERAL HOSPITAL",SRA1883722,,public,E2DEDB4E32BBFE43F914A709E8B66817,E7CDE06C20F869BF8C9AC18E9AAB6C16
SRR29244575,2024-10-11 21:38:05,2024-05-31 07:19:07,1513354,74094720,0,48,34,,https://sra-downloadb.be-md.ncbi.nlm.nih.gov/sos13/sra-pub-zq-1307/SRR029/29244/SRR29244575/SRR29244575.lite.1,SRX24763077,GSM8297923,RNA-Seq,cDNA,TRANSCRIPTOMIC,SINGLE,0,0,ILLUMINA,Illumina NovaSeq 6000,SRP479194,PRJNA1055047,3,1055047,SRS21482603,SAMN41607418,simple,208963,Pseudomonas aeruginosa UCBPP-PA14,GSM8297923,,,,,,,no,,,,,"HUNG LAB, MOLECULAR BIOLOGY, MASSACHUSETTS GENERAL HOSPITAL",SRA1883722,,public,1ADF4DB69EA733BDB071F8310F85C372,427B67E82E502F841DF301D2489905DE
SRR29244572,2024-10-11 21:38:05,2024-05-31 07:19:13,3254795,133446595,0,41,57,,https://sra-downloadb.be-md.ncbi.nlm.nih.gov/sos13/sra-pub-zq-1307/SRR029/29244/SRR29244572/SRR29244572.lite.1,SRX24763078,GSM8297924,RNA-Seq,cDNA,TRANSCRIPTOMIC,SINGLE,0,0,ILLUMINA,Illumina NovaSeq 6000,SRP479194,PRJNA1055047,3,1055047,SRS21482605,SAMN41607417,simple,208963,Pseudomonas aeruginosa UCBPP-PA14,GSM8297924,,,,,,,no,,,,,"HUNG LAB, MOLECULAR BIOLOGY, MASSACHUSETTS GENERAL HOSPITAL",SRA1883722,,public,9E746595C7F73B068A250A0EED806A02,61A57B6D7E0F76C8C7A0B2D8B4F3D174
SRR29244573,2024-10-11 21:38:05,2024-05-31 07:19:20,3254795,159990281,0,49,74,,https://sra-downloadb.be-md.ncbi.nlm.nih.gov/sos13/sra-pub-zq-1307/SRR029/29244/SRR29244573/SRR29244573.lite.1,SRX24763078,GSM8297924,RNA-Seq,cDNA,TRANSCRIPTOMIC,SINGLE,0,0,ILLUMINA,Illumina NovaSeq 6000,SRP479194,PRJNA1055047,3,1055047,SRS21482605,SAMN41607417,simple,208963,Pseudomonas aeruginosa UCBPP-PA14,GSM8297924,,,,,,,no,,,,,"HUNG LAB, MOLECULAR BIOLOGY, MASSACHUSETTS GENERAL HOSPITAL",SRA1883722,,public,DF8E5CEB88DC48A47FAF23F9380E1D33,2DA5784DD5838232F45AE218023796CA
SRR29244570,2024-10-11 21:38:05,2024-05-31 07:19:05,2925236,119934676,0,41,51,,https://sra-downloadb.be-md.ncbi.nlm.nih.gov/sos13/sra-pub-zq-1307/SRR029/29244/SRR29244570/SRR29244570.lite.1,SRX24763079,GSM8297925,RNA-Seq,cDNA,TRANSCRIPTOMIC,SINGLE,0,0,ILLUMINA,Illumina NovaSeq 6000,SRP479194,PRJNA1055047,3,1055047,SRS21482606,SAMN41607416,simple,208963,Pseudomonas aeruginosa UCBPP-PA14,GSM8297925,,,,,,,no,,,,,"HUNG LAB, MOLECULAR BIOLOGY, MASSACHUSETTS GENERAL HOSPITAL",SRA1883722,,public,3702DB32E3A0C22FE9915594E5EBDD28,04DF7585C8C5F30492F022382D45811C
SRR29244571,2024-10-11 21:38:05,2024-05-31 07:19:12,2925236,144025775,0,49,67,,https://sra-downloadb.be-md.ncbi.nlm.nih.gov/sos13/sra-pub-zq-1307/SRR029/29244/SRR29244571/SRR29244571.lite.1,SRX24763079,GSM8297925,RNA-Seq,cDNA,TRANSCRIPTOMIC,SINGLE,0,0,ILLUMINA,Illumina NovaSeq 6000,SRP479194,PRJNA1055047,3,1055047,SRS21482606,SAMN41607416,simple,208963,Pseudomonas aeruginosa UCBPP-PA14,GSM8297925,,,,,,,no,,,,,"HUNG LAB, MOLECULAR BIOLOGY, MASSACHUSETTS GENERAL HOSPITAL",SRA1883722,,public,4EB8502CE15CC23F541A36A2E7806EBE,ECCA68118CD7AEB1116367F0E0C62E92
SRR29244568,2024-10-11 21:38:06,2024-05-31 07:19:30,1981677,81248757,0,41,35,,https://sra-downloadb.be-md.ncbi.nlm.nih.gov/sos13/sra-pub-zq-1307/SRR029/29244/SRR29244568/SRR29244568.lite.1,SRX24763080,GSM8297926,RNA-Seq,cDNA,TRANSCRIPTOMIC,SINGLE,0,0,ILLUMINA,Illumina NovaSeq 6000,SRP479194,PRJNA1055047,3,1055047,SRS21482610,SAMN41607415,simple,208963,Pseudomonas aeruginosa UCBPP-PA14,GSM8297926,,,,,,,no,,,,,"HUNG LAB, MOLECULAR BIOLOGY, MASSACHUSETTS GENERAL HOSPITAL",SRA1883722,,public,5C9302EE5EE99755D960277BA7049402,6FB31E8FB8BC46DFBEF09CC2FAC40C96
SRR29244569,2024-10-11 21:38:06,2024-05-31 07:19:03,1981677,97461738,0,49,45,,https://sra-downloadb.be-md.ncbi.nlm.nih.gov/sos13/sra-pub-zq-1307/SRR029/29244/SRR29244569/SRR29244569.lite.1,SRX24763080,GSM8297926,RNA-Seq,cDNA,TRANSCRIPTOMIC,SINGLE,0,0,ILLUMINA,Illumina NovaSeq 6000,SRP479194,PRJNA1055047,3,1055047,SRS21482610,SAMN41607415,simple,208963,Pseudomonas aeruginosa UCBPP-PA14,GSM8297926,,,,,,,no,,,,,"HUNG LAB, MOLECULAR BIOLOGY, MASSACHUSETTS GENERAL HOSPITAL",SRA1883722,,public,3C2E55132FAC40420889B208F3A3150C,47AFE7DC9AA32E47639006AE4641C7A2
SRR29244566,2024-10-11 21:38:06,2024-05-31 07:19:48,2289302,93861382,0,41,40,,https://sra-downloadb.be-md.ncbi.nlm.nih.gov/sos13/sra-pub-zq-1307/SRR029/29244/SRR29244566/SRR29244566.lite.1,SRX24763081,GSM8297927,RNA-Seq,cDNA,TRANSCRIPTOMIC,SINGLE,0,0,ILLUMINA,Illumina NovaSeq 6000,SRP479194,PRJNA1055047,3,1055047,SRS21482609,SAMN41607414,simple,208963,Pseudomonas aeruginosa UCBPP-PA14,GSM8297927,,,,,,,no,,,,,"HUNG LAB, MOLECULAR BIOLOGY, MASSACHUSETTS GENERAL HOSPITAL",SRA1883722,,public,086AEC76F18C6DD99E4A1B8B402E6E1D,E045386D0705467609F0C211E0B5CAE2
SRR29244567,2024-10-11 21:38:06,2024-05-31 07:20:03,2289302,112710710,0,49,52,,https://sra-downloadb.be-md.ncbi.nlm.nih.gov/sos13/sra-pub-zq-1307/SRR029/29244/SRR29244567/SRR29244567.lite.1,SRX24763081,GSM8297927,RNA-Seq,cDNA,TRANSCRIPTOMIC,SINGLE,0,0,ILLUMINA,Illumina NovaSeq 6000,SRP479194,PRJNA1055047,3,1055047,SRS21482609,SAMN41607414,simple,208963,Pseudomonas aeruginosa UCBPP-PA14,GSM8297927,,,,,,,no,,,,,"HUNG LAB, MOLECULAR BIOLOGY, MASSACHUSETTS GENERAL HOSPITAL",SRA1883722,,public,5E41D548E084E8B7F3EE5281F34DB8FC,75F396140E0E767218DA1480803E96F3
SRR29244564,2024-10-11 21:38:06,2024-05-31 07:20:38,10788936,442346376,0,41,191,,https://sra-downloadb.be-md.ncbi.nlm.nih.gov/sos13/sra-pub-zq-1307/SRR029/29244/SRR29244564/SRR29244564.lite.1,SRX24763082,GSM8297928,RNA-Seq,cDNA,TRANSCRIPTOMIC,SINGLE,0,0,ILLUMINA,Illumina NovaSeq 6000,SRP479194,PRJNA1055047,3,1055047,SRS21482607,SAMN41607413,simple,208963,Pseudomonas aeruginosa UCBPP-PA14,GSM8297928,,,,,,,no,,,,,"HUNG LAB, MOLECULAR BIOLOGY, MASSACHUSETTS GENERAL HOSPITAL",SRA1883722,,public,587BB852CC97AF92A3B2D0431BD4DDAD,7925B51BC8527BACDBA6F82E2356D50E
SRR29244565,2024-10-11 21:38:06,2024-05-31 07:20:44,10788936,532515462,0,49,247,,https://sra-downloadb.be-md.ncbi.nlm.nih.gov/sos13/sra-pub-zq-1307/SRR029/29244/SRR29244565/SRR29244565.lite.1,SRX24763082,GSM8297928,RNA-Seq,cDNA,TRANSCRIPTOMIC,SINGLE,0,0,ILLUMINA,Illumina NovaSeq 6000,SRP479194,PRJNA1055047,3,1055047,SRS21482607,SAMN41607413,simple,208963,Pseudomonas aeruginosa UCBPP-PA14,GSM8297928,,,,,,,no,,,,,"HUNG LAB, MOLECULAR BIOLOGY, MASSACHUSETTS GENERAL HOSPITAL",SRA1883722,,public,D934CE8A0FA03CD16FD3FD79C787019E,5DEC11C676401665DDF6785DBCF165E2
SRR29244562,2024-10-11 21:38:08,2024-05-31 07:20:13,4191935,171869335,0,41,74,,https://sra-downloadb.be-md.ncbi.nlm.nih.gov/sos13/sra-pub-zq-1307/SRR029/29244/SRR29244562/SRR29244562.lite.1,SRX24763083,GSM8297961,RNA-Seq,cDNA,TRANSCRIPTOMIC,SINGLE,0,0,ILLUMINA,Illumina NovaSeq 6000,SRP479194,PRJNA1055047,3,1055047,SRS21482608,SAMN41607380,simple,208963,Pseudomonas aeruginosa UCBPP-PA14,GSM8297961,,,,,,,no,,,,,"HUNG LAB, MOLECULAR BIOLOGY, MASSACHUSETTS GENERAL HOSPITAL",SRA1883722,,public,EDE3C1DA9EA73B862B39ACF7DBF334B2,4B1EFC9D5A450F66478D5271EC553F68
SRR29244563,2024-10-11 21:38:08,2024-05-31 07:20:14,4191935,205850842,0,49,96,,https://sra-downloadb.be-md.ncbi.nlm.nih.gov/sos13/sra-pub-zq-1307/SRR029/29244/SRR29244563/SRR29244563.lite.1,SRX24763083,GSM8297961,RNA-Seq,cDNA,TRANSCRIPTOMIC,SINGLE,0,0,ILLUMINA,Illumina NovaSeq 6000,SRP479194,PRJNA1055047,3,1055047,SRS21482608,SAMN41607380,simple,208963,Pseudomonas aeruginosa UCBPP-PA14,GSM8297961,,,,,,,no,,,,,"HUNG LAB, MOLECULAR BIOLOGY, MASSACHUSETTS GENERAL HOSPITAL",SRA1883722,,public,AB46D43830B47AF6DE4C13D3F4B35F1B,E523CEC72DC633A0201FA6760422D82C
SRR29244560,2024-10-11 21:38:08,2024-05-31 07:20:33,2899532,118880812,0,41,51,,https://sra-downloadb.be-md.ncbi.nlm.nih.gov/sos13/sra-pub-zq-1307/SRR029/29244/SRR29244560/SRR29244560.lite.1,SRX24763084,GSM8297962,RNA-Seq,cDNA,TRANSCRIPTOMIC,SINGLE,0,0,ILLUMINA,Illumina NovaSeq 6000,SRP479194,PRJNA1055047,3,1055047,SRS21482611,SAMN41607379,simple,208963,Pseudomonas aeruginosa UCBPP-PA14,GSM8297962,,,,,,,no,,,,,"HUNG LAB, MOLECULAR BIOLOGY, MASSACHUSETTS GENERAL HOSPITAL",SRA1883722,,public,A905E73662BC1DA87EC20847102169F3,46C45498FC7DEE4DE2FC4B80643815AD
SRR29244561,2024-10-11 21:38:08,2024-05-31 07:19:31,2899532,142297998,0,49,66,,https://sra-downloadb.be-md.ncbi.nlm.nih.gov/sos13/sra-pub-zq-1307/SRR029/29244/SRR29244561/SRR29244561.lite.1,SRX24763084,GSM8297962,RNA-Seq,cDNA,TRANSCRIPTOMIC,SINGLE,0,0,ILLUMINA,Illumina NovaSeq 6000,SRP479194,PRJNA1055047,3,1055047,SRS21482611,SAMN41607379,simple,208963,Pseudomonas aeruginosa UCBPP-PA14,GSM8297962,,,,,,,no,,,,,"HUNG LAB, MOLECULAR BIOLOGY, MASSACHUSETTS GENERAL HOSPITAL",SRA1883722,,public,5B47DFCAB4C7205B54F8DC6D234E563A,F2418689AFC8AC4CD92ABA04A2EEEF44
SRR29244558,2024-10-11 21:38:08,2024-05-31 07:19:27,2582743,105892463,0,41,45,,https://sra-downloadb.be-md.ncbi.nlm.nih.gov/sos13/sra-pub-zq-1307/SRR029/29244/SRR29244558/SRR29244558.lite.1,SRX24763085,GSM8297963,RNA-Seq,cDNA,TRANSCRIPTOMIC,SINGLE,0,0,ILLUMINA,Illumina NovaSeq 6000,SRP479194,PRJNA1055047,3,1055047,SRS21482614,SAMN41607378,simple,208963,Pseudomonas aeruginosa UCBPP-PA14,GSM8297963,,,,,,,no,,,,,"HUNG LAB, MOLECULAR BIOLOGY, MASSACHUSETTS GENERAL HOSPITAL",SRA1883722,,public,E910B2CCF00E73D1A81F820945ECFC29,A6ACCFDF7B81AAD27A0CDFD8CC2DA40F
SRR29244559,2024-10-11 21:38:09,2024-05-31 07:19:46,2582743,126735872,0,49,59,,https://sra-downloadb.be-md.ncbi.nlm.nih.gov/sos13/sra-pub-zq-1307/SRR029/29244/SRR29244559/SRR29244559.lite.1,SRX24763085,GSM8297963,RNA-Seq,cDNA,TRANSCRIPTOMIC,SINGLE,0,0,ILLUMINA,Illumina NovaSeq 6000,SRP479194,PRJNA1055047,3,1055047,SRS21482614,SAMN41607378,simple,208963,Pseudomonas aeruginosa UCBPP-PA14,GSM8297963,,,,,,,no,,,,,"HUNG LAB, MOLECULAR BIOLOGY, MASSACHUSETTS GENERAL HOSPITAL",SRA1883722,,public,B4B4F8CAB50118B7944AA11E840EE51D,2B5763D7FD9E8633091DD581BAAECF2F
SRR29244556,2024-10-11 21:38:09,2024-05-31 07:20:20,4117454,168815614,0,41,73,,https://sra-downloadb.be-md.ncbi.nlm.nih.gov/sos13/sra-pub-zq-1307/SRR029/29244/SRR29244556/SRR29244556.lite.1,SRX24763086,GSM8297964,RNA-Seq,cDNA,TRANSCRIPTOMIC,SINGLE,0,0,ILLUMINA,Illumina NovaSeq 6000,SRP479194,PRJNA1055047,3,1055047,SRS21482612,SAMN41607377,simple,208963,Pseudomonas aeruginosa UCBPP-PA14,GSM8297964,,,,,,,no,,,,,"HUNG LAB, MOLECULAR BIOLOGY, MASSACHUSETTS GENERAL HOSPITAL",SRA1883722,,public,4484C8075C745E9BBFFE4842A2FA45E1,B592EF269AB8B5E460A67F4A5EE1EFC2
SRR29244557,2024-10-11 21:38:09,2024-05-31 07:19:49,4117454,202353082,0,49,94,,https://sra-downloadb.be-md.ncbi.nlm.nih.gov/sos13/sra-pub-zq-1307/SRR029/29244/SRR29244557/SRR29244557.lite.1,SRX24763086,GSM8297964,RNA-Seq,cDNA,TRANSCRIPTOMIC,SINGLE,0,0,ILLUMINA,Illumina NovaSeq 6000,SRP479194,PRJNA1055047,3,1055047,SRS21482612,SAMN41607377,simple,208963,Pseudomonas aeruginosa UCBPP-PA14,GSM8297964,,,,,,,no,,,,,"HUNG LAB, MOLECULAR BIOLOGY, MASSACHUSETTS GENERAL HOSPITAL",SRA1883722,,public,48BE42C838B911105E8865310DB96336,50A6F89C398F6E59FB7F116E41E8CC18
SRR29244554,2024-10-11 21:38:09,2024-05-31 07:19:50,3133202,128461282,0,41,55,,https://sra-downloadb.be-md.ncbi.nlm.nih.gov/sos13/sra-pub-zq-1307/SRR029/29244/SRR29244554/SRR29244554.lite.1,SRX24763087,GSM8297965,RNA-Seq,cDNA,TRANSCRIPTOMIC,SINGLE,0,0,ILLUMINA,Illumina NovaSeq 6000,SRP479194,PRJNA1055047,3,1055047,SRS21482613,SAMN41607376,simple,208963,Pseudomonas aeruginosa UCBPP-PA14,GSM8297965,,,,,,,no,,,,,"HUNG LAB, MOLECULAR BIOLOGY, MASSACHUSETTS GENERAL HOSPITAL",SRA1883722,,public,0002AEA242814A5FC3ABCFCD82AEF4B1,A7FFD6FC9FAA5DC2E0094F96886FD3F1
SRR29244555,2024-10-11 21:38:09,2024-05-31 07:19:29,3133202,152581530,0,48,72,,https://sra-downloadb.be-md.ncbi.nlm.nih.gov/sos13/sra-pub-zq-1307/SRR029/29244/SRR29244555/SRR29244555.lite.1,SRX24763087,GSM8297965,RNA-Seq,cDNA,TRANSCRIPTOMIC,SINGLE,0,0,ILLUMINA,Illumina NovaSeq 6000,SRP479194,PRJNA1055047,3,1055047,SRS21482613,SAMN41607376,simple,208963,Pseudomonas aeruginosa UCBPP-PA14,GSM8297965,,,,,,,no,,,,,"HUNG LAB, MOLECULAR BIOLOGY, MASSACHUSETTS GENERAL HOSPITAL",SRA1883722,,public,BCC03222609A0B3BDC0E2192C2CF3D29,99E656E3A776933C33E94C52EE63617C
SRR29244552,2024-10-11 21:38:09,2024-05-31 07:19:57,4182252,171472332,0,41,74,,https://sra-downloadb.be-md.ncbi.nlm.nih.gov/sos13/sra-pub-zq-1307/SRR029/29244/SRR29244552/SRR29244552.lite.1,SRX24763088,GSM8297966,RNA-Seq,cDNA,TRANSCRIPTOMIC,SINGLE,0,0,ILLUMINA,Illumina NovaSeq 6000,SRP479194,PRJNA1055047,3,1055047,SRS21482615,SAMN41607375,simple,208963,Pseudomonas aeruginosa UCBPP-PA14,GSM8297966,,,,,,,no,,,,,"HUNG LAB, MOLECULAR BIOLOGY, MASSACHUSETTS GENERAL HOSPITAL",SRA1883722,,public,2FA2E53A86F2AB3D64051CA2DE374BE1,1AFF9F03C947FFDA626DE9882B64D305
SRR29244553,2024-10-11 21:38:09,2024-05-31 07:20:22,4182252,205731266,0,49,97,,https://sra-downloadb.be-md.ncbi.nlm.nih.gov/sos13/sra-pub-zq-1307/SRR029/29244/SRR29244553/SRR29244553.lite.1,SRX24763088,GSM8297966,RNA-Seq,cDNA,TRANSCRIPTOMIC,SINGLE,0,0,ILLUMINA,Illumina NovaSeq 6000,SRP479194,PRJNA1055047,3,1055047,SRS21482615,SAMN41607375,simple,208963,Pseudomonas aeruginosa UCBPP-PA14,GSM8297966,,,,,,,no,,,,,"HUNG LAB, MOLECULAR BIOLOGY, MASSACHUSETTS GENERAL HOSPITAL",SRA1883722,,public,FF2429238B4444AE41EDFA6162F68D8D,B9207E473F7CAC94E9F81F85A592DBB8
SRR29244550,2024-10-11 21:38:09,2024-05-31 07:19:48,2516054,103158214,0,41,44,,https://sra-downloadb.be-md.ncbi.nlm.nih.gov/sos13/sra-pub-zq-1307/SRR029/29244/SRR29244550/SRR29244550.lite.1,SRX24763089,GSM8297967,RNA-Seq,cDNA,TRANSCRIPTOMIC,SINGLE,0,0,ILLUMINA,Illumina NovaSeq 6000,SRP479194,PRJNA1055047,3,1055047,SRS21482616,SAMN41607374,simple,208963,Pseudomonas aeruginosa UCBPP-PA14,GSM8297967,,,,,,,no,,,,,"HUNG LAB, MOLECULAR BIOLOGY, MASSACHUSETTS GENERAL HOSPITAL",SRA1883722,,public,78581C73BF5712AF91B3685B394602ED,512B08F78D920BE6DCA5FB66EA19F66B
SRR29244551,2024-10-11 21:38:09,2024-05-31 07:19:53,2516054,124389931,0,49,57,,https://sra-downloadb.be-md.ncbi.nlm.nih.gov/sos13/sra-pub-zq-1307/SRR029/29244/SRR29244551/SRR29244551.lite.1,SRX24763089,GSM8297967,RNA-Seq,cDNA,TRANSCRIPTOMIC,SINGLE,0,0,ILLUMINA,Illumina NovaSeq 6000,SRP479194,PRJNA1055047,3,1055047,SRS21482616,SAMN41607374,simple,208963,Pseudomonas aeruginosa UCBPP-PA14,GSM8297967,,,,,,,no,,,,,"HUNG LAB, MOLECULAR BIOLOGY, MASSACHUSETTS GENERAL HOSPITAL",SRA1883722,,public,395E0F95614A98D624C220CB49D5E4EE,6E67497C235D24309BAD03B0C47BCBEC
SRR29244548,2024-10-11 21:38:09,2024-05-31 07:20:03,3188942,130746622,0,41,56,,https://sra-downloadb.be-md.ncbi.nlm.nih.gov/sos13/sra-pub-zq-1307/SRR029/29244/SRR29244548/SRR29244548.lite.1,SRX24763090,GSM8297968,RNA-Seq,cDNA,TRANSCRIPTOMIC,SINGLE,0,0,ILLUMINA,Illumina NovaSeq 6000,SRP479194,PRJNA1055047,3,1055047,SRS21482617,SAMN41607373,simple,208963,Pseudomonas aeruginosa UCBPP-PA14,GSM8297968,,,,,,,no,,,,,"HUNG LAB, MOLECULAR BIOLOGY, MASSACHUSETTS GENERAL HOSPITAL",SRA1883722,,public,84B22DD601F7EE57EFD1A4F570E09E0F,A75093C4610E01440DFF1E08C65F9F6A
SRR29244549,2024-10-11 21:38:09,2024-05-31 07:19:46,3188942,156940072,0,49,73,,https://sra-downloadb.be-md.ncbi.nlm.nih.gov/sos13/sra-pub-zq-1307/SRR029/29244/SRR29244549/SRR29244549.lite.1,SRX24763090,GSM8297968,RNA-Seq,cDNA,TRANSCRIPTOMIC,SINGLE,0,0,ILLUMINA,Illumina NovaSeq 6000,SRP479194,PRJNA1055047,3,1055047,SRS21482617,SAMN41607373,simple,208963,Pseudomonas aeruginosa UCBPP-PA14,GSM8297968,,,,,,,no,,,,,"HUNG LAB, MOLECULAR BIOLOGY, MASSACHUSETTS GENERAL HOSPITAL",SRA1883722,,public,337022E246B057DA6D38173EACC487E1,BF94ED295870E7C9B6168B37C2CEC73B
SRR29244546,2024-10-11 21:38:09,2024-05-31 07:20:02,1276278,52327398,0,41,22,,https://sra-downloadb.be-md.ncbi.nlm.nih.gov/sos13/sra-pub-zq-1307/SRR029/29244/SRR29244546/SRR29244546.lite.1,SRX24763091,GSM8297969,RNA-Seq,cDNA,TRANSCRIPTOMIC,SINGLE,0,0,ILLUMINA,Illumina NovaSeq 6000,SRP479194,PRJNA1055047,3,1055047,SRS21482619,SAMN41607372,simple,208963,Pseudomonas aeruginosa UCBPP-PA14,GSM8297969,,,,,,,no,,,,,"HUNG LAB, MOLECULAR BIOLOGY, MASSACHUSETTS GENERAL HOSPITAL",SRA1883722,,public,B40C388A739118130EFFB33085193F54,FC2A460BCCD114C90CDFF13F672B19DE
SRR29244547,2024-10-11 21:38:09,2024-05-31 07:19:17,1276278,62657215,0,49,28,,https://sra-downloadb.be-md.ncbi.nlm.nih.gov/sos13/sra-pub-zq-1307/SRR029/29244/SRR29244547/SRR29244547.lite.1,SRX24763091,GSM8297969,RNA-Seq,cDNA,TRANSCRIPTOMIC,SINGLE,0,0,ILLUMINA,Illumina NovaSeq 6000,SRP479194,PRJNA1055047,3,1055047,SRS21482619,SAMN41607372,simple,208963,Pseudomonas aeruginosa UCBPP-PA14,GSM8297969,,,,,,,no,,,,,"HUNG LAB, MOLECULAR BIOLOGY, MASSACHUSETTS GENERAL HOSPITAL",SRA1883722,,public,43A1BE4DDD270132DEF938B261AB2A74,702F311C890EE0838E41C257386462A6
SRR29244544,2024-10-11 21:38:09,2024-05-31 07:20:06,3677737,150787217,0,41,65,,https://sra-downloadb.be-md.ncbi.nlm.nih.gov/sos13/sra-pub-zq-1307/SRR029/29244/SRR29244544/SRR29244544.lite.1,SRX24763092,GSM8297970,RNA-Seq,cDNA,TRANSCRIPTOMIC,SINGLE,0,0,ILLUMINA,Illumina NovaSeq 6000,SRP479194,PRJNA1055047,3,1055047,SRS21482618,SAMN41607371,simple,208963,Pseudomonas aeruginosa UCBPP-PA14,GSM8297970,,,,,,,no,,,,,"HUNG LAB, MOLECULAR BIOLOGY, MASSACHUSETTS GENERAL HOSPITAL",SRA1883722,,public,4FD5F75050032D3B36772EE1632C27B2,31A508544D3B3ABF37C29EB258BF7684
SRR29244545,2024-10-11 21:38:09,2024-05-31 07:19:35,3677737,180417550,0,49,84,,https://sra-downloadb.be-md.ncbi.nlm.nih.gov/sos13/sra-pub-zq-1307/SRR029/29244/SRR29244545/SRR29244545.lite.1,SRX24763092,GSM8297970,RNA-Seq,cDNA,TRANSCRIPTOMIC,SINGLE,0,0,ILLUMINA,Illumina NovaSeq 6000,SRP479194,PRJNA1055047,3,1055047,SRS21482618,SAMN41607371,simple,208963,Pseudomonas aeruginosa UCBPP-PA14,GSM8297970,,,,,,,no,,,,,"HUNG LAB, MOLECULAR BIOLOGY, MASSACHUSETTS GENERAL HOSPITAL",SRA1883722,,public,25AD23F1CC29C8ECA4344073909E5066,E570830E31F7740351CF277D24D1F7D4
SRR29244542,2024-10-11 21:38:09,2024-05-31 07:19:48,2304089,94467649,0,41,40,,https://sra-downloadb.be-md.ncbi.nlm.nih.gov/sos13/sra-pub-zq-1307/SRR029/29244/SRR29244542/SRR29244542.lite.1,SRX24763093,GSM8297971,RNA-Seq,cDNA,TRANSCRIPTOMIC,SINGLE,0,0,ILLUMINA,Illumina NovaSeq 6000,SRP479194,PRJNA1055047,3,1055047,SRS21482620,SAMN41607370,simple,208963,Pseudomonas aeruginosa UCBPP-PA14,GSM8297971,,,,,,,no,,,,,"HUNG LAB, MOLECULAR BIOLOGY, MASSACHUSETTS GENERAL HOSPITAL",SRA1883722,,public,B4BE3B9204F6EBEDA1CB04EDC2853250,0CC7D3B98157237F64B43C722D863362
SRR29244543,2024-10-11 21:38:09,2024-05-31 07:19:39,2304089,112364073,0,48,53,,https://sra-downloadb.be-md.ncbi.nlm.nih.gov/sos13/sra-pub-zq-1307/SRR029/29244/SRR29244543/SRR29244543.lite.1,SRX24763093,GSM8297971,RNA-Seq,cDNA,TRANSCRIPTOMIC,SINGLE,0,0,ILLUMINA,Illumina NovaSeq 6000,SRP479194,PRJNA1055047,3,1055047,SRS21482620,SAMN41607370,simple,208963,Pseudomonas aeruginosa UCBPP-PA14,GSM8297971,,,,,,,no,,,,,"HUNG LAB, MOLECULAR BIOLOGY, MASSACHUSETTS GENERAL HOSPITAL",SRA1883722,,public,E8864234BC33C9591980DB6913637FCE,C6C853CE9BBB6E08F8A6A1C825AD9468
SRR29244540,2024-10-11 21:38:09,2024-05-31 07:19:54,3590176,147197216,0,41,63,,https://sra-downloadb.be-md.ncbi.nlm.nih.gov/sos13/sra-pub-zq-1307/SRR029/29244/SRR29244540/SRR29244540.lite.1,SRX24763094,GSM8297972,RNA-Seq,cDNA,TRANSCRIPTOMIC,SINGLE,0,0,ILLUMINA,Illumina NovaSeq 6000,SRP479194,PRJNA1055047,3,1055047,SRS21482621,SAMN41607369,simple,208963,Pseudomonas aeruginosa UCBPP-PA14,GSM8297972,,,,,,,no,,,,,"HUNG LAB, MOLECULAR BIOLOGY, MASSACHUSETTS GENERAL HOSPITAL",SRA1883722,,public,3561BF896DFD89E3F463032B159C52E7,2D5C941F0817C5604CCEA94A2F9B14AF
SRR29244541,2024-10-11 21:38:09,2024-05-31 07:20:00,3590176,177544581,0,49,82,,https://sra-downloadb.be-md.ncbi.nlm.nih.gov/sos13/sra-pub-zq-1307/SRR029/29244/SRR29244541/SRR29244541.lite.1,SRX24763094,GSM8297972,RNA-Seq,cDNA,TRANSCRIPTOMIC,SINGLE,0,0,ILLUMINA,Illumina NovaSeq 6000,SRP479194,PRJNA1055047,3,1055047,SRS21482621,SAMN41607369,simple,208963,Pseudomonas aeruginosa UCBPP-PA14,GSM8297972,,,,,,,no,,,,,"HUNG LAB, MOLECULAR BIOLOGY, MASSACHUSETTS GENERAL HOSPITAL",SRA1883722,,public,A5A235CD49A958B726E7AA5400596594,431D683F37E096D4C27A017DE826C2C5
SRR29244538,2024-10-11 21:38:09,2024-05-31 07:20:34,4391794,180063554,0,41,77,,https://sra-downloadb.be-md.ncbi.nlm.nih.gov/sos13/sra-pub-zq-1307/SRR029/29244/SRR29244538/SRR29244538.lite.1,SRX24763095,GSM8297973,RNA-Seq,cDNA,TRANSCRIPTOMIC,SINGLE,0,0,ILLUMINA,Illumina NovaSeq 6000,SRP479194,PRJNA1055047,3,1055047,SRS21482622,SAMN41607368,simple,208963,Pseudomonas aeruginosa UCBPP-PA14,GSM8297973,,,,,,,no,,,,,"HUNG LAB, MOLECULAR BIOLOGY, MASSACHUSETTS GENERAL HOSPITAL",SRA1883722,,public,937F091B637715246589EC8F083853E5,803FED1341BF8C81A393FFD6544E1547
SRR29244539,2024-10-11 21:38:09,2024-05-31 07:20:09,4391794,217160530,0,49,101,,https://sra-downloadb.be-md.ncbi.nlm.nih.gov/sos13/sra-pub-zq-1307/SRR029/29244/SRR29244539/SRR29244539.lite.1,SRX24763095,GSM8297973,RNA-Seq,cDNA,TRANSCRIPTOMIC,SINGLE,0,0,ILLUMINA,Illumina NovaSeq 6000,SRP479194,PRJNA1055047,3,1055047,SRS21482622,SAMN41607368,simple,208963,Pseudomonas aeruginosa UCBPP-PA14,GSM8297973,,,,,,,no,,,,,"HUNG LAB, MOLECULAR BIOLOGY, MASSACHUSETTS GENERAL HOSPITAL",SRA1883722,,public,FF9126C63FEF78F04CACC5C10A056FCB,CCD7142DC3EAD8DA8CA7458B0206D86B
SRR29244536,2024-10-11 21:38:10,2024-05-31 07:19:21,2384288,97755808,0,41,42,,https://sra-downloadb.be-md.ncbi.nlm.nih.gov/sos13/sra-pub-zq-1307/SRR029/29244/SRR29244536/SRR29244536.lite.1,SRX24763096,GSM8297974,RNA-Seq,cDNA,TRANSCRIPTOMIC,SINGLE,0,0,ILLUMINA,Illumina NovaSeq 6000,SRP479194,PRJNA1055047,3,1055047,SRS21482623,SAMN41607367,simple,208963,Pseudomonas aeruginosa UCBPP-PA14,GSM8297974,,,,,,,no,,,,,"HUNG LAB, MOLECULAR BIOLOGY, MASSACHUSETTS GENERAL HOSPITAL",SRA1883722,,public,1362315A4F48C7864DC140084CDFAF30,E09F5A911EF0B06AB1749786306ACF41
SRR29244537,2024-10-11 21:38:10,2024-05-31 07:19:55,2384288,117446899,0,49,54,,https://sra-downloadb.be-md.ncbi.nlm.nih.gov/sos13/sra-pub-zq-1307/SRR029/29244/SRR29244537/SRR29244537.lite.1,SRX24763096,GSM8297974,RNA-Seq,cDNA,TRANSCRIPTOMIC,SINGLE,0,0,ILLUMINA,Illumina NovaSeq 6000,SRP479194,PRJNA1055047,3,1055047,SRS21482623,SAMN41607367,simple,208963,Pseudomonas aeruginosa UCBPP-PA14,GSM8297974,,,,,,,no,,,,,"HUNG LAB, MOLECULAR BIOLOGY, MASSACHUSETTS GENERAL HOSPITAL",SRA1883722,,public,974B4DEF6FEBD01DC4F036E6A2D91DEE,AC8E58C2FB26C01C95CE1400BBF8E3D7
SRR29244534,2024-10-11 21:38:10,2024-05-31 07:19:04,2156811,88429251,0,41,38,,https://sra-downloadb.be-md.ncbi.nlm.nih.gov/sos13/sra-pub-zq-1307/SRR029/29244/SRR29244534/SRR29244534.lite.1,SRX24763097,GSM8297975,RNA-Seq,cDNA,TRANSCRIPTOMIC,SINGLE,0,0,ILLUMINA,Illumina NovaSeq 6000,SRP479194,PRJNA1055047,3,1055047,SRS21482624,SAMN41607366,simple,208963,Pseudomonas aeruginosa UCBPP-PA14,GSM8297975,,,,,,,no,,,,,"HUNG LAB, MOLECULAR BIOLOGY, MASSACHUSETTS GENERAL HOSPITAL",SRA1883722,,public,EBAFF55CF9A6D728FE9B9039E88825B6,F0589853B3971C17D0D83C3A65A6D4FA
SRR29244535,2024-10-11 21:38:10,2024-05-31 07:19:43,2156811,106288499,0,49,49,,https://sra-downloadb.be-md.ncbi.nlm.nih.gov/sos13/sra-pub-zq-1307/SRR029/29244/SRR29244535/SRR29244535.lite.1,SRX24763097,GSM8297975,RNA-Seq,cDNA,TRANSCRIPTOMIC,SINGLE,0,0,ILLUMINA,Illumina NovaSeq 6000,SRP479194,PRJNA1055047,3,1055047,SRS21482624,SAMN41607366,simple,208963,Pseudomonas aeruginosa UCBPP-PA14,GSM8297975,,,,,,,no,,,,,"HUNG LAB, MOLECULAR BIOLOGY, MASSACHUSETTS GENERAL HOSPITAL",SRA1883722,,public,8BDA4C570A791C6DFC1549EE37D81515,A45B4075C71B25452C7BB16479F49201
SRR29244532,2024-10-11 21:38:10,2024-05-31 07:19:39,2240780,91871980,0,41,40,,https://sra-downloadb.be-md.ncbi.nlm.nih.gov/sos13/sra-pub-zq-1307/SRR029/29244/SRR29244532/SRR29244532.lite.1,SRX24763098,GSM8297976,RNA-Seq,cDNA,TRANSCRIPTOMIC,SINGLE,0,0,ILLUMINA,Illumina NovaSeq 6000,SRP479194,PRJNA1055047,3,1055047,SRS21482625,SAMN41607365,simple,208963,Pseudomonas aeruginosa UCBPP-PA14,GSM8297976,,,,,,,no,,,,,"HUNG LAB, MOLECULAR BIOLOGY, MASSACHUSETTS GENERAL HOSPITAL",SRA1883722,,public,C485899FAC8C4C03A0411B1D3DFF608A,C86BD8E7788301ABC68D2816C85D2D29
SRR29244533,2024-10-11 21:38:10,2024-05-31 07:20:08,2240780,110146802,0,49,51,,https://sra-downloadb.be-md.ncbi.nlm.nih.gov/sos13/sra-pub-zq-1307/SRR029/29244/SRR29244533/SRR29244533.lite.1,SRX24763098,GSM8297976,RNA-Seq,cDNA,TRANSCRIPTOMIC,SINGLE,0,0,ILLUMINA,Illumina NovaSeq 6000,SRP479194,PRJNA1055047,3,1055047,SRS21482625,SAMN41607365,simple,208963,Pseudomonas aeruginosa UCBPP-PA14,GSM8297976,,,,,,,no,,,,,"HUNG LAB, MOLECULAR BIOLOGY, MASSACHUSETTS GENERAL HOSPITAL",SRA1883722,,public,312B0C0C9FA7F07267CDB9B093E38910,EF1829495010685E5F83F5EB856E036A
SRR29244531,2024-10-11 21:38:17,2024-05-31 07:19:32,4588989,415887578,4588989,90,140,,https://sra-downloadb.be-md.ncbi.nlm.nih.gov/sos13/sra-pub-zq-1307/SRR029/29244/SRR29244531/SRR29244531.lite.1,SRX24763099,GSM8298025,RNA-Seq,cDNA,TRANSCRIPTOMIC,PAIRED,0,0,ILLUMINA,Illumina NovaSeq 6000,SRP479194,PRJNA1055047,3,1055047,SRS21482626,SAMN41607316,simple,208963,Pseudomonas aeruginosa UCBPP-PA14,GSM8298025,,,,,,,no,,,,,"HUNG LAB, MOLECULAR BIOLOGY, MASSACHUSETTS GENERAL HOSPITAL",SRA1883722,,public,1C5EA10508CDB605F8059D30CF0F1D7C,328A1ECD45984E6CDE147714789CA443
SRR29244530,2024-10-11 21:38:17,2024-05-31 07:19:50,4596903,416367621,4596903,90,142,,https://sra-downloadb.be-md.ncbi.nlm.nih.gov/sos13/sra-pub-zq-1307/SRR029/29244/SRR29244530/SRR29244530.lite.1,SRX24763100,GSM8298026,RNA-Seq,cDNA,TRANSCRIPTOMIC,PAIRED,0,0,ILLUMINA,Illumina NovaSeq 6000,SRP479194,PRJNA1055047,3,1055047,SRS21482628,SAMN41607315,simple,208963,Pseudomonas aeruginosa UCBPP-PA14,GSM8298026,,,,,,,no,,,,,"HUNG LAB, MOLECULAR BIOLOGY, MASSACHUSETTS GENERAL HOSPITAL",SRA1883722,,public,B0CBFE8C7D253B273712E6C50DB7BD58,4EFA49F6EE486C3EC4C73B325836C0B4
SRR29244529,2024-10-11 21:38:17,2024-05-31 07:20:10,4483695,405758584,4483695,90,139,,https://sra-downloadb.be-md.ncbi.nlm.nih.gov/sos13/sra-pub-zq-1307/SRR029/29244/SRR29244529/SRR29244529.lite.1,SRX24763101,GSM8298027,RNA-Seq,cDNA,TRANSCRIPTOMIC,PAIRED,0,0,ILLUMINA,Illumina NovaSeq 6000,SRP479194,PRJNA1055047,3,1055047,SRS21482627,SAMN41607314,simple,208963,Pseudomonas aeruginosa UCBPP-PA14,GSM8298027,,,,,,,no,,,,,"HUNG LAB, MOLECULAR BIOLOGY, MASSACHUSETTS GENERAL HOSPITAL",SRA1883722,,public,39949DF2FADD9AD5A264804DC3AC93DC,EB9C1F106F8A3C911D6842D9B6DD5DCF
SRR29244528,2024-10-11 21:38:17,2024-05-31 07:19:56,5500236,498484800,5500236,90,166,,https://sra-downloadb.be-md.ncbi.nlm.nih.gov/sos13/sra-pub-zq-1307/SRR029/29244/SRR29244528/SRR29244528.lite.1,SRX24763102,GSM8298028,RNA-Seq,cDNA,TRANSCRIPTOMIC,PAIRED,0,0,ILLUMINA,Illumina NovaSeq 6000,SRP479194,PRJNA1055047,3,1055047,SRS21482629,SAMN41607313,simple,208963,Pseudomonas aeruginosa UCBPP-PA14,GSM8298028,,,,,,,no,,,,,"HUNG LAB, MOLECULAR BIOLOGY, MASSACHUSETTS GENERAL HOSPITAL",SRA1883722,,public,A26F97FFDFE24501AA15E3A38AD18171,DA1D35E4031EFF4D74C24824ECE89BC8
SRR29244527,2024-10-11 21:38:17,2024-05-31 07:19:32,2509086,226853619,2509086,90,77,,https://sra-downloadb.be-md.ncbi.nlm.nih.gov/sos13/sra-pub-zq-1307/SRR029/29244/SRR29244527/SRR29244527.lite.1,SRX24763103,GSM8298029,RNA-Seq,cDNA,TRANSCRIPTOMIC,PAIRED,0,0,ILLUMINA,Illumina NovaSeq 6000,SRP479194,PRJNA1055047,3,1055047,SRS21482630,SAMN41607312,simple,208963,Pseudomonas aeruginosa UCBPP-PA14,GSM8298029,,,,,,,no,,,,,"HUNG LAB, MOLECULAR BIOLOGY, MASSACHUSETTS GENERAL HOSPITAL",SRA1883722,,public,CB23AF808864096F1DC1FAE0C4C0F3AC,525D815EA35236587A009910E48B361F
SRR29244526,2024-10-11 21:38:17,2024-05-31 07:19:31,5661659,513139604,5661659,90,175,,https://sra-downloadb.be-md.ncbi.nlm.nih.gov/sos13/sra-pub-zq-1307/SRR029/29244/SRR29244526/SRR29244526.lite.1,SRX24763104,GSM8298030,RNA-Seq,cDNA,TRANSCRIPTOMIC,PAIRED,0,0,ILLUMINA,Illumina NovaSeq 6000,SRP479194,PRJNA1055047,3,1055047,SRS21482631,SAMN41607311,simple,208963,Pseudomonas aeruginosa UCBPP-PA14,GSM8298030,,,,,,,no,,,,,"HUNG LAB, MOLECULAR BIOLOGY, MASSACHUSETTS GENERAL HOSPITAL",SRA1883722,,public,C56382E02473F5796747382671B3815C,FE853D9A7AC1C619B608166C18B97CD0
SRR29244525,2024-10-11 21:38:17,2024-05-31 07:19:33,6102371,552971234,6102371,90,188,,https://sra-downloadb.be-md.ncbi.nlm.nih.gov/sos13/sra-pub-zq-1307/SRR029/29244/SRR29244525/SRR29244525.lite.1,SRX24763105,GSM8298031,RNA-Seq,cDNA,TRANSCRIPTOMIC,PAIRED,0,0,ILLUMINA,Illumina NovaSeq 6000,SRP479194,PRJNA1055047,3,1055047,SRS21482632,SAMN41607310,simple,208963,Pseudomonas aeruginosa UCBPP-PA14,GSM8298031,,,,,,,no,,,,,"HUNG LAB, MOLECULAR BIOLOGY, MASSACHUSETTS GENERAL HOSPITAL",SRA1883722,,public,015575B8DC5A519E77E176D5A65F104B,7434B012877740B559A43B59522A196E
SRR29244524,2024-10-11 21:38:18,2024-05-31 07:19:51,5698348,516128784,5698348,90,178,,https://sra-downloadb.be-md.ncbi.nlm.nih.gov/sos13/sra-pub-zq-1307/SRR029/29244/SRR29244524/SRR29244524.lite.1,SRX24763106,GSM8298032,RNA-Seq,cDNA,TRANSCRIPTOMIC,PAIRED,0,0,ILLUMINA,Illumina NovaSeq 6000,SRP479194,PRJNA1055047,3,1055047,SRS21482633,SAMN41607309,simple,208963,Pseudomonas aeruginosa UCBPP-PA14,GSM8298032,,,,,,,no,,,,,"HUNG LAB, MOLECULAR BIOLOGY, MASSACHUSETTS GENERAL HOSPITAL",SRA1883722,,public,9BA7845F08EAF69B4B82F154A6F6C7D7,98A9C6A096F432A967240AF9E02DDF4D
SRR29244523,2024-10-11 21:38:18,2024-05-31 07:20:03,5227924,473432237,5227924,90,164,,https://sra-downloadb.be-md.ncbi.nlm.nih.gov/sos13/sra-pub-zq-1307/SRR029/29244/SRR29244523/SRR29244523.lite.1,SRX24763107,GSM8298033,RNA-Seq,cDNA,TRANSCRIPTOMIC,PAIRED,0,0,ILLUMINA,Illumina NovaSeq 6000,SRP479194,PRJNA1055047,3,1055047,SRS21482634,SAMN41607308,simple,208963,Pseudomonas aeruginosa UCBPP-PA14,GSM8298033,,,,,,,no,,,,,"HUNG LAB, MOLECULAR BIOLOGY, MASSACHUSETTS GENERAL HOSPITAL",SRA1883722,,public,258DEC0F27977580453C2866752A41E9,717DD9BE4A8412CFB732DBA48347D28E
SRR29244522,2024-10-11 21:38:18,2024-05-31 07:20:19,7185030,651112063,7185030,90,218,,https://sra-downloadb.be-md.ncbi.nlm.nih.gov/sos13/sra-pub-zq-1307/SRR029/29244/SRR29244522/SRR29244522.lite.1,SRX24763108,GSM8298034,RNA-Seq,cDNA,TRANSCRIPTOMIC,PAIRED,0,0,ILLUMINA,Illumina NovaSeq 6000,SRP479194,PRJNA1055047,3,1055047,SRS21482635,SAMN41607307,simple,208963,Pseudomonas aeruginosa UCBPP-PA14,GSM8298034,,,,,,,no,,,,,"HUNG LAB, MOLECULAR BIOLOGY, MASSACHUSETTS GENERAL HOSPITAL",SRA1883722,,public,18F3479B559B8A071A0B8B1AA525607C,C7859EDD7E32873969E94422A7376A1B
SRR29244521,2024-10-11 21:38:18,2024-05-31 07:19:31,3055210,276095071,3055210,90,94,,https://sra-downloadb.be-md.ncbi.nlm.nih.gov/sos13/sra-pub-zq-1307/SRR029/29244/SRR29244521/SRR29244521.lite.1,SRX24763109,GSM8298035,RNA-Seq,cDNA,TRANSCRIPTOMIC,PAIRED,0,0,ILLUMINA,Illumina NovaSeq 6000,SRP479194,PRJNA1055047,3,1055047,SRS21482637,SAMN41607306,simple,208963,Pseudomonas aeruginosa UCBPP-PA14,GSM8298035,,,,,,,no,,,,,"HUNG LAB, MOLECULAR BIOLOGY, MASSACHUSETTS GENERAL HOSPITAL",SRA1883722,,public,18F1EB10A6D4B70993C691929A536E53,F6F540378D00FA3D616D698595C7108C
SRR29244520,2024-10-11 21:38:18,2024-05-31 07:19:59,1787746,161905975,1787746,90,54,,https://sra-downloadb.be-md.ncbi.nlm.nih.gov/sos13/sra-pub-zq-1307/SRR029/29244/SRR29244520/SRR29244520.lite.1,SRX24763110,GSM8298036,RNA-Seq,cDNA,TRANSCRIPTOMIC,PAIRED,0,0,ILLUMINA,Illumina NovaSeq 6000,SRP479194,PRJNA1055047,3,1055047,SRS21482636,SAMN41607305,simple,208963,Pseudomonas aeruginosa UCBPP-PA14,GSM8298036,,,,,,,no,,,,,"HUNG LAB, MOLECULAR BIOLOGY, MASSACHUSETTS GENERAL HOSPITAL",SRA1883722,,public,441DACC77E69A53DDB7749AD392EE0B7,C2D9CE5C3A9E4F59B2A67FAA4B9FD3E4
SRR29244519,2024-10-11 21:38:18,2024-05-31 07:20:04,6939988,628915186,6939988,90,210,,https://sra-downloadb.be-md.ncbi.nlm.nih.gov/sos13/sra-pub-zq-1307/SRR029/29244/SRR29244519/SRR29244519.lite.1,SRX24763111,GSM8298037,RNA-Seq,cDNA,TRANSCRIPTOMIC,PAIRED,0,0,ILLUMINA,Illumina NovaSeq 6000,SRP479194,PRJNA1055047,3,1055047,SRS21482638,SAMN41607304,simple,208963,Pseudomonas aeruginosa UCBPP-PA14,GSM8298037,,,,,,,no,,,,,"HUNG LAB, MOLECULAR BIOLOGY, MASSACHUSETTS GENERAL HOSPITAL",SRA1883722,,public,33445EFF5F4FF46AED0CD8D73DC465CC,BE69E7EEC0BF985E01B8038B0917BF5C
SRR29244518,2024-10-11 21:38:18,2024-05-31 07:19:36,2447571,221219618,2447571,90,75,,https://sra-downloadb.be-md.ncbi.nlm.nih.gov/sos13/sra-pub-zq-1307/SRR029/29244/SRR29244518/SRR29244518.lite.1,SRX24763112,GSM8298038,RNA-Seq,cDNA,TRANSCRIPTOMIC,PAIRED,0,0,ILLUMINA,Illumina NovaSeq 6000,SRP479194,PRJNA1055047,3,1055047,SRS21482640,SAMN41607303,simple,208963,Pseudomonas aeruginosa UCBPP-PA14,GSM8298038,,,,,,,no,,,,,"HUNG LAB, MOLECULAR BIOLOGY, MASSACHUSETTS GENERAL HOSPITAL",SRA1883722,,public,6FA3A6D6E1825579250D7D9CEBF937EB,70C41E60FCAABDC54AB2B0A4FED2E1A5
SRR29244517,2024-10-11 21:38:18,2024-05-31 07:20:22,6082870,551044871,6082870,90,184,,https://sra-downloadb.be-md.ncbi.nlm.nih.gov/sos13/sra-pub-zq-1307/SRR029/29244/SRR29244517/SRR29244517.lite.1,SRX24763113,GSM8298039,RNA-Seq,cDNA,TRANSCRIPTOMIC,PAIRED,0,0,ILLUMINA,Illumina NovaSeq 6000,SRP479194,PRJNA1055047,3,1055047,SRS21482639,SAMN41607302,simple,208963,Pseudomonas aeruginosa UCBPP-PA14,GSM8298039,,,,,,,no,,,,,"HUNG LAB, MOLECULAR BIOLOGY, MASSACHUSETTS GENERAL HOSPITAL",SRA1883722,,public,92DB75ED8CEA709153513B99113C7172,7536E17C8AD2BF81DF085666A1CCC5CC
SRR29244516,2024-10-11 21:38:19,2024-05-31 07:19:11,3827587,346830903,3827587,90,117,,https://sra-downloadb.be-md.ncbi.nlm.nih.gov/sos13/sra-pub-zq-1307/SRR029/29244/SRR29244516/SRR29244516.lite.1,SRX24763114,GSM8298040,RNA-Seq,cDNA,TRANSCRIPTOMIC,PAIRED,0,0,ILLUMINA,Illumina NovaSeq 6000,SRP479194,PRJNA1055047,3,1055047,SRS21482641,SAMN41607301,simple,208963,Pseudomonas aeruginosa UCBPP-PA14,GSM8298040,,,,,,,no,,,,,"HUNG LAB, MOLECULAR BIOLOGY, MASSACHUSETTS GENERAL HOSPITAL",SRA1883722,,public,0E8B9FFDD54733325628F98BC2DCE00A,2C2F188F336CD113231B73AB7E9AB90F
SRR29244515,2024-10-11 21:38:25,2024-05-31 07:20:34,7425642,672629667,7425642,90,229,,https://sra-downloadb.be-md.ncbi.nlm.nih.gov/sos13/sra-pub-zq-1307/SRR029/29244/SRR29244515/SRR29244515.lite.1,SRX24763115,GSM8298089,RNA-Seq,cDNA,TRANSCRIPTOMIC,PAIRED,0,0,ILLUMINA,Illumina NovaSeq 6000,SRP479194,PRJNA1055047,3,1055047,SRS21482642,SAMN41607252,simple,208963,Pseudomonas aeruginosa UCBPP-PA14,GSM8298089,,,,,,,no,,,,,"HUNG LAB, MOLECULAR BIOLOGY, MASSACHUSETTS GENERAL HOSPITAL",SRA1883722,,public,33476E7FADB62967A7ED3C258AE0D564,DCD92792124CF8659F500DA991DBE736
SRR29244514,2024-10-11 21:38:25,2024-05-31 07:20:43,5989483,542278659,5989483,90,186,,https://sra-downloadb.be-md.ncbi.nlm.nih.gov/sos13/sra-pub-zq-1307/SRR029/29244/SRR29244514/SRR29244514.lite.1,SRX24763116,GSM8298090,RNA-Seq,cDNA,TRANSCRIPTOMIC,PAIRED,0,0,ILLUMINA,Illumina NovaSeq 6000,SRP479194,PRJNA1055047,3,1055047,SRS21482643,SAMN41607251,simple,208963,Pseudomonas aeruginosa UCBPP-PA14,GSM8298090,,,,,,,no,,,,,"HUNG LAB, MOLECULAR BIOLOGY, MASSACHUSETTS GENERAL HOSPITAL",SRA1883722,,public,29D7D8AB3FBBD3CFD0956B1D9197394F,98515282E85003FEDE2EB743A7A18337
SRR29244513,2024-10-11 21:38:25,2024-05-31 07:19:32,2677184,242733490,2677184,90,82,,https://sra-downloadb.be-md.ncbi.nlm.nih.gov/sos13/sra-pub-zq-1307/SRR029/29244/SRR29244513/SRR29244513.lite.1,SRX24763117,GSM8298091,RNA-Seq,cDNA,TRANSCRIPTOMIC,PAIRED,0,0,ILLUMINA,Illumina NovaSeq 6000,SRP479194,PRJNA1055047,3,1055047,SRS21482644,SAMN41607250,simple,208963,Pseudomonas aeruginosa UCBPP-PA14,GSM8298091,,,,,,,no,,,,,"HUNG LAB, MOLECULAR BIOLOGY, MASSACHUSETTS GENERAL HOSPITAL",SRA1883722,,public,A1F2B00095F00813688BCC3E6B4A2916,2B8888C0F319FACEC759BF74E80C41F6
SRR29244512,2024-10-11 21:38:25,2024-05-31 07:19:16,1939914,175299610,1939914,90,59,,https://sra-downloadb.be-md.ncbi.nlm.nih.gov/sos13/sra-pub-zq-1307/SRR029/29244/SRR29244512/SRR29244512.lite.1,SRX24763118,GSM8298092,RNA-Seq,cDNA,TRANSCRIPTOMIC,PAIRED,0,0,ILLUMINA,Illumina NovaSeq 6000,SRP479194,PRJNA1055047,3,1055047,SRS21482645,SAMN41607249,simple,208963,Pseudomonas aeruginosa UCBPP-PA14,GSM8298092,,,,,,,no,,,,,"HUNG LAB, MOLECULAR BIOLOGY, MASSACHUSETTS GENERAL HOSPITAL",SRA1883722,,public,300E522249F542FC61ACEF9697F6A60B,04CFAFA333CC44933758E19AA396C234
SRR29244511,2024-10-11 21:38:25,2024-05-31 07:19:40,5128247,464887468,5128247,90,157,,https://sra-downloadb.be-md.ncbi.nlm.nih.gov/sos13/sra-pub-zq-1307/SRR029/29244/SRR29244511/SRR29244511.lite.1,SRX24763119,GSM8298093,RNA-Seq,cDNA,TRANSCRIPTOMIC,PAIRED,0,0,ILLUMINA,Illumina NovaSeq 6000,SRP479194,PRJNA1055047,3,1055047,SRS21482646,SAMN41607248,simple,208963,Pseudomonas aeruginosa UCBPP-PA14,GSM8298093,,,,,,,no,,,,,"HUNG LAB, MOLECULAR BIOLOGY, MASSACHUSETTS GENERAL HOSPITAL",SRA1883722,,public,EBEF646EA23D9B01A9F951D0D6BE6FA0,6CF0A2B80929D9C407EC82AC2D4E00BF
SRR29244510,2024-10-11 21:38:25,2024-05-31 07:19:48,4103668,371959247,4103668,90,126,,https://sra-downloadb.be-md.ncbi.nlm.nih.gov/sos13/sra-pub-zq-1307/SRR029/29244/SRR29244510/SRR29244510.lite.1,SRX24763120,GSM8298094,RNA-Seq,cDNA,TRANSCRIPTOMIC,PAIRED,0,0,ILLUMINA,Illumina NovaSeq 6000,SRP479194,PRJNA1055047,3,1055047,SRS21482647,SAMN41607247,simple,208963,Pseudomonas aeruginosa UCBPP-PA14,GSM8298094,,,,,,,no,,,,,"HUNG LAB, MOLECULAR BIOLOGY, MASSACHUSETTS GENERAL HOSPITAL",SRA1883722,,public,D7A42856BAFDD60055FD3A05232444BD,B562A86D898BF4AE9581035E31803B9F
SRR29244509,2024-10-11 21:38:25,2024-05-31 07:19:44,4222920,381655798,4222920,90,130,,https://sra-downloadb.be-md.ncbi.nlm.nih.gov/sos13/sra-pub-zq-1307/SRR029/29244/SRR29244509/SRR29244509.lite.1,SRX24763121,GSM8298095,RNA-Seq,cDNA,TRANSCRIPTOMIC,PAIRED,0,0,ILLUMINA,Illumina NovaSeq 6000,SRP479194,PRJNA1055047,3,1055047,SRS21482649,SAMN41607246,simple,208963,Pseudomonas aeruginosa UCBPP-PA14,GSM8298095,,,,,,,no,,,,,"HUNG LAB, MOLECULAR BIOLOGY, MASSACHUSETTS GENERAL HOSPITAL",SRA1883722,,public,A70B52D959FD9EB2D87E78EDC317AA6E,66E5C4E7DFA36B77BE6151E349A32195
SRR29244508,2024-10-11 21:38:25,2024-05-31 07:20:02,7356307,666858330,7356307,90,226,,https://sra-downloadb.be-md.ncbi.nlm.nih.gov/sos13/sra-pub-zq-1307/SRR029/29244/SRR29244508/SRR29244508.lite.1,SRX24763122,GSM8298096,RNA-Seq,cDNA,TRANSCRIPTOMIC,PAIRED,0,0,ILLUMINA,Illumina NovaSeq 6000,SRP479194,PRJNA1055047,3,1055047,SRS21482648,SAMN41607245,simple,208963,Pseudomonas aeruginosa UCBPP-PA14,GSM8298096,,,,,,,no,,,,,"HUNG LAB, MOLECULAR BIOLOGY, MASSACHUSETTS GENERAL HOSPITAL",SRA1883722,,public,341400016B55EEA433FC5853F1864BC0,84087E8FA6539880F23F34FD441D6352
SRR29244507,2024-10-11 21:38:26,2024-05-31 07:20:05,2034823,184273716,2034823,90,62,,https://sra-downloadb.be-md.ncbi.nlm.nih.gov/sos13/sra-pub-zq-1307/SRR029/29244/SRR29244507/SRR29244507.lite.1,SRX24763123,GSM8298097,RNA-Seq,cDNA,TRANSCRIPTOMIC,PAIRED,0,0,ILLUMINA,Illumina NovaSeq 6000,SRP479194,PRJNA1055047,3,1055047,SRS21482651,SAMN41607244,simple,208963,Pseudomonas aeruginosa UCBPP-PA14,GSM8298097,,,,,,,no,,,,,"HUNG LAB, MOLECULAR BIOLOGY, MASSACHUSETTS GENERAL HOSPITAL",SRA1883722,,public,9F6EC88D441076ED959377CD8A271CBC,9D1BD3AEC4768A8CB88B9A44CFE3A583
SRR29244506,2024-10-11 21:38:26,2024-05-31 07:19:11,4438782,401927867,4438782,90,138,,https://sra-downloadb.be-md.ncbi.nlm.nih.gov/sos13/sra-pub-zq-1307/SRR029/29244/SRR29244506/SRR29244506.lite.1,SRX24763124,GSM8298098,RNA-Seq,cDNA,TRANSCRIPTOMIC,PAIRED,0,0,ILLUMINA,Illumina NovaSeq 6000,SRP479194,PRJNA1055047,3,1055047,SRS21482652,SAMN41607243,simple,208963,Pseudomonas aeruginosa UCBPP-PA14,GSM8298098,,,,,,,no,,,,,"HUNG LAB, MOLECULAR BIOLOGY, MASSACHUSETTS GENERAL HOSPITAL",SRA1883722,,public,5276782DB88F6547DC788C8370373C8C,4754EAFD9594992EBF75C29D25845E11
SRR29244505,2024-10-11 21:38:26,2024-05-31 07:19:08,4094928,370604562,4094928,90,127,,https://sra-downloadb.be-md.ncbi.nlm.nih.gov/sos13/sra-pub-zq-1307/SRR029/29244/SRR29244505/SRR29244505.lite.1,SRX24763125,GSM8298099,RNA-Seq,cDNA,TRANSCRIPTOMIC,PAIRED,0,0,ILLUMINA,Illumina NovaSeq 6000,SRP479194,PRJNA1055047,3,1055047,SRS21482650,SAMN41607242,simple,208963,Pseudomonas aeruginosa UCBPP-PA14,GSM8298099,,,,,,,no,,,,,"HUNG LAB, MOLECULAR BIOLOGY, MASSACHUSETTS GENERAL HOSPITAL",SRA1883722,,public,072D53B3C91ACF8F17CE212F402C477B,C98F4C6DCB502BB3AFE7703465055487
SRR29244504,2024-10-11 21:38:26,2024-05-31 07:19:29,2577443,233423393,2577443,90,78,,https://sra-downloadb.be-md.ncbi.nlm.nih.gov/sos13/sra-pub-zq-1307/SRR029/29244/SRR29244504/SRR29244504.lite.1,SRX24763126,GSM8298100,RNA-Seq,cDNA,TRANSCRIPTOMIC,PAIRED,0,0,ILLUMINA,Illumina NovaSeq 6000,SRP479194,PRJNA1055047,3,1055047,SRS21482653,SAMN41607241,simple,208963,Pseudomonas aeruginosa UCBPP-PA14,GSM8298100,,,,,,,no,,,,,"HUNG LAB, MOLECULAR BIOLOGY, MASSACHUSETTS GENERAL HOSPITAL",SRA1883722,,public,F4BFEFFD91C9C2E58C43E40EE97C9C2C,3A2EBEDCD217B0AEBA071309B311C2E4
SRR29244503,2024-10-11 21:38:26,2024-05-31 07:20:03,3878942,351187444,3878942,90,120,,https://sra-downloadb.be-md.ncbi.nlm.nih.gov/sos13/sra-pub-zq-1307/SRR029/29244/SRR29244503/SRR29244503.lite.1,SRX24763127,GSM8298101,RNA-Seq,cDNA,TRANSCRIPTOMIC,PAIRED,0,0,ILLUMINA,Illumina NovaSeq 6000,SRP479194,PRJNA1055047,3,1055047,SRS21482654,SAMN41607240,simple,208963,Pseudomonas aeruginosa UCBPP-PA14,GSM8298101,,,,,,,no,,,,,"HUNG LAB, MOLECULAR BIOLOGY, MASSACHUSETTS GENERAL HOSPITAL",SRA1883722,,public,7256C1C0E1CDF4C95EF7923E4C04F9E9,6F03A8F479A6A7D48D49F0F844F03805
SRR29244502,2024-10-11 21:38:26,2024-05-31 07:19:20,2119555,191776145,2119555,90,65,,https://sra-downloadb.be-md.ncbi.nlm.nih.gov/sos13/sra-pub-zq-1307/SRR029/29244/SRR29244502/SRR29244502.lite.1,SRX24763128,GSM8298102,RNA-Seq,cDNA,TRANSCRIPTOMIC,PAIRED,0,0,ILLUMINA,Illumina NovaSeq 6000,SRP479194,PRJNA1055047,3,1055047,SRS21482655,SAMN41607239,simple,208963,Pseudomonas aeruginosa UCBPP-PA14,GSM8298102,,,,,,,no,,,,,"HUNG LAB, MOLECULAR BIOLOGY, MASSACHUSETTS GENERAL HOSPITAL",SRA1883722,,public,EC3FB2A3AD4B2B78CE3876428FBBEDC4,DA008E71E938123B0EC283865FE873B9
SRR29244501,2024-10-11 21:38:26,2024-05-31 07:19:00,2525829,228869399,2525829,90,77,,https://sra-downloadb.be-md.ncbi.nlm.nih.gov/sos13/sra-pub-zq-1307/SRR029/29244/SRR29244501/SRR29244501.lite.1,SRX24763129,GSM8298103,RNA-Seq,cDNA,TRANSCRIPTOMIC,PAIRED,0,0,ILLUMINA,Illumina NovaSeq 6000,SRP479194,PRJNA1055047,3,1055047,SRS21482656,SAMN41607238,simple,208963,Pseudomonas aeruginosa UCBPP-PA14,GSM8298103,,,,,,,no,,,,,"HUNG LAB, MOLECULAR BIOLOGY, MASSACHUSETTS GENERAL HOSPITAL",SRA1883722,,public,46F27AB1F265BA94C5CC717EB37A6A58,FDD237896FFA165E456AEE75467901FA
SRR29244500,2024-10-11 21:38:26,2024-05-31 07:18:47,2245209,202878770,2245209,90,69,,https://sra-downloadb.be-md.ncbi.nlm.nih.gov/sos13/sra-pub-zq-1307/SRR029/29244/SRR29244500/SRR29244500.lite.1,SRX24763130,GSM8298104,RNA-Seq,cDNA,TRANSCRIPTOMIC,PAIRED,0,0,ILLUMINA,Illumina NovaSeq 6000,SRP479194,PRJNA1055047,3,1055047,SRS21482658,SAMN41607237,simple,208963,Pseudomonas aeruginosa UCBPP-PA14,GSM8298104,,,,,,,no,,,,,"HUNG LAB, MOLECULAR BIOLOGY, MASSACHUSETTS GENERAL HOSPITAL",SRA1883722,,public,FC7C533B144206A2711E349D630E406D,42616A28DB17EBBC522A87B67BAD7E0E
SRR29244499,2024-10-11 21:38:30,2024-05-31 07:19:08,5258743,476693549,5258743,90,160,,https://sra-downloadb.be-md.ncbi.nlm.nih.gov/sos13/sra-pub-zq-1307/SRR029/29244/SRR29244499/SRR29244499.lite.1,SRX24763131,GSM8298153,RNA-Seq,cDNA,TRANSCRIPTOMIC,PAIRED,0,0,ILLUMINA,Illumina NovaSeq 6000,SRP479194,PRJNA1055047,3,1055047,SRS21482657,SAMN41607188,simple,208963,Pseudomonas aeruginosa UCBPP-PA14,GSM8298153,,,,,,,no,,,,,"HUNG LAB, MOLECULAR BIOLOGY, MASSACHUSETTS GENERAL HOSPITAL",SRA1883722,,public,E3E47F6BC80F823E39F493B8455C6EA9,62CFE5B19FE6DE1D8F96B11FF3F4B463
SRR29244498,2024-10-11 21:38:30,2024-05-31 07:19:34,2567671,232612409,2567671,90,78,,https://sra-downloadb.be-md.ncbi.nlm.nih.gov/sos13/sra-pub-zq-1307/SRR029/29244/SRR29244498/SRR29244498.lite.1,SRX24763132,GSM8298154,RNA-Seq,cDNA,TRANSCRIPTOMIC,PAIRED,0,0,ILLUMINA,Illumina NovaSeq 6000,SRP479194,PRJNA1055047,3,1055047,SRS21482659,SAMN41607187,simple,208963,Pseudomonas aeruginosa UCBPP-PA14,GSM8298154,,,,,,,no,,,,,"HUNG LAB, MOLECULAR BIOLOGY, MASSACHUSETTS GENERAL HOSPITAL",SRA1883722,,public,E3D7FFBA7D0691597EDD7463A4C369E7,E962603040EA67AC4E2B90E5DD00EB68
SRR29244497,2024-10-11 21:38:30,2024-05-31 07:19:16,4318497,391170153,4318497,90,131,,https://sra-downloadb.be-md.ncbi.nlm.nih.gov/sos13/sra-pub-zq-1307/SRR029/29244/SRR29244497/SRR29244497.lite.1,SRX24763133,GSM8298155,RNA-Seq,cDNA,TRANSCRIPTOMIC,PAIRED,0,0,ILLUMINA,Illumina NovaSeq 6000,SRP479194,PRJNA1055047,3,1055047,SRS21482660,SAMN41607186,simple,208963,Pseudomonas aeruginosa UCBPP-PA14,GSM8298155,,,,,,,no,,,,,"HUNG LAB, MOLECULAR BIOLOGY, MASSACHUSETTS GENERAL HOSPITAL",SRA1883722,,public,9112F507320DAF67C04261421AB8716D,86392C595085D73E9ED3C95223FE01F0
SRR29244496,2024-10-11 21:38:30,2024-05-31 07:19:47,3122615,282540172,3122615,90,95,,https://sra-downloadb.be-md.ncbi.nlm.nih.gov/sos13/sra-pub-zq-1307/SRR029/29244/SRR29244496/SRR29244496.lite.1,SRX24763134,GSM8298156,RNA-Seq,cDNA,TRANSCRIPTOMIC,PAIRED,0,0,ILLUMINA,Illumina NovaSeq 6000,SRP479194,PRJNA1055047,3,1055047,SRS21482662,SAMN41607185,simple,208963,Pseudomonas aeruginosa UCBPP-PA14,GSM8298156,,,,,,,no,,,,,"HUNG LAB, MOLECULAR BIOLOGY, MASSACHUSETTS GENERAL HOSPITAL",SRA1883722,,public,CF520B6F81089B4EEBA1BDBC41FD1554,E2D6BCF58A220CDDBF1756AC8F2ACD93
SRR29244495,2024-10-11 21:38:30,2024-05-31 07:18:54,1478436,133953768,1478436,90,45,,https://sra-downloadb.be-md.ncbi.nlm.nih.gov/sos13/sra-pub-zq-1307/SRR029/29244/SRR29244495/SRR29244495.lite.1,SRX24763135,GSM8298157,RNA-Seq,cDNA,TRANSCRIPTOMIC,PAIRED,0,0,ILLUMINA,Illumina NovaSeq 6000,SRP479194,PRJNA1055047,3,1055047,SRS21482661,SAMN41607184,simple,208963,Pseudomonas aeruginosa UCBPP-PA14,GSM8298157,,,,,,,no,,,,,"HUNG LAB, MOLECULAR BIOLOGY, MASSACHUSETTS GENERAL HOSPITAL",SRA1883722,,public,C9DF8827AF3AAE2A742070C52D2753BA,EB92285AB9BF24358910885766B1E4DD
SRR29244494,2024-10-11 21:38:30,2024-05-31 07:18:56,1165439,105621687,1165439,90,35,,https://sra-downloadb.be-md.ncbi.nlm.nih.gov/sos13/sra-pub-zq-1307/SRR029/29244/SRR29244494/SRR29244494.lite.1,SRX24763136,GSM8298158,RNA-Seq,cDNA,TRANSCRIPTOMIC,PAIRED,0,0,ILLUMINA,Illumina NovaSeq 6000,SRP479194,PRJNA1055047,3,1055047,SRS21482664,SAMN41607183,simple,208963,Pseudomonas aeruginosa UCBPP-PA14,GSM8298158,,,,,,,no,,,,,"HUNG LAB, MOLECULAR BIOLOGY, MASSACHUSETTS GENERAL HOSPITAL",SRA1883722,,public,5A683367C388AAF73992F235955B6A5C,9264C01786C0F85FB39079C104A49D44
SRR29244493,2024-10-11 21:38:30,2024-05-31 07:18:57,1373113,124504388,1373113,90,42,,https://sra-downloadb.be-md.ncbi.nlm.nih.gov/sos13/sra-pub-zq-1307/SRR029/29244/SRR29244493/SRR29244493.lite.1,SRX24763137,GSM8298159,RNA-Seq,cDNA,TRANSCRIPTOMIC,PAIRED,0,0,ILLUMINA,Illumina NovaSeq 6000,SRP479194,PRJNA1055047,3,1055047,SRS21482663,SAMN41607182,simple,208963,Pseudomonas aeruginosa UCBPP-PA14,GSM8298159,,,,,,,no,,,,,"HUNG LAB, MOLECULAR BIOLOGY, MASSACHUSETTS GENERAL HOSPITAL",SRA1883722,,public,3543818D23A965571E129D33E3B94B7E,5B50C0B638D93B125E0E5DE224BDA802
SRR29244492,2024-10-11 21:38:31,2024-05-31 07:18:56,5247587,475577307,5247587,90,158,,https://sra-downloadb.be-md.ncbi.nlm.nih.gov/sos13/sra-pub-zq-1307/SRR029/29244/SRR29244492/SRR29244492.lite.1,SRX24763138,GSM8298160,RNA-Seq,cDNA,TRANSCRIPTOMIC,PAIRED,0,0,ILLUMINA,Illumina NovaSeq 6000,SRP479194,PRJNA1055047,3,1055047,SRS21482665,SAMN41607181,simple,208963,Pseudomonas aeruginosa UCBPP-PA14,GSM8298160,,,,,,,no,,,,,"HUNG LAB, MOLECULAR BIOLOGY, MASSACHUSETTS GENERAL HOSPITAL",SRA1883722,,public,88E04C50E5E6B67AB730EE0C47579E5E,15AB7C57556B4E2C07AB21DC95263B4F
SRR29244491,2024-10-11 21:38:31,2024-05-31 07:19:32,5056162,458323155,5056162,90,154,,https://sra-downloadb.be-md.ncbi.nlm.nih.gov/sos13/sra-pub-zq-1307/SRR029/29244/SRR29244491/SRR29244491.lite.1,SRX24763139,GSM8298161,RNA-Seq,cDNA,TRANSCRIPTOMIC,PAIRED,0,0,ILLUMINA,Illumina NovaSeq 6000,SRP479194,PRJNA1055047,3,1055047,SRS21482667,SAMN41607180,simple,208963,Pseudomonas aeruginosa UCBPP-PA14,GSM8298161,,,,,,,no,,,,,"HUNG LAB, MOLECULAR BIOLOGY, MASSACHUSETTS GENERAL HOSPITAL",SRA1883722,,public,DC8FABF73D7C3E390B6C7D91F27E6146,ACEF732EB660739BEAD845E0F338C096
SRR29244490,2024-10-11 21:38:31,2024-05-31 07:18:53,2024442,183326941,2024442,90,61,,https://sra-downloadb.be-md.ncbi.nlm.nih.gov/sos13/sra-pub-zq-1307/SRR029/29244/SRR29244490/SRR29244490.lite.1,SRX24763140,GSM8298162,RNA-Seq,cDNA,TRANSCRIPTOMIC,PAIRED,0,0,ILLUMINA,Illumina NovaSeq 6000,SRP479194,PRJNA1055047,3,1055047,SRS21482666,SAMN41607179,simple,208963,Pseudomonas aeruginosa UCBPP-PA14,GSM8298162,,,,,,,no,,,,,"HUNG LAB, MOLECULAR BIOLOGY, MASSACHUSETTS GENERAL HOSPITAL",SRA1883722,,public,193833DE1C837DAFD526604C62BBFE73,96B5D612539ABB5ED7095F27806107C0
SRR29244489,2024-10-11 21:38:31,2024-05-31 07:19:24,3172843,287477946,3172843,90,97,,https://sra-downloadb.be-md.ncbi.nlm.nih.gov/sos13/sra-pub-zq-1307/SRR029/29244/SRR29244489/SRR29244489.lite.1,SRX24763141,GSM8298163,RNA-Seq,cDNA,TRANSCRIPTOMIC,PAIRED,0,0,ILLUMINA,Illumina NovaSeq 6000,SRP479194,PRJNA1055047,3,1055047,SRS21482668,SAMN41607178,simple,208963,Pseudomonas aeruginosa UCBPP-PA14,GSM8298163,,,,,,,no,,,,,"HUNG LAB, MOLECULAR BIOLOGY, MASSACHUSETTS GENERAL HOSPITAL",SRA1883722,,public,085D4E51B23D666E2D4EA016B9AD75AC,54C8A953AA1264CED84FDEAE139F481D
SRR29244488,2024-10-11 21:38:31,2024-05-31 07:18:56,1771063,160199554,1771063,90,54,,https://sra-downloadb.be-md.ncbi.nlm.nih.gov/sos13/sra-pub-zq-1307/SRR029/29244/SRR29244488/SRR29244488.lite.1,SRX24763142,GSM8298164,RNA-Seq,cDNA,TRANSCRIPTOMIC,PAIRED,0,0,ILLUMINA,Illumina NovaSeq 6000,SRP479194,PRJNA1055047,3,1055047,SRS21482670,SAMN41607177,simple,208963,Pseudomonas aeruginosa UCBPP-PA14,GSM8298164,,,,,,,no,,,,,"HUNG LAB, MOLECULAR BIOLOGY, MASSACHUSETTS GENERAL HOSPITAL",SRA1883722,,public,973AB147C85B3B2329A277C6B11F1314,83069630BF83B2325EC7E9EC534F8281
SRR29244487,2024-10-11 21:38:31,2024-05-31 07:19:05,2262272,204899798,2262272,90,69,,https://sra-downloadb.be-md.ncbi.nlm.nih.gov/sos13/sra-pub-zq-1307/SRR029/29244/SRR29244487/SRR29244487.lite.1,SRX24763143,GSM8298165,RNA-Seq,cDNA,TRANSCRIPTOMIC,PAIRED,0,0,ILLUMINA,Illumina NovaSeq 6000,SRP479194,PRJNA1055047,3,1055047,SRS21482669,SAMN41607176,simple,208963,Pseudomonas aeruginosa UCBPP-PA14,GSM8298165,,,,,,,no,,,,,"HUNG LAB, MOLECULAR BIOLOGY, MASSACHUSETTS GENERAL HOSPITAL",SRA1883722,,public,C2B242E043C28687E4696D2C9208BE2F,62EE3BFFEC0146B5E7923DD0C965A107
SRR29244486,2024-10-11 21:38:31,2024-05-31 07:18:47,2467833,223582265,2467833,90,74,,https://sra-downloadb.be-md.ncbi.nlm.nih.gov/sos13/sra-pub-zq-1307/SRR029/29244/SRR29244486/SRR29244486.lite.1,SRX24763144,GSM8298166,RNA-Seq,cDNA,TRANSCRIPTOMIC,PAIRED,0,0,ILLUMINA,Illumina NovaSeq 6000,SRP479194,PRJNA1055047,3,1055047,SRS21482671,SAMN41607175,simple,208963,Pseudomonas aeruginosa UCBPP-PA14,GSM8298166,,,,,,,no,,,,,"HUNG LAB, MOLECULAR BIOLOGY, MASSACHUSETTS GENERAL HOSPITAL",SRA1883722,,public,DEB4AD64ED5133223A18A36555AD8DF5,02C050363816F339122D892A123E40AD
SRR29244485,2024-10-11 21:38:31,2024-05-31 07:15:56,3237587,293359299,3237587,90,98,,https://sra-downloadb.be-md.ncbi.nlm.nih.gov/sos13/sra-pub-zq-1307/SRR029/29244/SRR29244485/SRR29244485.lite.1,SRX24763145,GSM8298167,RNA-Seq,cDNA,TRANSCRIPTOMIC,PAIRED,0,0,ILLUMINA,Illumina NovaSeq 6000,SRP479194,PRJNA1055047,3,1055047,SRS21482672,SAMN41607174,simple,208963,Pseudomonas aeruginosa UCBPP-PA14,GSM8298167,,,,,,,no,,,,,"HUNG LAB, MOLECULAR BIOLOGY, MASSACHUSETTS GENERAL HOSPITAL",SRA1883722,,public,ECD8EAA329439C75E473AED754D9BFE6,0BCEF7262CF78DA94B7323DC19CFB0DD
SRR29244484,2024-10-11 21:38:31,2024-05-31 07:16:32,7756400,703072124,7756400,90,236,,https://sra-downloadb.be-md.ncbi.nlm.nih.gov/sos13/sra-pub-zq-1307/SRR029/29244/SRR29244484/SRR29244484.lite.1,SRX24763146,GSM8298168,RNA-Seq,cDNA,TRANSCRIPTOMIC,PAIRED,0,0,ILLUMINA,Illumina NovaSeq 6000,SRP479194,PRJNA1055047,3,1055047,SRS21482673,SAMN41607173,simple,208963,Pseudomonas aeruginosa UCBPP-PA14,GSM8298168,,,,,,,no,,,,,"HUNG LAB, MOLECULAR BIOLOGY, MASSACHUSETTS GENERAL HOSPITAL",SRA1883722,,public,34F373E23AB03C84504EF0215123C731,A8DE7408F75B6602EED56752F8C15A78
SRR29244856,2024-10-11 21:38:16,2024-05-31 07:22:31,2247201,203090099,2247201,90,69,,https://sra-downloadb.be-md.ncbi.nlm.nih.gov/sos13/sra-pub-zq-1307/SRR029/29244/SRR29244856/SRR29244856.lite.1,SRX24763192,GSM8298020,RNA-Seq,cDNA,TRANSCRIPTOMIC,PAIRED,0,0,ILLUMINA,Illumina NovaSeq 6000,SRP479194,PRJNA1055047,3,1055047,SRS21482721,SAMN41607321,simple,208963,Pseudomonas aeruginosa UCBPP-PA14,GSM8298020,,,,,,,no,,,,,"HUNG LAB, MOLECULAR BIOLOGY, MASSACHUSETTS GENERAL HOSPITAL",SRA1883722,,public,01D4431197C604D58B87C60CD9B800C9,A52E16FE6D8F8AC325EEFBADD738169D
SRR29244855,2024-10-11 21:38:16,2024-05-31 07:22:26,2443886,220775206,2443886,90,75,,https://sra-downloadb.be-md.ncbi.nlm.nih.gov/sos13/sra-pub-zq-1307/SRR029/29244/SRR29244855/SRR29244855.lite.1,SRX24763193,GSM8298021,RNA-Seq,cDNA,TRANSCRIPTOMIC,PAIRED,0,0,ILLUMINA,Illumina NovaSeq 6000,SRP479194,PRJNA1055047,3,1055047,SRS21482719,SAMN41607320,simple,208963,Pseudomonas aeruginosa UCBPP-PA14,GSM8298021,,,,,,,no,,,,,"HUNG LAB, MOLECULAR BIOLOGY, MASSACHUSETTS GENERAL HOSPITAL",SRA1883722,,public,6FDD0026F69960BEEDAADD02DA6AB8EC,5D663C945B9F5911D83DFE33FB5BF08B
SRR29244854,2024-10-11 21:38:16,2024-05-31 07:22:57,4386933,397523320,4386933,90,135,,https://sra-downloadb.be-md.ncbi.nlm.nih.gov/sos13/sra-pub-zq-1307/SRR029/29244/SRR29244854/SRR29244854.lite.1,SRX24763194,GSM8298022,RNA-Seq,cDNA,TRANSCRIPTOMIC,PAIRED,0,0,ILLUMINA,Illumina NovaSeq 6000,SRP479194,PRJNA1055047,3,1055047,SRS21482720,SAMN41607319,simple,208963,Pseudomonas aeruginosa UCBPP-PA14,GSM8298022,,,,,,,no,,,,,"HUNG LAB, MOLECULAR BIOLOGY, MASSACHUSETTS GENERAL HOSPITAL",SRA1883722,,public,BA1B0303926CEDCE3686DADB91C3A76C,A52C94161FE36F0FE9CD3AA7670A984E
SRR29244853,2024-10-11 21:38:16,2024-05-31 07:23:32,5418830,490726811,5418830,90,169,,https://sra-downloadb.be-md.ncbi.nlm.nih.gov/sos13/sra-pub-zq-1307/SRR029/29244/SRR29244853/SRR29244853.lite.1,SRX24763195,GSM8298023,RNA-Seq,cDNA,TRANSCRIPTOMIC,PAIRED,0,0,ILLUMINA,Illumina NovaSeq 6000,SRP479194,PRJNA1055047,3,1055047,SRS21482723,SAMN41607318,simple,208963,Pseudomonas aeruginosa UCBPP-PA14,GSM8298023,,,,,,,no,,,,,"HUNG LAB, MOLECULAR BIOLOGY, MASSACHUSETTS GENERAL HOSPITAL",SRA1883722,,public,17A16A71A0621DD4D754400DB8B773AF,869FE264998B902BBE971874F9C8B7C4
SRR29244852,2024-10-11 21:38:17,2024-05-31 07:23:20,4539993,411589841,4539993,90,141,,https://sra-downloadb.be-md.ncbi.nlm.nih.gov/sos13/sra-pub-zq-1307/SRR029/29244/SRR29244852/SRR29244852.lite.1,SRX24763196,GSM8298024,RNA-Seq,cDNA,TRANSCRIPTOMIC,PAIRED,0,0,ILLUMINA,Illumina NovaSeq 6000,SRP479194,PRJNA1055047,3,1055047,SRS21482722,SAMN41607317,simple,208963,Pseudomonas aeruginosa UCBPP-PA14,GSM8298024,,,,,,,no,,,,,"HUNG LAB, MOLECULAR BIOLOGY, MASSACHUSETTS GENERAL HOSPITAL",SRA1883722,,public,166714A21D35DEF02769B2B409AB2AA5,2771D238E5ED49446E617C58C8CFECBB
SRR29244851,2024-10-11 21:38:23,2024-05-31 07:22:36,1704569,154420445,1704569,90,52,,https://sra-downloadb.be-md.ncbi.nlm.nih.gov/sos13/sra-pub-zq-1307/SRR029/29244/SRR29244851/SRR29244851.lite.1,SRX24763197,GSM8298073,RNA-Seq,cDNA,TRANSCRIPTOMIC,PAIRED,0,0,ILLUMINA,Illumina NovaSeq 6000,SRP479194,PRJNA1055047,3,1055047,SRS21482724,SAMN41607268,simple,208963,Pseudomonas aeruginosa UCBPP-PA14,GSM8298073,,,,,,,no,,,,,"HUNG LAB, MOLECULAR BIOLOGY, MASSACHUSETTS GENERAL HOSPITAL",SRA1883722,,public,870EC99AF8B321DC34FE1553B49C7CCE,71795FCA3C526E83249C7E81D380B977
SRR29244850,2024-10-11 21:38:23,2024-05-31 07:22:30,1728660,156204905,1728660,90,53,,https://sra-downloadb.be-md.ncbi.nlm.nih.gov/sos13/sra-pub-zq-1307/SRR029/29244/SRR29244850/SRR29244850.lite.1,SRX24763198,GSM8298074,RNA-Seq,cDNA,TRANSCRIPTOMIC,PAIRED,0,0,ILLUMINA,Illumina NovaSeq 6000,SRP479194,PRJNA1055047,3,1055047,SRS21482726,SAMN41607267,simple,208963,Pseudomonas aeruginosa UCBPP-PA14,GSM8298074,,,,,,,no,,,,,"HUNG LAB, MOLECULAR BIOLOGY, MASSACHUSETTS GENERAL HOSPITAL",SRA1883722,,public,B1ED1D6E7EC25101AF3D4B3CD3978F87,D149B5002A4BBA33755B82E0D9133DC5
SRR29244849,2024-10-11 21:38:23,2024-05-31 07:22:40,4303231,390020138,4303231,90,131,,https://sra-downloadb.be-md.ncbi.nlm.nih.gov/sos13/sra-pub-zq-1307/SRR029/29244/SRR29244849/SRR29244849.lite.1,SRX24763199,GSM8298075,RNA-Seq,cDNA,TRANSCRIPTOMIC,PAIRED,0,0,ILLUMINA,Illumina NovaSeq 6000,SRP479194,PRJNA1055047,3,1055047,SRS21482725,SAMN41607266,simple,208963,Pseudomonas aeruginosa UCBPP-PA14,GSM8298075,,,,,,,no,,,,,"HUNG LAB, MOLECULAR BIOLOGY, MASSACHUSETTS GENERAL HOSPITAL",SRA1883722,,public,EBD18799718421D1DD7963F9244DC179,11BEEA78D12525B7FD3762227F352FB5
SRR29244848,2024-10-11 21:38:23,2024-05-31 07:22:37,2566788,232620948,2566788,90,79,,https://sra-downloadb.be-md.ncbi.nlm.nih.gov/sos13/sra-pub-zq-1307/SRR029/29244/SRR29244848/SRR29244848.lite.1,SRX24763200,GSM8298076,RNA-Seq,cDNA,TRANSCRIPTOMIC,PAIRED,0,0,ILLUMINA,Illumina NovaSeq 6000,SRP479194,PRJNA1055047,3,1055047,SRS21482727,SAMN41607265,simple,208963,Pseudomonas aeruginosa UCBPP-PA14,GSM8298076,,,,,,,no,,,,,"HUNG LAB, MOLECULAR BIOLOGY, MASSACHUSETTS GENERAL HOSPITAL",SRA1883722,,public,4E298866777DE9A9465819FE5AB52620,10596B919AFAAD57B2216DEB24586AF6
SRR29244847,2024-10-11 21:38:23,2024-05-31 07:22:06,2685575,242629110,2685575,90,82,,https://sra-downloadb.be-md.ncbi.nlm.nih.gov/sos13/sra-pub-zq-1307/SRR029/29244/SRR29244847/SRR29244847.lite.1,SRX24763201,GSM8298077,RNA-Seq,cDNA,TRANSCRIPTOMIC,PAIRED,0,0,ILLUMINA,Illumina NovaSeq 6000,SRP479194,PRJNA1055047,3,1055047,SRS21482728,SAMN41607264,simple,208963,Pseudomonas aeruginosa UCBPP-PA14,GSM8298077,,,,,,,no,,,,,"HUNG LAB, MOLECULAR BIOLOGY, MASSACHUSETTS GENERAL HOSPITAL",SRA1883722,,public,3187FDCAAB587DA02CC862AFEBB812C5,3D36F17E1C55C3E8F9DB393E580B6723
SRR29244846,2024-10-11 21:38:23,2024-05-31 07:22:49,5149376,466687324,5149376,90,158,,https://sra-downloadb.be-md.ncbi.nlm.nih.gov/sos13/sra-pub-zq-1307/SRR029/29244/SRR29244846/SRR29244846.lite.1,SRX24763202,GSM8298078,RNA-Seq,cDNA,TRANSCRIPTOMIC,PAIRED,0,0,ILLUMINA,Illumina NovaSeq 6000,SRP479194,PRJNA1055047,3,1055047,SRS21482729,SAMN41607263,simple,208963,Pseudomonas aeruginosa UCBPP-PA14,GSM8298078,,,,,,,no,,,,,"HUNG LAB, MOLECULAR BIOLOGY, MASSACHUSETTS GENERAL HOSPITAL",SRA1883722,,public,86083963244AE8E3F9282A3291C8EF21,29AA5593089F104CC519AB959B8DE76E
SRR29244845,2024-10-11 21:38:23,2024-05-31 07:22:41,2885448,261390477,2885448,90,88,,https://sra-downloadb.be-md.ncbi.nlm.nih.gov/sos13/sra-pub-zq-1307/SRR029/29244/SRR29244845/SRR29244845.lite.1,SRX24763203,GSM8298079,RNA-Seq,cDNA,TRANSCRIPTOMIC,PAIRED,0,0,ILLUMINA,Illumina NovaSeq 6000,SRP479194,PRJNA1055047,3,1055047,SRS21482730,SAMN41607262,simple,208963,Pseudomonas aeruginosa UCBPP-PA14,GSM8298079,,,,,,,no,,,,,"HUNG LAB, MOLECULAR BIOLOGY, MASSACHUSETTS GENERAL HOSPITAL",SRA1883722,,public,27FF6A14B4D3F3D6F4484FC06D398478,1B5B7CBB939E574CC0B90E7D474F6EA4
SRR29244844,2024-10-11 21:38:24,2024-05-31 07:22:35,4781839,432941341,4781839,90,148,,https://sra-downloadb.be-md.ncbi.nlm.nih.gov/sos13/sra-pub-zq-1307/SRR029/29244/SRR29244844/SRR29244844.lite.1,SRX24763204,GSM8298080,RNA-Seq,cDNA,TRANSCRIPTOMIC,PAIRED,0,0,ILLUMINA,Illumina NovaSeq 6000,SRP479194,PRJNA1055047,3,1055047,SRS21482731,SAMN41607261,simple,208963,Pseudomonas aeruginosa UCBPP-PA14,GSM8298080,,,,,,,no,,,,,"HUNG LAB, MOLECULAR BIOLOGY, MASSACHUSETTS GENERAL HOSPITAL",SRA1883722,,public,32C7114F911B0C2F98E3ECDAABA688F8,A7E66AD114AB38FF91EEE4BF00041558
SRR29244843,2024-10-11 21:38:24,2024-05-31 07:22:40,2611998,236434259,2611998,90,81,,https://sra-downloadb.be-md.ncbi.nlm.nih.gov/sos13/sra-pub-zq-1307/SRR029/29244/SRR29244843/SRR29244843.lite.1,SRX24763205,GSM8298081,RNA-Seq,cDNA,TRANSCRIPTOMIC,PAIRED,0,0,ILLUMINA,Illumina NovaSeq 6000,SRP479194,PRJNA1055047,3,1055047,SRS21482732,SAMN41607260,simple,208963,Pseudomonas aeruginosa UCBPP-PA14,GSM8298081,,,,,,,no,,,,,"HUNG LAB, MOLECULAR BIOLOGY, MASSACHUSETTS GENERAL HOSPITAL",SRA1883722,,public,808DE2E29497A44492F517393E3F0825,4968F766E310AB44977AAFEB3AE9E0A8
SRR29244842,2024-10-11 21:38:24,2024-05-31 07:22:27,1927445,174544944,1927445,90,59,,https://sra-downloadb.be-md.ncbi.nlm.nih.gov/sos13/sra-pub-zq-1307/SRR029/29244/SRR29244842/SRR29244842.lite.1,SRX24763206,GSM8298082,RNA-Seq,cDNA,TRANSCRIPTOMIC,PAIRED,0,0,ILLUMINA,Illumina NovaSeq 6000,SRP479194,PRJNA1055047,3,1055047,SRS21482734,SAMN41607259,simple,208963,Pseudomonas aeruginosa UCBPP-PA14,GSM8298082,,,,,,,no,,,,,"HUNG LAB, MOLECULAR BIOLOGY, MASSACHUSETTS GENERAL HOSPITAL",SRA1883722,,public,BFCFA14653B061D612C77C0800D21E52,A9B9ADD4578F1A50583FD3ED2BA388F2
SRR29244841,2024-10-11 21:38:24,2024-05-31 07:22:22,3623802,328059494,3623802,90,113,,https://sra-downloadb.be-md.ncbi.nlm.nih.gov/sos13/sra-pub-zq-1307/SRR029/29244/SRR29244841/SRR29244841.lite.1,SRX24763207,GSM8298083,RNA-Seq,cDNA,TRANSCRIPTOMIC,PAIRED,0,0,ILLUMINA,Illumina NovaSeq 6000,SRP479194,PRJNA1055047,3,1055047,SRS21482735,SAMN41607258,simple,208963,Pseudomonas aeruginosa UCBPP-PA14,GSM8298083,,,,,,,no,,,,,"HUNG LAB, MOLECULAR BIOLOGY, MASSACHUSETTS GENERAL HOSPITAL",SRA1883722,,public,CFD651A80C453B9575E01915FA7D3DC7,22AF98FE88EF0673FA7DFA93F93FAE92
SRR29244840,2024-10-11 21:38:24,2024-05-31 07:22:00,2485830,224919304,2485830,90,77,,https://sra-downloadb.be-md.ncbi.nlm.nih.gov/sos13/sra-pub-zq-1307/SRR029/29244/SRR29244840/SRR29244840.lite.1,SRX24763208,GSM8298084,RNA-Seq,cDNA,TRANSCRIPTOMIC,PAIRED,0,0,ILLUMINA,Illumina NovaSeq 6000,SRP479194,PRJNA1055047,3,1055047,SRS21482733,SAMN41607257,simple,208963,Pseudomonas aeruginosa UCBPP-PA14,GSM8298084,,,,,,,no,,,,,"HUNG LAB, MOLECULAR BIOLOGY, MASSACHUSETTS GENERAL HOSPITAL",SRA1883722,,public,43A80BFAB67AE127916FD86A11347FBC,DBA37131E07D1AA244875169C2BA9C70
SRR29244839,2024-10-11 21:38:24,2024-05-31 07:22:20,3131371,283787749,3131371,90,96,,https://sra-downloadb.be-md.ncbi.nlm.nih.gov/sos13/sra-pub-zq-1307/SRR029/29244/SRR29244839/SRR29244839.lite.1,SRX24763209,GSM8298085,RNA-Seq,cDNA,TRANSCRIPTOMIC,PAIRED,0,0,ILLUMINA,Illumina NovaSeq 6000,SRP479194,PRJNA1055047,3,1055047,SRS21482736,SAMN41607256,simple,208963,Pseudomonas aeruginosa UCBPP-PA14,GSM8298085,,,,,,,no,,,,,"HUNG LAB, MOLECULAR BIOLOGY, MASSACHUSETTS GENERAL HOSPITAL",SRA1883722,,public,C13CC9BB975954C025002995BC1AB9DF,71E17AD8A8A1E25BA04CBC05CEBC324C
SRR29244838,2024-10-11 21:38:24,2024-05-31 07:22:29,1834960,165742375,1834960,90,57,,https://sra-downloadb.be-md.ncbi.nlm.nih.gov/sos13/sra-pub-zq-1307/SRR029/29244/SRR29244838/SRR29244838.lite.1,SRX24763210,GSM8298086,RNA-Seq,cDNA,TRANSCRIPTOMIC,PAIRED,0,0,ILLUMINA,Illumina NovaSeq 6000,SRP479194,PRJNA1055047,3,1055047,SRS21482739,SAMN41607255,simple,208963,Pseudomonas aeruginosa UCBPP-PA14,GSM8298086,,,,,,,no,,,,,"HUNG LAB, MOLECULAR BIOLOGY, MASSACHUSETTS GENERAL HOSPITAL",SRA1883722,,public,3E554D535AAE051589BD75742EF10AD3,8172DD159433AB475E619C14246BD394
SRR29244837,2024-10-11 21:38:24,2024-05-31 07:21:50,524620,47553960,524620,90,16,,https://sra-downloadb.be-md.ncbi.nlm.nih.gov/sos13/sra-pub-zq-1307/SRR029/29244/SRR29244837/SRR29244837.lite.1,SRX24763211,GSM8298087,RNA-Seq,cDNA,TRANSCRIPTOMIC,PAIRED,0,0,ILLUMINA,Illumina NovaSeq 6000,SRP479194,PRJNA1055047,3,1055047,SRS21482738,SAMN41607254,simple,208963,Pseudomonas aeruginosa UCBPP-PA14,GSM8298087,,,,,,,no,,,,,"HUNG LAB, MOLECULAR BIOLOGY, MASSACHUSETTS GENERAL HOSPITAL",SRA1883722,,public,7281BBF2DAE931DBA8FAF96469760A99,D6018EA44ED25D0D175ABC0EC78727AF
SRR29244836,2024-10-11 21:38:24,2024-05-31 07:22:54,4305805,390208993,4305805,90,131,,https://sra-downloadb.be-md.ncbi.nlm.nih.gov/sos13/sra-pub-zq-1307/SRR029/29244/SRR29244836/SRR29244836.lite.1,SRX24763212,GSM8298088,RNA-Seq,cDNA,TRANSCRIPTOMIC,PAIRED,0,0,ILLUMINA,Illumina NovaSeq 6000,SRP479194,PRJNA1055047,3,1055047,SRS21482737,SAMN41607253,simple,208963,Pseudomonas aeruginosa UCBPP-PA14,GSM8298088,,,,,,,no,,,,,"HUNG LAB, MOLECULAR BIOLOGY, MASSACHUSETTS GENERAL HOSPITAL",SRA1883722,,public,DB34DC6736A5F9402D6AD9868E235AE0,D770315CDD021B5608F1A7ED4CFBC6D3
SRR29244835,2024-10-11 21:38:29,2024-05-31 07:22:24,5986527,542574637,5986527,90,183,,https://sra-downloadb.be-md.ncbi.nlm.nih.gov/sos13/sra-pub-zq-1307/SRR029/29244/SRR29244835/SRR29244835.lite.1,SRX24763213,GSM8298137,RNA-Seq,cDNA,TRANSCRIPTOMIC,PAIRED,0,0,ILLUMINA,Illumina NovaSeq 6000,SRP479194,PRJNA1055047,3,1055047,SRS21482740,SAMN41607204,simple,208963,Pseudomonas aeruginosa UCBPP-PA14,GSM8298137,,,,,,,no,,,,,"HUNG LAB, MOLECULAR BIOLOGY, MASSACHUSETTS GENERAL HOSPITAL",SRA1883722,,public,0184B0133689701D8C7494BAFB989BEA,7BB9F2A2F56B165DE912A4384C6783AD
SRR29244834,2024-10-11 21:38:29,2024-05-31 07:22:00,2440471,220899535,2440471,90,75,,https://sra-downloadb.be-md.ncbi.nlm.nih.gov/sos13/sra-pub-zq-1307/SRR029/29244/SRR29244834/SRR29244834.lite.1,SRX24763214,GSM8298138,RNA-Seq,cDNA,TRANSCRIPTOMIC,PAIRED,0,0,ILLUMINA,Illumina NovaSeq 6000,SRP479194,PRJNA1055047,3,1055047,SRS21482741,SAMN41607203,simple,208963,Pseudomonas aeruginosa UCBPP-PA14,GSM8298138,,,,,,,no,,,,,"HUNG LAB, MOLECULAR BIOLOGY, MASSACHUSETTS GENERAL HOSPITAL",SRA1883722,,public,A66DE8734405372D66E25A1DACA714A3,FB2EE62DFBB5F2C3605F14F704A3F19C
SRR29244833,2024-10-11 21:38:29,2024-05-31 07:21:48,1446594,131002416,1446594,90,44,,https://sra-downloadb.be-md.ncbi.nlm.nih.gov/sos13/sra-pub-zq-1307/SRR029/29244/SRR29244833/SRR29244833.lite.1,SRX24763215,GSM8298139,RNA-Seq,cDNA,TRANSCRIPTOMIC,PAIRED,0,0,ILLUMINA,Illumina NovaSeq 6000,SRP479194,PRJNA1055047,3,1055047,SRS21482742,SAMN41607202,simple,208963,Pseudomonas aeruginosa UCBPP-PA14,GSM8298139,,,,,,,no,,,,,"HUNG LAB, MOLECULAR BIOLOGY, MASSACHUSETTS GENERAL HOSPITAL",SRA1883722,,public,9263035CEF749762CB0C05B2E5A40EF2,EF99A8EB6CA1F3CE65E88421F002E4CF
SRR29244832,2024-10-11 21:38:29,2024-05-31 07:22:44,3101066,280832281,3101066,90,94,,https://sra-downloadb.be-md.ncbi.nlm.nih.gov/sos13/sra-pub-zq-1307/SRR029/29244/SRR29244832/SRR29244832.lite.1,SRX24763216,GSM8298140,RNA-Seq,cDNA,TRANSCRIPTOMIC,PAIRED,0,0,ILLUMINA,Illumina NovaSeq 6000,SRP479194,PRJNA1055047,3,1055047,SRS21482743,SAMN41607201,simple,208963,Pseudomonas aeruginosa UCBPP-PA14,GSM8298140,,,,,,,no,,,,,"HUNG LAB, MOLECULAR BIOLOGY, MASSACHUSETTS GENERAL HOSPITAL",SRA1883722,,public,D5C36A30E1475829354D16D4A38EC5A5,E5F28DBAAE67A43DCB91BBA8C1729233
SRR29244831,2024-10-11 21:38:29,2024-05-31 07:22:24,1522543,137733960,1522543,90,46,,https://sra-downloadb.be-md.ncbi.nlm.nih.gov/sos13/sra-pub-zq-1307/SRR029/29244/SRR29244831/SRR29244831.lite.1,SRX24763217,GSM8298141,RNA-Seq,cDNA,TRANSCRIPTOMIC,PAIRED,0,0,ILLUMINA,Illumina NovaSeq 6000,SRP479194,PRJNA1055047,3,1055047,SRS21482744,SAMN41607200,simple,208963,Pseudomonas aeruginosa UCBPP-PA14,GSM8298141,,,,,,,no,,,,,"HUNG LAB, MOLECULAR BIOLOGY, MASSACHUSETTS GENERAL HOSPITAL",SRA1883722,,public,424C4171BA10E24F339081675B263347,40EFA8C18B7D92653660AEF97ADE661B
SRR29244830,2024-10-11 21:38:29,2024-05-31 07:22:27,3158479,286306579,3158479,90,96,,https://sra-downloadb.be-md.ncbi.nlm.nih.gov/sos13/sra-pub-zq-1307/SRR029/29244/SRR29244830/SRR29244830.lite.1,SRX24763218,GSM8298142,RNA-Seq,cDNA,TRANSCRIPTOMIC,PAIRED,0,0,ILLUMINA,Illumina NovaSeq 6000,SRP479194,PRJNA1055047,3,1055047,SRS21482745,SAMN41607199,simple,208963,Pseudomonas aeruginosa UCBPP-PA14,GSM8298142,,,,,,,no,,,,,"HUNG LAB, MOLECULAR BIOLOGY, MASSACHUSETTS GENERAL HOSPITAL",SRA1883722,,public,BE95A1B9BB781B59A41FB1814130280C,07267F91EF856230F7A44D62BBE8EE13
SRR29244829,2024-10-11 21:38:29,2024-05-31 07:22:05,3767440,341357307,3767440,90,113,,https://sra-downloadb.be-md.ncbi.nlm.nih.gov/sos13/sra-pub-zq-1307/SRR029/29244/SRR29244829/SRR29244829.lite.1,SRX24763219,GSM8298143,RNA-Seq,cDNA,TRANSCRIPTOMIC,PAIRED,0,0,ILLUMINA,Illumina NovaSeq 6000,SRP479194,PRJNA1055047,3,1055047,SRS21482746,SAMN41607198,simple,208963,Pseudomonas aeruginosa UCBPP-PA14,GSM8298143,,,,,,,no,,,,,"HUNG LAB, MOLECULAR BIOLOGY, MASSACHUSETTS GENERAL HOSPITAL",SRA1883722,,public,702976B661AA7B7AED9BDCE43AA46F8A,A66801B6AF6B7F9AE029138E240FCEDF
SRR29244828,2024-10-11 21:38:30,2024-05-31 07:21:58,3812800,345548487,3812800,90,116,,https://sra-downloadb.be-md.ncbi.nlm.nih.gov/sos13/sra-pub-zq-1307/SRR029/29244/SRR29244828/SRR29244828.lite.1,SRX24763220,GSM8298144,RNA-Seq,cDNA,TRANSCRIPTOMIC,PAIRED,0,0,ILLUMINA,Illumina NovaSeq 6000,SRP479194,PRJNA1055047,3,1055047,SRS21482747,SAMN41607197,simple,208963,Pseudomonas aeruginosa UCBPP-PA14,GSM8298144,,,,,,,no,,,,,"HUNG LAB, MOLECULAR BIOLOGY, MASSACHUSETTS GENERAL HOSPITAL",SRA1883722,,public,D8D3971F206EEB88E3DBE7F085D9F223,3C11A63766ED7A0E52F87F6953FA7C69
SRR29244827,2024-10-11 21:38:30,2024-05-31 07:22:25,3994982,361828856,3994982,90,121,,https://sra-downloadb.be-md.ncbi.nlm.nih.gov/sos13/sra-pub-zq-1307/SRR029/29244/SRR29244827/SRR29244827.lite.1,SRX24763221,GSM8298145,RNA-Seq,cDNA,TRANSCRIPTOMIC,PAIRED,0,0,ILLUMINA,Illumina NovaSeq 6000,SRP479194,PRJNA1055047,3,1055047,SRS21482748,SAMN41607196,simple,208963,Pseudomonas aeruginosa UCBPP-PA14,GSM8298145,,,,,,,no,,,,,"HUNG LAB, MOLECULAR BIOLOGY, MASSACHUSETTS GENERAL HOSPITAL",SRA1883722,,public,2AC7AD1AC830559723995BED70E5A9A6,BD76354E99766102A00E1DC2C4F72D25
SRR29244826,2024-10-11 21:38:30,2024-05-31 07:22:53,7213522,653338766,7213522,90,218,,https://sra-downloadb.be-md.ncbi.nlm.nih.gov/sos13/sra-pub-zq-1307/SRR029/29244/SRR29244826/SRR29244826.lite.1,SRX24763222,GSM8298146,RNA-Seq,cDNA,TRANSCRIPTOMIC,PAIRED,0,0,ILLUMINA,Illumina NovaSeq 6000,SRP479194,PRJNA1055047,3,1055047,SRS21482749,SAMN41607195,simple,208963,Pseudomonas aeruginosa UCBPP-PA14,GSM8298146,,,,,,,no,,,,,"HUNG LAB, MOLECULAR BIOLOGY, MASSACHUSETTS GENERAL HOSPITAL",SRA1883722,,public,7EBEA46F395FF9FCB7CD0115B7FCF5EB,57A27C2810503F386E44017C436F8B18
SRR29244825,2024-10-11 21:38:30,2024-05-31 07:22:06,4513764,408347660,4513764,90,138,,https://sra-downloadb.be-md.ncbi.nlm.nih.gov/sos13/sra-pub-zq-1307/SRR029/29244/SRR29244825/SRR29244825.lite.1,SRX24763223,GSM8298147,RNA-Seq,cDNA,TRANSCRIPTOMIC,PAIRED,0,0,ILLUMINA,Illumina NovaSeq 6000,SRP479194,PRJNA1055047,3,1055047,SRS21482750,SAMN41607194,simple,208963,Pseudomonas aeruginosa UCBPP-PA14,GSM8298147,,,,,,,no,,,,,"HUNG LAB, MOLECULAR BIOLOGY, MASSACHUSETTS GENERAL HOSPITAL",SRA1883722,,public,06D7136F6BE75A46704C86B7406305E7,D6088481A8371224A8B5C233D5634E1E
SRR29244824,2024-10-11 21:38:30,2024-05-31 07:22:15,2409647,218428390,2409647,90,74,,https://sra-downloadb.be-md.ncbi.nlm.nih.gov/sos13/sra-pub-zq-1307/SRR029/29244/SRR29244824/SRR29244824.lite.1,SRX24763224,GSM8298148,RNA-Seq,cDNA,TRANSCRIPTOMIC,PAIRED,0,0,ILLUMINA,Illumina NovaSeq 6000,SRP479194,PRJNA1055047,3,1055047,SRS21482751,SAMN41607193,simple,208963,Pseudomonas aeruginosa UCBPP-PA14,GSM8298148,,,,,,,no,,,,,"HUNG LAB, MOLECULAR BIOLOGY, MASSACHUSETTS GENERAL HOSPITAL",SRA1883722,,public,79573E85A63B3A5BC99D043712418C8A,8F8B6DDB0EE659CABF2E2DF74C1C14C6
SRR29244823,2024-10-11 21:38:30,2024-05-31 07:22:58,3011003,272751937,3011003,90,90,,https://sra-downloadb.be-md.ncbi.nlm.nih.gov/sos13/sra-pub-zq-1307/SRR029/29244/SRR29244823/SRR29244823.lite.1,SRX24763225,GSM8298149,RNA-Seq,cDNA,TRANSCRIPTOMIC,PAIRED,0,0,ILLUMINA,Illumina NovaSeq 6000,SRP479194,PRJNA1055047,3,1055047,SRS21482754,SAMN41607192,simple,208963,Pseudomonas aeruginosa UCBPP-PA14,GSM8298149,,,,,,,no,,,,,"HUNG LAB, MOLECULAR BIOLOGY, MASSACHUSETTS GENERAL HOSPITAL",SRA1883722,,public,CB3AF3CDCBA3152F1E90AD8E8D851B9C,469CC3EEEC435E119E91836D5FCA112E
SRR29244822,2024-10-11 21:38:30,2024-05-31 07:22:37,3756173,340489684,3756173,90,114,,https://sra-downloadb.be-md.ncbi.nlm.nih.gov/sos13/sra-pub-zq-1307/SRR029/29244/SRR29244822/SRR29244822.lite.1,SRX24763226,GSM8298150,RNA-Seq,cDNA,TRANSCRIPTOMIC,PAIRED,0,0,ILLUMINA,Illumina NovaSeq 6000,SRP479194,PRJNA1055047,3,1055047,SRS21482752,SAMN41607191,simple,208963,Pseudomonas aeruginosa UCBPP-PA14,GSM8298150,,,,,,,no,,,,,"HUNG LAB, MOLECULAR BIOLOGY, MASSACHUSETTS GENERAL HOSPITAL",SRA1883722,,public,629678BF17713B29CED856C2CF712562,B3CDE58DBE00C97D7DC7F8DB5A5ABDCE
SRR29244821,2024-10-11 21:38:30,2024-05-31 07:22:50,4410776,399900929,4410776,90,135,,https://sra-downloadb.be-md.ncbi.nlm.nih.gov/sos13/sra-pub-zq-1307/SRR029/29244/SRR29244821/SRR29244821.lite.1,SRX24763227,GSM8298151,RNA-Seq,cDNA,TRANSCRIPTOMIC,PAIRED,0,0,ILLUMINA,Illumina NovaSeq 6000,SRP479194,PRJNA1055047,3,1055047,SRS21482753,SAMN41607190,simple,208963,Pseudomonas aeruginosa UCBPP-PA14,GSM8298151,,,,,,,no,,,,,"HUNG LAB, MOLECULAR BIOLOGY, MASSACHUSETTS GENERAL HOSPITAL",SRA1883722,,public,C58F111C4BD6EBCCC08C14057B5E002D,674D55F1DE1410D417C497C460C8E0FC
SRR29244820,2024-10-11 21:38:30,2024-05-31 07:22:57,5119847,463960129,5119847,90,154,,https://sra-downloadb.be-md.ncbi.nlm.nih.gov/sos13/sra-pub-zq-1307/SRR029/29244/SRR29244820/SRR29244820.lite.1,SRX24763228,GSM8298152,RNA-Seq,cDNA,TRANSCRIPTOMIC,PAIRED,0,0,ILLUMINA,Illumina NovaSeq 6000,SRP479194,PRJNA1055047,3,1055047,SRS21482756,SAMN41607189,simple,208963,Pseudomonas aeruginosa UCBPP-PA14,GSM8298152,,,,,,,no,,,,,"HUNG LAB, MOLECULAR BIOLOGY, MASSACHUSETTS GENERAL HOSPITAL",SRA1883722,,public,A99E6ED6AB654D30509D4200BC5D8CE6,6ABABB499E5A9074E4AEB8AA44F2AC69
SRR29244818,2024-10-11 21:38:00,2024-05-31 07:23:19,4869806,199662046,0,41,90,,https://sra-downloadb.be-md.ncbi.nlm.nih.gov/sos13/sra-pub-zq-1307/SRR029/29244/SRR29244818/SRR29244818.lite.1,SRX24763229,GSM8297865,RNA-Seq,cDNA,TRANSCRIPTOMIC,SINGLE,0,0,ILLUMINA,Illumina NovaSeq 6000,SRP479194,PRJNA1055047,3,1055047,SRS21482755,SAMN41607476,simple,208963,Pseudomonas aeruginosa UCBPP-PA14,GSM8297865,,,,,,,no,,,,,"HUNG LAB, MOLECULAR BIOLOGY, MASSACHUSETTS GENERAL HOSPITAL",SRA1883722,,public,C017152A36C4D307EA0593C013C65D21,F85C74ECBF5A5658FB8299242E29BCDA
SRR29244819,2024-10-11 21:38:00,2024-05-31 07:23:00,4869806,240454054,0,49,113,,https://sra-downloadb.be-md.ncbi.nlm.nih.gov/sos13/sra-pub-zq-1307/SRR029/29244/SRR29244819/SRR29244819.lite.1,SRX24763229,GSM8297865,RNA-Seq,cDNA,TRANSCRIPTOMIC,SINGLE,0,0,ILLUMINA,Illumina NovaSeq 6000,SRP479194,PRJNA1055047,3,1055047,SRS21482755,SAMN41607476,simple,208963,Pseudomonas aeruginosa UCBPP-PA14,GSM8297865,,,,,,,no,,,,,"HUNG LAB, MOLECULAR BIOLOGY, MASSACHUSETTS GENERAL HOSPITAL",SRA1883722,,public,067F245F5F058A3D333A276E42A9D030,9C191CA35270D3D533A22C01B7D9FE70
SRR29244816,2024-10-11 21:38:01,2024-05-31 07:22:49,4836620,198301420,0,41,89,,https://sra-downloadb.be-md.ncbi.nlm.nih.gov/sos13/sra-pub-zq-1307/SRR029/29244/SRR29244816/SRR29244816.lite.1,SRX24763230,GSM8297866,RNA-Seq,cDNA,TRANSCRIPTOMIC,SINGLE,0,0,ILLUMINA,Illumina NovaSeq 6000,SRP479194,PRJNA1055047,3,1055047,SRS21482757,SAMN41607475,simple,208963,Pseudomonas aeruginosa UCBPP-PA14,GSM8297866,,,,,,,no,,,,,"HUNG LAB, MOLECULAR BIOLOGY, MASSACHUSETTS GENERAL HOSPITAL",SRA1883722,,public,E6388D052E98ABBA184D24773A5DE518,39C434F2A7C48C2E9E8BF2FAC6CB0D35
SRR29244817,2024-10-11 21:38:01,2024-05-31 07:23:27,4836620,237793741,0,49,113,,https://sra-downloadb.be-md.ncbi.nlm.nih.gov/sos13/sra-pub-zq-1307/SRR029/29244/SRR29244817/SRR29244817.lite.1,SRX24763230,GSM8297866,RNA-Seq,cDNA,TRANSCRIPTOMIC,SINGLE,0,0,ILLUMINA,Illumina NovaSeq 6000,SRP479194,PRJNA1055047,3,1055047,SRS21482757,SAMN41607475,simple,208963,Pseudomonas aeruginosa UCBPP-PA14,GSM8297866,,,,,,,no,,,,,"HUNG LAB, MOLECULAR BIOLOGY, MASSACHUSETTS GENERAL HOSPITAL",SRA1883722,,public,202385769764C0707338837BC1E28E6F,1C21C6CAD27DBDF9908F12B22C19FAE3
SRR29244814,2024-10-11 21:38:01,2024-05-31 07:22:58,4455469,182674229,0,41,81,,https://sra-downloadb.be-md.ncbi.nlm.nih.gov/sos13/sra-pub-zq-1307/SRR029/29244/SRR29244814/SRR29244814.lite.1,SRX24763231,GSM8297867,RNA-Seq,cDNA,TRANSCRIPTOMIC,SINGLE,0,0,ILLUMINA,Illumina NovaSeq 6000,SRP479194,PRJNA1055047,3,1055047,SRS21482759,SAMN41607474,simple,208963,Pseudomonas aeruginosa UCBPP-PA14,GSM8297867,,,,,,,no,,,,,"HUNG LAB, MOLECULAR BIOLOGY, MASSACHUSETTS GENERAL HOSPITAL",SRA1883722,,public,810852A5814B5DE82C85E01C140A22DF,B9603EAE9E4777E5323C62F28A1EFF20
SRR29244815,2024-10-11 21:38:01,2024-05-31 07:23:07,4455469,219264809,0,49,104,,https://sra-downloadb.be-md.ncbi.nlm.nih.gov/sos13/sra-pub-zq-1307/SRR029/29244/SRR29244815/SRR29244815.lite.1,SRX24763231,GSM8297867,RNA-Seq,cDNA,TRANSCRIPTOMIC,SINGLE,0,0,ILLUMINA,Illumina NovaSeq 6000,SRP479194,PRJNA1055047,3,1055047,SRS21482759,SAMN41607474,simple,208963,Pseudomonas aeruginosa UCBPP-PA14,GSM8297867,,,,,,,no,,,,,"HUNG LAB, MOLECULAR BIOLOGY, MASSACHUSETTS GENERAL HOSPITAL",SRA1883722,,public,4532AE59C4A3A3657CA23E400D2D2FBD,61D7EAFB57A0B4064FB5723C7F785711
SRR29244812,2024-10-11 21:38:01,2024-05-31 07:22:14,5206895,213482695,0,41,97,,https://sra-downloadb.be-md.ncbi.nlm.nih.gov/sos13/sra-pub-zq-1307/SRR029/29244/SRR29244812/SRR29244812.lite.1,SRX24763232,GSM8297868,RNA-Seq,cDNA,TRANSCRIPTOMIC,SINGLE,0,0,ILLUMINA,Illumina NovaSeq 6000,SRP479194,PRJNA1055047,3,1055047,SRS21482760,SAMN41607473,simple,208963,Pseudomonas aeruginosa UCBPP-PA14,GSM8297868,,,,,,,no,,,,,"HUNG LAB, MOLECULAR BIOLOGY, MASSACHUSETTS GENERAL HOSPITAL",SRA1883722,,public,47D69D506AA9907616A0540F7243EA34,2448D63F5166018208046E70B0E81367
SRR29244813,2024-10-11 21:38:01,2024-05-31 07:22:58,5206895,256795767,0,49,121,,https://sra-downloadb.be-md.ncbi.nlm.nih.gov/sos13/sra-pub-zq-1307/SRR029/29244/SRR29244813/SRR29244813.lite.1,SRX24763232,GSM8297868,RNA-Seq,cDNA,TRANSCRIPTOMIC,SINGLE,0,0,ILLUMINA,Illumina NovaSeq 6000,SRP479194,PRJNA1055047,3,1055047,SRS21482760,SAMN41607473,simple,208963,Pseudomonas aeruginosa UCBPP-PA14,GSM8297868,,,,,,,no,,,,,"HUNG LAB, MOLECULAR BIOLOGY, MASSACHUSETTS GENERAL HOSPITAL",SRA1883722,,public,CDF44180AB4511201B9CDDCC5F3FB7A7,724FFCA26DB570EC6D54DE76FFB90104
SRR29244810,2024-10-11 21:38:01,2024-05-31 07:23:01,4757155,195043355,0,41,87,,https://sra-downloadb.be-md.ncbi.nlm.nih.gov/sos13/sra-pub-zq-1307/SRR029/29244/SRR29244810/SRR29244810.lite.1,SRX24763233,GSM8297869,RNA-Seq,cDNA,TRANSCRIPTOMIC,SINGLE,0,0,ILLUMINA,Illumina NovaSeq 6000,SRP479194,PRJNA1055047,3,1055047,SRS21482758,SAMN41607472,simple,208963,Pseudomonas aeruginosa UCBPP-PA14,GSM8297869,,,,,,,no,,,,,"HUNG LAB, MOLECULAR BIOLOGY, MASSACHUSETTS GENERAL HOSPITAL",SRA1883722,,public,BCF311087EA8B3BF0171B0A78440190A,17F8A4E37E91E2016296C4D78F5A52A6
SRR29244811,2024-10-11 21:38:01,2024-05-31 07:22:22,4757155,235273955,0,49,111,,https://sra-downloadb.be-md.ncbi.nlm.nih.gov/sos13/sra-pub-zq-1307/SRR029/29244/SRR29244811/SRR29244811.lite.1,SRX24763233,GSM8297869,RNA-Seq,cDNA,TRANSCRIPTOMIC,SINGLE,0,0,ILLUMINA,Illumina NovaSeq 6000,SRP479194,PRJNA1055047,3,1055047,SRS21482758,SAMN41607472,simple,208963,Pseudomonas aeruginosa UCBPP-PA14,GSM8297869,,,,,,,no,,,,,"HUNG LAB, MOLECULAR BIOLOGY, MASSACHUSETTS GENERAL HOSPITAL",SRA1883722,,public,E35035327FB7AD9B051CAFEFEE03EB20,3E3DEC57E0AFF2256927024A04247EB8
SRR29244808,2024-10-11 21:38:01,2024-05-31 07:22:12,4023636,164969076,0,41,73,,https://sra-downloadb.be-md.ncbi.nlm.nih.gov/sos13/sra-pub-zq-1307/SRR029/29244/SRR29244808/SRR29244808.lite.1,SRX24763234,GSM8297870,RNA-Seq,cDNA,TRANSCRIPTOMIC,SINGLE,0,0,ILLUMINA,Illumina NovaSeq 6000,SRP479194,PRJNA1055047,3,1055047,SRS21482762,SAMN41607471,simple,208963,Pseudomonas aeruginosa UCBPP-PA14,GSM8297870,,,,,,,no,,,,,"HUNG LAB, MOLECULAR BIOLOGY, MASSACHUSETTS GENERAL HOSPITAL",SRA1883722,,public,F9AF3A2D9F7E44F0177C8C0CCA3E1987,D2E7999B8AD2BC16DF585DB857E33337
SRR29244809,2024-10-11 21:38:01,2024-05-31 07:22:05,4023636,198895976,0,49,94,,https://sra-downloadb.be-md.ncbi.nlm.nih.gov/sos13/sra-pub-zq-1307/SRR029/29244/SRR29244809/SRR29244809.lite.1,SRX24763234,GSM8297870,RNA-Seq,cDNA,TRANSCRIPTOMIC,SINGLE,0,0,ILLUMINA,Illumina NovaSeq 6000,SRP479194,PRJNA1055047,3,1055047,SRS21482762,SAMN41607471,simple,208963,Pseudomonas aeruginosa UCBPP-PA14,GSM8297870,,,,,,,no,,,,,"HUNG LAB, MOLECULAR BIOLOGY, MASSACHUSETTS GENERAL HOSPITAL",SRA1883722,,public,5116BF50A7F242A2FD2B857C3B256BAA,955D7FE7D2E89873220E985AC75893F4
SRR29244806,2024-10-11 21:38:01,2024-05-31 07:22:08,3369605,138153805,0,41,62,,https://sra-downloadb.be-md.ncbi.nlm.nih.gov/sos13/sra-pub-zq-1307/SRR029/29244/SRR29244806/SRR29244806.lite.1,SRX24763235,GSM8297871,RNA-Seq,cDNA,TRANSCRIPTOMIC,SINGLE,0,0,ILLUMINA,Illumina NovaSeq 6000,SRP479194,PRJNA1055047,3,1055047,SRS21482761,SAMN41607470,simple,208963,Pseudomonas aeruginosa UCBPP-PA14,GSM8297871,,,,,,,no,,,,,"HUNG LAB, MOLECULAR BIOLOGY, MASSACHUSETTS GENERAL HOSPITAL",SRA1883722,,public,ADE1B2F8AC785CEB41610111582863D4,DA313852FF4983A867B57F9513ABD5EC
SRR29244807,2024-10-11 21:38:01,2024-05-31 07:22:53,3369605,166781892,0,49,78,,https://sra-downloadb.be-md.ncbi.nlm.nih.gov/sos13/sra-pub-zq-1307/SRR029/29244/SRR29244807/SRR29244807.lite.1,SRX24763235,GSM8297871,RNA-Seq,cDNA,TRANSCRIPTOMIC,SINGLE,0,0,ILLUMINA,Illumina NovaSeq 6000,SRP479194,PRJNA1055047,3,1055047,SRS21482761,SAMN41607470,simple,208963,Pseudomonas aeruginosa UCBPP-PA14,GSM8297871,,,,,,,no,,,,,"HUNG LAB, MOLECULAR BIOLOGY, MASSACHUSETTS GENERAL HOSPITAL",SRA1883722,,public,58E04906B8204EFDA6735723DE6C9A4F,D89977BB78A76B5B223E6F512C1BFD1C
SRR29244804,2024-10-11 21:38:01,2024-05-31 07:22:52,6868379,281603539,0,41,126,,https://sra-downloadb.be-md.ncbi.nlm.nih.gov/sos13/sra-pub-zq-1307/SRR029/29244/SRR29244804/SRR29244804.lite.1,SRX24763236,GSM8297872,RNA-Seq,cDNA,TRANSCRIPTOMIC,SINGLE,0,0,ILLUMINA,Illumina NovaSeq 6000,SRP479194,PRJNA1055047,3,1055047,SRS21482764,SAMN41607469,simple,208963,Pseudomonas aeruginosa UCBPP-PA14,GSM8297872,,,,,,,no,,,,,"HUNG LAB, MOLECULAR BIOLOGY, MASSACHUSETTS GENERAL HOSPITAL",SRA1883722,,public,58F5E74574FA058716B2CF87EA86F731,F8D06A1364330106D9C9AE07B5AE28AF
SRR29244805,2024-10-11 21:38:01,2024-05-31 07:23:21,6868379,339602976,0,49,161,,https://sra-downloadb.be-md.ncbi.nlm.nih.gov/sos13/sra-pub-zq-1307/SRR029/29244/SRR29244805/SRR29244805.lite.1,SRX24763236,GSM8297872,RNA-Seq,cDNA,TRANSCRIPTOMIC,SINGLE,0,0,ILLUMINA,Illumina NovaSeq 6000,SRP479194,PRJNA1055047,3,1055047,SRS21482764,SAMN41607469,simple,208963,Pseudomonas aeruginosa UCBPP-PA14,GSM8297872,,,,,,,no,,,,,"HUNG LAB, MOLECULAR BIOLOGY, MASSACHUSETTS GENERAL HOSPITAL",SRA1883722,,public,35BC2A39A482BF51DA1A2EB480A2ED54,03275DE049AA4D6510D7FCE130FB82D7
SRR29244802,2024-10-11 21:38:01,2024-05-31 07:22:26,9085864,372520424,0,41,166,,https://sra-downloadb.be-md.ncbi.nlm.nih.gov/sos13/sra-pub-zq-1307/SRR029/29244/SRR29244802/SRR29244802.lite.1,SRX24763237,GSM8297873,RNA-Seq,cDNA,TRANSCRIPTOMIC,SINGLE,0,0,ILLUMINA,Illumina NovaSeq 6000,SRP479194,PRJNA1055047,3,1055047,SRS21482763,SAMN41607468,simple,208963,Pseudomonas aeruginosa UCBPP-PA14,GSM8297873,,,,,,,no,,,,,"HUNG LAB, MOLECULAR BIOLOGY, MASSACHUSETTS GENERAL HOSPITAL",SRA1883722,,public,6C69F6C8CC2FEDA3F3B9D68F708BFC7B,417880048CA1CA7F83D07F4FA3A01000
SRR29244803,2024-10-11 21:38:01,2024-05-31 07:23:42,9085864,448090196,0,49,213,,https://sra-downloadb.be-md.ncbi.nlm.nih.gov/sos13/sra-pub-zq-1307/SRR029/29244/SRR29244803/SRR29244803.lite.1,SRX24763237,GSM8297873,RNA-Seq,cDNA,TRANSCRIPTOMIC,SINGLE,0,0,ILLUMINA,Illumina NovaSeq 6000,SRP479194,PRJNA1055047,3,1055047,SRS21482763,SAMN41607468,simple,208963,Pseudomonas aeruginosa UCBPP-PA14,GSM8297873,,,,,,,no,,,,,"HUNG LAB, MOLECULAR BIOLOGY, MASSACHUSETTS GENERAL HOSPITAL",SRA1883722,,public,24E336B6C381207930C49D301CA207C2,D07A76B63978D5AC7B6C8234C3794549
SRR29244798,2024-10-11 21:38:01,2024-05-31 07:22:49,4131580,169394780,0,41,75,,https://sra-downloadb.be-md.ncbi.nlm.nih.gov/sos13/sra-pub-zq-1307/SRR029/29244/SRR29244798/SRR29244798.lite.1,SRX24763239,GSM8297875,RNA-Seq,cDNA,TRANSCRIPTOMIC,SINGLE,0,0,ILLUMINA,Illumina NovaSeq 6000,SRP479194,PRJNA1055047,3,1055047,SRS21482765,SAMN41607466,simple,208963,Pseudomonas aeruginosa UCBPP-PA14,GSM8297875,,,,,,,no,,,,,"HUNG LAB, MOLECULAR BIOLOGY, MASSACHUSETTS GENERAL HOSPITAL",SRA1883722,,public,6893ECAE58B76B3EC0280D1308AACDDF,97CD5F2878232C9FA61226234B3EDA98
SRR29244799,2024-10-11 21:38:01,2024-05-31 07:22:34,4131580,203384426,0,49,96,,https://sra-downloadb.be-md.ncbi.nlm.nih.gov/sos13/sra-pub-zq-1307/SRR029/29244/SRR29244799/SRR29244799.lite.1,SRX24763239,GSM8297875,RNA-Seq,cDNA,TRANSCRIPTOMIC,SINGLE,0,0,ILLUMINA,Illumina NovaSeq 6000,SRP479194,PRJNA1055047,3,1055047,SRS21482765,SAMN41607466,simple,208963,Pseudomonas aeruginosa UCBPP-PA14,GSM8297875,,,,,,,no,,,,,"HUNG LAB, MOLECULAR BIOLOGY, MASSACHUSETTS GENERAL HOSPITAL",SRA1883722,,public,74165559765E993B805C13D296F23EB9,50C10F24BECDA0EECDB20FC4C29C9B12
SRR29244934,2024-10-11 21:38:00,2024-05-31 07:23:36,7779022,318939902,0,41,143,,https://sra-downloadb.be-md.ncbi.nlm.nih.gov/sos13/sra-pub-zq-1307/SRR029/29244/SRR29244934/SRR29244934.lite.1,SRX24763147,GSM8297863,RNA-Seq,cDNA,TRANSCRIPTOMIC,SINGLE,0,0,ILLUMINA,Illumina NovaSeq 6000,SRP479194,PRJNA1055047,3,1055047,SRS21482674,SAMN41607478,simple,208963,Pseudomonas aeruginosa UCBPP-PA14,GSM8297863,,,,,,,no,,,,,"HUNG LAB, MOLECULAR BIOLOGY, MASSACHUSETTS GENERAL HOSPITAL",SRA1883722,,public,870C837A5C76361FEDB43F30AE3295B8,058977E1D5B0A9555A2A80E50B6E0C74
SRR29244935,2024-10-11 21:38:00,2024-05-31 07:23:42,7779022,382640064,0,49,180,,https://sra-downloadb.be-md.ncbi.nlm.nih.gov/sos13/sra-pub-zq-1307/SRR029/29244/SRR29244935/SRR29244935.lite.1,SRX24763147,GSM8297863,RNA-Seq,cDNA,TRANSCRIPTOMIC,SINGLE,0,0,ILLUMINA,Illumina NovaSeq 6000,SRP479194,PRJNA1055047,3,1055047,SRS21482674,SAMN41607478,simple,208963,Pseudomonas aeruginosa UCBPP-PA14,GSM8297863,,,,,,,no,,,,,"HUNG LAB, MOLECULAR BIOLOGY, MASSACHUSETTS GENERAL HOSPITAL",SRA1883722,,public,E79775B9C3FB4D4BB176C2685F92754A,C57700D8FB7328FD9F0E7D29003BA45A
SRR29244932,2024-10-11 21:38:00,2024-05-31 07:23:40,7925662,324952142,0,41,145,,https://sra-downloadb.be-md.ncbi.nlm.nih.gov/sos13/sra-pub-zq-1307/SRR029/29244/SRR29244932/SRR29244932.lite.1,SRX24763148,GSM8297864,RNA-Seq,cDNA,TRANSCRIPTOMIC,SINGLE,0,0,ILLUMINA,Illumina NovaSeq 6000,SRP479194,PRJNA1055047,3,1055047,SRS21482675,SAMN41607477,simple,208963,Pseudomonas aeruginosa UCBPP-PA14,GSM8297864,,,,,,,no,,,,,"HUNG LAB, MOLECULAR BIOLOGY, MASSACHUSETTS GENERAL HOSPITAL",SRA1883722,,public,346765D8421F7FAABC4B09D998EDDB28,D9EFD5F6CECBECE34556AA743B143AA4
SRR29244933,2024-10-11 21:38:00,2024-05-31 07:23:59,7925662,390710981,0,49,184,,https://sra-downloadb.be-md.ncbi.nlm.nih.gov/sos13/sra-pub-zq-1307/SRR029/29244/SRR29244933/SRR29244933.lite.1,SRX24763148,GSM8297864,RNA-Seq,cDNA,TRANSCRIPTOMIC,SINGLE,0,0,ILLUMINA,Illumina NovaSeq 6000,SRP479194,PRJNA1055047,3,1055047,SRS21482675,SAMN41607477,simple,208963,Pseudomonas aeruginosa UCBPP-PA14,GSM8297864,,,,,,,no,,,,,"HUNG LAB, MOLECULAR BIOLOGY, MASSACHUSETTS GENERAL HOSPITAL",SRA1883722,,public,47A9620A637B905AA34F95DBBC636248,3A75D2C62D09AE2B00EB6AB91E51C9F8
SRR29244930,2024-10-11 21:38:03,2024-05-31 07:23:24,9058807,371411087,0,41,165,,https://sra-downloadb.be-md.ncbi.nlm.nih.gov/sos13/sra-pub-zq-1307/SRR029/29244/SRR29244930/SRR29244930.lite.1,SRX24763149,GSM8297897,RNA-Seq,cDNA,TRANSCRIPTOMIC,SINGLE,0,0,ILLUMINA,Illumina NovaSeq 6000,SRP479194,PRJNA1055047,3,1055047,SRS21482676,SAMN41607444,simple,208963,Pseudomonas aeruginosa UCBPP-PA14,GSM8297897,,,,,,,no,,,,,"HUNG LAB, MOLECULAR BIOLOGY, MASSACHUSETTS GENERAL HOSPITAL",SRA1883722,,public,DFE18A928137AAA42B5A49FBD0EA6AF2,D60217A016224068464040F2A362D338
SRR29244931,2024-10-11 21:38:03,2024-05-31 07:24:26,9058807,445711301,0,49,210,,https://sra-downloadb.be-md.ncbi.nlm.nih.gov/sos13/sra-pub-zq-1307/SRR029/29244/SRR29244931/SRR29244931.lite.1,SRX24763149,GSM8297897,RNA-Seq,cDNA,TRANSCRIPTOMIC,SINGLE,0,0,ILLUMINA,Illumina NovaSeq 6000,SRP479194,PRJNA1055047,3,1055047,SRS21482676,SAMN41607444,simple,208963,Pseudomonas aeruginosa UCBPP-PA14,GSM8297897,,,,,,,no,,,,,"HUNG LAB, MOLECULAR BIOLOGY, MASSACHUSETTS GENERAL HOSPITAL",SRA1883722,,public,1E71E27A900F68C2DD30857102E2BD71,65D3A88BE4107FFCC59B6A7E8FBEC152
SRR29244928,2024-10-11 21:38:03,2024-05-31 07:23:29,9813554,402355714,0,41,180,,https://sra-downloadb.be-md.ncbi.nlm.nih.gov/sos13/sra-pub-zq-1307/SRR029/29244/SRR29244928/SRR29244928.lite.1,SRX24763150,GSM8297898,RNA-Seq,cDNA,TRANSCRIPTOMIC,SINGLE,0,0,ILLUMINA,Illumina NovaSeq 6000,SRP479194,PRJNA1055047,3,1055047,SRS21482677,SAMN41607443,simple,208963,Pseudomonas aeruginosa UCBPP-PA14,GSM8297898,,,,,,,no,,,,,"HUNG LAB, MOLECULAR BIOLOGY, MASSACHUSETTS GENERAL HOSPITAL",SRA1883722,,public,1193C918D06E4434D08E426CA508E12F,FCB39A79AFDF643CB2DB82CC545B461A
SRR29244929,2024-10-11 21:38:03,2024-05-31 07:23:47,9813554,484068582,0,49,227,,https://sra-downloadb.be-md.ncbi.nlm.nih.gov/sos13/sra-pub-zq-1307/SRR029/29244/SRR29244929/SRR29244929.lite.1,SRX24763150,GSM8297898,RNA-Seq,cDNA,TRANSCRIPTOMIC,SINGLE,0,0,ILLUMINA,Illumina NovaSeq 6000,SRP479194,PRJNA1055047,3,1055047,SRS21482677,SAMN41607443,simple,208963,Pseudomonas aeruginosa UCBPP-PA14,GSM8297898,,,,,,,no,,,,,"HUNG LAB, MOLECULAR BIOLOGY, MASSACHUSETTS GENERAL HOSPITAL",SRA1883722,,public,3CA96ADC4DF624F79424E78883616A7A,7F88266750C31D58E2B7D58366D266A7
SRR29244800,2024-10-11 21:38:01,2024-05-31 07:23:46,9582364,392876924,0,41,179,,https://sra-downloadb.be-md.ncbi.nlm.nih.gov/sos13/sra-pub-zq-1307/SRR029/29244/SRR29244800/SRR29244800.lite.1,SRX24763238,GSM8297874,RNA-Seq,cDNA,TRANSCRIPTOMIC,SINGLE,0,0,ILLUMINA,Illumina NovaSeq 6000,SRP479194,PRJNA1055047,3,1055047,SRS21482766,SAMN41607467,simple,208963,Pseudomonas aeruginosa UCBPP-PA14,GSM8297874,,,,,,,no,,,,,"HUNG LAB, MOLECULAR BIOLOGY, MASSACHUSETTS GENERAL HOSPITAL",SRA1883722,,public,96C0637A32B13CDC602C0BE5F44237A5,56F6C234510849649356564DE60D8FB1
SRR29244801,2024-10-11 21:38:01,2024-05-31 07:23:17,9582364,473379321,0,49,224,,https://sra-downloadb.be-md.ncbi.nlm.nih.gov/sos13/sra-pub-zq-1307/SRR029/29244/SRR29244801/SRR29244801.lite.1,SRX24763238,GSM8297874,RNA-Seq,cDNA,TRANSCRIPTOMIC,SINGLE,0,0,ILLUMINA,Illumina NovaSeq 6000,SRP479194,PRJNA1055047,3,1055047,SRS21482766,SAMN41607467,simple,208963,Pseudomonas aeruginosa UCBPP-PA14,GSM8297874,,,,,,,no,,,,,"HUNG LAB, MOLECULAR BIOLOGY, MASSACHUSETTS GENERAL HOSPITAL",SRA1883722,,public,6B5C2A93E62960312B1E04A746FC6D65,5B5B058ACF5DDDB3BABEB5F1A16A9320
SRR29244796,2024-10-11 21:38:01,2024-05-31 07:22:31,3929664,161116224,0,41,72,,https://sra-downloadb.be-md.ncbi.nlm.nih.gov/sos13/sra-pub-zq-1307/SRR029/29244/SRR29244796/SRR29244796.lite.1,SRX24763240,GSM8297876,RNA-Seq,cDNA,TRANSCRIPTOMIC,SINGLE,0,0,ILLUMINA,Illumina NovaSeq 6000,SRP479194,PRJNA1055047,3,1055047,SRS21482767,SAMN41607465,simple,208963,Pseudomonas aeruginosa UCBPP-PA14,GSM8297876,,,,,,,no,,,,,"HUNG LAB, MOLECULAR BIOLOGY, MASSACHUSETTS GENERAL HOSPITAL",SRA1883722,,public,8B5FC57CE13D9D1AB20E1986100AFCE0,8744A42B2D2B96A539CDCEF9DF559D45
SRR29244797,2024-10-11 21:38:01,2024-05-31 07:21:55,3929664,193461699,0,49,91,,https://sra-downloadb.be-md.ncbi.nlm.nih.gov/sos13/sra-pub-zq-1307/SRR029/29244/SRR29244797/SRR29244797.lite.1,SRX24763240,GSM8297876,RNA-Seq,cDNA,TRANSCRIPTOMIC,SINGLE,0,0,ILLUMINA,Illumina NovaSeq 6000,SRP479194,PRJNA1055047,3,1055047,SRS21482767,SAMN41607465,simple,208963,Pseudomonas aeruginosa UCBPP-PA14,GSM8297876,,,,,,,no,,,,,"HUNG LAB, MOLECULAR BIOLOGY, MASSACHUSETTS GENERAL HOSPITAL",SRA1883722,,public,02598CAD9794524B20C2E00B45EB828F,9F96133675CFDEDB0883588515DAB2AE
SRR29244794,2024-10-11 21:38:01,2024-05-31 07:22:54,4006392,164262072,0,41,73,,https://sra-downloadb.be-md.ncbi.nlm.nih.gov/sos13/sra-pub-zq-1307/SRR029/29244/SRR29244794/SRR29244794.lite.1,SRX24763241,GSM8297877,RNA-Seq,cDNA,TRANSCRIPTOMIC,SINGLE,0,0,ILLUMINA,Illumina NovaSeq 6000,SRP479194,PRJNA1055047,3,1055047,SRS21482769,SAMN41607464,simple,208963,Pseudomonas aeruginosa UCBPP-PA14,GSM8297877,,,,,,,no,,,,,"HUNG LAB, MOLECULAR BIOLOGY, MASSACHUSETTS GENERAL HOSPITAL",SRA1883722,,public,F3A320EC389810FF14C065FEF70AF841,C6EDCF570C5F667DA9EBEEE5D6A2B0F6
SRR29244795,2024-10-11 21:38:02,2024-05-31 07:22:40,4006392,196288167,0,48,93,,https://sra-downloadb.be-md.ncbi.nlm.nih.gov/sos13/sra-pub-zq-1307/SRR029/29244/SRR29244795/SRR29244795.lite.1,SRX24763241,GSM8297877,RNA-Seq,cDNA,TRANSCRIPTOMIC,SINGLE,0,0,ILLUMINA,Illumina NovaSeq 6000,SRP479194,PRJNA1055047,3,1055047,SRS21482769,SAMN41607464,simple,208963,Pseudomonas aeruginosa UCBPP-PA14,GSM8297877,,,,,,,no,,,,,"HUNG LAB, MOLECULAR BIOLOGY, MASSACHUSETTS GENERAL HOSPITAL",SRA1883722,,public,7B5649F6C2ABF35E15A0B0EB13E46B9B,311374A9C4AD2F1740B3E448ADBA3B53
SRR29244792,2024-10-11 21:38:02,2024-05-31 07:22:07,4241493,173901213,0,41,77,,https://sra-downloadb.be-md.ncbi.nlm.nih.gov/sos13/sra-pub-zq-1307/SRR029/29244/SRR29244792/SRR29244792.lite.1,SRX24763242,GSM8297878,RNA-Seq,cDNA,TRANSCRIPTOMIC,SINGLE,0,0,ILLUMINA,Illumina NovaSeq 6000,SRP479194,PRJNA1055047,3,1055047,SRS21482768,SAMN41607463,simple,208963,Pseudomonas aeruginosa UCBPP-PA14,GSM8297878,,,,,,,no,,,,,"HUNG LAB, MOLECULAR BIOLOGY, MASSACHUSETTS GENERAL HOSPITAL",SRA1883722,,public,E232595D5FDD8E2965602D4B4C5CB7C2,18C32C5B6F643393DE4B6B9A7BF31F3F
SRR29244793,2024-10-11 21:38:02,2024-05-31 07:21:55,4241493,209784165,0,49,99,,https://sra-downloadb.be-md.ncbi.nlm.nih.gov/sos13/sra-pub-zq-1307/SRR029/29244/SRR29244793/SRR29244793.lite.1,SRX24763242,GSM8297878,RNA-Seq,cDNA,TRANSCRIPTOMIC,SINGLE,0,0,ILLUMINA,Illumina NovaSeq 6000,SRP479194,PRJNA1055047,3,1055047,SRS21482768,SAMN41607463,simple,208963,Pseudomonas aeruginosa UCBPP-PA14,GSM8297878,,,,,,,no,,,,,"HUNG LAB, MOLECULAR BIOLOGY, MASSACHUSETTS GENERAL HOSPITAL",SRA1883722,,public,4E3B47E483BE84300A15ED8C7F5248E7,15D772560013E53C85279C813C830E2F
SRR29244790,2024-10-11 21:38:02,2024-05-31 07:21:49,4152491,170252131,0,41,76,,https://sra-downloadb.be-md.ncbi.nlm.nih.gov/sos13/sra-pub-zq-1307/SRR029/29244/SRR29244790/SRR29244790.lite.1,SRX24763243,GSM8297879,RNA-Seq,cDNA,TRANSCRIPTOMIC,SINGLE,0,0,ILLUMINA,Illumina NovaSeq 6000,SRP479194,PRJNA1055047,3,1055047,SRS21482770,SAMN41607462,simple,208963,Pseudomonas aeruginosa UCBPP-PA14,GSM8297879,,,,,,,no,,,,,"HUNG LAB, MOLECULAR BIOLOGY, MASSACHUSETTS GENERAL HOSPITAL",SRA1883722,,public,3B923C7FA29D63CC31C64EFBE7B4BE53,6533B1F3897E5B4A59CBC313E00D75AD
SRR29244791,2024-10-11 21:38:02,2024-05-31 07:22:46,4152491,205307586,0,49,97,,https://sra-downloadb.be-md.ncbi.nlm.nih.gov/sos13/sra-pub-zq-1307/SRR029/29244/SRR29244791/SRR29244791.lite.1,SRX24763243,GSM8297879,RNA-Seq,cDNA,TRANSCRIPTOMIC,SINGLE,0,0,ILLUMINA,Illumina NovaSeq 6000,SRP479194,PRJNA1055047,3,1055047,SRS21482770,SAMN41607462,simple,208963,Pseudomonas aeruginosa UCBPP-PA14,GSM8297879,,,,,,,no,,,,,"HUNG LAB, MOLECULAR BIOLOGY, MASSACHUSETTS GENERAL HOSPITAL",SRA1883722,,public,B6DB152CB76847DC90F411841D551BCF,21C0749CC8207A08CD21A97864FD5B9E
SRR29244788,2024-10-11 21:38:02,2024-05-31 07:22:03,3406966,139685606,0,41,62,,https://sra-downloadb.be-md.ncbi.nlm.nih.gov/sos13/sra-pub-zq-1307/SRR029/29244/SRR29244788/SRR29244788.lite.1,SRX24763244,GSM8297880,RNA-Seq,cDNA,TRANSCRIPTOMIC,SINGLE,0,0,ILLUMINA,Illumina NovaSeq 6000,SRP479194,PRJNA1055047,3,1055047,SRS21482771,SAMN41607461,simple,208963,Pseudomonas aeruginosa UCBPP-PA14,GSM8297880,,,,,,,no,,,,,"HUNG LAB, MOLECULAR BIOLOGY, MASSACHUSETTS GENERAL HOSPITAL",SRA1883722,,public,9C0D1C72434022ADB55DD5543AEF4E60,6FB532A9CFBBD186C29269228CEF7524
SRR29244789,2024-10-11 21:38:02,2024-05-31 07:22:31,3406966,167931785,0,49,79,,https://sra-downloadb.be-md.ncbi.nlm.nih.gov/sos13/sra-pub-zq-1307/SRR029/29244/SRR29244789/SRR29244789.lite.1,SRX24763244,GSM8297880,RNA-Seq,cDNA,TRANSCRIPTOMIC,SINGLE,0,0,ILLUMINA,Illumina NovaSeq 6000,SRP479194,PRJNA1055047,3,1055047,SRS21482771,SAMN41607461,simple,208963,Pseudomonas aeruginosa UCBPP-PA14,GSM8297880,,,,,,,no,,,,,"HUNG LAB, MOLECULAR BIOLOGY, MASSACHUSETTS GENERAL HOSPITAL",SRA1883722,,public,EA304A45859D077BC3117508958F776D,FCC85D74AC322BBAD8B721277BE46B89
SRR29244786,2024-10-11 21:38:06,2024-05-31 07:22:03,1708124,70033084,0,41,30,,https://sra-downloadb.be-md.ncbi.nlm.nih.gov/sos13/sra-pub-zq-1307/SRR029/29244/SRR29244786/SRR29244786.lite.1,SRX24763245,GSM8297929,RNA-Seq,cDNA,TRANSCRIPTOMIC,SINGLE,0,0,ILLUMINA,Illumina NovaSeq 6000,SRP479194,PRJNA1055047,3,1055047,SRS21482772,SAMN41607412,simple,208963,Pseudomonas aeruginosa UCBPP-PA14,GSM8297929,,,,,,,no,,,,,"HUNG LAB, MOLECULAR BIOLOGY, MASSACHUSETTS GENERAL HOSPITAL",SRA1883722,,public,653B7A56346D00EB3B34D10168FEC292,7AD082A012F2D5C49E4E0B03523C1248
SRR29244787,2024-10-11 21:38:06,2024-05-31 07:21:51,1708124,84073645,0,49,38,,https://sra-downloadb.be-md.ncbi.nlm.nih.gov/sos13/sra-pub-zq-1307/SRR029/29244/SRR29244787/SRR29244787.lite.1,SRX24763245,GSM8297929,RNA-Seq,cDNA,TRANSCRIPTOMIC,SINGLE,0,0,ILLUMINA,Illumina NovaSeq 6000,SRP479194,PRJNA1055047,3,1055047,SRS21482772,SAMN41607412,simple,208963,Pseudomonas aeruginosa UCBPP-PA14,GSM8297929,,,,,,,no,,,,,"HUNG LAB, MOLECULAR BIOLOGY, MASSACHUSETTS GENERAL HOSPITAL",SRA1883722,,public,3A699DD93DA55E5962437B75DF8375DE,DDFF9596010DEB769A4E206A57B38E68
SRR29244784,2024-10-11 21:38:06,2024-05-31 07:22:17,7822566,320725206,0,41,138,,https://sra-downloadb.be-md.ncbi.nlm.nih.gov/sos13/sra-pub-zq-1307/SRR029/29244/SRR29244784/SRR29244784.lite.1,SRX24763246,GSM8297930,RNA-Seq,cDNA,TRANSCRIPTOMIC,SINGLE,0,0,ILLUMINA,Illumina NovaSeq 6000,SRP479194,PRJNA1055047,3,1055047,SRS21482773,SAMN41607411,simple,208963,Pseudomonas aeruginosa UCBPP-PA14,GSM8297930,,,,,,,no,,,,,"HUNG LAB, MOLECULAR BIOLOGY, MASSACHUSETTS GENERAL HOSPITAL",SRA1883722,,public,09258238265F700A82CE8AF0ECF3F25B,632CC36A2C451A7E7AD6433F331AE0B1
SRR29244785,2024-10-11 21:38:06,2024-05-31 07:22:50,7822566,385620941,0,49,179,,https://sra-downloadb.be-md.ncbi.nlm.nih.gov/sos13/sra-pub-zq-1307/SRR029/29244/SRR29244785/SRR29244785.lite.1,SRX24763246,GSM8297930,RNA-Seq,cDNA,TRANSCRIPTOMIC,SINGLE,0,0,ILLUMINA,Illumina NovaSeq 6000,SRP479194,PRJNA1055047,3,1055047,SRS21482773,SAMN41607411,simple,208963,Pseudomonas aeruginosa UCBPP-PA14,GSM8297930,,,,,,,no,,,,,"HUNG LAB, MOLECULAR BIOLOGY, MASSACHUSETTS GENERAL HOSPITAL",SRA1883722,,public,928A99878CF02703F417A5CC54C41277,2DF9B88CDCAB7301D74551006C6C0551
SRR29244782,2024-10-11 21:38:06,2024-05-31 07:22:26,1716385,70371785,0,41,30,,https://sra-downloadb.be-md.ncbi.nlm.nih.gov/sos13/sra-pub-zq-1307/SRR029/29244/SRR29244782/SRR29244782.lite.1,SRX24763247,GSM8297931,RNA-Seq,cDNA,TRANSCRIPTOMIC,SINGLE,0,0,ILLUMINA,Illumina NovaSeq 6000,SRP479194,PRJNA1055047,3,1055047,SRS21482774,SAMN41607410,simple,208963,Pseudomonas aeruginosa UCBPP-PA14,GSM8297931,,,,,,,no,,,,,"HUNG LAB, MOLECULAR BIOLOGY, MASSACHUSETTS GENERAL HOSPITAL",SRA1883722,,public,6132D0B0273EE0367B9738F54AEA6F68,58142669F89250E1BDCE2D8B22530DC8
SRR29244783,2024-10-11 21:38:06,2024-05-31 07:22:13,1716385,84517541,0,49,39,,https://sra-downloadb.be-md.ncbi.nlm.nih.gov/sos13/sra-pub-zq-1307/SRR029/29244/SRR29244783/SRR29244783.lite.1,SRX24763247,GSM8297931,RNA-Seq,cDNA,TRANSCRIPTOMIC,SINGLE,0,0,ILLUMINA,Illumina NovaSeq 6000,SRP479194,PRJNA1055047,3,1055047,SRS21482774,SAMN41607410,simple,208963,Pseudomonas aeruginosa UCBPP-PA14,GSM8297931,,,,,,,no,,,,,"HUNG LAB, MOLECULAR BIOLOGY, MASSACHUSETTS GENERAL HOSPITAL",SRA1883722,,public,CA2F1A211DE0A64CE10F1A9D95D4DEBE,077753F6CFEF3674BBA49CFEAFDEBF57
SRR29244780,2024-10-11 21:38:06,2024-05-31 07:22:09,2660525,109081525,0,41,47,,https://sra-downloadb.be-md.ncbi.nlm.nih.gov/sos13/sra-pub-zq-1307/SRR029/29244/SRR29244780/SRR29244780.lite.1,SRX24763248,GSM8297932,RNA-Seq,cDNA,TRANSCRIPTOMIC,SINGLE,0,0,ILLUMINA,Illumina NovaSeq 6000,SRP479194,PRJNA1055047,3,1055047,SRS21482775,SAMN41607409,simple,208963,Pseudomonas aeruginosa UCBPP-PA14,GSM8297932,,,,,,,no,,,,,"HUNG LAB, MOLECULAR BIOLOGY, MASSACHUSETTS GENERAL HOSPITAL",SRA1883722,,public,D2229FC163DE5A7345924019693EB533,0A4A449F3E9C88460BF1575BF2C2F98E
SRR29244781,2024-10-11 21:38:06,2024-05-31 07:22:33,2660525,131416815,0,49,61,,https://sra-downloadb.be-md.ncbi.nlm.nih.gov/sos13/sra-pub-zq-1307/SRR029/29244/SRR29244781/SRR29244781.lite.1,SRX24763248,GSM8297932,RNA-Seq,cDNA,TRANSCRIPTOMIC,SINGLE,0,0,ILLUMINA,Illumina NovaSeq 6000,SRP479194,PRJNA1055047,3,1055047,SRS21482775,SAMN41607409,simple,208963,Pseudomonas aeruginosa UCBPP-PA14,GSM8297932,,,,,,,no,,,,,"HUNG LAB, MOLECULAR BIOLOGY, MASSACHUSETTS GENERAL HOSPITAL",SRA1883722,,public,FB0FB9A0874C1D097F986C03A7543949,949281DEFB2EC321E299CDD7F659623D
SRR29244778,2024-10-11 21:38:06,2024-05-31 07:22:21,2870048,117671968,0,41,50,,https://sra-downloadb.be-md.ncbi.nlm.nih.gov/sos13/sra-pub-zq-1307/SRR029/29244/SRR29244778/SRR29244778.lite.1,SRX24763249,GSM8297933,RNA-Seq,cDNA,TRANSCRIPTOMIC,SINGLE,0,0,ILLUMINA,Illumina NovaSeq 6000,SRP479194,PRJNA1055047,3,1055047,SRS21482776,SAMN41607408,simple,208963,Pseudomonas aeruginosa UCBPP-PA14,GSM8297933,,,,,,,no,,,,,"HUNG LAB, MOLECULAR BIOLOGY, MASSACHUSETTS GENERAL HOSPITAL",SRA1883722,,public,53EBDF872B119B8F75F73F2E58D7463C,EB33EE2BAFB82A1BFF79040F81FD57AB
SRR29244779,2024-10-11 21:38:06,2024-05-31 07:22:19,2870048,141874468,0,49,65,,https://sra-downloadb.be-md.ncbi.nlm.nih.gov/sos13/sra-pub-zq-1307/SRR029/29244/SRR29244779/SRR29244779.lite.1,SRX24763249,GSM8297933,RNA-Seq,cDNA,TRANSCRIPTOMIC,SINGLE,0,0,ILLUMINA,Illumina NovaSeq 6000,SRP479194,PRJNA1055047,3,1055047,SRS21482776,SAMN41607408,simple,208963,Pseudomonas aeruginosa UCBPP-PA14,GSM8297933,,,,,,,no,,,,,"HUNG LAB, MOLECULAR BIOLOGY, MASSACHUSETTS GENERAL HOSPITAL",SRA1883722,,public,6E79A0B587E30047FAE5C10E562F80C5,56CFB604EB50DA33E93A3855892CABFC
SRR29244776,2024-10-11 21:38:06,2024-05-31 07:21:34,1878813,77031333,0,41,33,,https://sra-downloadb.be-md.ncbi.nlm.nih.gov/sos13/sra-pub-zq-1307/SRR029/29244/SRR29244776/SRR29244776.lite.1,SRX24763250,GSM8297934,RNA-Seq,cDNA,TRANSCRIPTOMIC,SINGLE,0,0,ILLUMINA,Illumina NovaSeq 6000,SRP479194,PRJNA1055047,3,1055047,SRS21482777,SAMN41607407,simple,208963,Pseudomonas aeruginosa UCBPP-PA14,GSM8297934,,,,,,,no,,,,,"HUNG LAB, MOLECULAR BIOLOGY, MASSACHUSETTS GENERAL HOSPITAL",SRA1883722,,public,69549FC919CA84F3CA6C41F26FA7A7E2,681C4DD9DFD43E1F7D6AA70C5C376056
SRR29244777,2024-10-11 21:38:06,2024-05-31 07:22:39,1878813,91479922,0,48,43,,https://sra-downloadb.be-md.ncbi.nlm.nih.gov/sos13/sra-pub-zq-1307/SRR029/29244/SRR29244777/SRR29244777.lite.1,SRX24763250,GSM8297934,RNA-Seq,cDNA,TRANSCRIPTOMIC,SINGLE,0,0,ILLUMINA,Illumina NovaSeq 6000,SRP479194,PRJNA1055047,3,1055047,SRS21482777,SAMN41607407,simple,208963,Pseudomonas aeruginosa UCBPP-PA14,GSM8297934,,,,,,,no,,,,,"HUNG LAB, MOLECULAR BIOLOGY, MASSACHUSETTS GENERAL HOSPITAL",SRA1883722,,public,43933E26B65D73D8CE9A96AB70AADF5D,8C3C8111A02A665356FD320B012CE476
SRR29244774,2024-10-11 21:38:06,2024-05-31 07:21:38,2047786,83959226,0,41,36,,https://sra-downloadb.be-md.ncbi.nlm.nih.gov/sos13/sra-pub-zq-1307/SRR029/29244/SRR29244774/SRR29244774.lite.1,SRX24763251,GSM8297935,RNA-Seq,cDNA,TRANSCRIPTOMIC,SINGLE,0,0,ILLUMINA,Illumina NovaSeq 6000,SRP479194,PRJNA1055047,3,1055047,SRS21482778,SAMN41607406,simple,208963,Pseudomonas aeruginosa UCBPP-PA14,GSM8297935,,,,,,,no,,,,,"HUNG LAB, MOLECULAR BIOLOGY, MASSACHUSETTS GENERAL HOSPITAL",SRA1883722,,public,E7F6ECEA5FC76924883911220FBEA771,1BC95BB89D172FC4E081C780D39B2395
SRR29244775,2024-10-11 21:38:06,2024-05-31 07:21:30,2047786,100345018,0,49,46,,https://sra-downloadb.be-md.ncbi.nlm.nih.gov/sos13/sra-pub-zq-1307/SRR029/29244/SRR29244775/SRR29244775.lite.1,SRX24763251,GSM8297935,RNA-Seq,cDNA,TRANSCRIPTOMIC,SINGLE,0,0,ILLUMINA,Illumina NovaSeq 6000,SRP479194,PRJNA1055047,3,1055047,SRS21482778,SAMN41607406,simple,208963,Pseudomonas aeruginosa UCBPP-PA14,GSM8297935,,,,,,,no,,,,,"HUNG LAB, MOLECULAR BIOLOGY, MASSACHUSETTS GENERAL HOSPITAL",SRA1883722,,public,A4A1CFBB5CE3B466F5B34CC60E4841AD,49D39C4044B6CAA734F8A1F30596AD22
SRR29244772,2024-10-11 21:38:06,2024-05-31 07:22:08,2263973,92822893,0,41,40,,https://sra-downloadb.be-md.ncbi.nlm.nih.gov/sos13/sra-pub-zq-1307/SRR029/29244/SRR29244772/SRR29244772.lite.1,SRX24763252,GSM8297936,RNA-Seq,cDNA,TRANSCRIPTOMIC,SINGLE,0,0,ILLUMINA,Illumina NovaSeq 6000,SRP479194,PRJNA1055047,3,1055047,SRS21482779,SAMN41607405,simple,208963,Pseudomonas aeruginosa UCBPP-PA14,GSM8297936,,,,,,,no,,,,,"HUNG LAB, MOLECULAR BIOLOGY, MASSACHUSETTS GENERAL HOSPITAL",SRA1883722,,public,D9EF1F0D539909C72840EA22512516E3,B43BE7FE3528D281AC80C636545C4F48
SRR29244773,2024-10-11 21:38:06,2024-05-31 07:21:38,2263973,110926240,0,48,51,,https://sra-downloadb.be-md.ncbi.nlm.nih.gov/sos13/sra-pub-zq-1307/SRR029/29244/SRR29244773/SRR29244773.lite.1,SRX24763252,GSM8297936,RNA-Seq,cDNA,TRANSCRIPTOMIC,SINGLE,0,0,ILLUMINA,Illumina NovaSeq 6000,SRP479194,PRJNA1055047,3,1055047,SRS21482779,SAMN41607405,simple,208963,Pseudomonas aeruginosa UCBPP-PA14,GSM8297936,,,,,,,no,,,,,"HUNG LAB, MOLECULAR BIOLOGY, MASSACHUSETTS GENERAL HOSPITAL",SRA1883722,,public,362B9AAE934F033455B368A4B8C07D14,FF23124EFDC1E98D12D3388D6E7A0972
SRR29244770,2024-10-11 21:38:06,2024-05-31 07:21:40,2888519,118429279,0,41,50,,https://sra-downloadb.be-md.ncbi.nlm.nih.gov/sos13/sra-pub-zq-1307/SRR029/29244/SRR29244770/SRR29244770.lite.1,SRX24763253,GSM8297937,RNA-Seq,cDNA,TRANSCRIPTOMIC,SINGLE,0,0,ILLUMINA,Illumina NovaSeq 6000,SRP479194,PRJNA1055047,3,1055047,SRS21482781,SAMN41607404,simple,208963,Pseudomonas aeruginosa UCBPP-PA14,GSM8297937,,,,,,,no,,,,,"HUNG LAB, MOLECULAR BIOLOGY, MASSACHUSETTS GENERAL HOSPITAL",SRA1883722,,public,9D3814D06C38F16E16F875D497C767C6,C062C9DB3F10C00562754EE12C3D77B2
SRR29244771,2024-10-11 21:38:06,2024-05-31 07:22:22,2888519,142100681,0,49,66,,https://sra-downloadb.be-md.ncbi.nlm.nih.gov/sos13/sra-pub-zq-1307/SRR029/29244/SRR29244771/SRR29244771.lite.1,SRX24763253,GSM8297937,RNA-Seq,cDNA,TRANSCRIPTOMIC,SINGLE,0,0,ILLUMINA,Illumina NovaSeq 6000,SRP479194,PRJNA1055047,3,1055047,SRS21482781,SAMN41607404,simple,208963,Pseudomonas aeruginosa UCBPP-PA14,GSM8297937,,,,,,,no,,,,,"HUNG LAB, MOLECULAR BIOLOGY, MASSACHUSETTS GENERAL HOSPITAL",SRA1883722,,public,AC967C9B6BBB75B514E2B459AAD9F264,1CBB0EB932A7BD24F4EF91259649B4D6
SRR29244768,2024-10-11 21:38:06,2024-05-31 07:22:22,3078320,126211120,0,41,54,,https://sra-downloadb.be-md.ncbi.nlm.nih.gov/sos13/sra-pub-zq-1307/SRR029/29244/SRR29244768/SRR29244768.lite.1,SRX24763254,GSM8297938,RNA-Seq,cDNA,TRANSCRIPTOMIC,SINGLE,0,0,ILLUMINA,Illumina NovaSeq 6000,SRP479194,PRJNA1055047,3,1055047,SRS21482780,SAMN41607403,simple,208963,Pseudomonas aeruginosa UCBPP-PA14,GSM8297938,,,,,,,no,,,,,"HUNG LAB, MOLECULAR BIOLOGY, MASSACHUSETTS GENERAL HOSPITAL",SRA1883722,,public,691F709E0DA113D86D4AA7317EA6F65F,AD2FD2BADB69DDE474B02F15E8364ACD
SRR29244769,2024-10-11 21:38:06,2024-05-31 07:22:26,3078320,151212153,0,49,70,,https://sra-downloadb.be-md.ncbi.nlm.nih.gov/sos13/sra-pub-zq-1307/SRR029/29244/SRR29244769/SRR29244769.lite.1,SRX24763254,GSM8297938,RNA-Seq,cDNA,TRANSCRIPTOMIC,SINGLE,0,0,ILLUMINA,Illumina NovaSeq 6000,SRP479194,PRJNA1055047,3,1055047,SRS21482780,SAMN41607403,simple,208963,Pseudomonas aeruginosa UCBPP-PA14,GSM8297938,,,,,,,no,,,,,"HUNG LAB, MOLECULAR BIOLOGY, MASSACHUSETTS GENERAL HOSPITAL",SRA1883722,,public,7CFEA8F412659544B081A7181308F2C6,C4233E355C317051912E13289C64CD15
SRR29244766,2024-10-11 21:38:07,2024-05-31 07:21:59,1895636,77721076,0,41,33,,https://sra-downloadb.be-md.ncbi.nlm.nih.gov/sos13/sra-pub-zq-1307/SRR029/29244/SRR29244766/SRR29244766.lite.1,SRX24763255,GSM8297939,RNA-Seq,cDNA,TRANSCRIPTOMIC,SINGLE,0,0,ILLUMINA,Illumina NovaSeq 6000,SRP479194,PRJNA1055047,3,1055047,SRS21482782,SAMN41607402,simple,208963,Pseudomonas aeruginosa UCBPP-PA14,GSM8297939,,,,,,,no,,,,,"HUNG LAB, MOLECULAR BIOLOGY, MASSACHUSETTS GENERAL HOSPITAL",SRA1883722,,public,866FF046BA456A37D30712F7F52C2C5C,985B9F76DA7CFA5DF0F8F5AD0026F2A8
SRR29244767,2024-10-11 21:38:07,2024-05-31 07:22:12,1895636,92944458,0,49,43,,https://sra-downloadb.be-md.ncbi.nlm.nih.gov/sos13/sra-pub-zq-1307/SRR029/29244/SRR29244767/SRR29244767.lite.1,SRX24763255,GSM8297939,RNA-Seq,cDNA,TRANSCRIPTOMIC,SINGLE,0,0,ILLUMINA,Illumina NovaSeq 6000,SRP479194,PRJNA1055047,3,1055047,SRS21482782,SAMN41607402,simple,208963,Pseudomonas aeruginosa UCBPP-PA14,GSM8297939,,,,,,,no,,,,,"HUNG LAB, MOLECULAR BIOLOGY, MASSACHUSETTS GENERAL HOSPITAL",SRA1883722,,public,BD2D06CB1AF68F98844FDC4DA2A816FB,94730C8E904CB3F79D517559ED533033
SRR29244764,2024-10-11 21:38:07,2024-05-31 07:22:29,2355355,96569555,0,41,41,,https://sra-downloadb.be-md.ncbi.nlm.nih.gov/sos13/sra-pub-zq-1307/SRR029/29244/SRR29244764/SRR29244764.lite.1,SRX24763256,GSM8297940,RNA-Seq,cDNA,TRANSCRIPTOMIC,SINGLE,0,0,ILLUMINA,Illumina NovaSeq 6000,SRP479194,PRJNA1055047,3,1055047,SRS21482785,SAMN41607401,simple,208963,Pseudomonas aeruginosa UCBPP-PA14,GSM8297940,,,,,,,no,,,,,"HUNG LAB, MOLECULAR BIOLOGY, MASSACHUSETTS GENERAL HOSPITAL",SRA1883722,,public,CDBD001CA104395B3EC4BB86394A597D,EF28EA2850687433D5855D9ECBE856EC
SRR29244765,2024-10-11 21:38:07,2024-05-31 07:22:13,2355355,115626474,0,49,53,,https://sra-downloadb.be-md.ncbi.nlm.nih.gov/sos13/sra-pub-zq-1307/SRR029/29244/SRR29244765/SRR29244765.lite.1,SRX24763256,GSM8297940,RNA-Seq,cDNA,TRANSCRIPTOMIC,SINGLE,0,0,ILLUMINA,Illumina NovaSeq 6000,SRP479194,PRJNA1055047,3,1055047,SRS21482785,SAMN41607401,simple,208963,Pseudomonas aeruginosa UCBPP-PA14,GSM8297940,,,,,,,no,,,,,"HUNG LAB, MOLECULAR BIOLOGY, MASSACHUSETTS GENERAL HOSPITAL",SRA1883722,,public,0B3FF45194E0E74489D2F42BA8D129DF,2F9A5F2E00B4B4C5E951145FE4C57FCE
SRR29244762,2024-10-11 21:38:07,2024-05-31 07:22:03,4426936,181504376,0,41,78,,https://sra-downloadb.be-md.ncbi.nlm.nih.gov/sos13/sra-pub-zq-1307/SRR029/29244/SRR29244762/SRR29244762.lite.1,SRX24763257,GSM8297941,RNA-Seq,cDNA,TRANSCRIPTOMIC,SINGLE,0,0,ILLUMINA,Illumina NovaSeq 6000,SRP479194,PRJNA1055047,3,1055047,SRS21482786,SAMN41607400,simple,208963,Pseudomonas aeruginosa UCBPP-PA14,GSM8297941,,,,,,,no,,,,,"HUNG LAB, MOLECULAR BIOLOGY, MASSACHUSETTS GENERAL HOSPITAL",SRA1883722,,public,EE027A1C9FDB2CCBA0E3836A5B90B840,76878C5E06AE5EFD05B6AB255A2B3D64
SRR29244763,2024-10-11 21:38:07,2024-05-31 07:22:29,4426936,218886164,0,49,102,,https://sra-downloadb.be-md.ncbi.nlm.nih.gov/sos13/sra-pub-zq-1307/SRR029/29244/SRR29244763/SRR29244763.lite.1,SRX24763257,GSM8297941,RNA-Seq,cDNA,TRANSCRIPTOMIC,SINGLE,0,0,ILLUMINA,Illumina NovaSeq 6000,SRP479194,PRJNA1055047,3,1055047,SRS21482786,SAMN41607400,simple,208963,Pseudomonas aeruginosa UCBPP-PA14,GSM8297941,,,,,,,no,,,,,"HUNG LAB, MOLECULAR BIOLOGY, MASSACHUSETTS GENERAL HOSPITAL",SRA1883722,,public,29940767917B70FA150706B6F61C36CC,553B49E812E0778B8AB1452F1A7024F7
SRR29244760,2024-10-11 21:38:07,2024-05-31 07:22:14,3340494,136960254,0,41,58,,https://sra-downloadb.be-md.ncbi.nlm.nih.gov/sos13/sra-pub-zq-1307/SRR029/29244/SRR29244760/SRR29244760.lite.1,SRX24763258,GSM8297942,RNA-Seq,cDNA,TRANSCRIPTOMIC,SINGLE,0,0,ILLUMINA,Illumina NovaSeq 6000,SRP479194,PRJNA1055047,3,1055047,SRS21482784,SAMN41607399,simple,208963,Pseudomonas aeruginosa UCBPP-PA14,GSM8297942,,,,,,,no,,,,,"HUNG LAB, MOLECULAR BIOLOGY, MASSACHUSETTS GENERAL HOSPITAL",SRA1883722,,public,88C51EBC091AF697DF598F2D0B4B4B2E,E24F1DB07A4D8E649AD533E44AF3B0A6
SRR29244761,2024-10-11 21:38:07,2024-05-31 07:22:19,3340494,164091516,0,49,77,,https://sra-downloadb.be-md.ncbi.nlm.nih.gov/sos13/sra-pub-zq-1307/SRR029/29244/SRR29244761/SRR29244761.lite.1,SRX24763258,GSM8297942,RNA-Seq,cDNA,TRANSCRIPTOMIC,SINGLE,0,0,ILLUMINA,Illumina NovaSeq 6000,SRP479194,PRJNA1055047,3,1055047,SRS21482784,SAMN41607399,simple,208963,Pseudomonas aeruginosa UCBPP-PA14,GSM8297942,,,,,,,no,,,,,"HUNG LAB, MOLECULAR BIOLOGY, MASSACHUSETTS GENERAL HOSPITAL",SRA1883722,,public,6C753235897E3D1F6ADEB37233CF8CBF,6DBB1DFB7F33AB01A833A294795EFAEE
SRR29244758,2024-10-11 21:38:07,2024-05-31 07:22:07,5857957,240176237,0,41,103,,https://sra-downloadb.be-md.ncbi.nlm.nih.gov/sos13/sra-pub-zq-1307/SRR029/29244/SRR29244758/SRR29244758.lite.1,SRX24763259,GSM8297943,RNA-Seq,cDNA,TRANSCRIPTOMIC,SINGLE,0,0,ILLUMINA,Illumina NovaSeq 6000,SRP479194,PRJNA1055047,3,1055047,SRS21482783,SAMN41607398,simple,208963,Pseudomonas aeruginosa UCBPP-PA14,GSM8297943,,,,,,,no,,,,,"HUNG LAB, MOLECULAR BIOLOGY, MASSACHUSETTS GENERAL HOSPITAL",SRA1883722,,public,FD647FF1F68DB8038D1CFED78135B278,4345278268A18F0D8710B8708E91F8D3
SRR29244759,2024-10-11 21:38:07,2024-05-31 07:22:34,5857957,288201084,0,49,136,,https://sra-downloadb.be-md.ncbi.nlm.nih.gov/sos13/sra-pub-zq-1307/SRR029/29244/SRR29244759/SRR29244759.lite.1,SRX24763259,GSM8297943,RNA-Seq,cDNA,TRANSCRIPTOMIC,SINGLE,0,0,ILLUMINA,Illumina NovaSeq 6000,SRP479194,PRJNA1055047,3,1055047,SRS21482783,SAMN41607398,simple,208963,Pseudomonas aeruginosa UCBPP-PA14,GSM8297943,,,,,,,no,,,,,"HUNG LAB, MOLECULAR BIOLOGY, MASSACHUSETTS GENERAL HOSPITAL",SRA1883722,,public,715ED1B6C3A72EC0ABE8EEDD15CE8A50,F130B1151E52AA5509BF2E6D0FCE41E5
SRR29244756,2024-10-11 21:38:07,2024-05-31 07:21:35,4195395,172011195,0,41,74,,https://sra-downloadb.be-md.ncbi.nlm.nih.gov/sos13/sra-pub-zq-1307/SRR029/29244/SRR29244756/SRR29244756.lite.1,SRX24763260,GSM8297944,RNA-Seq,cDNA,TRANSCRIPTOMIC,SINGLE,0,0,ILLUMINA,Illumina NovaSeq 6000,SRP479194,PRJNA1055047,3,1055047,SRS21482787,SAMN41607397,simple,208963,Pseudomonas aeruginosa UCBPP-PA14,GSM8297944,,,,,,,no,,,,,"HUNG LAB, MOLECULAR BIOLOGY, MASSACHUSETTS GENERAL HOSPITAL",SRA1883722,,public,1EE8D7DAEB00E59318AD601F09CFC72E,86AC5948E7257E7DC3620382E10A3F8A
SRR29244757,2024-10-11 21:38:07,2024-05-31 07:22:26,4195395,205720484,0,49,95,,https://sra-downloadb.be-md.ncbi.nlm.nih.gov/sos13/sra-pub-zq-1307/SRR029/29244/SRR29244757/SRR29244757.lite.1,SRX24763260,GSM8297944,RNA-Seq,cDNA,TRANSCRIPTOMIC,SINGLE,0,0,ILLUMINA,Illumina NovaSeq 6000,SRP479194,PRJNA1055047,3,1055047,SRS21482787,SAMN41607397,simple,208963,Pseudomonas aeruginosa UCBPP-PA14,GSM8297944,,,,,,,no,,,,,"HUNG LAB, MOLECULAR BIOLOGY, MASSACHUSETTS GENERAL HOSPITAL",SRA1883722,,public,C078D7638109EDA8773CD21675F7747A,236DEF5BF79BC06FC0CD6AD76A9E7F3D
SRR29244754,2024-10-11 21:38:10,2024-05-31 07:21:58,2853068,116975788,0,41,50,,https://sra-downloadb.be-md.ncbi.nlm.nih.gov/sos13/sra-pub-zq-1307/SRR029/29244/SRR29244754/SRR29244754.lite.1,SRX24763261,GSM8297977,RNA-Seq,cDNA,TRANSCRIPTOMIC,SINGLE,0,0,ILLUMINA,Illumina NovaSeq 6000,SRP479194,PRJNA1055047,3,1055047,SRS21482788,SAMN41607364,simple,208963,Pseudomonas aeruginosa UCBPP-PA14,GSM8297977,,,,,,,no,,,,,"HUNG LAB, MOLECULAR BIOLOGY, MASSACHUSETTS GENERAL HOSPITAL",SRA1883722,,public,6D3008811AECDD79DAD3E54303AFDC8D,ADE50D2C69F55809BEB69E4D2287BDD6
SRR29244755,2024-10-11 21:38:10,2024-05-31 07:22:11,2853068,138869355,0,48,65,,https://sra-downloadb.be-md.ncbi.nlm.nih.gov/sos13/sra-pub-zq-1307/SRR029/29244/SRR29244755/SRR29244755.lite.1,SRX24763261,GSM8297977,RNA-Seq,cDNA,TRANSCRIPTOMIC,SINGLE,0,0,ILLUMINA,Illumina NovaSeq 6000,SRP479194,PRJNA1055047,3,1055047,SRS21482788,SAMN41607364,simple,208963,Pseudomonas aeruginosa UCBPP-PA14,GSM8297977,,,,,,,no,,,,,"HUNG LAB, MOLECULAR BIOLOGY, MASSACHUSETTS GENERAL HOSPITAL",SRA1883722,,public,BAF64C3D3DD614B19A14137E8FEBD513,7FE0AE92F02BC8CEA4F384AC5377BA31
SRR29244752,2024-10-11 21:38:10,2024-05-31 07:22:04,2684566,110067206,0,41,47,,https://sra-downloadb.be-md.ncbi.nlm.nih.gov/sos13/sra-pub-zq-1307/SRR029/29244/SRR29244752/SRR29244752.lite.1,SRX24763262,GSM8297978,RNA-Seq,cDNA,TRANSCRIPTOMIC,SINGLE,0,0,ILLUMINA,Illumina NovaSeq 6000,SRP479194,PRJNA1055047,3,1055047,SRS21482789,SAMN41607363,simple,208963,Pseudomonas aeruginosa UCBPP-PA14,GSM8297978,,,,,,,no,,,,,"HUNG LAB, MOLECULAR BIOLOGY, MASSACHUSETTS GENERAL HOSPITAL",SRA1883722,,public,13D4517E745FAAA8CF08757F41CB980F,DF8184CFA8BB2CDAB01AA1A57BABD05C
SRR29244753,2024-10-11 21:38:10,2024-05-31 07:21:26,2684566,132041080,0,49,62,,https://sra-downloadb.be-md.ncbi.nlm.nih.gov/sos13/sra-pub-zq-1307/SRR029/29244/SRR29244753/SRR29244753.lite.1,SRX24763262,GSM8297978,RNA-Seq,cDNA,TRANSCRIPTOMIC,SINGLE,0,0,ILLUMINA,Illumina NovaSeq 6000,SRP479194,PRJNA1055047,3,1055047,SRS21482789,SAMN41607363,simple,208963,Pseudomonas aeruginosa UCBPP-PA14,GSM8297978,,,,,,,no,,,,,"HUNG LAB, MOLECULAR BIOLOGY, MASSACHUSETTS GENERAL HOSPITAL",SRA1883722,,public,7B7E413F5391A7E93804892DEB3E9720,6E29F16CC37A7025FE3A09839E1B9830
SRR29244750,2024-10-11 21:38:10,2024-05-31 07:21:57,4947149,202833109,0,41,88,,https://sra-downloadb.be-md.ncbi.nlm.nih.gov/sos13/sra-pub-zq-1307/SRR029/29244/SRR29244750/SRR29244750.lite.1,SRX24763263,GSM8297979,RNA-Seq,cDNA,TRANSCRIPTOMIC,SINGLE,0,0,ILLUMINA,Illumina NovaSeq 6000,SRP479194,PRJNA1055047,3,1055047,SRS21482790,SAMN41607362,simple,208963,Pseudomonas aeruginosa UCBPP-PA14,GSM8297979,,,,,,,no,,,,,"HUNG LAB, MOLECULAR BIOLOGY, MASSACHUSETTS GENERAL HOSPITAL",SRA1883722,,public,4BAA4600F9EE05E003B0D0AA1509AD51,09C88B5FEF69A451E633E4494F7B2856
SRR29244751,2024-10-11 21:38:11,2024-05-31 07:21:29,4947149,244706913,0,49,114,,https://sra-downloadb.be-md.ncbi.nlm.nih.gov/sos13/sra-pub-zq-1307/SRR029/29244/SRR29244751/SRR29244751.lite.1,SRX24763263,GSM8297979,RNA-Seq,cDNA,TRANSCRIPTOMIC,SINGLE,0,0,ILLUMINA,Illumina NovaSeq 6000,SRP479194,PRJNA1055047,3,1055047,SRS21482790,SAMN41607362,simple,208963,Pseudomonas aeruginosa UCBPP-PA14,GSM8297979,,,,,,,no,,,,,"HUNG LAB, MOLECULAR BIOLOGY, MASSACHUSETTS GENERAL HOSPITAL",SRA1883722,,public,538AD3EC71382706212E5DBB359C6A29,7C3D672CBCE298932F357B2551499EB3
SRR29244748,2024-10-11 21:38:11,2024-05-31 07:22:05,2574912,105571392,0,41,45,,https://sra-downloadb.be-md.ncbi.nlm.nih.gov/sos13/sra-pub-zq-1307/SRR029/29244/SRR29244748/SRR29244748.lite.1,SRX24763264,GSM8297980,RNA-Seq,cDNA,TRANSCRIPTOMIC,SINGLE,0,0,ILLUMINA,Illumina NovaSeq 6000,SRP479194,PRJNA1055047,3,1055047,SRS21482791,SAMN41607361,simple,208963,Pseudomonas aeruginosa UCBPP-PA14,GSM8297980,,,,,,,no,,,,,"HUNG LAB, MOLECULAR BIOLOGY, MASSACHUSETTS GENERAL HOSPITAL",SRA1883722,,public,0E962809A6BA0E8165BC34C7A9A5668C,1C67EA19BB6338741066C6582C136724
SRR29244749,2024-10-11 21:38:11,2024-05-31 07:22:01,2574912,126692368,0,49,59,,https://sra-downloadb.be-md.ncbi.nlm.nih.gov/sos13/sra-pub-zq-1307/SRR029/29244/SRR29244749/SRR29244749.lite.1,SRX24763264,GSM8297980,RNA-Seq,cDNA,TRANSCRIPTOMIC,SINGLE,0,0,ILLUMINA,Illumina NovaSeq 6000,SRP479194,PRJNA1055047,3,1055047,SRS21482791,SAMN41607361,simple,208963,Pseudomonas aeruginosa UCBPP-PA14,GSM8297980,,,,,,,no,,,,,"HUNG LAB, MOLECULAR BIOLOGY, MASSACHUSETTS GENERAL HOSPITAL",SRA1883722,,public,783F17159B47D005C96A40D8EC3259E8,BCB20C67B467C9C9E1B1A4B554B28FA3
SRR29244746,2024-10-11 21:38:11,2024-05-31 07:21:37,2073431,85010671,0,41,36,,https://sra-downloadb.be-md.ncbi.nlm.nih.gov/sos13/sra-pub-zq-1307/SRR029/29244/SRR29244746/SRR29244746.lite.1,SRX24763265,GSM8297981,RNA-Seq,cDNA,TRANSCRIPTOMIC,SINGLE,0,0,ILLUMINA,Illumina NovaSeq 6000,SRP479194,PRJNA1055047,3,1055047,SRS21482792,SAMN41607360,simple,208963,Pseudomonas aeruginosa UCBPP-PA14,GSM8297981,,,,,,,no,,,,,"HUNG LAB, MOLECULAR BIOLOGY, MASSACHUSETTS GENERAL HOSPITAL",SRA1883722,,public,F80EF17A121A7D39652A97538A935135,E5A659D6B013889C71294C9BE799626A
SRR29244747,2024-10-11 21:38:11,2024-05-31 07:21:58,2073431,101963286,0,49,47,,https://sra-downloadb.be-md.ncbi.nlm.nih.gov/sos13/sra-pub-zq-1307/SRR029/29244/SRR29244747/SRR29244747.lite.1,SRX24763265,GSM8297981,RNA-Seq,cDNA,TRANSCRIPTOMIC,SINGLE,0,0,ILLUMINA,Illumina NovaSeq 6000,SRP479194,PRJNA1055047,3,1055047,SRS21482792,SAMN41607360,simple,208963,Pseudomonas aeruginosa UCBPP-PA14,GSM8297981,,,,,,,no,,,,,"HUNG LAB, MOLECULAR BIOLOGY, MASSACHUSETTS GENERAL HOSPITAL",SRA1883722,,public,AAACE703E83D6A438D3ECA02D3AD3F43,BEF2B579EAA66D3865BA4C3B9C6E43A3
SRR29244744,2024-10-11 21:38:11,2024-05-31 07:22:14,3925885,160961285,0,41,69,,https://sra-downloadb.be-md.ncbi.nlm.nih.gov/sos13/sra-pub-zq-1307/SRR029/29244/SRR29244744/SRR29244744.lite.1,SRX24763266,GSM8297982,RNA-Seq,cDNA,TRANSCRIPTOMIC,SINGLE,0,0,ILLUMINA,Illumina NovaSeq 6000,SRP479194,PRJNA1055047,3,1055047,SRS21482793,SAMN41607359,simple,208963,Pseudomonas aeruginosa UCBPP-PA14,GSM8297982,,,,,,,no,,,,,"HUNG LAB, MOLECULAR BIOLOGY, MASSACHUSETTS GENERAL HOSPITAL",SRA1883722,,public,BBE908766A2735EE7F68A781EBF19E05,A11C17BFA716CA72E9086F9992CD8729
SRR29244745,2024-10-11 21:38:11,2024-05-31 07:21:48,3925885,192558917,0,49,90,,https://sra-downloadb.be-md.ncbi.nlm.nih.gov/sos13/sra-pub-zq-1307/SRR029/29244/SRR29244745/SRR29244745.lite.1,SRX24763266,GSM8297982,RNA-Seq,cDNA,TRANSCRIPTOMIC,SINGLE,0,0,ILLUMINA,Illumina NovaSeq 6000,SRP479194,PRJNA1055047,3,1055047,SRS21482793,SAMN41607359,simple,208963,Pseudomonas aeruginosa UCBPP-PA14,GSM8297982,,,,,,,no,,,,,"HUNG LAB, MOLECULAR BIOLOGY, MASSACHUSETTS GENERAL HOSPITAL",SRA1883722,,public,42EF8F7E6167B7A153C0CBE4B77CE3B9,A5A1B3834CAC67DB7E30070E74A1B636
SRR29244742,2024-10-11 21:38:11,2024-05-31 07:21:54,3880125,159085125,0,41,67,,https://sra-downloadb.be-md.ncbi.nlm.nih.gov/sos13/sra-pub-zq-1307/SRR029/29244/SRR29244742/SRR29244742.lite.1,SRX24763267,GSM8297983,RNA-Seq,cDNA,TRANSCRIPTOMIC,SINGLE,0,0,ILLUMINA,Illumina NovaSeq 6000,SRP479194,PRJNA1055047,3,1055047,SRS21482794,SAMN41607358,simple,208963,Pseudomonas aeruginosa UCBPP-PA14,GSM8297983,,,,,,,no,,,,,"HUNG LAB, MOLECULAR BIOLOGY, MASSACHUSETTS GENERAL HOSPITAL",SRA1883722,,public,175FE8F43C366D097F3AB62A19D8EB23,D42BF5A6CFF76306DCD3D86795AB83AD
SRR29244743,2024-10-11 21:38:11,2024-05-31 07:22:14,3880125,192555222,0,49,87,,https://sra-downloadb.be-md.ncbi.nlm.nih.gov/sos13/sra-pub-zq-1307/SRR029/29244/SRR29244743/SRR29244743.lite.1,SRX24763267,GSM8297983,RNA-Seq,cDNA,TRANSCRIPTOMIC,SINGLE,0,0,ILLUMINA,Illumina NovaSeq 6000,SRP479194,PRJNA1055047,3,1055047,SRS21482794,SAMN41607358,simple,208963,Pseudomonas aeruginosa UCBPP-PA14,GSM8297983,,,,,,,no,,,,,"HUNG LAB, MOLECULAR BIOLOGY, MASSACHUSETTS GENERAL HOSPITAL",SRA1883722,,public,B113ED90BE27BCD2CFEC698838F185DD,61B0AA6BC0AE8E66F9C33E1A748B7505
SRR29244740,2024-10-11 21:38:11,2024-05-31 07:22:00,3759614,154144174,0,41,64,,https://sra-downloadb.be-md.ncbi.nlm.nih.gov/sos13/sra-pub-zq-1307/SRR029/29244/SRR29244740/SRR29244740.lite.1,SRX24763268,GSM8297984,RNA-Seq,cDNA,TRANSCRIPTOMIC,SINGLE,0,0,ILLUMINA,Illumina NovaSeq 6000,SRP479194,PRJNA1055047,3,1055047,SRS21482795,SAMN41607357,simple,208963,Pseudomonas aeruginosa UCBPP-PA14,GSM8297984,,,,,,,no,,,,,"HUNG LAB, MOLECULAR BIOLOGY, MASSACHUSETTS GENERAL HOSPITAL",SRA1883722,,public,70A721DAF5E0544CA069AE45F0C3AADA,B8C64EA3BEF1F3CA9296260B373B454E
SRR29244741,2024-10-11 21:38:11,2024-05-31 07:21:47,3759614,186686284,0,49,84,,https://sra-downloadb.be-md.ncbi.nlm.nih.gov/sos13/sra-pub-zq-1307/SRR029/29244/SRR29244741/SRR29244741.lite.1,SRX24763268,GSM8297984,RNA-Seq,cDNA,TRANSCRIPTOMIC,SINGLE,0,0,ILLUMINA,Illumina NovaSeq 6000,SRP479194,PRJNA1055047,3,1055047,SRS21482795,SAMN41607357,simple,208963,Pseudomonas aeruginosa UCBPP-PA14,GSM8297984,,,,,,,no,,,,,"HUNG LAB, MOLECULAR BIOLOGY, MASSACHUSETTS GENERAL HOSPITAL",SRA1883722,,public,59F33C9AF72EDBF02B71288C73AF41EA,18EA82DD829E525450921F8D224D59F1
SRR29244738,2024-10-11 21:38:12,2024-05-31 07:22:02,5738538,235280058,0,41,99,,https://sra-downloadb.be-md.ncbi.nlm.nih.gov/sos13/sra-pub-zq-1307/SRR029/29244/SRR29244738/SRR29244738.lite.1,SRX24763269,GSM8297985,RNA-Seq,cDNA,TRANSCRIPTOMIC,SINGLE,0,0,ILLUMINA,Illumina NovaSeq 6000,SRP479194,PRJNA1055047,3,1055047,SRS21482796,SAMN41607356,simple,208963,Pseudomonas aeruginosa UCBPP-PA14,GSM8297985,,,,,,,no,,,,,"HUNG LAB, MOLECULAR BIOLOGY, MASSACHUSETTS GENERAL HOSPITAL",SRA1883722,,public,5C3117C356E2BB463104CCCFA1C268A0,BD3E92ECDA4938D6AC3D5506FF2614D4
SRR29244739,2024-10-11 21:38:12,2024-05-31 07:21:26,5738538,284795683,0,49,128,,https://sra-downloadb.be-md.ncbi.nlm.nih.gov/sos13/sra-pub-zq-1307/SRR029/29244/SRR29244739/SRR29244739.lite.1,SRX24763269,GSM8297985,RNA-Seq,cDNA,TRANSCRIPTOMIC,SINGLE,0,0,ILLUMINA,Illumina NovaSeq 6000,SRP479194,PRJNA1055047,3,1055047,SRS21482796,SAMN41607356,simple,208963,Pseudomonas aeruginosa UCBPP-PA14,GSM8297985,,,,,,,no,,,,,"HUNG LAB, MOLECULAR BIOLOGY, MASSACHUSETTS GENERAL HOSPITAL",SRA1883722,,public,1C3373F973BC187464B3F473C4527369,C883720744420DD843D9D83555BAF5AC
SRR29244736,2024-10-11 21:38:12,2024-05-31 07:21:46,3128324,128261284,0,41,53,,https://sra-downloadb.be-md.ncbi.nlm.nih.gov/sos13/sra-pub-zq-1307/SRR029/29244/SRR29244736/SRR29244736.lite.1,SRX24763270,GSM8297986,RNA-Seq,cDNA,TRANSCRIPTOMIC,SINGLE,0,0,ILLUMINA,Illumina NovaSeq 6000,SRP479194,PRJNA1055047,3,1055047,SRS21482797,SAMN41607355,simple,208963,Pseudomonas aeruginosa UCBPP-PA14,GSM8297986,,,,,,,no,,,,,"HUNG LAB, MOLECULAR BIOLOGY, MASSACHUSETTS GENERAL HOSPITAL",SRA1883722,,public,6861B49221BFFAB80AE9290263760866,5AA83714A46A7624E52B9C09C66AF43C
SRR29244737,2024-10-11 21:38:12,2024-05-31 07:21:07,3128324,153949960,0,49,70,,https://sra-downloadb.be-md.ncbi.nlm.nih.gov/sos13/sra-pub-zq-1307/SRR029/29244/SRR29244737/SRR29244737.lite.1,SRX24763270,GSM8297986,RNA-Seq,cDNA,TRANSCRIPTOMIC,SINGLE,0,0,ILLUMINA,Illumina NovaSeq 6000,SRP479194,PRJNA1055047,3,1055047,SRS21482797,SAMN41607355,simple,208963,Pseudomonas aeruginosa UCBPP-PA14,GSM8297986,,,,,,,no,,,,,"HUNG LAB, MOLECULAR BIOLOGY, MASSACHUSETTS GENERAL HOSPITAL",SRA1883722,,public,71271D657F83129737991FEDFE85F141,5DA013B0DE51ABCDEA3BE0171D76D933
SRR29244734,2024-10-11 21:38:12,2024-05-31 07:21:35,3928408,161064728,0,41,66,,https://sra-downloadb.be-md.ncbi.nlm.nih.gov/sos13/sra-pub-zq-1307/SRR029/29244/SRR29244734/SRR29244734.lite.1,SRX24763271,GSM8297987,RNA-Seq,cDNA,TRANSCRIPTOMIC,SINGLE,0,0,ILLUMINA,Illumina NovaSeq 6000,SRP479194,PRJNA1055047,3,1055047,SRS21482798,SAMN41607354,simple,208963,Pseudomonas aeruginosa UCBPP-PA14,GSM8297987,,,,,,,no,,,,,"HUNG LAB, MOLECULAR BIOLOGY, MASSACHUSETTS GENERAL HOSPITAL",SRA1883722,,public,7ED364912E9D3EEADF0F0B474E055FB1,C77BC1BE7134943E71C3C980F0EAA20F
SRR29244735,2024-10-11 21:38:12,2024-05-31 07:21:44,3928408,193572358,0,49,87,,https://sra-downloadb.be-md.ncbi.nlm.nih.gov/sos13/sra-pub-zq-1307/SRR029/29244/SRR29244735/SRR29244735.lite.1,SRX24763271,GSM8297987,RNA-Seq,cDNA,TRANSCRIPTOMIC,SINGLE,0,0,ILLUMINA,Illumina NovaSeq 6000,SRP479194,PRJNA1055047,3,1055047,SRS21482798,SAMN41607354,simple,208963,Pseudomonas aeruginosa UCBPP-PA14,GSM8297987,,,,,,,no,,,,,"HUNG LAB, MOLECULAR BIOLOGY, MASSACHUSETTS GENERAL HOSPITAL",SRA1883722,,public,05D42D9D113AE9E9FD8E6387BE786EEC,E103206196EA6E3EE6BA9E196419973F
SRR29244732,2024-10-11 21:38:12,2024-05-31 07:21:40,2574454,105552614,0,41,43,,https://sra-downloadb.be-md.ncbi.nlm.nih.gov/sos13/sra-pub-zq-1307/SRR029/29244/SRR29244732/SRR29244732.lite.1,SRX24763272,GSM8297988,RNA-Seq,cDNA,TRANSCRIPTOMIC,SINGLE,0,0,ILLUMINA,Illumina NovaSeq 6000,SRP479194,PRJNA1055047,3,1055047,SRS21482799,SAMN41607353,simple,208963,Pseudomonas aeruginosa UCBPP-PA14,GSM8297988,,,,,,,no,,,,,"HUNG LAB, MOLECULAR BIOLOGY, MASSACHUSETTS GENERAL HOSPITAL",SRA1883722,,public,5617151C3E2D3B8C6BC31D2B494EE435,20B110DD5329190E588F3B2034C9EADE
SRR29244733,2024-10-11 21:38:12,2024-05-31 07:22:14,2574454,126671207,0,49,57,,https://sra-downloadb.be-md.ncbi.nlm.nih.gov/sos13/sra-pub-zq-1307/SRR029/29244/SRR29244733/SRR29244733.lite.1,SRX24763272,GSM8297988,RNA-Seq,cDNA,TRANSCRIPTOMIC,SINGLE,0,0,ILLUMINA,Illumina NovaSeq 6000,SRP479194,PRJNA1055047,3,1055047,SRS21482799,SAMN41607353,simple,208963,Pseudomonas aeruginosa UCBPP-PA14,GSM8297988,,,,,,,no,,,,,"HUNG LAB, MOLECULAR BIOLOGY, MASSACHUSETTS GENERAL HOSPITAL",SRA1883722,,public,47ED73D97FAF594F8A5BD611DDFFABC4,84B0E9BA63ABFF644D6546076A6931D2
SRR29244730,2024-10-11 21:38:12,2024-05-31 07:21:44,3699441,151677081,0,41,62,,https://sra-downloadb.be-md.ncbi.nlm.nih.gov/sos13/sra-pub-run-1330/SRR029/29244/SRR29244730/SRR29244730.1,SRX24763273,GSM8297989,RNA-Seq,cDNA,TRANSCRIPTOMIC,SINGLE,0,0,ILLUMINA,Illumina NovaSeq 6000,SRP479194,PRJNA1055047,3,1055047,SRS21482800,SAMN41607352,simple,208963,Pseudomonas aeruginosa UCBPP-PA14,GSM8297989,,,,,,,no,,,,,"HUNG LAB, MOLECULAR BIOLOGY, MASSACHUSETTS GENERAL HOSPITAL",SRA1883722,,public,BC8E4E8C8ADE77CD789D0CE2CDAB1252,C701E0A621E3EDB82F2B62B7F433E1F6
SRR29244731,2024-10-11 21:38:12,2024-05-31 07:21:28,3699441,183120060,0,49,82,,https://sra-downloadb.be-md.ncbi.nlm.nih.gov/sos13/sra-pub-zq-1307/SRR029/29244/SRR29244731/SRR29244731.lite.1,SRX24763273,GSM8297989,RNA-Seq,cDNA,TRANSCRIPTOMIC,SINGLE,0,0,ILLUMINA,Illumina NovaSeq 6000,SRP479194,PRJNA1055047,3,1055047,SRS21482800,SAMN41607352,simple,208963,Pseudomonas aeruginosa UCBPP-PA14,GSM8297989,,,,,,,no,,,,,"HUNG LAB, MOLECULAR BIOLOGY, MASSACHUSETTS GENERAL HOSPITAL",SRA1883722,,public,EECFA38F1B29F3C2762C27281568E418,50B611AE4F004D5634D4CF0C8B6933AE
SRR29244728,2024-10-11 21:38:13,2024-05-31 07:21:54,4341335,177994735,0,41,73,,https://sra-downloadb.be-md.ncbi.nlm.nih.gov/sos13/sra-pub-run-1330/SRR029/29244/SRR29244728/SRR29244728.1,SRX24763274,GSM8297990,RNA-Seq,cDNA,TRANSCRIPTOMIC,SINGLE,0,0,ILLUMINA,Illumina NovaSeq 6000,SRP479194,PRJNA1055047,3,1055047,SRS21482802,SAMN41607351,simple,208963,Pseudomonas aeruginosa UCBPP-PA14,GSM8297990,,,,,,,no,,,,,"HUNG LAB, MOLECULAR BIOLOGY, MASSACHUSETTS GENERAL HOSPITAL",SRA1883722,,public,48ABD8B53EA76C299CC09103ECE3E685,FE40AAF97BC182448B0509D1D1BA891B
SRR29244729,2024-10-11 21:38:13,2024-05-31 07:21:52,4341335,215133505,0,49,97,,https://sra-downloadb.be-md.ncbi.nlm.nih.gov/sos13/sra-pub-zq-1307/SRR029/29244/SRR29244729/SRR29244729.lite.1,SRX24763274,GSM8297990,RNA-Seq,cDNA,TRANSCRIPTOMIC,SINGLE,0,0,ILLUMINA,Illumina NovaSeq 6000,SRP479194,PRJNA1055047,3,1055047,SRS21482802,SAMN41607351,simple,208963,Pseudomonas aeruginosa UCBPP-PA14,GSM8297990,,,,,,,no,,,,,"HUNG LAB, MOLECULAR BIOLOGY, MASSACHUSETTS GENERAL HOSPITAL",SRA1883722,,public,05A5C9BA9A64D85AA62739E769D5D093,820A1817C6880201A73C8F03EF38ADD7
SRR29244726,2024-10-11 21:38:13,2024-05-31 07:21:42,3137993,128657713,0,41,53,,https://sra-downloadb.be-md.ncbi.nlm.nih.gov/sos13/sra-pub-zq-1307/SRR029/29244/SRR29244726/SRR29244726.lite.1,SRX24763275,GSM8297991,RNA-Seq,cDNA,TRANSCRIPTOMIC,SINGLE,0,0,ILLUMINA,Illumina NovaSeq 6000,SRP479194,PRJNA1055047,3,1055047,SRS21482801,SAMN41607350,simple,208963,Pseudomonas aeruginosa UCBPP-PA14,GSM8297991,,,,,,,no,,,,,"HUNG LAB, MOLECULAR BIOLOGY, MASSACHUSETTS GENERAL HOSPITAL",SRA1883722,,public,9403B5B072873E0BF5D0C5A598CE7CD0,AD9FA070BE30A025514B3A0A75751796
SRR29244727,2024-10-11 21:38:13,2024-05-31 07:20:52,3137993,155398740,0,49,69,,https://sra-downloadb.be-md.ncbi.nlm.nih.gov/sos13/sra-pub-zq-1307/SRR029/29244/SRR29244727/SRR29244727.lite.1,SRX24763275,GSM8297991,RNA-Seq,cDNA,TRANSCRIPTOMIC,SINGLE,0,0,ILLUMINA,Illumina NovaSeq 6000,SRP479194,PRJNA1055047,3,1055047,SRS21482801,SAMN41607350,simple,208963,Pseudomonas aeruginosa UCBPP-PA14,GSM8297991,,,,,,,no,,,,,"HUNG LAB, MOLECULAR BIOLOGY, MASSACHUSETTS GENERAL HOSPITAL",SRA1883722,,public,859550BE31399182FE8200769960E969,7F73BF024EAA8F3D56038F1561D4B025
SRR29244724,2024-10-11 21:38:13,2024-05-31 07:21:51,4584751,187974791,0,41,78,,https://sra-downloadb.be-md.ncbi.nlm.nih.gov/sos13/sra-pub-zq-1307/SRR029/29244/SRR29244724/SRR29244724.lite.1,SRX24763276,GSM8297992,RNA-Seq,cDNA,TRANSCRIPTOMIC,SINGLE,0,0,ILLUMINA,Illumina NovaSeq 6000,SRP479194,PRJNA1055047,3,1055047,SRS21482803,SAMN41607349,simple,208963,Pseudomonas aeruginosa UCBPP-PA14,GSM8297992,,,,,,,no,,,,,"HUNG LAB, MOLECULAR BIOLOGY, MASSACHUSETTS GENERAL HOSPITAL",SRA1883722,,public,262655DC635316E6179AF4C4B64B2D61,C9B9BEF9B93B8775735A8EFE42D0381D
SRR29244725,2024-10-11 21:38:13,2024-05-31 07:21:52,4584751,226480515,0,49,101,,https://sra-downloadb.be-md.ncbi.nlm.nih.gov/sos13/sra-pub-zq-1307/SRR029/29244/SRR29244725/SRR29244725.lite.1,SRX24763276,GSM8297992,RNA-Seq,cDNA,TRANSCRIPTOMIC,SINGLE,0,0,ILLUMINA,Illumina NovaSeq 6000,SRP479194,PRJNA1055047,3,1055047,SRS21482803,SAMN41607349,simple,208963,Pseudomonas aeruginosa UCBPP-PA14,GSM8297992,,,,,,,no,,,,,"HUNG LAB, MOLECULAR BIOLOGY, MASSACHUSETTS GENERAL HOSPITAL",SRA1883722,,public,7EF23E4273FF8D22124896449EB16688,015179992AC3F4C3486635E1193D63CE
SRR29244723,2024-10-11 21:38:19,2024-05-31 07:21:38,3815066,345557365,3815066,90,119,,https://sra-downloadb.be-md.ncbi.nlm.nih.gov/sos13/sra-pub-zq-1307/SRR029/29244/SRR29244723/SRR29244723.lite.1,SRX24763277,GSM8298041,RNA-Seq,cDNA,TRANSCRIPTOMIC,PAIRED,0,0,ILLUMINA,Illumina NovaSeq 6000,SRP479194,PRJNA1055047,3,1055047,SRS21482804,SAMN41607300,simple,208963,Pseudomonas aeruginosa UCBPP-PA14,GSM8298041,,,,,,,no,,,,,"HUNG LAB, MOLECULAR BIOLOGY, MASSACHUSETTS GENERAL HOSPITAL",SRA1883722,,public,19A51D69376FC21690FAA38F81E0B718,694EBB7D3A42E00DEBFF1A7A732CA139
SRR29244722,2024-10-11 21:38:19,2024-05-31 07:21:37,5200111,471108332,5200111,90,161,,https://sra-downloadb.be-md.ncbi.nlm.nih.gov/sos13/sra-pub-zq-1307/SRR029/29244/SRR29244722/SRR29244722.lite.1,SRX24763278,GSM8298042,RNA-Seq,cDNA,TRANSCRIPTOMIC,PAIRED,0,0,ILLUMINA,Illumina NovaSeq 6000,SRP479194,PRJNA1055047,3,1055047,SRS21482806,SAMN41607299,simple,208963,Pseudomonas aeruginosa UCBPP-PA14,GSM8298042,,,,,,,no,,,,,"HUNG LAB, MOLECULAR BIOLOGY, MASSACHUSETTS GENERAL HOSPITAL",SRA1883722,,public,6663ADB51CAA9725BA87E514D9AE02C4,642C33061192483A50CA268C3CFCE4BB
SRR29244721,2024-10-11 21:38:19,2024-05-31 07:21:03,3897176,352963947,3897176,90,119,,https://sra-downloadb.be-md.ncbi.nlm.nih.gov/sos13/sra-pub-zq-1307/SRR029/29244/SRR29244721/SRR29244721.lite.1,SRX24763279,GSM8298043,RNA-Seq,cDNA,TRANSCRIPTOMIC,PAIRED,0,0,ILLUMINA,Illumina NovaSeq 6000,SRP479194,PRJNA1055047,3,1055047,SRS21482805,SAMN41607298,simple,208963,Pseudomonas aeruginosa UCBPP-PA14,GSM8298043,,,,,,,no,,,,,"HUNG LAB, MOLECULAR BIOLOGY, MASSACHUSETTS GENERAL HOSPITAL",SRA1883722,,public,013A040E0410B38E2B65A82DC433BA43,D3FC08293B8DF3C657070E1D30190A2A
SRR29244720,2024-10-11 21:38:19,2024-05-31 07:21:41,3475795,314720175,3475795,90,108,,https://sra-downloadb.be-md.ncbi.nlm.nih.gov/sos13/sra-pub-zq-1307/SRR029/29244/SRR29244720/SRR29244720.lite.1,SRX24763280,GSM8298044,RNA-Seq,cDNA,TRANSCRIPTOMIC,PAIRED,0,0,ILLUMINA,Illumina NovaSeq 6000,SRP479194,PRJNA1055047,3,1055047,SRS21482807,SAMN41607297,simple,208963,Pseudomonas aeruginosa UCBPP-PA14,GSM8298044,,,,,,,no,,,,,"HUNG LAB, MOLECULAR BIOLOGY, MASSACHUSETTS GENERAL HOSPITAL",SRA1883722,,public,5E3ABE86A34E08E0ADAA113A87318AFA,A55F6B9DD88218D356B62D134804BA6A
SRR29244926,2024-10-11 21:38:03,2024-05-31 07:23:32,6601716,270670356,0,41,121,,https://sra-downloadb.be-md.ncbi.nlm.nih.gov/sos13/sra-pub-zq-1307/SRR029/29244/SRR29244926/SRR29244926.lite.1,SRX24763151,GSM8297899,RNA-Seq,cDNA,TRANSCRIPTOMIC,SINGLE,0,0,ILLUMINA,Illumina NovaSeq 6000,SRP479194,PRJNA1055047,3,1055047,SRS21482678,SAMN41607442,simple,208963,Pseudomonas aeruginosa UCBPP-PA14,GSM8297899,,,,,,,no,,,,,"HUNG LAB, MOLECULAR BIOLOGY, MASSACHUSETTS GENERAL HOSPITAL",SRA1883722,,public,2E1994E6ED410C44C830587EA478AFB7,B0A614F543A046531CBF082539E45B76
SRR29244927,2024-10-11 21:38:03,2024-05-31 07:23:57,6601716,324835450,0,49,155,,https://sra-downloadb.be-md.ncbi.nlm.nih.gov/sos13/sra-pub-zq-1307/SRR029/29244/SRR29244927/SRR29244927.lite.1,SRX24763151,GSM8297899,RNA-Seq,cDNA,TRANSCRIPTOMIC,SINGLE,0,0,ILLUMINA,Illumina NovaSeq 6000,SRP479194,PRJNA1055047,3,1055047,SRS21482678,SAMN41607442,simple,208963,Pseudomonas aeruginosa UCBPP-PA14,GSM8297899,,,,,,,no,,,,,"HUNG LAB, MOLECULAR BIOLOGY, MASSACHUSETTS GENERAL HOSPITAL",SRA1883722,,public,3C285C1813B67086F5AC81735A235767,5BDB8A5B51131FEC47293E58EB2654E7
SRR29244924,2024-10-11 21:38:03,2024-05-31 07:23:45,3794649,155580609,0,41,69,,https://sra-downloadb.be-md.ncbi.nlm.nih.gov/sos13/sra-pub-zq-1307/SRR029/29244/SRR29244924/SRR29244924.lite.1,SRX24763152,GSM8297900,RNA-Seq,cDNA,TRANSCRIPTOMIC,SINGLE,0,0,ILLUMINA,Illumina NovaSeq 6000,SRP479194,PRJNA1055047,3,1055047,SRS21482679,SAMN41607441,simple,208963,Pseudomonas aeruginosa UCBPP-PA14,GSM8297900,,,,,,,no,,,,,"HUNG LAB, MOLECULAR BIOLOGY, MASSACHUSETTS GENERAL HOSPITAL",SRA1883722,,public,36F96EBA713C12490375EB00291B81E5,5356CD9663E4A2C8B76FB2D480C7DDB7
SRR29244925,2024-10-11 21:38:03,2024-05-31 07:23:07,3794649,186612152,0,49,88,,https://sra-downloadb.be-md.ncbi.nlm.nih.gov/sos13/sra-pub-zq-1307/SRR029/29244/SRR29244925/SRR29244925.lite.1,SRX24763152,GSM8297900,RNA-Seq,cDNA,TRANSCRIPTOMIC,SINGLE,0,0,ILLUMINA,Illumina NovaSeq 6000,SRP479194,PRJNA1055047,3,1055047,SRS21482679,SAMN41607441,simple,208963,Pseudomonas aeruginosa UCBPP-PA14,GSM8297900,,,,,,,no,,,,,"HUNG LAB, MOLECULAR BIOLOGY, MASSACHUSETTS GENERAL HOSPITAL",SRA1883722,,public,4ABB4E0C17428D747392D733E3508050,4DB3124F646CB4D2D2DE3EEF538965C4
SRR29244922,2024-10-11 21:38:04,2024-05-31 07:24:17,6827574,279930534,0,41,125,,https://sra-downloadb.be-md.ncbi.nlm.nih.gov/sos13/sra-pub-zq-1307/SRR029/29244/SRR29244922/SRR29244922.lite.1,SRX24763153,GSM8297901,RNA-Seq,cDNA,TRANSCRIPTOMIC,SINGLE,0,0,ILLUMINA,Illumina NovaSeq 6000,SRP479194,PRJNA1055047,3,1055047,SRS21482680,SAMN41607440,simple,208963,Pseudomonas aeruginosa UCBPP-PA14,GSM8297901,,,,,,,no,,,,,"HUNG LAB, MOLECULAR BIOLOGY, MASSACHUSETTS GENERAL HOSPITAL",SRA1883722,,public,C50FCCC98259B28EECE0446ACA445391,A864465B2FAA4790116971DF419B456A
SRR29244923,2024-10-11 21:38:04,2024-05-31 07:24:37,6827574,336464913,0,49,159,,https://sra-downloadb.be-md.ncbi.nlm.nih.gov/sos13/sra-pub-zq-1307/SRR029/29244/SRR29244923/SRR29244923.lite.1,SRX24763153,GSM8297901,RNA-Seq,cDNA,TRANSCRIPTOMIC,SINGLE,0,0,ILLUMINA,Illumina NovaSeq 6000,SRP479194,PRJNA1055047,3,1055047,SRS21482680,SAMN41607440,simple,208963,Pseudomonas aeruginosa UCBPP-PA14,GSM8297901,,,,,,,no,,,,,"HUNG LAB, MOLECULAR BIOLOGY, MASSACHUSETTS GENERAL HOSPITAL",SRA1883722,,public,C4AE4B2E937B6DCFF77D89589A72CA48,79AAF398F387E8575FD5507963360AE0
SRR29244920,2024-10-11 21:38:04,2024-05-31 07:24:43,9583286,392914726,0,41,175,,https://sra-downloadb.be-md.ncbi.nlm.nih.gov/sos13/sra-pub-zq-1307/SRR029/29244/SRR29244920/SRR29244920.lite.1,SRX24763154,GSM8297902,RNA-Seq,cDNA,TRANSCRIPTOMIC,SINGLE,0,0,ILLUMINA,Illumina NovaSeq 6000,SRP479194,PRJNA1055047,3,1055047,SRS21482681,SAMN41607439,simple,208963,Pseudomonas aeruginosa UCBPP-PA14,GSM8297902,,,,,,,no,,,,,"HUNG LAB, MOLECULAR BIOLOGY, MASSACHUSETTS GENERAL HOSPITAL",SRA1883722,,public,DE972109E51FBC23F94E9B7623FF880E,BCE99BDA7A76D5AFF184F5D5B1461356
SRR29244921,2024-10-11 21:38:04,2024-05-31 07:23:43,9583286,474556016,0,49,225,,https://sra-downloadb.be-md.ncbi.nlm.nih.gov/sos13/sra-pub-zq-1307/SRR029/29244/SRR29244921/SRR29244921.lite.1,SRX24763154,GSM8297902,RNA-Seq,cDNA,TRANSCRIPTOMIC,SINGLE,0,0,ILLUMINA,Illumina NovaSeq 6000,SRP479194,PRJNA1055047,3,1055047,SRS21482681,SAMN41607439,simple,208963,Pseudomonas aeruginosa UCBPP-PA14,GSM8297902,,,,,,,no,,,,,"HUNG LAB, MOLECULAR BIOLOGY, MASSACHUSETTS GENERAL HOSPITAL",SRA1883722,,public,BF6AE7A759F1F76A8502003139954F17,9D5023FE01CEE5DA59B35DBF7FC9BADF
SRR29244918,2024-10-11 21:38:04,2024-05-31 07:24:21,5115911,209752351,0,41,93,,https://sra-downloadb.be-md.ncbi.nlm.nih.gov/sos13/sra-pub-zq-1307/SRR029/29244/SRR29244918/SRR29244918.lite.1,SRX24763155,GSM8297903,RNA-Seq,cDNA,TRANSCRIPTOMIC,SINGLE,0,0,ILLUMINA,Illumina NovaSeq 6000,SRP479194,PRJNA1055047,3,1055047,SRS21482682,SAMN41607438,simple,208963,Pseudomonas aeruginosa UCBPP-PA14,GSM8297903,,,,,,,no,,,,,"HUNG LAB, MOLECULAR BIOLOGY, MASSACHUSETTS GENERAL HOSPITAL",SRA1883722,,public,01D42896E2570394A1F6A0717D8AFD74,D1BD33217E5AA47E8885914CF7D763D7
SRR29244919,2024-10-11 21:38:04,2024-05-31 07:23:17,5115911,252966167,0,49,119,,https://sra-downloadb.be-md.ncbi.nlm.nih.gov/sos13/sra-pub-zq-1307/SRR029/29244/SRR29244919/SRR29244919.lite.1,SRX24763155,GSM8297903,RNA-Seq,cDNA,TRANSCRIPTOMIC,SINGLE,0,0,ILLUMINA,Illumina NovaSeq 6000,SRP479194,PRJNA1055047,3,1055047,SRS21482682,SAMN41607438,simple,208963,Pseudomonas aeruginosa UCBPP-PA14,GSM8297903,,,,,,,no,,,,,"HUNG LAB, MOLECULAR BIOLOGY, MASSACHUSETTS GENERAL HOSPITAL",SRA1883722,,public,EC645504B10F3333B505B1ABFEFDA8CA,737AF04CBB11A97DC4E2C0D717BC7D4A
SRR29244916,2024-10-11 21:38:04,2024-05-31 07:23:12,3599202,147567282,0,41,66,,https://sra-downloadb.be-md.ncbi.nlm.nih.gov/sos13/sra-pub-zq-1307/SRR029/29244/SRR29244916/SRR29244916.lite.1,SRX24763156,GSM8297904,RNA-Seq,cDNA,TRANSCRIPTOMIC,SINGLE,0,0,ILLUMINA,Illumina NovaSeq 6000,SRP479194,PRJNA1055047,3,1055047,SRS21482683,SAMN41607437,simple,208963,Pseudomonas aeruginosa UCBPP-PA14,GSM8297904,,,,,,,no,,,,,"HUNG LAB, MOLECULAR BIOLOGY, MASSACHUSETTS GENERAL HOSPITAL",SRA1883722,,public,B99B62D4B850B1F9E7A886CB5D5DBC40,4343B16E7885B1D9BCE1D68E81A35642
SRR29244917,2024-10-11 21:38:04,2024-05-31 07:23:54,3599202,177968468,0,49,83,,https://sra-downloadb.be-md.ncbi.nlm.nih.gov/sos13/sra-pub-zq-1307/SRR029/29244/SRR29244917/SRR29244917.lite.1,SRX24763156,GSM8297904,RNA-Seq,cDNA,TRANSCRIPTOMIC,SINGLE,0,0,ILLUMINA,Illumina NovaSeq 6000,SRP479194,PRJNA1055047,3,1055047,SRS21482683,SAMN41607437,simple,208963,Pseudomonas aeruginosa UCBPP-PA14,GSM8297904,,,,,,,no,,,,,"HUNG LAB, MOLECULAR BIOLOGY, MASSACHUSETTS GENERAL HOSPITAL",SRA1883722,,public,8109A59052D5ECFFFBCCD839098CA81D,21A7C0D414263FA2D5D17CB44C149551
SRR29244914,2024-10-11 21:38:04,2024-05-31 07:24:14,12292333,503985653,0,41,225,,https://sra-downloadb.be-md.ncbi.nlm.nih.gov/sos13/sra-pub-zq-1307/SRR029/29244/SRR29244914/SRR29244914.lite.1,SRX24763157,GSM8297905,RNA-Seq,cDNA,TRANSCRIPTOMIC,SINGLE,0,0,ILLUMINA,Illumina NovaSeq 6000,SRP479194,PRJNA1055047,3,1055047,SRS21482684,SAMN41607436,simple,208963,Pseudomonas aeruginosa UCBPP-PA14,GSM8297905,,,,,,,no,,,,,"HUNG LAB, MOLECULAR BIOLOGY, MASSACHUSETTS GENERAL HOSPITAL",SRA1883722,,public,999E148398B95963CE3AC11850CF4DEA,1CDF2A96FAE866FAA429C1BF8E1485FB
SRR29244915,2024-10-11 21:38:04,2024-05-31 07:25:18,12292333,608649634,0,49,288,,https://sra-downloadb.be-md.ncbi.nlm.nih.gov/sos13/sra-pub-zq-1307/SRR029/29244/SRR29244915/SRR29244915.lite.1,SRX24763157,GSM8297905,RNA-Seq,cDNA,TRANSCRIPTOMIC,SINGLE,0,0,ILLUMINA,Illumina NovaSeq 6000,SRP479194,PRJNA1055047,3,1055047,SRS21482684,SAMN41607436,simple,208963,Pseudomonas aeruginosa UCBPP-PA14,GSM8297905,,,,,,,no,,,,,"HUNG LAB, MOLECULAR BIOLOGY, MASSACHUSETTS GENERAL HOSPITAL",SRA1883722,,public,46DB05FCB30441CFBFEDF9D206B41BA7,46EE02F04DCE30846725B552D8F7910A
SRR29244912,2024-10-11 21:38:04,2024-05-31 07:23:25,7416706,304084946,0,41,135,,https://sra-downloadb.be-md.ncbi.nlm.nih.gov/sos13/sra-pub-zq-1307/SRR029/29244/SRR29244912/SRR29244912.lite.1,SRX24763158,GSM8297906,RNA-Seq,cDNA,TRANSCRIPTOMIC,SINGLE,0,0,ILLUMINA,Illumina NovaSeq 6000,SRP479194,PRJNA1055047,3,1055047,SRS21482685,SAMN41607435,simple,208963,Pseudomonas aeruginosa UCBPP-PA14,GSM8297906,,,,,,,no,,,,,"HUNG LAB, MOLECULAR BIOLOGY, MASSACHUSETTS GENERAL HOSPITAL",SRA1883722,,public,9731D0CF4DA4494F65D5C059AA4CF4C3,81E04658DD64116E9A4611B35ECAD9AA
SRR29244913,2024-10-11 21:38:04,2024-05-31 07:24:56,7416706,366724098,0,49,173,,https://sra-downloadb.be-md.ncbi.nlm.nih.gov/sos13/sra-pub-zq-1307/SRR029/29244/SRR29244913/SRR29244913.lite.1,SRX24763158,GSM8297906,RNA-Seq,cDNA,TRANSCRIPTOMIC,SINGLE,0,0,ILLUMINA,Illumina NovaSeq 6000,SRP479194,PRJNA1055047,3,1055047,SRS21482685,SAMN41607435,simple,208963,Pseudomonas aeruginosa UCBPP-PA14,GSM8297906,,,,,,,no,,,,,"HUNG LAB, MOLECULAR BIOLOGY, MASSACHUSETTS GENERAL HOSPITAL",SRA1883722,,public,DE326731F595A9D37D216B09205602D4,74C6616131296AFE712F5DDB18EF33D6
SRR29244910,2024-10-11 21:38:04,2024-05-31 07:24:32,7692495,315392295,0,41,141,,https://sra-downloadb.be-md.ncbi.nlm.nih.gov/sos13/sra-pub-zq-1307/SRR029/29244/SRR29244910/SRR29244910.lite.1,SRX24763159,GSM8297907,RNA-Seq,cDNA,TRANSCRIPTOMIC,SINGLE,0,0,ILLUMINA,Illumina NovaSeq 6000,SRP479194,PRJNA1055047,3,1055047,SRS21482686,SAMN41607434,simple,208963,Pseudomonas aeruginosa UCBPP-PA14,GSM8297907,,,,,,,no,,,,,"HUNG LAB, MOLECULAR BIOLOGY, MASSACHUSETTS GENERAL HOSPITAL",SRA1883722,,public,AEBCBA8BDFF4D28E839B8003AC61B6FD,5B6D37D5C972F8C96ED2C2EEDA375EF0
SRR29244911,2024-10-11 21:38:04,2024-05-31 07:24:40,7692495,379543546,0,49,179,,https://sra-downloadb.be-md.ncbi.nlm.nih.gov/sos13/sra-pub-zq-1307/SRR029/29244/SRR29244911/SRR29244911.lite.1,SRX24763159,GSM8297907,RNA-Seq,cDNA,TRANSCRIPTOMIC,SINGLE,0,0,ILLUMINA,Illumina NovaSeq 6000,SRP479194,PRJNA1055047,3,1055047,SRS21482686,SAMN41607434,simple,208963,Pseudomonas aeruginosa UCBPP-PA14,GSM8297907,,,,,,,no,,,,,"HUNG LAB, MOLECULAR BIOLOGY, MASSACHUSETTS GENERAL HOSPITAL",SRA1883722,,public,C9377AD2F43E504C3D974527FC49EF35,F54E8F9CD2CCB0C01DB7165A5132CC81
SRR29244908,2024-10-11 21:38:04,2024-05-31 07:24:10,9270263,380080783,0,41,171,,https://sra-downloadb.be-md.ncbi.nlm.nih.gov/sos13/sra-pub-zq-1307/SRR029/29244/SRR29244908/SRR29244908.lite.1,SRX24763160,GSM8297908,RNA-Seq,cDNA,TRANSCRIPTOMIC,SINGLE,0,0,ILLUMINA,Illumina NovaSeq 6000,SRP479194,PRJNA1055047,3,1055047,SRS21482687,SAMN41607433,simple,208963,Pseudomonas aeruginosa UCBPP-PA14,GSM8297908,,,,,,,no,,,,,"HUNG LAB, MOLECULAR BIOLOGY, MASSACHUSETTS GENERAL HOSPITAL",SRA1883722,,public,78E5936BD7D5D145843B75D300FFB39C,4E9DC54022FF159BF4C06542F6EAD654
SRR29244909,2024-10-11 21:38:04,2024-05-31 07:24:37,9270263,457229980,0,49,215,,https://sra-downloadb.be-md.ncbi.nlm.nih.gov/sos13/sra-pub-zq-1307/SRR029/29244/SRR29244909/SRR29244909.lite.1,SRX24763160,GSM8297908,RNA-Seq,cDNA,TRANSCRIPTOMIC,SINGLE,0,0,ILLUMINA,Illumina NovaSeq 6000,SRP479194,PRJNA1055047,3,1055047,SRS21482687,SAMN41607433,simple,208963,Pseudomonas aeruginosa UCBPP-PA14,GSM8297908,,,,,,,no,,,,,"HUNG LAB, MOLECULAR BIOLOGY, MASSACHUSETTS GENERAL HOSPITAL",SRA1883722,,public,2390D84106B0B92ED52910B6A72259D1,D7381AA67B41F4B0D86139C7A1559913
SRR29244906,2024-10-11 21:38:04,2024-05-31 07:24:12,12259996,502659836,0,41,224,,https://sra-downloadb.be-md.ncbi.nlm.nih.gov/sos13/sra-pub-zq-1307/SRR029/29244/SRR29244906/SRR29244906.lite.1,SRX24763161,GSM8297909,RNA-Seq,cDNA,TRANSCRIPTOMIC,SINGLE,0,0,ILLUMINA,Illumina NovaSeq 6000,SRP479194,PRJNA1055047,3,1055047,SRS21482688,SAMN41607432,simple,208963,Pseudomonas aeruginosa UCBPP-PA14,GSM8297909,,,,,,,no,,,,,"HUNG LAB, MOLECULAR BIOLOGY, MASSACHUSETTS GENERAL HOSPITAL",SRA1883722,,public,A1966B6094474DF789E68CF6859D14EF,80A9D2AA01A2894EA189A65A6EE89ED2
SRR29244907,2024-10-11 21:38:04,2024-05-31 07:24:02,12259996,604305377,0,49,286,,https://sra-downloadb.be-md.ncbi.nlm.nih.gov/sos13/sra-pub-zq-1307/SRR029/29244/SRR29244907/SRR29244907.lite.1,SRX24763161,GSM8297909,RNA-Seq,cDNA,TRANSCRIPTOMIC,SINGLE,0,0,ILLUMINA,Illumina NovaSeq 6000,SRP479194,PRJNA1055047,3,1055047,SRS21482688,SAMN41607432,simple,208963,Pseudomonas aeruginosa UCBPP-PA14,GSM8297909,,,,,,,no,,,,,"HUNG LAB, MOLECULAR BIOLOGY, MASSACHUSETTS GENERAL HOSPITAL",SRA1883722,,public,E0373C4E440E3A6B62353CB2F7FD858B,45F6C50E047EB83822F752E6A7248BEF
SRR29244904,2024-10-11 21:38:04,2024-05-31 07:24:43,11604646,475790486,0,41,212,,https://sra-downloadb.be-md.ncbi.nlm.nih.gov/sos13/sra-pub-zq-1307/SRR029/29244/SRR29244904/SRR29244904.lite.1,SRX24763162,GSM8297910,RNA-Seq,cDNA,TRANSCRIPTOMIC,SINGLE,0,0,ILLUMINA,Illumina NovaSeq 6000,SRP479194,PRJNA1055047,3,1055047,SRS21482689,SAMN41607431,simple,208963,Pseudomonas aeruginosa UCBPP-PA14,GSM8297910,,,,,,,no,,,,,"HUNG LAB, MOLECULAR BIOLOGY, MASSACHUSETTS GENERAL HOSPITAL",SRA1883722,,public,2AE0A0C5BDC6CA22685ABEA659CAD4B3,EFA980CA9E0D3BA8E77A8C050FD0725C
SRR29244905,2024-10-11 21:38:04,2024-05-31 07:24:55,11604646,571798086,0,49,271,,https://sra-downloadb.be-md.ncbi.nlm.nih.gov/sos13/sra-pub-zq-1307/SRR029/29244/SRR29244905/SRR29244905.lite.1,SRX24763162,GSM8297910,RNA-Seq,cDNA,TRANSCRIPTOMIC,SINGLE,0,0,ILLUMINA,Illumina NovaSeq 6000,SRP479194,PRJNA1055047,3,1055047,SRS21482689,SAMN41607431,simple,208963,Pseudomonas aeruginosa UCBPP-PA14,GSM8297910,,,,,,,no,,,,,"HUNG LAB, MOLECULAR BIOLOGY, MASSACHUSETTS GENERAL HOSPITAL",SRA1883722,,public,5A30EC02288C5036EB8686AD3B12CE96,EF86945A80FF41AD2F3794126E59C925
SRR29244902,2024-10-11 21:38:04,2024-05-31 07:24:04,4914523,201495443,0,41,90,,https://sra-downloadb.be-md.ncbi.nlm.nih.gov/sos13/sra-pub-zq-1307/SRR029/29244/SRR29244902/SRR29244902.lite.1,SRX24763163,GSM8297911,RNA-Seq,cDNA,TRANSCRIPTOMIC,SINGLE,0,0,ILLUMINA,Illumina NovaSeq 6000,SRP479194,PRJNA1055047,3,1055047,SRS21482690,SAMN41607430,simple,208963,Pseudomonas aeruginosa UCBPP-PA14,GSM8297911,,,,,,,no,,,,,"HUNG LAB, MOLECULAR BIOLOGY, MASSACHUSETTS GENERAL HOSPITAL",SRA1883722,,public,E39B3C66CB653E0C835B74BFB8711659,0C1BDFADC1B5114B107D5059E0BB6AE5
SRR29244903,2024-10-11 21:38:04,2024-05-31 07:23:11,4914523,242002001,0,49,114,,https://sra-downloadb.be-md.ncbi.nlm.nih.gov/sos13/sra-pub-zq-1307/SRR029/29244/SRR29244903/SRR29244903.lite.1,SRX24763163,GSM8297911,RNA-Seq,cDNA,TRANSCRIPTOMIC,SINGLE,0,0,ILLUMINA,Illumina NovaSeq 6000,SRP479194,PRJNA1055047,3,1055047,SRS21482690,SAMN41607430,simple,208963,Pseudomonas aeruginosa UCBPP-PA14,GSM8297911,,,,,,,no,,,,,"HUNG LAB, MOLECULAR BIOLOGY, MASSACHUSETTS GENERAL HOSPITAL",SRA1883722,,public,0251411DACE44EB3D01E4FA102E79667,BD33F46787FB1BBC42A8B7BB5370F5F5
SRR29244900,2024-10-11 21:38:04,2024-05-31 07:23:14,4203831,172357071,0,41,77,,https://sra-downloadb.be-md.ncbi.nlm.nih.gov/sos13/sra-pub-zq-1307/SRR029/29244/SRR29244900/SRR29244900.lite.1,SRX24763164,GSM8297912,RNA-Seq,cDNA,TRANSCRIPTOMIC,SINGLE,0,0,ILLUMINA,Illumina NovaSeq 6000,SRP479194,PRJNA1055047,3,1055047,SRS21482691,SAMN41607429,simple,208963,Pseudomonas aeruginosa UCBPP-PA14,GSM8297912,,,,,,,no,,,,,"HUNG LAB, MOLECULAR BIOLOGY, MASSACHUSETTS GENERAL HOSPITAL",SRA1883722,,public,D16228899B0885F6EE8BF59345F2FA77,F67914983A791B6800109C49D90651B2
SRR29244901,2024-10-11 21:38:04,2024-05-31 07:23:31,4203831,205777564,0,48,98,,https://sra-downloadb.be-md.ncbi.nlm.nih.gov/sos13/sra-pub-zq-1307/SRR029/29244/SRR29244901/SRR29244901.lite.1,SRX24763164,GSM8297912,RNA-Seq,cDNA,TRANSCRIPTOMIC,SINGLE,0,0,ILLUMINA,Illumina NovaSeq 6000,SRP479194,PRJNA1055047,3,1055047,SRS21482691,SAMN41607429,simple,208963,Pseudomonas aeruginosa UCBPP-PA14,GSM8297912,,,,,,,no,,,,,"HUNG LAB, MOLECULAR BIOLOGY, MASSACHUSETTS GENERAL HOSPITAL",SRA1883722,,public,70F8953419EB00EC0BB2A46A9CF34E49,23181277A57F76B2BEB23666E5123857
SRR29244898,2024-10-11 21:38:07,2024-05-31 07:23:05,3527048,144608968,0,41,61,,https://sra-downloadb.be-md.ncbi.nlm.nih.gov/sos13/sra-pub-zq-1307/SRR029/29244/SRR29244898/SRR29244898.lite.1,SRX24763165,GSM8297945,RNA-Seq,cDNA,TRANSCRIPTOMIC,SINGLE,0,0,ILLUMINA,Illumina NovaSeq 6000,SRP479194,PRJNA1055047,3,1055047,SRS21482692,SAMN41607396,simple,208963,Pseudomonas aeruginosa UCBPP-PA14,GSM8297945,,,,,,,no,,,,,"HUNG LAB, MOLECULAR BIOLOGY, MASSACHUSETTS GENERAL HOSPITAL",SRA1883722,,public,53D6984BF601A375940D1E4CCF5CEACE,2B4A34F322D37E7B9601DDE87B87F6A5
SRR29244899,2024-10-11 21:38:07,2024-05-31 07:22:54,3527048,173421831,0,49,80,,https://sra-downloadb.be-md.ncbi.nlm.nih.gov/sos13/sra-pub-zq-1307/SRR029/29244/SRR29244899/SRR29244899.lite.1,SRX24763165,GSM8297945,RNA-Seq,cDNA,TRANSCRIPTOMIC,SINGLE,0,0,ILLUMINA,Illumina NovaSeq 6000,SRP479194,PRJNA1055047,3,1055047,SRS21482692,SAMN41607396,simple,208963,Pseudomonas aeruginosa UCBPP-PA14,GSM8297945,,,,,,,no,,,,,"HUNG LAB, MOLECULAR BIOLOGY, MASSACHUSETTS GENERAL HOSPITAL",SRA1883722,,public,4F201F04EECE719E50315D7D6E5E0107,664ED94110F2F4AD3EC8D585599C77F5
SRR29244896,2024-10-11 21:38:07,2024-05-31 07:22:52,2615624,107240584,0,41,46,,https://sra-downloadb.be-md.ncbi.nlm.nih.gov/sos13/sra-pub-zq-1307/SRR029/29244/SRR29244896/SRR29244896.lite.1,SRX24763166,GSM8297946,RNA-Seq,cDNA,TRANSCRIPTOMIC,SINGLE,0,0,ILLUMINA,Illumina NovaSeq 6000,SRP479194,PRJNA1055047,3,1055047,SRS21482694,SAMN41607395,simple,208963,Pseudomonas aeruginosa UCBPP-PA14,GSM8297946,,,,,,,no,,,,,"HUNG LAB, MOLECULAR BIOLOGY, MASSACHUSETTS GENERAL HOSPITAL",SRA1883722,,public,B1791D5F6418DD0D34A0B9D4F81AC430,DEBB1D4BECF5EBE7A91FD31C6187C52F
SRR29244897,2024-10-11 21:38:07,2024-05-31 07:23:22,2615624,128470909,0,49,59,,https://sra-downloadb.be-md.ncbi.nlm.nih.gov/sos13/sra-pub-zq-1307/SRR029/29244/SRR29244897/SRR29244897.lite.1,SRX24763166,GSM8297946,RNA-Seq,cDNA,TRANSCRIPTOMIC,SINGLE,0,0,ILLUMINA,Illumina NovaSeq 6000,SRP479194,PRJNA1055047,3,1055047,SRS21482694,SAMN41607395,simple,208963,Pseudomonas aeruginosa UCBPP-PA14,GSM8297946,,,,,,,no,,,,,"HUNG LAB, MOLECULAR BIOLOGY, MASSACHUSETTS GENERAL HOSPITAL",SRA1883722,,public,F3A53412F78AE2A0459D088605D9C4A7,23C5D726778A47995EC8796B8A584534
SRR29244894,2024-10-11 21:38:07,2024-05-31 07:23:09,4910673,201337593,0,41,86,,https://sra-downloadb.be-md.ncbi.nlm.nih.gov/sos13/sra-pub-zq-1307/SRR029/29244/SRR29244894/SRR29244894.lite.1,SRX24763167,GSM8297947,RNA-Seq,cDNA,TRANSCRIPTOMIC,SINGLE,0,0,ILLUMINA,Illumina NovaSeq 6000,SRP479194,PRJNA1055047,3,1055047,SRS21482693,SAMN41607394,simple,208963,Pseudomonas aeruginosa UCBPP-PA14,GSM8297947,,,,,,,no,,,,,"HUNG LAB, MOLECULAR BIOLOGY, MASSACHUSETTS GENERAL HOSPITAL",SRA1883722,,public,5E7DFC55109DF15CC7693EB9714107A3,2588C494E2AD8798A39B41F4B18CD179
SRR29244895,2024-10-11 21:38:07,2024-05-31 07:23:52,4910673,241883320,0,49,112,,https://sra-downloadb.be-md.ncbi.nlm.nih.gov/sos13/sra-pub-zq-1307/SRR029/29244/SRR29244895/SRR29244895.lite.1,SRX24763167,GSM8297947,RNA-Seq,cDNA,TRANSCRIPTOMIC,SINGLE,0,0,ILLUMINA,Illumina NovaSeq 6000,SRP479194,PRJNA1055047,3,1055047,SRS21482693,SAMN41607394,simple,208963,Pseudomonas aeruginosa UCBPP-PA14,GSM8297947,,,,,,,no,,,,,"HUNG LAB, MOLECULAR BIOLOGY, MASSACHUSETTS GENERAL HOSPITAL",SRA1883722,,public,E9AF2D3675DE6DFFCDE44A59D5E13D3D,8AB71E9B10BFAE0E428CFE2899124ED4
SRR29244892,2024-10-11 21:38:07,2024-05-31 07:23:19,1914116,78478756,0,41,33,,https://sra-downloadb.be-md.ncbi.nlm.nih.gov/sos13/sra-pub-zq-1307/SRR029/29244/SRR29244892/SRR29244892.lite.1,SRX24763168,GSM8297948,RNA-Seq,cDNA,TRANSCRIPTOMIC,SINGLE,0,0,ILLUMINA,Illumina NovaSeq 6000,SRP479194,PRJNA1055047,3,1055047,SRS21482695,SAMN41607393,simple,208963,Pseudomonas aeruginosa UCBPP-PA14,GSM8297948,,,,,,,no,,,,,"HUNG LAB, MOLECULAR BIOLOGY, MASSACHUSETTS GENERAL HOSPITAL",SRA1883722,,public,B6BF2C6356E3C10E7E5BCF2609915A98,A1B1DA8D359FF13B55FA43CD545212C4
SRR29244893,2024-10-11 21:38:07,2024-05-31 07:22:45,1914116,94141488,0,49,43,,https://sra-downloadb.be-md.ncbi.nlm.nih.gov/sos13/sra-pub-zq-1307/SRR029/29244/SRR29244893/SRR29244893.lite.1,SRX24763168,GSM8297948,RNA-Seq,cDNA,TRANSCRIPTOMIC,SINGLE,0,0,ILLUMINA,Illumina NovaSeq 6000,SRP479194,PRJNA1055047,3,1055047,SRS21482695,SAMN41607393,simple,208963,Pseudomonas aeruginosa UCBPP-PA14,GSM8297948,,,,,,,no,,,,,"HUNG LAB, MOLECULAR BIOLOGY, MASSACHUSETTS GENERAL HOSPITAL",SRA1883722,,public,AE0EC6F1461A4BE5FDA23DADD969522F,07D87AFC1039F93C1B4D33141D031B52
SRR29244890,2024-10-11 21:38:07,2024-05-31 07:22:46,2658183,108985503,0,41,46,,https://sra-downloadb.be-md.ncbi.nlm.nih.gov/sos13/sra-pub-zq-1307/SRR029/29244/SRR29244890/SRR29244890.lite.1,SRX24763169,GSM8297949,RNA-Seq,cDNA,TRANSCRIPTOMIC,SINGLE,0,0,ILLUMINA,Illumina NovaSeq 6000,SRP479194,PRJNA1055047,3,1055047,SRS21482696,SAMN41607392,simple,208963,Pseudomonas aeruginosa UCBPP-PA14,GSM8297949,,,,,,,no,,,,,"HUNG LAB, MOLECULAR BIOLOGY, MASSACHUSETTS GENERAL HOSPITAL",SRA1883722,,public,847F045EB2E5755C2084B85F230FFF0A,5910E8C6D340835CDA71FAFE304062CA
SRR29244891,2024-10-11 21:38:07,2024-05-31 07:23:15,2658183,130887838,0,49,60,,https://sra-downloadb.be-md.ncbi.nlm.nih.gov/sos13/sra-pub-zq-1307/SRR029/29244/SRR29244891/SRR29244891.lite.1,SRX24763169,GSM8297949,RNA-Seq,cDNA,TRANSCRIPTOMIC,SINGLE,0,0,ILLUMINA,Illumina NovaSeq 6000,SRP479194,PRJNA1055047,3,1055047,SRS21482696,SAMN41607392,simple,208963,Pseudomonas aeruginosa UCBPP-PA14,GSM8297949,,,,,,,no,,,,,"HUNG LAB, MOLECULAR BIOLOGY, MASSACHUSETTS GENERAL HOSPITAL",SRA1883722,,public,403C9DFBBC6BDA996FEF9425911D73E0,10EB695CB10C67A0D2DBF9AD8878EFAC
SRR29244888,2024-10-11 21:38:07,2024-05-31 07:22:42,2064857,84659137,0,41,36,,https://sra-downloadb.be-md.ncbi.nlm.nih.gov/sos13/sra-pub-zq-1307/SRR029/29244/SRR29244888/SRR29244888.lite.1,SRX24763170,GSM8297950,RNA-Seq,cDNA,TRANSCRIPTOMIC,SINGLE,0,0,ILLUMINA,Illumina NovaSeq 6000,SRP479194,PRJNA1055047,3,1055047,SRS21482697,SAMN41607391,simple,208963,Pseudomonas aeruginosa UCBPP-PA14,GSM8297950,,,,,,,no,,,,,"HUNG LAB, MOLECULAR BIOLOGY, MASSACHUSETTS GENERAL HOSPITAL",SRA1883722,,public,5D8188D3B0B511396A983798F49A829E,078724165D7F3EB8153E0FA0E9078765
SRR29244889,2024-10-11 21:38:08,2024-05-31 07:22:58,2064857,101229574,0,49,47,,https://sra-downloadb.be-md.ncbi.nlm.nih.gov/sos13/sra-pub-zq-1307/SRR029/29244/SRR29244889/SRR29244889.lite.1,SRX24763170,GSM8297950,RNA-Seq,cDNA,TRANSCRIPTOMIC,SINGLE,0,0,ILLUMINA,Illumina NovaSeq 6000,SRP479194,PRJNA1055047,3,1055047,SRS21482697,SAMN41607391,simple,208963,Pseudomonas aeruginosa UCBPP-PA14,GSM8297950,,,,,,,no,,,,,"HUNG LAB, MOLECULAR BIOLOGY, MASSACHUSETTS GENERAL HOSPITAL",SRA1883722,,public,A62A6C59B3EBCC2427D77C6D3A0E3B3F,8747F04862A239D7E4E65138576C0FAA
SRR29244886,2024-10-11 21:38:08,2024-05-31 07:23:32,3259365,133633965,0,41,57,,https://sra-downloadb.be-md.ncbi.nlm.nih.gov/sos13/sra-pub-zq-1307/SRR029/29244/SRR29244886/SRR29244886.lite.1,SRX24763171,GSM8297951,RNA-Seq,cDNA,TRANSCRIPTOMIC,SINGLE,0,0,ILLUMINA,Illumina NovaSeq 6000,SRP479194,PRJNA1055047,3,1055047,SRS21482699,SAMN41607390,simple,208963,Pseudomonas aeruginosa UCBPP-PA14,GSM8297951,,,,,,,no,,,,,"HUNG LAB, MOLECULAR BIOLOGY, MASSACHUSETTS GENERAL HOSPITAL",SRA1883722,,public,3088C1C7B9DC128CA0943EF69D8CF18F,5F05F53F67EC2A0AABD65C33039A3CEF
SRR29244887,2024-10-11 21:38:08,2024-05-31 07:23:08,3259365,159935884,0,49,74,,https://sra-downloadb.be-md.ncbi.nlm.nih.gov/sos13/sra-pub-zq-1307/SRR029/29244/SRR29244887/SRR29244887.lite.1,SRX24763171,GSM8297951,RNA-Seq,cDNA,TRANSCRIPTOMIC,SINGLE,0,0,ILLUMINA,Illumina NovaSeq 6000,SRP479194,PRJNA1055047,3,1055047,SRS21482699,SAMN41607390,simple,208963,Pseudomonas aeruginosa UCBPP-PA14,GSM8297951,,,,,,,no,,,,,"HUNG LAB, MOLECULAR BIOLOGY, MASSACHUSETTS GENERAL HOSPITAL",SRA1883722,,public,3D438AC4298DE4234E23F6D70AF7027C,DE1C84807680D9886F8BDCC24321EE3F
SRR29244884,2024-10-11 21:38:08,2024-05-31 07:23:23,2505215,102713815,0,41,44,,https://sra-downloadb.be-md.ncbi.nlm.nih.gov/sos13/sra-pub-zq-1307/SRR029/29244/SRR29244884/SRR29244884.lite.1,SRX24763172,GSM8297952,RNA-Seq,cDNA,TRANSCRIPTOMIC,SINGLE,0,0,ILLUMINA,Illumina NovaSeq 6000,SRP479194,PRJNA1055047,3,1055047,SRS21482698,SAMN41607389,simple,208963,Pseudomonas aeruginosa UCBPP-PA14,GSM8297952,,,,,,,no,,,,,"HUNG LAB, MOLECULAR BIOLOGY, MASSACHUSETTS GENERAL HOSPITAL",SRA1883722,,public,A23E152A79C6423ABE3BF85DD723B067,892608AA2E419FCA7894C4EBAB89985E
SRR29244885,2024-10-11 21:38:08,2024-05-31 07:23:26,2505215,123236169,0,49,57,,https://sra-downloadb.be-md.ncbi.nlm.nih.gov/sos13/sra-pub-zq-1307/SRR029/29244/SRR29244885/SRR29244885.lite.1,SRX24763172,GSM8297952,RNA-Seq,cDNA,TRANSCRIPTOMIC,SINGLE,0,0,ILLUMINA,Illumina NovaSeq 6000,SRP479194,PRJNA1055047,3,1055047,SRS21482698,SAMN41607389,simple,208963,Pseudomonas aeruginosa UCBPP-PA14,GSM8297952,,,,,,,no,,,,,"HUNG LAB, MOLECULAR BIOLOGY, MASSACHUSETTS GENERAL HOSPITAL",SRA1883722,,public,18075D9615A8CE88181F44FA8FCDDFA9,2AF94DB38AC14BDD1FA523D9B5E5545A
SRR29244882,2024-10-11 21:38:08,2024-05-31 07:22:44,2661841,109135481,0,41,47,,https://sra-downloadb.be-md.ncbi.nlm.nih.gov/sos13/sra-pub-zq-1307/SRR029/29244/SRR29244882/SRR29244882.lite.1,SRX24763173,GSM8297953,RNA-Seq,cDNA,TRANSCRIPTOMIC,SINGLE,0,0,ILLUMINA,Illumina NovaSeq 6000,SRP479194,PRJNA1055047,3,1055047,SRS21482701,SAMN41607388,simple,208963,Pseudomonas aeruginosa UCBPP-PA14,GSM8297953,,,,,,,no,,,,,"HUNG LAB, MOLECULAR BIOLOGY, MASSACHUSETTS GENERAL HOSPITAL",SRA1883722,,public,48AB8C0854C3A22A7EF2CF2508E3A8E6,509C70B775F59B31BF456C2BA56B00E3
SRR29244883,2024-10-11 21:38:08,2024-05-31 07:22:53,2661841,130402569,0,48,60,,https://sra-downloadb.be-md.ncbi.nlm.nih.gov/sos13/sra-pub-zq-1307/SRR029/29244/SRR29244883/SRR29244883.lite.1,SRX24763173,GSM8297953,RNA-Seq,cDNA,TRANSCRIPTOMIC,SINGLE,0,0,ILLUMINA,Illumina NovaSeq 6000,SRP479194,PRJNA1055047,3,1055047,SRS21482701,SAMN41607388,simple,208963,Pseudomonas aeruginosa UCBPP-PA14,GSM8297953,,,,,,,no,,,,,"HUNG LAB, MOLECULAR BIOLOGY, MASSACHUSETTS GENERAL HOSPITAL",SRA1883722,,public,6CD5E0D4F915256C6BCCB9C625A170C6,42AAAC44328943D7DD00F6D47348FFEA
SRR29244880,2024-10-11 21:38:08,2024-05-31 07:23:34,3118946,127876786,0,41,55,,https://sra-downloadb.be-md.ncbi.nlm.nih.gov/sos13/sra-pub-zq-1307/SRR029/29244/SRR29244880/SRR29244880.lite.1,SRX24763174,GSM8297954,RNA-Seq,cDNA,TRANSCRIPTOMIC,SINGLE,0,0,ILLUMINA,Illumina NovaSeq 6000,SRP479194,PRJNA1055047,3,1055047,SRS21482700,SAMN41607387,simple,208963,Pseudomonas aeruginosa UCBPP-PA14,GSM8297954,,,,,,,no,,,,,"HUNG LAB, MOLECULAR BIOLOGY, MASSACHUSETTS GENERAL HOSPITAL",SRA1883722,,public,1B327BECAE9BCFF6BBEC1BBE44BFDCE1,68D11EEB73CDA98FC651EB8BAF8A7CE3
SRR29244881,2024-10-11 21:38:08,2024-05-31 07:23:23,3118946,153500178,0,49,71,,https://sra-downloadb.be-md.ncbi.nlm.nih.gov/sos13/sra-pub-zq-1307/SRR029/29244/SRR29244881/SRR29244881.lite.1,SRX24763174,GSM8297954,RNA-Seq,cDNA,TRANSCRIPTOMIC,SINGLE,0,0,ILLUMINA,Illumina NovaSeq 6000,SRP479194,PRJNA1055047,3,1055047,SRS21482700,SAMN41607387,simple,208963,Pseudomonas aeruginosa UCBPP-PA14,GSM8297954,,,,,,,no,,,,,"HUNG LAB, MOLECULAR BIOLOGY, MASSACHUSETTS GENERAL HOSPITAL",SRA1883722,,public,B9461D8897AECEA75BC522EB6E5F0628,511778905D6F32FCE265ED11BA32C6A6
SRR29244878,2024-10-11 21:38:08,2024-05-31 07:23:02,1853873,76008793,0,41,32,,https://sra-downloadb.be-md.ncbi.nlm.nih.gov/sos13/sra-pub-zq-1307/SRR029/29244/SRR29244878/SRR29244878.lite.1,SRX24763175,GSM8297955,RNA-Seq,cDNA,TRANSCRIPTOMIC,SINGLE,0,0,ILLUMINA,Illumina NovaSeq 6000,SRP479194,PRJNA1055047,3,1055047,SRS21482702,SAMN41607386,simple,208963,Pseudomonas aeruginosa UCBPP-PA14,GSM8297955,,,,,,,no,,,,,"HUNG LAB, MOLECULAR BIOLOGY, MASSACHUSETTS GENERAL HOSPITAL",SRA1883722,,public,9B16D62AFF81A1691319EF46F90745EA,695A1BF27643AFB14381C35E683F878C
SRR29244719,2024-10-11 21:38:19,2024-05-31 07:21:08,6718548,608483709,6718548,90,208,,https://sra-downloadb.be-md.ncbi.nlm.nih.gov/sos13/sra-pub-zq-1307/SRR029/29244/SRR29244719/SRR29244719.lite.1,SRX24763281,GSM8298045,RNA-Seq,cDNA,TRANSCRIPTOMIC,PAIRED,0,0,ILLUMINA,Illumina NovaSeq 6000,SRP479194,PRJNA1055047,3,1055047,SRS21482810,SAMN41607296,simple,208963,Pseudomonas aeruginosa UCBPP-PA14,GSM8298045,,,,,,,no,,,,,"HUNG LAB, MOLECULAR BIOLOGY, MASSACHUSETTS GENERAL HOSPITAL",SRA1883722,,public,AA8669EF1F1799D5551890F0B58272EB,54A0D6E76E2A794B143522DAEE8352D7
SRR29244718,2024-10-11 21:38:19,2024-05-31 07:21:34,4507324,408342799,4507324,90,137,,https://sra-downloadb.be-md.ncbi.nlm.nih.gov/sos13/sra-pub-zq-1307/SRR029/29244/SRR29244718/SRR29244718.lite.1,SRX24763282,GSM8298046,RNA-Seq,cDNA,TRANSCRIPTOMIC,PAIRED,0,0,ILLUMINA,Illumina NovaSeq 6000,SRP479194,PRJNA1055047,3,1055047,SRS21482808,SAMN41607295,simple,208963,Pseudomonas aeruginosa UCBPP-PA14,GSM8298046,,,,,,,no,,,,,"HUNG LAB, MOLECULAR BIOLOGY, MASSACHUSETTS GENERAL HOSPITAL",SRA1883722,,public,AEA719A64C28426B597B92A785FA9284,2F6EB00432325EE67F5A863B10F7A515
SRR29244717,2024-10-11 21:38:19,2024-05-31 07:21:22,1766190,159549288,1766190,90,54,,https://sra-downloadb.be-md.ncbi.nlm.nih.gov/sos13/sra-pub-zq-1307/SRR029/29244/SRR29244717/SRR29244717.lite.1,SRX24763283,GSM8298047,RNA-Seq,cDNA,TRANSCRIPTOMIC,PAIRED,0,0,ILLUMINA,Illumina NovaSeq 6000,SRP479194,PRJNA1055047,3,1055047,SRS21482811,SAMN41607294,simple,208963,Pseudomonas aeruginosa UCBPP-PA14,GSM8298047,,,,,,,no,,,,,"HUNG LAB, MOLECULAR BIOLOGY, MASSACHUSETTS GENERAL HOSPITAL",SRA1883722,,public,3DEE543A696D706EB6DA620023705DF1,D7443AD54F7F2C4E4B020823F50BCDCC
SRR29244716,2024-10-11 21:38:19,2024-05-31 07:21:40,3090503,279255431,3090503,90,95,,https://sra-downloadb.be-md.ncbi.nlm.nih.gov/sos13/sra-pub-zq-1307/SRR029/29244/SRR29244716/SRR29244716.lite.1,SRX24763284,GSM8298048,RNA-Seq,cDNA,TRANSCRIPTOMIC,PAIRED,0,0,ILLUMINA,Illumina NovaSeq 6000,SRP479194,PRJNA1055047,3,1055047,SRS21482809,SAMN41607293,simple,208963,Pseudomonas aeruginosa UCBPP-PA14,GSM8298048,,,,,,,no,,,,,"HUNG LAB, MOLECULAR BIOLOGY, MASSACHUSETTS GENERAL HOSPITAL",SRA1883722,,public,3DA8B8CB6B871B73B107541B76B6623D,CF9145C532E9152905E79EA4BF2BA552
SRR29244715,2024-10-11 21:38:20,2024-05-31 07:21:07,2159516,195523539,2159516,90,67,,https://sra-downloadb.be-md.ncbi.nlm.nih.gov/sos13/sra-pub-zq-1307/SRR029/29244/SRR29244715/SRR29244715.lite.1,SRX24763285,GSM8298049,RNA-Seq,cDNA,TRANSCRIPTOMIC,PAIRED,0,0,ILLUMINA,Illumina NovaSeq 6000,SRP479194,PRJNA1055047,3,1055047,SRS21482812,SAMN41607292,simple,208963,Pseudomonas aeruginosa UCBPP-PA14,GSM8298049,,,,,,,no,,,,,"HUNG LAB, MOLECULAR BIOLOGY, MASSACHUSETTS GENERAL HOSPITAL",SRA1883722,,public,B7F8AEFC32253FA57241D33E05D81BE0,AEF6C9592C087CEDB9FCB1089A0FA69C
SRR29244714,2024-10-11 21:38:20,2024-05-31 07:21:39,2541112,229965073,2541112,90,79,,https://sra-downloadb.be-md.ncbi.nlm.nih.gov/sos13/sra-pub-zq-1307/SRR029/29244/SRR29244714/SRR29244714.lite.1,SRX24763286,GSM8298050,RNA-Seq,cDNA,TRANSCRIPTOMIC,PAIRED,0,0,ILLUMINA,Illumina NovaSeq 6000,SRP479194,PRJNA1055047,3,1055047,SRS21482813,SAMN41607291,simple,208963,Pseudomonas aeruginosa UCBPP-PA14,GSM8298050,,,,,,,no,,,,,"HUNG LAB, MOLECULAR BIOLOGY, MASSACHUSETTS GENERAL HOSPITAL",SRA1883722,,public,6C41F94F13D7650715EC56FA7DBB9B7C,8C227FE286DBD63EABA21031B7039D17
SRR29244713,2024-10-11 21:38:20,2024-05-31 07:21:21,2396646,217244228,2396646,90,74,,https://sra-downloadb.be-md.ncbi.nlm.nih.gov/sos13/sra-pub-zq-1307/SRR029/29244/SRR29244713/SRR29244713.lite.1,SRX24763287,GSM8298051,RNA-Seq,cDNA,TRANSCRIPTOMIC,PAIRED,0,0,ILLUMINA,Illumina NovaSeq 6000,SRP479194,PRJNA1055047,3,1055047,SRS21482814,SAMN41607290,simple,208963,Pseudomonas aeruginosa UCBPP-PA14,GSM8298051,,,,,,,no,,,,,"HUNG LAB, MOLECULAR BIOLOGY, MASSACHUSETTS GENERAL HOSPITAL",SRA1883722,,public,5AB927360D5E10836413CD40CAD5B628,B378752C1AF71D648AA9F275A0A38A5B
SRR29244712,2024-10-11 21:38:20,2024-05-31 07:21:40,2061718,186570680,2061718,90,63,,https://sra-downloadb.be-md.ncbi.nlm.nih.gov/sos13/sra-pub-zq-1307/SRR029/29244/SRR29244712/SRR29244712.lite.1,SRX24763288,GSM8298052,RNA-Seq,cDNA,TRANSCRIPTOMIC,PAIRED,0,0,ILLUMINA,Illumina NovaSeq 6000,SRP479194,PRJNA1055047,3,1055047,SRS21482815,SAMN41607289,simple,208963,Pseudomonas aeruginosa UCBPP-PA14,GSM8298052,,,,,,,no,,,,,"HUNG LAB, MOLECULAR BIOLOGY, MASSACHUSETTS GENERAL HOSPITAL",SRA1883722,,public,094DF98F29774BDB0E2F9C5F160DDB48,A85FA24C32CF45FAAFB2F31FD42D6EBC
SRR29244711,2024-10-11 21:38:20,2024-05-31 07:20:56,1414119,127595508,1414119,90,44,,https://sra-downloadb.be-md.ncbi.nlm.nih.gov/sos13/sra-pub-zq-1307/SRR029/29244/SRR29244711/SRR29244711.lite.1,SRX24763289,GSM8298053,RNA-Seq,cDNA,TRANSCRIPTOMIC,PAIRED,0,0,ILLUMINA,Illumina NovaSeq 6000,SRP479194,PRJNA1055047,3,1055047,SRS21482817,SAMN41607288,simple,208963,Pseudomonas aeruginosa UCBPP-PA14,GSM8298053,,,,,,,no,,,,,"HUNG LAB, MOLECULAR BIOLOGY, MASSACHUSETTS GENERAL HOSPITAL",SRA1883722,,public,43ADEDEC21B597801FE6ABA73E473A21,0C25CD7C3DF5C9BE29727B52390D218F
SRR29244710,2024-10-11 21:38:20,2024-05-31 07:21:41,4893493,443265354,4893493,90,149,,https://sra-downloadb.be-md.ncbi.nlm.nih.gov/sos13/sra-pub-zq-1307/SRR029/29244/SRR29244710/SRR29244710.lite.1,SRX24763290,GSM8298054,RNA-Seq,cDNA,TRANSCRIPTOMIC,PAIRED,0,0,ILLUMINA,Illumina NovaSeq 6000,SRP479194,PRJNA1055047,3,1055047,SRS21482816,SAMN41607287,simple,208963,Pseudomonas aeruginosa UCBPP-PA14,GSM8298054,,,,,,,no,,,,,"HUNG LAB, MOLECULAR BIOLOGY, MASSACHUSETTS GENERAL HOSPITAL",SRA1883722,,public,555C5FD45F847FBCACD807DC42F1A1C5,1CE3AD447927EC7B7CF3D9803F5CCC1F
SRR29244709,2024-10-11 21:38:20,2024-05-31 07:21:40,9251090,838380227,9251090,90,281,,https://sra-downloadb.be-md.ncbi.nlm.nih.gov/sos13/sra-pub-zq-1307/SRR029/29244/SRR29244709/SRR29244709.lite.1,SRX24763291,GSM8298055,RNA-Seq,cDNA,TRANSCRIPTOMIC,PAIRED,0,0,ILLUMINA,Illumina NovaSeq 6000,SRP479194,PRJNA1055047,3,1055047,SRS21482818,SAMN41607286,simple,208963,Pseudomonas aeruginosa UCBPP-PA14,GSM8298055,,,,,,,no,,,,,"HUNG LAB, MOLECULAR BIOLOGY, MASSACHUSETTS GENERAL HOSPITAL",SRA1883722,,public,9166388D678BF73F5D85C84B0C40EA8C,87C9A0905E6759C0C237087F864E2A24
SRR29244708,2024-10-11 21:38:20,2024-05-31 07:21:19,2703451,244313027,2703451,90,84,,https://sra-downloadb.be-md.ncbi.nlm.nih.gov/sos13/sra-pub-zq-1307/SRR029/29244/SRR29244708/SRR29244708.lite.1,SRX24763292,GSM8298056,RNA-Seq,cDNA,TRANSCRIPTOMIC,PAIRED,0,0,ILLUMINA,Illumina NovaSeq 6000,SRP479194,PRJNA1055047,3,1055047,SRS21482819,SAMN41607285,simple,208963,Pseudomonas aeruginosa UCBPP-PA14,GSM8298056,,,,,,,no,,,,,"HUNG LAB, MOLECULAR BIOLOGY, MASSACHUSETTS GENERAL HOSPITAL",SRA1883722,,public,A1167B2F982D4C433DA1BBDE6D95FD5B,646248A01DBDE3D793FC55EB7FC102A0
SRR29244707,2024-10-11 21:38:27,2024-05-31 07:21:20,6237404,565305192,6237404,90,191,,https://sra-downloadb.be-md.ncbi.nlm.nih.gov/sos13/sra-pub-zq-1307/SRR029/29244/SRR29244707/SRR29244707.lite.1,SRX24763293,GSM8298105,RNA-Seq,cDNA,TRANSCRIPTOMIC,PAIRED,0,0,ILLUMINA,Illumina NovaSeq 6000,SRP479194,PRJNA1055047,3,1055047,SRS21482820,SAMN41607236,simple,208963,Pseudomonas aeruginosa UCBPP-PA14,GSM8298105,,,,,,,no,,,,,"HUNG LAB, MOLECULAR BIOLOGY, MASSACHUSETTS GENERAL HOSPITAL",SRA1883722,,public,7E5F17B1718307B218C8A19CFE51726E,EF857553754791CB61585F25B1CF0F7E
SRR29244706,2024-10-11 21:38:27,2024-05-31 07:21:22,2305200,208829144,2305200,90,70,,https://sra-downloadb.be-md.ncbi.nlm.nih.gov/sos13/sra-pub-zq-1307/SRR029/29244/SRR29244706/SRR29244706.lite.1,SRX24763294,GSM8298106,RNA-Seq,cDNA,TRANSCRIPTOMIC,PAIRED,0,0,ILLUMINA,Illumina NovaSeq 6000,SRP479194,PRJNA1055047,3,1055047,SRS21482821,SAMN41607235,simple,208963,Pseudomonas aeruginosa UCBPP-PA14,GSM8298106,,,,,,,no,,,,,"HUNG LAB, MOLECULAR BIOLOGY, MASSACHUSETTS GENERAL HOSPITAL",SRA1883722,,public,B39FCAB990DEAB76B5FE8F30CE74E194,33B4AD322D120BD320B215B54F081EC8
SRR29244705,2024-10-11 21:38:27,2024-05-31 07:21:18,3162676,286368556,3162676,90,97,,https://sra-downloadb.be-md.ncbi.nlm.nih.gov/sos13/sra-pub-zq-1307/SRR029/29244/SRR29244705/SRR29244705.lite.1,SRX24763295,GSM8298107,RNA-Seq,cDNA,TRANSCRIPTOMIC,PAIRED,0,0,ILLUMINA,Illumina NovaSeq 6000,SRP479194,PRJNA1055047,3,1055047,SRS21482822,SAMN41607234,simple,208963,Pseudomonas aeruginosa UCBPP-PA14,GSM8298107,,,,,,,no,,,,,"HUNG LAB, MOLECULAR BIOLOGY, MASSACHUSETTS GENERAL HOSPITAL",SRA1883722,,public,DB0D59E09FFCF7560FAD142AB5148F97,627184D7D3E64B326C0FD21A3C8F7A2D
SRR29244704,2024-10-11 21:38:27,2024-05-31 07:20:48,3044052,275507424,3044052,90,93,,https://sra-downloadb.be-md.ncbi.nlm.nih.gov/sos13/sra-pub-zq-1307/SRR029/29244/SRR29244704/SRR29244704.lite.1,SRX24763296,GSM8298108,RNA-Seq,cDNA,TRANSCRIPTOMIC,PAIRED,0,0,ILLUMINA,Illumina NovaSeq 6000,SRP479194,PRJNA1055047,3,1055047,SRS21482823,SAMN41607233,simple,208963,Pseudomonas aeruginosa UCBPP-PA14,GSM8298108,,,,,,,no,,,,,"HUNG LAB, MOLECULAR BIOLOGY, MASSACHUSETTS GENERAL HOSPITAL",SRA1883722,,public,D18D54F4826FCE88452262C05B85DCA3,DDB490453796BFFFA0100D5B0D863E53
SRR29244703,2024-10-11 21:38:27,2024-05-31 07:21:14,2512656,227655586,2512656,90,76,,https://sra-downloadb.be-md.ncbi.nlm.nih.gov/sos13/sra-pub-zq-1307/SRR029/29244/SRR29244703/SRR29244703.lite.1,SRX24763297,GSM8298109,RNA-Seq,cDNA,TRANSCRIPTOMIC,PAIRED,0,0,ILLUMINA,Illumina NovaSeq 6000,SRP479194,PRJNA1055047,3,1055047,SRS21482824,SAMN41607232,simple,208963,Pseudomonas aeruginosa UCBPP-PA14,GSM8298109,,,,,,,no,,,,,"HUNG LAB, MOLECULAR BIOLOGY, MASSACHUSETTS GENERAL HOSPITAL",SRA1883722,,public,4CEDBD695316F14BC065BA3743ECF8BA,7349E74512110DF2132F249F454E7F67
SRR29244702,2024-10-11 21:38:27,2024-05-31 07:21:07,1844399,166638791,1844399,90,56,,https://sra-downloadb.be-md.ncbi.nlm.nih.gov/sos13/sra-pub-zq-1307/SRR029/29244/SRR29244702/SRR29244702.lite.1,SRX24763298,GSM8298110,RNA-Seq,cDNA,TRANSCRIPTOMIC,PAIRED,0,0,ILLUMINA,Illumina NovaSeq 6000,SRP479194,PRJNA1055047,3,1055047,SRS21482826,SAMN41607231,simple,208963,Pseudomonas aeruginosa UCBPP-PA14,GSM8298110,,,,,,,no,,,,,"HUNG LAB, MOLECULAR BIOLOGY, MASSACHUSETTS GENERAL HOSPITAL",SRA1883722,,public,94B329223D6423831FF5C34C3F4DE3E5,2783484CC88A5F8FA54589D0C0B4F2D7
SRR29244701,2024-10-11 21:38:27,2024-05-31 07:21:39,5325517,482675540,5325517,90,162,,https://sra-downloadb.be-md.ncbi.nlm.nih.gov/sos13/sra-pub-zq-1307/SRR029/29244/SRR29244701/SRR29244701.lite.1,SRX24763299,GSM8298111,RNA-Seq,cDNA,TRANSCRIPTOMIC,PAIRED,0,0,ILLUMINA,Illumina NovaSeq 6000,SRP479194,PRJNA1055047,3,1055047,SRS21482825,SAMN41607230,simple,208963,Pseudomonas aeruginosa UCBPP-PA14,GSM8298111,,,,,,,no,,,,,"HUNG LAB, MOLECULAR BIOLOGY, MASSACHUSETTS GENERAL HOSPITAL",SRA1883722,,public,A0FAC8E3C76754EBB3F3B259C12A268B,B0FB7949AEA338BC6A90A824A1DF96D6
SRR29244700,2024-10-11 21:38:27,2024-05-31 07:21:55,6401350,580460485,6401350,90,196,,https://sra-downloadb.be-md.ncbi.nlm.nih.gov/sos13/sra-pub-zq-1307/SRR029/29244/SRR29244700/SRR29244700.lite.1,SRX24763300,GSM8298112,RNA-Seq,cDNA,TRANSCRIPTOMIC,PAIRED,0,0,ILLUMINA,Illumina NovaSeq 6000,SRP479194,PRJNA1055047,3,1055047,SRS21482829,SAMN41607229,simple,208963,Pseudomonas aeruginosa UCBPP-PA14,GSM8298112,,,,,,,no,,,,,"HUNG LAB, MOLECULAR BIOLOGY, MASSACHUSETTS GENERAL HOSPITAL",SRA1883722,,public,7B1490080A43D250F1DCB76FFA7DBF14,FFA2C00F47C81FA2FD483F67A2D30B16
SRR29244699,2024-10-11 21:38:28,2024-05-31 07:21:48,6012431,543663850,6012431,90,185,,https://sra-downloadb.be-md.ncbi.nlm.nih.gov/sos13/sra-pub-zq-1307/SRR029/29244/SRR29244699/SRR29244699.lite.1,SRX24763301,GSM8298113,RNA-Seq,cDNA,TRANSCRIPTOMIC,PAIRED,0,0,ILLUMINA,Illumina NovaSeq 6000,SRP479194,PRJNA1055047,3,1055047,SRS21482827,SAMN41607228,simple,208963,Pseudomonas aeruginosa UCBPP-PA14,GSM8298113,,,,,,,no,,,,,"HUNG LAB, MOLECULAR BIOLOGY, MASSACHUSETTS GENERAL HOSPITAL",SRA1883722,,public,2A74217198409FCC8CA7E1BE9216D1E5,C3AA6CFA421DE797CB03635A0300B35F
SRR29244698,2024-10-11 21:38:28,2024-05-31 07:21:41,5667649,513962461,5667649,90,175,,https://sra-downloadb.be-md.ncbi.nlm.nih.gov/sos13/sra-pub-zq-1307/SRR029/29244/SRR29244698/SRR29244698.lite.1,SRX24763302,GSM8298114,RNA-Seq,cDNA,TRANSCRIPTOMIC,PAIRED,0,0,ILLUMINA,Illumina NovaSeq 6000,SRP479194,PRJNA1055047,3,1055047,SRS21482828,SAMN41607227,simple,208963,Pseudomonas aeruginosa UCBPP-PA14,GSM8298114,,,,,,,no,,,,,"HUNG LAB, MOLECULAR BIOLOGY, MASSACHUSETTS GENERAL HOSPITAL",SRA1883722,,public,52918F68338743CEDE0D2B0277C9B2FC,70C4DD64611FA84A95692EF67338F12B
SRR29244697,2024-10-11 21:38:28,2024-05-31 07:20:49,5521951,500489208,5521951,90,169,,https://sra-downloadb.be-md.ncbi.nlm.nih.gov/sos13/sra-pub-zq-1307/SRR029/29244/SRR29244697/SRR29244697.lite.1,SRX24763303,GSM8298115,RNA-Seq,cDNA,TRANSCRIPTOMIC,PAIRED,0,0,ILLUMINA,Illumina NovaSeq 6000,SRP479194,PRJNA1055047,3,1055047,SRS21482831,SAMN41607226,simple,208963,Pseudomonas aeruginosa UCBPP-PA14,GSM8298115,,,,,,,no,,,,,"HUNG LAB, MOLECULAR BIOLOGY, MASSACHUSETTS GENERAL HOSPITAL",SRA1883722,,public,A43512237F6993C7E123FE9A26746AFB,903804D8C6F2B92900FA369993E5CC0D
SRR29244696,2024-10-11 21:38:28,2024-05-31 07:21:41,5068614,458037953,5068614,90,156,,https://sra-downloadb.be-md.ncbi.nlm.nih.gov/sos13/sra-pub-zq-1307/SRR029/29244/SRR29244696/SRR29244696.lite.1,SRX24763304,GSM8298116,RNA-Seq,cDNA,TRANSCRIPTOMIC,PAIRED,0,0,ILLUMINA,Illumina NovaSeq 6000,SRP479194,PRJNA1055047,3,1055047,SRS21482830,SAMN41607225,simple,208963,Pseudomonas aeruginosa UCBPP-PA14,GSM8298116,,,,,,,no,,,,,"HUNG LAB, MOLECULAR BIOLOGY, MASSACHUSETTS GENERAL HOSPITAL",SRA1883722,,public,32D402E83B3C6EB431F747928B481376,6E70F3A7CC46FD20096A0745F646C5BE
SRR29244695,2024-10-11 21:38:28,2024-05-31 07:21:02,6486117,587927420,6486117,90,201,,https://sra-downloadb.be-md.ncbi.nlm.nih.gov/sos13/sra-pub-zq-1307/SRR029/29244/SRR29244695/SRR29244695.lite.1,SRX24763305,GSM8298117,RNA-Seq,cDNA,TRANSCRIPTOMIC,PAIRED,0,0,ILLUMINA,Illumina NovaSeq 6000,SRP479194,PRJNA1055047,3,1055047,SRS21482832,SAMN41607224,simple,208963,Pseudomonas aeruginosa UCBPP-PA14,GSM8298117,,,,,,,no,,,,,"HUNG LAB, MOLECULAR BIOLOGY, MASSACHUSETTS GENERAL HOSPITAL",SRA1883722,,public,051F5B46FC6ECF475AB36376D0BE0295,F5CCE2ED84147F1662B6B6C2AEED3A7C
SRR29244694,2024-10-11 21:38:28,2024-05-31 07:21:01,1061055,96096812,1061055,90,32,,https://sra-downloadb.be-md.ncbi.nlm.nih.gov/sos13/sra-pub-zq-1307/SRR029/29244/SRR29244694/SRR29244694.lite.1,SRX24763306,GSM8298118,RNA-Seq,cDNA,TRANSCRIPTOMIC,PAIRED,0,0,ILLUMINA,Illumina NovaSeq 6000,SRP479194,PRJNA1055047,3,1055047,SRS21482836,SAMN41607223,simple,208963,Pseudomonas aeruginosa UCBPP-PA14,GSM8298118,,,,,,,no,,,,,"HUNG LAB, MOLECULAR BIOLOGY, MASSACHUSETTS GENERAL HOSPITAL",SRA1883722,,public,84BD1DAC1260F2E44F5DD43F173D0EE8,16243B8B5191FD249CC772468F42E5C0
SRR29244693,2024-10-11 21:38:28,2024-05-31 07:20:56,2487238,225312711,2487238,90,75,,https://sra-downloadb.be-md.ncbi.nlm.nih.gov/sos13/sra-pub-zq-1307/SRR029/29244/SRR29244693/SRR29244693.lite.1,SRX24763307,GSM8298119,RNA-Seq,cDNA,TRANSCRIPTOMIC,PAIRED,0,0,ILLUMINA,Illumina NovaSeq 6000,SRP479194,PRJNA1055047,3,1055047,SRS21482834,SAMN41607222,simple,208963,Pseudomonas aeruginosa UCBPP-PA14,GSM8298119,,,,,,,no,,,,,"HUNG LAB, MOLECULAR BIOLOGY, MASSACHUSETTS GENERAL HOSPITAL",SRA1883722,,public,2E523D3F0CED7B0B4B370170C6D90131,E456263F2419916EB563E9698C771FD6
SRR29244692,2024-10-11 21:38:28,2024-05-31 07:20:49,1586867,143494899,1586867,90,48,,https://sra-downloadb.be-md.ncbi.nlm.nih.gov/sos13/sra-pub-zq-1307/SRR029/29244/SRR29244692/SRR29244692.lite.1,SRX24763308,GSM8298120,RNA-Seq,cDNA,TRANSCRIPTOMIC,PAIRED,0,0,ILLUMINA,Illumina NovaSeq 6000,SRP479194,PRJNA1055047,3,1055047,SRS21482833,SAMN41607221,simple,208963,Pseudomonas aeruginosa UCBPP-PA14,GSM8298120,,,,,,,no,,,,,"HUNG LAB, MOLECULAR BIOLOGY, MASSACHUSETTS GENERAL HOSPITAL",SRA1883722,,public,8652E564F04F1CC2D0968B4D62489689,7D0D9B80E60C80A0CDCDB770A4D1F86D
SRR29244691,2024-10-11 21:38:31,2024-05-31 07:21:03,7559477,685033849,7559477,90,227,,https://sra-downloadb.be-md.ncbi.nlm.nih.gov/sos13/sra-pub-zq-1307/SRR029/29244/SRR29244691/SRR29244691.lite.1,SRX24763309,GSM8298169,RNA-Seq,cDNA,TRANSCRIPTOMIC,PAIRED,0,0,ILLUMINA,Illumina NovaSeq 6000,SRP479194,PRJNA1055047,3,1055047,SRS21482838,SAMN41607172,simple,208963,Pseudomonas aeruginosa UCBPP-PA14,GSM8298169,,,,,,,no,,,,,"HUNG LAB, MOLECULAR BIOLOGY, MASSACHUSETTS GENERAL HOSPITAL",SRA1883722,,public,F4151BCB0D77B5682BE9546DD2A6F8E8,1CFA95F94B87D67A48D6831E447D1567
SRR29244690,2024-10-11 21:38:31,2024-05-31 07:22:27,10621074,962518840,10621074,90,322,,https://sra-downloadb.be-md.ncbi.nlm.nih.gov/sos13/sra-pub-zq-1307/SRR029/29244/SRR29244690/SRR29244690.lite.1,SRX24763310,GSM8298170,RNA-Seq,cDNA,TRANSCRIPTOMIC,PAIRED,0,0,ILLUMINA,Illumina NovaSeq 6000,SRP479194,PRJNA1055047,3,1055047,SRS21482837,SAMN41607171,simple,208963,Pseudomonas aeruginosa UCBPP-PA14,GSM8298170,,,,,,,no,,,,,"HUNG LAB, MOLECULAR BIOLOGY, MASSACHUSETTS GENERAL HOSPITAL",SRA1883722,,public,DC3F79DD738A9564846A1E13152D67F9,C3BAFC1FE0116C8EF233E1CADA3F80EC
SRR29244689,2024-10-11 21:38:31,2024-05-31 07:21:21,4073658,369372438,4073658,90,124,,https://sra-downloadb.be-md.ncbi.nlm.nih.gov/sos13/sra-pub-zq-1307/SRR029/29244/SRR29244689/SRR29244689.lite.1,SRX24763311,GSM8298171,RNA-Seq,cDNA,TRANSCRIPTOMIC,PAIRED,0,0,ILLUMINA,Illumina NovaSeq 6000,SRP479194,PRJNA1055047,3,1055047,SRS21482835,SAMN41607170,simple,208963,Pseudomonas aeruginosa UCBPP-PA14,GSM8298171,,,,,,,no,,,,,"HUNG LAB, MOLECULAR BIOLOGY, MASSACHUSETTS GENERAL HOSPITAL",SRA1883722,,public,8AA1A5F7A7AD0A9E63D5AD2C0ECFB023,307877219F6769E657B8E46742326E5A
SRR29244688,2024-10-11 21:38:31,2024-05-31 07:21:22,3358176,304359537,3358176,90,102,,https://sra-downloadb.be-md.ncbi.nlm.nih.gov/sos13/sra-pub-zq-1307/SRR029/29244/SRR29244688/SRR29244688.lite.1,SRX24763312,GSM8298172,RNA-Seq,cDNA,TRANSCRIPTOMIC,PAIRED,0,0,ILLUMINA,Illumina NovaSeq 6000,SRP479194,PRJNA1055047,3,1055047,SRS21482839,SAMN41607169,simple,208963,Pseudomonas aeruginosa UCBPP-PA14,GSM8298172,,,,,,,no,,,,,"HUNG LAB, MOLECULAR BIOLOGY, MASSACHUSETTS GENERAL HOSPITAL",SRA1883722,,public,3D8A222CDDA5AAF88DBC3816CEA72BF0,40188305F0173F6F040EF6447E1B8CDA
SRR29244687,2024-10-11 21:38:31,2024-05-31 07:22:24,8399295,761522521,8399295,90,259,,https://sra-downloadb.be-md.ncbi.nlm.nih.gov/sos13/sra-pub-zq-1307/SRR029/29244/SRR29244687/SRR29244687.lite.1,SRX24763313,GSM8298173,RNA-Seq,cDNA,TRANSCRIPTOMIC,PAIRED,0,0,ILLUMINA,Illumina NovaSeq 6000,SRP479194,PRJNA1055047,3,1055047,SRS21482840,SAMN41607168,simple,208963,Pseudomonas aeruginosa UCBPP-PA14,GSM8298173,,,,,,,no,,,,,"HUNG LAB, MOLECULAR BIOLOGY, MASSACHUSETTS GENERAL HOSPITAL",SRA1883722,,public,2880710D425BB7A70A2CBD19FF3C18A4,2C4AC0E6A9E2A2C713E70F6832656974
SRR29244685,2024-10-11 21:38:02,2024-05-31 07:21:36,5015311,205627751,0,41,91,,https://sra-downloadb.be-md.ncbi.nlm.nih.gov/sos13/sra-pub-zq-1307/SRR029/29244/SRR29244685/SRR29244685.lite.1,SRX24763314,GSM8297881,RNA-Seq,cDNA,TRANSCRIPTOMIC,SINGLE,0,0,ILLUMINA,Illumina NovaSeq 6000,SRP479194,PRJNA1055047,3,1055047,SRS21482841,SAMN41607460,simple,208963,Pseudomonas aeruginosa UCBPP-PA14,GSM8297881,,,,,,,no,,,,,"HUNG LAB, MOLECULAR BIOLOGY, MASSACHUSETTS GENERAL HOSPITAL",SRA1883722,,public,7B56E81FC34AF96B6F06539E29BE67DA,C8A9D1992E066D9535CC7CF161C8EB19
SRR29244686,2024-10-11 21:38:02,2024-05-31 07:20:36,5015311,247687874,0,49,117,,https://sra-downloadb.be-md.ncbi.nlm.nih.gov/sos13/sra-pub-zq-1307/SRR029/29244/SRR29244686/SRR29244686.lite.1,SRX24763314,GSM8297881,RNA-Seq,cDNA,TRANSCRIPTOMIC,SINGLE,0,0,ILLUMINA,Illumina NovaSeq 6000,SRP479194,PRJNA1055047,3,1055047,SRS21482841,SAMN41607460,simple,208963,Pseudomonas aeruginosa UCBPP-PA14,GSM8297881,,,,,,,no,,,,,"HUNG LAB, MOLECULAR BIOLOGY, MASSACHUSETTS GENERAL HOSPITAL",SRA1883722,,public,0B71BF3F55B04BB1E516623BAB65A44F,FD0E36260BACFFB43C99635EA9A9AF58
SRR29244683,2024-10-11 21:38:02,2024-05-31 07:21:25,3992968,163711688,0,41,73,,https://sra-downloadb.be-md.ncbi.nlm.nih.gov/sos13/sra-pub-zq-1307/SRR029/29244/SRR29244683/SRR29244683.lite.1,SRX24763315,GSM8297882,RNA-Seq,cDNA,TRANSCRIPTOMIC,SINGLE,0,0,ILLUMINA,Illumina NovaSeq 6000,SRP479194,PRJNA1055047,3,1055047,SRS21482843,SAMN41607459,simple,208963,Pseudomonas aeruginosa UCBPP-PA14,GSM8297882,,,,,,,no,,,,,"HUNG LAB, MOLECULAR BIOLOGY, MASSACHUSETTS GENERAL HOSPITAL",SRA1883722,,public,736B9E4C8654D65F0E6D4AC34BB1123D,1E758A1B21C3FE76468497D87C8C2255
SRR29244684,2024-10-11 21:38:02,2024-05-31 07:21:08,3992968,196309021,0,49,93,,https://sra-downloadb.be-md.ncbi.nlm.nih.gov/sos13/sra-pub-zq-1307/SRR029/29244/SRR29244684/SRR29244684.lite.1,SRX24763315,GSM8297882,RNA-Seq,cDNA,TRANSCRIPTOMIC,SINGLE,0,0,ILLUMINA,Illumina NovaSeq 6000,SRP479194,PRJNA1055047,3,1055047,SRS21482843,SAMN41607459,simple,208963,Pseudomonas aeruginosa UCBPP-PA14,GSM8297882,,,,,,,no,,,,,"HUNG LAB, MOLECULAR BIOLOGY, MASSACHUSETTS GENERAL HOSPITAL",SRA1883722,,public,B43B0C4A0A60CF2BBD16294405CA3FD2,C0E92C6C60D07C7E22F64AD86B185951
SRR29244681,2024-10-11 21:38:02,2024-05-31 07:21:28,4209180,172576380,0,41,77,,https://sra-downloadb.be-md.ncbi.nlm.nih.gov/sos13/sra-pub-zq-1307/SRR029/29244/SRR29244681/SRR29244681.lite.1,SRX24763316,GSM8297883,RNA-Seq,cDNA,TRANSCRIPTOMIC,SINGLE,0,0,ILLUMINA,Illumina NovaSeq 6000,SRP479194,PRJNA1055047,3,1055047,SRS21482842,SAMN41607458,simple,208963,Pseudomonas aeruginosa UCBPP-PA14,GSM8297883,,,,,,,no,,,,,"HUNG LAB, MOLECULAR BIOLOGY, MASSACHUSETTS GENERAL HOSPITAL",SRA1883722,,public,7729738B9321C31733CE5B7AAF2B0D89,8CABB5F7EA414EFA2FA26B989ACFD7F1
SRR29244682,2024-10-11 21:38:02,2024-05-31 07:21:34,4209180,206970774,0,49,98,,https://sra-downloadb.be-md.ncbi.nlm.nih.gov/sos13/sra-pub-zq-1307/SRR029/29244/SRR29244682/SRR29244682.lite.1,SRX24763316,GSM8297883,RNA-Seq,cDNA,TRANSCRIPTOMIC,SINGLE,0,0,ILLUMINA,Illumina NovaSeq 6000,SRP479194,PRJNA1055047,3,1055047,SRS21482842,SAMN41607458,simple,208963,Pseudomonas aeruginosa UCBPP-PA14,GSM8297883,,,,,,,no,,,,,"HUNG LAB, MOLECULAR BIOLOGY, MASSACHUSETTS GENERAL HOSPITAL",SRA1883722,,public,F698A232CA30ED0E21D915BB4BFA3985,C6A80227EA8ACE761D8E01AC5A23BF4C
SRR29244879,2024-10-11 21:38:08,2024-05-31 07:23:11,1853873,91009692,0,49,42,,https://sra-downloadb.be-md.ncbi.nlm.nih.gov/sos13/sra-pub-zq-1307/SRR029/29244/SRR29244879/SRR29244879.lite.1,SRX24763175,GSM8297955,RNA-Seq,cDNA,TRANSCRIPTOMIC,SINGLE,0,0,ILLUMINA,Illumina NovaSeq 6000,SRP479194,PRJNA1055047,3,1055047,SRS21482702,SAMN41607386,simple,208963,Pseudomonas aeruginosa UCBPP-PA14,GSM8297955,,,,,,,no,,,,,"HUNG LAB, MOLECULAR BIOLOGY, MASSACHUSETTS GENERAL HOSPITAL",SRA1883722,,public,29A6CABC4083827A553EA94381C677A4,7735F2F4149A10D4847AE709F293F318
SRR29244876,2024-10-11 21:38:08,2024-05-31 07:23:33,3850786,157882226,0,41,68,,https://sra-downloadb.be-md.ncbi.nlm.nih.gov/sos13/sra-pub-zq-1307/SRR029/29244/SRR29244876/SRR29244876.lite.1,SRX24763176,GSM8297956,RNA-Seq,cDNA,TRANSCRIPTOMIC,SINGLE,0,0,ILLUMINA,Illumina NovaSeq 6000,SRP479194,PRJNA1055047,3,1055047,SRS21482704,SAMN41607385,simple,208963,Pseudomonas aeruginosa UCBPP-PA14,GSM8297956,,,,,,,no,,,,,"HUNG LAB, MOLECULAR BIOLOGY, MASSACHUSETTS GENERAL HOSPITAL",SRA1883722,,public,94E323FB87DFB9B67736BA20D020297E,B1B56A15E82A514BEEC64AC5111282D8
SRR29244877,2024-10-11 21:38:08,2024-05-31 07:23:32,3850786,190280872,0,49,88,,https://sra-downloadb.be-md.ncbi.nlm.nih.gov/sos13/sra-pub-zq-1307/SRR029/29244/SRR29244877/SRR29244877.lite.1,SRX24763176,GSM8297956,RNA-Seq,cDNA,TRANSCRIPTOMIC,SINGLE,0,0,ILLUMINA,Illumina NovaSeq 6000,SRP479194,PRJNA1055047,3,1055047,SRS21482704,SAMN41607385,simple,208963,Pseudomonas aeruginosa UCBPP-PA14,GSM8297956,,,,,,,no,,,,,"HUNG LAB, MOLECULAR BIOLOGY, MASSACHUSETTS GENERAL HOSPITAL",SRA1883722,,public,468AEB088CC1EDC0EF4F3EDFAC022C0A,AEA2B135FF30B44BC211DED94C90B964
SRR29244874,2024-10-11 21:38:08,2024-05-31 07:23:37,4454916,182651556,0,41,79,,https://sra-downloadb.be-md.ncbi.nlm.nih.gov/sos13/sra-pub-zq-1307/SRR029/29244/SRR29244874/SRR29244874.lite.1,SRX24763177,GSM8297957,RNA-Seq,cDNA,TRANSCRIPTOMIC,SINGLE,0,0,ILLUMINA,Illumina NovaSeq 6000,SRP479194,PRJNA1055047,3,1055047,SRS21482703,SAMN41607384,simple,208963,Pseudomonas aeruginosa UCBPP-PA14,GSM8297957,,,,,,,no,,,,,"HUNG LAB, MOLECULAR BIOLOGY, MASSACHUSETTS GENERAL HOSPITAL",SRA1883722,,public,870EF6DC7BE33A768BBA3BA046F070E6,D60D74B15479DAC16B10011C17184981
SRR29244875,2024-10-11 21:38:08,2024-05-31 07:22:47,4454916,219218184,0,49,103,,https://sra-downloadb.be-md.ncbi.nlm.nih.gov/sos13/sra-pub-zq-1307/SRR029/29244/SRR29244875/SRR29244875.lite.1,SRX24763177,GSM8297957,RNA-Seq,cDNA,TRANSCRIPTOMIC,SINGLE,0,0,ILLUMINA,Illumina NovaSeq 6000,SRP479194,PRJNA1055047,3,1055047,SRS21482703,SAMN41607384,simple,208963,Pseudomonas aeruginosa UCBPP-PA14,GSM8297957,,,,,,,no,,,,,"HUNG LAB, MOLECULAR BIOLOGY, MASSACHUSETTS GENERAL HOSPITAL",SRA1883722,,public,FC513EA735F1F3FF9D2B313318BC996C,9A685F1EE6D2DE7458BB67E7051DB232
SRR29244872,2024-10-11 21:38:08,2024-05-31 07:22:41,3828915,156985515,0,41,68,,https://sra-downloadb.be-md.ncbi.nlm.nih.gov/sos13/sra-pub-zq-1307/SRR029/29244/SRR29244872/SRR29244872.lite.1,SRX24763178,GSM8297958,RNA-Seq,cDNA,TRANSCRIPTOMIC,SINGLE,0,0,ILLUMINA,Illumina NovaSeq 6000,SRP479194,PRJNA1055047,3,1055047,SRS21482705,SAMN41607383,simple,208963,Pseudomonas aeruginosa UCBPP-PA14,GSM8297958,,,,,,,no,,,,,"HUNG LAB, MOLECULAR BIOLOGY, MASSACHUSETTS GENERAL HOSPITAL",SRA1883722,,public,76BD34C885B9D2970BBD1D9F9CC000FB,417844C3EE0A3DAD1900BC8F8000AE1C
SRR29244873,2024-10-11 21:38:08,2024-05-31 07:23:42,3828915,188168694,0,49,89,,https://sra-downloadb.be-md.ncbi.nlm.nih.gov/sos13/sra-pub-zq-1307/SRR029/29244/SRR29244873/SRR29244873.lite.1,SRX24763178,GSM8297958,RNA-Seq,cDNA,TRANSCRIPTOMIC,SINGLE,0,0,ILLUMINA,Illumina NovaSeq 6000,SRP479194,PRJNA1055047,3,1055047,SRS21482705,SAMN41607383,simple,208963,Pseudomonas aeruginosa UCBPP-PA14,GSM8297958,,,,,,,no,,,,,"HUNG LAB, MOLECULAR BIOLOGY, MASSACHUSETTS GENERAL HOSPITAL",SRA1883722,,public,7B2976C2B12BC5D6C75269DCA7C80BF3,709A362A413F8C192C0C94334F56A0B7
SRR29244870,2024-10-11 21:38:08,2024-05-31 07:23:17,2472460,101370860,0,41,44,,https://sra-downloadb.be-md.ncbi.nlm.nih.gov/sos13/sra-pub-zq-1307/SRR029/29244/SRR29244870/SRR29244870.lite.1,SRX24763179,GSM8297959,RNA-Seq,cDNA,TRANSCRIPTOMIC,SINGLE,0,0,ILLUMINA,Illumina NovaSeq 6000,SRP479194,PRJNA1055047,3,1055047,SRS21482706,SAMN41607382,simple,208963,Pseudomonas aeruginosa UCBPP-PA14,GSM8297959,,,,,,,no,,,,,"HUNG LAB, MOLECULAR BIOLOGY, MASSACHUSETTS GENERAL HOSPITAL",SRA1883722,,public,0C4806ABD2A908A436BB8594947D2595,FCC2ACFE341017DE270737D01BFA44DA
SRR29244871,2024-10-11 21:38:08,2024-05-31 07:22:36,2472460,121314454,0,49,56,,https://sra-downloadb.be-md.ncbi.nlm.nih.gov/sos13/sra-pub-zq-1307/SRR029/29244/SRR29244871/SRR29244871.lite.1,SRX24763179,GSM8297959,RNA-Seq,cDNA,TRANSCRIPTOMIC,SINGLE,0,0,ILLUMINA,Illumina NovaSeq 6000,SRP479194,PRJNA1055047,3,1055047,SRS21482706,SAMN41607382,simple,208963,Pseudomonas aeruginosa UCBPP-PA14,GSM8297959,,,,,,,no,,,,,"HUNG LAB, MOLECULAR BIOLOGY, MASSACHUSETTS GENERAL HOSPITAL",SRA1883722,,public,D691AD88B8C0E4E05DC67E8A67E16335,550966269F109689342C35ED6B74E18A
SRR29244868,2024-10-11 21:38:08,2024-05-31 07:22:39,1227913,50344433,0,41,21,,https://sra-downloadb.be-md.ncbi.nlm.nih.gov/sos13/sra-pub-zq-1307/SRR029/29244/SRR29244868/SRR29244868.lite.1,SRX24763180,GSM8297960,RNA-Seq,cDNA,TRANSCRIPTOMIC,SINGLE,0,0,ILLUMINA,Illumina NovaSeq 6000,SRP479194,PRJNA1055047,3,1055047,SRS21482707,SAMN41607381,simple,208963,Pseudomonas aeruginosa UCBPP-PA14,GSM8297960,,,,,,,no,,,,,"HUNG LAB, MOLECULAR BIOLOGY, MASSACHUSETTS GENERAL HOSPITAL",SRA1883722,,public,437B58F26E383F543AFD6B937270EF9A,93BD688ECE6E7C87715D887A24307A52
SRR29244869,2024-10-11 21:38:08,2024-05-31 07:23:10,1227913,60199497,0,49,28,,https://sra-downloadb.be-md.ncbi.nlm.nih.gov/sos13/sra-pub-zq-1307/SRR029/29244/SRR29244869/SRR29244869.lite.1,SRX24763180,GSM8297960,RNA-Seq,cDNA,TRANSCRIPTOMIC,SINGLE,0,0,ILLUMINA,Illumina NovaSeq 6000,SRP479194,PRJNA1055047,3,1055047,SRS21482707,SAMN41607381,simple,208963,Pseudomonas aeruginosa UCBPP-PA14,GSM8297960,,,,,,,no,,,,,"HUNG LAB, MOLECULAR BIOLOGY, MASSACHUSETTS GENERAL HOSPITAL",SRA1883722,,public,537157E18E4DA2273C7F6DB62A1E66A0,676E2246F7B8689FD564BAAB70D34006
SRR29244867,2024-10-11 21:38:15,2024-05-31 07:23:15,3329546,301761399,3329546,90,103,,https://sra-downloadb.be-md.ncbi.nlm.nih.gov/sos13/sra-pub-zq-1307/SRR029/29244/SRR29244867/SRR29244867.lite.1,SRX24763181,GSM8298009,RNA-Seq,cDNA,TRANSCRIPTOMIC,PAIRED,0,0,ILLUMINA,Illumina NovaSeq 6000,SRP479194,PRJNA1055047,3,1055047,SRS21482708,SAMN41607332,simple,208963,Pseudomonas aeruginosa UCBPP-PA14,GSM8298009,,,,,,,no,,,,,"HUNG LAB, MOLECULAR BIOLOGY, MASSACHUSETTS GENERAL HOSPITAL",SRA1883722,,public,62EF6CE8C1083F138EE2CD99FFFAD290,E832FABBEFD399467B7BCD44B9080B54
SRR29244866,2024-10-11 21:38:15,2024-05-31 07:23:27,5189188,470372186,5189188,90,159,,https://sra-downloadb.be-md.ncbi.nlm.nih.gov/sos13/sra-pub-zq-1307/SRR029/29244/SRR29244866/SRR29244866.lite.1,SRX24763182,GSM8298010,RNA-Seq,cDNA,TRANSCRIPTOMIC,PAIRED,0,0,ILLUMINA,Illumina NovaSeq 6000,SRP479194,PRJNA1055047,3,1055047,SRS21482710,SAMN41607331,simple,208963,Pseudomonas aeruginosa UCBPP-PA14,GSM8298010,,,,,,,no,,,,,"HUNG LAB, MOLECULAR BIOLOGY, MASSACHUSETTS GENERAL HOSPITAL",SRA1883722,,public,D03A4E488867410DB5A93A016405A26E,BC1E1DA0363202F0F9CAA491CB36A667
SRR29244865,2024-10-11 21:38:15,2024-05-31 07:23:49,5145261,466121578,5145261,90,160,,https://sra-downloadb.be-md.ncbi.nlm.nih.gov/sos13/sra-pub-zq-1307/SRR029/29244/SRR29244865/SRR29244865.lite.1,SRX24763183,GSM8298011,RNA-Seq,cDNA,TRANSCRIPTOMIC,PAIRED,0,0,ILLUMINA,Illumina NovaSeq 6000,SRP479194,PRJNA1055047,3,1055047,SRS21482711,SAMN41607330,simple,208963,Pseudomonas aeruginosa UCBPP-PA14,GSM8298011,,,,,,,no,,,,,"HUNG LAB, MOLECULAR BIOLOGY, MASSACHUSETTS GENERAL HOSPITAL",SRA1883722,,public,1EB6F5127B20A9F5931184C5BE375862,10CE5869EEEB402DAE9AAAE030ED7735
SRR29244864,2024-10-11 21:38:15,2024-05-31 07:23:00,4345950,393679114,4345950,90,134,,https://sra-downloadb.be-md.ncbi.nlm.nih.gov/sos13/sra-pub-zq-1307/SRR029/29244/SRR29244864/SRR29244864.lite.1,SRX24763184,GSM8298012,RNA-Seq,cDNA,TRANSCRIPTOMIC,PAIRED,0,0,ILLUMINA,Illumina NovaSeq 6000,SRP479194,PRJNA1055047,3,1055047,SRS21482709,SAMN41607329,simple,208963,Pseudomonas aeruginosa UCBPP-PA14,GSM8298012,,,,,,,no,,,,,"HUNG LAB, MOLECULAR BIOLOGY, MASSACHUSETTS GENERAL HOSPITAL",SRA1883722,,public,DAD056EA82DA8DADA57909CB87DAACB0,5D0BE5D90AF68DE3CCE7A1A47CCB260B
SRR29244863,2024-10-11 21:38:15,2024-05-31 07:22:38,3985134,360971334,3985134,90,122,,https://sra-downloadb.be-md.ncbi.nlm.nih.gov/sos13/sra-pub-zq-1307/SRR029/29244/SRR29244863/SRR29244863.lite.1,SRX24763185,GSM8298013,RNA-Seq,cDNA,TRANSCRIPTOMIC,PAIRED,0,0,ILLUMINA,Illumina NovaSeq 6000,SRP479194,PRJNA1055047,3,1055047,SRS21482712,SAMN41607328,simple,208963,Pseudomonas aeruginosa UCBPP-PA14,GSM8298013,,,,,,,no,,,,,"HUNG LAB, MOLECULAR BIOLOGY, MASSACHUSETTS GENERAL HOSPITAL",SRA1883722,,public,3D875F140E35D273C32D4D7A57983FDE,B00E84B7790E98DFA927ACAD05776F4C
SRR29244862,2024-10-11 21:38:15,2024-05-31 07:22:34,3179958,287930657,3179958,90,99,,https://sra-downloadb.be-md.ncbi.nlm.nih.gov/sos13/sra-pub-zq-1307/SRR029/29244/SRR29244862/SRR29244862.lite.1,SRX24763186,GSM8298014,RNA-Seq,cDNA,TRANSCRIPTOMIC,PAIRED,0,0,ILLUMINA,Illumina NovaSeq 6000,SRP479194,PRJNA1055047,3,1055047,SRS21482713,SAMN41607327,simple,208963,Pseudomonas aeruginosa UCBPP-PA14,GSM8298014,,,,,,,no,,,,,"HUNG LAB, MOLECULAR BIOLOGY, MASSACHUSETTS GENERAL HOSPITAL",SRA1883722,,public,17A0B1231B2BCBE059ADF5B26CF29513,992DFF66A9A3864DE2DA4134E9674CCF
SRR29244861,2024-10-11 21:38:15,2024-05-31 07:24:04,8887485,804951838,8887485,90,274,,https://sra-downloadb.be-md.ncbi.nlm.nih.gov/sos13/sra-pub-zq-1307/SRR029/29244/SRR29244861/SRR29244861.lite.1,SRX24763187,GSM8298015,RNA-Seq,cDNA,TRANSCRIPTOMIC,PAIRED,0,0,ILLUMINA,Illumina NovaSeq 6000,SRP479194,PRJNA1055047,3,1055047,SRS21482714,SAMN41607326,simple,208963,Pseudomonas aeruginosa UCBPP-PA14,GSM8298015,,,,,,,no,,,,,"HUNG LAB, MOLECULAR BIOLOGY, MASSACHUSETTS GENERAL HOSPITAL",SRA1883722,,public,0FE89E08384E5E3D38C2F0B2C7A0770B,4A7130D794E4856C2D59C9D113503638
SRR29244860,2024-10-11 21:38:16,2024-05-31 07:22:37,5482783,496936146,5482783,90,166,,https://sra-downloadb.be-md.ncbi.nlm.nih.gov/sos13/sra-pub-zq-1307/SRR029/29244/SRR29244860/SRR29244860.lite.1,SRX24763188,GSM8298016,RNA-Seq,cDNA,TRANSCRIPTOMIC,PAIRED,0,0,ILLUMINA,Illumina NovaSeq 6000,SRP479194,PRJNA1055047,3,1055047,SRS21482716,SAMN41607325,simple,208963,Pseudomonas aeruginosa UCBPP-PA14,GSM8298016,,,,,,,no,,,,,"HUNG LAB, MOLECULAR BIOLOGY, MASSACHUSETTS GENERAL HOSPITAL",SRA1883722,,public,FA18CE79F1962DB889BCDB65DAF417B4,A4DFA25FFBFE77D8F6ABFB1E7E8801E6
SRR29244859,2024-10-11 21:38:16,2024-05-31 07:22:54,2432365,219983653,2432365,90,75,,https://sra-downloadb.be-md.ncbi.nlm.nih.gov/sos13/sra-pub-zq-1307/SRR029/29244/SRR29244859/SRR29244859.lite.1,SRX24763189,GSM8298017,RNA-Seq,cDNA,TRANSCRIPTOMIC,PAIRED,0,0,ILLUMINA,Illumina NovaSeq 6000,SRP479194,PRJNA1055047,3,1055047,SRS21482717,SAMN41607324,simple,208963,Pseudomonas aeruginosa UCBPP-PA14,GSM8298017,,,,,,,no,,,,,"HUNG LAB, MOLECULAR BIOLOGY, MASSACHUSETTS GENERAL HOSPITAL",SRA1883722,,public,ABC29A78FF1491F79A46DC96B8A9E7F2,1530F12C17E0644DDB6E456F711B2858
SRR29244858,2024-10-11 21:38:16,2024-05-31 07:22:22,1509690,136784393,1509690,90,46,,https://sra-downloadb.be-md.ncbi.nlm.nih.gov/sos13/sra-pub-zq-1307/SRR029/29244/SRR29244858/SRR29244858.lite.1,SRX24763190,GSM8298018,RNA-Seq,cDNA,TRANSCRIPTOMIC,PAIRED,0,0,ILLUMINA,Illumina NovaSeq 6000,SRP479194,PRJNA1055047,3,1055047,SRS21482715,SAMN41607323,simple,208963,Pseudomonas aeruginosa UCBPP-PA14,GSM8298018,,,,,,,no,,,,,"HUNG LAB, MOLECULAR BIOLOGY, MASSACHUSETTS GENERAL HOSPITAL",SRA1883722,,public,D772CEEDB58EECB4E5D091C9240F0C3D,5868AA3683B24A80CBAE672475C595EB
SRR29244857,2024-10-11 21:38:16,2024-05-31 07:23:48,6399943,579931847,6399943,90,193,,https://sra-downloadb.be-md.ncbi.nlm.nih.gov/sos13/sra-pub-zq-1307/SRR029/29244/SRR29244857/SRR29244857.lite.1,SRX24763191,GSM8298019,RNA-Seq,cDNA,TRANSCRIPTOMIC,PAIRED,0,0,ILLUMINA,Illumina NovaSeq 6000,SRP479194,PRJNA1055047,3,1055047,SRS21482718,SAMN41607322,simple,208963,Pseudomonas aeruginosa UCBPP-PA14,GSM8298019,,,,,,,no,,,,,"HUNG LAB, MOLECULAR BIOLOGY, MASSACHUSETTS GENERAL HOSPITAL",SRA1883722,,public,DA3FF847AB58B001A12A084929712C36,9630EBCE460762E669FA530C02241568
