PA14_RS03190	3063.25575749326	6.93547280227383	0.178205994110342	38.9182913677949	0	0
PA14_RS03195	8369.86311114625	6.80187241545453	0.144914409579303	46.937170949396	0	0
PA14_RS03210	2152.09748683558	6.04442139523615	0.155500647215147	38.870715353829	0	0
PA14_RS03220	3274.44095976443	6.65020670236533	0.170181919092468	39.0770461270444	0	0
PA14_RS03230	12450.1110849995	6.19880113769753	0.124601463821234	49.7490233870042	0	0
PA14_RS03240	14825.3368330061	6.51341340032169	0.155324161175993	41.9343220720281	0	0
PA14_RS03245	2022.05588177543	6.13728507394276	0.163097124052744	37.6296339349186	0	0
PA14_RS03255	12639.3859390602	5.89533814561491	0.112936818249995	52.2003208250926	0	0
PA14_RS03260	3556.90324630889	5.70391902925855	0.133220632493743	42.8155828604584	0	0
PA14_RS03290	6322.69441228002	6.59389169224483	0.142735842833034	46.1964672738722	0	0
PA14_RS03305	9077.9134197716	5.98569587163556	0.138986715228353	43.0666762776655	0	0
PA14_RS03330	12499.1839393071	5.88700220570245	0.115317844561349	51.050227552342	0	0
PA14_RS31185	3367.44332750786	5.68037491474297	0.150820187336489	37.6632267540533	0	0
PA14_RS03335	3646.24570409037	5.54771395636216	0.141613142493001	39.1751348688299	0	0
PA14_RS31360	3783.58997293994	6.78855420838044	0.163453081146461	41.5321275118553	0	0
PA14_RS30150	9381.72871245125	6.26737315097306	0.142361191621355	44.0244499192075	0	0
PA14_RS20105	9606.60501777122	6.25666579111519	0.139720419933607	44.7798954089048	0	0
PA14_RS21915	3978.66828390903	5.18913281417207	0.129194548733123	40.165261344666	0	0
PA14_RS31795	11132.6689312709	6.53513103840323	0.15806612309139	41.3442862429464	0	0
PA14_RS03250	2130.97382601532	6.15536963354588	0.166358379896036	37.0006586827344	1.11752358744929e-299	2.70217203445238e-297
PA14_RS03270	2240.19673434233	5.6271274710574	0.152579752420856	36.8799095671375	9.7016957935432e-298	2.23416194559881e-295
PA14_RS03320	2015.06697252521	5.94010109076072	0.166622381249745	35.6500792162926	2.3496203972892e-278	5.16489283695025e-276
PA14_RS03315	1448.91328212495	6.26830158940846	0.186633322310124	33.5861866028007	2.66915500507113e-247	5.61218852370607e-245
PA14_RS03325	1728.78152224538	5.66775332903127	0.175149943979524	32.3594355799159	1.022040427638e-229	2.05941146169058e-227
PA14_RS03235	1154.51202439586	5.12406839341432	0.159847084273957	32.0560641858961	1.80718765820135e-225	3.4958238060247e-223
PA14_RS03225	1198.47059936946	6.23251051836171	0.195061123493615	31.9515770581816	5.13681145869697e-224	9.55446931317636e-222
PA14_RS21365	1790.77021939199	5.97069215828915	0.18695974949754	31.9357090193774	8.53189332549476e-224	1.52815689341084e-221
PA14_RS03215	1193.27582187813	6.17510818269393	0.195495420702738	31.5869709914257	5.57465990514521e-219	9.62823403617223e-217
PA14_RS03200	1236.18213942332	6.36502093800811	0.205860019028075	30.9191700654611	6.6003304541623e-210	1.10066200263203e-207
PA14_RS03340	1164.74818423391	5.55766289436304	0.179865690029896	30.8989607380891	1.23347885574347e-209	1.98836791545848e-207
PA14_RS03180	1331.946022484	5.38900910291257	0.182210471829346	29.5757376006346	3.06585005505752e-192	4.78272608588974e-190
PA14_RS10205	948.370264255539	4.55727703286313	0.155651249128189	29.2787694180978	1.93287978565184e-188	2.92106457606635e-186
PA14_RS31740	1601.97819652435	5.2542652174289	0.182543603691991	28.7836172353347	3.43966895580889e-182	5.04067850614902e-180
PA14_RS21370	879.731474567532	5.72200637350294	0.200818728294283	28.4933901439601	1.41455383073382e-178	2.0119948015967e-176
PA14_RS07040	2199.29969692653	4.01609857459924	0.141730427280679	28.3361777118323	1.23901961376824e-176	1.71197110062377e-174
PA14_RS03205	1525.13177402137	5.34127374086425	0.188504117636943	28.3350507555039	1.27927448148327e-176	1.71849205345919e-174
PA14_RS03345	1412.12529931988	4.9129605276436	0.175315070425057	28.0236063889543	8.38006473752149e-173	1.09529711001767e-170
PA14_RS10200	802.925363317527	4.596653968766	0.177030615432771	25.9653052525913	1.22143324622936e-148	1.55443452072767e-146
PA14_RS25755	1136.49708628991	4.2887009496396	0.168773308743743	25.4110142270859	1.90549993601455e-142	2.36281992065804e-140
PA14_RS30075	863.400764075398	5.19893333141818	0.205323204571864	25.3207295408179	1.88864081039567e-141	2.28336673976836e-139
PA14_RS03310	556.191684527884	6.20525828583518	0.251887830266418	24.6350063013047	5.32830882798057e-134	6.28480524197904e-132
PA14_RS30775	5966.65141195571	4.40881257460615	0.184390300522797	23.9102195837089	2.39787406663786e-126	2.76098071101445e-124
PA14_RS05825	1686.44872463547	3.26084159275486	0.136859486475877	23.8262007020582	1.78762091608227e-125	2.01044994190089e-123
PA14_RS21390	631.224394325496	4.04010847707343	0.171195471817781	23.5993886647521	3.91022156406509e-123	4.29768897359517e-121
PA14_RS20090	4008.68548841112	2.56402089516188	0.112420356622306	22.8074431730911	3.86809484001931e-115	4.15691258807409e-113
PA14_RS21385	573.402260743791	4.64431551748049	0.208511848080485	22.2736288620289	6.65846190493766e-110	7.00006995049533e-108
PA14_RS14245	362.693221488302	5.23301007170508	0.249640388868555	20.9621932389332	1.45238426323841e-97	1.49441070149382e-95
PA14_RS07980	520.260210584061	4.4811824566092	0.215834252714781	20.7621468800458	9.52164901262505e-96	9.59306138021974e-94
PA14_RS07985	330.296612768938	4.47436805234801	0.221888156218428	20.1649701750797	1.98866719693545e-90	1.96269276824078e-88
PA14_RS03280	330.114995621492	5.62567440066177	0.280782480231007	20.0357030682021	2.69013559198366e-89	2.6018991445666e-87
PA14_RS21310	550.572057096371	3.44617175220459	0.173750727460818	19.8339989855969	1.51502237053878e-87	1.43659768312266e-85
PA14_RS07045	404.029480616845	3.60844364064605	0.185718219258882	19.4296696093993	4.33140959034628e-84	4.02821091902204e-82
PA14_RS03265	271.094911163341	4.93151193814924	0.259444206021435	19.0079863943534	1.46467681556591e-80	1.33644850567485e-78
PA14_RS00350	403.126325205773	3.95509205078147	0.220060048925364	17.9727854742179	3.18322751468143e-72	2.85075708537026e-70
PA14_RS21375	232.103101648625	5.39478369294162	0.302068710324437	17.859458820304	2.43993479130729e-71	2.14536811832038e-69
PA14_RS30135	754.105805571148	3.38871492945712	0.19046791997519	17.7915258900214	8.2210392304265e-71	7.09945459256117e-69
PA14_RS21910	249.941151417746	4.56430424273249	0.282619939607328	16.1499724650502	1.13612394420609e-58	9.6391147266327e-57
PA14_RS03360	521.685918820561	2.55111962990096	0.15986116824583	15.9583447180739	2.492547192579e-57	2.07826865919173e-55
PA14_RS22675	200.242152085405	4.15713906708601	0.263086895528502	15.8013916228513	3.04323623519741e-56	2.49442210735842e-54
PA14_RS03185	571.386800103112	2.93464143819253	0.187996916515997	15.6100509124192	6.2187346188488e-55	5.01230010279213e-53
PA14_RS16375	237.988888361141	3.50455555315471	0.229603039538373	15.2635416334242	1.33785504701218e-52	1.0606339356313e-50
PA14_RS30145	2271.69659173725	6.25085464854373	0.414615628550315	15.076263937275	2.32032539817739e-51	1.80985381057836e-49
PA14_RS03300	2978.04057721266	5.70204665785117	0.378557279175901	15.0625730147475	2.85457327867026e-51	2.19122482153165e-49
PA14_RS03295	1659.56270819876	5.62973553794894	0.375023140439513	15.0117017615262	6.15481161942029e-51	4.65072952992446e-49
PA14_RS01270	1979.77448671522	2.03561102456674	0.136609862592356	14.9009082209606	3.2512973194073e-50	2.41896520563903e-48
PA14_RS12080	491.522284056202	-2.34681161750982	0.157511788481621	-14.8992760486854	3.33169833660817e-50	2.4412262357329e-48
PA14_RS03350	738.34663518501	2.13204278788725	0.14579122912506	14.6239441198371	1.97612841906085e-48	1.42635179620571e-46
PA14_RS03355	572.043326177856	2.50815758424865	0.174401454825569	14.381517555328	6.75959313672013e-47	4.80726358958508e-45
PA14_RS20095	1532.8594320273	1.94630367870709	0.14042553881689	13.8600406671396	1.10611573034871e-43	7.75242851009614e-42
PA14_RS00430	374.535614387604	2.39586319098343	0.17429241013885	13.7462278998539	5.36549455068745e-43	3.7067902353035e-41
PA14_RS03275	679.480351310204	5.8517455508332	0.449205259299456	13.0268856601526	8.60487197429381e-39	5.86100857291336e-37
PA14_RS22670	123.563760674367	5.00410149280422	0.385217426281835	12.9903300094817	1.3882714682408e-38	9.32455669501739e-37
PA14_RS30930	1239.04173916657	-1.8087642510948	0.141062145148896	-12.8224638097314	1.22737417016771e-37	8.13093354374117e-36
PA14_RS22880	1084.58592617634	-1.66067018991931	0.131566738749496	-12.6222646065678	1.59177025443078e-36	1.04024337167936e-34
PA14_RS23820	373.478438939176	-2.55708338553024	0.208561379930962	-12.2605795300007	1.47441629218645e-34	9.50703625201824e-33
PA14_RS21865	98.221877766331	5.14444627160789	0.438206711756272	11.7397706004768	7.97023422556196e-32	5.07158588352864e-30
PA14_RS03390	231.892186349665	2.32938623494742	0.200930359349974	11.5930028816112	4.47175023741582e-31	2.80849144781077e-29
PA14_RS22665	87.4762999689699	5.02959876315693	0.43734863878385	11.5002044527746	1.3160332444908e-30	8.15940611584294e-29
PA14_RS09490	868.684048199985	-1.61996253522672	0.143718228157964	-11.2717959022302	1.80843116700307e-29	1.10703457261099e-27
PA14_RS29275	1925.15740688582	1.62715380424154	0.145920224039834	11.1509820859194	7.08203624391943e-29	4.2810909094493e-27
PA14_RS05820	359.138360056597	-2.03358011430551	0.182458710705474	-11.1454263073695	7.53824251455977e-29	4.50060997535939e-27
PA14_RS21115	1807.66732118681	-1.4708573825233	0.132171590299553	-11.1283928655906	9.12661347464473e-29	5.35248113795941e-27
PA14_RS21875	250.49418350789	2.16217438269982	0.194303668202464	11.1278104150192	9.18643371486002e-29	5.35248113795941e-27
PA14_RS29685	2364.69258796316	1.26322229554222	0.113901487603783	11.0904811000929	1.39535291780422e-28	8.03324608392998e-27
PA14_RS23815	2744.0581532433	-1.55065086565455	0.142444106710495	-10.8860303277138	1.34370439059633e-27	7.64488756814572e-26
PA14_RS00005	1386.64698691293	1.37906773294837	0.126855260523714	10.871190735449	1.58123531577822e-27	8.89169068267847e-26
PA14_RS18475	83.610945528029	5.91143148261859	0.547044230117704	10.8061307608466	3.21965394847349e-27	1.78968350515147e-25
PA14_RS21380	281.695991064901	5.9549082471571	0.558140597477706	10.6691902973336	1.41857130885315e-26	7.79569414728845e-25
PA14_RS00095	1069.03661663197	1.49892225769698	0.141027411993944	10.6285879922504	2.19409147773646e-26	1.19220521194759e-24
PA14_RS03370	176.215889749659	2.75887618828992	0.260042128227719	10.6093432133196	2.69637748310844e-26	1.4488535009236e-24
PA14_RS29915	731.57786805598	-1.56689720616077	0.148435567508504	-10.5560765014828	4.76149939995965e-26	2.53039682397856e-24
PA14_RS00340	439.225011058508	1.70055602623641	0.166030299417517	10.2424438924851	1.27962508636159e-24	6.72637708439634e-23
PA14_RS09485	1521.82050383773	-1.54831505855651	0.151357897089647	-10.2294963680651	1.46278103741776e-24	7.60646139457235e-23
PA14_RS00640	548.034316859094	1.63507196339426	0.160613817279823	10.1801450901676	2.43198491622174e-24	1.25117862285621e-22
PA14_RS05830	689.380587181588	1.43705748189344	0.141678165137692	10.1431118937545	3.55587928493245e-24	1.81012970757193e-22
PA14_RS23825	187.610352023915	-2.18390298089206	0.215848476933006	-10.1177595131694	4.60843848395595e-24	2.32150088629281e-22
PA14_RS07490	1154.32411012928	1.25331084849708	0.124469992223323	10.0691807407556	7.56052179928495e-24	3.76934880632392e-22
PA14_RS16370	123.259584647491	2.6049688637604	0.259254668724911	10.0479149577995	9.3831679361373e-24	4.63030613664898e-22
PA14_RS00425	306.964824271622	1.84784140116192	0.18489075343954	9.99423371253756	1.61531697920821e-23	7.89057869843525e-22
PA14_RS09495	409.091463540238	-1.57754303471684	0.157985224816138	-9.98538335817649	1.76617036617741e-23	8.54119989083398e-22
PA14_RS01275	420.647218266058	1.85322521571279	0.18672345317905	9.9249729166894	3.24190730295701e-23	1.55226373436635e-21
PA14_RS28680	345.170324958029	1.55042419134542	0.158374868136158	9.78958473393958	1.24807413151103e-22	5.91733970586993e-21
PA14_RS29870	1445.23278664811	1.23688550903193	0.12665719206956	9.76561606033894	1.58147883015341e-22	7.42527342002123e-21
PA14_RS11735	671.211696336921	-1.40082385724616	0.144541875286784	-9.69147421442267	3.27763007709673e-22	1.52409798584998e-20
PA14_RS23350	867.43791165028	-1.41213360324942	0.146674747226282	-9.6276532256153	6.11091185722609e-22	2.8145114039567e-20
PA14_RS23240	7751.34016888596	1.30006702668599	0.135468675813684	9.59680914334788	8.24576155403133e-22	3.76193423351844e-20
PA14_RS11745	530.833662924493	-1.47659666405013	0.154017816436465	-9.58718087435845	9.0524612905533e-22	4.09137409356222e-20
PA14_RS09480	938.709076040898	-1.40830145307156	0.146962273704452	-9.58274132246834	9.45026915475292e-22	4.23162052151714e-20
PA14_RS19535	310.234613517043	-1.8793827218983	0.196670324468381	-9.55600559961677	1.22389476045177e-21	5.43005051517868e-20
PA14_RS29515	451.905441689353	1.92557937301785	0.204252418477797	9.42744956151969	4.20181284212167e-21	1.84726971859094e-19
PA14_RS15500	291.591508002426	-1.74386405147702	0.187297020434565	-9.31068763096669	1.27007395294567e-20	5.53340327607683e-19
PA14_RS16690	1341.47753617486	-1.10326731904393	0.119246233532005	-9.25200978148984	2.20310545074021e-20	9.51269460694612e-19
PA14_RS00015	870.56764970093	1.28460060748967	0.139043968605895	9.23880856084255	2.49257143006434e-20	1.06673233945055e-18
PA14_RS21355	820.781944932054	1.4423952221167	0.156234570055226	9.23224112055891	2.65027649326783e-20	1.12427518609151e-18
PA14_RS24180	117.029130200814	2.57534729216279	0.284780374326092	9.04327518445444	1.52046497969329e-19	6.39388577547543e-18
PA14_RS23355	412.992713811957	-1.47487927669641	0.163931627568885	-8.99691718168696	2.32144551576323e-19	9.67802630537152e-18
PA14_RS00715	974.841905039967	1.31024815412658	0.146062008502114	8.97049251590714	2.95191499948811e-19	1.22012486645508e-17
PA14_RS05600	246.376154033877	1.99713434237452	0.22396261000049	8.91726678113882	4.77937369669525e-19	1.95873315230663e-17
PA14_RS29180	2318.32936773984	1.19014274398973	0.13364241432296	8.90542684385832	5.31810164017421e-19	2.1612050026792e-17
PA14_RS29910	345.694173741088	-1.85107104672467	0.210114999740712	-8.80979962881729	1.2536975044943e-18	5.05240094311204e-17
PA14_RS00435	98.2426766082465	2.46041820562774	0.280821881610292	8.76149034939579	1.92685666513072e-18	7.70105688642328e-17
PA14_RS31730	439.508206524501	1.34171547887164	0.153274980262252	8.75364966008138	2.06561651866249e-18	8.18796842971461e-17
PA14_RS30975	559.957416483838	-1.29400843716572	0.148197872031358	-8.73162630089532	2.51036483490273e-18	9.87001978991024e-17
PA14_RS09475	801.110929300994	-1.31526548090663	0.151371545533288	-8.68898759190768	3.65683592120995e-18	1.42616600927188e-16
PA14_RS22830	130.561805833107	-2.68200111173621	0.308815096824332	-8.68481217180212	3.79368717678555e-18	1.46770169495479e-16
PA14_RS00230	141.049427388916	1.95899057710409	0.226025460268556	8.66712349474471	4.43174200078473e-18	1.70094478696785e-16
PA14_RS29490	682.695745932148	1.15144102044643	0.133275951502441	8.63952579190805	5.64468212029871e-18	2.1494238373043e-16
PA14_RS09500	1201.1659027837	-1.07419992340915	0.124991641298645	-8.59417407634916	8.38658074900945e-18	3.16855503923513e-16
PA14_RS29520	395.22307157634	1.39792288247664	0.162876639283408	8.58270951946785	9.26641432582788e-18	3.47382788214757e-16
PA14_RS09340	1306.45718640276	1.06004974247898	0.124171706238607	8.53696687103579	1.37791040447004e-17	5.12582670462855e-16
PA14_RS29695	194.029542594823	2.10790645839651	0.250169160710047	8.4259244921065	3.57912943387402e-17	1.32127251467288e-15
PA14_RS15655	151.153743776585	-2.04535274386223	0.243861655123519	-8.38734873191208	4.97228356638603e-17	1.82166388841233e-15
PA14_RS15630	183.096244143312	-1.73263412153045	0.206722140603325	-8.38146371972401	5.2273515620849e-17	1.90071219204831e-15
PA14_RS00485	228.559088325736	1.64887447600068	0.198645930623811	8.30057011901874	1.03612963944415e-16	3.7393454748895e-15
PA14_RS20650	335.542007332549	1.42466048078274	0.172163059262221	8.27506485356326	1.28385721475242e-16	4.59906184484645e-15
PA14_RS29505	536.355756137327	1.27046934550588	0.155704687070859	8.15948042031452	3.36468813507586e-16	1.19644351626668e-14
PA14_RS00705	1394.88519616228	1.11986902078049	0.137611429388397	8.13790704564044	4.02169415059839e-16	1.41962867972948e-14
PA14_RS09075	61.5629627467788	2.86677868715642	0.352969247668605	8.12189363830353	4.58965477215447e-16	1.60837467232891e-14
PA14_RS26580	2461.8429053091	1.01763575783366	0.125908844812687	8.08232145523684	6.35453347124584e-16	2.21082905517589e-14
PA14_RS23385	371.556735507042	-1.31875688783541	0.163706686077529	-8.05560798665772	7.90847135985296e-16	2.73181196401778e-14
PA14_RS17030	1340.14468907675	1.12121034398525	0.139318206753862	8.04783789649353	8.42694609787738e-16	2.89026321484646e-14
PA14_RS29920	605.722349504988	-1.21432044338324	0.150904553633291	-8.04694367496775	8.48872249004358e-16	2.89094802548245e-14
PA14_RS07975	77.6922641523472	2.37316723525723	0.296902835710152	7.99307702663375	1.31611841568024e-15	4.45087318757318e-14
PA14_RS21500	859.357344233638	-1.21367634126625	0.151971003697687	-7.98623626702229	1.39120933738107e-15	4.67214469137144e-14
PA14_RS23245	1212.40202450604	1.09040216791926	0.13660247227458	7.98230185561705	1.436292578481e-15	4.79028338588561e-14
PA14_RS29495	915.820346286727	1.03972540037637	0.130887216422662	7.94367417073701	1.9627876472303e-15	6.50139798767517e-14
PA14_RS00235	378.249048973597	1.26365782561013	0.15978662890547	7.90840782026707	2.60701573640776e-15	8.57654972875371e-14
PA14_RS11740	385.589333298533	-1.39860558967043	0.177363971545358	-7.8855112314214	3.13250412664065e-15	1.02356688894826e-13
PA14_RS27855	5824.59994479677	1.35390285948067	0.171767823098449	7.8821681212358	3.21748711222402e-15	1.04427970971244e-13
PA14_RS28670	1158.57225226348	1.0175510763986	0.13058146888375	7.79246155750074	6.57161683332549e-15	2.11868926706414e-13
PA14_RS24635	174.31409656304	-1.94823807894136	0.251908240118975	-7.73391961303533	1.04284897855063e-14	3.33987924521247e-13
PA14_RS30935	66.2151827273246	-2.94330042347048	0.381265915772051	-7.71980998487733	1.16503253266737e-14	3.70664297893382e-13
PA14_RS19555	175.770961798007	-1.76780603696171	0.229256667148983	-7.71103435702003	1.24802056643102e-14	3.94472382958197e-13
PA14_RS29890	4751.65806740246	0.969073087543304	0.125732472265102	7.70742092384895	1.28385806064161e-14	4.03164778004079e-13
PA14_RS09470	1153.93629436271	-0.99425771426845	0.129414217660295	-7.68275489543444	1.55703321900409e-14	4.85794364329275e-13
PA14_RS12175	342.966849619472	-1.34695257491028	0.177409849232067	-7.59232128735058	3.14224702950804e-14	9.74096579147492e-13
PA14_RS09600	693.74356047652	1.13366442164946	0.149409082992698	7.58765396950375	3.2574942770905e-14	1.00339123082864e-12
PA14_RS29315	257.703262401643	1.30531296455097	0.173272228550671	7.533307417289	4.9470955063313e-14	1.51418695371001e-12
PA14_RS00020	2404.84327862007	0.859917448277644	0.115318221761688	7.45690867532382	8.85760519951925e-14	2.6940489776651e-12
PA14_RS31150	203.82842522953	-1.63797053401422	0.219993276260931	-7.44554816335134	9.65427008488029e-14	2.91800313315507e-12
PA14_RS18045	617.763852429241	-1.33620326185679	0.180320024439562	-7.41017680099445	1.26131150197425e-13	3.78863504568167e-12
PA14_RS29500	800.706932170802	1.06619982178824	0.144382031758	7.38457416623218	1.52942083842986e-13	4.56560442879432e-12
PA14_RS00035	139.880420155938	1.69229319803354	0.229521123882132	7.37314792385992	1.66645402051843e-13	4.91400709952873e-12
PA14_RS28665	383.367972820557	1.15661982282268	0.156863572613547	7.37341247271067	1.66314895857045e-13	4.91400709952873e-12
PA14_RS00475	124.050814978086	1.82837395296422	0.250158302187598	7.30886777282769	2.69402707527575e-13	7.89594844608093e-12
PA14_RS25790	485.535850383745	-1.0540040739624	0.145093065018311	-7.26433116447978	3.74888539604833e-13	1.09214516718613e-11
PA14_RS00400	114.814299520903	1.78341426413717	0.245534677680633	7.26339057677572	3.77505841341297e-13	1.09318458007576e-11
PA14_RS00535	119.081268191169	1.74030803222412	0.239638433672275	7.26222419982986	3.80776362780415e-13	1.09609195857505e-11
PA14_RS10400	747.224434933404	-1.07098210134781	0.147971032077186	-7.23778219502554	4.56081087426653e-13	1.30509357325165e-11
PA14_RS19955	824.799491135152	-0.968384964421994	0.13383466806045	-7.23568099697905	4.63198930905937e-13	1.31766472344771e-11
PA14_RS03545	8919.89069117704	-0.755688853097501	0.104509011563138	-7.23084872581501	4.79984776290063e-13	1.35743063049049e-11
PA14_RS06305	924.739115400617	0.954876261925773	0.132134115886309	7.22656866866517	4.95350211687183e-13	1.39274047890652e-11
PA14_RS23365	198.00808166531	-1.56184811041202	0.216694921277057	-7.20758982816722	5.69508705045717e-13	1.5919908078619e-11
PA14_RS00390	180.377995442696	1.57337860334033	0.219125104257663	7.18027543521548	6.9571115361632e-13	1.93359720625777e-11
PA14_RS23370	414.760307091093	-1.24560142046149	0.173551221780074	-7.17714002636022	7.118477168034e-13	1.96714031912071e-11
PA14_RS27135	80.0816187946737	2.25377469192257	0.315937733466818	7.13360404023813	9.77743409192531e-13	2.68657223116766e-11
PA14_RS24810	284.552198972895	1.27037717627615	0.179915293175081	7.06097382749951	1.65339738106283e-12	4.51741792927675e-11
PA14_RS29260	399.650156939293	1.27541370368696	0.181447018057594	7.0291246301007	2.07833278338298e-12	5.64652659575285e-11
PA14_RS00205	220.15219091804	1.30154905964855	0.186033497641485	6.99631558912492	2.62781258897809e-12	7.09949814541789e-11
PA14_RS23830	74.4383700176023	-2.22336650140205	0.320913938398555	-6.92823288541857	4.2612984406395e-12	1.14486884771848e-10
PA14_RS03550	8147.63822638189	-0.927486931516618	0.134061115350752	-6.91838889367716	4.5680885126453e-12	1.22051248879297e-10
PA14_RS29420	309.786342164241	1.41370964890617	0.204768425852474	6.90394353045759	5.05784122332885e-12	1.3439406679131e-10
PA14_RS21095	1858.73654589026	0.871021884072384	0.126368291394271	6.89272502193436	5.47336137711945e-12	1.44640303933058e-10
PA14_RS29250	367.175943332101	1.43527024031395	0.208514054498133	6.88332613246843	5.84709528770811e-12	1.53676917453024e-10
PA14_RS29510	523.51933199975	1.1118407586153	0.161924353111197	6.86642087649274	6.58326621020248e-12	1.72090137256969e-10
PA14_RS03905	725.55386636984	-1.12571827045742	0.164258550630408	-6.85333132513969	7.21497138699195e-12	1.87589256061791e-10
PA14_RS26180	1072.00112418693	0.952482800772092	0.139056824741771	6.84959406013231	7.4059841118698e-12	1.91525877887713e-10
PA14_RS21300	198.730581999913	1.4537336383506	0.212269191265641	6.84853807414448	7.46084791549717e-12	1.91918407017789e-10
PA14_RS16445	601.662763331681	-1.32234680759328	0.19471020265444	-6.79135859120903	1.11082432829835e-11	2.84229970986817e-10
PA14_RS13380	109.27026585388	-1.91631901002354	0.283393238890933	-6.76204914952489	1.36053528907917e-11	3.46292034630888e-10
PA14_RS29620	167.389715297475	1.53531490025586	0.227178916216091	6.75817512394273	1.39740567723968e-11	3.53814337964979e-10
PA14_RS24765	98.6850561227868	1.78892253637896	0.266799372751511	6.70512272172811	2.01237172057886e-11	5.06866127120801e-10
PA14_RS06390	751.574966412826	0.867057470181563	0.129611626211136	6.68965813891679	2.23692539692207e-11	5.60506280803893e-10
PA14_RS15635	57.80268814412	-2.32822444184978	0.348526339763975	-6.68019651951264	2.3862204365575e-11	5.94833094391343e-10
PA14_RS29690	291.143826675812	1.24501471476755	0.186831959777425	6.66382088081048	2.66798605148543e-11	6.61660540768387e-10
PA14_RS15695	108.173571359882	-1.87542972049854	0.281933577682638	-6.65202682104664	2.89084003391982e-11	7.13270530818176e-10
PA14_RS27860	5009.36453477124	1.01050903827794	0.152575245920744	6.62302087196277	3.51931304948486e-11	8.63928827782171e-10
PA14_RS23690	169.68824835888	1.42253265670969	0.215352090452476	6.60561341067464	3.95874709923327e-11	9.66893988479399e-10
PA14_RS16350	353.722201389863	-1.20677428331791	0.183304937249842	-6.58342487345604	4.59732938261961e-11	1.11722034644967e-09
PA14_RS03470	183.943868799021	-1.58560782757695	0.241632996175978	-6.56205010354701	5.30729751994656e-11	1.28330454032308e-09
PA14_RS26505	130.188098288863	1.68127726616693	0.256244726099475	6.56121705121164	5.33703682202242e-11	1.28407512792539e-09
PA14_RS00455	160.308817476053	1.42386373568836	0.217160587568865	6.55673182518365	5.49997908811096e-11	1.31672766683686e-09
PA14_RS29475	192.203688644792	1.42506473065581	0.218195778004373	6.53112880409287	6.52758299066349e-11	1.55504390851471e-09
PA14_RS02355	149.12216900749	1.50983538028867	0.231994055044892	6.50807789017056	7.61184503618556e-11	1.80445502916634e-09
PA14_RS11730	945.604263985073	-0.855935214992368	0.131591502669999	-6.50448697389566	7.79589711117755e-11	1.83907114290998e-09
PA14_RS03415	151.170134098404	1.37375670525655	0.211659478523115	6.49040957127051	8.56033349856125e-11	2.00960062131273e-09
PA14_RS24625	815.464872369879	-1.02438777830948	0.158487904249554	-6.46350762955695	1.02303374957404e-10	2.39004406422225e-09
PA14_RS14540	236.837395400741	-1.2830267668873	0.198668099386961	-6.45814184988124	1.05996366675775e-10	2.46441552521177e-09
PA14_RS22925	249.144201191295	1.16309516886837	0.180152792349093	6.45615953936792	1.07393394072312e-10	2.4849495393957e-09
PA14_RS29170	406.781538866383	1.28069561697357	0.199581637378655	6.41690104257328	1.39076259186623e-10	3.20272756869767e-09
PA14_RS29710	190.959035846369	1.27354342748418	0.199101125908698	6.39646522173955	1.59015029833955e-10	3.6445340487062e-09
PA14_RS00355	435.716321278055	1.03047748663446	0.161186083874241	6.39309214459516	1.62564227683056e-10	3.70830474092104e-09
PA14_RS23390	312.849775751215	-1.1147488950237	0.174738268525634	-6.37953497210122	1.77626520472798e-10	4.03287254932606e-09
PA14_RS03440	478.569213759726	-0.959398400920147	0.150773962881264	-6.36315702384028	1.97648444266242e-10	4.46648540407264e-09
PA14_RS23140	1761.12319036136	0.803346024128118	0.126297488018974	6.36074427709467	2.00778471941747e-10	4.51611483865251e-09
PA14_RS15700	61.3805881984551	-2.50075683443728	0.393988436006531	-6.34728485887801	2.1914812837809e-10	4.90648309646502e-09
PA14_RS21235	607.980595627319	0.867680030240465	0.13702632202344	6.33221425947666	2.4166756752124e-10	5.38573436190192e-09
PA14_RS02760	156.624333550922	1.45779556085959	0.23057888115704	6.32232905955828	2.57649977848695e-10	5.71557473796464e-09
PA14_RS15705	69.0717144324747	-2.15121452874256	0.341319600834207	-6.30263988204854	2.92618241789445e-10	6.46165213376144e-09
PA14_RS10185	1156.4162120766	-0.777200463159071	0.124055466489998	-6.2649432963257	3.72961098575979e-10	8.19836305778834e-09
PA14_RS09465	1428.05685299123	-0.818018941444699	0.131062011675918	-6.24146486830559	4.33491809153025e-10	9.48582076499561e-09
PA14_RS07340	79.5284652123562	-1.85343285037091	0.297333727023063	-6.23351030146386	4.56097347681568e-10	9.93552600625254e-09
PA14_RS22170	280.561580725899	1.09264319263368	0.176593757493223	6.18732625741662	6.11932320973513e-10	1.32704246826364e-08
PA14_RS00415	569.57435299902	0.988584729476803	0.159924045696155	6.18158904856026	6.34595468931186e-10	1.37004628917465e-08
PA14_RS00010	769.795061420369	0.865412890528474	0.140017408354672	6.18075209859858	6.37969302809852e-10	1.37120868817264e-08
PA14_RS08540	1367.61624963673	1.12756388232524	0.183320391017733	6.15078266015788	7.71015151014498e-10	1.64983596031244e-08
PA14_RS20405	563.617216476626	-0.896489373022825	0.146672456012046	-6.11218627817344	9.82753727584417e-10	2.09365507779658e-08
PA14_RS16700	1796.89460781424	-0.764215842386295	0.125570232835171	-6.08596340973132	1.15792886875493e-09	2.45602807425387e-08
PA14_RS28190	308.365413622809	0.996259839271018	0.163718633572445	6.08519517621174	1.16349486603697e-09	2.45705728041694e-08
PA14_RS23380	218.025720274405	-1.35561859090825	0.223005974942979	-6.07884426080903	1.21051857881629e-09	2.54268988464079e-08
PA14_RS23400	341.230154352225	-1.09235569267566	0.179713728311789	-6.07830967025795	1.21456030469814e-09	2.54268988464079e-08
PA14_RS11170	158.871080797937	-1.6432738690569	0.271149774319136	-6.06039180074262	1.35790370639724e-09	2.83052686385218e-08
PA14_RS21090	1304.25049009299	0.782185336152087	0.129214333561238	6.0533945003972	1.41824968898147e-09	2.9436289682036e-08
PA14_RS21335	290.635543287389	1.12952240885484	0.186812044224106	6.04630399258315	1.48206339969823e-09	3.062931026043e-08
PA14_RS28890	365.187872731219	1.04069422652311	0.172278768978424	6.04075727203184	1.53392588139599e-09	3.15662364358766e-08
PA14_RS01755	239.974463533845	1.13308545796497	0.188078559766605	6.02453283016983	1.69598777861904e-09	3.47533766839055e-08
PA14_RS06470	177.916283520715	1.4113201451045	0.235556976932688	5.99141729309844	2.08020109949274e-09	4.24466350934469e-08
PA14_RS08680	93.47719932561	1.65058226350999	0.275755153873961	5.98568055871922	2.1548692245785e-09	4.37854939918555e-08
PA14_RS15665	79.8464261385285	-2.06951617052253	0.346189531327722	-5.97798599681923	2.25913148285693e-09	4.57119659041678e-08
PA14_RS03900	177.097138473455	-1.2852262403206	0.215920892270965	-5.9523014507912	2.6439779741435e-09	5.31211630238856e-08
PA14_RS30215	129.07321574615	-1.44542584073348	0.242843092184688	-5.95209782469004	2.64727053117378e-09	5.31211630238856e-08
PA14_RS00445	111.075224223211	1.92672357132655	0.324409433748076	5.93917244966053	2.86464410911397e-09	5.72455326928725e-08
PA14_RS10405	497.782255803168	-0.869588218916608	0.146843002665592	-5.92189074815458	3.18261039959487e-09	6.33378761005794e-08
PA14_RS00185	95.9769664111608	1.80658487756193	0.305266434214492	5.91805935759236	3.25762410259275e-09	6.4565041639912e-08
PA14_RS02585	233.632023852716	1.16372969543295	0.197443807894921	5.89397919256239	3.77004663742277e-09	7.44161042390878e-08
PA14_RS09765	387.770028147042	-1.21107350749563	0.205514055676552	-5.89289868037871	3.7947910584156e-09	7.46000388556822e-08
PA14_RS21815	36.5860377971656	2.48968154686013	0.422580298749099	5.89161765049141	3.82433232046719e-09	7.48764012217788e-08
PA14_RS24940	261.642922912454	-1.0660994445109	0.181525774766478	-5.87299211851527	4.27998829102713e-09	8.3459771675029e-08
PA14_RS18060	295.434859735842	-1.09153321503165	0.186273976495367	-5.85982666805204	4.63350551834575e-09	8.99904927177513e-08
PA14_RS19335	1987.99554727483	-0.761918250307311	0.130093933539073	-5.85667778335315	4.72218043016206e-09	9.1345858241055e-08
PA14_RS23405	546.406949407939	-0.838593985853438	0.143268386779868	-5.85330793974766	4.8189067806355e-09	9.28229951281576e-08
PA14_RS24530	465.586162430102	-0.858111906252783	0.146618444123406	-5.85268730263246	4.83693026722409e-09	9.28229951281576e-08
PA14_RS29625	156.215584020761	1.35425136585736	0.232198032752287	5.8323119701109	5.46645903630279e-09	1.04489311855969e-07
PA14_RS18030	854.753890824303	-0.829076408278108	0.142500246152137	-5.81807000805432	5.9530970002934e-09	1.13343216903224e-07
PA14_RS06980	246.557628317493	1.07261439840405	0.184431078322974	5.81580072164244	6.03443216365387e-09	1.14441231150706e-07
PA14_RS23395	380.185349201374	-1.03968526594317	0.178797809886605	-5.81486577829195	6.06825566734355e-09	1.14633142215912e-07
PA14_RS31660	40.2637544400433	2.38881910863252	0.411017308409769	5.81196718424071	6.17429458585698e-09	1.1618244598134e-07
PA14_RS09460	803.086320992978	-0.782253236558044	0.134739630239596	-5.80566560236976	6.41108026045615e-09	1.19706502469367e-07
PA14_RS22890	904.474431941256	0.795340154192788	0.136983141005798	5.80611707654684	6.39382614766209e-09	1.19706502469367e-07
PA14_RS25745	3874.45175670572	0.878347983584193	0.151370362930721	5.8026417231106	6.52781773401126e-09	1.21417409852609e-07
PA14_RS12535	348.856134427707	1.02306104495512	0.176700429850265	5.78980507190647	7.0468156614014e-09	1.3056858443884e-07
PA14_RS07365	132.025964683319	-1.31763799169683	0.227759035369635	-5.78522818889887	7.24139630044411e-09	1.33661803469266e-07
PA14_RS02935	935.416444341721	1.06952302966524	0.185202547855247	5.77488291630399	7.70066138454445e-09	1.41598473215426e-07
PA14_RS15625	359.540796205587	-1.31776663978431	0.228916032917742	-5.75655022056855	8.58502499900946e-09	1.57262048845492e-07
PA14_RS28205	1246.87569532688	0.939372576996734	0.163324118826052	5.75158515318371	8.8410530115037e-09	1.61340876843894e-07
PA14_RS18890	33.2585246300815	-2.87484332948135	0.50208925243831	-5.72576153646024	1.02970776259851e-08	1.87205516538586e-07
PA14_RS06940	2503.20592418221	0.729625167315139	0.12767930604014	5.71451388595232	1.10018065518834e-08	1.99268675973438e-07
PA14_RS00120	289.290728488439	1.03359841416262	0.181223925807262	5.70343242239378	1.17418601765702e-08	2.11879238111542e-07
PA14_RS18900	42.1708727777881	-2.66520707338456	0.468682934347511	-5.68658868941963	1.29602093361547e-08	2.32784832874243e-07
PA14_RS27850	681.322491740948	1.27165498615413	0.223642399734081	5.68610866126538	1.29966718105967e-08	2.32784832874243e-07
PA14_RS26665	1301.22648717424	-1.11113490216421	0.195558097159014	-5.6818659943327	1.33233037792743e-08	2.37754601758563e-07
PA14_RS26175	452.957081848277	0.903737470877657	0.159213114100589	5.67627532432212	1.37659153392619e-08	2.44749877134819e-07
PA14_RS27530	654.958753411397	0.785257312763419	0.138491561936391	5.6700733372051	1.42736407205441e-08	2.52847349906782e-07
PA14_RS28685	329.421999719994	1.06412456514454	0.188034231737965	5.6592065992933	1.52074395333576e-08	2.68405757603348e-07
PA14_RS12300	1866.80247279366	0.659473442663923	0.11667940316814	5.65201247827428	1.58580075436743e-08	2.78870270840759e-07
PA14_RS29095	225.353336048667	1.25246431510662	0.222683476810904	5.62441512519661	1.86137543381074e-08	3.26145347750317e-07
PA14_RS02550	375.219412797257	0.959020606634802	0.171070018454761	5.60601217733785	2.07041401981201e-08	3.61462895300032e-07
PA14_RS19190	65.7590565316559	1.72126370501115	0.307514959067786	5.59733324918261	2.17674048017213e-08	3.78658883529225e-07
PA14_RS01580	797.335588688264	-0.883489085990571	0.15807563631477	-5.58902754774501	2.28344730830292e-08	3.95797533439174e-07
PA14_RS00100	520.183007871757	0.840354560507529	0.150514202961437	5.5832243334726	2.36099880674098e-08	4.07778222478549e-07
PA14_RS03375	491.67737056421	0.900339207090233	0.161414288647392	5.57781603248903	2.43557030419601e-08	4.18621646282969e-07
PA14_RS08240	97.3479871139797	-1.52338438591543	0.273134151926068	-5.57742184627203	2.44109396715875e-08	4.18621646282969e-07
PA14_RS24915	50.8632249527559	1.91430496986765	0.344040393435626	5.56418666642943	2.63377901550074e-08	4.50069092542812e-07
PA14_RS26705	1287.98893917481	0.704803981277853	0.126794663310412	5.55862496793252	2.71908240418203e-08	4.63009947416349e-07
PA14_RS00755	106.653316757639	1.46162675902972	0.263397301729418	5.54913337924477	2.87089099997458e-08	4.87144872837792e-07
PA14_RS23375	219.319321891779	-1.05760991237674	0.190664113639532	-5.54697940891092	2.90646955532481e-08	4.91457579354923e-07
PA14_RS20490	347.710400657532	1.04449704932979	0.188926451509755	5.52859084041951	3.22813257767936e-08	5.43945963263323e-07
PA14_RS21605	170.812311222356	-1.22352629367792	0.221496599349687	-5.52390554649682	3.31545746607582e-08	5.56720566178565e-07
PA14_RS12340	553.037239761848	0.803275477285554	0.14572025789384	5.51244891338827	3.53874924664233e-08	5.92158870476204e-07
PA14_RS27845	132.022215851204	-1.61123874064318	0.29236671536262	-5.51101974328636	3.56760698447317e-08	5.94929219893526e-07
PA14_RS15660	94.0444592144095	-1.93611707461078	0.351910037739226	-5.501738703019	3.76064018251041e-08	6.24964121052246e-07
PA14_RS26195	221.582618056258	-1.19688349186215	0.217896591628222	-5.49289680448185	3.9539385520444e-08	6.54837220468723e-07
PA14_RS12470	193.257228764797	-1.19252324889192	0.21737406155586	-5.48604208044144	4.11039021592971e-08	6.78424815161641e-07
PA14_RS24525	468.384036756493	-0.959101445321605	0.175309223153739	-5.47091264263097	4.47723959785519e-08	7.36460227728834e-07
PA14_RS18160	442.744448060745	-0.876998052144802	0.160445321406308	-5.46602446526884	4.60240843356016e-08	7.54482955413455e-07
PA14_RS15495	62.7240047230893	-1.87473419496755	0.343598692684383	-5.45617382976952	4.86503679192296e-08	7.94841821815521e-07
PA14_RS20505	99.438146855234	-1.44539097412406	0.264975979308037	-5.45480000828216	4.90279939041348e-08	7.98314405792578e-07
PA14_RS03845	66.4386538584478	-2.09597117208568	0.384581963162421	-5.44999862929217	5.03702083224398e-08	8.17417206199057e-07
PA14_RS05225	208.913226004636	1.01826106639624	0.186923363706137	5.44747882879452	5.10887939948124e-08	8.25910133885219e-07
PA14_RS13385	106.000580949476	-1.5423625065749	0.283159724701514	-5.44696993260871	5.12351199680657e-08	8.25910133885219e-07
PA14_RS21855	57.3527941072022	4.92802101218735	0.906549390994812	5.43602043213501	5.44837099384632e-08	8.75359539077767e-07
PA14_RS00210	229.848607981135	1.05236567680038	0.19373475741775	5.43199212586914	5.57283823604019e-08	8.92392242036105e-07
PA14_RS30465	100.395428375603	-1.39586154795386	0.257361498212342	-5.42373881738196	5.83651461919158e-08	9.31530848132359e-07
PA14_RS06915	182.842406024544	-1.05955075614154	0.196152127525447	-5.40167863335607	6.60201490263121e-08	1.0502415812212e-06
PA14_RS26310	137.53937422752	1.17281287276361	0.217555715053015	5.39086216364306	7.01204448322116e-08	1.11181138101172e-06
PA14_RS20225	66.6315860019204	1.62403527022189	0.302071955407137	5.37631925490401	7.60239414776073e-08	1.20147640845003e-06
PA14_RS14425	330.855247207615	-0.925605262985762	0.172723995467952	-5.35886898909483	8.37445531524888e-08	1.31918129982227e-06
PA14_RS04940	238.506129879643	-1.48477537951668	0.277320846212929	-5.35399844545643	8.60315992087599e-08	1.35080783692715e-06
PA14_RS07025	373.46521802352	0.888687508147403	0.166197298423831	5.34718383857901	8.93332687402156e-08	1.39810902144881e-06
PA14_RS00420	99.2899259619896	1.66142708729326	0.311386522579133	5.335578025446	9.5240662122361e-08	1.48575432910883e-06
PA14_RS00710	234.911310481284	0.998824207591266	0.188037483433299	5.31183564762805	1.08526459537194e-07	1.68216012282651e-06
PA14_RS14530	53.3298525759362	-1.87777720850763	0.353475886148721	-5.31232053469575	1.08238001777302e-07	1.68216012282651e-06
PA14_RS03715	1354.59591102577	0.76442217243478	0.14447444402834	5.29105460537249	1.21613046396159e-07	1.87897984783331e-06
PA14_RS09310	57.0211486270358	-1.77678464333336	0.33608279277064	-5.28674684200786	1.24510764180722e-07	1.91762438082156e-06
PA14_RS29355	304.103676123286	0.884891297980479	0.167774610795845	5.27428610194931	1.33273857192822e-07	2.04607102661741e-06
PA14_RS00055	235.261487079603	0.953478663591857	0.181036340276199	5.26678048251073	1.38837057106788e-07	2.12473420306464e-06
PA14_RS24560	1077.00597018946	0.826641651737303	0.156993131366624	5.26546381068646	1.39835864930244e-07	2.13326890474025e-06
PA14_RS06795	491.680424459589	0.782818549079983	0.148837486443914	5.25955233310776	1.44406527986315e-07	2.19606908598056e-06
PA14_RS02775	96.0737281561172	1.66386780727814	0.31643661283008	5.25813935497913	1.45520231813557e-07	2.20606846724251e-06
PA14_RS29370	35.1877714853459	2.24810431204069	0.42798404469827	5.25277598520199	1.49823720073661e-07	2.26421096961321e-06
PA14_RS25355	198.577725186777	-1.45799732709636	0.277778983424498	-5.24876759617292	1.53120097832008e-07	2.30681867014203e-06
PA14_RS29700	154.931243639616	1.21695158815926	0.232053815575429	5.24426450451402	1.56906970330509e-07	2.35652828732404e-06
PA14_RS20655	60.7737134502419	1.78282692542717	0.340812583610128	5.23110651180249	1.6849838288062e-07	2.52278074182872e-06
PA14_RS27300	230.642140106739	0.954964065392296	0.182577890812936	5.23044746075375	1.69100231973592e-07	2.52397753649472e-06
PA14_RS25795	169.787777716866	-1.10704886265976	0.211720433450558	-5.22882390054375	1.70591756578403e-07	2.53840533788663e-06
PA14_RS20890	389.145588645891	-0.835542926313197	0.160088456186068	-5.21925781670392	1.79641549808678e-07	2.66486667139498e-06
PA14_RS00360	314.568801158149	0.931043039631705	0.178422947383352	5.21817991063281	1.80689910316265e-07	2.67222142596164e-06
PA14_RS28310	321.219766974664	0.916177729176072	0.175837583910625	5.21036350022727	1.88471001511118e-07	2.77879805886514e-06
PA14_RS06480	299.555692210234	0.882010572993676	0.169317575559546	5.20920861333435	1.89647788331109e-07	2.78764955735332e-06
PA14_RS10535	124.24155978719	1.1643122917064	0.223665751364074	5.20559041608109	1.93380759602165e-07	2.83390713162446e-06
PA14_RS03630	521.869095355825	-0.754979491480339	0.145109701820566	-5.20281884676396	1.96288186118419e-07	2.86782377060023e-06
PA14_RS29680	499.596697370854	0.778846364112583	0.149853529537584	5.19738418251432	2.0211238299254e-07	2.94402254262627e-06
PA14_RS29560	276.1635546763	0.903723324466072	0.174079263543278	5.19144731010078	2.08665641148597e-07	3.03035147325711e-06
PA14_RS20645	143.327730632975	1.25939949745161	0.242713932544842	5.18882243078045	2.11628076211768e-07	3.06026045620811e-06
PA14_RS29100	225.171889995556	0.995479751229266	0.19186259505653	5.18850352741221	2.11990747069834e-07	3.06026045620811e-06
PA14_RS06465	150.479237136172	1.29741810258847	0.250306075022084	5.18332646330697	2.17963028914454e-07	3.13711073759018e-06
PA14_RS25270	303.518599530381	-1.01319917099842	0.195947224600209	-5.17077582020182	2.33124102406018e-07	3.34536545767211e-06
PA14_RS03635	578.018755057393	-0.767520299796973	0.148619023344807	-5.1643476220152	2.41278934677721e-07	3.45214475769663e-06
PA14_RS21755	573.834214365586	0.835473065298089	0.162093675774038	5.15426071565407	2.54633472499578e-07	3.63247042185239e-06
PA14_RS29105	121.443791756574	1.21984117832354	0.237104602594828	5.14473850348677	2.67893707219436e-07	3.81039402386233e-06
PA14_RS18500	165.621389242262	-1.07185993851237	0.208447334664234	-5.14211390727983	2.71664318020568e-07	3.85269396465532e-06
PA14_RS03995	61.1752218842398	-1.7814721110081	0.34653895843373	-5.14075565719916	2.73635715193586e-07	3.86930502536895e-06
PA14_RS23945	466.899689008547	-0.824980122572575	0.161654189034479	-5.10336371423455	3.33668831123675e-07	4.70443868021602e-06
PA14_RS03690	1259.52369899862	-0.647135300880701	0.126876185225743	-5.10052615255805	3.38710573185956e-07	4.76164049978861e-06
PA14_RS20725	117.070864466568	1.32954674660634	0.260993735568693	5.09417110609692	3.50270319718097e-07	4.90987613378759e-06
PA14_RS30515	634.302672445106	-0.800303008449718	0.157988388268946	-5.06558119377323	4.07156186427216e-07	5.69077259410988e-06
PA14_RS03660	587.550169153959	-0.815462118578091	0.161011814031802	-5.06461046651538	4.0923627931652e-07	5.70336209445156e-06
PA14_RS15640	98.2628482547881	-1.74792487506891	0.345490246396368	-5.05925968475411	4.20887347883199e-07	5.84888279989412e-06
PA14_RS30970	225.417941093299	-0.984853040833499	0.194717992107021	-5.05784303841938	4.24025212984863e-07	5.87560438393925e-06
PA14_RS00090	207.666443268507	1.06720894652505	0.211123815568557	5.05489607437729	4.30625195842762e-07	5.95000984884456e-06
PA14_RS27920	81.4820909454733	1.50252145416947	0.297526266874094	5.05004640415598	4.41702752476726e-07	6.08568236745712e-06
PA14_RS12205	214.344437071376	-1.03368647612308	0.205022504596671	-5.04181957076659	4.61125977292736e-07	6.33524211985133e-06
PA14_RS25800	285.778326092991	-1.10599974144322	0.219687874626984	-5.03441413560552	4.79312456512215e-07	6.56644487165176e-06
PA14_RS10425	538.965006418772	-0.724243966772585	0.143874655451397	-5.03385370064185	4.80716596904601e-07	6.56707757805269e-06
PA14_RS29860	558.03238153247	0.763009848937038	0.151704836496718	5.02956838131884	4.91585164136366e-07	6.69663620778441e-06
PA14_RS19065	248.349974847477	-0.908336445758007	0.181484987385081	-5.00502250266391	5.5855505652411e-07	7.56630883291483e-06
PA14_RS27870	1162.62077942777	-0.613651884554191	0.122600912363103	-5.00527991779342	5.57809120360692e-07	7.56630883291483e-06
PA14_RS29530	510.737504190841	0.895569035691107	0.17918312583947	4.99806570231086	5.79082559131808e-07	7.82246719542297e-06
PA14_RS25705	591.600036677191	0.810057791251086	0.162257690378765	4.99241539405702	5.96288368874541e-07	8.03245279074452e-06
PA14_RS26985	397.071970705394	-0.867226629126505	0.174394895805224	-4.97277529323497	6.60011483691562e-07	8.86615426425666e-06
PA14_RS00395	63.5786930419299	1.59482851034223	0.321217608316529	4.9649473411516	6.8719713265033e-07	9.20577654708309e-06
PA14_RS17750	1715.33496035042	-0.648986922939954	0.130740700664264	-4.96392416166197	6.90829279883206e-07	9.22886850142317e-06
PA14_RS25255	907.670107998071	-0.786954743137728	0.158632303734716	-4.96087319297693	7.01769951586369e-07	9.34919968559692e-06
PA14_RS07660	875.08343091484	-0.743742634053123	0.150212558774346	-4.95126799065049	7.37314855176404e-07	9.79575450448651e-06
PA14_RS17725	165.380832490328	1.03262899608629	0.209111070013177	4.93818426743844	7.8853316954036e-07	1.04475244051978e-05
PA14_RS06340	396.247898916291	0.819106635738199	0.166389527640385	4.92282565708414	8.53034442311863e-07	1.12712419754649e-05
PA14_RS23360	177.540287404101	-1.19804167191906	0.24358809611838	-4.91830960137243	8.72947685876967e-07	1.14971099083303e-05
PA14_RS23430	494.759781599492	0.715963094265097	0.145583806784614	4.91787589621376	8.74883466969717e-07	1.14971099083303e-05
PA14_RS07635	840.792935121541	0.628112360297922	0.127739519232557	4.91713421243122	8.78203449301912e-07	1.15094630916641e-05
PA14_RS20020	242.708450111245	-1.04440649298179	0.212588590516322	-4.91280595278046	8.97821250089595e-07	1.17347663930629e-05
PA14_RS20050	133.79359833159	1.24479489625736	0.253560930281878	4.90925354656788	9.14237142916024e-07	1.19171181216763e-05
PA14_RS29615	62.9516605118909	1.64446934386747	0.3357144402884	4.89841706676293	9.66117996688624e-07	1.25595339569521e-05
PA14_RS06910	418.328165172666	-0.825939436591784	0.168853019351648	-4.89146975140379	1.00085776862961e-06	1.29762685498466e-05
PA14_RS08245	95.1464928730508	-1.44936007825405	0.296822004581749	-4.88292665598138	1.04522756870898e-06	1.35152955141086e-05
PA14_RS16005	334.492465622749	-0.906250702320159	0.185647954092599	-4.8815550203593	1.05252547214961e-06	1.35733684888414e-05
PA14_RS15670	53.201908650504	-2.21476536259982	0.454216499312615	-4.87601257539415	1.08251710538899e-06	1.39230125576095e-05
PA14_RS03685	407.64825723253	-1.10234390151523	0.22618225342513	-4.87369758158377	1.09528616828681e-06	1.40498777449205e-05
PA14_RS18860	182.672429040553	-0.960215565074066	0.19722295661858	-4.86868051030731	1.1234587164477e-06	1.43731384993151e-05
PA14_RS28270	70.5966973174248	1.40355967280725	0.288329617949149	4.8678997419363	1.12790522259656e-06	1.43919516002031e-05
PA14_RS27060	2117.64349033171	0.748882941889872	0.154308656569527	4.85314925642198	1.2151616389534e-06	1.54645307525753e-05
PA14_RS06850	2773.55412219929	-0.534818297053511	0.110259224336717	-4.85055377698146	1.23117246653377e-06	1.56271654807279e-05
PA14_RS09015	263.973085743314	-0.867345807706174	0.179018282612239	-4.84501244816923	1.26603740759147e-06	1.60276358720218e-05
PA14_RS17330	174.029276638997	-1.01947931841161	0.210532709408166	-4.84237970089065	1.28293308398842e-06	1.6199123744564e-05
PA14_RS06920	1057.68757424113	-0.75781184856537	0.15653171598822	-4.84126711178712	1.2901381416953e-06	1.62476772219751e-05
PA14_RS03645	1772.92299537801	-0.891023080166146	0.184221147101507	-4.83670357168706	1.3201006760908e-06	1.65818360248705e-05
PA14_RS23250	349.250648471316	0.869147319837215	0.17981853146709	4.83346912437823	1.3417409698667e-06	1.67980234922137e-05
PA14_RS28165	241.557914669493	1.03295433612255	0.213725181472742	4.8330960769557	1.34425870378137e-06	1.67980234922137e-05
PA14_RS08070	824.701710940373	0.691461639134254	0.143178069347294	4.82938233687895	1.36957214130724e-06	1.707023421485e-05
PA14_RS11725	202.080951757187	-1.0790019603566	0.223500132763527	-4.82774639556135	1.38086785283044e-06	1.71667787565245e-05
PA14_RS29540	179.935396405224	0.95534751565753	0.198126864510683	4.82189791887619	1.42198715967418e-06	1.76326407799598e-05
PA14_RS00375	109.048065739472	1.17340437298757	0.243398613520796	4.82091642188961	1.42900222630224e-06	1.76743088654671e-05
PA14_RS03505	4016.53350513931	-0.562497858839952	0.117035593659209	-4.80621186472438	1.53816897433796e-06	1.89759825507611e-05
PA14_RS08365	546.769463583925	0.713467500303261	0.1487548474836	4.79626386885927	1.61652310722278e-06	1.98918721285734e-05
PA14_RS12210	644.61550379655	-0.709528020564908	0.148026490671871	-4.79325029827067	1.64100675357389e-06	2.01419001530034e-05
PA14_RS25570	281.657040892904	-0.874912115351626	0.182866644320949	-4.78442702659359	1.71475780276999e-06	2.09938448966979e-05
PA14_RS08795	118.681667079641	-1.28855979400241	0.269696102476055	-4.7778213410289	1.77204719298507e-06	2.16404551143328e-05
PA14_RS26660	348.379380577132	-0.942647218005855	0.197395759037073	-4.77541778305791	1.79334549525555e-06	2.18453874434656e-05
PA14_RS27110	79.3709094511986	1.4593978381169	0.306119130150993	4.76741795717588	1.86601942914689e-06	2.26735426114432e-05
PA14_RS11545	1120.36121417105	-0.655035964424648	0.138056384844045	-4.74469880668399	2.08816805915575e-06	2.53092248974366e-05
PA14_RS05020	542.157498463027	0.672141092080161	0.142018803875914	4.73276125228764	2.2148595233166e-06	2.67776516368977e-05
PA14_RS04245	1250.52955490376	0.625534707041098	0.132271975729567	4.72915523935331	2.25455949760183e-06	2.71896502005048e-05
PA14_RS21975	179.409070176173	-1.01706050960941	0.215180524069761	-4.7265453693183	2.28371785107644e-06	2.74607672139439e-05
PA14_RS29635	262.180852465235	0.954718420020392	0.202008518301229	4.72612951200774	2.28839726782866e-06	2.74607672139439e-05
PA14_RS03540	4809.10346280804	-0.848535890602426	0.179738028455602	-4.72095915312673	2.34735079832658e-06	2.80984862888795e-05
PA14_RS01265	71.7419979159422	1.41340814140823	0.299789137962476	4.71467429078481	2.42097698940852e-06	2.89082585698262e-05
PA14_RS19805	99.2299783857764	-1.23127714081876	0.261575077726362	-4.70716534434837	2.51185166789473e-06	2.99194942510811e-05
PA14_RS19075	41.0160069392188	-1.92501800271032	0.40909689265109	-4.70553073682749	2.53206350337111e-06	3.0086140300498e-05
PA14_RS01820	421.555053111494	0.721254852647403	0.153303111417344	4.70476330179562	2.54160656190636e-06	3.01255130720077e-05
PA14_RS19970	489.809613168707	-0.801441978693648	0.170582911459027	-4.69825477733243	2.62393985865855e-06	3.09776009450111e-05
PA14_RS29160	284.42880701184	0.789161614179281	0.167975680999844	4.69807063428434	2.62630611816678e-06	3.09776009450111e-05
PA14_RS07500	268.956403512934	0.854022644431187	0.181856462580173	4.69613580025886	2.65129309398251e-06	3.11962369890497e-05
PA14_RS00245	196.948375926669	0.974065024749426	0.207505546242391	4.6941638061645	2.67699466294888e-06	3.14221994903417e-05
PA14_RS17870	1732.84962926624	-0.584781377043266	0.12466719211462	-4.69073993826388	2.72218792756072e-06	3.18741055555683e-05
PA14_RS28695	323.699593434032	0.777771586034416	0.165827219169955	4.69025284225072	2.72867653019133e-06	3.18741055555683e-05
PA14_RS29855	526.366563606957	0.721172484695466	0.154162472532409	4.67800284238344	2.89682532008518e-06	3.37567403564625e-05
PA14_RS23450	252.794403680892	-1.18712195288709	0.253798241661027	-4.67742386676031	2.90501376070494e-06	3.37707849681949e-05
PA14_RS02120	292.891607034108	0.799658049353611	0.171018613542405	4.67585388975997	2.92732982340773e-06	3.39486019808148e-05
PA14_RS29480	310.189846001855	0.787438177241397	0.168496281620611	4.67332673260059	2.96359734010933e-06	3.42869778391596e-05
PA14_RS28450	306.347097055539	0.860710116625444	0.18434669539314	4.66897502442278	3.0270617211992e-06	3.4937638385965e-05
PA14_RS10430	371.891049118127	-0.835194666147173	0.179379993767312	-4.65600788921071	3.22399585010253e-06	3.7122009359752e-05
PA14_RS29705	80.6666983976547	1.35945441920255	0.292426567413201	4.64887452336584	3.33751159841467e-06	3.83377816863024e-05
PA14_RS28050	332.434526727139	0.791037579302442	0.170193257109713	4.64787849258041	3.35366354969058e-06	3.84320306310513e-05
PA14_RS03625	312.870421407954	-0.849033767888088	0.18277197368532	-4.64531706239534	3.39554550820994e-06	3.88199954555633e-05
PA14_RS26500	135.096742210151	1.11131992831616	0.239287742653985	4.64428272000191	3.41259981831635e-06	3.89229545315516e-05
PA14_RS01400	51.4266200225639	-1.77619630929422	0.383127426737618	-4.63604583054461	3.55137257806036e-06	4.04104418529409e-05
PA14_RS04625	245.039195822482	0.821836149305279	0.177306521548166	4.6351151786711	3.56738791205965e-06	4.04973895369026e-05
PA14_RS14550	257.58043552954	-0.898755862167444	0.194299435386402	-4.62562261377699	3.7347478381946e-06	4.22979872260166e-05
PA14_RS01935	326.212602862168	-0.992174626530089	0.215751376411108	-4.59869430746772	4.25147075344219e-06	4.8037646176744e-05
PA14_RS24230	162.132772664459	0.977414947030397	0.212611602425111	4.59718536468243	4.28236608256686e-06	4.82739449307537e-05
PA14_RS01985	250.31081285063	0.819958954991217	0.178575832266622	4.5916569145089	4.39740834125374e-06	4.94555040425653e-05
PA14_RS10495	825.118190930877	-0.59461477679059	0.129613920823032	-4.58758421174872	4.48404573003343e-06	5.03128657782869e-05
PA14_RS28400	337.26495757662	0.750377904575337	0.163930867799546	4.57740457698848	4.70780420858146e-06	5.27012526682869e-05
PA14_RS16880	110.778105164694	-1.22397773276489	0.267579935908897	-4.57425078830132	4.77927096994978e-06	5.33777238121873e-05
PA14_RS21965	152.577788598789	-1.00548176213638	0.219855099474211	-4.57338385391569	4.79909758839647e-06	5.3475658842132e-05
PA14_RS25640	1393.67156132055	0.739684272679556	0.16196908389222	4.56682383393468	4.95169817128588e-06	5.50492238076747e-05
PA14_RS28220	631.162737560825	0.663230031948506	0.145400642332014	4.56139685018764	5.08144374848257e-06	5.63620687331691e-05
PA14_RS18880	88.7678257570813	-1.40934435420107	0.309091762204463	-4.55963091397043	5.1243603755423e-06	5.67080246593194e-05
PA14_RS24520	341.64920121365	-0.722092576820728	0.158606376349609	-4.55273358763995	5.29533136126291e-06	5.84662613312042e-05
PA14_RS19810	357.878789697598	-0.80216325158801	0.176403785250804	-4.54731314550606	5.43351235767596e-06	5.98552750836468e-05
PA14_RS17865	682.515888709288	-0.654164710742504	0.144127443833864	-4.53879353814504	5.65769969330391e-06	6.21832629927675e-05
PA14_RS25120	198.659447018825	-0.85385608544954	0.188250941974326	-4.53573340188645	5.74036552801888e-06	6.29487702800437e-05
PA14_RS21685	77.018749432182	1.35733490715679	0.299307977243285	4.53491056155017	5.76279002371526e-06	6.30517026124141e-05
PA14_RS12305	1437.39919794518	0.679551028526271	0.149923491283899	4.53265210612961	5.82477040519089e-06	6.35859812178401e-05
PA14_RS04580	94.5540616510079	-1.36818415388386	0.302161187594882	-4.52799436212911	5.95461700621926e-06	6.48570446893611e-05
PA14_RS21460	674.391613776952	0.632671777546079	0.13982571754682	4.52471683068054	6.04764225674009e-06	6.57222425923485e-05
PA14_RS05135	128.468722137905	1.17169737376155	0.259451352563818	4.51605806708347	6.30013954549866e-06	6.83127238610572e-05
PA14_RS27240	547.326989787525	0.687537977394379	0.152419399440174	4.51082985446511	6.45745019947689e-06	6.98618102117902e-05
PA14_RS28660	284.090806546193	0.757697337757957	0.168110003427165	4.50715199756828	6.57035677737706e-06	7.07666934864041e-05
PA14_RS29245	88.218556660584	1.28720082844898	0.285576308832851	4.50737959920333	6.56331515661547e-06	7.07666934864041e-05
PA14_RS00045	289.076738428419	0.881092914854397	0.195570451660289	4.50524558988532	6.62962237648487e-06	7.10883676556116e-05
PA14_RS21315	185.049062462322	-0.917591641239072	0.203661642930346	-4.50547107465345	6.62258602538792e-06	7.10883676556116e-05
PA14_RS21660	896.46334087736	0.750170458674196	0.16661956010966	4.50229527782017	6.72234969139161e-06	7.19231927158624e-05
PA14_RS28855	467.069861840924	0.737310858782218	0.163841508644432	4.50014690954981	6.79065147306932e-06	7.24935773151506e-05
PA14_RS12180	325.289644267775	-1.01798495517449	0.226303873116589	-4.4983099102773	6.84958011062916e-06	7.29616066409749e-05
PA14_RS11900	89.2985676893332	1.31429208382149	0.292800853581688	4.48868938647003	7.16626979566616e-06	7.61672103996517e-05
PA14_RS28285	726.104646556378	0.661669432261467	0.147444135878709	4.4875940865208	7.20320038883789e-06	7.63918357026755e-05
PA14_RS22680	110.913011647769	-1.38071484760044	0.307751764748552	-4.48645631237419	7.24175580232871e-06	7.66326719038548e-05
PA14_RS00160	78.0259770049569	1.55023086621633	0.345715136469887	4.48412783439512	7.32127638253531e-06	7.73050056461589e-05
PA14_RS03705	3294.73575225122	-0.548949363648739	0.122492699044983	-4.48148639003496	7.41249607753808e-06	7.77118468521763e-05
PA14_RS09415	1751.04386705201	0.618793666123606	0.138048166476336	4.48244755376507	7.37917815516238e-06	7.77118468521763e-05
PA14_RS10460	225.150207546583	-0.829767729424647	0.18515753211369	-4.48141493328587	7.41497880135998e-06	7.77118468521763e-05
PA14_RS19085	89.6893353989964	-1.46607286435345	0.327164202687887	-4.48115304886238	7.4240846248357e-06	7.77118468521763e-05
PA14_RS00480	91.4011505370352	1.35049198614607	0.301996562085269	4.47187867577367	7.75354145226802e-06	8.09851543480953e-05
PA14_RS09555	683.447693527306	-0.9755171778135	0.218270037534513	-4.46931328199022	7.84711261047113e-06	8.17858547074103e-05
PA14_RS05945	607.013004226963	-0.624272086922035	0.139870154369365	-4.46322583782581	8.0734880564332e-06	8.39642757869053e-05
PA14_RS28210	690.600196279906	0.605595642922931	0.135758021030968	4.46084613140307	8.16366900860649e-06	8.47199642180708e-05
PA14_RS26565	54.9177033980536	1.76687632587457	0.39630823986138	4.45833860656692	8.25973527713572e-06	8.55333614565917e-05
PA14_RS08535	167.759921279261	-0.957754890811043	0.215124067597814	-4.45210478541907	8.50326500873171e-06	8.78670717568944e-05
PA14_RS29165	289.619632660652	0.765372406704378	0.171973946043786	4.45051372205825	8.56651194744738e-06	8.83318801233593e-05
PA14_RS01690	574.530931636991	0.636835811272524	0.143167561357688	4.44818508629522	8.65988949990896e-06	8.89155533366449e-05
PA14_RS08920	214.455334550278	-0.949475883053149	0.213436949286769	-4.44850756265943	8.64690051945306e-06	8.89155533366449e-05
PA14_RS16655	535.957400325292	-0.760159114942011	0.170969844135769	-4.44615902169484	8.74192467083603e-06	8.95676858223793e-05
PA14_RS18655	586.224529474756	-0.672672300103608	0.151322460189979	-4.44529053558272	8.77731652577782e-06	8.97401748808912e-05
PA14_RS07480	2688.71696457603	0.660533046754833	0.148822127201275	4.43840616430305	9.06274789756188e-06	9.24629722206946e-05
PA14_RS09985	287.630622109353	0.739325458891238	0.166699862426429	4.43506940035736	9.2042632568814e-06	9.37090886532178e-05
PA14_RS26725	188.636334492741	0.857125956258076	0.194125338658333	4.41532240037271	1.00859557103776e-05	0.000102469919780222
PA14_RS07355	100.647242314104	-1.31041504122619	0.297033007724496	-4.41168155440026	1.02570894962508e-05	0.000103990114892807
PA14_RS23535	125.120302518343	1.00816999366091	0.228800125711896	4.40633496386446	1.05134342744474e-05	0.00010636604215738
PA14_RS10005	571.972570846071	-0.706532023759064	0.160455390465266	-4.40329253950497	1.06620239859217e-05	0.000107644150304629
PA14_RS26780	311.734234154451	0.75502578361377	0.171688438795259	4.3976507032844	1.09428900454048e-05	0.000110249617207454
PA14_RS05785	478.425259314654	0.662833065610642	0.150985330285692	4.39004944623718	1.13324889150516e-05	0.000113937456118897
PA14_RS15910	177.804290949182	-0.859395700132173	0.195976697046488	-4.38519330657112	1.15882823648787e-05	0.00011626749692231
PA14_RS09405	220.115529119147	0.834561138221009	0.190541419899723	4.3799460435438	1.18708698620356e-05	0.000118713764556212
PA14_RS26970	596.631577349786	0.610331537975311	0.139352844758786	4.37975657426851	1.18811956255596e-05	0.000118713764556212
PA14_RS03680	7614.25137810713	-0.560788868108663	0.128059737585739	-4.37911929761065	1.1915989097861e-05	0.000118815924283002
PA14_RS27835	309.092235878803	-0.717176298394653	0.164007096893081	-4.37283698072036	1.22642303726255e-05	0.0001220366627202
PA14_RS16675	89.8929554899064	-1.26070850637974	0.288654234747841	-4.36753857943934	1.2565460612429e-05	0.000124777346040466
PA14_RS23770	233.961287296922	0.780111280692276	0.178902109988348	4.36054823916322	1.29736975525013e-05	0.000128567215909624
PA14_RS21325	138.178027540177	-1.01203563777187	0.232437680931364	-4.354008496887	1.33670522036667e-05	0.000132194405842397
PA14_RS17200	163.952883252691	-0.898433537213208	0.206793187473783	-4.34459929840343	1.39530118190785e-05	0.000137427220279152
PA14_RS28535	370.90820549863	0.8039550698876	0.1850297902103	4.34500341255237	1.39273498004697e-05	0.000137427220279152
PA14_RS17490	509.391586213358	-0.850567532812762	0.195834396338907	-4.34329999588421	1.40358259566685e-05	0.000137961899037498
PA14_RS29600	137.591234089317	1.01500124126017	0.235262822748988	4.31432909543521	1.60088321680305e-05	0.000157035927717233
PA14_RS29410	149.507727631829	0.965435682376107	0.223944401850453	4.31105075366345	1.62480603017441e-05	0.00015905995874339
PA14_RS11295	152.178975800223	0.928235617803858	0.215558139882302	4.30619608385324	1.660858470961e-05	0.000162260839708432
PA14_RS01760	291.501109442498	0.726641888937546	0.169018592232418	4.2991831806192	1.71428742105244e-05	0.000167143023552613
PA14_RS24645	95.6516837260773	-1.18421577278884	0.275536305422597	-4.29785748550478	1.72456982214236e-05	0.000167807236617313
PA14_RS14435	168.632679206839	-1.30824271595203	0.304468802763265	-4.29680382383621	1.73278415833203e-05	0.000168267955616339
PA14_RS00325	97.4386705951404	1.24378879862547	0.289663373769355	4.2939111784835	1.75552729909861e-05	0.000170134870109036
PA14_RS29570	578.135368645788	0.708783524381673	0.165188762978691	4.29074902917642	1.78071471418649e-05	0.000172230727156117
PA14_RS00515	65.1066961486039	1.33156390397105	0.310373592146233	4.29019716130899	1.78514563761311e-05	0.000172314656756427
PA14_RS25750	448.000407783616	0.661741189821345	0.154597329947132	4.28041797389154	1.86542633578261e-05	0.000179705214339536
PA14_RS13700	63.3212968802045	-1.43704712739696	0.335766905652167	-4.27989507961113	1.86981440092042e-05	0.000179769829877757
PA14_RS23850	152.580721709267	1.04579154565276	0.244583432058449	4.27580697862987	1.90446177712877e-05	0.000182737641948308
PA14_RS20510	104.262020348012	-1.25917929180826	0.294591696787239	-4.27432037474454	1.9172119551018e-05	0.000183596772571729
PA14_RS07515	232.710802244016	0.899283874105664	0.210700223298462	4.26807271500518	1.97169061946911e-05	0.000188099076429868
PA14_RS23840	47.8747500932912	-1.51505304802261	0.354976551534791	-4.26803697729347	1.97200644644217e-05	0.000188099076429868
PA14_RS06875	249.609575450695	-0.815763534754236	0.191267519154321	-4.26503955486583	1.99866790154051e-05	0.000190266889209644
PA14_RS29660	96.004748001757	1.08900862925589	0.2554245517456	4.26352369736378	2.01228148599215e-05	0.000191186508177958
PA14_RS26375	63.8931725545297	1.47521004082041	0.346117315552417	4.2621676944013	2.02453423215865e-05	0.00019197348130822
PA14_RS06985	141.380991818254	0.925208549421057	0.217133173832165	4.26101886271973	2.03497055098067e-05	0.000192585471321771
PA14_RS00085	223.535080943366	0.775954901010482	0.182687272178641	4.24744916138282	2.16218207488557e-05	0.000204115313525947
PA14_RS10015	58.1229600259978	-1.39220311769497	0.327798402799326	-4.24713209645278	2.16524309013257e-05	0.000204115313525947
PA14_RS26630	1260.71764974635	-0.594035154040132	0.139960608962013	-4.24430243941964	2.19274451310005e-05	0.00020630568998739
PA14_RS21050	399.168525794432	-0.741587064261184	0.174989235201652	-4.23790105377969	2.25619155527022e-05	0.000211862958471588
PA14_RS28550	170.074157343271	0.900094950616194	0.212422965114359	4.23727702949454	2.2624691565877e-05	0.000212040713977871
PA14_RS05935	427.391566939408	-0.712897216866477	0.168395743970136	-4.23346338843876	2.30119659546865e-05	0.000215253128349834
PA14_RS28130	187.412130001026	0.909296450513019	0.214818080461428	4.23286740371134	2.307305512365e-05	0.000215407904590678
PA14_RS10010	35.1191504133931	-1.83197469554108	0.432912222227529	-4.2317463020904	2.31883878512652e-05	0.000216067521481153
PA14_RS09315	47.766256608641	-1.65812832269789	0.392334961243997	-4.22630784021994	2.37556952496009e-05	0.000220927965821288
PA14_RS15690	54.0821660222612	-1.96008358983649	0.464229332608476	-4.22223123821776	2.41895752928985e-05	0.000224531259340609
PA14_RS03675	1156.17616486845	-0.524570602695013	0.12437128230179	-4.21777916080441	2.4672027549913e-05	0.000228570737991148
PA14_RS21415	235.311062495288	-0.791839245621437	0.188024590114168	-4.21136004147453	2.53837802041188e-05	0.000234715030721068
PA14_RS07890	43.6496528632825	1.67340494841957	0.397419785427017	4.21067347369619	2.54610527044099e-05	0.00023498024976818
PA14_RS29865	193.550024488389	0.840290839950545	0.199670956078496	4.20837790559886	2.57210444701951e-05	0.00023692756391974
PA14_RS21925	1317.86439502886	-0.689727461575927	0.164095966059205	-4.20319571614012	2.63172850078653e-05	0.000241735878951829
PA14_RS27745	60.0965604411725	1.51154081424261	0.359635959683819	4.20297462904297	2.63430124498788e-05	0.000241735878951829
PA14_RS24710	608.457537151168	0.824105782628642	0.196102433389206	4.20242507135561	2.64070669874783e-05	0.000241864727180767
PA14_RS03640	1843.93872942709	-0.515262844535646	0.122652598684012	-4.20099410908618	2.65745506852221e-05	0.000242938614581728
PA14_RS25250	337.035268244789	-0.685279549177116	0.163173159361289	-4.19970754908168	2.67259951218535e-05	0.000243862098885441
PA14_RS29415	296.719597400053	0.878470395605943	0.209268055839394	4.1978236577117	2.69492345543001e-05	0.000245435966675321
PA14_RS29405	121.257026696625	0.956179700992046	0.227901462784949	4.19558386904393	2.72169549016423e-05	0.000247408259218689
PA14_RS18085	1402.72070538496	0.529191083571129	0.126313408513812	4.18950838076121	2.79559457654643e-05	0.000253649068896408
PA14_RS08090	313.231592242373	-1.03091180969037	0.246377164418643	-4.18428311780813	2.86067410471993e-05	0.000258583550849076
PA14_RS25230	564.480044007459	-0.713029957604824	0.170406640097595	-4.18428505600755	2.8606496999925e-05	0.000258583550849076
PA14_RS18155	80.6313522532409	-1.42552171476993	0.340945530530918	-4.18108344916597	2.90123354984293e-05	0.000261760549385083
PA14_RS12405	93.5682132327461	-1.31036343228107	0.313796332108005	-4.1758404997228	2.96887797466464e-05	0.000267364876824548
PA14_RS04205	54.2482323177588	-1.40973247375334	0.337684385882488	-4.17470434728337	2.98373291647709e-05	0.000268203204165116
PA14_RS09285	509.59550189393	0.591090235874572	0.14171351616242	4.17102229823381	3.03236184703483e-05	0.000272068680746947
PA14_RS21610	900.541178862825	-0.541846229421816	0.129991638478809	-4.16831602218896	3.06858296060667e-05	0.000274808651805442
PA14_RS06100	1125.60159611752	0.552316224201086	0.132517595235647	4.16787086438551	3.07458024236532e-05	0.000274836784696464
PA14_RS06505	344.924824365477	-0.692431305934054	0.166259464058768	-4.16476325034524	3.11675816928839e-05	0.000278093035178573
PA14_RS03695	946.174908634015	-0.587046323076497	0.141014345012273	-4.16302556328865	3.1405819150285e-05	0.00027970265453182
PA14_RS03490	919.194650628066	-0.858873379839203	0.206405874607812	-4.16108980168869	3.16732498639351e-05	0.000281125603566231
PA14_RS18715	23.8208417066557	-2.27423048017112	0.546554987597377	-4.16102776807235	3.16818556541761e-05	0.000281125603566231
PA14_RS31050	72.6051110988018	-1.37963738065028	0.332405396961881	-4.15046624772006	3.31798695905778e-05	0.000293878844945118
PA14_RS27550	570.955782291967	0.706082065925525	0.170253766476527	4.1472331598777	3.36517317950038e-05	0.000297513299745226
PA14_RS25050	216.531842469785	-0.785041706197366	0.189347134706918	-4.14604481558434	3.38267646499945e-05	0.00029851502526893
PA14_RS28610	387.291892017683	0.726604829945842	0.175390136008555	4.14279187234566	3.43103292093164e-05	0.000302230878062393
PA14_RS16785	217.739172067696	0.842429972886926	0.203523745021712	4.13922204899018	3.48485530690466e-05	0.000306413822985289
PA14_RS10245	612.473457029133	0.693020995392563	0.16755674698179	4.1360375387801	3.53354411863642e-05	0.000310001104483919
PA14_RS25430	353.602750506854	0.688403058166282	0.166453117811865	4.13571741530463	3.53847414547401e-05	0.000310001104483919
PA14_RS03565	7784.07526678012	-0.443475596968507	0.107293459870712	-4.13329570602804	3.57598158866989e-05	0.000312156082361148
PA14_RS09705	489.243146676613	-0.588992010512404	0.142489870761131	-4.13357109081659	3.57169748048579e-05	0.000312156082361148
PA14_RS13720	63.536627966709	-1.25637215819055	0.304177529132437	-4.13039109685034	3.62146618207185e-05	0.000315556945162153
PA14_RS00030	119.188109111994	1.07829252253942	0.261116222242499	4.12955010331762	3.63473789201298e-05	0.000316143749024726
PA14_RS21340	105.979306865703	-1.01944568200967	0.247648434505613	-4.11650363970528	3.84663257979565e-05	0.000333973342116548
PA14_RS16970	141.2218608049	-0.892286669675878	0.217007762731509	-4.11177304647784	3.92632164859507e-05	0.000340281209544906
PA14_RS07565	388.710693716172	-0.979044279593239	0.238201067729649	-4.11015907243718	3.9538664646506e-05	0.000342055424383726
PA14_RS23575	94.372410052729	-1.32815758984928	0.323182221609583	-4.10962454318959	3.96302934094254e-05	0.000342235890942824
PA14_RS28830	241.951466944853	0.746720180398776	0.181739741197781	4.10873359606111	3.97834672094848e-05	0.000342946252094596
PA14_RS03720	296.309210950716	0.751873148560302	0.183251256995136	4.10296311681102	4.07892294488006e-05	0.000350685356692551
PA14_RS06845	3552.15946209839	-0.449942660316754	0.109668469339424	-4.10275317077858	4.08262729151998e-05	0.000350685356692551
PA14_RS29850	588.663936162563	0.6339120790675	0.154549583133072	4.10167446729171	4.10171062985864e-05	0.000351699868900645
PA14_RS23085	90.4174136037969	1.38707948883327	0.338224987842774	4.10105562477856	4.11269674575455e-05	0.000352017724999451
PA14_RS29535	146.153211766473	0.899451692280341	0.219515708992236	4.09743656346778	4.17750598360921e-05	0.000356933196762087
PA14_RS02770	65.5911675038386	1.35879318730191	0.332001988902459	4.09272604599102	4.26331302026929e-05	0.000363622253369
PA14_RS19090	152.797876084303	-0.945564815446052	0.231602121237496	-4.0827122411216	4.4513127410548e-05	0.000378988528446145
PA14_RS21045	537.742754750845	-0.600842703201195	0.14744293712506	-4.07508636844073	4.59972723577417e-05	0.00039093639564506
PA14_RS20950	128.670830178527	-1.00975808736441	0.24792004684075	-4.07291826631925	4.64277205638954e-05	0.000393902555521049
PA14_RS23915	304.460466223877	0.70055940463214	0.172107705315477	4.07047089116666	4.69182036551441e-05	0.00039736678262045
PA14_RS24700	713.828448331518	-0.586190762157273	0.144098902481796	-4.06797520356775	4.74234264047887e-05	0.000400943514149578
PA14_RS00650	215.713225736217	0.93147179986951	0.229195278914731	4.06409680112151	4.82188126839509e-05	0.000406956680871879
PA14_RS12875	70.7904398871552	-1.41345535584963	0.348050541096639	-4.06106352082118	4.88496771255311e-05	0.000411562784980955
PA14_RS28125	247.930248576959	0.744447727705514	0.18361719066893	4.05434657285322	5.02746342924023e-05	0.000422831532935753
PA14_RS02260	380.482498334761	-0.670934921416508	0.165625257109423	-4.05092153893681	5.10163134318513e-05	0.000428324464854918
PA14_RS26610	247.985818696116	-0.738653562775959	0.18267536405903	-4.04353135728401	5.2652110647973e-05	0.000441292213333791
PA14_RS29485	409.590169081822	0.70335899345002	0.17402960148686	4.0416054937822	5.30864891499063e-05	0.000444163082230012
PA14_RS28605	52.6067728345566	1.3401110832034	0.331862551726436	4.03815096410184	5.38741795282054e-05	0.000449975012432472
PA14_RS15515	45.0577032588158	-1.53149908084006	0.379615926373367	-4.03433832576817	5.47563757239936e-05	0.000456554884484884
PA14_RS01915	537.071758853058	-0.5865649477795	0.145408760357052	-4.03390377814368	5.48577889241647e-05	0.00045661319662179
PA14_RS00110	124.615963849889	1.00785676644321	0.250117810400496	4.02952818445596	5.58889149451479e-05	0.000464214397795411
PA14_RS25245	1529.11039847401	-0.4787745269502	0.118825704435867	-4.02921681990622	5.59629846804642e-05	0.000464214397795411
PA14_RS03435	168.2965066042	-0.877699178195841	0.217903447355259	-4.02792699633101	5.62708092056439e-05	0.000465610377250331
PA14_RS26995	352.255679014638	-0.671885743948147	0.166816006494186	-4.02770548263644	5.63238359577013e-05	0.000465610377250331
PA14_RS19545	30.3781330100519	-1.85950071526809	0.462280837042951	-4.02244818790818	5.75963267732644e-05	0.000475317126750011
PA14_RS00260	159.126727640046	0.89459587600652	0.222771726653364	4.01575141264907	5.92566905902039e-05	0.000488186295901578
PA14_RS07470	702.730272016926	0.644176408995051	0.160484485611869	4.01394818034304	5.97114609508175e-05	0.000491096301289377
PA14_RS31400	28.4347594500247	-1.96924327245163	0.490913175124261	-4.0113881073841	6.03627843361634e-05	0.000495610229286394
PA14_RS24835	622.704307339488	0.642676141674028	0.160460783750585	4.00519134116273	6.19673006583348e-05	0.000507921806752046
PA14_RS20200	433.124672079481	0.610596722474544	0.152500082658003	4.00391076406082	6.23038741425964e-05	0.00050981647267952
PA14_RS29780	186.590774038801	0.790703059546809	0.197553734732529	4.00247082454478	6.26843997009816e-05	0.000512063778638424
PA14_RS23545	383.714643054184	0.670804059931054	0.167765105966328	3.99847188762656	6.37527513475476e-05	0.000519912825491973
PA14_RS03605	453.261535762035	-0.608379878345925	0.152298198848779	-3.99466233313765	6.47865198819845e-05	0.000527453889140197
PA14_RS23805	255.127255023084	-0.846991015024777	0.212216271094317	-3.99116905907908	6.57483889595188e-05	0.000534385225223921
PA14_RS28305	88.8136062320203	1.03194768173266	0.258591594875523	3.99064664970803	6.58933902817507e-05	0.000534665160071387
PA14_RS05280	72.9658994548629	-1.25207867527625	0.313788660755197	-3.99019732664294	6.60183476194187e-05	0.000534781790766346
PA14_RS04990	646.493644209929	0.593528610613028	0.149108372533854	3.98051833392704	6.8765160647297e-05	0.000556100864365098
PA14_RS25240	3172.90750632068	-0.457814806004342	0.115150320730299	-3.97580139682477	7.01426456620254e-05	0.000566293546613614
PA14_RS18895	51.4143842202372	-1.58679070120256	0.3995093159336	-3.97184906062689	7.13169042105887e-05	0.000574814247937345
PA14_RS03895	39.4973525956195	-1.78834156793228	0.450629546140067	-3.96854041917709	7.23141930829005e-05	0.000581882591928298
PA14_RS29175	85.1847547050802	1.17879069965549	0.29747376779196	3.96267108997618	7.41158575016223e-05	0.000595389180860208
PA14_RS23710	160.668880642626	-0.878881624990708	0.221942787520313	-3.95994677191423	7.49664708451213e-05	0.00060122363682754
PA14_RS29320	420.74946656506	0.601493400204629	0.151957298026283	3.95830544512967	7.54833897528789e-05	0.000604367008021395
PA14_RS05000	420.642759972114	0.598530630854754	0.151248712201852	3.95726100501255	7.58140782421619e-05	0.000605897921215536
PA14_RS28230	224.189513548582	0.738780434385087	0.186706351910319	3.95691108966634	7.59251737503339e-05	0.000605897921215536
PA14_RS27770	25.884828213569	-2.14305284741604	0.542853289054622	-3.94775695501112	7.88868295863687e-05	0.000628495400131267
PA14_RS25495	1388.55465227271	0.679150974955256	0.172068304917996	3.94698474701035	7.9141596717254e-05	0.000629488094941843
PA14_RS14585	54.2865495112297	-1.37297808410889	0.347964932535981	-3.94573692843868	7.95549220874852e-05	0.000631736622684858
PA14_RS18480	325.237535888325	-0.739635605286736	0.18774240707891	-3.93962992589021	8.16073969120905e-05	0.000646972740109622
PA14_RS20470	469.003691273807	-0.657077153382237	0.166841911755115	-3.93832189088479	8.20534690360808e-05	0.000649444478328129
PA14_RS00580	218.751729468902	0.847328154146014	0.215365040358696	3.93438114530923	8.34113313106517e-05	0.000659113068984169
PA14_RS02730	85.5933202834142	-1.22214845054605	0.311172091991186	-3.92756446352736	8.58104252116396e-05	0.000676964463822984
PA14_RS10145	335.588323918137	0.631018661021325	0.161027348970799	3.91870489736345	8.90260315243825e-05	0.000700283378338855
PA14_RS27385	153.63266416057	0.849880868785035	0.21688247087405	3.91862406104082	8.90558886845318e-05	0.000700283378338855
PA14_RS24290	13.7475993047855	-3.38968385283529	0.865110190282333	-3.91821052498416	8.92087776125165e-05	0.000700346832035925
PA14_RS16750	321.948807342293	-0.920688194464935	0.235086287899175	-3.91638407621547	8.98870070584868e-05	0.000704527659861981
PA14_RS12185	494.644776459383	-0.761656715822535	0.194668659903916	-3.9125800537101	9.13152524683369e-05	0.000714564014460967
PA14_RS18240	61.9284644602197	-1.50391884101709	0.384472917744286	-3.91163791156118	9.16722833473096e-05	0.000716198969737624
PA14_RS03610	1896.47296645239	-0.467821804914523	0.119627236860707	-3.91066296598702	9.20431331971499e-05	0.000717936438937769
PA14_RS12200	68.1347462365284	-1.17699664315653	0.301027527751957	-3.90993027098294	9.23227678518045e-05	0.00071895797959956
PA14_RS29605	167.109167704442	0.790504791319693	0.202419240830211	3.90528483397865	9.41144659228603e-05	0.000731732407078702
PA14_RS29805	453.042219845659	0.595193385803267	0.152776315090577	3.89584855119978	9.78555241902144e-05	0.000759597616346511
PA14_RS25215	447.282206952399	0.569975560859854	0.146367344209721	3.89414431161071	9.85459726597926e-05	0.000763731288113392
PA14_RS05675	167.434127121788	0.786688615420908	0.202197919991069	3.89068599447341	9.99612212681176e-05	0.000773459945684187
PA14_RS21750	678.039311016006	0.527082107296469	0.135598064603924	3.88709166930998	0.000101452448779285	0.000782494485321568
PA14_RS27900	245.168418041124	0.847304571063832	0.217969357661273	3.88726461441683	0.000101380218363146	0.000782494485321568
PA14_RS25605	493.372716420787	-0.562459192114256	0.144780861811797	-3.8849001523793	0.000102371952310158	0.000788329237853386
PA14_RS27210	361.657070504249	-0.612902886513997	0.157950038581417	-3.88035920737094	0.000104302308510217	0.000801917271789205
PA14_RS25410	157.428742966188	1.00445770696747	0.259162250151198	3.87578710395305	0.000106280580675452	0.000815829981184896
PA14_RS00440	20.5543524179777	2.21320149202195	0.57121849812804	3.87452699671825	0.000106832000182149	0.000818763158289812
PA14_RS23290	265.08598823726	0.69129366676602	0.178443464265885	3.87402065752308	0.0001070543322406	0.000819168909360032
PA14_RS00335	59.3280243427122	1.19723988685895	0.309816546752821	3.86435101484149	0.000111384949967148	0.000850959902118689
PA14_RS24300	105.49087538456	-1.06834025966704	0.276574990441995	-3.8627507785853	0.000112117373690866	0.000855204446638845
PA14_RS20500	547.269724868309	-0.557975422860269	0.144472288258723	-3.86216228444475	0.000112387866595751	0.000855917673790634
PA14_RS05950	571.398622654003	-0.612950006200843	0.158762080153193	-3.86080861128423	0.000113012401420782	0.000859320712690097
PA14_RS03535	4335.80320546972	-0.43721847573333	0.113259758397222	-3.86031616101393	0.000113240410757735	0.0008597027102424
PA14_RS23455	217.250832465161	-0.715677908880192	0.185887224910333	-3.8500650554411	0.000118086455574384	0.000895087929714296
PA14_RS17320	315.236836721595	-0.748364048693025	0.194409991967701	-3.84941144803585	0.000118401977679196	0.000896075061121425
PA14_RS27170	938.317155960017	0.531264993640345	0.138147033172172	3.84564895417067	0.000120233797194657	0.00090851663005213
PA14_RS27890	563.300855082283	0.607965390784541	0.158287955043108	3.84088221127735	0.000122592932212515	0.000924897691388022
PA14_RS00450	40.3293708732783	1.42370696218992	0.371267797858976	3.83471707053543	0.000125708911846728	0.000946928812602456
PA14_RS09640	129.205224621207	0.916146365782361	0.239369951883603	3.8273240169587	0.000129543939798563	0.000972620867048661
PA14_RS18035	144.041183897253	-0.88060664423469	0.230085945937597	-3.82729436448728	0.000129559541213031	0.000972620867048661
PA14_RS20015	155.740145671502	0.799444656776199	0.208896792306092	3.82698388017748	0.000129723006461205	0.000972620867048661
PA14_RS11175	85.8348479412199	-1.32983904987627	0.347759076639932	-3.82402398443559	0.000131291134821183	0.00098285437770161
PA14_RS20885	383.734229505195	-0.748229431521165	0.195705960427295	-3.8232327205953	0.000131713355814392	0.000984491172671409
PA14_RS29565	158.093931064622	0.798059411129732	0.208871898801479	3.82080794835997	0.000133015204262625	0.000992687542922923
PA14_RS02740	217.608176556339	-0.920068044149833	0.24091930986712	-3.8189883768856	0.000134000075701381	0.000998496712005976
PA14_RS23715	374.956746386829	-0.619171737871752	0.162283607170313	-3.81536834599656	0.000135979940529039	0.00101169075753605
PA14_RS18165	502.795080208042	-0.649960625557136	0.170537134400289	-3.81125570007254	0.000138262656103098	0.00102709401676587
PA14_RS19795	63.8361684893207	1.2149248545952	0.319259705283388	3.80544376408785	0.000141550173936354	0.00104990282385922
PA14_RS06485	362.596909495215	0.612039914903844	0.160874813326151	3.80444833003795	0.000142120572953131	0.00105090992477269
PA14_RS18390	56.5992054150626	-1.27925644599365	0.336247882700569	-3.80450409299033	0.000142088562771789	0.00105090992477269
PA14_RS03710	2201.41610923595	-0.634154713860502	0.167069685911478	-3.79574972204419	0.00014719794091361	0.00108679273627209
PA14_RS26615	170.453994969522	0.85026286682604	0.224166352205179	3.79299952228244	0.000148838442944687	0.00109722974097638
PA14_RS19080	104.20132868344	-0.958714281417948	0.253019426915647	-3.78909356133183	0.000151197965569168	0.00111292749085616
PA14_RS29885	3605.87674041649	0.470402357641994	0.124217401144821	3.78692802543476	0.000152521256161671	0.00112096169422164
PA14_RS19380	26.2048286448744	-1.80318493865326	0.477185154539662	-3.77879513119553	0.000157589004495032	0.00115644981143851
PA14_RS13580	295.842180871011	0.820434750702456	0.217193112578921	3.7774436811588	0.000158446319320828	0.00116097939429625
PA14_RS30855	129.937225766091	-0.889655094813992	0.235691673070457	-3.77465645359495	0.000160228323295381	0.00117226047118981
PA14_RS03590	326.349712466517	-0.618913960898458	0.16399087823335	-3.7740755313096	0.000160602101198035	0.00117322018337417
PA14_RS30445	14.9775508141467	-2.60182018765015	0.690218113391946	-3.76956231250437	0.000163534077686599	0.00119283680194931
PA14_RS13395	68.7858570499222	-1.09005266173364	0.289312674439199	-3.76773213910034	0.000164737326846911	0.00119980378408382
PA14_RS12195	90.4596984187634	-1.14426060026802	0.303922938022248	-3.76496952719066	0.000166569394870692	0.00121132269713484
PA14_RS20895	393.970190058713	-0.599659116021134	0.159494614466187	-3.75974523044639	0.00017008647999967	0.00123504236828589
PA14_RS12160	309.233026927139	-0.631903651456686	0.168273025063862	-3.75522845219471	0.000173183438063747	0.00125564483729577
PA14_RS24640	202.280179854504	-0.702482555239411	0.187117910946765	-3.75422401674454	0.00017387930666455	0.0012588028847751
PA14_RS02285	686.826597311262	0.506180618631969	0.135002443630301	3.74941819585225	0.000177245301536004	0.00128125303173111
PA14_RS01800	268.072259120024	0.64516094334239	0.172137887098461	3.74793111625314	0.000178299202503114	0.00128694767657471
PA14_RS03665	1192.967466066	-0.483804666541403	0.129120372348326	-3.74692744252821	0.000179013838733155	0.00129018021477428
PA14_RS29610	156.532973782944	0.778755444063595	0.207933098644159	3.74522117518336	0.000180234920657484	0.00129704773258868
PA14_RS07455	63.1985265178254	1.15650726802276	0.308900248067898	3.74395059653222	0.000181149286521742	0.00130169086124687
PA14_RS24550	518.075175334386	-0.708027247596556	0.189459788790422	-3.73708453976885	0.00018616634383142	0.00133575732755007
PA14_RS24515	394.255801402071	-0.592945383737249	0.158742473179739	-3.73526613174204	0.000187516775167702	0.00134345351809038
PA14_RS08100	726.410773909193	-0.746215827320067	0.199868663523791	-3.73353088054867	0.000188814031644738	0.00135074653407389
PA14_RS20340	76.4355435277768	1.09384161673527	0.293224273755905	3.73039244917983	0.000191181742036808	0.00136566455611522
PA14_RS04055	107.675549953965	0.906963710679337	0.243265814465868	3.72828263054852	0.00019278909557969	0.00137511514192239
PA14_RS27910	414.769063621361	0.610009554102934	0.16366923856779	3.72708738331592	0.000193705314443731	0.00137961546487464
PA14_RS10135	175.983671817597	0.7465144714075	0.2006261588054	3.72092291380403	0.000198496027254223	0.00141165704088444
PA14_RS03560	1699.65280131873	-0.455784112433528	0.122519298459615	-3.72010057324776	0.000199143460104863	0.0014121816375052
PA14_RS16755	237.548143025655	-0.752678905495248	0.202328283627765	-3.72008743414241	0.000199153820673811	0.0014121816375052
PA14_RS06905	556.0515029966	-0.531069811632933	0.142820101928116	-3.71845282606108	0.000200446714878322	0.00141719344028006
PA14_RS21850	161.772021418803	0.790941763757368	0.212696475382538	3.71864067016084	0.000200297739454959	0.00141719344028006
PA14_RS27180	384.563527308072	-0.648837127442979	0.17455617891882	-3.71706765960276	0.000201548481221768	0.00142290285428973
PA14_RS01890	121.724528643545	0.827962897596838	0.223058229301531	3.7118688702473	0.000205734570177129	0.00144842978808728
PA14_RS26095	484.293774500377	-0.620688949504773	0.167218961034037	-3.71183354846006	0.000205763288754335	0.00144842978808728
PA14_RS27965	747.515733677153	-0.528362729965225	0.142505499951981	-3.70766552970422	0.000209178683736509	0.00147033156184558
PA14_RS20515	40.9188405438677	-1.69166285243237	0.456397803643618	-3.70655344729335	0.000210098913871663	0.00147465652755205
PA14_RS22155	273.851582025534	0.620555706580915	0.167613510625008	3.70230123017498	0.000213652733864809	0.00149742698691336
PA14_RS02615	372.2607425194	-0.592493073010445	0.160082008333641	-3.70118465640172	0.000214595232359043	0.00150170578914719
PA14_RS30595	287.550414572176	-0.771876542556103	0.208567754327143	-3.70084313870205	0.000214884285791947	0.00150170578914719
PA14_RS31595	138.363756202554	-0.872847910406872	0.236118319511156	-3.69665476280689	0.000218459104053979	0.00152448517634205
PA14_RS21845	35.4286922915195	-1.67095979159672	0.452068585066011	-3.69625284037979	0.000218805069104704	0.00152469929998609
PA14_RS28495	638.123514622026	0.505719358973281	0.136898624399346	3.69411570928609	0.000220653315400414	0.00153536609104519
PA14_RS06855	421.375001827223	-0.618788075495476	0.16774732057206	-3.6888104882108	0.000225304957391495	0.00156323496979235
PA14_RS09680	159.915202166921	-0.799535167057641	0.216735696134548	-3.68898700729618	0.00022514871541137	0.00156323496979235
PA14_RS02980	174.826882651052	-0.953985804905966	0.259046487285879	-3.68268188038838	0.000230793093926497	0.00159901920090048
PA14_RS14535	10.1467112531733	-3.39663018092484	0.923311885055613	-3.67874630003302	0.000234383273686565	0.00162157011666413
PA14_RS11180	131.795967112055	-0.935349099589995	0.254449820847301	-3.6759668231455	0.000236950317723905	0.00163698819501829
PA14_RS01215	77.1074970201	1.01322802589858	0.275668988213575	3.67552415839238	0.000237361577178051	0.00163749013870621
PA14_RS23705	94.0697861493673	-1.06605151341592	0.29012789363105	-3.67441923654401	0.000238391033356676	0.00164224934090154
PA14_RS05245	258.893205761897	0.66835216642373	0.182175175580509	3.66873348300062	0.000243755022397663	0.00167443080726576
PA14_RS26760	150.108665260666	0.840087544126579	0.228971385976641	3.66896300401606	0.000243536314982529	0.00167443080726576
PA14_RS21980	97.4645050370865	-0.988371364206674	0.269701658061281	-3.66468404870576	0.000247644103982991	0.00169873317285354
PA14_RS03020	689.052973109969	-0.586958437224271	0.160319323983099	-3.66118333486828	0.000251053024075923	0.00171967765500165
PA14_RS00255	42.1560295084479	-1.3479185814427	0.368298003355118	-3.65985850904279	0.000252354552287514	0.00172614797010243
PA14_RS03780	38.2977839166317	-1.56073321355981	0.42657385062699	-3.65876438807912	0.000253434200947684	0.00173108445732062
PA14_RS00815	87.7917272152477	1.03440895133552	0.283397710527014	3.6500257867712	0.000262213983592885	0.00178852866665048
PA14_RS03010	3807.31896024516	0.414818373768141	0.113715298355752	3.64786778706242	0.000264425639957185	0.00180107379553936
PA14_RS11720	448.99412735295	-0.638929735977278	0.17534822001141	-3.64377657175933	0.000268666664523666	0.00182738676460823
PA14_RS12890	192.204442109963	-0.708254068429948	0.194435654236044	-3.64261416566188	0.000269883216305801	0.00183308319389727
PA14_RS29460	204.444318595526	0.724857011166872	0.199174973009217	3.63929764977715	0.000273382661297601	0.00185424761575764
PA14_RS00605	72.7214871618363	1.07019877474819	0.29414922637419	3.63828519265519	0.000274459406851785	0.00185894354556755
PA14_RS10555	257.666749749977	-0.786089160144149	0.216382805142149	-3.63286333970827	0.000280293485763254	0.00189412942304721
PA14_RS26965	493.929488265453	0.553519371057268	0.152370054789873	3.63273066890081	0.000280437689599214	0.00189412942304721
PA14_RS27420	81.3675893964711	-1.06132488160322	0.292201686072074	-3.63216549455993	0.000281052773576476	0.00189563628035681
PA14_RS02230	452.573338942947	0.570986836691745	0.157772761454071	3.61904571758393	0.000295691401858681	0.0019908168821021
PA14_RS26405	516.946510644807	-0.636049624288428	0.175763242981548	-3.61878634860647	0.000295987869774899	0.0019908168821021
PA14_RS09365	47.0193896712122	1.33097428578534	0.367964143315688	3.61713039154324	0.000297887260286814	0.0020008094315931
PA14_RS31560	715.242577354959	-0.579669156884457	0.160406937863104	-3.61374117981831	0.000301810348324948	0.00202434791192711
PA14_RS16705	3148.95662560595	-0.407058934104747	0.112747399477338	-3.61036206592567	0.000305769875856336	0.002048065262661
PA14_RS18605	296.556157108749	0.677770056896197	0.187812910003758	3.60875116030434	0.000307674552539211	0.00205797252569796
PA14_RS29730	40.4730488816789	1.38973411546549	0.385679689275181	3.6033375728892	0.000314157093638227	0.00209843053153932
PA14_RS09780	115.214658393315	0.864782060610753	0.240072290567254	3.60217357266598	0.000315567535856411	0.00210494428055394
PA14_RS22950	594.973687639448	0.531400637865114	0.147581982103838	3.60071487243762	0.000317343441524249	0.00211096682697561
PA14_RS29145	126.209002409208	1.06693959691906	0.29628588989654	3.60104761415276	0.000316937520882747	0.00211096682697561
PA14_RS10190	144.362752491402	-0.819680520429761	0.227699644480358	-3.59983223645512	0.00031842255199868	0.00211523552399123
PA14_RS09660	133.925524571956	-0.87572562215397	0.243298381721059	-3.59938942445572	0.000318965226805488	0.00211593393255328
PA14_RS22885	281.965036359062	0.645582989034869	0.179750299118813	3.59155446305068	0.000328711462563742	0.0021776008670661
PA14_RS29220	209.991605908075	0.803644480041928	0.223787950777041	3.59109807856722	0.000329287681368311	0.0021784339631972
PA14_RS28120	202.223180079068	0.740781135975978	0.206443864526046	3.58829330034421	0.000332849726025317	0.00219899081292136
PA14_RS12930	31.1779658072818	-1.72402865616904	0.480703332259506	-3.58647119849448	0.00033518306566662	0.00221138513719478
PA14_RS16745	80.5348505618845	-1.01796734149487	0.283946353717345	-3.5850692504691	0.00033698877511758	0.00222026936848585
PA14_RS00590	72.6697154834264	1.11537994323651	0.31124447984911	3.58361357533872	0.000338873313856986	0.00222964808954066
PA14_RS19965	269.060902855574	-0.751554490691993	0.209757787450106	-3.582963473386	0.000339718126612214	0.00223216964714221
PA14_RS09320	51.7535533364856	-1.24776907554827	0.348359139379904	-3.58184681983471	0.000341173827560333	0.00223869284950036
PA14_RS27415	24.3161144653915	-2.0582249019795	0.574980645433873	-3.5796420598234	0.000344065166262448	0.00225460588624011
PA14_RS19550	44.9681793945874	-1.37607618467374	0.384762501845811	-3.57643007848303	0.000348318427039492	0.00227938824514612
PA14_RS00405	39.8174632912157	1.73673775963767	0.485805770099477	3.57496321890545	0.000350277135867587	0.00228910841764277
PA14_RS09505	91.6756221323333	-1.0218956421043	0.286212104471375	-3.57041378103737	0.000356417758804286	0.00232609484693323
PA14_RS28035	177.155930796116	0.839380801891334	0.235125799153902	3.56992216469583	0.000357087313585643	0.00232732378504066
PA14_RS00225	49.8179236032384	1.23443581714272	0.346063698380633	3.56707687896513	0.000360985599552921	0.00234956441377918
PA14_RS20875	551.14236951408	-0.589570468022602	0.165308153891957	-3.56649357059504	0.000361789681876035	0.00235163293219423
PA14_RS17740	184.853916086992	-0.794233679295219	0.223181318774446	-3.55869247326159	0.000372705614836571	0.00241933470248276
PA14_RS25720	1704.065689384	-0.44198592688333	0.124289116163095	-3.55611127126648	0.000376384715368074	0.0024399416669169
PA14_RS05745	76.4737862474628	-1.01647379044559	0.285885516088344	-3.55552741654626	0.000377221603722321	0.00244209327389712
PA14_RS00380	46.0200523646488	1.4793689002126	0.416770177827552	3.54960354390981	0.000385811705366225	0.00249436551758164
PA14_RS14420	124.228058997492	-0.795305927109786	0.224090790942038	-3.54903440594975	0.000386646557275757	0.00249642556873906
PA14_RS27200	60.1503876075173	-1.09013931030086	0.307404185101484	-3.54627348336513	0.000390720487718825	0.00251936570481098
PA14_RS18910	196.804770321521	0.681963541489949	0.19242096407835	3.54412288056236	0.000393921602944888	0.00253325115936367
PA14_RS23420	288.186794639578	-0.686574413266229	0.193719113328505	-3.54417486983822	0.000393843930095574	0.00253325115936367
PA14_RS25685	1115.97205746416	-0.446034888871191	0.125886376568408	-3.54315455754508	0.00039537091230625	0.00253919486309831
PA14_RS00510	38.0999793071149	1.4610312054927	0.412585780919208	3.5411574345525	0.000398375796220331	0.00255509993437867
PA14_RS22115	206.814277941328	-0.734331910165091	0.207627311505472	-3.53677897594768	0.000405038476837428	0.00259439215097457
PA14_RS25290	137.647737457131	0.833706943909104	0.235822657979984	3.53531315035839	0.000407292175466554	0.00260537693195272
PA14_RS25615	91.0634718588037	-0.973873281401564	0.276174896081271	-3.52629183615218	0.000421422309868367	0.0026922038183929
PA14_RS10440	129.664952301412	-0.867183618277652	0.24615454136099	-3.52292349953403	0.00042681453840781	0.00272305423184719
PA14_RS22100	140.25424184264	-0.925811408142783	0.26358472660875	-3.51238639679227	0.000444101818913289	0.00282961317030918
PA14_RS22930	153.480703996394	0.755147321648095	0.215164978033188	3.50962005318365	0.000448747426492351	0.00285213128752077
PA14_RS23630	977.778509970366	0.485228232873297	0.138258217418786	3.5095796975563	0.000448815531390261	0.00285213128752077
PA14_RS03090	232.361751639746	0.625218680574475	0.178275552761085	3.50703543414255	0.000453128805074664	0.00287199331761609
PA14_RS17365	293.020534824075	0.59685173355385	0.17018493251208	3.50707741715903	0.00045305731871142	0.00287199331761609
PA14_RS05140	56.9172814902988	1.25947601332008	0.359532169861155	3.50309685446636	0.000459882211632194	0.00291098216682368
PA14_RS23080	27.4281158473159	1.63138851229621	0.466722214370186	3.49541646415453	0.000473322588130624	0.00299214122379046
PA14_RS09560	206.458408344903	-0.737358613998	0.210990950685968	-3.49474046920363	0.000474522931580072	0.0029958131816204
PA14_RS26990	185.495011934186	-0.711980091970109	0.203768490550435	-3.49406372912148	0.000475727441910108	0.00299950183712814
PA14_RS03615	521.95463682607	-0.544523726781039	0.15609008861339	-3.48852211961861	0.000485698633397565	0.00305838358217529
PA14_RS21125	1149.87541846174	0.446048657055647	0.128123148808025	3.48140567263134	0.000498789428868229	0.00313673040052894
PA14_RS00190	56.9605421997791	1.13120007374939	0.325039106100388	3.48019685175981	0.000501045491933785	0.0031468259727166
PA14_RS21695	85.7815886287858	0.951618640765752	0.274264687642971	3.46970894774663	0.000521022628583618	0.00326804854971514
PA14_RS13680	12.7896350564281	-2.6710503680957	0.770339919032731	-3.46736590186002	0.000525585911306134	0.00329240086408868
PA14_RS20415	472.667284773563	-0.533371326245725	0.153973152330588	-3.46405407808077	0.000532099529679769	0.00332663743300907
PA14_RS27295	111.670216870103	0.850139309214169	0.245429176136176	3.46388853435449	0.000532427082950583	0.00332663743300907
PA14_RS23570	331.559786916873	0.720818052475956	0.208131841021942	3.46327620481656	0.000533640302974777	0.00332991549056261
PA14_RS26850	374.884227943601	0.554022105248311	0.160320796682241	3.45570953184815	0.000548846424934748	0.00342038828735109
PA14_RS22440	190.746835906704	-0.701038325121215	0.203143926383313	-3.45094405529223	0.000558629353041618	0.00347687458340961
PA14_RS23685	253.210252832904	0.66912800639014	0.19413182547389	3.44677130994235	0.000567328598989737	0.0035264795690416
PA14_RS22825	24.0550617795289	-1.80233592746713	0.523973754612592	-3.43974466583677	0.000582263229302038	0.00361466620912023
PA14_RS16665	294.169810383128	-0.676204990677538	0.196678881873169	-3.43811691543781	0.000585774723233338	0.00363180328404669
PA14_RS01305	85.3168333794512	0.907742022900964	0.264148766527523	3.43648026388335	0.000589325288268733	0.00364913840469602
PA14_RS07875	61.2325939846197	1.24111940757434	0.361267112321677	3.43546192067776	0.000591544590238014	0.00365819646853074
PA14_RS00670	66.6458219588314	1.03977882477138	0.302794146790352	3.4339462495994	0.000594862142300862	0.00367401445742908
PA14_RS14395	18.740353128034	-2.02371644107892	0.589719599277306	-3.43165878081542	0.000599901837455319	0.00370041490552796
PA14_RS20905	433.200008564087	-0.59993356276636	0.174866124948906	-3.43081636275553	0.000601767823694889	0.00370719642724648
PA14_RS07650	294.159703389382	-0.612404827082957	0.178725426398505	-3.42651204936825	0.00061138663549573	0.00376166128404243
PA14_RS21480	155.87859625909	-0.724443344738622	0.211511584389612	-3.42507644122306	0.000614626463673101	0.00377678980727207
PA14_RS09675	408.858860263767	-0.592604121860479	0.173094676726618	-3.42358374657833	0.00061801205844542	0.00379277451096707
PA14_RS03595	2081.1434436634	-0.391141200378085	0.114295769161963	-3.42218441895096	0.000621201637447184	0.00380439306795918
PA14_RS12215	337.201298054307	-0.547086868132287	0.159886544174688	-3.42171926322052	0.00062226528468894	0.00380439306795918
PA14_RS29640	93.67756300732	0.866771191326752	0.253297562638031	3.42194840842345	0.00062174109877115	0.00380439306795918
PA14_RS26205	1658.76561416619	-0.404396496969595	0.118268741644963	-3.41930159520572	0.000627820983309228	0.00383351297384271
PA14_RS11475	103.93036297778	-0.829931640460967	0.243040946037865	-3.4147811469252	0.000638332782057727	0.00389278352336843
PA14_RS03700	1991.82683124737	-0.420773800891272	0.123670088087581	-3.40238943303159	0.000667993781660803	0.00406853643338998
PA14_RS02885	25.2665401893931	1.57938905222459	0.464481924648297	3.4003240350429	0.000673060406720828	0.00409423915333576
PA14_RS07215	496.910142766386	-0.545146694140798	0.160417523843384	-3.3982988957804	0.000678062942703637	0.00411948792828491
PA14_RS13270	105.995064970302	-0.8483899801327	0.249758784580573	-3.39683739876227	0.000681694608617028	0.0041363552412446
PA14_RS00025	231.652048478155	0.684915836855184	0.201812777135221	3.39381800586525	0.000689254815885523	0.00417602639908109
PA14_RS16670	117.503399306301	-0.934947265816522	0.275508112418696	-3.39353806176009	0.000689959696622372	0.00417602639908109
PA14_RS12465	717.205056188286	-0.547407586755859	0.161465550604101	-3.39024383038864	0.000698304837601531	0.0042159827648452
PA14_RS24125	24.4583489924323	-1.71867343034823	0.506942040859244	-3.39027599177838	0.000698222912990136	0.0042159827648452
PA14_RS29775	141.305573391171	0.905458357348214	0.267301073933892	3.38741009911599	0.000705558363270217	0.00425446414560445
PA14_RS02010	72.5489953241743	1.04781717463565	0.309373044197059	3.38690520809638	0.000706858062500814	0.00425699326308087
PA14_RS06860	332.139021617752	-0.590436227038253	0.174473182306292	-3.38410877381561	0.000714097066854118	0.00429524056630164
PA14_RS29255	185.415762864261	0.768156818694424	0.227090782435892	3.38259796568924	0.000718036629045927	0.00431357160008211
PA14_RS16325	45.9558015037695	-1.22970375591689	0.363633504372566	-3.38171191908923	0.00072035645579746	0.00432213873478476
PA14_RS29400	591.933974845139	0.702329022867699	0.207871831726008	3.37866375177483	0.00072839038393099	0.00436492676169798
PA14_RS10235	1077.56682340614	-0.436760504460979	0.129454982167032	-3.3738408298372	0.000741272167602807	0.00443662401302868
PA14_RS16765	165.931576063747	-0.703558993103357	0.209012918066037	-3.36610291657221	0.000762382584241852	0.00455733272854586
PA14_RS22865	70.0770668484207	-1.09863931566309	0.32642750782877	-3.36564563130931	0.000763647444093948	0.00455925807362757
PA14_RS24870	843.133353364872	0.483336865231093	0.143977441110417	3.35703191766285	0.000787840172985639	0.0046978977516135
PA14_RS07360	35.0905994573742	-1.36977175304917	0.408202213716563	-3.35562058955486	0.000791871247621965	0.00471031900799486
PA14_RS29645	41.7613663606158	1.28711567528882	0.383569079214357	3.35562938995278	0.000791846052476682	0.00471031900799486
PA14_RS24980	221.771350940012	0.728326790476354	0.217263849953414	3.35226863848967	0.00080152203080792	0.00476186798647064
PA14_RS20975	130.888235621819	-0.794653982946161	0.237245866782259	-3.34949558331182	0.00080958846405468	0.00480388934008397
PA14_RS07135	48.4148459884049	1.19767314347028	0.357633613716258	3.34888303989373	0.000811380395595566	0.00480862205036784
PA14_RS06400	803.138839019225	-0.459818621939304	0.137400935848558	-3.34654650712214	0.00081824952418165	0.00483747518208124
PA14_RS26700	517.14848058999	0.557292357029546	0.166522830779342	3.34664234580549	0.000817966711946083	0.00483747518208124
PA14_RS26625	448.773384911992	-0.503363279830151	0.150434762595676	-3.34605692956117	0.000819695644102182	0.00484010761279384
PA14_RS18020	30.5202943824732	-1.58982786589159	0.475278477074496	-3.34504494223583	0.000822692383635305	0.00485187849665894
PA14_RS27405	31.1369638994095	1.46226230089859	0.437629969753047	3.34132121189905	0.000833806979721518	0.00491143794632553
PA14_RS30675	66.9763277675606	-1.12368363839667	0.336554953527039	-3.33878205214529	0.000841465566116772	0.00495052004591327
PA14_RS07630	199.078325600804	0.738852131558902	0.221380645158377	3.33747392880855	0.000845436530376807	0.00496783847011208
PA14_RS16925	442.449431395478	-0.558385859082351	0.167456241749395	-3.3345180403487	0.000854473575717363	0.0050148473448655
PA14_RS01665	117.391729705454	0.897816855084787	0.269293807061437	3.33396770197526	0.000856165987033972	0.00501868934945005
PA14_RS06055	187.033377444864	0.884739903171029	0.265852947182885	3.32792964135319	0.000874939605411128	0.00512252776243126
PA14_RS25080	371.671263174214	0.53693168368676	0.161359030518534	3.32755893463977	0.000876104556266616	0.00512314586953489
PA14_RS20880	164.282811090153	-0.693587948075686	0.208800516555386	-3.32177314270056	0.000894473861192557	0.00521794402017757
PA14_RS21275	170.442793321478	0.68255482681102	0.20546740512515	3.32196158507611	0.000893869993688527	0.00521794402017757
PA14_RS04235	387.453717717558	0.571973873001805	0.17224402112209	3.32071829997732	0.000897861114973422	0.00523139319519454
PA14_RS06185	406.374918934513	0.523972412513402	0.157898616375828	3.31841041131259	0.000905313584838572	0.00526846750454794
PA14_RS28200	5031.89938991421	-0.373497850016819	0.112820075078675	-3.3105619700781	0.000931088330047129	0.00541195091839893
PA14_RS02895	878.509301406497	0.42655258892169	0.129004287472511	3.306499320905	0.000944695794745055	0.00548445241703132
PA14_RS16695	288.17883655604	-0.579757034169873	0.175436780211711	-3.30464930711931	0.000950953087723459	0.005514159630972
PA14_RS08895	269.767905840387	-0.835013785337822	0.253203297526724	-3.29779980550882	0.000974455836455056	0.00564367476059479
PA14_RS11550	38.0558595343153	1.24610196180121	0.378166423985502	3.29511527932207	0.000983813119451827	0.00569105292544143
PA14_RS01250	43.5249191733197	1.26291812833874	0.383347856411276	3.29444421617897	0.000986165164715726	0.00569784317391308
PA14_RS28530	107.50524603084	0.792871676173043	0.240870796224918	3.29168869202676	0.000995877836326604	0.0057470945304003
PA14_RS02860	610.851923997768	0.474973144889775	0.144390448625313	3.2895052921562	0.00100363669179339	0.00577807981132477
PA14_RS06475	104.641120938984	0.864009092800983	0.262639578128217	3.28971398354587	0.00100289268161475	0.00577807981132477
PA14_RS28860	188.570479628146	-0.938056914216258	0.285493095224958	-3.28574291254611	0.00101713798163293	0.00584884575407475
PA14_RS05910	1215.0166534567	0.438078099124592	0.133424693121045	3.28333600683018	0.00102586312190663	0.00589201194482238
PA14_RS24610	55.2469285247057	-1.0702241078843	0.326085762588324	-3.28203261433232	0.00103061683946561	0.00591229304348243
PA14_RS06805	96.9208711765294	0.873877747899231	0.266826119720833	3.27508322203811	0.00105630850775241	0.00605249756337754
PA14_RS21570	101.729328523335	-0.80261568463843	0.245181846200081	-3.27355265929214	0.00106204599505618	0.0060781709255523
PA14_RS08040	38.3131291691588	-1.31908235142583	0.403026877511759	-3.27293891556239	0.00106435477049321	0.00608418400721651
PA14_RS29765	50.9564962370074	1.11188838080921	0.339994523820158	3.27031261655658	0.00107428689865506	0.0061337089042454
PA14_RS10065	88.6909189663366	0.900076347421479	0.27553799301398	3.26661429727337	0.00108841860893995	0.006207066500983
PA14_RS28800	207.831626914553	0.670408953873346	0.205357284742897	3.26459786762706	0.00109619585630488	0.00624405554898752
PA14_RS04670	810.284376085098	0.432425445083656	0.132559185823568	3.26213111824026	0.00110577984356549	0.00627931471596507
PA14_RS06255	579.313092711967	-0.459495324143158	0.14084066709952	-3.26251879947766	0.00110426848329302	0.00627931471596507
PA14_RS09210	82.8151590273533	0.931724229159594	0.285629516820838	3.26200260928923	0.00110628125268864	0.00627931471596507
PA14_RS22045	466.929166976292	-0.607852921508744	0.186477327595783	-3.25966126469999	0.00111545346984847	0.00632395425578805
PA14_RS09200	229.337037404008	0.663668823719757	0.203717051324532	3.25779712304248	0.00112280646732146	0.00635818744258383
PA14_RS01530	1860.90820528936	0.42239595190889	0.129724511618199	3.25609976587981	0.00112954054547134	0.00638883985719228
PA14_RS10045	297.363043620313	-0.583889241986877	0.179361461537447	-3.25537736469086	0.00113241790401597	0.00639763199044535
PA14_RS26470	19.5017511669184	2.03924008818058	0.626840443497587	3.25320439887735	0.00114111382627815	0.00643923741409701
PA14_RS19975	390.238981750239	-0.523452090563603	0.161045314275368	-3.25034039592461	0.00115266948923719	0.00649686439388236
PA14_RS27195	114.134367079181	-0.840009266759752	0.258465185337573	-3.24998999638052	0.00115409068109079	0.0064973021347556
PA14_RS06900	412.864141196198	-0.536963363371054	0.165274626201718	-3.24891591474961	0.00115845716518527	0.00651430098934412
PA14_RS29735	15.1661931574314	2.11775113393444	0.652306534200394	3.2465582098306	0.00116809558117577	0.00656087134792804
PA14_RS03555	2369.49046458487	-0.3722094442342	0.115097564563699	-3.2338602962203	0.00122129180624953	0.00684376265935428
PA14_RS26835	134.494801697606	0.832022607947982	0.257281608901259	3.23389849550925	0.00122112847295664	0.00684376265935428
PA14_RS27370	817.106892836673	-0.484123508357649	0.149910727193978	-3.22941204688584	0.00124045029990424	0.00694307598418622
PA14_RS15545	10.6044897003893	2.52379554750085	0.782394556979858	3.22573249645681	0.00125650735677103	0.00701670851887379
PA14_RS23415	345.358336359024	-0.54666330053416	0.169457025984274	-3.22597010869818	0.00125546468079394	0.00701670851887379
PA14_RS25860	91.434075443841	0.96102522985719	0.298117122988819	3.22364988707218	0.00126568041379525	0.0070597814084358
PA14_RS27185	1009.69118347979	-0.482084913410189	0.149739117326402	-3.21949883248836	0.00128414883664204	0.00715454351843422
PA14_RS26795	660.783324595886	0.495810555870275	0.154046792393875	3.21857111183829	0.00128831021589674	0.00716946858927116
PA14_RS20985	104.529000975168	-0.853221676791687	0.265134865887585	-3.21806667687926	0.00129057812748649	0.00717383428106281
PA14_RS07325	55.8140603453293	-1.06561325668547	0.331213154754297	-3.2173035442266	0.00129401613472311	0.00717644727926718
PA14_RS20100	85.7449900188795	-1.02106094490613	0.317358949816015	-3.21736930846943	0.00129371952614332	0.00717644727926718
PA14_RS08590	94.4733347099422	0.839132048137406	0.261287287984094	3.21153032208933	0.00132030036449002	0.00731382882322306
PA14_RS09330	184.467195317061	0.677728377737663	0.211108833140029	3.21032695627721	0.00132584070298523	0.00733611629249038
PA14_RS20570	171.397105580746	0.626231742288144	0.195111439028786	3.20961059692534	0.00132914902462084	0.0073460167806473
PA14_RS13485	31.1618021894748	-1.50591960417145	0.469542897137137	-3.20720345969076	0.00134032164875509	0.00739930992394934
PA14_RS11695	172.064151949855	-0.940250026554021	0.293482357864666	-3.20377018024232	0.00135640704053223	0.00747957177652663
PA14_RS00195	86.8362735718266	0.910816892017973	0.284830698467967	3.19774833582556	0.00138505097114356	0.0075942250526647
PA14_RS02990	171.55667852233	-0.665335897584897	0.208025268041889	-3.19834173919161	0.00138220376807744	0.0075942250526647
PA14_RS02995	335.283841916406	-0.743675472928405	0.232536263326425	-3.19810537199724	0.00138333723183586	0.0075942250526647
PA14_RS15100	78.9597210188463	-1.06198060976131	0.332080235661498	-3.19796391268472	0.00138401598890009	0.0075942250526647
PA14_RS28490	806.247891158787	0.527540934683805	0.164948473363042	3.19821653349115	0.00138280406668092	0.0075942250526647
PA14_RS07510	517.557448417924	0.487797448505939	0.152657496491825	3.19537172897409	0.00139650844038852	0.00764837465200325
PA14_RS06925	1001.67787742045	0.395492185624367	0.123832849160748	3.19375826612031	0.00140433657991304	0.00768254717246547
PA14_RS21165	77.9542221455127	0.913874129845894	0.286201556683755	3.19311376372317	0.0014074748463509	0.00769101509260221
PA14_RS00125	124.549716063644	0.841803223590572	0.26428616910335	3.18519590505465	0.00144656045765901	0.00789567310749319
PA14_RS01260	157.762506968736	0.646812391895873	0.203358769106177	3.1806466706049	0.00146946732624497	0.00801166176969636
PA14_RS07570	58.1014797739685	-1.01732588386581	0.31990184977233	-3.18011879140377	0.00147214690356891	0.00801723246132797
PA14_RS09900	144.864640512976	0.77120652072994	0.242671212350837	3.1779893183827	0.00148300214284611	0.00806707481042325
PA14_RS10080	94.0642411716195	-1.22953975241503	0.386931205831656	-3.17767017465624	0.00148463535592984	0.00806707481042325
PA14_RS22835	146.635794745594	-0.704028603229149	0.221611235398519	-3.17686331184025	0.001488771858233	0.00808047217330501
PA14_RS20400	1532.47303741111	-0.440050122479225	0.138562125206477	-3.17583265862506	0.00149407110058405	0.00809956182938147
PA14_RS26655	1282.60618321815	0.432551034999925	0.13621387608112	3.17552842224625	0.0014956386918192	0.00809956182938147
PA14_RS29770	105.210564352433	0.789901315735651	0.249180717166802	3.16999374878149	0.00152442217192731	0.00824620315821083
PA14_RS17875	1438.47160185098	-0.372876489296342	0.11781672107205	-3.16488598480273	0.00155143732197002	0.00838296188720336
PA14_RS10215	231.844630522081	0.616062764476284	0.194936721113694	3.16032177496704	0.00157594987847798	0.00850590804946376
PA14_RS30470	264.362131742214	-0.738622711425716	0.233962480999787	-3.15701350177762	0.00159393965730283	0.00859341380458916
PA14_RS21255	231.754866116063	0.662117042115202	0.209794636733131	3.15602463640406	0.00159935350951973	0.00861299952342696
PA14_RS15505	104.435054729085	-0.904538626096135	0.286687384542201	-3.15513927318621	0.00160421506371314	0.00862957068756033
PA14_RS09455	244.92983068544	-0.562285038644811	0.178358021392653	-3.15256378297081	0.0016184345963807	0.00868813653670345
PA14_RS20565	52.2218731520433	1.18918458926602	0.377231561229621	3.1523995112969	0.00161934548012343	0.00868813653670345
PA14_RS23530	221.324516849798	0.617567246905945	0.195916706939172	3.15219287091063	0.00162049196776396	0.00868813653670345
PA14_RS03575	1061.59492521913	-0.572874846320653	0.18185879519952	-3.1501080038067	0.00163210114722798	0.00873101896902046
PA14_RS27305	112.099925048951	0.804531688826829	0.255395442644279	3.15014113210861	0.00163191608178849	0.00873101896902046
PA14_RS02000	1484.52957447852	0.397773666778384	0.126338543399121	3.14847437746501	0.00164125110907472	0.00877026559501141
PA14_RS27865	6610.02688911483	0.433562238815256	0.138101876957055	3.13943769895379	0.00169272404000288	0.00903533494200212
PA14_RS08455	689.578578237533	-0.513563227294569	0.163747644196852	-3.136309104253	0.00171088776945273	0.00912221968365314
PA14_RS19915	69.9015150952427	-1.02636273149365	0.327792480354834	-3.13113568188818	0.00174131689356014	0.00927423843310223
PA14_RS09855	58.8642675066279	-0.972900793546424	0.310770491544095	-3.13060866465303	0.00174444448036651	0.00928067492525021
PA14_RS18025	1797.68414137467	-0.501671285655831	0.160311170571839	-3.12935950667905	0.00175187825691609	0.00930998159389696
PA14_RS07655	96.9161840074996	-0.893954270264164	0.285755500113526	-3.12838867461523	0.00175767581005852	0.00933053810915807
PA14_RS17325	118.929820879039	-0.780754100395541	0.24967297843938	-3.12710692713232	0.00176535708654481	0.00936103823523103
PA14_RS05145	193.464067962417	0.633315499301511	0.202622318187796	3.12559596082864	0.00177445165595889	0.00939895751173846
PA14_RS07685	171.846125618187	0.646751823988622	0.206996580042295	3.12445656762287	0.00178133817452582	0.00942511095405565
PA14_RS09050	78.7012003660872	-1.01830490956762	0.326664501336454	-3.11728059033511	0.00182527756937095	0.00964704079287204
PA14_RS23795	156.437050873509	-0.690553463760512	0.221735238510765	-3.11431538080487	0.00184372299250298	0.0097338912573629
PA14_RS28885	163.888555191041	0.660332508330516	0.212705377699213	3.10444670216234	0.0019063527070663	0.0100535678204718
PA14_RS08410	61.4841156864021	-0.958029832906072	0.308836397528129	-3.10206258256466	0.00192177325956264	0.0101128351286669
PA14_RS14515	82.6818515691075	-0.977314175550099	0.315023880787752	-3.10234948889023	0.00191991149765108	0.0101128351286669
PA14_RS02190	871.208253653678	-0.464439905709671	0.149751982493035	-3.10139403818091	0.00192611794056825	0.010120343963867
PA14_RS09250	112.210189855956	0.834664802316638	0.269142592596142	3.10119923519159	0.00192738560602181	0.010120343963867
PA14_RS05620	903.683142412018	-0.391341023960483	0.126310660763417	-3.0982422354157	0.00194672236528025	0.0102107910612747
PA14_RS29575	237.151812740347	0.566509794534483	0.18290053250369	3.09736547389797	0.00195248992801049	0.0102299472284493
PA14_RS28455	564.858257411628	0.570372583822473	0.184295507191638	3.09488056716095	0.00196892162782538	0.0103048755326445
PA14_RS20560	44.8000437753624	1.3214472182748	0.427270095412084	3.09276785916955	0.00198299186773886	0.010367295862038
PA14_RS19105	15.4532786504655	-1.99842662690882	0.646331008565762	-3.09195536098976	0.00198842748123559	0.0103844873642066
PA14_RS04575	34.269371816886	-1.29060553491166	0.417489138772516	-3.09135116354463	0.0019924784249542	0.0103944181910232
PA14_RS23835	36.6978075951582	-1.34553375703562	0.435579439249267	-3.08906627767988	0.00200786640812019	0.0104634072733505
PA14_RS21410	698.29987111071	0.440793746558496	0.142780535168413	3.08721175500967	0.00202043613381088	0.0105175771185247
PA14_RS26200	297.060115406169	-0.518002432095169	0.167944077976476	-3.08437450332559	0.00203980647387599	0.0106069936641551
PA14_RS00280	111.98550894438	0.816290620365629	0.264856793439602	3.08200748700741	0.00205609665889324	0.0106802185203091
PA14_RS21820	134.74074613048	-0.693396857093424	0.225078640561187	-3.0806870672605	0.00206523577521643	0.0107161804817024
PA14_RS20720	144.506114348305	0.690363873023167	0.224234332010223	3.07876080720633	0.00207863498589332	0.010774146614984
PA14_RS14640	57.7870905784877	-1.06623916514744	0.346558044759551	-3.07665391489387	0.00209338196443721	0.0108158068162589
PA14_RS24805	70.221518817464	0.885425384931068	0.287761287833808	3.07694405872422	0.00209134545060305	0.0108158068162589
PA14_RS28560	94.4106585526265	-0.792161557102982	0.257451512229955	-3.07693495463109	0.00209140932442913	0.0108158068162589
PA14_RS11065	1614.46088738797	-0.519695319484048	0.168945731052917	-3.07610802738348	0.0020972184692314	0.0108240645861292
PA14_RS00385	45.8220545725987	1.05966897787617	0.344575496128496	3.07528825985063	0.0021029919211386	0.0108422909708169
PA14_RS06410	1561.44373619454	-0.440886583676775	0.143771975034156	-3.0665683181443	0.00216531319929258	0.0111472931958665
PA14_RS16985	365.066884088636	-0.473048905508834	0.154279045361815	-3.06619025545199	0.00216805311667264	0.0111472931958665
PA14_RS24160	83.9098967047261	-0.867520249656466	0.282943877664581	-3.06605061334771	0.00216906594237187	0.0111472931958665
PA14_RS13215	56.2788829396856	1.00964832898022	0.329931088817705	3.06017942291603	0.00221204429542626	0.0113561000134622
PA14_RS18885	25.240388469721	-1.60754556431804	0.525783901057778	-3.05742637057537	0.00223246479388826	0.0114487802155287
PA14_RS22120	581.062441088092	-0.432365250175396	0.141503851169033	-3.05550164609241	0.00224684369495778	0.011510313674593
PA14_RS22780	99.5949706109652	-0.966157865234123	0.316857638402046	-3.04918596915189	0.0022946238952788	0.0117426467275855
PA14_RS00585	61.2362157620313	0.956806447682523	0.313954758789219	3.0475933901193	0.00230681833050264	0.011792572353394
PA14_RS00330	30.5542662877849	1.47600475486457	0.4844963342727	3.0464724920577	0.0023154366463884	0.0118241305405853
PA14_RS00180	38.6908824294266	1.33189168173311	0.437537567010978	3.04406245806932	0.00233406676929394	0.0119066950382969
PA14_RS00310	85.3336975288971	0.815751874797465	0.268127276572791	3.04240540248059	0.00234695572477019	0.0119286310571834
PA14_RS10280	52.5017629734059	-1.11544759046796	0.366605371320467	-3.04263842739198	0.00234513927444062	0.0119286310571834
PA14_RS15305	76.0086764681048	-0.957981575500344	0.314893326633438	-3.04224159254894	0.00234823340910641	0.0119286310571834
PA14_RS21295	130.344334529008	-0.800253112434886	0.262982759166064	-3.04298698124752	0.0023424246683245	0.0119286310571834
PA14_RS01230	30.1386708031893	1.3827588600525	0.454588243311594	3.04178315298995	0.00235181253118621	0.011934276391203
PA14_RS25390	390.156838313799	0.561873943313727	0.184742640745483	3.04138741898689	0.00235490611568743	0.0119374486115979
PA14_RS26740	182.756006391474	0.65332210045884	0.214913177614844	3.03993504590812	0.00236629175794459	0.0119826041271414
PA14_RS04735	661.362538577544	0.457158035445848	0.150446713103487	3.038670809188	0.00237624354251576	0.0120204118949856
PA14_RS07330	15.0076650420508	-1.95315520197175	0.643401972210016	-3.0356686586814	0.00240002951191831	0.0121280488188474
PA14_RS09400	172.195331477022	0.620778651685439	0.204726014515382	3.03224117928988	0.00242745168265063	0.0122538166360109
PA14_RS02650	34.4496815393861	1.35860784702089	0.448221430128895	3.03110863447604	0.0024365756537958	0.0122870488652309
PA14_RS21055	64.0173427251405	-1.02397300078275	0.338038537307588	-3.02916054760648	0.00245234322221226	0.0123536789818942
PA14_RS22105	369.959459641	-0.484735514620535	0.160083671692915	-3.02801347254449	0.00246167112318666	0.0123877643618425
PA14_RS29230	680.566086508425	0.416240377167437	0.137568002457677	3.02570633963734	0.00248053088935593	0.0124696958221676
PA14_RS30680	151.388448016574	-0.766293802349939	0.253691225918333	-3.02057668559897	0.00252293811507335	0.0126565650669032
PA14_RS21600	258.292713993026	0.531432006461095	0.175936089950453	3.02059689180745	0.00252276977577765	0.0126565650669032
PA14_RS17735	92.5452108694732	-0.797147999551261	0.264488647489232	-3.01392141824808	0.00257894594971766	0.0129107480464127
PA14_RS22850	282.746959357688	-0.515036409081886	0.170873972554255	-3.01413024688914	0.00257717139980792	0.0129107480464127
PA14_RS00060	42.9028057583685	1.14730886253042	0.380826007018033	3.01268516694579	0.0025894740692856	0.0129500481893125
PA14_RS27640	88.0355807185352	-0.778077701612572	0.258302943987293	-3.01226803536103	0.00259303528789628	0.0129544614176306
PA14_RS07020	223.568796836417	-0.711024122110406	0.236101097978334	-3.01152399628253	0.00259939856547256	0.0129728498066308
PA14_RS20820	973.522630637728	-0.509646449857866	0.169340797072238	-3.00959047476586	0.00261600152075469	0.0130422508807935
PA14_RS08310	63.7659600767709	-0.937674182486599	0.311732811588571	-3.00794189007012	0.00263023426193841	0.0130905303199241
PA14_RS13465	25.5781715691061	-1.5330825318157	0.509695171981459	-3.00784197318524	0.00263109914618822	0.0130905303199241
PA14_RS21060	223.952170976053	-0.604217118370579	0.201028379041784	-3.00563095245867	0.00265030447459684	0.0131725307699387
PA14_RS27205	307.610148538615	-0.579522987030176	0.192901173495019	-3.00424811591486	0.00266238108575843	0.0132189681013632
PA14_RS03600	220.331846276509	-0.691586657540148	0.230277549762787	-3.00327434546947	0.0026709153896388	0.0132477403326085
PA14_RS03725	294.110814893032	0.525964365039249	0.175250383277616	3.00121663189783	0.00268903186567856	0.0133239324819893
PA14_RS27940	15.8388773999626	-1.86248999466465	0.621107069556616	-2.99866172187382	0.002711681995351	0.0134224095491479
PA14_RS02665	127.681969558877	-0.722454033772528	0.241091133322043	-2.99660142543482	0.00273007403030499	0.0134887528462545
PA14_RS19370	17.6663628488222	-1.83899282229337	0.613706316662959	-2.99653559424471	0.00273066357247378	0.0134887528462545
PA14_RS03035	131.304408242778	0.74393702406894	0.248605549360112	2.99243933204132	0.00276757668397136	0.0136461414386149
PA14_RS28005	353.101525502274	0.578471290761371	0.193315169302353	2.99237402242664	0.0027681688898431	0.0136461414386149
PA14_RS15775	94.6182980428441	-0.825060722065684	0.275814069033917	-2.9913656143633	0.0027773275021342	0.0136773480655
PA14_RS09280	292.282289761956	0.539086538316883	0.180234929999914	2.99102143140146	0.00278045978698557	0.01367884387575
PA14_RS28470	257.064265584501	0.65649760104478	0.219742011232198	2.98758347283473	0.00281192495368309	0.0138195823943206
PA14_RS04655	174.271692038042	0.591548385328764	0.198070599658993	2.98655321055825	0.00282141733058332	0.0138521565590872
PA14_RS04115	61.6751579097134	0.9724300318681	0.325852215182249	2.98426705899243	0.00284258550142316	0.0139419305120511
PA14_RS25415	87.2463805506142	-0.863004018681558	0.289361028311898	-2.98244730368921	0.00285953870849955	0.0140108705109461
PA14_RS05170	97.5041908303274	0.786234140882921	0.263670451811423	2.9818818736854	0.00286482513472522	0.0140225651331287
PA14_RS07210	174.24576657931	-0.638682086772526	0.214530827788054	-2.97711099778869	0.00290978642061971	0.0142277083192474
PA14_RS25220	456.411072087093	0.447876003817655	0.150454888998317	2.97681256354962	0.0029126201894241	0.0142277083192474
PA14_RS08405	59.1716196037766	-1.06964266614314	0.35938672041039	-2.97629991704115	0.00291749388136169	0.0142371346218619
PA14_RS01790	272.407369704506	0.585595617341123	0.196773968619282	2.97598112926275	0.00292052832497358	0.0142375755842462
PA14_RS09760	417.251997946612	-0.66730536973802	0.224355447759715	-2.97432211431168	0.00293636653321168	0.0143003711526804
PA14_RS17745	789.356247440902	-0.414298256407277	0.139349108152992	-2.97309585901632	0.00294812362834247	0.0143287697152404
PA14_RS19390	31.2516285641006	-1.38241242166729	0.464935244057538	-2.9733440072274	0.00294574097080989	0.0143287697152404
PA14_RS03650	1987.80756156818	-0.483649505629222	0.162788119575633	-2.97103687228547	0.00296796144508651	0.0143674289774158
PA14_RS14765	122.755998365924	-0.782700811941966	0.263422136508637	-2.97127956790489	0.00296561681851338	0.0143674289774158
PA14_RS28675	91.5228220221728	0.792031237809457	0.266535463765273	2.97157919107893	0.0029627245591117	0.0143674289774158
PA14_RS28700	1346.56000176244	0.380753572060369	0.128128816691578	2.97164667474368	0.00296207349522009	0.0143674289774158
PA14_RS31485	12.2069942442494	-2.27486557072696	0.766822778685381	-2.96661188733455	0.00301100782253486	0.0145612338297786
PA14_RS26035	71.0084332859943	0.929764321947765	0.313895231727143	2.96202117130589	0.00305626768180166	0.014757498707536
PA14_RS29675	366.910836053646	0.48701037242828	0.164426243055765	2.9618773948579	0.00305769514163586	0.014757498707536
PA14_RS25710	190.010497517109	-0.662262865066849	0.22369952464526	-2.96050188804405	0.00307138239170402	0.014808778909552
PA14_RS02875	128.786650800846	0.680870519532385	0.230116562969187	2.95880709648681	0.00308832357021295	0.0148651519783631
PA14_RS12910	25.8981887386865	-1.35074729461008	0.456531357479881	-2.95871745166948	0.00308922203024296	0.0148651519783631
PA14_RS26735	210.933048102637	0.680357019758913	0.230069224105662	2.95718396236452	0.00310462829491156	0.0149244358192766
PA14_RS30650	95.8350870689411	-1.0750884833681	0.3636931079879	-2.95603204942742	0.00311624707646332	0.0149654129709798
PA14_RS03380	151.072718493427	0.661638611389571	0.223883563864216	2.95527996771952	0.00312385433286396	0.0149870630493354
PA14_RS20520	50.3141634498364	-1.09479755182003	0.370705655777414	-2.95327987247487	0.00314416761761071	0.0150695684824236
PA14_RS28275	550.937450971477	0.433447819255272	0.14679384236976	2.95276567639299	0.00314940929549605	0.0150724800168709
PA14_RS28690	273.276954602359	0.56832462602472	0.192482186333785	2.95260894968838	0.00315100853950713	0.0150724800168709
PA14_RS07335	39.4391967379707	-1.1074956785995	0.375238552807861	-2.95144427541429	0.00316291612051317	0.0151144884968396
PA14_RS22430	54.768142395744	-0.980645461247791	0.332353942347596	-2.95060577383545	0.00317151430426574	0.0151406151781136
PA14_RS31475	2830.66059509807	0.406628801857769	0.137837246000578	2.95006475866519	0.00317707329722417	0.015152195725223
PA14_RS03515	942.76348571778	-0.45593515768894	0.154629534497326	-2.94856451046759	0.00319253500963461	0.0152109352774315
PA14_RS09770	703.805565144726	-1.5245316004178	0.517339505117664	-2.94686871065658	0.00321009464343866	0.0152795449760525
PA14_RS04355	52.8427287837662	1.04455289717856	0.354686313488822	2.94500480411541	0.00322949648378423	0.0153167530506309
PA14_RS05230	65.4179709768813	-0.996799407859224	0.338518023856563	-2.94459773959211	0.00323374790419647	0.0153167530506309
PA14_RS14545	236.10151572913	-0.689639487876691	0.234202874741141	-2.94462435031565	0.00323346982356901	0.0153167530506309
PA14_RS23145	163.376577033155	0.648580482100989	0.220231043974649	2.94500026152375	0.00322954389892806	0.0153167530506309
PA14_RS25680	2107.36599468047	-0.432319888438348	0.146788899869456	-2.94518106493626	0.00322765717968065	0.0153167530506309
PA14_RS05920	519.337983913999	-0.432655342733767	0.147000462973456	-2.94322435441507	0.00324812932320572	0.0153547931642452
PA14_RS20245	100.02275901663	0.788432916359513	0.267879354434105	2.94323882489965	0.00324797749208422	0.0153547931642452
PA14_RS08420	54.9191037208565	-0.983955441308974	0.33439909961166	-2.94245840509633	0.00325617525941651	0.0153777964399788
PA14_RS02510	19.025059122422	-1.69386791894754	0.576092773134203	-2.94026934191891	0.00327927054282811	0.0154717583854797
PA14_RS03145	80.6765521496259	0.787025701144422	0.268034685614369	2.9362830386689	0.00332171090268771	0.0156567192255339
PA14_RS02470	114.643730544034	0.697189713113215	0.238020035118202	2.92912196558154	0.00339921013464605	0.016006407216308
PA14_RS19655	25.4610982293038	1.45721595772259	0.497774328297783	2.92746305882381	0.00341739655319864	0.0160763907891718
PA14_RS03655	2692.4068002996	-0.343211190242918	0.117586262766502	-2.91880345686685	0.00351377689295223	0.0165137269721253
PA14_RS26560	22.8949661840788	1.46638706141189	0.502840071133388	2.91620963720471	0.00354312345398466	0.0166354806053105
PA14_RS02845	101.62659425028	0.781344317188861	0.268089181349986	2.9144940249149	0.00356265628582349	0.0167109658566851
PA14_RS20475	90.9974204196117	-0.770847759310799	0.264831124428433	-2.91071436929654	0.00360603503519657	0.016884336563048
PA14_RS27545	101.304606139553	0.840317810456584	0.288702994308348	2.91066537937978	0.0036066004279629	0.016884336563048
PA14_RS18700	73.1966271267214	-0.89081492503738	0.306098079807523	-2.91022709321644	0.00361166227831134	0.0168916816033981
PA14_RS19215	25.6751099424969	1.55193978794296	0.533368151856303	2.909697143599	0.00361779139663612	0.0169039992213839
PA14_RS29435	204.097332949207	0.566129981667492	0.194646936562148	2.908496746296	0.00363170955639151	0.0169526519447002
PA14_RS23935	109.793497222385	0.71264494549027	0.245063686364342	2.90799896166895	0.00363749545360638	0.0169632864162396
PA14_RS02640	190.52512995389	0.620414908413936	0.213375574599706	2.90761915733719	0.00364191566770079	0.0169675377350684
PA14_RS27345	181.502782024442	-0.579091317829831	0.199335411687366	-2.90511010024685	0.00367123934308487	0.0170876934197867
PA14_RS09305	620.619414288804	-0.511435869351778	0.176281783018924	-2.90124061938309	0.00371688348761797	0.0172835082174236
PA14_RS09995	215.938774355399	0.554747812241655	0.19124339615844	2.90074231782656	0.00372279876506843	0.0172943850411824
PA14_RS00465	34.5392931912504	1.18937743508665	0.410232671829228	2.89927525709548	0.00374026378472299	0.0173588442062576
PA14_RS17755	272.523076836038	-0.524896839412723	0.181122986293541	-2.89801338943273	0.00375534557171794	0.0174111847458281
PA14_RS24385	311.826594839953	-0.567083319943835	0.195699168276997	-2.89772984186204	0.00375874211634503	0.0174111847458281
PA14_RS26350	104.926472049123	0.710287180206937	0.245223247824259	2.89649201904368	0.00377360240659533	0.017463293051
PA14_RS17535	221.726182799941	0.541253684563838	0.186912119026285	2.89576560034464	0.00378234803826224	0.0174870316568224
PA14_RS03480	165.420834450071	-0.588125521997902	0.203688346716634	-2.88737932963876	0.00388465582289196	0.0179428801905497
PA14_RS02125	197.047042077952	0.586401572380395	0.203162987988287	2.88636024793159	0.00389725784882917	0.0179839112184522
PA14_RS01685	542.622441209592	0.475609011146361	0.164889405394549	2.88441219136135	0.00392145102244428	0.0180783004237755
PA14_RS25825	92.1681487726636	-0.960476683687208	0.333231800352787	-2.8823079990276	0.0039477364384376	0.0181821461107469
PA14_RS03835	36.0645605422275	-1.21544189386585	0.421895718141714	-2.88090597178706	0.00396533917424483	0.0182419231080332
PA14_RS25725	459.691850898319	-0.480679529944885	0.166863568666093	-2.88067391694566	0.00396825953466727	0.0182419231080332
PA14_RS24140	133.579580006699	-0.7034973877027	0.244269981094264	-2.87999935379378	0.00397675986068792	0.0182636378787149
PA14_RS28320	124.961412710078	0.689853987414913	0.239576960953061	2.87946714354588	0.00398347802907388	0.018277134486339
PA14_RS20320	49.389924571083	1.00205703576031	0.348201053147638	2.87781161688628	0.00400444192254302	0.0183559062913915
PA14_RS27250	383.715921691479	0.667002953348113	0.23181117210432	2.87735464729002	0.00401024613087751	0.0183651044402686
PA14_RS13360	132.000952999063	0.724098261348591	0.251796320204918	2.87573011694254	0.00403094202740583	0.0184424178283203
PA14_RS23780	536.022822925421	-0.536126870158375	0.186510423485548	-2.87451425040551	0.00404649509061533	0.0184960777487862
PA14_RS18970	137.119139938828	0.65309964279781	0.227358653528415	2.87255238655865	0.00407170565649604	0.0185937380121009
PA14_RS17425	79.754652037891	-0.813063012476002	0.283331365079299	-2.86965409653267	0.00410921051431994	0.0187473038181615
PA14_RS31160	254.546915763761	-0.754429290521112	0.26295511713812	-2.86904205832525	0.00411717047672213	0.0187659155753329
PA14_RS28180	470.359366781737	-0.431536205270328	0.150836656506909	-2.86095048288584	0.00422373015915118	0.0192334830976037
PA14_RS20525	215.205844352463	0.574324376135058	0.200780284205484	2.86046201402564	0.00423024227437431	0.0192450156527509
PA14_RS13370	1039.40673734614	-0.3559033702298	0.124460530464916	-2.85956816108964	0.00424218242826277	0.0192811975780815
PA14_RS09540	644.653861306368	0.406656709097862	0.142600104292946	2.85172799216513	0.00434822913880929	0.0197446348500298
PA14_RS02095	255.598686134774	0.520745190714571	0.18265254278606	2.85101528164607	0.00435798749561552	0.0197703822971826
PA14_RS06865	384.192645685489	-0.448443032154435	0.157335703998234	-2.85023056279373	0.00436875474229859	0.0198004575795506
PA14_RS08990	71.9660141547366	-0.870095978142647	0.305303714253549	-2.84993577713257	0.00437280576818859	0.0198004575795506
PA14_RS18710	42.3355365688686	-1.02415016015017	0.3596799696789	-2.84739281162771	0.0044078935380926	0.0199406671190045
PA14_RS07665	1141.20246002211	-0.374046609517501	0.13138169009451	-2.8470223609426	0.00441302624663364	0.019945228905346
PA14_RS18660	285.234451483644	0.657053796859791	0.230944959857327	2.84506662221901	0.0044402135049592	0.0200306646548346
PA14_RS23005	108.211795822838	0.758005907318171	0.266415046292942	2.84520682245811	0.00443825950438249	0.0200306646548346
PA14_RS04955	1566.13338257712	0.340528885363907	0.119760610765093	2.84341306535121	0.00446331837073021	0.0200974000380366
PA14_RS22320	156.841363719757	-0.616332358214167	0.216757559164084	-2.84341805928719	0.00446324842761532	0.0200974000380366
PA14_RS26220	454.311397260043	0.408028423051187	0.143541498022185	2.84258161349357	0.00447497721800058	0.0201311533267449
PA14_RS31505	202.822000854193	0.594952845331093	0.209339075513536	2.84205346694876	0.00448239735872145	0.0201457933334358
PA14_RS02620	129.1455405688	-0.758445166880825	0.267200847743745	-2.83848338538282	0.00453284791414922	0.0203536235030878
PA14_RS19125	11.3471428064124	2.32135744109186	0.817981320519457	2.83791008774831	0.0045409972252816	0.0203713010959757
PA14_RS27780	12.1900834024705	-2.13436261190766	0.752772408337683	-2.83533587079909	0.00457775303494043	0.0205171581806969
PA14_RS08580	156.432770262111	0.574177065715374	0.202532066004204	2.83499337681893	0.00458266357310234	0.0205201491106694
PA14_RS19100	43.5086599178795	-1.13312880323793	0.400053495377425	-2.83244320154956	0.0046193772094973	0.0206654099769925
PA14_RS20845	251.998616224936	0.679683433153578	0.240038659785326	2.83155819050748	0.00463218040805674	0.0207035346149375
PA14_RS02660	488.136709702451	-0.539623576510462	0.190806615837409	-2.82811774708216	0.00468225813231339	0.0209080335437373
PA14_RS24690	1546.16594091967	-0.534228729730624	0.189006972395967	-2.82650276314369	0.00470593380515149	0.0209943688945688
PA14_RS16340	57.2243694248232	-0.942833713200685	0.333628177438503	-2.82600144999586	0.00471330506907308	0.0210078740221543
PA14_RS04985	712.906070601934	0.460877651131506	0.163244354981314	2.82323790727257	0.00475412789706511	0.0211703153869308
PA14_RS05060	283.422360242569	0.481008129131362	0.170397599286605	2.8228574295951	0.00475977327490845	0.0211759554346433
PA14_RS08900	823.866231818318	0.372480596914838	0.132056507639084	2.82061523187364	0.00479316552818307	0.0212850366603687
PA14_RS19120	246.916741667992	-0.638103141989701	0.226251594835702	-2.8203254984924	0.00479749585603844	0.0212850366603687
PA14_RS25170	121.189928431838	0.710120106358287	0.251749646646715	2.82073923763958	0.0047913132308238	0.0212850366603687
PA14_RS06065	133.247656936492	0.67191161442772	0.238374410370295	2.81872376059142	0.00482149922823903	0.0213719250850266
PA14_RS22145	419.633643578128	0.470991589430571	0.167175772771032	2.8173435757085	0.00484226954862499	0.0214337697212398
PA14_RS28330	161.38557728467	-0.691265190406315	0.245372444534616	-2.81720790497644	0.00484431561317517	0.0214337697212398
PA14_RS12915	33.883678703507	-1.1409504025974	0.405127288242911	-2.81627635488551	0.00485838555516135	0.02147637344128
PA14_RS11890	33.2458058460212	-1.34188072369568	0.476584819936932	-2.81561784505277	0.00486835384651739	0.0215007846591398
PA14_RS03975	33.401703877118	-1.26325969439819	0.448974556384957	-2.81365542085429	0.00489817016650676	0.0216127289463747
PA14_RS07375	90.4919574027253	-0.746127206445464	0.265402906570573	-2.81130005728503	0.00493417470877639	0.0217319388812774
PA14_RS26980	265.489710233681	0.526286621114287	0.187190391789854	2.81150445854675	0.0049310407331631	0.0217319388812774
PA14_RS29650	225.320235480043	0.513032124629005	0.18259865833222	2.80961606900525	0.0049600630425861	0.0218260826878493
PA14_RS12560	36.8425157748143	1.11242586174906	0.396051106988218	2.80879371909483	0.00497274980042224	0.0218620163953109
PA14_RS25650	3019.41087709575	-0.317026218311339	0.112917437756397	-2.80759309288684	0.00499132509590222	0.0219064238921576
PA14_RS29185	136.049334589379	0.62837079255961	0.223814215804289	2.80755532128075	0.00499191048990025	0.0219064238921576
PA14_RS21640	385.874929866892	-0.478905002225537	0.170621467384157	-2.80682735629787	0.00500320481210386	0.0219360820229685
PA14_RS03070	791.500897389424	0.384745212054047	0.137183900257003	2.80459449930538	0.00503799169462738	0.0220685940536395
PA14_RS01655	237.700240717558	0.506344052460322	0.180615921842357	2.80342977128153	0.0050562242707438	0.0221284168084317
PA14_RS25665	580.611788864713	-0.64411551251273	0.229794727982505	-2.80300387292509	0.00506290613575065	0.022137625743662
PA14_RS00690	19.669940702745	1.61306356440229	0.576128285672926	2.79983400314777	0.00511288915173968	0.0223359818769766
PA14_RS19765	51.4419894879096	-1.02573765671234	0.366788045351865	-2.79654058988847	0.00516529223506275	0.0225445426432883
PA14_RS27125	127.313531506791	0.633171409398458	0.22647431924245	2.79577574851047	0.00517753122831745	0.0225775843283527
PA14_RS04190	15.4109796820785	-1.75642524988597	0.629068741910782	-2.79210383995694	0.00523665479070627	0.0228148311422122
PA14_RS29595	99.247821418067	-0.745961864898629	0.267896008269592	-2.78452026858102	0.00536069705525972	0.023334231286441
PA14_RS25690	324.984246628264	-0.449472972604842	0.161480392371616	-2.78345231890735	0.00537837671873202	0.0233691193277521
PA14_RS26750	332.464674079498	0.485075218523841	0.174261993817539	2.78359731744914	0.00537597321603054	0.0233691193277521
PA14_RS17150	21.1538177046222	-1.47693071332277	0.530716385990431	-2.78290015592132	0.00538753828373596	0.0233879130521967
PA14_RS26730	173.75834323653	0.561738494820658	0.201909475373451	2.78213042642832	0.00540033325580076	0.0234224319507197
PA14_RS00760	37.9528341544295	1.07210427292929	0.385452552950359	2.78141697265491	0.00541221726793749	0.0234319451277938
PA14_RS04590	411.825371180683	0.551828125354762	0.198386383616155	2.78158266356858	0.00540945524841584	0.0234319451277938
PA14_RS27090	408.506515791391	0.468990121187556	0.168685649342039	2.78026093515873	0.00543152353696686	0.0234944971599032
PA14_RS10845	49.2155478193252	-1.22225923472911	0.439998631959658	-2.77787053401834	0.00547164147398442	0.023646879506871
PA14_RS19070	56.5635264381332	-0.884895598811944	0.31870444912604	-2.77653983569583	0.00549409020216042	0.0237226966228998
PA14_RS27045	306.859462109793	0.498903727814041	0.179825783720275	2.77437260382028	0.00553082914642752	0.0238600265406989
PA14_RS15955	32.0275626741617	-1.21318398945042	0.437448837502036	-2.77331629540512	0.0055488159422752	0.0239162868955819
PA14_RS13295	14.0987525102377	-1.90063900009421	0.685910344026786	-2.77097293639879	0.00558890718573852	0.0240676359307493
PA14_RS01795	599.570304831547	0.413222368911371	0.149264463919791	2.76839080153346	0.00563338602153471	0.0242375932385604
PA14_RS17840	123.266787434432	-0.692157071203928	0.250096173387334	-2.76756362094335	0.0056477020954385	0.0242775887409249
PA14_RS23925	26.1026017929658	1.31536525872045	0.475548577753111	2.76599556860275	0.00567493059620386	0.024372970127213
PA14_RS16770	248.391840478582	0.51558071559265	0.186561725835201	2.76359319300084	0.0057168764512884	0.0245313349764248
PA14_RS04605	85.6415289436273	0.735213565788053	0.266199020922769	2.7618943271822	0.00574670747884152	0.0246219106954409
PA14_RS06280	51.1332520238622	0.90128952451534	0.326339997914278	2.76181139387054	0.00574816732323258	0.0246219106954409
PA14_RS25500	165.388031662719	-0.589219359389508	0.213370788200884	-2.76148091478563	0.00575398794629129	0.0246250316002342
PA14_RS25085	926.074677219198	-0.361545389733835	0.131014279414897	-2.75958766745485	0.00578743566713472	0.0247462766456795
PA14_RS18260	100.471433883134	-0.738430310212171	0.267896297878421	-2.75640356384205	0.00584408428664248	0.0249664236839249
PA14_RS10180	69.5435482079753	-0.799080483091358	0.290075418722868	-2.75473353312568	0.00587399532832051	0.0250499483313562
PA14_RS27155	324.116695350321	0.54053061799645	0.19621543652903	2.75478131363267	0.00587313764284902	0.0250499483313562
PA14_RS01880	143.829712641305	0.626707699706798	0.227616845867857	2.75334497900315	0.00589896997929656	0.0251342897091437
PA14_RS16895	129.13782492949	-0.620535210962308	0.225422438514002	-2.7527659404845	0.00590941286088484	0.0251566202422879
PA14_RS24575	912.972279969732	0.421858438486263	0.153397307046358	2.75010328805037	0.00595764822419207	0.0253396541883842
PA14_RS17385	162.737242903642	0.602717517761734	0.219207534758533	2.74952920037924	0.0059680945066641	0.0253617794676868
PA14_RS00115	58.2163408186111	0.993902769895955	0.362130781008661	2.74459621225124	0.00605853921652695	0.0257235255936122
PA14_RS24930	22.8253133515354	-1.52777972712014	0.556867676042101	-2.74352380798744	0.00607836403622863	0.0257850600694751
PA14_RS21250	282.035817460283	0.515107967580901	0.18784681895551	2.74217029835836	0.00610346886954423	0.0258688654277966
PA14_RS25305	87.1429230554648	-0.731276911066846	0.266839851850739	-2.74050860842141	0.0061344175014677	0.0259772706104184
PA14_RS09410	105.853680578441	0.705496746434488	0.257491774179042	2.73988071535029	0.00614614862270002	0.0260041773747833
PA14_RS02535	370.183360949801	-0.48347774531722	0.176545064301431	-2.73855146973543	0.00617105001154261	0.0260411848654625
PA14_RS06935	340.784430800482	-0.460183020079576	0.16802049396627	-2.73885053672058	0.00616543954062849	0.0260411848654625
PA14_RS08965	12.314607255459	-1.97430833264068	0.720922494338252	-2.73858611452114	0.00617039984298959	0.0260411848654625
PA14_RS00845	189.093927517094	-0.594986603529914	0.21729433944093	-2.73815970107983	0.00617840651344059	0.0260494977323441
PA14_RS12325	468.718280162086	-0.586344712278497	0.214182869292718	-2.73758921156834	0.00618913309855925	0.0260513079429504
PA14_RS19150	43.8160915955025	-1.15636006275185	0.422404777777708	-2.73756388087161	0.00618960976560174	0.0260513079429504
PA14_RS28505	459.448807232714	0.482538232789354	0.176321918695642	2.73668887203006	0.00620609578059037	0.0260979819086392
PA14_RS11570	259.572625887858	0.513483141344605	0.187937014078025	2.73220868099684	0.0062911279777291	0.0264325759342293
PA14_RS15960	33.2469125048208	-1.11816888145352	0.409321012668425	-2.73176515948695	0.00629960262247961	0.0264452068422842
PA14_RS30070	120.026583052024	-0.817225807492247	0.29920504022065	-2.73132366650502	0.00630804871054815	0.0264576960660979
PA14_RS02105	222.901193109656	-0.528832682868047	0.193720587179411	-2.72987342526624	0.00633586467722939	0.0265513358570896
PA14_RS23585	89.1331424280979	-0.806049948540413	0.295362977621704	-2.72901483805051	0.00635238455679016	0.0265975166377811
PA14_RS10150	94.9635741575396	0.689445839052805	0.252818463107618	2.72703911960467	0.00639054622179232	0.0267341535714426
PA14_RS02255	940.746512401204	-0.377477457092628	0.138457791472897	-2.72629985699663	0.00640487827853256	0.0267709519057766
PA14_RS10240	496.413485679442	-0.468833004740215	0.172035267642596	-2.72521449331086	0.00642597258731333	0.0268359269708526
PA14_RS19540	71.6101467574519	-0.940334442686207	0.345231167036729	-2.72378201179665	0.00645390890010643	0.0269293386030325
PA14_RS03520	3631.32493524105	-0.329074413902411	0.120829183170306	-2.72346800059541	0.00646004734075912	0.0269317146033716
PA14_RS11560	83.7497449606286	0.748745765924481	0.275147150159254	2.72125575529716	0.00650344242239403	0.0270892743795844
PA14_RS03420	120.740851758607	0.639504004946659	0.235060029361206	2.72059867721689	0.00651638198076522	0.0271198134758869
PA14_RS10730	109.407880318085	0.67297719696426	0.247534686806522	2.71871876077826	0.00655353037040315	0.0272275540131183
PA14_RS21970	137.288347261298	-0.648373473547808	0.238475007134104	-2.71883197044293	0.00655128789477766	0.0272275540131183
PA14_RS22685	165.531265796955	0.655074800541887	0.241474802775969	2.71280809844843	0.00667157297301254	0.0276941861781018
PA14_RS09740	36.76131342509	-1.17571954175354	0.433876795857571	-2.70980046174097	0.00673236967196087	0.027922589822987
PA14_RS24570	248.931512677566	0.487958292369027	0.180121084672178	2.70905703936391	0.0067474738451321	0.0279612540831695
PA14_RS05460	32.732588022397	-1.11105204547437	0.410528991431466	-2.70639118957289	0.00680188688012198	0.0281626069796831
PA14_RS21345	18.7857699586119	-1.44119395203819	0.532602940761559	-2.70594441325738	0.00681104457660942	0.0281763999764612
PA14_RS12015	11.7952037077305	-1.90003958775079	0.702437333539933	-2.70492397973145	0.00683200224614828	0.0282161197134752
PA14_RS23105	310.132511379993	0.529296349342195	0.195679926912467	2.70490876449971	0.00683231517462355	0.0282161197134752
PA14_RS10905	55.0162474274312	0.863657147757002	0.319510874553552	2.70306026035508	0.00687042893740477	0.0283493125778921
PA14_RS08385	222.894546672521	-0.530317996902135	0.196243919221114	-2.70234104071582	0.00688530986208427	0.0283864948789766
PA14_RS12190	24.4151311094443	-1.33112662992871	0.49267126013125	-2.70185565436492	0.00689536904703862	0.0284037518837128
PA14_RS18695	49.8918126197013	-0.952598645380474	0.352750792605952	-2.70048619407241	0.00692382106114245	0.0284966797035616
PA14_RS23460	1420.77661926308	-0.430603040246891	0.159619680870592	-2.697681375494	0.00698242361089895	0.028713435869309
PA14_RS09610	31.8614694975561	1.16229575092308	0.431043840836859	2.69646759983049	0.00700792147785454	0.0287938048147023
PA14_RS26570	132.723938290055	0.730295721878495	0.271003584867102	2.69478251454358	0.00704345880529159	0.0289152519375129
PA14_RS07030	34.2303898266146	1.10213388710837	0.409336307738284	2.69248993131837	0.00709206769710598	0.0290162769739463
PA14_RS23425	90.5685665160171	0.683320068724404	0.253785030516192	2.69251526512241	0.00709152891111818	0.0290162769739463
PA14_RS24950	129.89316402166	-0.604975947124346	0.22463394391163	-2.69316353793058	0.00707775428319524	0.0290162769739463
PA14_RS29840	1529.3950645905	0.334190478633621	0.124106964025808	2.69276169356723	0.00708628991793337	0.0290162769739463
PA14_RS05065	432.425228887183	0.39512081669653	0.146863935717435	2.69038695419916	0.00713692106364656	0.0291751058865552
PA14_RS01680	208.862094761975	0.50214691564563	0.186687445494194	2.68977334987021	0.00715005623459832	0.0292041148230722
PA14_RS00720	140.425995145755	0.653682728261528	0.243120835725365	2.68871537197225	0.00717275489803792	0.0292721035332585
PA14_RS18395	107.991138135426	-0.694239741844309	0.258245278892046	-2.68829596739509	0.00718177101146253	0.0292841860130125
PA14_RS23325	327.774312160449	-0.4291788657848	0.1596779577778	-2.68777777319788	0.00719292489435846	0.0293049576993408
PA14_RS21265	31.0443703545235	1.11101821212838	0.413585190228499	2.68631043465207	0.00722459305319317	0.0294092020246146
PA14_RS16875	371.426755594153	-0.443682271983097	0.165415675993282	-2.68222627220116	0.00731339749058875	0.0297456604411162
PA14_RS27220	233.891032249544	-0.498501994351346	0.186270979781149	-2.67621931734637	0.00744579035707374	0.0302586908964778
PA14_RS05810	71.6965878191827	0.835221344321232	0.312538603250806	2.67237818187529	0.00753157146763935	0.0305559392764294
PA14_RS12515	31.5725049057399	-1.21805316326071	0.455770037910412	-2.67251697554576	0.00752845653020398	0.0305559392764294
PA14_RS18720	15.2922767660899	-1.73206734950788	0.649184439640397	-2.66806664446136	0.00762891237789006	0.0309249122040875
PA14_RS30840	310.655522739205	-0.568115278999047	0.212992243751962	-2.66730501069627	0.00764622439298808	0.0309691299535095
PA14_RS02425	156.638057530076	0.587609120029377	0.220341485721089	2.66681110053502	0.00765746983637477	0.0309887231202581
PA14_RS00725	176.764242301651	0.556341192034195	0.208784831295305	2.66466289041519	0.00770655335107504	0.0311612809413034
PA14_RS23955	463.761888207003	-0.482761961449076	0.181365826102366	-2.66181326341268	0.00777209826196223	0.0313738457386055
PA14_RS29425	29.8718985618828	1.21510722319661	0.456459088111413	2.66202876631088	0.00776712402854069	0.0313738457386055
PA14_RS25070	161.007699442311	0.683626693707163	0.256929671668069	2.66075416384898	0.00779658588449903	0.0314464464866033
PA14_RS26090	96.6331010506234	-0.687689014926003	0.258525589939253	-2.66004233889416	0.00781308293123078	0.031463126734318
PA14_RS27675	92.1617895020885	-0.690487549747659	0.25958039058618	-2.66001429533414	0.00781373350039617	0.031463126734318
PA14_RS28325	307.156149883673	0.486794982126429	0.183222811925709	2.65684702144954	0.0078875225930157	0.0317338263392878
PA14_RS22330	366.754895021436	-0.618768681738155	0.232925234602491	-2.65651200392324	0.00789536400177492	0.0317389695033944
PA14_RS05995	293.227213856168	0.530241986668682	0.199736386061128	2.65470902485642	0.0079376844965172	0.0318825932102634
PA14_RS15095	20.5797591341297	-1.55103617259512	0.584392286348744	-2.65410103594269	0.00795200127765764	0.031913591849587
PA14_RS06415	188.632551042788	-0.528368749935029	0.199396431639071	-2.64984054926035	0.00805297672030943	0.0322920360028328
PA14_RS13515	44.0334404641506	-1.05938822565796	0.399885022832052	-2.6492320671457	0.0080674913188009	0.0323234366344003
PA14_RS20025	47.0520495813656	-0.960996145144544	0.362875050004797	-2.64828387934591	0.00809015586939435	0.0323874120731714
PA14_RS17185	83.9247936521988	-0.712306665736283	0.269137659820334	-2.64662576843312	0.00812992675163096	0.0325197070065239
PA14_RS23800	51.1456823135359	-1.00187895065194	0.378685583466128	-2.64567491976245	0.00815281235353557	0.0325842979683455
PA14_RS11595	42.6984774996361	0.951694133459815	0.36004294027305	2.64327952865307	0.00821072188465576	0.0327886466013173
PA14_RS30850	76.1760042153326	-0.797097635210942	0.302012154041489	-2.6392899244096	0.00830798962885469	0.0331497011923608
PA14_RS21420	436.546752943539	-0.401550266324999	0.152211611543612	-2.63810534723854	0.00833706779422291	0.0332109224488155
PA14_RS27565	1073.46212517701	-0.348774116931001	0.132203484437577	-2.63816130425582	0.00833569215464129	0.0332109224488155
PA14_RS24705	85.1259941489082	-0.826519487332459	0.313654187345965	-2.63512977246115	0.00841051209206503	0.0334759147960712
PA14_RS20080	53.3396240203828	0.854830731491327	0.324668341187994	2.63293528516952	0.00846504748352815	0.033665271077584
PA14_RS03730	240.270317691597	0.470437483870303	0.178703531178938	2.63250245122045	0.00847584113936693	0.0336804993837128
PA14_RS10465	110.658574646256	-0.647832687719746	0.246290848488184	-2.63035631123268	0.00852954181822716	0.0338660625886261
PA14_RS03015	681.305341018796	-0.361126178119835	0.137546098441827	-2.62549197840438	0.00865238476239687	0.0343256215840453
PA14_RS28410	248.755033788437	0.50483983235845	0.192327220827749	2.6249005740617	0.00866742728362432	0.0343571133963993
PA14_RS09835	276.271203660507	-0.466182790524081	0.177690742081091	-2.62356262945502	0.0087015445354955	0.0344641026811271
PA14_RS07640	186.158451829446	0.505942270928025	0.193005037576332	2.62139412152871	0.00875709589572966	0.034655741204377
PA14_RS01740	47.7884313884331	1.11976781685956	0.427215449713392	2.62108455490265	0.00876505195790322	0.0346588644876696
PA14_RS09520	163.085424734575	0.575794108065465	0.21993509541074	2.61801831576784	0.00884420578476722	0.0349432836398156
PA14_RS03870	27.9795179760473	1.30247430512389	0.497664739184569	2.61717216947701	0.00886616086723193	0.0350014317991295
PA14_RS08275	100.826807125833	-0.683614357723536	0.261310437412157	-2.61610046844509	0.00889403832867869	0.0350828461317212
PA14_RS05090	139.173693436109	0.550184867441369	0.210365027270794	2.61538181787765	0.0089127759464859	0.0351281047083992
PA14_RS25655	2953.50681415087	-0.299681193039137	0.114638496479241	-2.61414099314712	0.00894521139649349	0.0352272331542692
PA14_RS29545	103.659209580527	0.757578710257854	0.29081270120479	2.60503996943506	0.00918635428121641	0.0361474445109541
PA14_RS00145	22.8063711232736	1.43341513986009	0.550979727791074	2.60157509897283	0.00927967451988748	0.0364553257336928
PA14_RS04310	136.65016991753	-0.578270935485564	0.22227284361413	-2.60162656887341	0.00927828210108517	0.0364553257336928
PA14_RS01330	250.631154697246	0.503052255999951	0.193545278074898	2.59914507346069	0.00934562675773862	0.0366846193185259
PA14_RS28465	126.124378575774	0.621756492507667	0.239242346445276	2.59885635526437	0.00935349045923476	0.0366857095384098
PA14_RS17020	129.323311222255	-0.567348739516889	0.21846605138761	-2.59696523058532	0.00940514438808211	0.0368584102599393
PA14_RS08685	73.3579983394323	0.781887298578428	0.301635905008292	2.59215592572421	0.00953765327409823	0.0373093971595079
PA14_RS11620	15.1980238563884	1.70101146823577	0.656247353142054	2.59202792985218	0.00954120252434749	0.0373093971595079
PA14_RS25805	262.764882548818	0.568303123266946	0.219256987593464	2.59194988266767	0.00954336730486171	0.0373093971595079
PA14_RS10195	162.787229062422	-0.571792372835007	0.220657175063175	-2.59131556755995	0.00956097743827635	0.0373480508008921
PA14_RS17895	1515.09881282659	-0.315470035548675	0.121769200837748	-2.59072108035779	0.00957750814959315	0.0373824289034968
PA14_RS29720	20.4924864505253	1.67557672122054	0.647197334432154	2.58897345844398	0.00962625137250614	0.0375423803527739
PA14_RS06815	162.65955819895	0.592021483371479	0.228979852344619	2.58547412494823	0.00972451715538302	0.0378950563766578
PA14_RS07270	41.0363680303706	1.04276184753079	0.403382767859564	2.5850431168984	0.00973668205093021	0.0379119117538635
PA14_RS08075	33.1003222582777	-1.17857542446895	0.456085423758629	-2.58411114031279	0.00976303280989245	0.0379839313504746
PA14_RS28030	47.3132456463184	0.996554685023236	0.386575969558704	2.57790127555226	0.00994023929204323	0.0386422807205153
PA14_RS15170	22.4836998622307	-1.3892060518532	0.539137477403029	-2.57671950120193	0.00997428543776277	0.0387123951661483
PA14_RS27215	1007.74296973402	0.357999980019347	0.138928757286268	2.57686016208778	0.00997022765112262	0.0387123951661483
PA14_RS00460	109.309880692451	0.665197192422689	0.258509001077844	2.57320708234209	0.0100760898838242	0.039076159324919
PA14_RS07670	156.282149385674	-0.584533540321056	0.227350649198286	-2.57106607076917	0.0101385982326919	0.0392870681516811
PA14_RS15485	97.7480583078718	-0.735527682122502	0.286308207543675	-2.56900662552715	0.0101990507457085	0.0394896792684118
PA14_RS02195	74.8225024728433	-0.711257340035029	0.277007890709882	-2.56764288631745	0.0102392580500825	0.0396136415441591
PA14_RS10435	119.62671630709	-0.670298740555336	0.261191024034129	-2.56631613982167	0.0102785100394528	0.0397337126704987
PA14_RS07095	108.996828629823	0.632165785304028	0.246415789414003	2.56544350022119	0.0103044001701251	0.039776733212816
PA14_RS28010	292.21762359129	0.431797797214318	0.168316849386846	2.56538664303244	0.0103060890644455	0.039776733212816
PA14_RS25125	24.8836981549064	-1.23478528779042	0.481979882186891	-2.56190213207203	0.0104100648644554	0.0401459917739284
PA14_RS00675	45.8387091477525	1.07218602651414	0.418622809196973	2.56122218607934	0.0104304625569121	0.040192603127671
PA14_RS23670	17.1461441974245	-1.57894671927733	0.616660644056698	-2.56047914601821	0.0104527936645924	0.0402465845238604
PA14_RS23760	446.703575030356	0.383162561380486	0.149738801544009	2.55887290020731	0.0105012127233979	0.0404008470408529
PA14_RS24505	40.8207953267527	-0.96574349425542	0.377453698313577	-2.55857473001393	0.0105102227617577	0.0404033682637999
PA14_RS21330	38.4417652061974	-1.05630076662064	0.413306989471969	-2.55572926064024	0.010596553064352	0.040702883732491
PA14_RS24910	69.9354002404407	0.844861582738725	0.331032820501586	2.55219884680492	0.0107045405879764	0.041052464935332
PA14_RS25405	1189.79263450482	0.325444341735965	0.127509760411117	2.55230925606531	0.0107011486470937	0.041052464935332
PA14_RS12255	65.1034436919808	-0.777100242812354	0.304903669857107	-2.54867461312139	0.0108133139028022	0.0414367559698507
PA14_RS00165	57.6550038476434	0.793538845696284	0.311408040550369	2.54822850525573	0.0108271525720394	0.0414569357390203
PA14_RS17860	903.417164693354	-0.373795039178697	0.146752496750232	-2.54711195690854	0.0108618579445441	0.0415569185283348
PA14_RS08880	14.4040933345917	1.63531575876452	0.642217645354255	2.54635756366124	0.0108853624844037	0.0416139233000605
PA14_RS02790	31.2654301952917	1.1254570419924	0.442691199389608	2.54230724158105	0.0110123324267777	0.0420328647323574
PA14_RS24405	44.1164894483729	-1.02227875427164	0.402094928440636	-2.5423816167892	0.0110099890950948	0.0420328647323574
PA14_RS31445	10.9450492682052	1.99763727697258	0.786194141667512	2.54089565299432	0.0110568912928747	0.0421696579592605
PA14_RS06835	460.364616294195	0.394110582481113	0.155174343696536	2.53979216597718	0.0110918359573464	0.0422363139289191
PA14_RS12495	388.132984922556	0.397573017524548	0.156529782369591	2.5399193144332	0.0110878044900251	0.0422363139289191
PA14_RS00735	66.7919104434337	0.76007926691428	0.299505046461039	2.53778450779177	0.0111556651526343	0.0424459454588036
PA14_RS28065	171.631942673991	0.566557162834947	0.223677347458471	2.53292150176332	0.0113116281240846	0.0430055295660952
PA14_RS16720	2051.08830740923	0.286673523424307	0.113198942882895	2.53247526985188	0.0113260358838383	0.04302648038825
PA14_RS14440	52.0462843865358	-0.86701739537036	0.342688320416743	-2.53004652833216	0.0114047401699864	0.0432575085976895
PA14_RS15380	56.8327576757748	-1.0373277324626	0.409964601433624	-2.53028609990991	0.0113969552377011	0.0432575085976895
PA14_RS05150	180.149863110341	0.501416928918351	0.198480670366515	2.52627587357717	0.0115278917867397	0.0436903484958255
PA14_RS03105	2698.74119933466	0.300405082594278	0.119115317378585	2.52196853608254	0.0116700146032273	0.0441943544410392
PA14_RS14645	26.7395491986365	-1.20567183006606	0.47855945417322	-2.51937730944849	0.0117562603549971	0.0444861307329937
PA14_RS07105	217.289031814141	-0.476635777382522	0.189259972274344	-2.51841829867548	0.0117883228859053	0.0445470400222245
PA14_RS17760	91.9834242076695	-0.717254685320568	0.284811934909124	-2.51834490555821	0.0117907798239138	0.0445470400222245
PA14_RS25930	38.5553480225716	-0.992827668521005	0.394515511956189	-2.5165744778909	0.011850185163304	0.044721136346977
PA14_RS28725	67.5549965969204	0.754721451384836	0.299918621919487	2.5164207762579	0.011855355003479	0.044721136346977
PA14_RS00740	27.9717968247228	1.13662016500039	0.451893218027296	2.51524059148799	0.0118951178603285	0.0448361574220954
PA14_RS24615	101.821916688087	-0.603952006104025	0.240339523711331	-2.51291172079306	0.0119739293771757	0.0450980704579608
PA14_RS28655	46.1576428499806	0.902291219304855	0.359259311904404	2.51153189188579	0.0120208423694001	0.0452395281699758
PA14_RS18585	23.0712553118379	-1.25545392221701	0.500249173616634	-2.50965716373003	0.0120848425513754	0.045445022222746
PA14_RS04130	62.3638110968147	-0.757003351086516	0.301906650317951	-2.50740866519264	0.0121620008414147	0.0456996395253159
PA14_RS03050	54.103795715753	0.906587588240361	0.361837422003039	2.5055108540784	0.0122274645310781	0.0459099522300417
PA14_RS22095	81.6841647759457	-0.89026843432303	0.355529317002321	-2.5040647613238	0.0122775558978034	0.0460622655715883
PA14_RS01415	94.3446317384099	-0.831438243746551	0.332112149384055	-2.50348638340561	0.012297641236988	0.0461018550558713
PA14_RS11095	38.4391479228187	-0.960425735495371	0.383924021773506	-2.50160365339674	0.0123632245818849	0.0463118157072
PA14_RS06060	49.3720697420354	-0.980838283316489	0.392294118293552	-2.50026252645096	0.0124101303860896	0.0464515406711528
PA14_RS04200	21.5023490348036	-1.41486090272736	0.56653492459133	-2.49739396692616	0.0125109874612431	0.0467928347738372
PA14_RS09615	27.0585187259235	1.39419197131629	0.558513382273135	2.4962552654369	0.0125512244300795	0.0469070489519818
PA14_RS06315	23.5164762051696	-1.24651805603001	0.499770176071312	-2.49418255772858	0.012624759466426	0.0471454338066687
PA14_RS02750	76.764309485228	0.902849431973531	0.362844375981315	2.48825527343994	0.0128371553378456	0.0479016074180722
PA14_RS02090	158.260617116793	0.563587783933766	0.226533964872758	2.48787321693825	0.0128509536371075	0.0479161231989606
PA14_RS23525	283.96498708432	0.539147153121172	0.217052884168748	2.48394374111155	0.0129936334166416	0.0484107944552226
PA14_RS05875	554.203526200605	-0.366597122848335	0.147741581644168	-2.48134018039197	0.0130889391383442	0.0487283369307409
PA14_RS09375	33.5543018276957	-1.04723649633469	0.422201914298331	-2.48041626735664	0.0131229081402277	0.0488172182816471
PA14_RS11345	182.457265969436	0.494422530369985	0.19954369746912	2.47776570566203	0.0132207929082923	0.04914354689047
PA14_RS29380	66.8253408558201	0.92350468569911	0.372837302995875	2.47696429053218	0.0132505158499862	0.0492162017285203
PA14_RS01780	120.967947813008	0.550391128129593	0.222375559436064	2.47505224731245	0.0133216685770969	0.0494425090090871
PA14_RS07785	519.3425414726	0.353907181369658	0.143037041637962	2.47423448721363	0.013352202793632	0.0494921385027431
PA14_RS22215	205.567069237791	-0.509700880551712	0.206010830138714	-2.47414604469345	0.0133555088391397	0.0494921385027431
PA14_RS06405	1542.73101858691	-0.3115651373511	0.125967353749064	-2.47338003124015	0.0133841732616832	0.0495603842982389
PA14_RS00050	57.8398787107672	1.01429191869142	0.410460560723592	2.47110688759804	0.0134695552273339	0.0498383849115431
PA14_RS23810	106.68856232761	-0.605293179035805	0.244996245427822	-2.47062226598134	0.0134878203108662	0.0498678127089822
PA14_RS01635	764.020611716759	0.425391017962091	0.172441803102099	2.4668671418973	0.0136300919302042	0.0502192570663856
PA14_RS07035	30.9921587593266	1.22954388244503	0.498330485673173	2.46732623789631	0.0136126271727654	0.0502192570663856
PA14_RS07600	87.5255412701021	0.690740860516498	0.279967650616668	2.46721669091069	0.013616792721267	0.0502192570663856
PA14_RS17055	44.9406568799378	0.877751600611797	0.355719813753267	2.46753643366242	0.0136046375841234	0.0502192570663856
PA14_RS20230	52.0921551897601	0.816611596433457	0.331048441621282	2.46674351473811	0.0136347982895294	0.0502192570663856
PA14_RS10950	17.6011459270003	-1.69998975727712	0.69009165657068	-2.46342604071609	0.0137616283939304	0.0506093041163858
PA14_RS25485	45.2799571010669	0.851906786985793	0.34579163589109	2.46364196979625	0.013753341636247	0.0506093041163858
PA14_RS04710	65.4482511456591	-0.729285842656629	0.296229405184176	-2.46189551035018	0.0138204923935985	0.0507871589782997
PA14_RS06435	572.267689165974	0.356678241729669	0.144910318462048	2.461372285391	0.0138406664912153	0.0508226751340296
PA14_RS21260	38.1573449826429	0.981320337147691	0.39879444843861	2.46071714636407	0.0138659634873537	0.050876934313234
PA14_RS05610	41.4317316855117	-0.911110796595417	0.370912056930069	-2.45640652432928	0.0140334305850236	0.0513356053775903
PA14_RS14165	172.408911543967	0.476815777555466	0.194069467342058	2.45693350987073	0.0140128619358508	0.0513356053775903
PA14_RS24745	2226.62189151408	0.309894498948143	0.126152824229475	2.45650068352365	0.0140297535254571	0.0513356053775903
PA14_RS29200	15.7690986820854	1.51099287748195	0.615039096950458	2.45674280704086	0.014020302138888	0.0513356053775903
PA14_RS06345	52.7687469017802	0.817514767879639	0.33288979430018	2.45581204914457	0.014056665387958	0.0513817337990665
PA14_RS13470	16.4519917593437	-1.42455703262958	0.580234505027953	-2.45514015503257	0.014082966942741	0.0514389940597399
PA14_RS11000	715.655808000874	-0.515279864479374	0.209983586096468	-2.45390544117411	0.0141314135549282	0.051538096494444
PA14_RS11540	31.3294903985478	-1.09406310272701	0.445839737225412	-2.4539380664803	0.0141301315426812	0.051538096494444
PA14_RS27235	170.148383743727	0.504995271551731	0.206171080238271	2.44939916387939	0.014309477021176	0.0521481769965388
PA14_RS28730	328.824640328167	0.394822384102432	0.161350362539701	2.44698789570605	0.0144055676867216	0.0524588293170072
PA14_RS23330	2717.70735734719	0.278008462873253	0.113647181493198	2.44624159808039	0.0144354232556396	0.0525279961356457
PA14_RS14185	115.972495449132	-0.621781715519954	0.254270918130629	-2.44535128158274	0.0144711116559317	0.0526182676451771
PA14_RS03025	2159.73304197604	-0.376448840167941	0.154005129857324	-2.44439156355828	0.0145096691399343	0.0527188279194006
PA14_RS14095	54.2105275969835	-0.903457561162562	0.369978515652671	-2.44191898431938	0.0146094247382758	0.053041424950677
PA14_RS21635	205.624931458566	-0.529416630060608	0.216837752621972	-2.44153346757645	0.0146250326792358	0.0530582580921113
PA14_RS03485	142.100983952178	-0.563481838276309	0.231018805989723	-2.4391167457656	0.0147232108421752	0.0533635754117107
PA14_RS12365	306.777146604137	-0.411343997384697	0.168658309929769	-2.43891924184456	0.0147312599616695	0.0533635754117107
PA14_RS15645	32.8236667850193	-1.16460133802837	0.477660251245423	-2.43813743134761	0.0147631601185945	0.0534391035430561
PA14_RS12140	68.4819750702433	-0.723187434578298	0.29669744759843	-2.4374575529113	0.0147909506245033	0.0534996538669394
PA14_RS00040	404.62448908001	0.455674018464376	0.187016704685046	2.4365418010748	0.0148284554841145	0.0535952247542436
PA14_RS05520	59.0174923956157	-0.951261211397943	0.390911937490642	-2.43344119267454	0.0149560646825411	0.053975767764753
PA14_RS23590	145.237502370872	-0.529577753474678	0.217612612400709	-2.43358023982323	0.0149503213792957	0.053975767764753
PA14_RS18410	404.724587973684	-0.387123997838002	0.159128983345701	-2.43276862390926	0.0149838723934248	0.054035799324834
PA14_RS01940	162.223505709438	-0.532071498548339	0.218743923604683	-2.43239441708976	0.0149993638841393	0.0540513589744393
PA14_RS09045	51.2459389510699	-0.831546868655268	0.342106822071416	-2.43066438611294	0.0150711676007105	0.0542696697818585
PA14_RS22065	1047.36128827973	0.483347353292239	0.199011169054445	2.42874485682764	0.0151511904649968	0.0545172299767296
PA14_RS20120	15.3874949272308	-1.52015904596346	0.626343284644813	-2.42703814861767	0.0152226550804023	0.0547047055468301
PA14_RS22175	276.548135175677	0.457934353648144	0.188707321908597	2.42669096787855	0.0152372287782424	0.0547047055468301
PA14_RS29825	4596.14376623258	0.274015321815207	0.112905688994433	2.4269399022818	0.0152267779471777	0.0547047055468301
PA14_RS08095	838.058838453462	-0.486276864932664	0.200422352694739	-2.4262606360744	0.0152553099800603	0.0547289904032429
PA14_RS05155	215.999676781914	0.543288384092193	0.224188254201095	2.42335793205682	0.0153777667819088	0.0551274130150564
PA14_RS24880	82.8590573864433	-0.67577004240868	0.27955158601898	-2.41733574841103	0.0156345884073033	0.0560065700279398
PA14_RS01695	133.224737389294	0.555526938986995	0.229836169301903	2.41705620431429	0.0156466009402773	0.0560081140985796
PA14_RS10585	65.4020831988608	-2.33828959854671	0.968034691174679	-2.41550186151828	0.0157135421687872	0.0560816899839521
PA14_RS17120	152.458600004278	0.694777136684903	0.287627390059507	2.41554580925398	0.0157116460063934	0.0560816899839521
PA14_RS21485	163.192566596615	-0.500437834686283	0.207138885242482	-2.41595311329622	0.0156940821023393	0.0560816899839521
PA14_RS21575	725.471904595868	-0.32746552611931	0.135554623227615	-2.41574590613151	0.0157030152008975	0.0560816899839521
PA14_RS27665	52.3399904699875	-0.849541840473082	0.351841364976723	-2.4145593015457	0.015754258204799	0.0561855403233098
PA14_RS20910	1164.63959207492	-0.364674248474597	0.151196760740811	-2.41191839486389	0.0158688328755964	0.0565524508374238
PA14_RS10480	375.106319780366	-0.398505188671136	0.16527879964735	-2.41110892335505	0.0159040978869035	0.0566363898240541
PA14_RS09510	84.1049140295109	-0.66052239835146	0.27430935785666	-2.40794701104078	0.0160425092887745	0.0570872515971402
PA14_RS27775	133.926728085229	-0.55209329289268	0.229326766727183	-2.40745247827731	0.0160642527498175	0.0571225928662628
PA14_RS29215	267.338520378537	0.535572586681287	0.222491999297641	2.40715436227808	0.016077372732406	0.0571272406568078
PA14_RS23065	294.212158720309	0.456457075781352	0.189759579756057	2.40544944486147	0.016152586685071	0.0573523562474325
PA14_RS25810	309.573688712403	0.438482593781582	0.182598159044231	2.40135276323003	0.0163345811220749	0.0579560046268189
PA14_RS04240	773.809713565267	0.363734144797973	0.15178393102113	2.39639428463173	0.0165572688940453	0.058703044260706
PA14_RS23975	92.9074695340286	-0.654549002407256	0.273306069708834	-2.39493035447247	0.0166235225126515	0.0588947654733939
PA14_RS02735	245.679838230372	-0.627769685710693	0.262215754539595	-2.39409598714977	0.0166613878405559	0.0589857039508992
PA14_RS09730	43.2766711681522	-0.955007447690968	0.398992557939916	-2.39354701907694	0.0166863424436283	0.0590308354479783
PA14_RS18495	166.857683145215	-0.476754971892219	0.199271063226932	-2.39249474646143	0.0167342676642636	0.0591571041113879
PA14_RS29155	432.303053998971	0.382605241183583	0.1599507273299	2.39201938978655	0.0167559571403201	0.0591905103948782
PA14_RS20030	18.2467422995112	-1.41654563107813	0.592410687570816	-2.39115475260361	0.0167954719058159	0.0592867898806756
PA14_RS03495	633.774194235367	-0.399495866473426	0.167192708881406	-2.38943354136811	0.0168743765196628	0.0595218707870819
PA14_RS00495	18.6998194156491	1.42588919441295	0.596915014076403	2.38876416372137	0.0169051502208252	0.0595869580669904
PA14_RS20300	623.896018283853	0.400485295279409	0.167745077833765	2.38746376615765	0.016965075002614	0.0597546268846624
PA14_RS07370	65.4273716537632	-0.708831828459198	0.296983645130613	-2.38677058511911	0.0169970942031707	0.0597935987534537
PA14_RS16680	103.973737156171	-0.727886454680636	0.304977509486174	-2.38668895915302	0.017000868131927	0.0597935987534537
PA14_RS13305	43.7071994570485	-0.854844907137074	0.358366138317832	-2.38539531427191	0.0170607772933026	0.0599606969407059
PA14_RS29310	134.21516913282	0.602973575692521	0.252906142700971	2.38417924235814	0.0171172628490596	0.060115528785804
PA14_RS05275	55.3606322118549	-0.763230909545476	0.320218533312446	-2.38346888186129	0.0171503343776729	0.0601879659291917
PA14_RS19340	59.9270438213697	0.743842362377177	0.312207643768118	2.3825245064456	0.0171943874885877	0.0602551144165291
PA14_RS19565	41.9636979873507	-0.918503844376549	0.385500771657415	-2.38262517718849	0.0171896866898847	0.0602551144165291
PA14_RS21395	780.023979519941	-1.02381399122886	0.429883426202814	-2.38160842876002	0.0172372153840499	0.0603614580718793
PA14_RS07225	225.428629735055	0.461386031089296	0.19387514580502	2.37981010496988	0.0173215617100963	0.0606129322937957
PA14_RS06155	16.4454394050611	-1.36028507245093	0.571834878125224	-2.3788074573392	0.0173687456281544	0.0607340953418327
PA14_RS18150	25.3460968259348	-1.14796266106139	0.482734777398013	-2.37804010568499	0.0174049327785998	0.0608166581772461
PA14_RS18430	117.269810439307	-0.605176091569968	0.254568104285432	-2.37726597080449	0.0174415067894099	0.0609004525874268
PA14_RS02405	520.489522387618	-0.368903459310245	0.155211684546878	-2.37677633863207	0.0174646742411062	0.0609048203286879
PA14_RS09300	55.8557271972834	-0.744003150190629	0.3130394593726	-2.37670724221724	0.0174679457807879	0.0609048203286879
PA14_RS25835	14.5362900641634	1.53882359580177	0.648288349965142	2.37367152422916	0.0176122107065364	0.0613635813953962
PA14_RS01395	303.091640806615	-0.447379088001728	0.188862032470547	-2.36881432519528	0.0178452096473988	0.0621306219257169
PA14_RS23340	155.138975815535	0.607392981884937	0.256772653552028	2.3654893676669	0.0180062603140901	0.0626462409201006
PA14_RS22840	123.473770844364	0.550910133104347	0.23303946304737	2.36402077957227	0.0180777985818024	0.062849916564771
PA14_RS06025	79.4486415767778	-0.763288166958565	0.323278120460426	-2.36108823532956	0.0182213946184358	0.0633036382002554
PA14_RS06365	81.8725427424181	0.697433759614213	0.295618113279851	2.35923892442266	0.0183124612635773	0.0635440214918195
PA14_RS12865	47.0984050814688	-0.820268209079109	0.347735777519363	-2.35888356076169	0.0183300061995633	0.0635440214918195
PA14_RS17625	10.0298921942097	-1.82261100996215	0.772597923705512	-2.35906796282935	0.0183209001056024	0.0635440214918195
PA14_RS31055	59.7912730378998	-0.755720979857381	0.320635529205248	-2.35694709731816	0.0184258716481881	0.0638305983457291
PA14_RS28945	20.6626920168284	1.25733212172434	0.535146563036786	2.34950985126277	0.0187981466690897	0.0650736129504063
PA14_RS12880	246.120746060791	0.484050193875833	0.20616737504261	2.34785059360527	0.0188820936448737	0.0653174569861298
PA14_RS08910	142.294870093649	0.528881522156888	0.225362242220881	2.34680626596945	0.0189350973606608	0.0654539891609406
PA14_RS07005	103.815696804554	0.613105082139255	0.261311960044502	2.34625725525476	0.0189630139471559	0.0655036681774615
PA14_RS09550	199.997549831433	-0.522683936621309	0.22283695945788	-2.34558907056038	0.0189970389493125	0.0655743614267491
PA14_RS06700	199.3055800481	0.518592414857444	0.221444337897331	2.34186351198504	0.019187730433159	0.0661853526210819
PA14_RS13765	38.77149595881	-0.86657846249152	0.370228997212933	-2.34065529446663	0.0192499309028202	0.0663525772245465
PA14_RS09845	143.876769263907	0.514006394224035	0.22003926371889	2.33597579603203	0.0194925030402822	0.0670956037665199
PA14_RS09965	191.65377892127	0.500422229378341	0.21422536639093	2.33596159880125	0.0194932430297685	0.0670956037665199
PA14_RS30345	18.7961211306632	-1.29757221770523	0.555962162078729	-2.33392181376811	0.0195998163007109	0.0674144463941949
PA14_RS21305	363.298816095376	-1.17678582654522	0.504641558237212	-2.33192412978414	0.0197046828277482	0.0677269695486783
PA14_RS09150	77.9274781673856	0.683598652685728	0.29349946883336	2.32913080014415	0.0198521374581802	0.0681853243947155
PA14_RS04565	35.7610635109709	-0.916419018592213	0.393796340657897	-2.32713949820152	0.0199578418759729	0.0684511512852517
PA14_RS23910	549.627951278815	-0.328649093237382	0.141217157852093	-2.32726035728321	0.019951412328547	0.0684511512852517
PA14_RS21990	35.2569189383593	-0.980058221505842	0.42119140085884	-2.3268713926909	0.0199721112004025	0.0684515448370988
PA14_RS05015	152.8315102545	0.53212301109181	0.228767053116174	2.32604740867814	0.0200160216897307	0.0684743033836386
PA14_RS23580	158.085906658394	-0.563210565326019	0.242142185235043	-2.32594979176933	0.0200212293185412	0.0684743033836386
PA14_RS28460	53.1058198632683	0.790401973406934	0.339779186030768	2.32622245829784	0.0200066861717498	0.0684743033836386
PA14_RS17600	73.4070936333475	0.673881650304242	0.28987361420353	2.32474298206075	0.020085707478255	0.0686462765829267
PA14_RS09895	61.1819326419287	0.817933665207634	0.351978561407495	2.32381671752073	0.0201353193556602	0.0687672347485682
PA14_RS10570	12.0805719321311	-1.62994153998707	0.701898017280164	-2.32219140082921	0.0202226318144168	0.0690166883941563
PA14_RS03805	36.8959641640652	-0.995724876072508	0.429256846536888	-2.31964821086888	0.0203599155598963	0.0694362141379821
PA14_RS15850	38.9687313849244	-0.925650014345779	0.399424014908021	-2.31746209490918	0.0204785731835413	0.069742521067328
PA14_RS27985	51.2865212452183	0.780212910680175	0.336662149001908	2.31749518914808	0.0204767724137502	0.069742521067328
PA14_RS05355	27.5184676217496	-1.09274869294107	0.471909062510903	-2.31559166744296	0.0205805742392703	0.0700405749620769
PA14_RS09990	313.297538137104	0.612927582654098	0.26483659046189	2.31436140144048	0.0206479062948435	0.0702203057959657
PA14_RS09435	397.589271916689	-0.365125100152894	0.157867925640554	-2.3128516997445	0.0207307941692072	0.0704526497556474
PA14_RS03525	2497.66767685897	-0.279236209283092	0.120798226314229	-2.31159196457672	0.0208001798715202	0.0706388131029998
PA14_RS15090	233.97416325301	-0.493814448640201	0.213710364048349	-2.31067150551707	0.0208510062954635	0.0707617308384992
PA14_RS20815	554.909107061154	-0.331328937486842	0.143521561746052	-2.30856558036275	0.0209676997785171	0.0711078514227972
PA14_RS28850	128.024345631135	0.568700793389913	0.246480588674993	2.30728430359194	0.021038975981404	0.0712995710203713
PA14_RS12220	99.3726068463958	-0.5926384350938	0.257140853749293	-2.30472298140384	0.0211820929576886	0.0717343148062899
PA14_RS23940	52.1869347825125	-0.85465663212866	0.370900640909867	-2.30427380775638	0.0212072782910077	0.0717693476664195
PA14_RS04165	58.6073794561478	0.711045550503813	0.30888125189372	2.30200294172749	0.0213350062821918	0.0721006920899227
PA14_RS10915	51.1234905930032	-0.758287377120399	0.329391947193817	-2.30208231737437	0.0213305304149891	0.0721006920899227
PA14_RS27740	45.4025600789569	-0.890859786871388	0.387132317007669	-2.30117649117302	0.0213816571368834	0.0722078868114301
PA14_RS19200	36.4685944723947	1.02644755861782	0.446152103502359	2.30066730731528	0.021410443364514	0.0722546434827561
PA14_RS04790	194.413050187323	0.445669105439561	0.193835197530673	2.29921660832026	0.0214926423782498	0.0724814634178632
PA14_RS00610	25.4444051865264	1.07937204084795	0.469552447905284	2.29872519175041	0.0215205490912737	0.0725250002825086
PA14_RS20465	75.7561109758809	-0.669115999360882	0.291143484953526	-2.29823449241081	0.0215484465470917	0.0725684453354703
PA14_RS02695	668.264917945466	-0.509699366721971	0.222097667098359	-2.29493345599278	0.0217369381345403	0.073152284494528
PA14_RS21455	207.748099255158	0.417295252970058	0.181986511152847	2.29300100500075	0.0218479470928472	0.0734747372329688
PA14_RS11120	117.017906050611	-0.539233107181811	0.235281236108051	-2.29186617726784	0.0219133665112611	0.0734903193123847
PA14_RS22895	143.295750748522	0.514631902282586	0.224527154210299	2.29206976809836	0.0219016175796732	0.0734903193123847
PA14_RS23595	411.082048283887	-0.402992407764887	0.175822254124553	-2.29204437044361	0.0219030829422147	0.0734903193123847
PA14_RS25045	64.5667403052944	0.932850890319322	0.406922973177463	2.29245078751673	0.0218796442281853	0.0734903193123847
PA14_RS09850	130.396488830486	-0.569672133960698	0.248644491607058	-2.29111101669194	0.0219569936394596	0.0735346407482179
PA14_RS26210	116.053962212226	-0.664472588113625	0.289994235187541	-2.29133033518375	0.0219443153944051	0.0735346407482179
PA14_RS06560	65.8900043460069	-0.771132959948979	0.336780713198469	-2.28971829362016	0.0220376522447749	0.0737536929105407
PA14_RS31775	16.4624999019508	-1.42858763962532	0.624473698337748	-2.28766662779874	0.0221569425591639	0.0741016419198593
PA14_RS27785	23.6205322318923	-1.15388043169645	0.504585530502611	-2.28678858576679	0.0222081660476085	0.0742216247451518
PA14_RS00175	23.2312893177056	1.13042261694357	0.494953125637693	2.28389832974009	0.0223775068260218	0.0746672937774124
PA14_RS00530	70.4253359947277	0.68093851965476	0.298170410749033	2.28372264687223	0.0223878362235831	0.0746672937774124
PA14_RS13220	58.8735086601863	0.734614544015701	0.321641842878895	2.28395204255902	0.0223743495703036	0.0746672937774124
PA14_RS16685	54.4746489123636	-0.846917941983869	0.371049764106332	-2.28249152515609	0.0224603372650926	0.0748574714086752
PA14_RS26590	100.554592348726	0.565144175026301	0.247631776337778	2.28219569953504	0.0224777888879182	0.0748640406762894
PA14_RS03530	3291.62326955986	-0.258153931918274	0.113208158522761	-2.28034741742019	0.0225870915973828	0.0751763076152396
PA14_RS11885	51.3621082873994	-0.750331432341936	0.32916681218773	-2.27948688798556	0.0226381385315229	0.07529438647761
PA14_RS29525	183.225745425599	0.620035944281381	0.272065348307056	2.27899638134586	0.0226672804108093	0.0753394969530403
PA14_RS06890	267.453808585024	-0.403371370150089	0.177076092315077	-2.27795500158405	0.0227292587468538	0.0754936094091931
PA14_RS06840	665.578886060268	0.425046610919801	0.186660093014643	2.27711560652901	0.0227793229727711	0.075607965611751
PA14_RS11700	364.101841814658	-0.353170322122279	0.15521225149996	-2.27540235200035	0.0228818044182201	0.0758960261773061
PA14_RS18705	21.1305885125601	-1.15751296695679	0.509303368574345	-2.27273770090492	0.0230419912841536	0.0763749622002514
PA14_RS25185	40.2628448664469	-0.903076640942387	0.397599019800364	-2.2713251189498	0.0231273037096613	0.0766052333835082
PA14_RS24535	149.429811294051	-0.527647921580427	0.232492588001549	-2.26952577764291	0.0232363714637225	0.0769138209435742
PA14_RS19420	159.066429449911	-0.488290794003586	0.215184347125098	-2.26917431740385	0.0232577274147307	0.0769318534730762
PA14_RS12525	432.226971902412	0.335444456034363	0.147845624954621	2.26888320934301	0.0232754290573536	0.0769377819011359
PA14_RS23965	180.22961701622	-0.544407047754146	0.239993423706999	-2.26842485658606	0.0233033241901629	0.0769773741691447
PA14_RS04745	191.27676588452	0.585445075811699	0.258571748377622	2.26414942655184	0.0235649258756665	0.0777353216471508
PA14_RS19990	12.9238344758333	1.55725193471758	0.687766601500221	2.26421569660515	0.0235608516307923	0.0777353216471508
PA14_RS29430	81.7484281387648	0.637582303336602	0.281632388873086	2.26388131666177	0.0235814153588077	0.0777366903034723
PA14_RS20740	15.2903731021687	1.38710447670209	0.614015648882538	2.25907023579369	0.0238790162574628	0.0786641162269005
PA14_RS13825	126.482461586525	0.526746881701766	0.233360414859217	2.25722465405945	0.0239940406364976	0.0789892311219214
PA14_RS25235	288.619506610354	-1.20793624130658	0.535373145124523	-2.25625108824917	0.0240549106901362	0.0791357470051011
PA14_RS17485	86.3716097319004	-0.702873016563634	0.311635229842817	-2.25543503832397	0.02410603552241	0.0792500256875422
PA14_RS22785	13.5651810667079	-1.439971237437	0.638568807031702	-2.2549977724883	0.0241334685998751	0.0792863139599159
PA14_RS17510	118.592478058524	-0.546561593995028	0.242848202862894	-2.25063058960993	0.0244089443073548	0.0801369006587696
PA14_RS10130	121.515488024484	0.57028812110253	0.25372347981291	2.24767578279727	0.0245968713182684	0.0806990974865306
PA14_RS03950	42.176016612631	0.810624594573252	0.360785246776901	2.2468340981651	0.0246506316991538	0.0808206473878697
PA14_RS05075	10.786950514344	1.83812340981808	0.818443987125286	2.24587563563676	0.0247119748899708	0.0809590481414977
PA14_RS22635	27.763539497971	1.2077326660537	0.53780943288451	2.24565169780695	0.02472632632444	0.0809590481414977
PA14_RS11690	587.533371314898	-0.34791763716058	0.155057790017268	-2.24379334389994	0.0248457008720739	0.0812948642877872
PA14_RS12565	90.9719247660536	0.605598857371745	0.269945597676323	2.24341075603642	0.0248703389204023	0.0813204591068731
PA14_RS19260	42.7378832450505	-0.797510189937092	0.356310554330829	-2.23824464429593	0.0252051057745105	0.0823593861659007
PA14_RS04610	197.965507537006	0.423329117972424	0.189211061579458	2.23733810506977	0.0252642505327057	0.0824435499944386
PA14_RS25675	1882.25659278892	-0.31517652625804	0.140871892997227	-2.2373272592017	0.0252649588692634	0.0824435499944386
PA14_RS16775	343.318970292255	-0.369381588359994	0.165191953802597	-2.23607494104345	0.0253468626082317	0.0826550421938021
PA14_RS00855	133.602550845474	0.479330589490238	0.214589791339907	2.2337063962702	0.0255023978679502	0.0831061968257459
PA14_RS23960	438.492622051572	-0.463224765116614	0.207420718243832	-2.23326179293273	0.0255316855080662	0.0831456101798036
PA14_RS11115	966.802079097871	-0.357881174960961	0.160420480233316	-2.23089454937709	0.0256881148778235	0.0835425175179249
PA14_RS20840	560.505804708652	0.315033532431048	0.141197624579586	2.23115320366795	0.0256709825486179	0.0835425175179249
PA14_RS05005	313.560887716929	0.41978131800236	0.188301540646664	2.22930368259733	0.0257937057916191	0.083829543822762
PA14_RS04945	179.098750914994	-0.453666706124224	0.203722050411433	-2.22689053643436	0.0259545904790888	0.0842957686748648
PA14_RS20730	28.3964209008662	1.08617859666296	0.487917594856685	2.22615172748996	0.0260040201028991	0.0843923293486703
PA14_RS24305	94.1123678634153	-0.666041356137345	0.299220070260445	-2.22592473679193	0.0260192231304523	0.0843923293486703
PA14_RS25670	562.778532254196	-0.444562143593041	0.199766899025479	-2.22540443768084	0.0260540999050842	0.084448811756694
PA14_RS01365	66.2514972824786	-0.702215746271417	0.315601284540341	-2.22500915132257	0.0260806238125245	0.0844702370419822
PA14_RS23610	181.697962785065	-0.457230066148433	0.205516475350851	-2.22478545998741	0.0260956439496943	0.0844702370419822
PA14_RS27050	989.818175681999	0.322575638242938	0.145129526475416	2.22267409035872	0.0262377842290324	0.0848735281147832
PA14_RS27105	26.9020970673081	-1.0322731045893	0.464564548997073	-2.22202298220521	0.0262817524873365	0.0849589271582615
PA14_RS00540	20.9334952494796	1.32791247630657	0.597879019706816	2.22103875957672	0.02634833628176	0.085117270713822
PA14_RS05755	191.81263528456	-0.476444386793796	0.214551480540126	-2.22065299010925	0.0263744737651261	0.0851425731823824
PA14_RS09145	79.8227094695044	0.586411889651925	0.264104145496035	2.22038123843357	0.0263928995166276	0.0851425731823824
PA14_RS27260	118.615715033426	-0.512628941195091	0.230898948723485	-2.22014411078586	0.0264089867191012	0.0851425731823824
PA14_RS23205	219.70705274886	-0.44706684493541	0.201451975207645	-2.21922294122258	0.0264715610682104	0.0852874545808565
PA14_RS12020	175.036933236567	-0.609246133961719	0.27480685316231	-2.21699760013582	0.0266232555257519	0.0857190837034194
PA14_RS04775	18.155327626357	-1.24752724589907	0.56298293213629	-2.21592374242184	0.0266967251955801	0.0858984451402698
PA14_RS05900	38.4713240164629	-0.821897383462572	0.371604502708929	-2.21175302632527	0.0269837344052205	0.0867641885529562
PA14_RS13375	19.4605100462509	-1.17681292310238	0.532637825268997	-2.20940546704143	0.0271464511133301	0.0872293937435642
PA14_RS31715	448.186464232092	0.339054363081814	0.153529131149309	2.2084041024897	0.0272161160782432	0.0873951775261516
PA14_RS10390	972.708557446588	-0.300138442103571	0.135969930426671	-2.20738836271918	0.027286938694681	0.0875644562226126
PA14_RS31755	44.3807068863062	-0.81238899104245	0.368317797791004	-2.20567400194825	0.0274068335021144	0.0878326353984262
PA14_RS28250	125.340555873457	0.537890335949658	0.24384400011929	2.20587890490035	0.0273924796228814	0.0878326353984262
PA14_RS26365	104.459626630082	0.526050982364375	0.238528894614902	2.20539730925962	0.0274262266995829	0.0878365776948233
PA14_RS09080	192.887324131206	-0.417478749305729	0.189371751272444	-2.20454606614011	0.0274859639906748	0.0879591250391002
PA14_RS20275	148.276850245574	0.510301067873232	0.231498984393435	2.20433393783694	0.0275008678782298	0.0879591250391002
PA14_RS05510	27.2643800461515	-1.05679172703473	0.47975812795807	-2.20275940197744	0.0276117110015077	0.088255277199796
PA14_RS30455	31.6477341185505	-0.937238634829227	0.425724754590504	-2.20151312490799	0.0276997185753228	0.0884780971137788
PA14_RS27040	250.964845706399	0.40676806909801	0.18481621294973	2.2009328218875	0.0277407799474328	0.0885507668817064
PA14_RS16950	38.0833186472592	-0.929557756915927	0.422505947934624	-2.20010572977723	0.0277993944577838	0.088679334827073
PA14_RS12310	166.07898835023	-0.500259401964161	0.227459964207318	-2.19932946752863	0.0278545038632193	0.0887965594479422
PA14_RS08885	343.05922234825	0.415788256417654	0.189130159430999	2.19842386676223	0.0279189144514734	0.0889432610588441
PA14_RS03755	33.2256648641107	0.940667038470884	0.428345806050694	2.19604587037689	0.0280886603446274	0.0894251227298341
PA14_RS16420	172.760270542035	-0.440682818345103	0.200977987710871	-2.19269196275899	0.0283295802083911	0.0901327959788021
PA14_RS07000	142.841213522092	0.467049037663069	0.213028883166213	2.19242119059819	0.0283491079132696	0.0901356251601393
PA14_RS11705	590.79205071297	-0.394178741144094	0.17990616147252	-2.19102413123468	0.0284500462393449	0.0903971245817818
PA14_RS22455	16.083203174015	1.3364772931483	0.610139795713974	2.19044439083732	0.0284920236155725	0.0904710611982329
PA14_RS02400	2531.5531643932	-0.432709226620922	0.197635080886225	-2.18943532029126	0.0285652148347822	0.0905845107809879
PA14_RS04855	198.876714740979	0.427480974314469	0.195234039982481	2.18958217712868	0.0285545527647416	0.0905845107809879
PA14_RS18550	91.4233731807176	-0.622713933214631	0.28459389502668	-2.18807902803485	0.0286638462602731	0.0908377198654526
PA14_RS06640	131.314837571957	-0.527778507750663	0.241365874664978	-2.18663267325273	0.0287693501577717	0.090993183363626
PA14_RS23970	244.447932324785	-0.38464047210994	0.175868318853137	-2.18709358580464	0.0287356927948871	0.090993183363626
PA14_RS25000	112.272544164346	-0.540261162856302	0.247069635332367	-2.18667568003459	0.028766208224744	0.090993183363626
PA14_RS09655	907.39413518006	-0.321824791598281	0.147358855500405	-2.18395284426863	0.0289657133205129	0.0915543722993466
PA14_RS12075	31.8735181219916	-0.948389646989669	0.434454804101147	-2.18294201844957	0.0290400801783476	0.0917094814050428
PA14_RS27055	258.982918679608	0.373801049742307	0.171250732660149	2.18277051394649	0.0290527141258324	0.0917094814050428
PA14_RS11150	61.4340219131306	0.687643309861384	0.315109085410011	2.18223891883867	0.0290919043525458	0.0917732873117492
PA14_RS17140	10.2325340192613	-1.62161384270831	0.74331523293495	-2.1815964087073	0.0291393321713724	0.0918629793877163
PA14_RS18265	19.5992606603182	-1.27083968041065	0.582647060468935	-2.18114836001719	0.0291724449029737	0.0919074550819418
PA14_RS26165	265.016749561495	-0.43753061338784	0.200625618424767	-2.18083122595787	0.0291959020449188	0.0919214728445489
PA14_RS03920	85.6309364434984	0.634488266181692	0.29120128200411	2.17886494803528	0.0293417023724116	0.0923204116284858
PA14_RS09630	64.3823234365892	0.694910281513773	0.319053243531737	2.17803860516042	0.0294031627360018	0.0924536378356989
PA14_RS01525	246.073078972913	0.418545668028885	0.192317402954164	2.176327579302	0.0295307747323635	0.0927343029907205
PA14_RS27285	659.364885502522	0.323649847250262	0.148712542581996	2.17634532791214	0.0295294485615812	0.0927343029907205
PA14_RS17785	34.0088541152069	-0.874242023904948	0.401774487388847	-2.17595206103477	0.0295588453537912	0.0927622168273421
PA14_RS05930	396.760962516082	-0.328212443013495	0.150948983382766	-2.17432695244615	0.0296805896652019	0.0930838726465086
PA14_RS04835	146.905350195221	-0.603824921465191	0.277785360863245	-2.17371037692104	0.0297268928595244	0.0931686674456641
PA14_RS22460	130.721559187045	-0.507125453556516	0.233540388849238	-2.17146788208823	0.0298958224415601	0.0935768267491163
PA14_RS25190	1022.47823187706	0.296325716505344	0.136449505707021	2.17168772411388	0.0298792250956012	0.0935768267491163
PA14_RS10910	40.6047319643845	-0.881659773752112	0.406153966669443	-2.17075258671465	0.0299498797347354	0.0936248341287526
PA14_RS21350	23.593529982634	-1.1452384329953	0.527573933363337	-2.17076386942451	0.0299490264103726	0.0936248341287526
PA14_RS07745	29.7889084224458	-0.927486912581047	0.427712046720518	-2.16848442706385	0.0301218482250956	0.0941015878659963
PA14_RS25730	838.127436832623	-0.28694808750136	0.132649423634974	-2.16320644024045	0.0305253051509493	0.0953004362233639
PA14_RS06880	1546.7212579279	0.283900167680491	0.131408500233192	2.16043990439502	0.0307386311107969	0.0958426950688677
PA14_RS31665	140.913492060761	-0.605739480325762	0.280359880087367	-2.16057832574689	0.030727927178911	0.0958426950688677
PA14_RS23505	370.701646163453	-0.410030235539778	0.189886101470693	-2.15934832704468	0.0308231535095579	0.0959824664341416
PA14_RS26640	257.152586867067	-0.46593669722688	0.21576315132464	-2.15948225805168	0.0308127723120135	0.0959824664341416
PA14_RS13275	59.6178694888651	-0.706463890942086	0.327277301042907	-2.15860949931711	0.0308804751679672	0.0960990848856431
PA14_RS15620	126.032146031061	-0.675221074026338	0.312994811462849	-2.15729158854278	0.0309829519905601	0.0963559844542435
PA14_RS03125	45.9700711733736	0.797537551021782	0.369812142718413	2.15660184968305	0.0310367002996119	0.0964611071008503
PA14_RS02265	1266.26015449577	-0.258712239753535	0.120026765662582	-2.15545456319988	0.031126280551018	0.0966755235080566
PA14_RS09025	78.444365163542	-0.601975595091155	0.2793228772864	-2.15512456745148	0.0311520877086091	0.0966755235080566
PA14_RS14590	14.0377230562513	-1.36604166590736	0.633908432291785	-2.15495108807541	0.031165661941493	0.0966755235080566
PA14_RS02155	86.1352239110491	0.563033734395725	0.261354730209574	2.1542894362166	0.0312174807924599	0.0967741904566256
PA14_RS26190	186.135763565264	-0.417973139192508	0.194230703742307	-2.15194164022105	0.0314019510998161	0.0972836870715635
PA14_RS13575	321.271074630385	0.353343666499953	0.164281092830772	2.15084803985287	0.0314881958831828	0.0974797609847705
PA14_RS30940	84.0270455662424	-0.684114178154721	0.318099692682618	-2.15062822722464	0.031505555504383	0.0974797609847705
PA14_RS05865	294.979818266412	-0.427967948481209	0.199267609379989	-2.14770453568851	0.0317372348281109	0.098133802831678
PA14_RS26005	181.064671675259	-0.509258107607754	0.237256542731921	-2.14644494834088	0.0318374964868945	0.0983180925993753
PA14_RS26280	28.5107389104685	0.921642011469046	0.429352586560755	2.14658544123765	0.0318262999800551	0.0983180925993753
PA14_RS04685	13.0513201368353	1.47027449370267	0.685403687165093	2.14512194964094	0.031943097903573	0.0985812517304909
PA14_RS00775	33.3305966911747	0.90790476431958	0.423309080329931	2.14477979922366	0.0319704570801118	0.0986027617598347
PA14_RS01585	173.875269158897	-0.455248715762703	0.21250849305148	-2.14226127730537	0.0321724629824503	0.099162543647629
PA14_RS06190	61.4629600239674	-0.677741172556017	0.316537601466873	-2.14110794235909	0.0322653343452589	0.0993221877108033
PA14_RS15000	10.0866376731947	-1.77206702142075	0.827614420909437	-2.14117465410219	0.0322599561836119	0.0993221877108033
PA14_RS05940	191.370773709137	-0.402993721713404	0.188257041784953	-2.14065682692361	0.032301722497965	0.0993709478372512
PA14_RS25590	430.068059218093	0.324586270540878	0.151679167570716	2.13995287381539	0.0323585754440733	0.099482562522275
PA14_RS05235	24.810859561978	1.26587611705146	0.591637417358425	2.13961470304467	0.0323859173992042	0.0995033650206808
PA14_RS21320	298.49645046911	-0.477805957524037	0.223552586594187	-2.13733137604618	0.0325710486100159	0.100008629255896
PA14_RS11455	125.260376859588	0.489678948242247	0.229192551218458	2.13653954126765	0.0326354615742209	0.100142824982825
PA14_RS09545	233.33373484872	-0.415989274857331	0.194799780266678	-2.13547096556191	0.0327225593650699	0.100346415402332
PA14_RS20900	290.067002674398	-0.403120113978944	0.188870746302371	-2.13437031340773	0.0328124796818489	0.100549349511109
PA14_RS21715	39.2055899280004	-0.861116458570107	0.403493449924235	-2.13415226128652	0.0328303190401243	0.100549349511109
PA14_RS08305	321.68833323121	-0.377813583796919	0.177060194939028	-2.13381434447771	0.0328579812172439	0.100570377953539
PA14_RS10545	41.465749043808	0.885293632702226	0.415337049930395	2.1315065266886	0.0330474353297828	0.101086272773453
PA14_RS17195	143.840823779274	-0.574886389009727	0.269776268294233	-2.13097465038223	0.0330912306260946	0.101156252406949
PA14_RS19295	150.871210057595	-0.451447148729457	0.211890570398602	-2.13056743337001	0.0331247949024704	0.101194888280699
PA14_RS03110	79.597430599067	0.690005767837302	0.324138827872015	2.12873530877871	0.0332761658169246	0.101593142607732
PA14_RS10995	7289.46571240801	-0.36217034825672	0.170180790943539	-2.12815057591828	0.0333246011278519	0.101676827163591
PA14_RS08450	504.502638641861	-0.345935572694244	0.162602072025447	-2.12749793643531	0.033378732589377	0.101777774780723
PA14_RS07715	204.866710402047	0.456502653392939	0.214933146898594	2.12392857956115	0.0336761161628905	0.102555225292027
PA14_RS23680	249.839947331241	0.44531968985154	0.209661198990682	2.12399667652063	0.0336704214818427	0.102555225292027
PA14_RS00625	58.0083691442119	0.686329047228979	0.323263327677296	2.12312683953474	0.033743224492496	0.102601372263857
PA14_RS02985	38.4096124310993	-0.824464496489566	0.388287125787546	-2.12333719491044	0.0337256059848548	0.102601372263857
PA14_RS24630	22.3389258458546	-1.16985548093	0.551042153294625	-2.1229872777165	0.0337549179635642	0.102601372263857
PA14_RS05625	67.9871734136232	0.626700382234726	0.295283017088864	2.12237191428495	0.0338065187755188	0.102693671355785
PA14_RS07050	126.282746585023	-0.560140764074033	0.264009199035574	-2.12167138917972	0.0338653428368734	0.102807782774086
PA14_RS06885	1908.64370938758	-0.249971488960873	0.118065515926236	-2.11722692269475	0.0342405935136591	0.103819924148946
PA14_RS10600	44.9974894622759	0.943004408267846	0.445439252742373	2.11702135018902	0.0342580358460328	0.103819924148946
PA14_RS12345	1103.69621937828	0.301139998164797	0.142251079221172	2.11696107905505	0.0342631511459301	0.103819924148946
PA14_RS10770	49.9307126079793	0.717898923578562	0.339266363445671	2.11603330282262	0.0343419752758613	0.103863534980654
PA14_RS13480	15.2511259721095	-1.35449340965454	0.640040346743712	-2.11626253961285	0.0343224848545413	0.103863534980654
PA14_RS27630	190.323458442971	0.418323838973578	0.197666832346042	2.11630769820425	0.0343186464459821	0.103863534980654
PA14_RS16205	11.0510146320796	-1.54816681125956	0.731995507840273	-2.11499496196004	0.0344303767084368	0.10406581360125
PA14_RS16385	24.3262115815856	1.03682284809154	0.490879910033084	2.1121720952517	0.0346716910349768	0.104729730071922
PA14_RS20055	30.0796130787986	-0.941302643423929	0.445795036072144	-2.11151441190924	0.0347281204925132	0.104834700812605
PA14_RS17950	26.2662346813087	0.931124756061619	0.441320009888393	2.10986299102344	0.0348701588269424	0.105197809162254
PA14_RS17205	91.6295911130921	-0.606608161284096	0.287549845599211	-2.10957568076594	0.0348949209079034	0.105206881241035
PA14_RS08050	36.570840433185	-0.97095506656253	0.460577131024495	-2.10812695889343	0.0350200090947962	0.105518233010863
PA14_RS20540	12.1367630410971	1.57710470792552	0.748335161415887	2.10748443911357	0.0350756091323273	0.1056199537758
PA14_RS23445	280.140603811257	-0.375905808190448	0.178405825272573	-2.10702653692014	0.0351152793785539	0.105673609878461
PA14_RS19410	28.6180477969164	-0.919704156446819	0.436830054776996	-2.10540494269867	0.0352560739213159	0.105965427895266
PA14_RS19815	234.58479687155	-0.376297646195945	0.178726280076885	-2.10544104668921	0.0352529339644757	0.105965427895266
PA14_RS05925	257.053011093692	-0.399425221321263	0.189818073164904	-2.10425284938101	0.0353563966563041	0.106135030558589
PA14_RS26370	183.619843265487	-0.503274886963898	0.239144551321435	-2.10447983942333	0.0353366114213711	0.106135030558589
PA14_RS09700	65.3061138949744	-0.634268116117828	0.301482489026725	-2.1038307006335	0.0353932177364599	0.10617965320938
PA14_RS30865	178.321858239697	-0.447423441063738	0.212812147178226	-2.10243375200302	0.035515297170589	0.106479837022299
PA14_RS05850	486.698080886827	0.344166853421418	0.163742526372205	2.10187824169201	0.0355639429934719	0.106559621013897
PA14_RS10985	33.5481255377756	-0.946731551459368	0.450597513287181	-2.10105809184966	0.0356358671061974	0.106642978543051
PA14_RS11875	64.3072625652276	-0.752204694634334	0.357992071747528	-2.1011769645134	0.0356254347298237	0.106642978543051
PA14_RS14510	24.9681475074816	-0.960657591480133	0.457588719479364	-2.09939089532878	0.0357824566328746	0.107015436163625
PA14_RS00505	29.8299991819384	1.02947765334786	0.490578534295547	2.09849714445039	0.0358612518925153	0.107184804791226
PA14_RS08770	1319.78116426876	-0.873078689165128	0.417040953602334	-2.09350827927956	0.0363038057745603	0.108440521757735
PA14_RS11920	22.0469593926956	-1.02795851173923	0.491310456278521	-2.09227892181575	0.0364135721198989	0.108701256031994
PA14_RS07720	80.1916935542282	0.583795380731185	0.279141526401444	2.09139567393354	0.0364926096658841	0.108869994043316
PA14_RS01750	416.577857968816	0.324126904889168	0.155114728134829	2.08959464253729	0.0366542282075032	0.109284739587846
PA14_RS28355	158.512868342503	0.424715988183465	0.203376592748427	2.08832286176035	0.0367687205478056	0.109558553647066
PA14_RS25145	12.7242356917935	-1.46821953286734	0.703212780518019	-2.08787378947491	0.0368092210848236	0.109611695299389
PA14_RS18205	145.486379416119	-0.45394784142907	0.217816334435197	-2.08408539518474	0.0371524002848454	0.1105655432477
PA14_RS17995	743.837623941556	-0.31690485707954	0.152122376621637	-2.08322315307862	0.0372308876203498	0.110730979416981
PA14_RS20955	93.3518684418154	-0.541261972829602	0.260361862019936	-2.07888347636782	0.0376280618084339	0.111843458454571
PA14_RS08045	50.7855990888832	-0.775752333596901	0.37354720136964	-2.07671836585188	0.0378275604938985	0.112298393215772
PA14_RS09055	147.507638582927	0.54909485394663	0.264393213550182	2.0768114528114	0.0378189647558114	0.112298393215772
PA14_RS09670	548.562287752056	-0.322737582476159	0.155456508440859	-2.07606349655627	0.0378880787288612	0.112409048302315
PA14_RS00850	18.1233675301936	-1.16663714458638	0.56206486152695	-2.07562725308428	0.0379284388490342	0.112459797838093
PA14_RS20830	200.763071721983	-0.435604419751922	0.209908728570662	-2.07520870007692	0.0379671966606279	0.112505737163478
PA14_RS13030	46.4285607592524	-0.823312651717704	0.396825506064067	-2.07474731118917	0.0380099600811489	0.112563482518332
PA14_RS16965	215.806894398524	0.461841831170374	0.222677912068848	2.07403521471667	0.0380760405060007	0.112690166393525
PA14_RS00305	73.9928943852885	0.631381718684872	0.305078956677875	2.0695682375482	0.0384927950390201	0.113853918537432
PA14_RS28590	758.030138289627	-0.401638838356887	0.194184397625864	-2.06833732919534	0.0386083138888473	0.114125798268011
PA14_RS25005	60.789576046089	0.664590288866503	0.321525982131538	2.0669878199598	0.0387353016751314	0.114431227184444
PA14_RS04570	36.8493189096479	-0.865999957870545	0.419503556906692	-2.06434473227402	0.0389850426066983	0.115098697219776
PA14_RS25205	88.6767034595923	0.588116385591699	0.285191732409979	2.06217894404543	0.0391907025881407	0.115635288417479
PA14_RS25515	96.407777924107	0.542169287917657	0.263264532574382	2.05940877267421	0.0394550960782574	0.116344417460032
PA14_RS14195	68.8225105625582	-0.604331062873434	0.29356342350536	-2.05860476641567	0.0395321157872079	0.116401762687875
PA14_RS18135	110.43177710643	-0.593661077096892	0.288401693011152	-2.0584521224497	0.0395467527080601	0.116401762687875
PA14_RS27190	118.469939486707	-0.572919771046729	0.278296468205876	-2.0586670565395	0.039526144152997	0.116401762687875
PA14_RS23040	64.3801596220355	-0.889141576007996	0.432291475264345	-2.05681033951523	0.0397044731253308	0.116794909996411
PA14_RS00825	153.381195777328	-0.454583175242389	0.221252684752843	-2.05458829008197	0.039918787653059	0.117353955677929
PA14_RS02310	33.3258654577956	-0.994819436841624	0.484429001442188	-2.05359182435395	0.0400152141034544	0.117565963186091
PA14_RS02675	63.0088677455133	-0.672091611121592	0.327429868724614	-2.0526276779192	0.0401087010795153	0.117769082222548
PA14_RS06800	104.392730130723	0.507315696845701	0.247496764493904	2.04978718765512	0.0403852024296609	0.118509004217136
PA14_RS07645	452.031053678546	0.307668773188046	0.150176082057528	2.04872020213037	0.0404894825904551	0.118742958039685
PA14_RS17775	30.2621245666794	0.897577227053816	0.438218126783354	2.04824303741675	0.0405361913607255	0.118807891769981
PA14_RS09625	70.811813297562	0.612722923064667	0.299709060105288	2.04439239457565	0.0409147980489257	0.119844920269294
PA14_RS09840	169.820682305834	-0.411665940423413	0.201395814785342	-2.04406402815365	0.0409472222242537	0.119867292177053
PA14_RS04300	18.6275808570104	1.11620803519598	0.546276947286749	2.04330063851306	0.0410226864380795	0.120015554515761
PA14_RS20695	48.3809653714548	0.779925875870408	0.381790101699777	2.04281324318803	0.0410709290838301	0.120084046583677
PA14_RS09745	43.8764025272511	-0.853150910463416	0.418316490941449	-2.03948667800149	0.0414014794698497	0.120977374450872
PA14_RS05370	305.127612739727	0.362439446473539	0.177954299504712	2.03669957670194	0.0416801569823847	0.121718139593486
PA14_RS26775	926.164801526594	-0.290752902644093	0.142895694191145	-2.03472122998449	0.0418789307875249	0.122224809467997
PA14_RS31745	35.1244364412306	-0.983925112978803	0.483810960022441	-2.03369744441748	0.0419821099942044	0.122452040972239
PA14_RS12900	154.794579133236	-0.459072883040806	0.225807403432722	-2.03302848384059	0.0420496453576665	0.122478588361642
PA14_RS16305	13.7438746920199	-1.32231984487086	0.650354375041383	-2.03322972154483	0.0420293196088672	0.122478588361642
PA14_RS18340	224.538856440715	-0.373835069162073	0.183896588276572	-2.03285483795839	0.0420671909157748	0.122478588361642
PA14_RS14885	13.0203306251922	-1.47953433451096	0.728460650305011	-2.03104221743682	0.0422507121805773	0.122847647757509
PA14_RS22500	84.1736261681412	0.590533846957949	0.290781539718971	2.0308505399919	0.042270158368175	0.122847647757509
PA14_RS25340	279.99113674972	-0.359596436457194	0.177063154546395	-2.03089365135517	0.0422657839456162	0.122847647757509
PA14_RS09255	76.0415992711425	0.554346857647133	0.27341052917544	2.02752563816379	0.0426086852014192	0.123408207014254
PA14_RS11105	31.3132462669969	-0.85216617238737	0.420298075237854	-2.02752813442011	0.0426084301861486	0.123408207014254
PA14_RS11310	93.697351358078	0.689518383465717	0.339959205008646	2.0282386042413	0.0425359016777267	0.123408207014254
PA14_RS15300	104.702482116188	-0.544874842817637	0.268748503568001	-2.0274525646978	0.042616150892019	0.123408207014254
PA14_RS23600	490.732211250612	0.362315402563299	0.178704391525671	2.0274566252685	0.0426157360070119	0.123408207014254
PA14_RS26130	73.9544462897071	0.675237066433802	0.332993583473826	2.02777801118464	0.0425829095338593	0.123408207014254
PA14_RS26620	233.84208213074	-0.43760223438217	0.215959440913885	-2.02631675897266	0.0427323349530142	0.12367059954086
PA14_RS02635	33.0986749648242	-0.91479022227014	0.451922323575018	-2.02422003638483	0.0429475168937664	0.124219014173597
PA14_RS21030	260.648005401415	-0.342472927346802	0.169394988759827	-2.02174178736992	0.0432030344450709	0.124765803850795
PA14_RS26215	387.503536994751	0.367134204100186	0.181584265706092	2.02183929688281	0.0431929565936049	0.124765803850795
PA14_RS27970	213.234031241972	0.427805898503548	0.211613704187501	2.0216360757264	0.0432139622518779	0.124765803850795
PA14_RS03765	143.169949888109	0.455762178089213	0.22564419828766	2.01982670747948	0.0434013658215303	0.125232103289332
PA14_RS15605	57.9659423721657	0.655788901837212	0.325113652496669	2.0171066234874	0.0436843875838975	0.125973582800077
PA14_RS24240	59.1676447609605	0.727704812929611	0.361131440649134	2.01506911616878	0.0438974076706134	0.126512433548919
PA14_RS13665	14.984732569402	-1.25829206371211	0.624579314689945	-2.01462333784902	0.0439441302618932	0.126571658097984
PA14_RS16480	29.1129701696911	0.972387620598145	0.482859821448028	2.01380934467087	0.0440295542525489	0.126666819967475
PA14_RS18040	11.5468983155341	-1.52643376292415	0.757962859434002	-2.01386353424228	0.0440238630104126	0.126666819967475
PA14_RS20085	60.0965216982087	0.621782834626863	0.309174171147269	2.01110860043574	0.0443139869532953	0.127333595309647
PA14_RS27515	169.781509715212	-0.433127460323445	0.215366963342396	-2.01111374558803	0.0443134436135425	0.127333595309647
PA14_RS06945	821.487129632842	0.289541438340646	0.144046696200995	2.01005261472041	0.0444256204925723	0.12751605025723
PA14_RS22490	112.667369179321	0.465622647082233	0.231652003400973	2.01000915272152	0.0444302201578646	0.12751605025723
PA14_RS08690	17.6691514972091	1.1128780204341	0.554063241287399	2.00857580417763	0.0445821394489844	0.127815827804729
PA14_RS09020	28.6013070494551	-0.886151623612224	0.441195215454662	-2.00852500791293	0.0445875313289037	0.127815827804729
PA14_RS02070	245.835784107036	0.371826683730279	0.185173636985522	2.00798931091553	0.0446444275526446	0.127903111163856
PA14_RS20335	68.1374212599746	0.64144906412291	0.319827531937326	2.00560927396523	0.0448979516694081	0.128553282577417
PA14_RS23285	272.072895459632	0.387869250451098	0.193816083562542	2.0012232386583	0.0453683376974309	0.129823243257264
PA14_RS12530	387.094070954581	-0.890141623572356	0.445307243210892	-1.99893812001346	0.0456150495738568	0.130452028231325
PA14_RS20640	109.635377117496	0.48568328799462	0.243003951371805	1.99866415855727	0.0456447034570673	0.130459684348923
PA14_RS27700	234.175361279901	0.384656296208674	0.192620515798851	1.99696431407318	0.0458290597374825	0.130909233839613
PA14_RS01990	141.717628882818	0.468778937046915	0.234800348867408	1.99650017262809	0.0458795069853014	0.130975971535371
PA14_RS11315	50.1760569507385	-0.698704747754907	0.350232436332779	-1.99497440919784	0.0460456710170125	0.131372781733494
PA14_RS25425	391.3868789893	-0.31421103127203	0.157641057767801	-1.99320555013561	0.0462389436178646	0.131846421778298
PA14_RS16045	35.2080525809546	-0.831582740687048	0.417412072037889	-1.99223452409293	0.0463453319041266	0.132071906357311
PA14_RS08740	99.9927079543113	0.501416728620209	0.251758882023281	1.99165457278223	0.046408971210225	0.132097577853236
PA14_RS09715	212.628219834595	-0.419149751752385	0.210450260389912	-1.99168084171436	0.0464060870739446	0.132097577853236
PA14_RS13585	221.331595864047	0.447234857209852	0.224706944320155	1.99030278553674	0.0465575913575506	0.132442654003009
PA14_RS16815	1619.28020043976	-0.266547896268782	0.133952052995792	-1.98987540920448	0.0466046618504693	0.13249861534913
PA14_RS09445	8082.24739731842	-0.213833049074587	0.107716729943829	-1.98514241182492	0.047128629289211	0.133905550044632
PA14_RS23095	67.6079594426345	-0.713268906138114	0.359346409287764	-1.98490617327118	0.0471549114404485	0.133905550044632
PA14_RS05790	16.9017979387745	1.20350905552636	0.606537230523314	1.98422948330473	0.0472302631932421	0.134027491870762
PA14_RS19155	151.563803987334	-0.420503627659917	0.211944942099712	-1.98402294243986	0.0472532823903327	0.134027491870762
PA14_RS12505	152.683550199286	0.440442305340217	0.222558419205267	1.97899637727923	0.047816414143875	0.135545239624724
PA14_RS23675	266.241130822027	-0.400820972470789	0.202564468444279	-1.97873287230058	0.0478460898375604	0.13554990653453
PA14_RS17405	250.772639622554	0.418291656221617	0.211538317761116	1.97738008247745	0.0479986836286164	0.135902596035122
PA14_RS21760	100.63927728853	0.536168856691999	0.271354078815315	1.97590122482338	0.0481659654576134	0.136296435899952
PA14_RS09950	14.5425392447171	-1.20548649147827	0.61067558451348	-1.97402110391997	0.0483793433290474	0.136820177976183
PA14_RS09350	245.42315041953	0.372936670360288	0.188990796068676	1.97330599223874	0.0484607106342686	0.136970190898494
PA14_RS08320	263.875736375946	0.366068466387546	0.18580275169117	1.97019938109422	0.0488155244633685	0.137892451112646
PA14_RS17905	43.6425148891747	-0.717199743945613	0.364131510336128	-1.96961735962803	0.0488822405781551	0.138000300896648
PA14_RS20360	146.533528233989	0.493255891929132	0.250566995562909	1.96855891104498	0.0490037648794464	0.138262664502335
PA14_RS00500	17.600948368793	1.45358016504589	0.738549699829048	1.96815483830317	0.0490502247615439	0.13831305361331
PA14_RS13415	75.4977402549314	0.610452503852094	0.310233684711063	1.96771831666391	0.0491004571211246	0.138374015523169
PA14_RS15810	23.4924889191988	-1.00009044031632	0.508424900111177	-1.96703670512131	0.0491789793282168	0.138514585923854
PA14_RS27600	56.0177217787347	-0.622062582519217	0.316441642092961	-1.96580506410238	0.0493211326209654	0.138834107889982
PA14_RS17965	17.4214571082726	1.17115859809546	0.596054405729504	1.9648518437878	0.0494313877292355	0.138967595430301
PA14_RS19275	32.4954887377607	-0.791745687507112	0.402995797738432	-1.96464998382192	0.0494547625590463	0.138967595430301
PA14_RS25785	84.52153707607	-0.543077736777067	0.276367592146241	-1.96505578877604	0.0494077808728594	0.138967595430301
PA14_RS12960	126.567930744924	-0.487581208297076	0.248376066648432	-1.96307645449282	0.0496372909861846	0.13939950012148
PA14_RS08380	159.432302250224	-0.508392276380758	0.259133378315884	-1.96189421712022	0.0497748012372352	0.139624250234788
PA14_RS20435	185.492813133475	-0.390227982326245	0.198903909802805	-1.9618919643818	0.0497750635659168	0.139624250234788
PA14_RS11845	13.9066249451257	1.2011015568889	0.61241124092796	1.96126634623643	0.0498479609311451	0.139747674819141
PA14_RS02330	26.9651547188614	0.913388523793749	0.466853048901511	1.95647972299403	0.050408668810076	0.141237730223365
PA14_RS00960	16.839396654721	1.34805398749248	0.689121447107807	1.95619218230714	0.050442519109574	0.141250736777012
PA14_RS27380	33.1184896745306	0.821499352814302	0.420101726475744	1.95547721192651	0.0505267705058798	0.141404781346316
PA14_RS28485	15.6297122676539	1.14917228199643	0.587854963915602	1.95485681424205	0.0505999730639784	0.141527744209022
PA14_RS08085	115.340695326312	-0.619825667797954	0.317170656945798	-1.95423395646551	0.050673555257889	0.141651626142862
PA14_RS23470	828.438786650204	-0.269337439294611	0.13787921301717	-1.95343034965735	0.0507686229120291	0.141835390180573
PA14_RS25585	150.528980743267	-0.440051900757702	0.225476852185545	-1.95165000971179	0.0509797714902474	0.142343057117111
PA14_RS00365	23.2838753870301	0.958820107853447	0.491528409249889	1.950691129566	0.0510937992069408	0.142579118848682
PA14_RS27690	16.7295123953177	-1.10993081889211	0.569696716020839	-1.94828368793249	0.0513810278731738	0.143297953168782
PA14_RS14525	52.0561743305324	-0.661845218583782	0.340005738366657	-1.94657073072707	0.0515862204909115	0.143704471367539
PA14_RS30845	93.000961541443	-0.508289087285209	0.261099916473909	-1.94672251967573	0.0515680102673846	0.143704471367539
PA14_RS18070	72.5731390417005	-0.589658014336412	0.302973183849738	-1.9462383001819	0.0516261212098758	0.143732827962556
PA14_RS11420	26.0375138262646	1.03081166799093	0.530425881137085	1.94336608496771	0.0519719419961938	0.144612377153966
PA14_RS05130	22.9169472890662	1.03608201550189	0.533399612787225	1.9424123877555	0.0520871968381439	0.144837945975423
PA14_RS17680	124.77220420459	0.493063324018852	0.253868477260011	1.94219987191974	0.052112908601579	0.144837945975423
PA14_RS02720	12.2378683481431	-1.33943746834657	0.690431225619833	-1.94000128998234	0.0523795331091115	0.145374003893025
PA14_RS20445	85.1600980452724	-0.563396230042397	0.290467493174912	-1.93961886710378	0.052426026217832	0.145374003893025
PA14_RS22965	194.308283869688	0.385996557582901	0.198933358187445	1.94033097867475	0.0523394788425638	0.145374003893025
PA14_RS23485	142.14717436155	0.445587768198491	0.229729055340731	1.93962303783298	0.0524255189748738	0.145374003893025
PA14_RS01850	28.7274712804519	0.854965025196495	0.441270998510719	1.9375055874553	0.0526835710374093	0.146004440995365
PA14_RS25260	201.473444830269	-1.09811489414744	0.566903532691965	-1.93704013261833	0.0527404377797214	0.146078325946582
PA14_RS22300	35.2322952508477	-0.761923699465896	0.393592434271777	-1.93581896683457	0.0528898770900773	0.146324625633646
PA14_RS29470	83.2796631921017	0.63382082638866	0.327378641308117	1.93604819134224	0.0528617989553976	0.146324625633646
PA14_RS06675	144.946688375947	0.399359534418416	0.206383049447298	1.93504037995328	0.0529853407157878	0.14645712220108
PA14_RS22325	218.652517843655	-0.378096128976804	0.195405134332555	-1.9349344645844	0.0529983382654858	0.14645712220108
PA14_RS23320	103.471567769239	-0.48433369419407	0.25044833748915	-1.93386667705491	0.053129522151732	0.146735790477314
PA14_RS09370	89.4854155951898	-0.535827513213717	0.277140684693681	-1.93341339906827	0.053185291944063	0.146805977078475
PA14_RS25715	106.359546627866	-0.488155221593018	0.252646913176812	-1.93216380700994	0.0533392908282762	0.147147068137789
PA14_RS08830	80.6156310905162	-0.547432804825679	0.283401696224832	-1.93164971176243	0.0534027556249254	0.147238156329612
PA14_RS27095	488.558493046495	-0.335858742993833	0.17395943971166	-1.93067271054979	0.0535235397470388	0.147487087302951
PA14_RS07525	20.872600110005	1.07374343442723	0.556395681279063	1.9298198576216	0.0536291621488196	0.147693979585246
PA14_RS24595	118.39038333862	-0.444004691108188	0.230177774335366	-1.92896422076477	0.0537353041640137	0.14790206655502
PA14_RS08435	44.2891168955669	-0.694158559191752	0.360013077809846	-1.9281481756571	0.0538366981571811	0.148012661903427
PA14_RS21185	363.548912790077	0.325011178590261	0.16855548164105	1.92821482532614	0.0538284109188636	0.148012661903427
PA14_RS13460	16.3762795392757	-1.34724497641846	0.698827156032187	-1.92786580313774	0.0538718202504611	0.148025069733653
PA14_RS10930	68.3931488203704	0.573861877922846	0.297783878561749	1.92710861546472	0.0539660952822862	0.148199907316943
PA14_RS05345	66.2648662103074	-0.783018561976585	0.40697609488946	-1.92399153613497	0.0543556443862023	0.149184958145105
PA14_RS08655	64.820731986085	0.586309513526647	0.304802763927308	1.92357019986366	0.0544084793683695	0.149245267286123
PA14_RS18330	17.999349300206	-1.05489736799975	0.549197955745374	-1.92079623925045	0.0547574007916992	0.150038937824796
PA14_RS24475	146.438643414823	-0.441061049819553	0.229626409151912	-1.92077667132688	0.0547598687470564	0.150038937824796
PA14_RS01555	751.391121704946	-0.246179848209275	0.128305235086931	-1.91870462684145	0.0550217256338281	0.150585775418898
PA14_RS29590	60.2456718538393	-0.640107381627113	0.333597247837668	-1.91880294509682	0.055009277006979	0.150585775418898
PA14_RS20065	50.9981052399544	0.736852647012648	0.384141089135865	1.91818232376603	0.0550878967474436	0.150681599926831
PA14_RS08785	218.946216150096	0.361451792770434	0.188514290369453	1.91737078426286	0.0551908431336301	0.15087785042071
PA14_RS24440	14.6891371634604	-1.38886786743434	0.724679264199722	-1.9165276778936	0.0552979636668098	0.151016235251921
PA14_RS25395	1026.23471184775	0.254754826145933	0.132928448935245	1.91648084504495	0.0553039190717851	0.151016235251921
PA14_RS26810	92.2727839773316	-0.511080802583929	0.266781201339829	-1.91573019394612	0.0553994470806334	0.151106444490662
PA14_RS28905	106.469453950858	0.459492260767287	0.239840299179432	1.9158259155753	0.0553872578825815	0.151106444490662
PA14_RS18445	12.0187627838966	-1.42269078165821	0.743128521200486	-1.91446128236328	0.0555612417039731	0.151462325186254
PA14_RS26355	17.2363465382163	-1.14383308041555	0.597589545045932	-1.91407813255439	0.0556101731601775	0.151510308395841
PA14_RS26975	286.300239023001	0.432449723040981	0.226073627984994	1.91287116014118	0.0557645484466326	0.151845358270223
PA14_RS05250	126.803006969801	0.471343121507501	0.246458722001712	1.91246273485191	0.0558168680039989	0.151902292440821
PA14_RS05495	52.3388859231382	-0.725147380044971	0.379321612024113	-1.91169539793813	0.0559152749608369	0.152084516147698
PA14_RS19770	132.521098671628	-0.486687248149315	0.254634136187346	-1.91131972891191	0.0559635052189984	0.152130135603753
PA14_RS07625	167.551290889133	0.403048477557695	0.210985958459496	1.91030948457677	0.0560933773067868	0.152397512727877
PA14_RS27075	175.248535532935	0.394048920104094	0.206591589657891	1.90738122861935	0.0564712383746022	0.153337961133956
PA14_RS20630	157.089826610257	-0.506432003662361	0.265717720717135	-1.90590225708535	0.0566628881721543	0.153772013019382
PA14_RS12275	377.427357372496	-0.300063471094179	0.157504535711474	-1.90511003215712	0.0567657696097948	0.153846840900941
PA14_RS27760	146.905096618872	-0.462836522579393	0.242964523066809	-1.90495516274252	0.056785899712196	0.153846840900941
PA14_RS29845	2224.83136573828	0.212006030685236	0.111287410885849	1.90503156644283	0.0567759679302095	0.153846840900941
PA14_RS16080	28.6879393049659	-0.810350412376059	0.425563334938626	-1.90418286973178	0.0568863719219559	0.154032751743885
PA14_RS19230	17.0531113199278	-1.12528977779605	0.591501316074889	-1.90242988006062	0.0571149777847617	0.154565211285455
PA14_RS24185	13.9455615029048	1.16525629855915	0.61258871675633	1.90218374365302	0.0571471373181599	0.154565747243077
PA14_RS04885	259.799448611949	0.341454841301763	0.179547088587482	1.90175649178179	0.0572029966838224	0.154630347659567
PA14_RS12585	32.0667737568504	0.90482714864415	0.47587252632445	1.90140657127837	0.0572487794847849	0.154667652284033
PA14_RS24540	166.193503281997	-0.393931739074047	0.207228001033546	-1.90095806121431	0.0573075060797514	0.154739865662578
PA14_RS24415	47.6422350225896	-0.673778106754819	0.354621055048602	-1.89999464826609	0.057433821952336	0.15499439897405
PA14_RS27580	110.074423622328	0.544922109753977	0.286933595413877	1.89912271850905	0.0575483426990949	0.155216835076867
PA14_RS19165	10.8147646443757	1.52009022115876	0.801694397383024	1.89609684952371	0.0579472391216074	0.15620560111042
PA14_RS07580	17.7838071855134	-1.11533648941561	0.58860084561032	-1.89489447345105	0.0581063835016495	0.156460172947649
PA14_RS26645	978.228606687327	-0.252730083150925	0.133367248476582	-1.89499360628484	0.0580932487318463	0.156460172947649
PA14_RS03860	29.1717972797597	-0.859869699149237	0.453953130385659	-1.89418167117546	0.0582009001051112	0.15659698001752
PA14_RS06960	191.019759568474	-0.405895979249418	0.214358811868951	-1.89353530984098	0.0582867171281092	0.15659698001752
PA14_RS10960	184.715303399298	-0.365886335385599	0.193213597853518	-1.89368832965364	0.058266391283791	0.15659698001752
PA14_RS22720	112.206993286859	-0.456896131498453	0.241281701909661	-1.89362114027826	0.0582753154209907	0.15659698001752
PA14_RS17275	23.4064351249277	1.00716506162191	0.532132558513355	1.89269580578884	0.0583983345077048	0.156809742187263
PA14_RS26890	21.2072425551411	-1.01030081101902	0.533908132427684	-1.89227462489694	0.0584544000236595	0.156873184525204
PA14_RS09635	36.0543438899125	0.801541889300643	0.423989548429349	1.89047558429192	0.0586943829801882	0.157429859174814
PA14_RS10420	1611.83407301477	-0.271131665202825	0.143457566597516	-1.88997814220222	0.058760883450755	0.15752086051433
PA14_RS17400	513.624406372479	-0.283281350212186	0.149963258393462	-1.88900503527961	0.0588911540060812	0.15778261538693
PA14_RS07885	26.047625931393	0.920270605240329	0.487592363332744	1.88737698628048	0.0591096382557236	0.158280293801041
PA14_RS20635	502.623649324847	-0.294923277401519	0.156536496749531	-1.88405441239315	0.0595576157532768	0.159391604749777
PA14_RS23295	59.4345356076473	0.619445294042356	0.328915297589828	1.88329730657536	0.0596600882426094	0.159577536914413
PA14_RS26710	461.295132989691	-0.282437090895203	0.150018846681245	-1.8826773911635	0.0597441012004005	0.159713915646842
PA14_RS31705	30.3894747961317	-0.885076285481039	0.470677283246824	-1.88043127846666	0.0600493240409651	0.16044117738238
PA14_RS16635	230.144711820351	0.349991188044123	0.186229623132406	1.87935293084541	0.0601963187768363	0.160745111874534
PA14_RS25280	222.762940100048	0.38305142369737	0.204110193535468	1.87668933659018	0.0605606849814316	0.161628847996801
PA14_RS02315	88.1443673194403	-0.491005137871786	0.261825912957289	-1.87531147061018	0.0607498862344749	0.162044373871991
PA14_RS23310	32.0047866516575	-0.776578555972167	0.414191674598985	-1.87492555644447	0.0608029656351903	0.162096550061621
PA14_RS10305	298.846109142112	0.369729065124219	0.19726588783517	1.87426761505341	0.06089354879929	0.16215925219899
PA14_RS26320	34.3530708743188	0.787841127325147	0.420320343232572	1.8743825751237	0.060877713426515	0.16215925219899
PA14_RS29265	36.1866781712766	0.727730422325321	0.388433364749127	1.87350132189425	0.0609991903766775	0.162351174827525
PA14_RS02080	53.6713106654875	-0.617150522899025	0.329503336534289	-1.87297199897945	0.0610722517307005	0.162366910043798
PA14_RS18845	39.5512320109405	-0.779712894043314	0.416266599880397	-1.87310943099288	0.0610532753091707	0.162366910043798
PA14_RS06690	101.786333014142	0.473095459136634	0.252986439336141	1.87004275951738	0.0614778802265405	0.163181243716995
PA14_RS11955	23.7213401070672	0.90478520699553	0.483834837012664	1.87002906318597	0.0614797820621102	0.163181243716995
PA14_RS27875	93.9923738741768	0.498064112563119	0.266327481520617	1.87011910944895	0.0614672793739328	0.163181243716995
PA14_RS09345	169.700805379003	0.42554141751965	0.227690007959229	1.86895077800625	0.0616296627776963	0.163453901094883
PA14_RS22110	259.899982686885	-0.321755286797796	0.172171779182769	-1.86880386742265	0.0616501066164323	0.163453901094883
PA14_RS14520	122.795978174505	-0.562639859717721	0.301155860758449	-1.86826800680796	0.0617247236999858	0.16356206236336
PA14_RS27635	497.629302332381	0.305570059136312	0.163617834829345	1.86758405313836	0.0618200709079798	0.163725007070641
PA14_RS01590	255.499584876183	-0.347244506421824	0.186008632790093	-1.86681930410016	0.0619268257894372	0.163828298423259
PA14_RS25600	114.692987619885	0.45768922940513	0.245150967957333	1.86696888541263	0.0619059330435851	0.163828298423259
PA14_RS06825	131.626523355431	-0.434715536326157	0.232960402288591	-1.86604904548384	0.0620345039483663	0.164023434168562
PA14_RS18515	708.078835895607	-0.244700462005964	0.13118824137533	-1.86526215642967	0.0621446668909585	0.16422492299709
PA14_RS20325	49.4777657461245	0.655320752155875	0.351506563003075	1.86432010417439	0.0622767652124196	0.164484127016527
PA14_RS06765	62.04824873152	-0.631766856413944	0.338944404086591	-1.86392472864826	0.0623322755065922	0.164498426536046
PA14_RS16645	146.961264546508	0.395949653556291	0.212442472401112	1.86379705094328	0.0623502100580176	0.164498426536046
PA14_RS02625	31.9576574664826	-0.833748743337878	0.44741372797087	-1.86348493846877	0.0623940696480995	0.164524384306548
PA14_RS08080	62.744662223335	-0.667786757116516	0.35844061015124	-1.86303320049241	0.0624575953006686	0.164564714804252
PA14_RS18525	126.891696866326	-0.446398887784669	0.239626784552914	-1.86289228317086	0.0624774227420609	0.164564714804252
PA14_RS08065	45.662135877471	0.647344421166835	0.347666601578045	1.8619689617253	0.0626074653641462	0.164682855357834
PA14_RS16890	306.25873839285	-0.312865589153192	0.168009095378948	-1.86219435589196	0.0625756997203533	0.164682855357834
PA14_RS28740	329.802529749386	0.333879419897524	0.179326837979426	1.8618485869685	0.0626244356912854	0.164682855357834
PA14_RS15335	29.7919962609523	-0.849700341694044	0.456497767405291	-1.86134610586092	0.0626953161214773	0.1647796460671
PA14_RS12510	59.8778402249377	-0.670350832528002	0.360288824077295	-1.86059291249119	0.062801686478904	0.164969557746866
PA14_RS07965	13.5682380391277	-1.27677781301736	0.686981884710456	-1.85853199543317	0.0630935041399602	0.165646137904912
PA14_RS07740	47.9557799999814	-0.651698519212691	0.350765970499567	-1.85792971389023	0.0631789961348978	0.165769416761646
PA14_RS18510	326.480084125654	-0.314008660249589	0.169029204428094	-1.85771838252466	0.0632090166477408	0.165769416761646
PA14_RS04335	150.283471623925	0.417958283201128	0.225021416278358	1.85741557454292	0.0632520523474834	0.16579237135633
PA14_RS20440	245.970251477337	-0.382184789901867	0.205803192901728	-1.85704013875218	0.06330544368243	0.16584242992862
PA14_RS18435	167.44595706984	0.40477422111055	0.218094510254585	1.85595786266262	0.06345956438676	0.166156173998035
PA14_RS19095	79.3638584296458	-0.494605514346377	0.266542043789382	-1.85563788479542	0.0635051899251478	0.166185659349575
PA14_RS21825	16.9646407920408	-1.15077251541209	0.620902427688509	-1.85338704455736	0.0638269029065911	0.16693721063076
PA14_RS05895	387.992264073351	-0.328372984492659	0.177235319474103	-1.85275138988671	0.0639180004986083	0.167085108330416
PA14_RS05305	41.4481187583352	-0.710627803178643	0.383613127557512	-1.85245955398673	0.0639598603344998	0.167104205606505
PA14_RS02435	114.097404488433	-0.426895982499904	0.230630287470933	-1.85099705325437	0.0641699770340427	0.167562639814595
PA14_RS03970	94.3239157994197	0.493891420881392	0.267092573238587	1.84913947584837	0.0644376754817274	0.168080150285671
PA14_RS26805	64.3360117928624	-0.645524776036686	0.349072581951142	-1.84925659995558	0.0644207693551594	0.168080150285671
PA14_RS10445	67.3853045620849	-0.61100393867354	0.330701563938967	-1.84759918095309	0.064660348290026	0.168570050852057
PA14_RS02180	750.299087083088	-0.299689354355851	0.162239612545282	-1.84720210837662	0.0647178539379927	0.168629063385847
PA14_RS01980	216.937323984655	0.363774425087356	0.19705158769868	1.8460872573309	0.0648795367658656	0.16886837448855
PA14_RS10955	15.126019292834	1.11888071678529	0.606061548584909	1.84615031162719	0.0648703833459962	0.16886837448855
PA14_RS00240	42.135114547073	0.686371838318622	0.372135276019841	1.84441487423522	0.0651227012421094	0.169410103930522
PA14_RS11155	36.1061319280614	0.776778463882848	0.421374194171754	1.84344099526472	0.0652646492236879	0.16943866225384
PA14_RS16760	348.184793015337	-0.328062827246823	0.177955302482462	-1.84351251505503	0.0652542161640737	0.16943866225384
PA14_RS24000	60.364786989991	0.592942742043512	0.321541495810243	1.84406289629702	0.0651739744639685	0.16943866225384
PA14_RS28815	62.9930654167621	0.683384235404668	0.370723857426479	1.84337808780001	0.0652738270841408	0.16943866225384
PA14_RS18490	168.432119526909	-0.388129796564756	0.210587385271387	-1.84308189241519	0.0653170547013532	0.169459912304584
PA14_RS29670	16.5439244164365	-1.16536168234245	0.632399638996525	-1.84276146044552	0.0653638460578491	0.169490380448128
PA14_RS01435	153.42472452218	0.410061065914368	0.222751982054941	1.84088627239792	0.0656382265075397	0.170110644903784
PA14_RS00200	1319.62676183754	0.279298906144905	0.15181358480962	1.83974910081437	0.0658050812408611	0.170360477987582
PA14_RS00660	137.388283824953	0.520007965061249	0.282623512768609	1.83993171681718	0.0657782628497236	0.170360477987582
PA14_RS00930	15.0403058779484	1.12775416322671	0.61353845631126	1.83811487548316	0.0660454796659367	0.170891353485538
PA14_RS01295	40.44644980425	0.682406509004849	0.371496779442106	1.8369109687294	0.0662230397577862	0.171259155223879
PA14_RS05195	846.620919412641	0.25585879984577	0.13932423501766	1.83642709262563	0.0662945157054205	0.171352366622883
PA14_RS09875	39.4983157562947	-0.747790659265107	0.407359978362632	-1.83569986985669	0.0664020572246962	0.171355575634275
PA14_RS12225	650.101357255284	-0.251905771080884	0.137217643365943	-1.83581181618956	0.066385493277519	0.171355575634275
PA14_RS28750	457.278013118161	0.327580900451471	0.178431136625582	1.83589538601025	0.0663731302312436	0.171355575634275
PA14_RS20535	25.8857692359452	-0.85114448245558	0.46376812245823	-1.83528026450813	0.0664641737085759	0.171424396829159
PA14_RS17790	37.9911247690323	-0.763570353786566	0.416114579041211	-1.83500024331266	0.0665056534055408	0.171439946625371
PA14_RS02410	74.5044240499112	0.512469789668254	0.279347176510046	1.8345264701461	0.0665758822444593	0.171529550630903
PA14_RS01355	140.490266381252	-0.480071244101196	0.261938840769988	-1.83276081809781	0.0668381483821719	0.172021972100151
PA14_RS28160	848.029948561131	0.326241476670664	0.177984503217195	1.83297686469114	0.0668060116830685	0.172021972100151
PA14_RS17470	105.462549184728	-0.447889236153086	0.244471063285518	-1.83207464365627	0.0669403005156469	0.172193241113654
PA14_RS01835	69.3507542330682	0.533453197996434	0.291430210421709	1.83046636525606	0.0671802318174732	0.172718554529134
PA14_RS15510	37.9459917220996	-0.741242034536711	0.405072147432616	-1.82990126384835	0.0672647044392139	0.172752050275113
PA14_RS16710	4835.23772463742	-0.224894381575326	0.122885113656747	-1.83011900207473	0.0672321460960753	0.172752050275113
PA14_RS01490	18.0935824465807	1.04272102665061	0.570159612518126	1.82882302386415	0.0674261246840874	0.172891165944988
PA14_RS05835	810.125619771473	0.299999050319876	0.164033923377834	1.8288841975014	0.0674169580311707	0.172891165944988
PA14_RS24380	147.009196761356	-0.460181748477649	0.251596125565451	-1.82904942372785	0.0673922045914716	0.172891165944988
PA14_RS02595	109.923793608407	0.488491735512816	0.267175889460829	1.82835261257522	0.0674966484218755	0.172945384364118
PA14_RS16515	44.4697823643979	0.638378640894846	0.349183295684289	1.8282049822682	0.0675187935648171	0.172945384364118
PA14_RS06615	98.681958442854	-0.542807813882974	0.296988473983611	-1.82770666686859	0.0675935870386083	0.172953749692439
PA14_RS23695	224.269647140329	-0.392185630200608	0.214562550216983	-1.82783822155357	0.067573835029451	0.172953749692439
PA14_RS22575	98.026443317148	0.513945794228485	0.281410656604518	1.82631958728827	0.0678021364808235	0.17339562772145
PA14_RS05040	157.872420934383	0.391748702717456	0.214580033250657	1.82565309913921	0.0679025320411445	0.173468909113035
PA14_RS06745	169.893662166228	-0.378132947440833	0.20710370263728	-1.82581452009621	0.0678782053956838	0.173468909113035
PA14_RS02110	33.5477285667098	0.761224181876273	0.417064325321811	1.82519610443522	0.0679714414675433	0.173553268710158
PA14_RS15475	62.7720522352898	0.552140858077248	0.302605948059053	1.82461997729634	0.0680583966084864	0.173683591556011
PA14_RS18055	56.477150318942	-0.57352166899503	0.314368967300121	-1.82435840891223	0.0680979054310319	0.173692758789278
PA14_RS00555	12.1539906746396	1.21873676912991	0.668812258931505	1.82224047608961	0.068418505502013	0.174418499002496
PA14_RS06970	105.41341604709	0.513436404279706	0.281921783833213	1.82120160173028	0.0685762171004898	0.174728443571111
PA14_RS11410	22.7271795662047	0.90783491267025	0.498568850129706	1.82088173465725	0.0686248362653225	0.17476024653981
PA14_RS05360	62.8331744222827	-0.649193544915283	0.356752378408876	-1.8197315118422	0.0687999020172008	0.175113855871149
PA14_RS02785	106.329905371388	0.504011811294241	0.277381497592918	1.81703471813366	0.0692117974860778	0.17588452582379
PA14_RS12490	297.818840933324	0.355372655597069	0.195554830563105	1.81725327149304	0.0691783414341304	0.17588452582379
PA14_RS12545	287.835320377937	0.305189906863348	0.167933203318274	1.81732915726581	0.0691667279808834	0.17588452582379
PA14_RS10900	14.94033650353	-1.30855803956376	0.720436986866043	-1.81633933767904	0.0693183344418511	0.176062744412181
PA14_RS02140	118.163363114236	0.510411557961353	0.281149921827906	1.81544264584139	0.0694559124285915	0.176319576117936
PA14_RS01390	90.4500623955606	-0.466532855825682	0.257174837999887	-1.8140688235833	0.0696671306329207	0.176577695880925
PA14_RS03840	55.1103591193799	-0.668426466011981	0.368436351888789	-1.81422506922917	0.06964308211187	0.176577695880925
PA14_RS20530	183.882201146627	0.396317704528561	0.218424470530765	1.81443820633064	0.0696102881426483	0.176577695880925
PA14_RS06810	44.1965046714569	0.675481147387767	0.372814672594888	1.81184163886641	0.0700106692036808	0.177355472115768
PA14_RS02950	69.3564724472639	0.602531945539269	0.33306072351467	1.80907535172855	0.0704392977603625	0.178347876423619
PA14_RS06350	153.565375361428	0.39371002320191	0.217877108130035	1.80702794607927	0.0707579219740447	0.179060863771052
PA14_RS09175	79.9875272177961	0.542074089414696	0.300109041142913	1.80625711025	0.070878187920351	0.179271399991013
PA14_RS12425	22.3764902892832	0.947298210894153	0.524657260685567	1.80555627812397	0.0709876773027412	0.179454473306877
PA14_RS07765	83.3747560200823	0.569307912728823	0.315363372102433	1.80524424549819	0.0710364700341878	0.179483996387321
PA14_RS16595	71.3185754362502	-0.59510822502399	0.329877799916297	-1.80402629450964	0.0712271849577219	0.179871888488534
PA14_RS09785	30.3362448220506	0.775461227655478	0.430061657081515	1.80313965424845	0.0713662848438738	0.180047056914152
PA14_RS15155	23.0682542931491	-0.910597756317269	0.505015213058319	-1.80310955545831	0.0713710107742824	0.180047056914152
PA14_RS11895	12.4865765232138	1.21777639661186	0.675614552787159	1.80247212199335	0.0714711569808864	0.180205690906969
PA14_RS27395	27.4014071082631	0.860551487351797	0.477739153393258	1.80129989606152	0.0716556242246939	0.180576653856498
PA14_RS17135	231.255750192698	-0.334669146631107	0.185978269840372	-1.79950672150224	0.071938561642693	0.181195252137533
PA14_RS17815	1258.08751619978	0.283749899813896	0.15784397131002	1.79766067375855	0.0722307970257973	0.181836613439227
PA14_RS13185	29.2205070347254	0.769396155006896	0.428056594219575	1.79741689626262	0.0722694603601588	0.181839287357819
PA14_RS19185	96.2014886291786	0.5088967164069	0.283181713568956	1.79706772020426	0.0723248695222969	0.18188407124796
PA14_RS15165	52.1954596034792	-0.59972885587218	0.334071869903877	-1.79520908493355	0.0726203935540179	0.182532340554694
PA14_RS23905	42.7692096310187	-0.634484788886065	0.353486756012567	-1.79493227990558	0.07266449015328	0.182548298379876
PA14_RS23790	190.152686981681	0.383621433083334	0.213779030612404	1.79447643664764	0.0727371563144413	0.182635975044984
PA14_RS09090	59.2332784045322	-0.608126953363309	0.339320429179149	-1.79219080570666	0.0731024069459053	0.183457830820134
PA14_RS23475	2386.6080671817	-0.253540311590682	0.141522510398437	-1.79151931997868	0.0732099971030916	0.183632544600908
PA14_RS26800	365.79786776889	-0.279634172642144	0.156263473894686	-1.78950439071003	0.0735336210033311	0.184348673495132
PA14_RS03850	106.210940687388	-0.489319931157773	0.273593189012191	-1.78849456349577	0.0736962519814872	0.184362040396318
PA14_RS06650	74.9303023673291	-0.486977562226263	0.272285087238456	-1.7884841478659	0.0736979309323459	0.184362040396318
PA14_RS10265	83.263587302219	-0.478218507600681	0.267398570533612	-1.78841086041097	0.0737097454118712	0.184362040396318
PA14_RS14580	186.708005344929	-0.362035485146484	0.202501615539337	-1.78781529313853	0.073805812697947	0.184362040396318
PA14_RS14775	149.867475965739	0.405522517417714	0.226780994545221	1.78816799984026	0.0737489074007681	0.184362040396318
PA14_RS15845	182.650105664869	-0.382581887217313	0.213904460185839	-1.78856432860225	0.073685006978672	0.184362040396318
PA14_RS27245	189.939102999034	0.352988824155797	0.197420405530234	1.78800576975686	0.0737750769604603	0.184362040396318
PA14_RS14760	32.8768054579937	-0.740059121685441	0.414007930551974	-1.78754817739545	0.0738489327321468	0.184374516619857
PA14_RS12905	10.7251314991779	-1.4410630220478	0.807468237617224	-1.78466836825715	0.0743151246184542	0.185442694868341
PA14_RS16725	57.6971168879218	0.620958807139534	0.348113629735534	1.78378194387644	0.0744591046810786	0.185706152778595
PA14_RS09830	576.125643558039	0.280906779393847	0.157552452721905	1.78294132868674	0.0745958545306331	0.185899262529348
PA14_RS24200	11.5963336979778	-1.32365933294093	0.74244697908406	-1.7828334820271	0.0746134136826849	0.185899262529348
PA14_RS18210	13.2678988726716	-1.14319923452476	0.641796742048646	-1.78124811116306	0.0748719271569476	0.186351332851775
PA14_RS29810	639.592558679964	-0.253611712450644	0.142374362689354	-1.78130182752072	0.0748631561119398	0.186351332851775
PA14_RS00155	20.401341776264	0.939300638688643	0.527501950807995	1.78065813263795	0.0749683167081539	0.18649525699621
PA14_RS05705	21.2446660184567	0.896885591842099	0.504031440777741	1.77942389954517	0.0751702910874489	0.186901556657534
PA14_RS10895	27.6980676908496	-0.838927370230283	0.471648657033104	-1.77871251771931	0.0752869058832716	0.186999217694659
PA14_RS18685	40.0878273918931	0.780356942745532	0.438669018220185	1.77891966456095	0.0752529336599415	0.186999217694659
PA14_RS06525	67.112875031728	0.591333256335039	0.333305889489281	1.77414583715016	0.0760390305397376	0.188712768315181
PA14_RS13045	122.901410957978	-0.462397332313271	0.260653639058392	-1.77399146999702	0.0760645612673697	0.188712768315181
PA14_RS28790	55.5799860454377	-0.604336556685722	0.340698870406519	-1.77381438325473	0.0760938581916051	0.188712768315181
PA14_RS13070	13.5266373113587	1.3705526824701	0.772908445304219	1.77324066103412	0.076188837027226	0.188851468920382
PA14_RS20485	102.979651595579	-0.433398003812573	0.244451403434563	-1.77294136062749	0.0762384241194509	0.18887507077071
PA14_RS21220	18.8034220293564	-0.994893896089767	0.561227088843361	-1.77271182355106	0.0762764708881715	0.18887507077071
PA14_RS09440	165.309358582906	-0.417668060828692	0.235702983190431	-1.77201007460838	0.0763928848800176	0.189066525731712
PA14_RS16430	13.737604009225	1.47599439862248	0.833309524708093	1.77124388340517	0.0765201546968035	0.189284638421351
PA14_RS27885	94.7774529666704	0.502221905910572	0.284071396712206	1.7679425374156	0.0770705105583814	0.19054856291428
PA14_RS15480	199.65133527852	-0.333357560529174	0.188815096088733	-1.7655238772461	0.0774757609262404	0.191452621277107
PA14_RS13615	11.8784426057813	-1.2267192183478	0.695123597904664	-1.7647497826941	0.077605827797468	0.191676089493644
PA14_RS20450	64.6137760935131	-0.562101511037089	0.318936689441406	-1.76242348292248	0.0779977739329427	0.192545806401077
PA14_RS05665	59.4913609705124	0.590931726505719	0.335731645317039	1.76013114863715	0.0783855725326808	0.193404402432676
PA14_RS09905	137.261157085509	-0.395761779053948	0.225250583013306	-1.75698448261317	0.0789204541687523	0.194525645443469
PA14_RS18130	87.2426804209374	-0.534407866445474	0.304127140769965	-1.75718571217453	0.078886159806193	0.194525645443469
PA14_RS02880	128.710446081747	0.394077663353859	0.224357131120315	1.75647487283357	0.07900735819685	0.194640644034624
PA14_RS19430	52.2799747894771	-0.586608724491399	0.334096382165366	-1.75580687432002	0.0791213902127826	0.194822323354897
PA14_RS28765	173.307693976275	-0.511250765143951	0.291270156990142	-1.75524595594342	0.0792172462617542	0.194959085456409
PA14_RS00490	10.7446237038486	1.47728560202493	0.842196533874463	1.75408653753155	0.07941568009968	0.195248718333529
PA14_RS18230	22.8749085311817	-0.975604856633804	0.556156366203979	-1.75419165529427	0.0793976726069337	0.195248718333529
PA14_RS08505	17.0144464159144	-1.1688932760293	0.666702232519489	-1.75324638048985	0.0795597249213051	0.195404179644201
PA14_RS17715	45.0595722363592	0.717221816703997	0.409059555428797	1.75334326551098	0.0795431031691846	0.195404179644201
PA14_RS25820	107.297142628364	-0.417873060893534	0.238387871076346	-1.75291242380241	0.0796170407179062	0.195445689802941
PA14_RS01070	37.8899602818393	0.694216248497798	0.396157746099886	1.75237327890784	0.0797096430703893	0.195463442791699
PA14_RS01075	24.8831925237106	0.930404514013256	0.531145442089299	1.75169443298514	0.0798263646636902	0.195463442791699
PA14_RS11015	55.1336725946705	0.64780559075008	0.369696159620113	1.75226486370792	0.0797282747974654	0.195463442791699
PA14_RS22130	918.38619336443	-0.230576681596448	0.131623888341767	-1.75178445570416	0.0798108780629812	0.195463442791699
PA14_RS22875	297.480214276681	-0.313702217640312	0.179047060905955	-1.75206571977792	0.0797625079612544	0.195463442791699
PA14_RS06820	26.2338418963474	0.818984511571886	0.467830585857653	1.75060061554222	0.0800147291838188	0.195825521423557
PA14_RS05730	30.6837928567023	0.828684484806772	0.474502399565704	1.74642843864486	0.0807365318818265	0.197438315402191
PA14_RS21040	1462.49409627749	0.217233617847561	0.124395085665621	1.74631993446666	0.0807553738348914	0.197438315402191
PA14_RS12990	16.2285252697586	-1.01704998418063	0.583553855384838	-1.74285539337224	0.0813588774757513	0.198813305443524
PA14_RS01865	58.7261059989781	0.557085550510479	0.319797215560628	1.74199625076118	0.0815091003117927	0.199079802579712
PA14_RS04185	16.1771790498163	-1.0049402442923	0.577654133620765	-1.73969194679398	0.0819131241783261	0.199864716713615
PA14_RS06600	46.8574790617268	-0.656561996508855	0.377366820398739	-1.73985088518145	0.0818852047448566	0.199864716713615
PA14_RS11340	428.18873843667	0.317907563341409	0.182775889558912	1.73932986516223	0.0819767569904302	0.199919110845043
PA14_RS01645	93.0748379919615	0.477645096198223	0.275229371316973	1.7354437642781	0.0826622340519407	0.201489195501605
PA14_RS18470	74.5717624741928	-0.50296093574042	0.28993020374279	-1.73476557201546	0.0827823365347995	0.201680291930625
PA14_RS13545	10.4218653458189	-1.43205796316086	0.825638042246422	-1.73448640915876	0.082831815138001	0.201699223568667
PA14_RS30960	618.858346861019	-0.280926067056228	0.162043243326359	-1.7336487550452	0.0829804241504279	0.201959401706829
PA14_RS20205	40.7628899818315	-0.666875391173999	0.384789270834694	-1.73309247871542	0.0830792329823081	0.202098174397607
PA14_RS07675	51.4137993618452	-0.614176722610109	0.354631580251924	-1.73187261600845	0.0832962453789136	0.202524204450692
PA14_RS20710	107.771018790346	0.430003939789909	0.248506736237784	1.73035124238427	0.0835675394837429	0.202979719208127
PA14_RS24500	34.2056520147967	-0.685674097009262	0.396215513603064	-1.73055842961309	0.0835305514461256	0.202979719208127
PA14_RS24545	402.891867767035	-0.360790117125576	0.208914414060286	-1.72697570317701	0.0841720271374723	0.20434534299037
PA14_RS29345	25.3014831097332	0.862146596820059	0.499292992291315	1.72673482330198	0.0842152985616494	0.204347809254459
PA14_RS29005	122.169258616725	0.423907802999612	0.245848384465214	1.72426515602991	0.0846599864917967	0.205323818793545
PA14_RS13570	157.083492955541	-0.458124919581908	0.265753965177553	-1.7238686138731	0.0847315644876433	0.205394408953505
PA14_RS11460	72.738806155047	0.518522380932572	0.300907583854466	1.72319479054192	0.0848533054924831	0.205586465612048
PA14_RS25165	78.7815343220717	0.556416778672178	0.323270519253362	1.7212110153357	0.085212539687062	0.206353451140026
PA14_RS01370	176.982434964791	-0.383073849016631	0.222700522063219	-1.72013000000012	0.0854088136098647	0.206620706128169
PA14_RS17225	67.535485067732	0.521681602483725	0.303321335758337	1.7198974848883	0.0854510778032131	0.206620706128169
PA14_RS25275	169.197636916284	-0.356094472369349	0.207007993005453	-1.72019672863535	0.085396687489639	0.206620706128169
PA14_RS15355	22.6332996458085	-0.950533086918989	0.552900775975272	-1.71917481078287	0.0855825459740456	0.206835178575954
PA14_RS08915	82.3136055093242	0.464322209618779	0.270636744998828	1.71566580739356	0.0862232263697893	0.20827948188027
PA14_RS06385	226.97900458878	0.311886879386138	0.181851298774499	1.7150654490122	0.0863332280715788	0.208441083851301
PA14_RS18360	16.4016044670464	-0.993027416328408	0.580068931656426	-1.71191277818095	0.0869127434694837	0.209735542623964
PA14_RS03425	56.3368990614598	0.558348583557308	0.326219169703248	1.71157502505209	0.0869750141255593	0.209781131327284
PA14_RS18140	221.813125962331	-0.363227643489947	0.212310081811785	-1.71083558722356	0.0871114680622756	0.210005513234878
PA14_RS13875	11.9066511711118	-1.209351016165	0.707140457128276	-1.71019916054049	0.0872290508968612	0.210079526960767
PA14_RS25895	25.1725126183998	0.846165174001154	0.494710249221539	1.71042580042086	0.0871871634330668	0.210079526960767
PA14_RS26000	81.3186995585556	-0.449444326372348	0.263111950588739	-1.70818666870384	0.0876017113586078	0.210872014002104
PA14_RS10935	185.646559845164	0.339887250263669	0.199309785076669	1.70532144286305	0.0881344905438911	0.212048953368287
PA14_RS07990	13.8118921881951	1.07699446292256	0.63182227641947	1.70458450598779	0.0882719430717539	0.212274051066634
PA14_RS19775	32.7126878233772	-0.715695708438761	0.420522356435651	-1.70192071238495	0.0887702324735403	0.213260230621978
PA14_RS25635	3737.93360795191	0.303206379388425	0.178141749598007	1.70205120401387	0.0887457700152849	0.213260230621978
PA14_RS05605	43.2012770032015	-0.637931910306045	0.375075902694521	-1.70080750515611	0.0889791395103909	0.213655967563183
PA14_RS08840	70.9229175587558	0.489057511606712	0.287630884333726	1.70029554628521	0.0890753477700983	0.213674792567557
PA14_RS13410	16.3055710081657	-1.1172590763858	0.657036190846659	-1.70045286994936	0.0890457743004475	0.213674792567557
PA14_RS23490	34.7091298056508	0.736459681689266	0.433333433234779	1.699521950549	0.0892208822815386	0.213917792123709
PA14_RS23480	2808.3021203365	-0.253068358847487	0.14902083713905	-1.698207872845	0.0894685351698215	0.214405270605182
PA14_RS11670	1693.37493740105	-0.228202873646843	0.134423760349318	-1.69763792542203	0.0895761202204405	0.214556769383878
PA14_RS01445	18.3565702357776	0.973212226744073	0.573381826834506	1.69731962402249	0.0896362491024002	0.214594505276835
PA14_RS19050	33.7244143159088	-0.680537153302823	0.401046508238299	-1.69690332498408	0.0897149393183496	0.214676618774636
PA14_RS23345	5561.89859938957	-0.215009000655761	0.12674509999904	-1.69638905691336	0.0898122247437164	0.214803125054705
PA14_RS05740	134.111220812853	0.412962558503032	0.243713485617578	1.69445920260247	0.0901780578518915	0.215571471958353
PA14_RS24735	476.434736838189	0.263201551809002	0.155352740518312	1.69421891709711	0.0902236914410183	0.215573997929231
PA14_RS29880	584.882149827183	0.276846190578279	0.163551300562364	1.69271775660821	0.0905092037283218	0.216149387274155
PA14_RS09710	795.218739477427	-0.223854040244145	0.132307063157114	-1.6919281170826	0.090659680206247	0.216401882269206
PA14_RS30910	72.8021190557894	-0.585129603862146	0.345915299163982	-1.69154011191845	0.0907336935317347	0.216471702969644
PA14_RS04405	18.1186727887248	-0.912481255298723	0.540131203952803	-1.6893696357866	0.0911486161371211	0.217354392326981
PA14_RS05905	74.0908216409436	-0.508529369015918	0.301207237706375	-1.68830394942782	0.0913528974886588	0.217734160796034
PA14_RS23565	857.490195290451	0.227661946192639	0.135013293056342	1.68621874956886	0.0917536738368185	0.218581658460519
PA14_RS09750	56.3733118905766	-0.597725294304215	0.354579311446163	-1.68573087884449	0.0918476464687511	0.218697793364294
PA14_RS25310	212.523967679184	-0.367338851044032	0.217992822777012	-1.68509607960711	0.0919700359180195	0.218881443749775
PA14_RS17025	23.7900328326746	-0.810816862691297	0.482197509050138	-1.68150363175557	0.0926651316174789	0.220427238810688
PA14_RS11035	13.9143336306251	1.00046653019686	0.595598263803689	1.67976737173065	0.0930025857844814	0.221121192160153
PA14_RS06870	173.031352915646	-0.375341687774137	0.223492099988461	-1.67944051621295	0.0930662226012281	0.221163760442034
PA14_RS16280	14.2211908878676	1.07868065538143	0.643529709727323	1.67619402659512	0.0937001938600517	0.222560971270732
PA14_RS03670	37.3305139678129	-0.685939749221249	0.409418834458488	-1.67539861747811	0.0938560476982515	0.222821721486865
PA14_RS01315	130.101027411508	0.423730205256088	0.253059478623692	1.67442929844248	0.0940462587272181	0.223163742495008
PA14_RS08190	14.8356157943418	1.06531424628689	0.637062846926435	1.67222786798287	0.0944793971561005	0.223971794298003
PA14_RS20060	118.971718801355	0.377512376628379	0.225754160976231	1.6722277675676	0.0944794169495298	0.223971794298003
PA14_RS31735	105.347226855931	-0.455305482037009	0.272380761636753	-1.67157724099547	0.0946077157385587	0.224166052577986
PA14_RS06095	16.1412047178065	0.976313193897039	0.58431692153356	1.67086243426713	0.0947488530150423	0.224170965352615
PA14_RS11520	182.700789798545	0.334817733943357	0.200349583874605	1.67116760348708	0.0946885772871666	0.224170965352615
PA14_RS18925	18.7307728922439	-1.05807196635698	0.633202077604038	-1.67098625190966	0.0947243933746863	0.224170965352615
PA14_RS28620	833.021385431083	0.245871263165353	0.147175333189072	1.67060102965412	0.0948005089884593	0.224183501940435
PA14_RS24255	18.226700823652	0.956406753840407	0.572750472338412	1.66984891332453	0.0949492600182615	0.224425523679527
PA14_RS06120	161.85557478189	0.355542734711916	0.213063498485949	1.66871724738606	0.095173429380895	0.224845483383492
PA14_RS02415	220.764173679298	0.40878720922325	0.245041650611719	1.66823561709921	0.0952689630405128	0.224961281867148
PA14_RS06995	125.559842120971	0.388361522326415	0.232965978868001	1.66703105841244	0.0955082292607515	0.225306242295119
PA14_RS14040	45.0277941145693	-0.615636410063956	0.369278521364197	-1.66713300245478	0.095487961095149	0.225306242295119
PA14_RS22385	37.8133476129903	0.68162199963776	0.409459821607967	1.66468591951464	0.0959754335966587	0.226297999450727
PA14_RS18075	435.421990040423	-0.367608864320605	0.220935173421434	-1.66387659614248	0.096137092923238	0.226568704374649
PA14_RS16805	216.723135171862	0.419726873215296	0.252330465876575	1.66340149120401	0.096232094827181	0.226571767567793
PA14_RS27290	45.7555369658273	0.604703922406013	0.363497199790201	1.66357243674787	0.0961979039363473	0.226571767567793
PA14_RS07460	148.52181535531	0.390513737277046	0.234889517795388	1.66254220683114	0.0964041079784272	0.22686630957843
PA14_RS06660	108.049549767769	-0.43532712653049	0.262132081200375	-1.66071670639095	0.0967703564944724	0.227617433855675
PA14_RS28825	126.120924918364	0.400341331110982	0.241151708109109	1.66012231159419	0.0968898492731273	0.227787705923599
PA14_RS18275	33.8547563074406	-0.664309910446852	0.400387483299162	-1.65916752684922	0.0970820391839791	0.228017844338865
PA14_RS28630	72.2408547078553	0.462596630353166	0.278798189792161	1.65925263251538	0.0970648957846726	0.228017844338865
PA14_RS28235	36.665353751131	0.643566941181203	0.388017350714346	1.6586035134676	0.0971957133386797	0.228174014420318
PA14_RS25940	80.3421093307523	0.522024721036457	0.314825897598347	1.65813779939557	0.0972896559344637	0.228283734157723
PA14_RS04515	75.2828717412573	0.490726779425624	0.296194497346808	1.65677210016174	0.0975655597094387	0.228820100269081
PA14_RS04640	32.0281024834214	-0.725906525540866	0.438269416753499	-1.6563020320196	0.0976606692042849	0.228853318166313
PA14_RS21225	1097.9978606334	0.214582539147345	0.129560492969237	1.65623435222877	0.0976743690436868	0.228853318166313
PA14_RS14445	43.945947626137	-0.645889514744026	0.390284547213816	-1.65491951796436	0.0979408245251549	0.229366502374648
PA14_RS24165	23.3300839842552	-0.807077913206243	0.487808127330824	-1.65449870141031	0.0980262269540223	0.229455388939812
PA14_RS23170	56.4936896406285	0.567886445185314	0.34338930183989	1.65376860065984	0.0981745380632934	0.229691372072611
PA14_RS30505	12.8498606572343	-1.10593516514696	0.669820764474575	-1.65109119305145	0.0987199553564969	0.230855756336566
PA14_RS14360	42.8786107620251	-0.588093622139092	0.356421743799402	-1.64999367286098	0.0989442301628397	0.231130828375098
PA14_RS27520	170.925886197857	-0.340437159689692	0.206348800422558	-1.64981409629012	0.0989809647569952	0.231130828375098
PA14_RS28055	317.776376955734	0.2711277744084	0.164336078756087	1.64983719010855	0.0989762400228087	0.231130828375098
PA14_RS28255	217.54986537144	-0.327760104452485	0.19877196993043	-1.64892517072302	0.0991629657449687	0.231444064837195
PA14_RS16505	45.5106765594642	0.64970624644634	0.39423097579765	1.6480344933114	0.0993455931676209	0.231758460472077
PA14_RS05980	54.8835168724672	0.594031554615754	0.360736492080159	1.64671877577541	0.0996158631336126	0.232276911337585
PA14_RS18530	337.113515502783	-0.309629600755524	0.188183394857434	-1.64536090439912	0.099895406877835	0.232816475981306
PA14_RS17495	15.8945260975065	-0.929435147016657	0.565179045608031	-1.64449682669454	0.10007361924528	0.233119471421085
PA14_RS23120	11.0952936144839	1.38961414511432	0.845861682424855	1.64283850892817	0.100416350324824	0.233805233592126
PA14_RS22905	204.082951744068	0.337404696090256	0.205596457971972	1.64110169707424	0.100776306538238	0.234530422723252
PA14_RS10345	11.8220550381997	-1.20134458872437	0.732376931289886	-1.64033646801042	0.100935227082161	0.23478728146673
PA14_RS27115	15.1501797650002	1.01223904712902	0.618274269712889	1.63720066759219	0.101588547611788	0.236193373197407
PA14_RS03810	129.514154702093	-0.434560580185903	0.265577565954835	-1.63628497242801	0.101779959711839	0.236524692535538
PA14_RS09645	458.202232486027	0.271516524198839	0.166158192769373	1.63408448102047	0.102241112963691	0.237482239333531
PA14_RS18645	1789.36363540933	0.2054422041399	0.12588323810282	1.63200603381443	0.102678215104379	0.238268641192311
PA14_RS23225	27.0012696963428	0.801037291383362	0.490811807730832	1.63206605620756	0.102665571449068	0.238268641192311
PA14_RS25540	1791.37912328322	-0.294936337968886	0.1809372213371	-1.63004790163875	0.103091373380266	0.239112653077682
PA14_RS20270	59.3163432876879	0.511712508082158	0.314575757352407	1.62667496182456	0.103806149193473	0.240655099472501
PA14_RS07060	331.36742352965	0.346232241726068	0.213060895083353	1.62503889599551	0.104154271268358	0.241346457045413
PA14_RS02645	619.612844497585	0.291270845434326	0.179584546286072	1.62191486660741	0.104821577887105	0.242776413152317
PA14_RS28745	151.139819091868	0.396166926997247	0.244578230784104	1.61979635606635	0.105276029316101	0.243712244027126
PA14_RS03045	84.3448553429973	-0.494431668343197	0.305531499107244	-1.61826741199488	0.105604980483134	0.244356787376285
PA14_RS07070	161.269127541607	0.372522424360987	0.230240537680935	1.61797061504966	0.105668930532578	0.244360256188336
PA14_RS22730	120.771471180832	0.438542544790508	0.271074822869808	1.61779150179924	0.105707538450372	0.244360256188336
PA14_RS12230	865.730547328253	-0.223255234373169	0.138082455713614	-1.6168254918366	0.105915955156553	0.244725064088432
PA14_RS30250	120.236502482163	-0.365074249100086	0.226080565372817	-1.61479713436695	0.106354633937943	0.245621303593071
PA14_RS10705	63.8801919115169	-0.615193389286917	0.381328373232072	-1.61329036198552	0.106681439484461	0.246186743323816
PA14_RS14555	263.77804433742	-0.344746847840303	0.213703859268115	-1.61319898021954	0.106701284947626	0.246186743323816
PA14_RS12580	27.887040439152	-0.740166283233528	0.459341007578935	-1.61136556723892	0.107100067517965	0.246988996908382
PA14_RS04850	16.1011174559229	0.946086297810937	0.587576167400913	1.61015090519389	0.107364916255816	0.2474817612074
PA14_RS28835	80.2271043579078	0.447898766230324	0.278347636694893	1.60913443185179	0.107586949776207	0.247875411680675
PA14_RS02160	201.335561285904	0.319264597973638	0.198834933033097	1.60567659366222	0.108344986677747	0.249503026463613
PA14_RS02445	33.7682554627726	-0.662906738679763	0.413156949909989	-1.60449131697818	0.108605796894193	0.249865667830788
PA14_RS02655	73.522725644212	0.462167905439884	0.288024135090923	1.60461520106288	0.108578514014296	0.249865667830788
PA14_RS17795	17.6029168144571	-0.958153462853186	0.597291067779342	-1.60416506212873	0.108677673655729	0.249912139704759
PA14_RS04270	10.6563206990279	1.33316490607811	0.831575807902712	1.60317904081461	0.108895131422915	0.249987016756198
PA14_RS05880	115.174439066266	-0.37191397542805	0.232031399844577	-1.60286054248335	0.108965446740465	0.249987016756198
PA14_RS13455	73.2172901167616	-0.521350182966098	0.325169562468478	-1.60331790899598	0.108864484539929	0.249987016756198
PA14_RS18540	259.135023612278	0.284302981799958	0.177369213734447	1.60288798610569	0.108959386560495	0.249987016756198
PA14_RS24670	1356.35473379461	-0.262551199827327	0.163803154247446	-1.6028458123017	0.108968699611676	0.249987016756198
PA14_RS26825	136.11818198336	-0.388126540995778	0.242405147892977	-1.60114809594364	0.109344121723011	0.250729337435979
PA14_RS26160	288.716952569009	-0.275209384789193	0.172020517473112	-1.59986371876953	0.109628819551067	0.251263019596664
PA14_RS19680	15.2919241656254	-0.914339708630961	0.571798701140838	-1.59905873659156	0.109807552130306	0.251553444861278
PA14_RS05800	385.863067181151	0.275378854299724	0.172497701011733	1.59642043160328	0.110394957493107	0.252695661254418
PA14_RS07320	73.0747971717337	0.452561667733766	0.283497758315922	1.5963500749429	0.11041065596166	0.252695661254418
PA14_RS14595	14.1384242761268	-0.952446742906729	0.597220068693082	-1.59480029696758	0.110756900634803	0.253368198424744
PA14_RS02465	51.2073673949579	0.558070876923703	0.350083536272032	1.59410774601538	0.11091190428672	0.253602822283962
PA14_RS01505	14.8144143661637	-0.952566917414085	0.597780342415354	-1.59350659401947	0.111046590244586	0.253790789424773
PA14_RS13180	35.833458868099	0.678713107170786	0.426097387607866	1.59285911369023	0.111191800290232	0.254002619841078
PA14_RS10920	16.6227745906024	-0.964938566472576	0.606105028551086	-1.5920319433404	0.111377527311776	0.254024490464592
PA14_RS23560	512.436807761389	-0.24812617045879	0.155869815821762	-1.59188082150891	0.111411485582175	0.254024490464592
PA14_RS24955	89.6025048244348	0.417350714642531	0.262173068601025	1.59189010858188	0.111409398467841	0.254024490464592
PA14_RS29150	83.5902563369292	0.447476359902885	0.281072475089476	1.59203194749125	0.11137752637916	0.254024490464592
PA14_RS10990	392.498850793427	0.243246175174079	0.152972639213925	1.59012864276932	0.111805810841889	0.25467149996987
PA14_RS16365	30.9366595856526	-0.720039545141403	0.4528783522853	-1.58991822309007	0.111853239440861	0.25467149996987
PA14_RS25995	175.846660073756	0.357288996828171	0.224680062290331	1.59021229203009	0.111786960704917	0.25467149996987
PA14_RS22370	67.6768462939665	-0.479899974793363	0.301930934065433	-1.58943626057661	0.111961933608125	0.254799016907715
PA14_RS18180	21.103981720089	0.970102009162176	0.610508151750927	1.58900746268488	0.112058707891306	0.254799730528824
PA14_RS23215	89.3645861191745	-0.490839756054854	0.308904750904132	-1.58896797352005	0.112067623414973	0.254799730528824
PA14_RS13025	10.4854316474414	-1.12399390337359	0.707559494779319	-1.58855037868462	0.112161938624732	0.254894330446054
PA14_RS23985	27.3018850971021	0.738817608454349	0.465448238989231	1.58732496240348	0.112439064439049	0.255284185740488
PA14_RS24780	18.6894762365365	0.857883923647157	0.540379925910926	1.58755698076869	0.112386552489165	0.255284185740488
PA14_RS20550	189.583744193057	0.324594512131283	0.204544388613421	1.58691477352014	0.11253194846341	0.255375177273134
PA14_RS12680	119.9957366274	-0.361375612612397	0.227866411177782	-1.58590996691676	0.112759734550605	0.255652168910795
PA14_RS29290	62.16208646795	-0.49762470259236	0.313744023002147	-1.58608504420483	0.11272001902724	0.255652168910795
PA14_RS18875	28.3406077534426	-0.691022308751054	0.436065706899547	-1.58467473552154	0.113040254942359	0.256048090351872
PA14_RS24900	779.137730029222	0.349722629017867	0.220667220481294	1.58484177330503	0.113002288627257	0.256048090351872
PA14_RS28935	113.142973989354	0.392627960940837	0.247812894393605	1.5843726045878	0.113108952352572	0.256083751674644
PA14_RS24620	43.3016788886353	-0.566975196412964	0.357988126522874	-1.58378212685425	0.113243307956571	0.256131014796939
PA14_RS26670	1626.43049700539	-0.198423054718707	0.125284928172959	-1.58377434231178	0.11324508006835	0.256131014796939
PA14_RS28405	195.193219860593	0.297120491782777	0.187625499869441	1.58358267927082	0.113288718083262	0.256131014796939
PA14_RS01765	107.936294564606	0.394371422286441	0.249269727605822	1.58210716589731	0.113625108021487	0.256651575148021
PA14_RS02870	10.3863024077991	1.20772415394709	0.763261250893384	1.58232080108019	0.113576354476484	0.256651575148021
PA14_RS19055	45.4382108024943	-0.56163914071287	0.35524844674907	-1.58097564071711	0.113883607542476	0.256856810097815
PA14_RS19280	53.3380722891313	-0.583562874208603	0.369116412773667	-1.58097243583267	0.113884340362768	0.256856810097815
PA14_RS25175	38.7200850559431	0.627095179050335	0.396699925851652	1.58077967295825	0.113928423833708	0.256856810097815
PA14_RS25320	37.7923854706402	0.637216771749737	0.402955144367478	1.58135906851365	0.11379596076166	0.256856810097815
PA14_RS05455	27.7241024989052	0.832930429244052	0.5270435704005	1.58038248832276	0.114019299442072	0.25694190685082
PA14_RS22510	20.4187823199672	-0.867773617649942	0.549175588158585	-1.58013873223978	0.1140750989426	0.256947917320173
PA14_RS09140	106.692202311831	0.438420897698087	0.277596135519651	1.57934798651782	0.114256260750396	0.257175129653467
PA14_RS23510	456.743303632404	0.246121384029527	0.155848557800197	1.57923427398708	0.114282331188027	0.257175129653467
PA14_RS04490	27.3559782443846	-0.736234610961455	0.466740499535893	-1.57739602989999	0.114704428376661	0.258004937502109
PA14_RS22980	23.289638724557	0.752330045110536	0.477078401398197	1.5769526411291	0.114806422601157	0.258114300185586
PA14_RS02680	53.9105775492407	-0.563915121997153	0.35846957171192	-1.5731185196671	0.115691377443327	0.259983039644948
PA14_RS13200	10.5712842213624	1.12860452165163	0.717750188590376	1.57241967970521	0.115853253202117	0.260225885966298
PA14_RS02015	128.296792022738	0.403946219360381	0.257329250236	1.56976410178756	0.11647000199343	0.261468432813525
PA14_RS02025	192.252565875575	0.334033634130012	0.212818209179249	1.56957261983474	0.116514572521329	0.261468432813525
PA14_RS27160	89.8632883219601	-0.417017784288522	0.265880221822809	-1.56844229115483	0.116777947887931	0.261937920216157
PA14_RS12290	255.521094443428	0.272243126217422	0.173612838700671	1.56810480293339	0.116856675843195	0.261992992293785
PA14_RS31800	83.0223413297494	-0.54268400245531	0.34619560038323	-1.56756469999784	0.11698275570171	0.262154127235157
PA14_RS03910	82.5286447512325	-0.446637611049408	0.2852250999937	-1.56591271616444	0.117369052465051	0.262776267463421
PA14_RS05270	52.965306679764	-0.511442822026311	0.326585270653926	-1.56603150228497	0.117341242375333	0.262776267463421
PA14_RS16580	12.3329648189324	0.998443465606483	0.638086479960009	1.56474631098446	0.117642404997222	0.263027254152602
PA14_RS22375	41.3864985832133	-0.584977127699096	0.373920527500845	-1.56444240065899	0.11771370979247	0.263027254152602
PA14_RS23845	91.5740590345664	-0.489681511623017	0.312937418519947	-1.56479053843733	0.117632030981018	0.263027254152602
PA14_RS26540	13.0541105531697	-1.06742111203371	0.68247559380618	-1.56404290749898	0.117807492244528	0.263027254152602
PA14_RS27015	288.969879448919	-0.294732082828127	0.188441675928988	-1.56404936102984	0.11780597678927	0.263027254152602
PA14_RS29715	10.5255417753589	1.1339580490634	0.724998625454643	1.56408303305721	0.117798069978133	0.263027254152602
PA14_RS27975	265.777504070441	-0.276355452073472	0.176766292564118	-1.56339451410529	0.117959829701331	0.263245840533288
PA14_RS13895	18.999596909609	-0.916602357933746	0.587825865329968	-1.55930933290801	0.118923183846022	0.265273301235869
PA14_RS10210	554.939194811058	0.234463954947429	0.15047977411338	1.5581094291833	0.119207309865128	0.265784486172319
PA14_RS06420	68.958219052215	0.46975881639805	0.301635049137743	1.55737477372377	0.119381531818229	0.266050270909197
PA14_RS22040	27.9794556867916	-0.698643033682412	0.448670547729303	-1.55714039447921	0.119437156307882	0.266051629619954
PA14_RS12235	582.969902770971	-0.231525329059012	0.148725240231171	-1.55673192189261	0.119534146354544	0.266145088292162
PA14_RS29375	71.2358318182643	0.50405526828906	0.323892792720958	1.55624107611223	0.119650777171621	0.26628217137688
PA14_RS12655	207.398807750167	-0.318329663269517	0.204606239436085	-1.55581601102129	0.119751849719641	0.266384519431547
PA14_RS24035	28.1036316721552	-0.724965528239551	0.466461242290152	-1.55418170367218	0.120141080500958	0.267127478300062
PA14_RS01320	144.61805259434	0.35200458271259	0.226956524161108	1.55097802988345	0.120906949103935	0.268140767356946
PA14_RS09270	52.6764997682819	0.502118686359508	0.323762894287823	1.55088398089599	0.120929489992866	0.268140767356946
PA14_RS11685	543.667691896864	-0.238501311232706	0.153771915603634	-1.55100695921271	0.120900016221087	0.268140767356946
PA14_RS21800	17.7258665671846	0.893578875370946	0.575820309794522	1.5518363284022	0.120701391041618	0.268140767356946
PA14_RS27880	110.074830650162	0.376926073223168	0.242939660697963	1.55152136188988	0.120776792103408	0.268140767356946
PA14_RS28735	264.520125605582	0.323488589585015	0.208549011153108	1.55113940745336	0.120868279113873	0.268140767356946
PA14_RS00275	78.8782753744843	0.426511794523417	0.275235001139817	1.54962774631542	0.121230889368871	0.268316970703826
PA14_RS06685	24.3207692004055	0.85385141992964	0.550995860723655	1.5496512420406	0.121225246820154	0.268316970703826
PA14_RS17435	30.839484305314	-0.732347546440784	0.472425547171335	-1.55018616335578	0.121096839893817	0.268316970703826
PA14_RS30995	35.7353467832069	0.653537640616417	0.421704703920075	1.54975183947742	0.121201090453047	0.268316970703826
PA14_RS28760	22.7565317623921	0.868648793212963	0.560689827955459	1.549250137782	0.121321601053062	0.268394905165877
PA14_RS25445	84.4764330563981	0.420199290119515	0.271368447943067	1.54844564025245	0.121515039950883	0.268699923732269
PA14_RS02370	20.6302150468425	-0.951169888644468	0.615527362492581	-1.54529261671277	0.12227550054857	0.270171752696319
PA14_RS13050	81.1991928378389	-0.452539438983237	0.292863554506963	-1.54522279067837	0.122292383509562	0.270171752696319
PA14_RS26600	22.147222250758	-0.824795632925335	0.534149132447955	-1.54412987463889	0.122556872836501	0.270632437003342
PA14_RS09335	88.2528756751695	-0.391958783311342	0.254000154539097	-1.54314387730425	0.122795870781206	0.270912787909632
PA14_RS24815	32.3389597359412	-0.620982967464069	0.402375234818224	-1.54329320924684	0.12275965052438	0.270912787909632
PA14_RS24555	152.772137863197	-0.413286054695187	0.267986077833957	-1.54219225877569	0.123026880680697	0.271298675317762
PA14_RS12945	27.5363490963989	-0.709757554316362	0.460563795809477	-1.54106241257828	0.123301596751221	0.271780547807158
PA14_RS08715	46.6164049558325	0.615313356367022	0.399346192434775	1.54080186070015	0.123365016462465	0.271796455404319
PA14_RS03095	223.772539381328	-0.30456433851066	0.197704666884692	-1.54050151324092	0.123438154226713	0.271833749471942
PA14_RS15885	489.177375201017	0.23237312478023	0.15097678117205	1.53913153384442	0.123772188055334	0.272445289683932
PA14_RS27000	227.867244309724	-0.302914669845016	0.196976307504704	-1.53782286652816	0.124091930969509	0.272951624437687
PA14_RS27790	13.2467545152547	-0.953781551027248	0.620253687822321	-1.53772814213475	0.124115099697782	0.272951624437687
PA14_RS11880	27.6814677770611	-0.693433815830516	0.45133183534012	-1.53641680363175	0.12443618810725	0.273374650760271
PA14_RS11960	27.4463972382529	-0.678858374973346	0.441893125165469	-1.53625013903338	0.124477043212183	0.273374650760271
PA14_RS25525	266.094110773361	-0.262990408865819	0.171177314083782	-1.5363625155206	0.124449494802487	0.273374650760271
PA14_RS10530	75.855127685707	-0.427387719311822	0.278311600635135	-1.53564464555728	0.124625558107844	0.273516657280074
PA14_RS27570	529.604672807179	-0.212633673758606	0.138476167522431	-1.53552540890593	0.124654820646254	0.273516657280074
PA14_RS15985	38.0340131231241	-0.604595276641288	0.393968450338884	-1.53462866410046	0.124875067562284	0.273875658381499
PA14_RS20585	53.1166021166517	-0.506560273409271	0.330197595199579	-1.53411254586241	0.125001967383823	0.274029698217664
PA14_RS15755	10.0029978444816	-1.09528002282251	0.714483696701398	-1.53296713120139	0.125283953687957	0.274399094218731
PA14_RS20390	296.098408188881	0.29482957426097	0.192306256032618	1.53312523650277	0.125245000733448	0.274399094218731
PA14_RS16870	1144.43215326119	-0.23874215699403	0.155771193877634	-1.53264638378244	0.125363006357371	0.274447939675982
PA14_RS13630	38.3470395591854	0.57272512757016	0.374005931578928	1.53132632189096	0.125688763308456	0.274912193287966
PA14_RS31670	29.433156981402	0.806488082898948	0.526634004343569	1.53140145954724	0.125670203603822	0.274912193287966
PA14_RS29985	130.300214559596	-0.364399838743021	0.238106771271931	-1.53040519090008	0.125916464900691	0.275231555175645
PA14_RS16955	93.9649014999663	-0.420240717795104	0.274617723245722	-1.53027529624911	0.125948600414331	0.275231555175645
PA14_RS00890	11.4456366368848	1.09168470272362	0.713796493439519	1.52940608808989	0.12616380412117	0.275567778951947
PA14_RS05855	819.692052097181	0.194402904670623	0.127127715092561	1.52919372875599	0.126216424809463	0.275567778951947
PA14_RS11360	55.8611895525153	0.553879025850392	0.362653890989271	1.5272937630408	0.126687979691993	0.276186968403136
PA14_RS19790	25.2305073739468	0.686939750296932	0.449823758255087	1.527130876683	0.12672847040665	0.276186968403136
PA14_RS23865	21.847606495455	0.920390223248762	0.602434829894523	1.52778388229961	0.126566205312989	0.276186968403136
PA14_RS24395	75.4764892041821	-0.425402415827038	0.278520457636349	-1.5273650612138	0.126670259375885	0.276186968403136
PA14_RS20280	73.3943485719334	0.419418016097109	0.274816792524522	1.52617317247702	0.126966742784585	0.27658160725507
PA14_RS08870	27.2550115795925	-0.688421511558565	0.451357132793856	-1.52522572823277	0.127202805468771	0.276971079354786
PA14_RS27270	50.345924938669	0.509164921872696	0.334053494143483	1.52420175450702	0.127458319891094	0.277402536000599
PA14_RS05485	11.4599539906729	-1.17080381453538	0.768726091561228	-1.52304419921219	0.127747647832191	0.277826818852041
PA14_RS16960	336.810194696434	-0.252826233822229	0.166009527518097	-1.52296219139994	0.127768164831873	0.277826818852041
PA14_RS04090	16.3418433959548	0.832709671218599	0.547411282918732	1.52117739842462	0.128215325648701	0.278673849364997
PA14_RS11665	1783.37949928947	0.193430282344682	0.127519357553966	1.51686995649129	0.129299520241692	0.280802638177984
PA14_RS23785	407.993441128646	0.271468500169002	0.178971544914086	1.51682492487461	0.129310892312318	0.280802638177984
PA14_RS00860	36.1562966900289	0.591414005363653	0.390043853128182	1.51627567162119	0.129449660648251	0.280851753654079
PA14_RS14740	27.1438283020145	-0.703708949522089	0.464092987027842	-1.51631024211075	0.129440923036502	0.280851753654079
PA14_RS09030	162.771729140966	-0.313583404086018	0.207051587902175	-1.51451822834692	0.129894454180924	0.281685377061453
PA14_RS21120	21.2726769136806	0.871438838901381	0.575610744213655	1.51393775682881	0.1300416268025	0.281685377061453
PA14_RS30830	136018.794991632	0.262566567392984	0.173428738941155	1.51397380270449	0.130032483971751	0.281685377061453
PA14_RS24785	22.0579381492071	0.815146353282689	0.53850002495622	1.51373503343655	0.130093055728873	0.281685377061453
PA14_RS28315	212.112749868874	0.327665475489847	0.216479655817414	1.51360863104019	0.130125130759985	0.281685377061453
PA14_RS15160	26.4717994439862	-0.779891519991371	0.515393680790776	-1.51319573572336	0.130229947098633	0.28178614056778
PA14_RS21175	572.542847465881	0.251167254054059	0.166196721045468	1.51126479797002	0.130720998939162	0.282722160496327
PA14_RS10410	728.818549763198	-0.228806523789639	0.151435846160516	-1.51091389252128	0.130810390828936	0.28278902550234
PA14_RS07575	25.0944493098203	-0.684453744319154	0.45319407236695	-1.51028838648391	0.130969853801581	0.282854011587023
PA14_RS18250	43.4628818603064	0.530243509041067	0.351117867504382	1.51015814948366	0.131003074640529	0.282854011587023
PA14_RS27175	436.40442403574	-0.250996239263357	0.166210809017488	-1.51010780073243	0.13101591934552	0.282854011587023
PA14_RS09085	166.98815014413	-0.385675588833708	0.255516798851606	-1.50939425731336	0.13119805975647	0.282994566004589
PA14_RS15975	119.090974381916	-0.417273889509504	0.276421257734809	-1.50955788613705	0.131156274221103	0.282994566004589
PA14_RS25560	295.337277078475	0.260852899282429	0.172847855343254	1.50914744510083	0.131261107178494	0.283004330947479
PA14_RS02685	115.985262579857	-0.45502095410535	0.301749174173938	-1.50794432280057	0.131568777478726	0.283541269111907
PA14_RS03400	283.729461036692	0.330307049093023	0.219082084049885	1.50768626528955	0.131634842381978	0.283557281852671
PA14_RS30690	1443.6201568694	-0.21519376686282	0.142953943951185	-1.50533634060704	0.132237626634874	0.284728923600291
PA14_RS16115	10.2217986918106	-1.1007999784489	0.73156674964076	-1.50471570637875	0.132397183264836	0.284907521686697
PA14_RS25110	53.0958002351557	-0.56377645744367	0.374712975082363	-1.50455547294499	0.132438401313419	0.284907521686697
PA14_RS01425	514.698547973176	0.247817224177078	0.164885711873487	1.50296360649625	0.132848429078775	0.28554430631367
PA14_RS07200	49.5167681743143	0.494904912640517	0.329289484007617	1.50294782152554	0.132852499835765	0.28554430631367
PA14_RS05335	10.2892965400441	-1.09116308422448	0.726470784130292	-1.50200545990406	0.13309569876658	0.285939937465651
PA14_RS01745	112.60647044031	-0.355332345277198	0.236660234918293	-1.50144507969358	0.133240481578607	0.28610080810731
PA14_RS10560	52.2553365102871	-0.505539243452004	0.336743795512137	-1.50125778170064	0.133288900054956	0.28610080810731
PA14_RS07955	29.7751569432652	0.626459056941673	0.417562217517694	1.50027715789475	0.133542623811905	0.286518247007264
PA14_RS02670	338.675287841862	-0.32959839700247	0.219842087356939	-1.49925067108433	0.133808614204455	0.286961622302769
PA14_RS29940	131036.635850365	0.276730317159894	0.184681828925787	1.49841659447231	0.134025047590239	0.287298373291843
PA14_RS04660	36.1928474699668	0.653956017132111	0.436938409854071	1.49667779802311	0.134477115973331	0.28813971326851
PA14_RS18555	101.774273695031	0.470574338545341	0.314470685799161	1.49640128570164	0.134549114721577	0.288166305931597
PA14_RS05990	105.7836089759	0.430941487758183	0.288126477175693	1.49566777750663	0.134740251212545	0.288447921586484
PA14_RS30125	133.006445504902	0.364076480753855	0.243683794857472	1.49405290149392	0.135161792836525	0.289222314228954
PA14_RS14450	145.980643277022	-0.3723402302084	0.249339203658526	-1.4933080107143	0.135356579636395	0.289511021283329
PA14_RS10095	56.4213131361721	0.49162221087251	0.329290763498767	1.49297297515711	0.135444261147234	0.289520182519684
PA14_RS16830	24.9519486120269	-0.727967784910143	0.487641424240957	-1.49283417839916	0.135480598230365	0.289520182519684
PA14_RS11645	47.515010679629	0.51617220500327	0.345830201087605	1.4925596532054	0.135552491283905	0.289545869191239
PA14_RS24970	52.4280716794445	-0.582300502413611	0.390197766533457	-1.49232146454043	0.135614892346812	0.289551266838491
PA14_RS07445	267.472026021104	-0.263296366866616	0.176518337397943	-1.49160914807984	0.135801638591572	0.289735940487913
PA14_RS24755	25.1626116777984	0.7942082913658	0.532477306161862	1.49153453522839	0.1358212111427	0.289735940487913
PA14_RS01545	61.1758677485575	0.474390054895635	0.318140517373177	1.49113372547634	0.135926389420303	0.289832459980859
PA14_RS12260	49.8477271909552	-0.512864446903481	0.344007696625227	-1.4908516638865	0.136000444156225	0.289862559691276
PA14_RS03980	26.7500456552505	-0.746269131854186	0.500849690146019	-1.49000617657688	0.136222611891195	0.289937913894963
PA14_RS11110	206.80921448419	-0.290726846472401	0.195197659743537	-1.48939719284737	0.136382807345979	0.289937913894963
PA14_RS31555	13.9958478962397	-1.0915525152344	0.732709219095975	-1.48974857526861	0.136290357146573	0.289937913894963
PA14_RS18355	29.3128955894868	-0.651993234292791	0.437615329095831	-1.48987750415392	0.136256447545994	0.289937913894963
PA14_RS19135	11.7704265256135	-1.07465237094321	0.721558521086427	-1.48934887405271	0.136395524009727	0.289937913894963
PA14_RS21430	307.393581763817	0.247317662348131	0.165938236937629	1.49041997138423	0.136113844522465	0.289937913894963
PA14_RS06130	27.0666930156715	-0.714533644064078	0.480355564896826	-1.4875098703552	0.136880198279123	0.290699070231543
PA14_RS08545	507.077664095142	0.217209889991948	0.146075288490985	1.48697217877035	0.137022159064878	0.290699070231543
PA14_RS12250	641.431472189149	0.25306909125523	0.170204735332697	1.48685106063917	0.137054152218345	0.290699070231543
PA14_RS12460	124.279075160256	-0.441461934215076	0.296822441334542	-1.4872929830717	0.136937446979157	0.290699070231543
PA14_RS26575	39.3073856618041	-0.568313529510551	0.382158053819761	-1.48711645307517	0.136984056765488	0.290699070231543
PA14_RS06895	794.031902775899	-0.190512380420696	0.1282723023849	-1.48521837433802	0.137485986179663	0.291405163721074
PA14_RS08325	178.789714400573	-0.31604919085734	0.212808120469473	-1.48513689308523	0.137507564849357	0.291405163721074
PA14_RS22480	33.9555083337643	-0.737134895435985	0.496435829778039	-1.48485433810361	0.137582414079019	0.291436072924281
PA14_RS20455	38.2836949006244	0.554143803678489	0.373342435323032	1.48427757267673	0.137735297590835	0.291632180012818
PA14_RS28925	85.9675364232472	0.397501696582581	0.267993302016698	1.48325235590333	0.138007375599244	0.292080380042864
PA14_RS17430	14.0022055623009	-0.880442339304788	0.593991650880487	-1.48224699454898	0.138274586359316	0.292517891353303
PA14_RS17390	33.3434313506959	-0.711152941939914	0.479870867696326	-1.48196731623631	0.13834899171324	0.292547321349028
PA14_RS10685	38.4844361719293	0.580506926939883	0.392207104087533	1.48010303966938	0.138845750504124	0.293469427201898
PA14_RS26915	22.3360783481173	-0.755985758801126	0.51145109205037	-1.47811935598854	0.139375834095881	0.294461133109514
PA14_RS18765	19.0514393033763	-0.785691297579811	0.531939303403068	-1.47703185787057	0.139667097754672	0.294947635258338
PA14_RS01920	172.227561213092	0.302188340112894	0.20467188671087	1.47645260406369	0.139822429883464	0.295146779099273
PA14_RS01405	14.5787551457058	-0.962100712986087	0.651902807313094	-1.47583459097456	0.139988302204651	0.295367988421332
PA14_RS13760	23.0315867355999	-0.690256777481534	0.468116920131688	-1.47453926101914	0.140336454923154	0.29597343916632
PA14_RS25645	157.348132934977	-0.338397255069275	0.229544508877274	-1.4742119370418	0.140424536851552	0.296030104714082
PA14_RS08665	267.598779937296	-0.257083329102311	0.174522894899418	-1.47306363013561	0.1407338791526	0.296552958423518
PA14_RS21270	16.9121517823991	1.08174935510952	0.734855861763181	1.47205650984945	0.141005618262833	0.296996154145933
PA14_RS00730	32.0047778279953	-0.662692611654297	0.450472575115347	-1.47110534195031	0.141262630597259	0.297384801091317
PA14_RS25035	404.159243283469	0.233091827920087	0.158466841028933	1.47091862503607	0.141313125084336	0.297384801091317
PA14_RS02365	85.2526598979136	-0.416906320189576	0.283648204343667	-1.46980066788808	0.141615748229687	0.297892021939438
PA14_RS25985	34.6926748199948	0.618635252320166	0.421293995901921	1.4684169685252	0.141990995152127	0.298551501111168
PA14_RS14600	11.2275576306616	-1.11742216143525	0.761406758396172	-1.46757583789904	0.142219475209858	0.298901947898684
PA14_RS27010	985.222739133919	0.192473250723968	0.131197562579276	1.46704898277106	0.142362730948799	0.299073052505817
PA14_RS21170	63.7316661206064	0.500888360610511	0.341507050399555	1.46669991153765	0.142457706959417	0.299142627379827
PA14_RS10175	280.0494622978	-0.341685983292389	0.23311206591887	-1.46575846233247	0.142714100894642	0.299550951356983
PA14_RS26755	161.4639995915	0.307114779590623	0.209671955083189	1.46473942816422	0.142992023318819	0.300004088837228
PA14_RS17335	66.9691190238592	0.422424880883217	0.288463123723936	1.4643982060164	0.14308517801099	0.300069349896421
PA14_RS21985	27.6791005930116	-0.744948853682948	0.509268943644835	-1.46278084100584	0.143527357194487	0.300866189593645
PA14_RS18400	23.6194233514828	-0.687783268680827	0.470569116498945	-1.46159882696503	0.143851176038192	0.301309054846959
PA14_RS27100	73.3920282920357	-0.410013079853193	0.280532120283809	-1.46155484597768	0.143863235657905	0.301309054846959
PA14_RS12335	83.4771689074339	0.411889091278681	0.282030277189697	1.46044281267589	0.144168413696127	0.301817510231373
PA14_RS09185	83.5566975227884	-0.519604396725251	0.355908001682403	-1.45994019316521	0.144306511545942	0.301975893481685
PA14_RS10260	100.807647965236	-0.36147843616483	0.2476577881918	-1.45958840545278	0.144403227720364	0.302047581857993
PA14_RS18405	40.966095142447	-0.585199025591865	0.401133631810315	-1.45886303013503	0.144602810288272	0.302287088727564
PA14_RS26100	47.6717428345681	0.523324625488416	0.358756548265142	1.45871797467972	0.144642746756738	0.302287088727564
PA14_RS08710	59.4794087261367	0.518541813442303	0.355777588785022	1.457488694589	0.144981529841949	0.302785987469457
PA14_RS09575	72.7272659060531	0.410240728431974	0.281528384689676	1.45719135526663	0.145063566210149	0.302785987469457
PA14_RS19400	24.7140671206604	-0.788481808805068	0.541141467224314	-1.45707149897316	0.145096644796029	0.302785987469457
PA14_RS28805	30.1287914951346	0.611228209761658	0.419527667749939	1.456943741136	0.145131910453722	0.302785987469457
PA14_RS06300	354.779856889425	0.235984358778312	0.162216364326877	1.45475063355993	0.145738309436448	0.303658106176071
PA14_RS09945	17.5439952808025	-0.887503673323219	0.610030735849354	-1.45485074958975	0.145710584952127	0.303658106176071
PA14_RS10540	61.8601169575649	0.493086883375857	0.338877977083502	1.4550573265915	0.145653391680898	0.303658106176071
PA14_RS06550	65.8951864857806	0.464362872733647	0.319475176357231	1.45351785396436	0.146080026211579	0.304152727535852
PA14_RS09515	1181.19842525375	-0.201960711921539	0.138953545481616	-1.45344050935541	0.146101485952395	0.304152727535852
PA14_RS10250	239.364219518261	0.288054698098137	0.198412688649649	1.45179574985134	0.14655840603956	0.30497265559695
PA14_RS07695	39.4100873674363	-0.597614738405477	0.413162707508827	-1.44643920553432	0.148054052129202	0.30795242842874
PA14_RS07110	175.918269299608	-0.365597026781949	0.252901999050872	-1.44560750074739	0.148287321635461	0.308305024690063
PA14_RS03890	100.314776753294	0.346114484856181	0.239796368626312	1.44336833305241	0.14891673971822	0.30948059874401
PA14_RS18850	26.7831722290726	-0.704886969060009	0.488603689280426	-1.44265584670084	0.149117442974591	0.309498692800482
PA14_RS21930	33.1479137469922	0.571101645548724	0.395766275650262	1.44302756623307	0.149012706002157	0.309498692800482
PA14_RS25765	355.452527673001	-0.24516840667458	0.1699181215871	-1.44286203487075	0.149059339749788	0.309498692800482
PA14_RS18335	90.2455433319957	-0.375392112032683	0.26046575734594	-1.44123402576141	0.149518578692822	0.310198132371722
PA14_RS09885	32.4709327981729	-0.573073078106621	0.397820739379509	-1.44053092606599	0.149717246915538	0.310477103809409
PA14_RS06635	72.8900952470643	-0.4032991121965	0.280181067984513	-1.43942313839275	0.150030672510063	0.310993712926989
PA14_RS03065	161.709612677414	0.339036917690089	0.235580749257454	1.4391537456211	0.150106967210067	0.311018549026515
PA14_RS09325	61.5229597994827	-0.438118443819725	0.304713237610092	-1.4378057456773	0.150489178659788	0.311676945609737
PA14_RS08600	563.476250583474	-0.213795669203279	0.148745374026126	-1.4373265091641	0.15062523984996	0.311825196881168
PA14_RS04330	187.625636837986	-0.279207840551765	0.194319654289444	-1.43684817458494	0.150761138459206	0.311972984847549
PA14_RS12555	13.525776886263	0.9741184727947	0.678321429194747	1.43607209041162	0.150981828856697	0.312296032656539
PA14_RS02185	216.404189405665	-0.275850929476988	0.19243325443326	-1.43348887534747	0.151718175857185	0.313684950169023
PA14_RS25420	135.666088156683	-0.350276397341575	0.24449872627439	-1.43263076531726	0.151963384827475	0.314057661976781
PA14_RS28575	479.771298510882	-0.205422326924104	0.143444440788852	-1.43206893062159	0.152124095115137	0.31425549934934
PA14_RS18780	20.8685512298946	0.725687592432616	0.506943169909549	1.43149693201725	0.152287845632157	0.314459445549577
PA14_RS05760	24.4388861478706	0.65895590694244	0.460504910346987	1.43094219439684	0.152446782837247	0.314653282885586
PA14_RS25970	28.1299753771261	-0.606212077574282	0.423972131389823	-1.42983944625572	0.152763104749346	0.31517166150505
PA14_RS05750	62.3543703479127	-0.468512444384503	0.327760413111936	-1.42943572695735	0.152879035921369	0.315276340177289
PA14_RS07265	196.985629233716	0.270449397516465	0.189236851317399	1.42915819848879	0.152958769217291	0.315306311992677
PA14_RS17375	79.4162633591652	-0.379765931901457	0.26598284832608	-1.42778353676357	0.153354172882878	0.315986697938474
PA14_RS12785	75.8690189137527	-0.423186403214226	0.296514623306301	-1.4272024714851	0.153521542330378	0.316196839314185
PA14_RS00995	61.0545549524089	-0.430494224383549	0.301953049053452	-1.42569921295063	0.153955183818898	0.316821195678233
PA14_RS24285	19.7363151297818	0.882894878391731	0.619272282049075	1.42569739351222	0.153955709231565	0.316821195678233
PA14_RS16780	426.433690245508	0.250000350409953	0.175549895870615	1.4240985400197	0.154417948998935	0.317637261318098
PA14_RS04595	24.2890984622997	-0.685853312169526	0.482270628705011	-1.42213369703059	0.154987442109925	0.318673159032142
PA14_RS11975	13.3634833465648	-0.872011402176323	0.613439630408796	-1.42151135816774	0.155168153956324	0.318861637537498
PA14_RS25090	30.2662637704152	0.596069569089641	0.419542037591261	1.42076244018808	0.155385833304299	0.318861637537498
PA14_RS25965	86.3939377379985	-0.451630871938405	0.317896888270391	-1.42068352538974	0.155408784052085	0.318861637537498
PA14_RS27840	55.5146837034906	-0.466726654047276	0.328470917317272	-1.42090708626256	0.155343772645686	0.318861637537498
PA14_RS27995	106.997835227784	-0.380868001923255	0.268025941140139	-1.42101171365392	0.15531335413812	0.318861637537498
PA14_RS14315	10.2669679940949	-0.99591379707157	0.701248368345245	-1.42020123258419	0.155549104930852	0.319014194845463
PA14_RS01550	29.4752144418107	0.6604885857917	0.465808987812035	1.41793868962061	0.156208665461879	0.319794487473052
PA14_RS06555	21.6527369000238	-0.735068088083654	0.518604335329211	-1.41739672811842	0.156366968753949	0.319794487473052
PA14_RS08395	36.8988670037227	0.628279295908837	0.443290125331472	1.41730947748732	0.156392465441226	0.319794487473052
PA14_RS09825	90.7469249427223	0.366988553394557	0.258804931633889	1.41801221127311	0.156187199652386	0.319794487473052
PA14_RS17940	63.7166532023386	0.446493028723216	0.314823271458223	1.41823387659723	0.156122494498217	0.319794487473052
PA14_RS20480	21.4662185918561	-0.708922933729395	0.499905877934053	-1.41811281887531	0.156157829297664	0.319794487473052
PA14_RS27575	2068.44455624108	0.227205876485063	0.160293414439966	1.41743737432305	0.156355092053167	0.319794487473052
PA14_RS22010	28.8919474254245	0.660604388525838	0.46636408959733	1.41649926154524	0.156629380218292	0.320008315477677
PA14_RS26845	191.880895204176	0.296535216812832	0.20932625824563	1.41661738617077	0.156594822527612	0.320008315477677
PA14_RS20355	137.422049597614	-0.332555578005308	0.235179778070437	-1.41404835370542	0.157347705643552	0.321340162370025
PA14_RS22355	52.4794618370407	-0.449727060688062	0.318781929413659	-1.41076710814585	0.158313295985442	0.323175643472182
PA14_RS29270	1311.4477111609	0.201748743821707	0.143225527185384	1.40860884080094	0.158950863240707	0.324340242460785
PA14_RS01440	17.9033798052185	0.757037370432759	0.537965390148226	1.40722318628002	0.159361218331762	0.32498914246178
PA14_RS16295	40.1142302005214	-0.507736937416071	0.360844060914773	-1.4070813196396	0.159403276658259	0.32498914246178
PA14_RS15575	178.890182801492	0.287537204351966	0.204623396633374	1.40520199098811	0.159961222279992	0.325989241865167
PA14_RS00680	50.0629765284002	0.457556620158757	0.325741891749393	1.40466004449552	0.160122392383598	0.326042900870349
PA14_RS20545	19.4135517217018	0.828160349169444	0.589555193073838	1.40472064176309	0.160104365197272	0.326042900870349
PA14_RS23665	19.0709042666847	-0.763937424677689	0.544176009931636	-1.40384252656353	0.160365747235892	0.326400990586184
PA14_RS01500	28.9043384995401	-0.627544638101411	0.447550625578285	-1.40217575897822	0.160862768536828	0.327274862702609
PA14_RS28915	74.6806651429023	-0.425373755197156	0.303469372826152	-1.40170242300148	0.16100412679352	0.327424708651583
PA14_RS27695	106.298296933572	0.37374586037758	0.266707065304289	1.401334681371	0.161114014844283	0.327510456404773
PA14_RS23335	478.741881527072	-0.218655544446161	0.156203903697928	-1.39980845081185	0.16157068650798	0.328300773089325
PA14_RS23150	33.8762979401735	0.620229744262698	0.443538970393205	1.3983658385482	0.162003236164389	0.329041432209569
PA14_RS13715	58.9399254001953	-0.42737220491099	0.305720575057202	-1.39791770583653	0.162137781050313	0.329176452207939
PA14_RS12520	223.551569595415	-0.302081100573879	0.216271846825887	-1.39676571411107	0.162484035681017	0.329695431280211
PA14_RS21680	312.227706439328	0.259580124550996	0.185863935044684	1.39661373514227	0.162529757686522	0.329695431280211
PA14_RS04870	81.7623630529208	0.403325498272094	0.288886241913482	1.39613951706598	0.16267248588444	0.329708357811045
PA14_RS14175	20.8990403672152	-0.761679666663668	0.545517872430481	-1.39625061827967	0.162639038622255	0.329708357811045
PA14_RS11160	74.6151425242351	-0.389095495410748	0.27916752183797	-1.39377063939616	0.163386877003608	0.331017568994322
PA14_RS27895	38.571781794525	0.514352045950969	0.369296472887302	1.39278894794084	0.163683621489638	0.331479896785549
PA14_RS06180	15.1732967113141	-0.860127838184006	0.618521251311933	-1.39061970200637	0.164340778688457	0.331954398527127
PA14_RS08430	73.0344696856398	-0.389244462046884	0.279858268835557	-1.39086282376599	0.164267027994427	0.331954398527127
PA14_RS10525	107.560778246869	-0.397995086111898	0.286215108875669	-1.39054534079396	0.16436334105318	0.331954398527127
PA14_RS15580	22.8252836315965	0.740075603110907	0.532263939434631	1.39042972532953	0.164398425242446	0.331954398527127
PA14_RS16975	52.7903787201087	0.490454666948364	0.352450721206346	1.39155529394199	0.164057104634092	0.331954398527127
PA14_RS21895	11.0019390981512	1.36482191594388	0.981136876391566	1.39106168444452	0.164206722385022	0.331954398527127
PA14_RS28185	158.256708247718	0.342924215860674	0.246463169570232	1.39138118063906	0.164109868308774	0.331954398527127
PA14_RS18505	152.687530070802	-0.292403834608911	0.210451930342575	-1.38940913553482	0.164708373894595	0.332441442468389
PA14_RS05775	70.370894815726	0.428503395398594	0.308638488428594	1.38836668615208	0.165025415265752	0.332664822103033
PA14_RS07090	37.4036756669614	-0.526208180728136	0.378958368929257	-1.38856461255872	0.164965184366509	0.332664822103033
PA14_RS12285	106.434557929357	0.345304422614878	0.248662231257004	1.38864845243824	0.164939676079497	0.332664822103033
PA14_RS28245	189.422355617832	0.328616495004594	0.236901170740763	1.38714593084132	0.16539726877051	0.333275496572577
PA14_RS23045	94.2538169975743	0.453917851907957	0.327345861013128	1.38666134498567	0.165545052870704	0.33329553525509
PA14_RS23635	450.03648431031	0.22470331265232	0.162027109948812	1.386825406707	0.165495007862743	0.33329553525509
PA14_RS01945	1003.73982423493	-0.206125772458982	0.148687405856661	-1.38630283628523	0.165654451163776	0.333376997847699
PA14_RS03160	22.5579181983354	-0.71366459956492	0.515171335105146	-1.38529563066482	0.165962089232809	0.33371836321408
PA14_RS25910	70.389737188518	0.469979523364558	0.339229395512766	1.38543277670308	0.16592017447456	0.33371836321408
PA14_RS13435	80.0826903787881	0.398258652254326	0.287614733956917	1.3846948894975	0.166145782418671	0.333948879375184
PA14_RS23885	37.8312685456175	0.555568807593681	0.401564112566633	1.38351209734035	0.16650790059688	0.334398757178784
PA14_RS27765	37.8677869175683	-0.522782260312505	0.377855709672199	-1.38354998199189	0.166496292816031	0.334398757178784
PA14_RS02555	104.616940217109	0.340174908215726	0.246189526646152	1.38176027571091	0.167045320003948	0.334782912365974
PA14_RS08370	87.1960981583193	0.391682151906657	0.283461191883474	1.38178404353733	0.167038019858065	0.334782912365974
PA14_RS08440	44.6243502683081	-0.604516860376133	0.437435237234577	-1.38195739373405	0.166984783631561	0.334782912365974
PA14_RS27620	787.0858994635	0.200454720101594	0.145049387344575	1.38197564134069	0.166979180493281	0.334782912365974
PA14_RS27735	107.590326812496	-0.347521775986486	0.251376993640242	-1.38247248069106	0.16682667452761	0.334782912365974
PA14_RS07395	11.5995587510787	-0.922457761747073	0.668480967248494	-1.379931227577	0.167607820628246	0.33577109385178
PA14_RS23860	21.4978001342159	0.697561219785543	0.505778326962446	1.37918369095585	0.167838125180265	0.336093239491413
PA14_RS23275	28.4855636136866	0.624635811712332	0.453066677848008	1.37868407069628	0.16799218295026	0.336262498653748
PA14_RS23265	125.900356041878	-0.339348179433242	0.246277694765521	-1.37790870487208	0.168231477005617	0.336602160860225
PA14_RS01345	256.467556311827	0.347070977512655	0.252041330263416	1.37703993686242	0.168499900799087	0.336880120003275
PA14_RS18980	41.3707879665277	-0.506666248624612	0.367947161432575	-1.37700817327125	0.16850972090321	0.336880120003275
PA14_RS27265	221.113822542277	0.259072442210094	0.188277610123045	1.37601301631555	0.168817603473392	0.337356169585671
PA14_RS03115	33.5874484897949	0.563822931426918	0.410211539806781	1.37446872336281	0.169296213660131	0.33817285801751
PA14_RS21135	46.4777718579727	-0.468344507351405	0.341202705455404	-1.37262835218819	0.169867913178183	0.339174743240996
PA14_RS07760	71.7865318242485	0.389440890587835	0.283874370504658	1.37187760168523	0.170101544173726	0.339501059688047
PA14_RS02800	153.974376679511	0.290830174082471	0.212181746739975	1.37066537791716	0.170479292333124	0.339974374318757
PA14_RS28170	84.249102790662	0.407393806194731	0.297187701683125	1.37082996331091	0.170427968069958	0.339974374318757
PA14_RS27430	74.0001951327608	0.397074473626582	0.289857835510777	1.36989387548165	0.170720031817251	0.34031412772804
PA14_RS21160	80.2877299122128	0.388717285810692	0.283993309354936	1.36875508332794	0.17107584555847	0.340882896217865
PA14_RS01380	122.406881757773	0.323844994982219	0.236935679315944	1.3668055225671	0.171686271319152	0.341958322940453
PA14_RS01785	136.644336730203	0.307929124194034	0.225436966360324	1.36592116708074	0.171963708184839	0.34222900937526
PA14_RS18115	13.1954360477404	-0.901846145316795	0.660169578919054	-1.36608255532383	0.171913053029163	0.34222900937526
PA14_RS23280	298.12565721736	0.280046496624313	0.205126724176162	1.36523652756142	0.17217872114813	0.342515958647618
PA14_RS03475	311.123046071374	-0.242579223133768	0.177737099975321	-1.36482041828887	0.172309499665837	0.342635172855257
PA14_RS28020	444.288422253446	-0.204353258325023	0.149785269251849	-1.36430811484822	0.172470612982076	0.342814584620354
PA14_RS12120	86.3138319997787	0.36353440574126	0.266545805169063	1.36387217015357	0.172607801096765	0.342946313107623
PA14_RS20395	272.476470499574	0.2541993161348	0.186657771606336	1.36184694560112	0.173246192493736	0.343967747598265
PA14_RS28215	640.934073243038	0.185602546884504	0.136293069629444	1.36179005571687	0.173264150775305	0.343967747598265
PA14_RS07880	27.0633444511411	0.630786689894844	0.463309364502947	1.36148055321863	0.173361874998574	0.344020528310671
PA14_RS25040	184.749227241147	-0.267434134825715	0.196485824070503	-1.36108615515059	0.173486464356393	0.344076225332662
PA14_RS27335	163.245887183905	-0.295198753006485	0.216907777562846	-1.36094130106034	0.173532240195691	0.344076225332662
PA14_RS02560	37.4959770094222	-0.535632996805522	0.394061815980556	-1.35926135211221	0.174063786132107	0.344988717104455
PA14_RS04045	32.0427510022512	-0.560938519132216	0.413252639751238	-1.35737431579355	0.174662304907748	0.345891444117064
PA14_RS18610	224.140525174513	0.294186257009491	0.21673077735776	1.35738108170891	0.174660156194658	0.345891444117064
PA14_RS21790	31.4566457285078	0.55095924312476	0.406381257707276	1.35576932418873	0.175172574394245	0.346759954879479
PA14_RS23605	150.376320433935	0.289754636105984	0.213893180380373	1.35466981972359	0.175522777579887	0.347311027977222
PA14_RS21870	19.338877915888	0.746916506647761	0.551484081443955	1.35437546028909	0.175616622576231	0.347354595819491
PA14_RS28650	28.1998909802413	0.722900570395697	0.534066384237445	1.35357811637569	0.175871012492502	0.347715542278716
PA14_RS18270	91.1624183452197	-0.358739756611785	0.265244722289337	-1.35248593644197	0.176219914734334	0.348262978199935
PA14_RS17820	60.4345179479357	-0.471388652528948	0.3487331267361	-1.35171744921631	0.176465720859043	0.348606301500953
PA14_RS06630	141.657685238213	0.313597000145059	0.232114979677541	1.35104162850978	0.176682098051884	0.348606538628686
PA14_RS09220	46.2854535310856	-0.46362581886721	0.343104446835249	-1.35126729817592	0.176609823525639	0.348606538628686
PA14_RS18185	39.9143782853111	0.540079457091629	0.399727416909418	1.35111937346548	0.17665719642699	0.348606538628686
PA14_RS27350	64.3608112488576	0.410598177139935	0.304184535498491	1.34983251685381	0.177069711956976	0.349228844626402
PA14_RS26555	51.8125454340328	0.521587193402286	0.38649746670261	1.34952292922432	0.177169060554969	0.349282338705189
PA14_RS28570	100.053905897374	-0.330811310172891	0.245224176167146	-1.3490158896381	0.17733186239671	0.349460833965155
PA14_RS01875	493.222100780424	0.199600679836694	0.148000914766755	1.34864490635925	0.177451049424551	0.349553268846081
PA14_RS22725	175.842268119097	0.273325590715558	0.202712247441676	1.34834275760372	0.177548165829214	0.349602170175114
PA14_RS12315	198.50700490671	0.259480846031815	0.192767523487253	1.34608175349088	0.178276152458394	0.350749989132951
PA14_RS28100	33.3167460877687	-0.660278092461919	0.490466525398795	-1.34622458061751	0.178230100077315	0.350749989132951
PA14_RS25535	96.3935027962656	0.383954056206422	0.285326577645133	1.34566523516766	0.178410502866918	0.350871570501999
PA14_RS06645	45.7835761513141	-0.533553581727223	0.396833454124372	-1.34452772613269	0.178777796828798	0.351450985961003
PA14_RS16320	13.9114663377067	-0.852467719338344	0.634586420285304	-1.34334377807058	0.179160682711952	0.352060569522552
PA14_RS08390	53.9494166710401	0.430584264354763	0.32067631788736	1.34273795829853	0.179356839015562	0.352159834948948
PA14_RS20305	97.9050626838343	0.387363123413415	0.288478825798695	1.34277835588434	0.179343753853265	0.352159834948948
PA14_RS29585	90.8133224965608	-0.388368707582841	0.289546032499085	-1.3413021212234	0.179822381383402	0.352930615409956
PA14_RS21105	15.7396462446574	-0.805446316866589	0.601003860590917	-1.34016829122306	0.180190637919775	0.353509908714009
PA14_RS31430	437.823240894242	0.213014501022217	0.15904102341697	1.33936827395621	0.180450812392271	0.353876775640318
PA14_RS23725	103.166670942157	0.426408799031177	0.318775565770324	1.33764580732766	0.181011924558391	0.354833265976643
PA14_RS22845	121.531253530924	-0.316270471531156	0.236555666507765	-1.33698116895786	0.181228783708946	0.355114423831631
PA14_RS09880	84.5067902211188	-0.356829443330958	0.267136591426105	-1.33575651851373	0.181628869332761	0.35532249680147
PA14_RS17835	875.796209915146	0.224108516860384	0.1677603612788	1.33588480110591	0.181586929509469	0.35532249680147
PA14_RS23185	163.4851873578	-0.299544274678043	0.224163146496055	-1.33627797146983	0.181458433874976	0.35532249680147
PA14_RS24920	520.679312363317	0.301565416449901	0.225751531661659	1.3358288833312	0.181605209996325	0.35532249680147
PA14_RS31205	35.6263987824293	0.57993347929316	0.435005549571622	1.33316340415486	0.182478185961036	0.356839671373865
PA14_RS04975	820.538544259249	-0.183562601052973	0.137860576673694	-1.33150901789314	0.18302157972792	0.357757623105991
PA14_RS06230	835.073066720657	0.176141768160163	0.132453924128703	1.32983427496651	0.183572880308088	0.358690282492894
PA14_RS28430	74.5195833697643	0.384064032190664	0.288998630673353	1.32894758461593	0.183865263246005	0.359116483464331
PA14_RS20575	38.7604038071122	-0.529096694265143	0.399087647199495	-1.32576565067337	0.184917333973523	0.361025525674589
PA14_RS20805	39.0373331901853	-0.484375411087557	0.365446346784853	-1.32543508875934	0.185026885440501	0.361093631150227
PA14_RS04725	27.0605268501971	-0.610686574088192	0.461175917050718	-1.32419441586112	0.185438484946219	0.361750912948735
PA14_RS24245	58.2980295417621	0.418472303571067	0.316291746470151	1.32305793066453	0.185816113549767	0.362195374899908
PA14_RS27480	17.0006165171765	0.767972374352616	0.580440969126399	1.32308437067849	0.185807321669878	0.362195374899908
PA14_RS00830	52.4230970858545	0.432269112779091	0.326924899772814	1.32222756076237	0.186092386138664	0.362295804897978
PA14_RS10595	22.2413523794313	-0.800597300510748	0.60541724643037	-1.32238931948369	0.186038543553858	0.362295804897978
PA14_RS13230	179.55619807591	0.297015366505606	0.224567443604443	1.32261097930461	0.185964781148099	0.362295804897978
PA14_RS03915	19.3517118515894	-0.714819643328997	0.540761533194748	-1.3218759091571	0.186209475707082	0.362333044937387
PA14_RS17540	51.8460040895263	-0.437134670552886	0.330731643045237	-1.32172013094343	0.186261362637375	0.362333044937387
PA14_RS17355	59.770070633278	-0.411477177153659	0.31138393587182	-1.32144638740466	0.18635256758742	0.362364703197734
PA14_RS25980	11.2983498263773	-0.889429719260486	0.673375194345295	-1.32085310942476	0.186550347208777	0.362603488384906
PA14_RS00915	57.2431774632043	0.462479926641842	0.350375526679437	1.31995499521566	0.186850044364387	0.363040102268452
PA14_RS19320	17.2711197728641	-0.818951621323612	0.620724032431231	-1.31934898366343	0.187052468873202	0.363287445570604
PA14_RS04210	129.630271549179	-0.329637811454122	0.250191561207292	-1.31754168631214	0.187657117513471	0.364315463787694
PA14_RS26240	134.760437409514	-0.295494297851033	0.224505241202354	-1.31620222436007	0.188106177335536	0.364894293459548
PA14_RS26695	2836.52398746172	0.154963462405188	0.117716794306866	1.31640912681691	0.188036760752191	0.364894293459548
PA14_RS11240	24.9668227322546	-0.611757408325957	0.465625202903143	-1.31384084132837	0.188899770353203	0.366187432169495
PA14_RS11925	11.8975562518605	-0.994856547463424	0.757254283062396	-1.31376813537475	0.188924243850887	0.366187432169495
PA14_RS13915	40.1704860605266	-0.60140087874778	0.458044618693614	-1.31297444441773	0.189191559657673	0.366465795749506
PA14_RS17880	2500.93000969526	-0.154719121969393	0.117846058340314	-1.31289178567685	0.189219415216401	0.366465795749506
PA14_RS12370	62.7083585561667	-0.392163812373435	0.299006033599804	-1.31155819048894	0.189669247681769	0.367189944671351
PA14_RS29085	21.7794229339692	0.673906286185178	0.514241968646087	1.31048480535235	0.190031881155698	0.367744768815108
PA14_RS11760	11.6780260530805	-0.896151285900908	0.684099078446832	-1.30997294709929	0.190204987573701	0.367932527962566
PA14_RS04560	3568.03752096748	0.215116313343256	0.164326392886787	1.30907950673183	0.190507420279825	0.368075862753989
PA14_RS10370	247.919969202952	0.255081083849185	0.194821983066066	1.30930339500078	0.190431600087292	0.368075862753989
PA14_RS16600	87.3910192210015	-0.333409975494263	0.254618557789979	-1.30944884138915	0.190382356296104	0.368075862753989
PA14_RS27445	12.3561661293417	-0.988748654575897	0.755779183788056	-1.30825071103463	0.190788286975464	0.368471308232167
PA14_RS21770	175.799464882565	-0.312841254937671	0.239404342664918	-1.30674845516708	0.191298156216757	0.369308536313069
PA14_RS28350	70.9364557581546	0.377574216784212	0.289343444923965	1.30493440721781	0.19191518389702	0.370351887201113
PA14_RS12355	296.560966750008	-0.230145543048667	0.176588467069123	-1.30328750721065	0.192476624535137	0.371287178401245
PA14_RS26940	95.5840574351697	0.354754290149351	0.272246920980986	1.3030607981573	0.19255400580074	0.371288346113389
PA14_RS08510	17.5901057035614	0.77809387128441	0.599080446227799	1.29881366715238	0.194007883152776	0.373942655610532
PA14_RS10620	15.057501689806	-0.775568881867278	0.597313996177622	-1.29842743821568	0.194140495644	0.374049178061507
PA14_RS27165	560.96824063668	0.194482655240224	0.149816009831031	1.29814333901677	0.194238084142536	0.374088162052292
PA14_RS17985	95.9691616910081	-0.354361945090867	0.273093084525846	-1.297586666122	0.194429406488099	0.374307567586165
PA14_RS02960	19.0326794322646	0.707282956887353	0.54601149445995	1.29536276079117	0.195195118039243	0.375632149159483
PA14_RS09665	275.764672478712	0.236569185611691	0.183188581128282	1.29139700823398	0.196566047519524	0.378119890932544
PA14_RS07010	610.228567395856	0.21368500916737	0.165536824278694	1.29086087097826	0.196751925769319	0.378326963427605
PA14_RS04910	612.110366232891	-0.189496013982924	0.14706765743095	-1.28849549447604	0.197573536221516	0.378595296568595
PA14_RS10170	522.53318133748	-0.231179271502904	0.179417970898919	-1.28849563031312	0.197573488966704	0.378595296568595
PA14_RS11290	153.812134429179	-0.276109956027485	0.214234878042305	-1.28881888211014	0.197461060016871	0.378595296568595
PA14_RS15285	56.3500503331336	0.413172666108848	0.320434323477275	1.28941450973541	0.197254019727023	0.378595296568595
PA14_RS16500	168.36463445852	0.291676503794135	0.226241542695956	1.28922610904451	0.197319490658347	0.378595296568595
PA14_RS17925	40.5475636706549	0.476676018797712	0.369620012529108	1.28963801374303	0.197176370701185	0.378595296568595
PA14_RS20380	246.451647978206	0.244943281305745	0.190042978554633	1.28888361553084	0.197438550965904	0.378595296568595
PA14_RS25855	88.4295408579605	-0.367362750044437	0.285124168875383	-1.28843076156409	0.197596056356314	0.378595296568595
PA14_RS28390	36.0350918787485	0.497417519103194	0.386005298541934	1.2886287338078	0.197527189086189	0.378595296568595
PA14_RS11775	108.327411937001	0.324213865637025	0.251699160751016	1.28810070192384	0.197710911041093	0.37866533298801
PA14_RS14500	12.1708257986333	-0.924500566036575	0.718661317693768	-1.28642038088729	0.198296389283271	0.379486085703957
PA14_RS14655	27.8768425665983	-0.594967527123388	0.462427404306099	-1.28661822717054	0.198227387450192	0.379486085703957
PA14_RS05550	17.5465764552702	-0.731773012148253	0.569029279986344	-1.28600238667123	0.198442228737115	0.379614959720209
PA14_RS21155	158.623952402055	0.317662725461853	0.247171651160859	1.28519077317293	0.198725627120152	0.380003433611655
PA14_RS24450	14.0896847860152	-0.838078220461892	0.652215726925389	-1.28497088595621	0.198802458030911	0.380003433611655
PA14_RS29790	318.538727390371	0.23077484879711	0.17965721802393	1.28452867819856	0.198957035820632	0.380148646870239
PA14_RS05330	23.0161767585874	-0.618120659947998	0.481693561801985	-1.28322383557639	0.199413667580183	0.380358678364279
PA14_RS07870	41.5958003126597	0.505846613056673	0.394164262293095	1.28333961611297	0.199373119066462	0.380358678364279
PA14_RS10760	172.313084489382	0.267575984010783	0.208576647831341	1.28286645122013	0.199538868281674	0.380358678364279
PA14_RS17210	10.2665577237091	0.992503837605612	0.773530264892568	1.28308339395545	0.199462860954275	0.380358678364279
PA14_RS21490	196.979607960128	-0.251425585321991	0.195894482185321	-1.28347456506782	0.19932586501656	0.380358678364279
PA14_RS23440	235.043332386484	0.260380668300611	0.202838652934944	1.28368367928436	0.199252657246742	0.380358678364279
PA14_RS13260	77.8107600767875	0.370524723256396	0.28924119587538	1.2810233415576	0.200185467617312	0.38144086737483
PA14_RS27595	27.2673559842085	0.568876823262447	0.444643944356539	1.27939856256378	0.200756739791523	0.382378729276017
PA14_RS24120	24.9842647719545	-0.670521320684735	0.524272880567908	-1.27895480681436	0.200912970912319	0.382525640681881
PA14_RS15770	19.7711066396013	-0.655556807507567	0.51307989521862	-1.27768952480244	0.201358920190941	0.383223824495628
PA14_RS02385	32.2173774855463	0.54274949888914	0.425125288780214	1.27668128246715	0.201714792230999	0.383750092537022
PA14_RS19240	71.3783589160475	0.406442736570735	0.318431463327838	1.2763900034347	0.201817688224668	0.38379486443354
PA14_RS02055	153.811388475577	-0.297081900039665	0.232842699630569	-1.27589097923628	0.201994060324256	0.383979275050355
PA14_RS21560	15.8780993916943	-0.739740021547924	0.580017452008346	-1.27537545462904	0.202176382193831	0.384174846479122
PA14_RS06605	96.7200031631594	-0.368408266040333	0.289067874993809	-1.27446976267502	0.202496982142906	0.384632916591946
PA14_RS02290	47.8121945216242	0.432526721791942	0.339690610560863	1.27329607691481	0.202912998315143	0.38527179420967
PA14_RS01560	127.513524449959	0.313905096872986	0.246610768053813	1.27287668478648	0.203061803882203	0.385403015531528
PA14_RS00220	117.958799658705	0.310676139475123	0.244151848528127	1.27247096980031	0.203205832242236	0.385525070507436
PA14_RS29450	62.1922826951678	0.379502977134162	0.298507036660198	1.27133678783648	0.203608860176499	0.386138214828843
PA14_RS18615	23.6560463985643	0.600441779457525	0.472531622260481	1.27069121127841	0.203838523441402	0.3863530363524
PA14_RS21795	13.7157042469036	0.785170980046795	0.618077021089691	1.27034488139118	0.203961807652539	0.3863530363524
PA14_RS29755	19.9394194269116	0.645775110449571	0.508281477823802	1.2705068719294	0.203904136584835	0.3863530363524
PA14_RS12980	113.816990038274	0.305523297638355	0.241714037809394	1.26398657027639	0.206234847267942	0.390505764051593
PA14_RS08805	131.68612010186	0.382796819364801	0.30306565272065	1.26308216034512	0.206559654489836	0.390862234948432
PA14_RS28625	382.474912707276	-0.204548459811878	0.161952862684458	-1.26301231371508	0.206584754451653	0.390862234948432
PA14_RS04250	529.467317551154	0.178763624565035	0.141600203156415	1.26245316447441	0.206785769160831	0.390936661322039
PA14_RS05285	35.6974083593908	-0.501533944742157	0.39723144078379	-1.26257363654942	0.206742447334169	0.390936661322039
PA14_RS20375	127.707795197636	0.295747823893398	0.234331091507997	1.26209382626165	0.206915026527051	0.391028162674801
PA14_RS17465	27.7077425881828	-0.563903852112194	0.447032681279927	-1.26143764365873	0.207151212940647	0.391321588195691
PA14_RS23125	20.5896963586605	0.778136055944758	0.617245603423776	1.26065872584356	0.207431830555122	0.391684454560011
PA14_RS23540	104.790271080927	0.306048360104514	0.242807852061454	1.26045495442649	0.207505287961693	0.391684454560011
PA14_RS16465	11.0990334353112	-0.868598492989927	0.689747021732181	-1.25930009934453	0.207921957374999	0.392317825152358
PA14_RS16255	31.2483452512562	-0.551219815771871	0.438212913087206	-1.25788127029058	0.208434698270669	0.393131903602556
PA14_RS17340	37.823930733636	0.501062642904608	0.398517173287332	1.25731756744982	0.20863866517366	0.393227830299213
PA14_RS26910	45.0199110797333	-0.443968916978474	0.353115404910818	-1.25729127306299	0.20864818290897	0.393227830299213
PA14_RS16810	63.0049556629695	0.389289476288309	0.309911130110116	1.25613260856423	0.209067895242037	0.393865345302101
PA14_RS27310	274.277178584224	0.24008856632178	0.191432293603603	1.25416961685122	0.209780360788086	0.395053670082237
PA14_RS13205	19.3319823574094	0.661544757525536	0.528055247927529	1.25279458943343	0.210280471226579	0.395530402261265
PA14_RS16345	39.186933784499	-0.622462298586922	0.49693013482435	-1.25261531745694	0.210345737660303	0.395530402261265
PA14_RS25455	20.1951862453974	-0.708950939770088	0.56586531896226	-1.25286161921044	0.210256071877091	0.395530402261265
PA14_RS26440	11.1813252508088	0.84459627178944	0.67428835534794	1.25257431051678	0.210360668861864	0.395530402261265
PA14_RS27720	305.902031493443	0.202496217382893	0.162159147987402	1.24874988488854	0.211756568966228	0.398000298297972
PA14_RS23615	173.440175977169	-0.289931299888167	0.232300921056429	-1.24808502079826	0.211999923224243	0.398302886057668
PA14_RS16605	298.08715657463	0.202126490657012	0.161988625838117	1.24778199463836	0.212110904196747	0.398356634056492
PA14_RS21085	375.714743906345	0.208497432221399	0.167189524545483	1.24707234372616	0.212370972568305	0.398536497525952
PA14_RS27085	43.3740345642094	-0.454756825018894	0.364659955621382	-1.24707091636642	0.21237149589007	0.398536497525952
PA14_RS05070	65.8288276649968	0.406011384975222	0.3256473109479	1.24678255070922	0.212477240286507	0.39858026921084
PA14_RS18800	12.7224506876716	0.781016645530413	0.626592620723287	1.24645043637582	0.212599074546475	0.398654177784704
PA14_RS02530	32.5808116049771	0.512195915144176	0.411371714794872	1.24509269043833	0.213097680693946	0.399434257300745
PA14_RS24890	84.4808195736498	-0.410501186690538	0.329814795153114	-1.24464151615747	0.213263552509813	0.399590290560812
PA14_RS20115	59.5582618836914	-0.455061870162348	0.365748769118681	-1.24419248562033	0.213428728698231	0.399744900071513
PA14_RS08520	149.042014760543	-0.282519396429521	0.22714935639629	-1.24376049710936	0.213587723083528	0.39988781604024
PA14_RS20125	28.3100310600419	0.603858493216249	0.485735533316057	1.24318369112052	0.213800151103046	0.400130623349199
PA14_RS06780	16.106034310181	-0.727440162037494	0.585691367553193	-1.24201960680499	0.214229328055625	0.400778735194198
PA14_RS00320	112.708861778021	0.343524730388171	0.276647189629377	1.24174306938881	0.21433137369445	0.400814587465723
PA14_RS12870	198.034377969325	0.248274928764782	0.200004421853628	1.24134719854584	0.214477515803063	0.400932843611756
PA14_RS15540	44.5201413988476	0.464382351981293	0.374946611882609	1.23852926593903	0.215519877408423	0.402725706007393
PA14_RS07925	24.9919196488083	-0.55767520561817	0.451069242004004	-1.2363405741002	0.216331995265016	0.404087110506612
PA14_RS26010	135.870118165248	-0.278475296704858	0.225304543010533	-1.23599503580289	0.216460408917336	0.404170863908972
PA14_RS24770	29.6510287193456	0.588933242561868	0.477481950361671	1.23341467068185	0.21742109427429	0.405651393483976
PA14_RS28980	29.8285919006816	0.525189905856812	0.425777058041587	1.23348568443891	0.217394614463204	0.405651393483976
PA14_RS20555	43.4880786849556	-0.485056956627575	0.393335857744496	-1.23318773785089	0.21750572918123	0.405652798426698
PA14_RS01180	28.2075396984246	-0.552938390148366	0.448815725860105	-1.23199424237803	0.217951234887862	0.406326974524942
PA14_RS06755	148.627336978525	-0.258273127079126	0.209783424794774	-1.23114172309747	0.218269863003283	0.406460914042996
PA14_RS17070	12.1975219472016	-0.792821267622335	0.643807783297691	-1.23145648156251	0.218152183426863	0.406460914042996
PA14_RS22075	80.7758878220291	-0.381402284475921	0.309799205454306	-1.23112738109387	0.218275226172387	0.406460914042996
PA14_RS27065	1296.07729033243	0.17694720383627	0.1439134351007	1.22953915812276	0.218869725607631	0.407411082770786
PA14_RS09695	146.188664907706	-0.273582293018569	0.222618327850612	-1.22892978156837	0.219098134259379	0.407679329464548
PA14_RS29240	117.168409474594	0.30521163131195	0.248702453580068	1.22721600417862	0.219741415751338	0.408719033297488
PA14_RS27645	341.346961116123	0.216428102700153	0.176566622912227	1.22575886161532	0.220289432379035	0.409580813143027
PA14_RS07315	29.5722355848068	-0.509241406113312	0.415724857369143	-1.22494817686865	0.220594746848946	0.409990851560916
PA14_RS06235	388.657516795683	-0.231781789997742	0.189378887196025	-1.22390512178808	0.220988021263299	0.410563991866812
PA14_RS14230	46.8345519413547	-0.445993028862666	0.364601551862954	-1.22323403886746	0.22124131253669	0.410718997093064
PA14_RS29365	514.972309805009	0.180943588108141	0.147913637600396	1.22330564675165	0.221214275185822	0.410718997093064
PA14_RS28365	198.808047528743	0.25368225605858	0.207449228925968	1.22286429972276	0.221380954502188	0.410820528001758
PA14_RS00315	27.9149353066129	0.533234056320155	0.436482159155621	1.22166289076214	0.221835135053821	0.411386906641292
PA14_RS00880	80.9023997552369	-0.381474429497431	0.312330118251175	-1.22138214410258	0.221941364645809	0.411386906641292
PA14_RS02360	52.2893559840459	-0.437623412245928	0.35828957222213	-1.22142380402468	0.221925598963047	0.411386906641292
PA14_RS12170	29.0959239552487	-0.549058207661095	0.449873884420521	-1.2204713958187	0.222286226573418	0.41186827268546
PA14_RS20370	35.2267661605626	0.587627077305088	0.481754169630826	1.21976542051602	0.222553813493216	0.412206144026501
PA14_RS02565	32.7486686955804	0.499367017190137	0.409579168425956	1.21921976429915	0.222760792360974	0.412431543590226
PA14_RS08000	17.4504325453804	-0.654954570291024	0.5374172235267	-1.21870781511803	0.222955110684416	0.412633339177128
PA14_RS04365	49.0875003921919	-0.410533115864454	0.337082820750945	-1.21789984713513	0.223262034322472	0.412908328922533
PA14_RS12755	17.4783864860923	0.714489607379548	0.5866728588273	1.21786715821103	0.223274458257325	0.412908328922533
PA14_RS06520	20.1634181681062	-0.679130061919416	0.559494693919058	-1.21382752919846	0.224813591533253	0.415436961656405
PA14_RS09265	136.178744520642	0.318617483566253	0.262487884793533	1.21383691219452	0.224810007769989	0.415436961656405
PA14_RS02115	158.560616945478	0.248609330696017	0.204967182458844	1.21292261382349	0.225159408819929	0.415917074504651
PA14_RS28820	496.846153304178	0.182127081751057	0.150574536889154	1.20954767993164	0.226452504783821	0.418145976760045
PA14_RS07145	11.9707979818696	-0.943614171203928	0.780392761360722	-1.20915290085291	0.226604108638876	0.418266209686108
PA14_RS06015	276.723047925498	-0.212063261326388	0.175548588442102	-1.20800322696032	0.227046021101424	0.418921998491601
PA14_RS23920	85.6019229738407	0.372556293940022	0.308587616514931	1.20729502417345	0.227318546257715	0.419264870214457
PA14_RS11990	118.836357868909	0.286895376285884	0.237693139078455	1.20699897943284	0.227432537007247	0.419315192133835
PA14_RS04810	112.195246074267	0.307242694999411	0.254792820786669	1.20585303012387	0.227874163940415	0.419801159927725
PA14_RS20680	16.4098323609509	-0.710022445161925	0.588732659425267	-1.20601844282779	0.227810379343435	0.419801159927725
PA14_RS27555	32.3714476589625	-0.528856465436388	0.438652259178111	-1.20563944302325	0.227956543831722	0.419801159927725
PA14_RS11185	10.373372973042	0.854584336712453	0.709107090188843	1.20515553791017	0.228143263041591	0.419985085675347
PA14_RS04765	10.7939064399507	-0.969402960017618	0.804876717773351	-1.20441172990992	0.228430480548596	0.420353806671617
PA14_RS28810	76.0267783340465	0.340835708916869	0.283116932077338	1.20386903890214	0.228640200218077	0.420579691234165
PA14_RS24470	15.3594833522894	-0.686801003481406	0.570629881237148	-1.20358401490016	0.228750400920119	0.42062241020901
PA14_RS25330	77.2403357540968	0.328566548245311	0.273099002999267	1.2031041660236	0.228936013456912	0.420803710025703
PA14_RS04230	71.2904742898729	0.394825914497759	0.328459078444698	1.20205511251909	0.229342175981258	0.421390107540031
PA14_RS00645	18.242242873794	0.647115675805002	0.538967237540472	1.20065864997297	0.229883640245647	0.42222456674058
PA14_RS09295	99.7325922517519	-0.313129897003207	0.261028218339267	-1.19960170971332	0.230294062249912	0.422817799939474
PA14_RS26315	120.11448395779	0.273599131061699	0.228137363234936	1.19927366206975	0.230421552784176	0.4228913204039
PA14_RS00520	276.151688910606	0.214688297116441	0.179083303354645	1.19881805335747	0.230598701134817	0.422907386062065
PA14_RS08585	130.811665141916	0.274926347278262	0.229334370018123	1.19880132775796	0.23060520617156	0.422907386062065
PA14_RS11770	16.9905578845332	0.681380372324697	0.569618717329569	1.19620432333944	0.231616834151775	0.424601595890061
PA14_RS22955	52.3340417343242	-0.385508268757341	0.322358746986178	-1.19589827284529	0.231736259251834	0.424659548973804
PA14_RS20870	314.545671719334	-0.198770887466736	0.166446502071845	-1.19420285192258	0.232398627784076	0.425712031804466
PA14_RS06330	31.4957477369404	-0.542419595281822	0.454590485903988	-1.19320490001716	0.232789136104995	0.426265907687905
PA14_RS29235	36.5579739501855	0.532859083870348	0.446662402614493	1.19297948685923	0.232877406884778	0.426266139172894
PA14_RS20425	31.428541743832	-0.492375340249298	0.41374997553837	-1.1900311041919	0.234034167049851	0.42822142711051
PA14_RS27070	638.82530958251	0.178907223304879	0.150371164221255	1.18977081963425	0.234136481609305	0.428246605545612
PA14_RS13365	136.410272800691	0.294639763644281	0.247772648111461	1.18915370962067	0.23437918636961	0.42852844812228
PA14_RS01675	98.3180800946378	0.305448490707588	0.257087669683933	1.18811023135847	0.234789983946747	0.429117294923079
PA14_RS16050	162.982053793935	-0.249312648873859	0.210065004390894	-1.18683571114935	0.235292429723212	0.429873135678676
PA14_RS06680	30.1275238058682	0.502143813855301	0.423510205973381	1.1856711049057	0.235752209862394	0.430426180141198
PA14_RS28985	24.8184759598536	0.539458843367466	0.455002198149469	1.18561810373991	0.235773149543845	0.430426180141198
PA14_RS17090	38.6986435937798	-0.493680737183083	0.417010439750473	-1.18385702160955	0.236469665637343	0.431534831329129
PA14_RS10500	62.5893379021619	-0.400335943799883	0.338231356402502	-1.18361570038313	0.236565222519786	0.431546365939526
PA14_RS27425	28.3161214211043	0.501887546732957	0.424385438574748	1.1826219778381	0.236958998278918	0.43210170274391
PA14_RS21565	21.6388906866203	-0.606459438392448	0.51308595434921	-1.18198409691739	0.237212011068529	0.432299900471906
PA14_RS22995	55.0349889502536	-0.463810750627578	0.39250379265687	-1.18167202280525	0.237335863472479	0.432299900471906
PA14_RS27560	20.4743153132506	0.650609845106581	0.550533405279624	1.18178086718666	0.237292661371806	0.432299900471906
PA14_RS01065	12.2313986047777	0.839329122385382	0.711121805444929	1.18028882810061	0.237885359971271	0.432811738457888
PA14_RS15295	101.553439811215	-0.323094768289566	0.273734113416087	-1.18032335925354	0.237871630986012	0.432811738457888
PA14_RS25345	57.8534037048097	0.443223791440195	0.375419375651696	1.1806097931701	0.237757771417745	0.432811738457888
PA14_RS18170	350.692483851624	-0.221554883249675	0.187770817691939	-1.17992181092358	0.238031314192282	0.432914417237261
PA14_RS16920	586.12174217109	-0.177886099508128	0.15096786809373	-1.17830437532367	0.238675284138541	0.433596421522909
PA14_RS23645	461.038277508885	-0.241800859613504	0.205201282355661	-1.17835939833167	0.238653356956534	0.433596421522909
PA14_RS24820	19.6432560911728	-0.648381537244175	0.55011036607412	-1.17863900997062	0.238541951077726	0.433596421522909
PA14_RS22985	44.4594391067442	0.417155105654955	0.354326447899519	1.17731856633308	0.23906837915191	0.434147458347217
PA14_RS17125	199.927684931432	0.22429959180846	0.190590919343399	1.17686400055779	0.239249792719591	0.434313812909888
PA14_RS17445	27.5099229580853	0.527877515142347	0.448671707651015	1.17653399164839	0.239381557456686	0.434389948165303
PA14_RS26150	19.3225499902915	-0.677390598303126	0.576093988867397	-1.17583347751099	0.239661425750674	0.434734679268665
PA14_RS07155	28.5891060484744	0.560790636523397	0.47702223075721	1.17560692220406	0.239751988117523	0.43473588846507
PA14_RS09690	478.579374133603	0.223998497096774	0.190713641342315	1.17452792322661	0.240183634182945	0.435355342919312
PA14_RS21955	95.0957706264376	0.291996108191582	0.249055631144927	1.17241319479208	0.241031204516001	0.43672795243139
PA14_RS04780	68.5725895334177	-0.372986839400507	0.3186067426344	-1.17068093511288	0.241727051259086	0.437824726550166
PA14_RS08800	1187.82734953758	0.149902468020827	0.128237664055949	1.16894259673527	0.242426759808561	0.438670952532468
PA14_RS13955	30.7003438301939	-0.482248750079713	0.412597083277453	-1.16881279491601	0.242479064179074	0.438670952532468
PA14_RS18770	13.4952796569704	-0.848417330315616	0.725771094706714	-1.16898748999981	0.242408671662965	0.438670952532468
PA14_RS29550	68.1841482616582	0.344492942697179	0.294786316529428	1.16861917728393	0.242557098236522	0.438670952532468
PA14_RS10285	517.571434669149	-0.170743371565644	0.146213259369921	-1.1677694095695	0.242899790461036	0.439126499689559
PA14_RS06500	206.906074412261	-0.24608074780448	0.211152458242071	-1.16541739486815	0.243850079516356	0.440679740112519
PA14_RS14340	14.7229506047683	0.682528811563183	0.586082116991828	1.1645617427578	0.244196437263066	0.440976090591556
PA14_RS19570	26.5023706173935	-0.557067679274838	0.47829615659597	-1.16469194157755	0.244143712065593	0.440976090591556
PA14_RS26635	1694.72103072428	-0.151497485429993	0.130177712270019	-1.16377437264953	0.24451546033898	0.44138737073509
PA14_RS06790	91.7944278546351	0.302991629100376	0.260407913418285	1.16352696476505	0.244615764335285	0.441403670270685
PA14_RS07520	11.0991301912561	0.854805559850927	0.735645759574062	1.16197986425676	0.245243644136776	0.442371601285135
PA14_RS19305	121.731248002809	0.25785006500419	0.222554046201252	1.1585952689039	0.246621198259776	0.444690572253645
PA14_RS04720	89.434797353963	0.336530793642209	0.290567765944828	1.15818350513838	0.246789158193973	0.44482756952145
PA14_RS18095	219.498965384327	-0.242743672405796	0.209646401194315	-1.15787187866299	0.246916325025372	0.44489096416643
PA14_RS05735	65.5619347234701	-0.379106029886288	0.327501565221383	-1.15757013139776	0.247039504136329	0.444947129237724
PA14_RS01575	118.514720216601	-0.300552685793184	0.260109471531348	-1.15548535785234	0.247891725247629	0.446315853796549
PA14_RS04950	354.691804326442	-0.206113517325384	0.178462743579689	-1.15493863419929	0.248115557017818	0.446526198372902
PA14_RS12165	256.109321359165	-0.20040966552741	0.173552575689431	-1.15474901326754	0.248193221924392	0.446526198372902
PA14_RS08120	22.3687877492912	-0.567746963698093	0.492190568664219	-1.1535104486844	0.248700931379117	0.447106953215394
PA14_RS12145	18.8048356947977	-0.7240685155665	0.627614638177273	-1.15368328194089	0.248630040408026	0.447106953215394
PA14_RS29340	47.3031777909844	-0.388686552332995	0.337420069104272	-1.15193667455767	0.249347096316675	0.4481020281633
PA14_RS23500	23.6159657658267	-0.59060331143181	0.512915896421972	-1.15146228758316	0.24954210151058	0.448285885180224
PA14_RS02755	21.1160356199942	-0.598516701305912	0.521144493823496	-1.14846594063531	0.250776265610484	0.450281119172734
PA14_RS27915	82.554465461434	0.351965307370896	0.306506169255462	1.14831394169279	0.250838985742627	0.450281119172734
PA14_RS02500	22.9057762230333	0.552941822329251	0.481811225924268	1.1476316710316	0.251120649585819	0.450619466195556
PA14_RS17645	27.8864561736282	-0.579824793242038	0.50596037827846	-1.14598853612788	0.251799895476712	0.451503260854795
PA14_RS26855	14.7969525497586	-0.736116310037208	0.642270320159221	-1.14611603079327	0.251747145398608	0.451503260854795
PA14_RS01080	10.1451488165844	0.872019327900206	0.761472259958038	1.14517543678907	0.252136491309762	0.45159503677829
PA14_RS22365	11.7006550793967	-0.788413235984711	0.688592939304702	-1.1449627072575	0.252224605942548	0.45159503677829
PA14_RS24375	10.1373502267189	-0.885992195250101	0.773635562035681	-1.14523199129933	0.252113069495289	0.45159503677829
PA14_RS29795	111.676066765945	0.286088879925285	0.249790496768842	1.14531530873264	0.252078566691452	0.45159503677829
PA14_RS06030	12.0989442245929	0.790474573659257	0.690843118137952	1.14421719331857	0.252533574466922	0.451854847454455
PA14_RS18865	98.1517219532624	0.284763919509892	0.248884332834759	1.14416169256807	0.252556586573489	0.451854847454455
PA14_RS28425	10.8220566208782	0.9691378954655	0.847611208070755	1.14337550782434	0.252882716926602	0.452271012964885
PA14_RS21670	98.6947356980211	0.297323716974449	0.260364995426151	1.14194965605037	0.25347494654904	0.453162603146453
PA14_RS01020	41.3215789080129	0.408121633986276	0.357571641540969	1.1413702502454	0.253715879343031	0.453258216661581
PA14_RS17915	29.320146529671	-0.480437259429068	0.42084834724112	-1.14159236356418	0.253623499707698	0.453258216661581
PA14_RS09910	1275.21770550772	-0.168003727306562	0.147229339122344	-1.14110223076499	0.253827383094514	0.453289964787692
PA14_RS18000	304.372937871427	0.191876795958526	0.168439588540477	1.13914310537761	0.254643471156216	0.454244126341373
PA14_RS20700	118.756552910116	0.281772112972528	0.247267895841549	1.13954183988806	0.254477227616083	0.454244126341373
PA14_RS25460	28.4607223865864	0.480317613165412	0.421568882021189	1.13935737111941	0.254554128403779	0.454244126341373
PA14_RS29800	142.457657101811	0.262407669126378	0.230422559065176	1.13881067110341	0.25478213001203	0.454323886702867
PA14_RS15340	57.3944918056016	-0.384261637915689	0.337564185340498	-1.13833651377467	0.25497999262604	0.454341652299016
PA14_RS29440	396.829535980513	-0.189370185491214	0.166350710775007	-1.13837917859781	0.254962184513377	0.454341652299016
PA14_RS18280	305.919932059211	0.187705138948669	0.164989484214236	1.13767940934307	0.255254374421464	0.454663040405967
PA14_RS10335	19.3750767393872	-0.585684112085983	0.51522954914214	-1.13674402615524	0.255645308787636	0.455191720654273
PA14_RS02390	227.539172175246	-0.219553062231039	0.193401371509311	-1.13521977904106	0.256283244239415	0.455568877329591
PA14_RS11370	79.3501613253158	0.324006305041053	0.285313085705097	1.13561670065126	0.256117016268441	0.455568877329591
PA14_RS18220	28.5918151393584	-0.525940934993055	0.463304289224011	-1.1351954800029	0.256293422938727	0.455568877329591
PA14_RS21960	15.4605974725785	0.663027008556291	0.584082733801504	1.13515940497158	0.25630853503812	0.455568877329591
PA14_RS26305	75.3953731077609	-0.312139089224306	0.274985134874301	-1.13511259205698	0.256328146239416	0.455568877329591
PA14_RS05885	58.2408628933292	-0.408018840261056	0.360354313492879	-1.13227128130136	0.257520400103307	0.457519711572223
PA14_RS25990	92.1831967291106	-0.321357573761977	0.283900495467529	-1.13193734738914	0.257660775700201	0.457600995698191
PA14_RS24885	84.1499487668835	-0.305227011321116	0.269920414513536	-1.13080372920741	0.258137709998537	0.45827972303705
PA14_RS12280	52.6815736949297	-0.437232603646174	0.38697711237702	-1.12986683103933	0.258532342253998	0.458811892528562
PA14_RS10230	351.019653146069	0.195746546526078	0.173831115004656	1.12607312287466	0.26013456939506	0.461485978574654
PA14_RS16525	190.361848860567	-0.234783257265827	0.208816343754436	-1.1243528789199	0.260863353783926	0.462609159845642
PA14_RS24250	134.590531479672	0.243202596785769	0.21641822054008	1.12376211290735	0.261113958295473	0.462883835160157
PA14_RS05630	69.6333527365517	0.363750360634417	0.323999222827863	1.12268899122537	0.261569605109709	0.463521660062496
PA14_RS05265	12.9137671152848	0.728763420028434	0.649457276387914	1.12211140982452	0.261815073193096	0.463616878052659
PA14_RS29205	172.972540137948	0.263755103269456	0.235050287076874	1.12212202141746	0.261810561904813	0.463616878052659
PA14_RS09735	11.6590290668596	-0.847150940155436	0.755637889388788	-1.12110701706696	0.262242312144086	0.464033597339481
PA14_RS18050	496.283047246273	-0.192295935802519	0.171511901965496	-1.12118129178699	0.262210701396003	0.464033597339481
PA14_RS08495	18.148191378513	-0.725894911098596	0.647830109181593	-1.12050196619546	0.26249991519471	0.464149758640446
PA14_RS16300	19.1097605663975	-0.613750315045981	0.547654223663816	-1.12068945792106	0.262420071094416	0.464149758640446
PA14_RS11860	69.3223122518339	0.373168960413893	0.333173701138641	1.12004326613585	0.262695325174879	0.464325508971387
PA14_RS15835	27.9800364124905	-0.501781408846277	0.448496269608972	-1.11880843353226	0.263221873041931	0.464916354284433
PA14_RS20285	222.386042950141	-0.234510727403088	0.209583607693974	-1.11893639957526	0.2631672729348	0.464916354284433
PA14_RS12130	22.1035451925636	-0.541968652943968	0.484669774482628	-1.11822251247771	0.263471971652054	0.465188190912499
PA14_RS21025	110.279830963343	-0.286803566585076	0.256729047085405	-1.11714498161038	0.263932340333074	0.465830948120709
PA14_RS28045	35.3667194006269	0.502548753656136	0.450411237482064	1.1157553627337	0.264526865455196	0.466709931171591
PA14_RS15995	87.8626443050152	-0.31962298472446	0.286623996797612	-1.11512988547902	0.264794766450923	0.467012213915633
PA14_RS22745	21.0508643542481	0.615519746470145	0.552651172352474	1.11375814847195	0.265382955869784	0.46787895537232
PA14_RS06440	474.54006256728	0.160901941515386	0.144605717456276	1.11269418903881	0.265839792091498	0.468146901069131
PA14_RS06760	334.091494217698	-0.189341855132564	0.170155329045897	-1.11275889032833	0.265811995605677	0.468146901069131
PA14_RS26480	18.9339648877597	-0.574341821043772	0.516261149019815	-1.11250250408002	0.265922154101924	0.468146901069131
PA14_RS27505	39.1624760613689	-0.530802632181747	0.477031385522459	-1.11272056365934	0.265828460981967	0.468146901069131
PA14_RS18725	11.8565450450902	-0.8033711795672	0.722563504180945	-1.11183470368858	0.266209227654506	0.46848174124352
PA14_RS10315	297.114695945947	-0.220318094457384	0.198228198956093	-1.11143669577598	0.266380424420007	0.468612489085178
PA14_RS21245	450.654781746074	0.165070047951571	0.148561377553312	1.11112356838731	0.26651516441827	0.468679030955183
PA14_RS26230	106.807736154021	-0.364325397090321	0.327994219479531	-1.11076773751818	0.266668336814212	0.468777926875147
PA14_RS26330	115.322346294986	-0.286820666109948	0.258398588187395	-1.10999316258625	0.267001972849872	0.469193873801592
PA14_RS25115	52.4470047651144	-0.351331831723877	0.316626138173491	-1.10961095552815	0.267166708297964	0.46931282285832
PA14_RS24155	35.7070156111388	0.453357153865486	0.409214155987373	1.10787260712329	0.267916837346343	0.47028886584643
PA14_RS27540	196.663015067017	0.233599312436512	0.210840271288957	1.10794446909226	0.267885798945821	0.47028886584643
PA14_RS12135	38.6727332860117	-0.412632582717609	0.372821438604702	-1.106783408867	0.26838758310596	0.470944249601024
PA14_RS30260	11.5931500416934	-0.838711406139316	0.758338679578851	-1.10598526585127	0.268732896813615	0.471379140003861
PA14_RS19690	84.9598529234705	0.292488440686795	0.264795739396552	1.10458137035495	0.269341027137759	0.472274549397462
PA14_RS03120	50.8694103180812	0.428390108147594	0.388750603210727	1.1019664139669	0.270476273275022	0.474093243043859
PA14_RS28710	206.552308072265	-0.240111352497909	0.217941437608912	-1.10172418394697	0.27058159975789	0.474106020445347
PA14_RS19110	61.0568334276637	-0.377578258392577	0.342823023420858	-1.1013795241198	0.270731513237827	0.474196884468718
PA14_RS17710	95.831580733401	0.304698394052921	0.276754859841983	1.10096854027023	0.270910349462763	0.47433832367919
PA14_RS09160	16.0731136073854	0.614017209263922	0.558367783166158	1.09966446449007	0.271478343155315	0.475160791711583
PA14_RS06375	50.2891222333521	-0.466823582661043	0.424859376399419	-1.09877199043425	0.271867532410542	0.475506761175206
PA14_RS09420	404.860994172811	0.170180281426531	0.15488391039164	1.09876023272019	0.271872662251746	0.475506761175206
PA14_RS11125	393.648690044797	0.172884957585429	0.157414481957666	1.09827860458178	0.272082851543076	0.475702339140388
PA14_RS10160	49.0844730725393	0.408928115587828	0.372817691435342	1.09685812927348	0.272703414662688	0.476453027175834
PA14_RS19920	45.2688729111737	-0.390423419675838	0.355951392248441	-1.09684476076817	0.272709259558046	0.476453027175834
PA14_RS06370	36.4120418990451	-0.494786549921535	0.451471875216466	-1.09594102552745	0.273104583845249	0.476799194034522
PA14_RS27650	295.035502763776	0.18619021374543	0.169868013688388	1.09608754292603	0.273040465586264	0.476799194034522
PA14_RS12400	763.000477382259	0.196500646892465	0.179376250548147	1.09546635238494	0.273312378801947	0.476989774047714
PA14_RS07590	83.5967706760923	-0.303108667035976	0.277157763506298	-1.09363224468756	0.274116301377449	0.478158454603313
PA14_RS13960	35.163192685578	-0.438880683129434	0.40135863253501	-1.09348758828839	0.274179775561411	0.478158454603313
PA14_RS04080	13.0240904927437	0.77734763406508	0.71173244867629	1.09219080219094	0.274749244453017	0.478806250873798
PA14_RS18950	27.1984959987925	-0.581591818741264	0.532468549139899	-1.09225572041901	0.274720717160269	0.478806250873798
PA14_RS05635	71.6849107237474	0.311263277579542	0.285377961381595	1.09070537918425	0.275402542897786	0.479771865076979
PA14_RS26950	95.1325166427561	0.2965068480763	0.272140877622209	1.08953440095801	0.275918293201084	0.480497250961629
PA14_RS23305	77.5751143102776	-0.299401155525297	0.275088402975653	-1.0883815976488	0.276426681646034	0.481209298934564
PA14_RS21070	341.114231653121	-0.176931778692317	0.162846603031555	-1.08649351843116	0.277260706962576	0.482358220968039
PA14_RS21405	2686.13140043089	-0.37023991013902	0.340783922722419	-1.08643596558572	0.277286156801313	0.482358220968039
PA14_RS15465	33.2328775787627	-0.485106788338047	0.447141754878566	-1.08490603493246	0.277963274826349	0.483362242740101
PA14_RS25595	89.4194555860196	0.302940985160016	0.279455145996263	1.0840415340359	0.278346383733037	0.483854461442476
PA14_RS11005	49.1115823338444	0.359152193771053	0.331452628655286	1.08357020799064	0.278555406078209	0.484043817389226
PA14_RS17350	107.813782025758	0.253002571909183	0.233543739464741	1.08331986329002	0.278666471659119	0.484062879649245
PA14_RS07115	105.756881528274	-0.271189320938573	0.250443649454812	-1.08283568590747	0.278881362729117	0.484262215496593
PA14_RS05400	51.0976004335775	-0.352242475846257	0.325602008951845	-1.0818191109452	0.279332913010508	0.48482028323293
PA14_RS24720	30.503597976941	-0.551579195039268	0.50993728014971	-1.08166085616908	0.279403252557935	0.48482028323293
PA14_RS11145	67.4129945645115	-0.349909116313257	0.324007964042613	-1.07993986304373	0.28016896045461	0.485670223208407
PA14_RS19800	20.0705352605975	0.582986215872704	0.539860620988097	1.07988283124943	0.280194359543312	0.485670223208407
PA14_RS26415	577.434172967891	-0.156957737547892	0.145306734953209	-1.08018212368777	0.280061087200909	0.485670223208407
PA14_RS08345	464.667741291605	0.197565291299989	0.18302630728382	1.07943658063112	0.280393151101022	0.485840658804924
PA14_RS17520	322.349759436178	0.187842295775322	0.174498736322212	1.0764679431745	0.281718030248857	0.487879595374519
PA14_RS28440	269.731767483945	0.196710964961972	0.182757775587965	1.07634799301489	0.281771652167294	0.487879595374519
PA14_RS26395	19.5750486163309	0.56565468198407	0.526777650024825	1.07380159723446	0.282911613931644	0.489678083383475
PA14_RS18520	386.996493499469	-0.171721185262883	0.160311855616267	-1.07116959380675	0.284093180703115	0.491547270797947
PA14_RS14325	39.3878330806941	-0.471581524447229	0.441138452512092	-1.06901024329613	0.285065053787763	0.492777499161766
PA14_RS15425	13.8959655951985	0.756843842868373	0.707976736077361	1.06902360529778	0.28505903295829	0.492777499161766
PA14_RS16650	84.0576726433075	0.324845602739435	0.303903395540639	1.06891073777422	0.285109893022048	0.492777499161766
PA14_RS01325	46.2459644073646	0.377498582161905	0.353434464706095	1.06808650502101	0.285481492631857	0.493243479231032
PA14_RS09070	76.5638769611364	0.299587148416955	0.280779359733007	1.06698422812073	0.285978958030547	0.493750175307292
PA14_RS10075	43.6168521316961	-0.49545692950127	0.464255207713429	-1.06720812447429	0.285877864638799	0.493750175307292
PA14_RS24015	269.759150453763	0.196214135565474	0.18395320365828	1.06665245107647	0.286128805986496	0.493832585921018
PA14_RS25555	271.183220179054	-0.177840208417042	0.166974423890816	-1.06507454419086	0.286842197698667	0.494887216578935
PA14_RS26435	13.3426971346633	0.788361161582205	0.741022890601975	1.06388233289497	0.287382007347764	0.495641721659695
PA14_RS29895	1931.92583697053	0.206310366767273	0.194183672730214	1.06244960694459	0.288031623651313	0.49658500248761
PA14_RS01335	95.604622367014	0.26926897315317	0.253531782916714	1.06207186355655	0.288203062187151	0.496703495629744
PA14_RS20420	40.4229913607929	-0.430987118543465	0.405968617861616	-1.06162668635234	0.288405193817722	0.496874783506414
PA14_RS05805	349.244658801828	-0.17195232408402	0.162226650717165	-1.05995114442578	0.289166826222361	0.497920592517019
PA14_RS09720	80.3317464179918	-0.285748466001036	0.269615139406233	-1.05983835562919	0.289218143999236	0.497920592517019
PA14_RS11815	14.2447864805612	-0.718340088230334	0.678322750025074	-1.05899453940441	0.28960226659986	0.498227165164327
PA14_RS27510	10.5133557909621	-0.740723056334288	0.699329482913968	-1.05919037368172	0.289513088186336	0.498227165164327
PA14_RS08845	70.4404577611116	0.299420150712973	0.282839693625617	1.05862139388859	0.289772239660784	0.498342301208945
PA14_RS28380	39.9925886823003	-0.403228069701698	0.381294629177914	-1.05752360207925	0.290272688784653	0.499025496965013
PA14_RS23980	26.1769772810385	0.571299584166359	0.540667535905413	1.05665597844644	0.290668622676117	0.499528592488167
PA14_RS01475	67.3545088499968	0.322137402342808	0.305212075570239	1.05545431562938	0.291217592774811	0.500267778641559
PA14_RS03005	215.20937002186	-0.190325885748812	0.180397611192596	-1.0550355101189	0.291409084456839	0.500267778641559
PA14_RS25580	142.606517185584	-0.270160951267751	0.256051101214853	-1.05510560191287	0.291377030282044	0.500267778641559
PA14_RS18215	39.3485670723445	-0.436824574691276	0.416504557562452	-1.04878702227833	0.29427615173673	0.50501045770008
PA14_RS15650	31.0334753801557	-0.518230587550838	0.494949747600685	-1.04703677507264	0.295082617385365	0.506214805844492
PA14_RS19610	19.3594401501377	-0.59190025824676	0.565485335977515	-1.04671194916767	0.295232450940345	0.506292245655145
PA14_RS18285	136.343406428701	-0.254607461539718	0.243480693565816	-1.045698769011	0.295700131340898	0.506914510870111
PA14_RS27685	144.357100077031	0.227769014227315	0.218156562705306	1.04406216986007	0.296456626957719	0.50803127142719
PA14_RS11445	59.2447230987551	-0.397711552186495	0.381035460823363	-1.04376519531042	0.296594038063281	0.508086704950063
PA14_RS03620	17.6395972165827	-0.614971385922979	0.590481150127404	-1.04147505096529	0.297655126442483	0.508822973303586
PA14_RS12825	65.8521241910796	-0.335079573422316	0.321458991883943	-1.04237113249982	0.297239644899174	0.508822973303586
PA14_RS15140	36.7238484773015	-0.433649790603777	0.416278256529617	-1.04173058237291	0.297536605963751	0.508822973303586
PA14_RS22710	88.3202067408392	-0.282624649840816	0.271359574051348	-1.04151346356158	0.297637307912291	0.508822973303586
PA14_RS27035	324.028886643244	0.196383849619317	0.188513980944982	1.04174687009889	0.297529052466431	0.508822973303586
PA14_RS28295	194.31955673057	0.198799202749341	0.190711860258137	1.04240608046221	0.297223448615547	0.508822973303586
PA14_RS25660	902.646603473221	-0.146538729543847	0.140769043944277	-1.04098689198923	0.297881631846544	0.508850431511793
PA14_RS26140	15.456179070085	0.594619991021355	0.57111819892445	1.04115048713412	0.297805710993804	0.508850431511793
PA14_RS02005	138.204898458076	-0.228323069293797	0.219569339276432	-1.03986772491192	0.298401359102511	0.509156208188548
PA14_RS16090	19.3282640885715	-0.553721091505446	0.532450508076304	-1.03994847052732	0.298363841587771	0.509156208188548
PA14_RS19925	35.0170644932553	0.412816946765352	0.397055937647004	1.03969468184193	0.298481772170085	0.509156208188548
PA14_RS21080	188.925807739315	-0.201885847551907	0.194120364449993	-1.04000344386286	0.298338300666772	0.509156208188548
PA14_RS07895	14.2578019342866	0.65257271819687	0.628637748793204	1.03807434321215	0.299235445163317	0.510081992530773
PA14_RS08285	12.7548079626741	0.653540836062697	0.629544627951475	1.03811677051285	0.299215694649756	0.510081992530773
PA14_RS03130	108.313774609042	0.247345226914879	0.238366582665223	1.03766737832654	0.29942493731195	0.510225157449116
PA14_RS31455	82.5426239670171	-0.319682675699191	0.308284091416658	-1.03697428638031	0.299747840988327	0.510415689795615
PA14_RS25025	21.3267375620074	0.522842665787364	0.504091399184674	1.03719814825847	0.299643520896049	0.510415689795615
PA14_RS13815	81.2001112457316	0.301470932557874	0.291050677931843	1.03580220015317	0.300294430943435	0.511122786860443
PA14_RS14280	96.7797730079497	-0.275673402515075	0.266188911496976	-1.03563067659265	0.300374474825761	0.511122786860443
PA14_RS10715	23.6888947117882	-0.513660785696613	0.496606064705128	-1.03434255480068	0.300976049374701	0.511966294328545
PA14_RS06515	388.635127811672	-0.18309623455869	0.177215227444497	-1.03318567596588	0.301517014885603	0.512576143511008
PA14_RS20965	153.372081263089	0.24562662687779	0.237751685248536	1.03312254809476	0.301546552582468	0.512576143511008
PA14_RS11820	27.4271781438079	0.486975977687736	0.471748937511351	1.03227784731581	0.301941975653277	0.513067953007465
PA14_RS25065	307.09989780589	0.172811935670091	0.167459108458432	1.03196498094929	0.302088522843802	0.513136668940156
PA14_RS15990	70.6466554559536	-0.366317297454487	0.355057390207811	-1.03171292179015	0.302206622245269	0.513157031312542
PA14_RS29630	30.1439954107932	0.477076785614362	0.462754353854677	1.03095039871669	0.302564080619803	0.513583676334632
PA14_RS04795	50.6739988749934	-0.336713517162164	0.327137714501157	-1.02927147264451	0.303352124686008	0.514740657888258
PA14_RS09775	31.7472607320376	0.439841055924895	0.427888166082319	1.02793461186837	0.303980586948559	0.515445343086686
PA14_RS24875	558.425916913891	0.164546310012693	0.160042356243016	1.02814226105767	0.303882913749763	0.515445343086686
PA14_RS10720	23.4723814853672	-0.567815645231994	0.554319578977533	-1.02434708562767	0.305671365409343	0.518111510204818
PA14_RS22295	52.5139839934685	-0.333475316553698	0.325613665821175	-1.02414410560041	0.305767214665953	0.518111510204818
PA14_RS12570	19.1069224580298	0.522830721980652	0.511325924006144	1.02249993093323	0.306544345322483	0.519246393688101
PA14_RS11030	27.3319591217447	0.462258007789677	0.452190885359897	1.02226299281059	0.306656443575053	0.519254398154397
PA14_RS00595	49.0125254622005	0.342913212961654	0.335911296633181	1.02084453961106	0.307328098606833	0.520176213804936
PA14_RS08820	12.7715826146523	0.659845992313457	0.646618709379589	1.02045607827611	0.307512209593092	0.520176213804936
PA14_RS20620	258.546009222129	0.191663347714995	0.187847632609384	1.02031281977104	0.307580125288426	0.520176213804936
PA14_RS28240	64.2606054136368	0.325609225180525	0.319160484852661	1.02020532188012	0.307631094185715	0.520176213804936
PA14_RS18295	16.7141998783052	0.600937730551254	0.589451412921959	1.01948645363722	0.307972081038372	0.520516072878759
PA14_RS25265	46.4097400853286	-0.415389040247644	0.407512701714038	-1.01932783567353	0.308047353304179	0.520516072878759
PA14_RS09870	35.2684499644115	-0.407897691657999	0.401061920407907	-1.01704417922085	0.309132413155704	0.521871603297065
PA14_RS14350	28.9827247806517	-0.469268337840308	0.461365242287047	-1.01712980265719	0.309091684386271	0.521871603297065
PA14_RS29360	66.5878287201268	0.437064833625242	0.429776594940984	1.01695820286644	0.309173313367678	0.521871603297065
PA14_RS07275	29.5281904299857	0.478678945792612	0.470894220744451	1.01653179144109	0.309376216385549	0.522031885010647
PA14_RS02430	134.684246615969	0.239444625899986	0.235633765284103	1.01617281212346	0.309547100805734	0.522138046563142
PA14_RS22870	52.0757747147409	-0.391662019482953	0.385791825215732	-1.01521596333447	0.310002892765882	0.52272454303201
PA14_RS01280	102.686707082318	-0.282607941890692	0.278508813075075	-1.01471812963604	0.310240209499413	0.522743182765328
PA14_RS10105	85.0575720182287	0.283045599671863	0.278996638476454	1.01451258057273	0.310338229470483	0.522743182765328
PA14_RS21195	282.235361623165	-0.175948773298942	0.173413121154698	-1.01462203163959	0.310286033107934	0.522743182765328
PA14_RS09170	34.7036659419941	-0.405653758094287	0.400622311161863	-1.0125590781947	0.311270814512073	0.523949063341589
PA14_RS19250	111.311263439893	0.233483945630264	0.230559761889686	1.01268297519312	0.311211612321862	0.523949063341589
PA14_RS11335	262.062383236867	-0.183078061875352	0.180860805052659	-1.01225946562633	0.311414010263001	0.524007708292232
PA14_RS00920	58.2409020112271	-0.354155208450327	0.350293373743545	-1.01102457253333	0.312004669073795	0.524500771052417
PA14_RS01840	17.5724310481997	0.613702891323179	0.607045652656773	1.01096661945814	0.312032406600042	0.524500771052417
PA14_RS12840	36.526140489212	-0.393749049717802	0.389326865406669	-1.01135853881163	0.311844857654447	0.524500771052417
PA14_RS25020	222.417537200724	-0.20197096243563	0.199833020516464	-1.0106986418643	0.31216068728518	0.524534080511164
PA14_RS28175	45.3707503729763	0.358684948393736	0.355131091774717	1.01000716834242	0.312491855686349	0.524908167453693
PA14_RS13245	23.348713807236	0.473415543850266	0.468844734563611	1.00974908951662	0.312615517037994	0.524933555692965
PA14_RS02150	111.725589278627	0.238299451201197	0.236260633302413	1.00862952862814	0.313152340311702	0.524956872026858
PA14_RS15365	12.0469558574148	-0.66299894730599	0.656912541040368	-1.00926516984435	0.312847479429201	0.524956872026858
PA14_RS21285	111.175716584334	0.263098878396218	0.260858569192871	1.00858821395164	0.313172162075576	0.524956872026858
PA14_RS24020	125.875740838453	0.231441522920666	0.229325678743919	1.00922637267809	0.312866081396492	0.524956872026858
PA14_RS25845	142.427155380082	0.238457533106012	0.236372348070427	1.00882161154893	0.313060194505969	0.524956872026858
PA14_RS28565	60.3825202732057	0.365087817062626	0.362124706343795	1.00818256989077	0.313366823969408	0.525101164489279
PA14_RS02235	136.827628503435	-0.226996865142229	0.22544310902014	-1.00689200982386	0.313986672111982	0.525957584459143
PA14_RS13565	20.7731169879512	-0.56943901666986	0.566298851095304	-1.00554506788859	0.3146344596979	0.526860196363936
PA14_RS06620	663.910019846099	0.13815537780567	0.137724171601536	1.00313094062662	0.315797687903351	0.528442082595365
PA14_RS28140	57.0939448097312	-0.322704510363218	0.321627055893692	-1.0033500119153	0.315692013773026	0.528442082595365
PA14_RS08695	22.9928924680705	0.489609882039883	0.488237126204844	1.00281165802713	0.315951742880957	0.528516993625842
PA14_RS23765	46.5645275615864	-0.337933512216607	0.337107039475559	-1.00245166265983	0.316125501082594	0.5286248005655
PA14_RS12965	97.4289063723984	0.246231535532176	0.24648190572532	0.998984224856558	0.317802333222871	0.53124510316827
PA14_RS24650	99.6409441519852	-0.242088564569542	0.242577785244819	-0.997983242056635	0.318287484794296	0.531722022697519
PA14_RS25565	849.917901640827	-0.150000480594512	0.150309835035631	-0.997941888226768	0.31830753840143	0.531722022697519
PA14_RS03885	18.5346905293769	0.556213612305481	0.557829060732485	0.997104043979203	0.318714010315439	0.53221718020907
PA14_RS04905	153.158003282034	-0.228974017976955	0.229944303903699	-0.995780343716842	0.319356882835762	0.533106622503882
PA14_RS08330	427.058817742017	-0.158931840114891	0.15993980432908	-0.993697852648892	0.320369988486449	0.534613272712377
PA14_RS01830	33.1078345439303	-0.40982424938682	0.412567785130703	-0.993350097019781	0.320539371706295	0.534711418272384
PA14_RS23890	13.934739213761	0.68956955772269	0.694494767210338	0.992908212242647	0.320754687347732	0.534886092418494
PA14_RS17975	23.3989601875346	0.506156007780485	0.510044517649806	0.992376136327789	0.321014075495622	0.5351341155108
PA14_RS04755	51.3473614106673	-0.325939040135347	0.328737358020072	-0.99148767909562	0.321447505667607	0.535671997728651
PA14_RS12690	31.2169095604192	-0.457827475470576	0.462565285031644	-0.98975753322962	0.322292646323896	0.536895362598126
PA14_RS00925	31.9464112916824	0.402674369254633	0.408054079619772	0.98681618286931	0.323732759873244	0.539108686896352
PA14_RS01235	35.8525483312334	0.38587299619946	0.391380348191333	0.985928389053451	0.324168254749007	0.539648082604543
PA14_RS19985	26.5381763158955	0.498861246722042	0.506118325036208	0.985661301013657	0.324299345684983	0.539680535351885
PA14_RS11230	11.2079153361316	-0.754762383351688	0.766796797682256	-0.984305601735762	0.32496527605648	0.540602708981471
PA14_RS12415	23.8895309524754	0.519620293646261	0.528198331370454	0.983759816692461	0.325233621109916	0.5408630645418
PA14_RS12010	20.5689886405	0.488732477802393	0.497416648807213	0.982541454883658	0.325833170594819	0.541673844275195
PA14_RS23465	1182.23536161191	-0.132662979498329	0.135068995096011	-0.98218676613407	0.326007846042528	0.541777987443871
PA14_RS24850	15.4891360872164	-0.619285391710091	0.630773292184278	-0.981787592124571	0.326204502173011	0.541918575234862
PA14_RS05570	12.0388925945871	-0.628570173023866	0.641191296388816	-0.980316134301834	0.326930092936549	0.542822343691371
PA14_RS15330	28.4987214394927	-0.469212990221321	0.478676831923341	-0.980229162827885	0.326973012235931	0.542822343691371
PA14_RS06010	61.4668574737997	0.331698104229227	0.338495585434452	0.979918552862365	0.327126324112978	0.542890495336432
PA14_RS10655	17.3692111365996	0.592965029486754	0.605585548313671	0.979159808449756	0.327501023894066	0.543325883894238
PA14_RS22345	29.3923775063298	-0.471937321819589	0.482185114873091	-0.978747180828677	0.327704913605431	0.543477696226292
PA14_RS10615	40.7000242819787	0.351903672856841	0.359657027818233	0.978442364915194	0.327855583725918	0.543541173431107
PA14_RS22160	99.6163079304316	0.268645480612022	0.274941755535622	0.977099604564124	0.328519843522168	0.544455779051818
PA14_RS25105	29.9257739991313	-0.419905043450945	0.429901342554611	-0.976747457813776	0.328694193883809	0.544558109497122
PA14_RS16555	111.1645398102	-0.248903170745057	0.254900635848937	-0.976471360756299	0.328830933449933	0.544572174640271
PA14_RS27925	76.5264916859345	0.271178728651629	0.277768617653213	0.976275617248415	0.328927899529411	0.544572174640271
PA14_RS23550	264.594653858318	-0.169480775484362	0.173791464609763	-0.975196197724207	0.329462947850435	0.54527132642187
PA14_RS24795	469.707814670123	0.181855011316708	0.186549274632154	0.974836335736488	0.329641450041746	0.545380106877141
PA14_RS09380	31.8738919383978	-0.39418920793657	0.404956109734393	-0.973412175939548	0.330348489809397	0.546362960573955
PA14_RS10470	38.2072075853583	-0.477690302740827	0.491420656281476	-0.972059877082611	0.331020761281188	0.547100615706024
PA14_RS10765	105.307217695811	0.262298134542396	0.269781396845781	0.972261755662631	0.33092034475989	0.547100615706024
PA14_RS06355	85.7296499515658	0.296446376791858	0.305223424617433	0.97124385903023	0.331426858037477	0.547314064012801
PA14_RS08215	16.7784555591755	-0.545610898447916	0.56175945392675	-0.971253611548583	0.331422002731423	0.547314064012801
PA14_RS14355	31.7818392655905	-0.397216791406633	0.409030332182088	-0.971118179152063	0.331489432070615	0.547314064012801
PA14_RS20365	194.475680179636	0.181253456337664	0.187065010259309	0.968932971946014	0.332578633160223	0.548925006813256
PA14_RS01015	14.5639044164887	0.63202233499915	0.652723808113114	0.968284482875218	0.332902312185951	0.549084441245313
PA14_RS24750	206.004508272167	-0.182482567841309	0.188418570024084	-0.968495662704498	0.332796884105067	0.549084441245313
PA14_RS02145	79.6165591031364	0.259761914286497	0.268397877171469	0.967824026866448	0.333132262083505	0.549216401723709
PA14_RS18990	20.6041905106083	0.51321343294918	0.530478923773009	0.967453012645575	0.333317619675226	0.549216401723709
PA14_RS23175	55.9254250292544	-0.334680429941535	0.34602487353844	-0.967214947639757	0.333436591286354	0.549216401723709
PA14_RS28075	181.561697020431	-0.215052523128467	0.222334818340742	-0.967246267289031	0.333420937907479	0.549216401723709
PA14_RS05435	61.9858464679688	-0.306588060772748	0.317085710916712	-0.966893335831453	0.333597358436308	0.549294118283278
PA14_RS17825	18.2576090443862	0.601251716072045	0.622322927058065	0.966141033746529	0.333973614097956	0.549726479842653
PA14_RS18745	46.1699751660474	0.332092761405909	0.343925485433294	0.965595093912631	0.334246831237917	0.549932143111597
PA14_RS29555	150.366969284831	0.200756135315707	0.207943285757098	0.965436967992384	0.334325992710524	0.549932143111597
PA14_RS02135	212.983289402033	0.190985795357689	0.197986874714452	0.964638669271082	0.334725823933182	0.550068771145342
PA14_RS07930	51.3651332351565	-0.32112776229058	0.332841842641663	-0.96480586617923	0.334642057168256	0.550068771145342
PA14_RS22135	261.998531348064	-0.215827342282647	0.223750378019415	-0.964589844241155	0.334750288147382	0.550068771145342
PA14_RS01360	166.712563174634	-0.241493776288864	0.250532700194284	-0.963921181153558	0.335085443655166	0.550397039533132
PA14_RS17900	353.881234016857	-0.164815154228384	0.171016693426714	-0.963737228956613	0.335177684331074	0.550397039533132
PA14_RS29980	142.636398554125	0.203545693951252	0.211376157951078	0.96295483806817	0.335570187781618	0.550854524138461
PA14_RS06955	82.8939160393876	0.263612908030402	0.274307193547124	0.961013470414571	0.336545394881812	0.552267909619425
PA14_RS14240	43.0481962888676	-0.359135040826145	0.374015265048584	-0.960214928071169	0.336947055227534	0.552739470515724
PA14_RS17580	50.4347707785212	0.325274001183677	0.339022082159172	0.959447830395188	0.337333189300516	0.553185250409392
PA14_RS08415	21.5426767043181	-0.493653023997012	0.514900050830556	-0.958735628789952	0.337691944836234	0.55358584584001
PA14_RS21240	124.836724943576	-0.221571748082817	0.231169208136668	-0.958482965221834	0.337819277312434	0.553606921410685
PA14_RS27705	11.0752015630121	0.687546405910523	0.717575980261187	0.958151366298892	0.337986436892779	0.553693227917846
PA14_RS21035	1519.98758885112	-0.144595095297487	0.151030708938809	-0.957388707988327	0.338371095817057	0.554135665212085
PA14_RS10590	18.2609572268604	0.743585628749817	0.777446983634641	0.956445448245849	0.338847232605893	0.554282334591627
PA14_RS11450	113.989668716176	-0.240590460731752	0.251437526940732	-0.956859795986073	0.338638026043531	0.554282334591627
PA14_RS11870	21.9564408684383	-0.453445577163087	0.474268903986376	-0.956093839068381	0.339024827148	0.554282334591627
PA14_RS18785	11.6109531256877	0.638552607396042	0.667888819169402	0.956076204704486	0.339033735674531	0.554282334591627
PA14_RS28265	593.800917543296	0.152357951209073	0.159249821046763	0.956722903722033	0.338707134563777	0.554282334591627
PA14_RS05975	48.4102177418157	0.326943003803424	0.342255722553078	0.955259422295622	0.339446522331345	0.554769645824394
PA14_RS24605	51.1121322028687	-0.361014358856856	0.378043337126705	-0.954954957282738	0.339600475730749	0.554833750214157
PA14_RS02030	148.915759114817	0.203949699577683	0.214649242603553	0.950153362312902	0.342034332124661	0.556122024315179
PA14_RS02515	30.3912418512154	0.385363698843749	0.40465440161792	0.952327955171028	0.340930684530688	0.556122024315179
PA14_RS05085	179.721034890161	0.191849840878512	0.201839597778727	0.950506456561772	0.341854974772999	0.556122024315179
PA14_RS06125	16.929714183097	-0.652769762688475	0.686355871354027	-0.951066043043685	0.34157085113585	0.556122024315179
PA14_RS09245	280.556712229055	0.16963243181962	0.17828365729582	0.951474938267362	0.341363334850565	0.556122024315179
PA14_RS10030	50.8393387965754	0.355431847626003	0.374229239079164	0.94977038272206	0.34222893804011	0.556122024315179
PA14_RS10745	42.5730185029189	-0.371072869399576	0.390516463315611	-0.950210565385763	0.342005271231771	0.556122024315179
PA14_RS12575	42.7237770271095	0.34511217948093	0.362169955248486	0.95290118487092	0.340640139697534	0.556122024315179
PA14_RS13160	17.3897530144237	0.506345879624635	0.532251080634547	0.951328983721314	0.341437398218216	0.556122024315179
PA14_RS13660	12.8336146998254	-0.587291063183752	0.618146434206657	-0.950084042687223	0.342069550710071	0.556122024315179
PA14_RS17730	151.312943289837	0.215737771099451	0.226401705779706	0.952898169898813	0.340641667438771	0.556122024315179
PA14_RS19195	11.3356426614388	-0.696359233278526	0.732099432356417	-0.951181222798037	0.341512388692498	0.556122024315179
PA14_RS25095	123.736170163084	-0.254262584775396	0.267251631715701	-0.951397688923664	0.341402533078414	0.556122024315179
PA14_RS25880	146.238844937016	0.202723101904866	0.21311625848961	0.951232455663392	0.341486386193481	0.556122024315179
PA14_RS28110	134.920892643486	-0.210030081860236	0.220718189938487	-0.951575771434021	0.341312173942161	0.556122024315179
PA14_RS29580	49.154136379362	-0.336098079337555	0.353809889720339	-0.949939753247757	0.342142865959066	0.556122024315179
PA14_RS06310	64.3312461631401	-0.277543077199929	0.292467767909945	-0.948969793093195	0.342635975554884	0.556538153425048
PA14_RS18600	154.403189902794	-0.209681908283747	0.220993673961455	-0.948814074742787	0.342715182154631	0.556538153425048
PA14_RS07855	71.0130436086513	-0.303111371049189	0.319769628508871	-0.947905441997848	0.343177594270806	0.557101995936091
PA14_RS04995	196.685251078795	0.182357527194409	0.192489473543338	0.947363634164398	0.343453515224481	0.557175846905598
PA14_RS27355	90.0223272779011	-0.265005130944644	0.279682218569901	-0.947522271167951	0.34337271310724	0.557175846905598
PA14_RS07230	214.595916960295	0.176092604153084	0.18598089062269	0.94683170708292	0.343724542120252	0.557345464995868
PA14_RS31785	11.3425907671086	-0.737418191224777	0.778930445106696	-0.946706083781033	0.343788569496004	0.557345464995868
PA14_RS21065	107.395581859228	-0.234302037082776	0.247622062760189	-0.946208243607467	0.344042382338239	0.557499805401393
PA14_RS24445	19.5942829776144	0.540673590340842	0.571495994057581	0.94606715701032	0.344114333979148	0.557499805401393
PA14_RS05100	132.013677429495	-0.218536275603223	0.231117983902684	-0.945561534905226	0.344372271095493	0.557544125549985
PA14_RS22920	115.509263499984	-0.248354578240488	0.262629771569185	-0.945645182404856	0.344329590800954	0.557544125549985
PA14_RS19845	218.579384476553	-0.174941959436928	0.185119601855681	-0.945021260219176	0.344648022133107	0.557803826986515
PA14_RS17075	18.2029779413446	0.50190080907587	0.531604744245051	0.944124021670716	0.345106275243271	0.558358630671281
PA14_RS06710	78.8851015509102	0.267649866255268	0.283972866192705	0.942519156297279	0.345926908230391	0.559499173311763
PA14_RS01970	56.9706447784789	-0.300606672599497	0.319023794788037	-0.942270380800979	0.34605422848035	0.559517970220987
PA14_RS00790	15.8095531072092	-0.56206958556507	0.597789393399088	-0.940246835710966	0.347090962817469	0.561006649794546
PA14_RS18005	17.1443163184679	-0.521565253892394	0.554889549283251	-0.939944272812668	0.347246146273675	0.561069951012193
PA14_RS18590	188.924927694878	-0.197115482813242	0.209868371267272	-0.939233871321236	0.347610682205075	0.56147136243946
PA14_RS14065	10.8756027070127	0.767987145708691	0.818220697498342	0.938606354076306	0.347932889241433	0.561728550102067
PA14_RS18195	40.5204429336637	-0.344080886998008	0.36663972454487	-0.938471376567649	0.348002220038419	0.561728550102067
PA14_RS07295	56.8972684180001	0.315958712032905	0.337060820000117	0.93739376778587	0.348556045541647	0.562434780193328
PA14_RS31535	13.903930505985	0.680752439176493	0.726666048445256	0.936816080279245	0.348853172317613	0.5626575755157
PA14_RS12820	19.9308225545429	-0.51498025247873	0.55003861079858	-0.936262004827353	0.349138305628641	0.5626575755157
PA14_RS12955	155.275879633913	-0.219628311571519	0.234577398921711	-0.936272260589004	0.349133026557112	0.5626575755157
PA14_RS19160	117.479471237006	-0.247041298060048	0.263870760322107	-0.936220814153431	0.349159508710218	0.5626575755157
PA14_RS28920	38.8173791667418	0.389668945595797	0.416404491724074	0.935794289783998	0.349379112085845	0.562823912740555
PA14_RS05615	37.8726799698646	-0.356820477050083	0.381527136893395	-0.935242719444578	0.349663227510975	0.563094028718973
PA14_RS03395	144.268433126686	0.22017590636525	0.235947529666716	0.93315622620104	0.350739312107143	0.564349343354063
PA14_RS14840	20.9629116325176	-0.569988830487233	0.61088608861162	-0.933052562684255	0.350792830050106	0.564349343354063
PA14_RS24855	26.8756965370501	0.418714141252196	0.448558175637769	0.93346674744443	0.350579031544382	0.564349343354063
PA14_RS04225	72.5913205156342	-0.287576844425334	0.308748574208437	-0.931427279178914	0.351632585352082	0.565512199122936
PA14_RS11530	39.8889294741414	0.356786779644849	0.383268698643493	0.930905082798644	0.351902665063279	0.565758406996681
PA14_RS21735	24.4466773543842	-0.446079313813454	0.47967560133028	-0.929960399437342	0.352391588498698	0.566356172143471
PA14_RS11625	13.9652041252874	-0.557231675648348	0.599636565373	-0.929282348386687	0.352742780566807	0.566732254757833
PA14_RS19225	11.2379234729324	-0.64475224098228	0.694838043790434	-0.927917299209856	0.353450470148941	0.567680662118991
PA14_RS11380	85.3335472941679	0.249255316685188	0.268914887659795	0.926892961763135	0.353982111862838	0.568345781198102
PA14_RS31195	15.1118120244945	0.536313602200239	0.580386248522778	0.924063248509567	0.355453386493299	0.570140158236018
PA14_RS15965	18.3511454631327	-0.543165016138494	0.587797978050693	-0.924067513705619	0.355451165957805	0.570140158236018
PA14_RS16200	23.6267580565947	-0.456687230567975	0.494059042051236	-0.924357600403182	0.355300162300519	0.570140158236018
PA14_RS06590	21.7893855869722	0.446729276300553	0.484147770383725	0.92271265846476	0.356156967364886	0.57107927525749
PA14_RS01245	54.2393745336118	0.312704776582475	0.339952615162467	0.919848127754598	0.35765212904771	0.572906822151283
PA14_RS08335	69.9346995601301	0.267747546699909	0.290977947680908	0.920164393328963	0.357486858275454	0.572906822151283
PA14_RS25740	575.775891122761	0.147971483084253	0.160834377498326	0.920023973642035	0.357560231398391	0.572906822151283
PA14_RS16410	10.8538398601129	-0.733771928689052	0.798290697605418	-0.919178854131836	0.358002029640521	0.573244237828827
PA14_RS27130	16.1884613970846	-0.561528135634241	0.611026251516113	-0.91899183421489	0.35809984335833	0.573244237828827
PA14_RS10750	76.09158780148	0.253389961929715	0.275811726822464	0.91870626694861	0.358249230987817	0.573293607232656
PA14_RS02050	100.825466847545	-0.278230279152441	0.303550114011941	-0.916587628563682	0.359358769604797	0.574610494071723
PA14_RS05845	787.755813715633	-0.133323099756384	0.145428399984008	-0.91676109873343	0.359267841571115	0.574610494071723
PA14_RS09590	18.4685685516745	-0.507952165897555	0.554405073036979	-0.916211251666656	0.359556105179913	0.574610494071723
PA14_RS12295	68.5160648287457	-0.286561966796526	0.312746154552862	-0.916276547688424	0.359521865393356	0.574610494071723
PA14_RS27325	53.2706710329712	-0.29961345902453	0.327088487267492	-0.916001237241674	0.359666245979137	0.574610494071723
PA14_RS04915	25.8002478549312	0.43080334177804	0.470501861703528	0.915625158672586	0.359863531065497	0.574735811173298
PA14_RS05395	546.399937192448	0.139977069696461	0.152929184722594	0.915306453443615	0.360030772160527	0.57481307829921
PA14_RS20850	355.48760735022	-0.191604316480593	0.20978322216742	-0.913344329927779	0.361061474521091	0.576268412799999
PA14_RS12750	19.7235930196264	-0.512270165046058	0.561193952631802	-0.91282196225332	0.361336185600973	0.576516593060477
PA14_RS10275	149.305772027098	-0.189859968276585	0.208130650710775	-0.912215320656543	0.361655380433252	0.576822084903726
PA14_RS24190	11.3866039481659	0.617766288808363	0.67737177634825	0.912004766627238	0.361766208336022	0.576822084903726
PA14_RS11675	742.200739166432	0.12504337220873	0.137177984209356	0.911541111567091	0.362010334356789	0.577021086667578
PA14_RS06135	38.8199528793237	0.333716648708767	0.366379396539571	0.910849932776511	0.36237444891419	0.577411148253385
PA14_RS05200	16.4864372341931	-0.54070352414718	0.59440448945618	-0.909655855126313	0.36300403197824	0.57820420933267
PA14_RS22360	41.7781139065255	-0.334794046856937	0.36812700358226	-0.909452562835764	0.363111286960984	0.57820420933267
PA14_RS16510	63.162267200668	-0.311590453858031	0.342799244245405	-0.908958987187753	0.363371775069339	0.578428539906294
PA14_RS26400	10.0388540915301	0.686982138709233	0.757828847645767	0.906513576044746	0.364664082453442	0.580294670202318
PA14_RS01470	20.5889486776112	0.547672450636242	0.6045385261957	0.905934736835863	0.364970396927776	0.580492590817724
PA14_RS10450	190.841753010819	-0.198576895519917	0.219248472407795	-0.905716210193567	0.365086080274929	0.580492590817724
PA14_RS13170	86.1695283896503	0.263449379237409	0.290911997238849	0.905598193742102	0.365148565191794	0.580492590817724
PA14_RS10360	191.537208794283	-0.17863144320203	0.19730968952769	-0.905335382310058	0.365287737164388	0.580523002604988
PA14_RS07865	103.236836151751	-0.224640261373451	0.248308628226879	-0.90468165757091	0.365634061183497	0.580882496676542
PA14_RS01610	143.074008984668	-0.198198874276969	0.219322872907952	-0.903685382418603	0.36616225230865	0.581339675694232
PA14_RS18625	11.2556342105341	0.597897636046837	0.661580042707111	0.903741947233334	0.366132250832142	0.581339675694232
PA14_RS09525	26.867018619669	-0.443141603156194	0.491053306833213	-0.902430748331581	0.366828093336724	0.582205664383459
PA14_RS25100	63.3329809427113	0.299473703418733	0.331983187695997	0.902074907759987	0.367017077148887	0.582314496421266
PA14_RS11825	22.1891541977801	0.453714391301074	0.505797361721842	0.897027991123824	0.369703980955576	0.586385192489723
PA14_RS26465	45.7153217130464	0.334463009111227	0.373164008244575	0.896289571667418	0.370098127267344	0.586817883103237
PA14_RS13520	31.2501316702849	0.378998190559665	0.423775426296848	0.894337347192433	0.371141423337081	0.588279227551007
PA14_RS17180	34.8602020908298	0.355783580975465	0.397934784806478	0.894075096120305	0.371281712900791	0.588308769196667
PA14_RS28555	153.211764648826	-0.199866513926725	0.224104892359013	-0.891843599766404	0.372476768580191	0.590009057600328
PA14_RS11855	22.4781482223003	-0.44964445224207	0.504442660783348	-0.891368806008234	0.372731346854881	0.590218989322267
PA14_RS06930	1236.59067707827	-0.121526980911877	0.136445138323265	-0.890665526124908	0.373108634464804	0.590623029876201
PA14_RS08750	173.600083880686	-0.192887402304924	0.21670504531888	-0.890091885129355	0.373416549930156	0.590768629455045
PA14_RS25850	77.3616292280536	0.241813786849343	0.271688972192517	0.890039021083252	0.373444933880081	0.590768629455045
PA14_RS04305	38.6045887651437	0.376116784191243	0.422715506249115	0.889763395548567	0.373592945347381	0.590809510693242
PA14_RS04865	82.9881801567288	0.240771146421576	0.271450019583602	0.886981503228157	0.375088859004264	0.591253004719078
PA14_RS05840	1161.59647006148	0.121171695980568	0.136648321308917	0.886741196817471	0.375218252994799	0.591253004719078
PA14_RS07610	95.6261619334106	0.245859832387404	0.277239159861334	0.886814952513835	0.375178535999013	0.591253004719078
PA14_RS08725	58.5241486491264	-0.274134483492926	0.309044059421872	-0.887040132742721	0.37505729388207	0.591253004719078
PA14_RS09355	30.6369411279559	0.387929259514246	0.437240477893101	0.887221744390028	0.374959527713042	0.591253004719078
PA14_RS14880	28.215349652292	-0.39880027355197	0.449140561557217	-0.887918633243207	0.37458452091404	0.591253004719078
PA14_RS18015	261.512994993692	-0.186743149316327	0.210395215681431	-0.887582679632239	0.374765273852906	0.591253004719078
PA14_RS31290	27.5923079682395	0.420410726418224	0.473189957254615	0.888460796711305	0.374292934701331	0.591253004719078
PA14_RS25435	34.1397412580639	0.370976245602874	0.418346008485429	0.886768937860669	0.375203314306274	0.591253004719078
PA14_RS26585	26.1765649529065	0.439543025341908	0.495674425961307	0.886757521309399	0.375209462130918	0.591253004719078
PA14_RS28150	55.8020051010857	0.285459769016727	0.321438087903431	0.888070766220108	0.374502686624755	0.591253004719078
PA14_RS19315	203.181955131838	-0.164854237466799	0.186164786000721	-0.885528573949319	0.375871615470931	0.591908018532456
PA14_RS31810	57.1260118961605	-0.292085870834317	0.329848443983706	-0.885515381872607	0.375878727235974	0.591908018532456
PA14_RS01595	392.035002077366	-0.145502888718366	0.164363704757599	-0.885249507687545	0.37602207603557	0.59194100250912
PA14_RS04740	171.031316196138	-0.202908769300909	0.229286404395378	-0.884957700985253	0.37617944545887	0.591996029365146
PA14_RS01905	275.954045910037	-0.173046163034321	0.1957114367677	-0.884190346217319	0.37659346876801	0.592454786910246
PA14_RS03165	99.1826746522761	0.225149204643827	0.255064013961521	0.882716464572665	0.377389484095986	0.593321048468201
PA14_RS29300	78.1392492770104	-0.244958610279901	0.277444272420656	-0.8829110370262	0.37728433984848	0.593321048468201
PA14_RS06250	17.6778333212641	-0.563384667843177	0.639464084406197	-0.881026286826309	0.378303592379909	0.594564892021203
PA14_RS23100	28.9193856615391	0.40802414674389	0.463260178578266	0.880766717303667	0.378444097495746	0.594592480665831
PA14_RS09360	196.050769606247	-0.166986103104155	0.189684859591194	-0.88033437915942	0.378678193670698	0.594767049234003
PA14_RS15205	11.0108794625268	-0.789310482489086	0.897709097632802	-0.879249730865427	0.379265885474134	0.595326440968019
PA14_RS18010	1105.0982780889	0.161776545082206	0.184039782143641	0.879030300937551	0.379384846747884	0.595326440968019
PA14_RS24005	12.2186778416222	-0.618039153448179	0.703119730197587	-0.878995606160135	0.379403658201703	0.595326440968019
PA14_RS00655	44.4110473239062	-0.326092699089117	0.371524872457264	-0.877714315416735	0.380098773796555	0.596223700966636
PA14_RS26040	169.805108824121	-0.174383231080214	0.198925004589947	-0.876628010840958	0.380688719750367	0.596955463266139
PA14_RS02345	16.3716381802866	-0.501293454839935	0.573440036419795	-0.874186354286842	0.382016776052364	0.597275767201705
PA14_RS02900	103.291284145668	-0.228449916989047	0.260947048369538	-0.875464652374721	0.381321135100074	0.597275767201705
PA14_RS05010	61.5256365147743	0.260905621198423	0.298525158137528	0.873982021569606	0.382128044607542	0.597275767201705
PA14_RS06035	67.7281596063277	-0.26086540715884	0.297946408215571	-0.875544728735569	0.381277583993785	0.597275767201705
PA14_RS06105	645.739371903963	0.119580110925349	0.13659614652169	0.875428143255575	0.381340992317089	0.597275767201705
PA14_RS13035	59.7273321442868	-0.269293050484701	0.307952324472563	-0.874463444774854	0.381865919295582	0.597275767201705
PA14_RS13735	43.5581885171985	-0.344901567348564	0.394453115176512	-0.874379119034782	0.381911825005825	0.597275767201705
PA14_RS13900	12.9118317649724	-0.605990366516533	0.69315322227491	-0.874251676314349	0.381981209398447	0.597275767201705
PA14_RS17670	149.433710719601	0.233355168962498	0.266981545679307	0.874049808831355	0.382091129125345	0.597275767201705
PA14_RS27150	19.2584033655187	0.478997121552081	0.547587249491263	0.874741188727631	0.381714743450465	0.597275767201705
PA14_RS06775	20.7437579967304	-0.460800257693495	0.527467394575932	-0.873608989734739	0.382331228840159	0.597312262550226
PA14_RS07255	37.2603555306425	0.377045193872683	0.431655850601887	0.873485656100672	0.382398421186001	0.597312262550226
PA14_RS08340	776.956130059038	0.12195605276039	0.139727931860585	0.872810834143543	0.382766193341123	0.597693674845873
PA14_RS17830	47.8045313146261	-0.32759217191156	0.3755830507076	-0.872222991145033	0.383086739300605	0.598001120483449
PA14_RS13125	11.5189537718107	0.662350959199504	0.76181679494231	0.869436016108915	0.384608690732403	0.600145862429705
PA14_RS24860	18.3779128054936	0.667211673209576	0.767569217080194	0.869252776638993	0.384708886172888	0.600145862429705
PA14_RS10385	35.3819400477717	0.37601609018996	0.432705440697962	0.868988588596065	0.384853372430439	0.600177655296227
PA14_RS14745	34.9103958271354	-0.342226706548474	0.394593163096002	-0.867290005390215	0.385783131485958	0.600968201572523
PA14_RS14750	34.3616129645081	-0.374024834998306	0.431129197294095	-0.867546984397729	0.385642380028379	0.600968201572523
PA14_RS27830	157.353515834171	-0.18228984942467	0.210216119767016	-0.867154477148105	0.385857375079132	0.600968201572523
PA14_RS29025	16.6586489731791	0.518937053974901	0.598173731607901	0.867535678271912	0.385648571912074	0.600968201572523
PA14_RS11930	16.6436230791015	-0.488931957217493	0.56424669327507	-0.866521617308155	0.386204176908155	0.601240798241148
PA14_RS28435	32.3170395906327	-0.444848775046656	0.513456064904481	-0.866381381880086	0.386281050482888	0.601240798241148
PA14_RS11435	19.0086423250947	0.442363385538334	0.510733600882544	0.86613331250173	0.386417058823164	0.601258975697819
PA14_RS28500	48.5027222176241	0.333446632665834	0.385536826217531	0.864889188244999	0.387099612329846	0.602127283765563
PA14_RS15715	30.1394905520267	0.368818444120605	0.426794989496121	0.86415832706011	0.387500921256805	0.602472948847466
PA14_RS30760	512.031984313042	-0.13318513499608	0.154184441489768	-0.863803985079253	0.387695578331951	0.602472948847466
PA14_RS29285	39.2143262978988	-0.359679875746804	0.416381392911408	-0.863823124352082	0.387685062687334	0.602472948847466
PA14_RS15890	35.5475407458455	0.378646562262238	0.438531405462793	0.863442292947394	0.387894334655245	0.602588179374483
PA14_RS06490	32.6084187730907	0.381286920714397	0.442252079869804	0.862148394704316	0.388605863218135	0.603499664265544
PA14_RS18570	10.9086711781661	-0.633559489138967	0.735544277537513	-0.861347859655743	0.389046483752158	0.603989982480076
PA14_RS11330	733.065616900768	-0.114535352829289	0.133095614299737	-0.860549413531762	0.389486257267663	0.604027361986711
PA14_RS15175	10.9343372155158	-0.716673133953721	0.833271929922659	-0.860071134305748	0.389749831877701	0.604027361986711
PA14_RS20945	38.5986417388816	0.380989591627952	0.443040060139734	0.85994388748455	0.389819974516238	0.604027361986711
PA14_RS24565	128.481294673969	0.199070044664818	0.231463656412335	0.860048820408289	0.389762131477853	0.604027361986711
PA14_RS28415	74.2700452860437	-0.255929935912643	0.297241086920171	-0.861018032750559	0.389228111381739	0.604027361986711
PA14_RS29395	73.3091958119081	0.274126395042315	0.318438149207766	0.860846590536676	0.389322540802856	0.604027361986711
PA14_RS12155	112.098807737563	-0.213478910723099	0.248585702009401	-0.858773891649753	0.390465274467673	0.604458678163871
PA14_RS14130	34.4133930451949	0.412412558549143	0.480176743354001	0.858876578795695	0.390408612387738	0.604458678163871
PA14_RS25735	350.23953207362	-0.158179363200565	0.184195218108575	-0.858759336017753	0.39047330657236	0.604458678163871
PA14_RS12090	30.1809351318777	0.372292461772305	0.434098806616795	0.857621481786173	0.391101509193087	0.604656936847112
PA14_RS14035	15.1407856995085	-0.624597593716111	0.728248248822882	-0.857671260762647	0.391074013682664	0.604656936847112
PA14_RS15350	50.8360933319096	-0.277558413378153	0.323616665384687	-0.857676513810612	0.391071112220305	0.604656936847112
PA14_RS16585	17.2743975550732	0.475846065025036	0.554747205205858	0.857771000123304	0.391018925993258	0.604656936847112
PA14_RS05290	108.373461553671	-0.219034132945976	0.255657194260332	-0.856749341944735	0.391583427688676	0.605111920228543
PA14_RS20690	76.1265721451906	-0.236629174477032	0.276230696608864	-0.856636055956131	0.391646052587953	0.605111920228543
PA14_RS25155	30.9386262588043	0.376223710911224	0.439670358389331	0.855694962674912	0.392166527252884	0.605722556945048
PA14_RS31680	50.4580519232815	-0.347173549522833	0.406091708715963	-0.854914153801795	0.392598674377296	0.606196420590231
PA14_RS10070	47.5687356421901	0.300444245029064	0.351526885387183	0.85468354631864	0.392726361787309	0.60620002732315
PA14_RS17685	24.4747292618118	0.417035663306969	0.488319655065953	0.854021866579678	0.393092873701857	0.606572156101526
PA14_RS17930	108.694542777012	-0.211068923837359	0.247416425028362	-0.853091801860623	0.393608397350241	0.607173910553672
PA14_RS18795	14.6244067015538	-0.534568655387112	0.627892969189788	-0.851369073421703	0.394564365760407	0.608260526878332
PA14_RS29665	16.2459016316068	0.480657675130615	0.564423706036862	0.851590161769754	0.394441601950611	0.608260526878332
PA14_RS26455	11.8079439050717	0.594200514315553	0.698666020646939	0.850478621767443	0.395059041141533	0.60882903854699
PA14_RS28015	57.0820251343324	0.273023669269512	0.321178691294587	0.850067817914773	0.39528738262151	0.60898686918051
PA14_RS26110	13.7639503353008	0.631104907769056	0.742811969668113	0.84961596411947	0.395538633433436	0.609179882574553
PA14_RS07705	115.275400050929	-0.202771504408369	0.238992156642832	-0.848444180163643	0.396190646899247	0.609989802102757
PA14_RS02600	74.9720874384728	0.257384170896723	0.303487523588307	0.848088144954109	0.396388883353929	0.610100776543475
PA14_RS20070	73.1789220198408	0.261172585865258	0.308150132137909	0.847549809741355	0.396688736119559	0.610173895634283
PA14_RS29335	97.4464634378203	-0.259998459083904	0.306716291120405	-0.847683890980015	0.396614040058579	0.610173895634283
PA14_RS25030	202.040671582721	-0.182123124111328	0.215461764554815	-0.845268878622753	0.397960732910247	0.611935804246091
PA14_RS13055	24.1542977991301	-0.386521597192586	0.457483796580961	-0.844885873732105	0.398174562313953	0.611954928493053
PA14_RS16575	79.6479278481951	-0.257560623610018	0.30488004815216	-0.844793305337823	0.398226253095045	0.611954928493053
PA14_RS10970	99.0272730960804	-0.215491283034876	0.255374503865786	-0.843824578306883	0.398767438924233	0.612591910621852
PA14_RS03740	43.1603796864102	0.326920643869361	0.387722163351467	0.843182760158621	0.399126238672219	0.612948393210178
PA14_RS05650	69.3142362799386	-0.24107946351691	0.286109956935081	-0.842611232756263	0.399445906813863	0.613244573127568
PA14_RS00070	49.9290965986856	0.293525526844922	0.348791542660913	0.841550011808289	0.40003987995919	0.613766770140433
PA14_RS09450	562.075255506482	0.148642010674682	0.176601118791985	0.84168215745997	0.399965888137731	0.613766770140433
PA14_RS22400	10.5924422033956	0.631069963498224	0.750458903224386	0.840912088305966	0.400397185823038	0.614120136581102
PA14_RS31710	47.5124805125786	-0.298388237851096	0.355127813115959	-0.840227734440118	0.40078071085277	0.614513480559289
PA14_RS09755	29.2334270309407	-0.982088439924254	1.16915395241386	-0.839999247230544	0.400908808589549	0.614515054941064
PA14_RS09530	22.6426953119616	-0.503290884132504	0.600427624653468	-0.838220733802803	0.401906744405593	0.615459473066956
PA14_RS19245	85.4482858555741	0.221969308854576	0.264768230322855	0.838353259316309	0.401832332103082	0.615459473066956
PA14_RS27605	137.372271793246	-0.178124841041895	0.212438546484952	-0.838477027776652	0.401762844300448	0.615459473066956
PA14_RS12850	23.267566484445	0.409937631842489	0.489365009692993	0.837692977067704	0.402203158737843	0.615718415845587
PA14_RS10510	21.0005023814753	0.526293394916734	0.629465259685796	0.836096014543262	0.403100890303251	0.61631233180731
PA14_RS18450	28.0331464539713	-0.371782988436373	0.444433066145108	-0.836533140211908	0.40285504110473	0.61631233180731
PA14_RS22900	109.105680215374	0.200327674418209	0.23956596369036	0.836210917996402	0.403036257338206	0.61631233180731
PA14_RS23515	98.4011939244771	0.21019300236256	0.251206827733071	0.836732839864957	0.402742755488522	0.61631233180731
PA14_RS07300	28.2616729969961	0.399178379725863	0.478094211302301	0.834936651164473	0.403753377280836	0.616919852300197
PA14_RS10565	11.0053721929898	-0.649045759825934	0.777167368130738	-0.835142835946696	0.403637290766314	0.616919852300197
PA14_RS06000	127.748063371082	0.190573875702808	0.228378602456534	0.834464672490844	0.404019186770705	0.617131013020572
PA14_RS06170	63.0826216288309	0.259256970659684	0.310892568393505	0.8339117657246	0.404330706615074	0.61741183997174
PA14_RS03405	115.833101538274	-0.237090375972258	0.28467059735659	-0.832858673055261	0.404924439592075	0.618123292256084
PA14_RS22935	49.2946690201217	-0.285064613479358	0.342988536449263	-0.831119944795957	0.405905873568112	0.619425940225745
PA14_RS02205	24.3552862688596	-0.384538218773214	0.463217118675763	-0.830146821586658	0.406455777409399	0.619873900836282
PA14_RS23030	32.7212281673999	0.327897374102938	0.394951526901485	0.830221816523645	0.406413382586646	0.619873900836282
PA14_RS11580	17.896379023348	0.453725557736315	0.54672472173442	0.829897642632519	0.406596657840367	0.619893265232035
PA14_RS27805	789.839422157619	0.113822595418028	0.137261922562805	0.829236493944259	0.406970598320326	0.620267826497667
PA14_RS09595	35.4380599166115	0.334354955637249	0.403866251246145	0.827885357109151	0.407735428358637	0.621237722603141
PA14_RS10395	84.88624588106	-0.267059289320433	0.322849035613249	-0.827195561582387	0.408126226924662	0.621637301860682
PA14_RS00795	54.9727385330165	0.270801882816366	0.327828703274856	0.826046896172242	0.408777489782669	0.621707746343055
PA14_RS10155	77.593139574968	0.242057240691624	0.293061630781484	0.825960191534284	0.408826674113647	0.621707746343055
PA14_RS11355	247.618970403367	0.157442258564427	0.190576335569152	0.826137505972236	0.408726093961969	0.621707746343055
PA14_RS11375	53.3839693662177	0.285456911667195	0.345692563210859	0.82575369575734	0.408943825706629	0.621707746343055
PA14_RS17000	43.6537577967254	0.291840264021132	0.353281952040185	0.826083139361548	0.408756931407206	0.621707746343055
PA14_RS25285	60.6745243089439	0.303587901722495	0.367406024557785	0.82630082641649	0.408633464822031	0.621707746343055
PA14_RS10890	15.7295908016651	0.531816653531283	0.644333734289731	0.825374530665419	0.4091589900883	0.621839370228479
PA14_RS20265	98.6650478383819	-0.255393062968994	0.309526344095564	-0.825109293088614	0.40930954418716	0.621872747624602
PA14_RS28930	19.2408303307152	0.426316822204786	0.517499367043421	0.823801630213426	0.410052281162548	0.622805537594874
PA14_RS31165	37.7390388081155	-0.338736154750867	0.411345060791237	-0.823484191348492	0.410232703436926	0.622883941545047
PA14_RS00560	15.1525568264004	-0.485703912051354	0.590218488759497	-0.822922225076668	0.410552223068195	0.622977894809473
PA14_RS17560	30.0103830183882	0.383810520950577	0.466379945563241	0.822956742891364	0.410532592862066	0.622977894809473
PA14_RS01965	38.3079678850664	0.307574723271917	0.374750057881742	0.820746299574895	0.411790792337081	0.624661314850102
PA14_RS07620	30.2982145155007	0.399206605743481	0.486604836539465	0.820391775351999	0.411992802608842	0.624771775922346
PA14_RS02525	17.2336727989561	0.488518704660808	0.596966780837069	0.818334822543736	0.413166027354063	0.62548917992992
PA14_RS02590	23.5583768017102	0.462526977617179	0.56531968954924	0.8181688806664	0.413260761849229	0.62548917992992
PA14_RS04550	132.568309098837	0.198125211848775	0.24221415863399	0.817975352746254	0.413371261177838	0.62548917992992
PA14_RS06430	102.338548624308	0.210288650936235	0.256979758290297	0.818308229158977	0.41318120837582	0.62548917992992
PA14_RS21280	37.7805261381418	-0.306071090325847	0.37368967586365	-0.819051502074477	0.412757030209114	0.62548917992992
PA14_RS23775	296.560833706096	0.148010541409866	0.180707157965321	0.819062969482762	0.412750487899734	0.62548917992992
PA14_RS29390	15.54489182923	-0.492164502223181	0.601509672456459	-0.818215441512799	0.413234179447093	0.62548917992992
PA14_RS19255	118.014310015709	0.197893726853187	0.242343743265371	0.816582776954509	0.414166900909093	0.626301167228384
PA14_RS27410	90.9487300904364	0.211751024436356	0.259251600051651	0.81677808119282	0.414055260427284	0.626301167228384
PA14_RS17480	202.224819522086	-0.160011703029034	0.196367542671572	-0.814858203408169	0.415153480227637	0.627596821000579
PA14_RS06670	218.357932930252	0.166204073867494	0.20415668127083	0.814100586044551	0.415587330186725	0.628056352744688
PA14_RS13165	24.99364169277	-0.396758461793775	0.48749438313541	-0.813872888630942	0.415717773539814	0.628057217381613
PA14_RS05480	74.5817830808748	-0.244788677616894	0.301075730077035	-0.813046862177371	0.416191190703402	0.628119588659231
PA14_RS14570	103.244786635768	-0.203899750708774	0.250831775658083	-0.812894419671597	0.416278594221016	0.628119588659231
PA14_RS14825	16.4625790911213	-0.478798028090415	0.588955687093542	-0.812961040334379	0.416240395666248	0.628119588659231
PA14_RS25465	14.36733714092	0.486883922049078	0.598946670629254	0.812900289666118	0.416275228435769	0.628119588659231
PA14_RS01805	37.3158510290105	0.339382343230092	0.418226891879721	0.811479007733668	0.417090643380779	0.629148581219415
PA14_RS07505	134.034501656104	0.195650872358222	0.241237590832609	0.811029788860648	0.417348564044279	0.629341333245443
PA14_RS06240	707.261015653662	-0.106897765702165	0.132167962802198	-0.808802401396985	0.418628814712602	0.631015851072127
PA14_RS11350	92.173237449512	-0.20292274535539	0.25094202532248	-0.808643929188898	0.418719988852452	0.631015851072127
PA14_RS11245	106.541800974289	-0.198423399042213	0.245520766007831	-0.808173590643996	0.418990658489653	0.6310789794682
PA14_RS31695	20.6359825887121	-0.399034204544132	0.493782329260289	-0.808117627744811	0.419022870775928	0.6310789794682
PA14_RS01025	19.6611013462717	-0.495649668416348	0.613532790300517	-0.807861741462215	0.419170177668979	0.631104289915063
PA14_RS05165	49.9461376879508	0.289979901628595	0.359596630214367	0.80640327873965	0.420010357036887	0.631585002750115
PA14_RS09920	12.4688993602601	-0.580745324909069	0.719910251416398	-0.806691283762765	0.419844367076147	0.631585002750115
PA14_RS22285	10.8415855830512	0.647299616904649	0.802702234691926	0.806400666310689	0.420011862871044	0.631585002750115
PA14_RS27610	95.4067543259461	0.205338839411831	0.254615910796405	0.80646507427426	0.41997473830368	0.631585002750115
PA14_RS02375	28.6929711836646	0.355104784253167	0.440820493776374	0.805554163807344	0.420499963698894	0.631729675193492
PA14_RS03140	47.5595512710849	-0.277229691477309	0.344112782629869	-0.805636132893965	0.420452685037543	0.631729675193492
PA14_RS17100	20.8278303282641	0.445676096381075	0.55297939085715	0.805954261134853	0.420269222540497	0.631729675193492
PA14_RS07560	16.9283583870421	0.479395137190473	0.595506371508263	0.805021004185547	0.420807559151512	0.631995452191526
PA14_RS16625	204.948888072531	-0.178888234743507	0.22276664884455	-0.80302969798831	0.421957569579652	0.633525863547717
PA14_RS29830	1213.16696404991	-0.133146565634615	0.166004774022846	-0.802064678069385	0.422515545820047	0.634166722404018
PA14_RS05965	37.7907501368284	0.301596405963346	0.376396800397766	0.801272501903913	0.422973906402439	0.634338455232386
PA14_RS07495	201.593187905138	0.152639732720475	0.190609545489547	0.800797947072623	0.423248627693273	0.634338455232386
PA14_RS11765	134.630977952365	-0.189848259640938	0.237111097374235	-0.800672181704337	0.423321451166668	0.634338455232386
PA14_RS17640	46.5237593547667	-0.310277799568933	0.387307278055692	-0.801115334383977	0.423064879610133	0.634338455232386
PA14_RS30665	28.4635651494679	-0.396302851826877	0.494961787645366	-0.800673631215391	0.423320611796618	0.634338455232386
PA14_RS21630	140.238768221091	0.194861152597427	0.24342210592313	0.800507217117585	0.423416983765538	0.634338455232386
PA14_RS29350	1383.83505553179	0.0968425490281133	0.121019809396463	0.8002206375227	0.42358297479603	0.634390605795479
PA14_RS04880	168.401319834281	0.162865520755746	0.203678844363727	0.799619230286395	0.423931442304908	0.634715930336388
PA14_RS01700	316.014265857196	0.131645175151325	0.165071170168344	0.797505554828684	0.42515747804355	0.636021890224012
PA14_RS06200	71.1290235107228	-0.244796884493636	0.306980240754822	-0.797435313399046	0.425198257050089	0.636021890224012
PA14_RS28025	629.025194839646	-0.127654628057065	0.160028306467414	-0.797700299872007	0.42504442979964	0.636021890224012
PA14_RS02910	48.1892017555949	0.277903433563604	0.34873620685672	0.796887240554815	0.4255165218682	0.63623794042924
PA14_RS04320	139.661719434444	0.169685148316206	0.212976040726607	0.796733509259041	0.425605818297889	0.63623794042924
PA14_RS23625	936.685062277279	-0.106856344597629	0.134295290481731	-0.795681994612953	0.426216894801712	0.636954543652991
PA14_RS05955	146.216309255858	-0.178445351307753	0.224332818429455	-0.795449157002713	0.426352275068893	0.636958349721214
PA14_RS10295	12.6273015913651	-0.518935352517956	0.652564512508745	-0.795224598596299	0.426482865259986	0.636958349721214
PA14_RS17770	22.3101731929532	-0.427032570682775	0.537306299782773	-0.794765612938876	0.426749857340551	0.637160330379409
PA14_RS28940	16.6129551978841	0.478782443738712	0.602971837243289	0.794037820949723	0.427173413822006	0.637595873223217
PA14_RS06295	45.385596134819	0.281333063122493	0.354565683179865	0.793458240513867	0.427510890069267	0.637902704219369
PA14_RS17250	28.941762323131	-0.372471311481162	0.469902553072603	-0.792656496640938	0.427977982815916	0.638402691208442
PA14_RS19640	19.131195175937	-0.408925414182146	0.517416136898945	-0.790322112164839	0.429339676324167	0.640236409097647
PA14_RS10755	32.1485769519251	0.33618058526164	0.426364657938467	0.788481359799194	0.430415197572448	0.641560932524842
PA14_RS18855	65.6436848709298	-0.230512204739275	0.292399076419142	-0.788347923537369	0.430493222920412	0.641560932524842
PA14_RS02395	171.681936373319	0.163904256303859	0.208265893936179	0.786995187767452	0.431284683201085	0.642542430055591
PA14_RS15675	64.5654429623332	-0.253621856455754	0.323192444419511	-0.784739435698401	0.432606356096993	0.644313008341563
PA14_RS06320	45.0110255122393	0.331421537490821	0.422575239050651	0.784290007704628	0.432869961320663	0.644326748629237
PA14_RS16800	80.7688351556919	0.214740263669698	0.273809311640394	0.784269396768092	0.432882052584034	0.644326748629237
PA14_RS01930	336.501252973733	-0.130663289588095	0.166757766117009	-0.783551450889627	0.433303352534246	0.644755388570958
PA14_RS05205	37.4234557909578	-0.32267508873877	0.412173171359315	-0.782862910932831	0.433707619411305	0.645127655602523
PA14_RS23870	89.3486867007566	0.198804479008158	0.254007722463179	0.782671003386429	0.433820334164476	0.645127655602523
PA14_RS28525	156.03549089966	-0.168850275481385	0.215816203177496	-0.782379974234446	0.433991299191705	0.645183499197997
PA14_RS30955	112.094317613438	-0.222085005370053	0.283941314911857	-0.782151077376656	0.434125791965276	0.645185104469599
PA14_RS21555	42.8152825070974	-0.279852742310138	0.357968376670876	-0.781780627978321	0.434343507692107	0.645310354285416
PA14_RS03085	75.7327219820585	-0.222125827105662	0.284527969768603	-0.780681868592074	0.434989627202789	0.645477090258572
PA14_RS17475	27.6466012104467	0.361352258408943	0.462640678133994	0.781064604752039	0.43476449832835	0.645477090258572
PA14_RS23855	33.0482619580726	-0.333188669027765	0.426730842948649	-0.78079350141527	0.434923956815209	0.645477090258572
PA14_RS25865	28.7752145886221	0.361483866812108	0.462829240318216	0.781030745947622	0.434784411670725	0.645477090258572
PA14_RS18820	107.11598207521	0.195343262002418	0.250837187750861	0.778765157407359	0.436118065909284	0.64695305728138
PA14_RS10780	86.3690657960326	-0.225482626556068	0.290002073996387	-0.777520737865056	0.436851604250285	0.647842489467764
PA14_RS28475	41.4120140825414	0.310847246620302	0.400151423707831	0.776824042608595	0.437262589888638	0.648253183538152
PA14_RS25610	33.2208570609466	-0.32295115215701	0.416004877137285	-0.776315783553741	0.437562555997024	0.648499086975669
PA14_RS13780	34.9116095349696	-0.325793405159987	0.41984013228463	-0.775993956049718	0.437752554492749	0.648581909781536
PA14_RS17115	51.9246887978317	0.267797598749698	0.345302834665024	0.775544165484441	0.438018178523334	0.64877669566274
PA14_RS12245	45.2744785129872	0.290882746553491	0.375296727105257	0.775074029547582	0.438295916579525	0.64898929962602
PA14_RS00265	91.1335772509862	0.218658996628862	0.282810598623043	0.773164081167663	0.439425280583553	0.649410799800668
PA14_RS01895	286.939309598945	0.131698099852493	0.170383266137151	0.772952079381325	0.43955074145763	0.649410799800668
PA14_RS02700	68.4344599535231	-0.266174929736152	0.344439887616463	-0.772776148482953	0.439654871494497	0.649410799800668
PA14_RS03510	65.8459073806873	-0.2838855303443	0.366840976277778	-0.773865376831124	0.439010406237791	0.649410799800668
PA14_RS10165	57.6647978050855	-0.239473904473113	0.309252691499444	-0.774363202182652	0.438716038000211	0.649410799800668
PA14_RS17515	175.177709439586	-0.186761095039812	0.241462251932189	-0.77345876444597	0.43925092365454	0.649410799800668
PA14_RS20350	147.295354119408	0.179646030313411	0.232167252901288	0.773778506953314	0.439061784737433	0.649410799800668
PA14_RS22505	38.5353516951369	-0.337755349280403	0.4369659180725	-0.772955819461333	0.439548527931568	0.649410799800668
PA14_RS14460	14.8723317710564	-0.525678777819713	0.680967449650221	-0.771958745002757	0.440138862212325	0.649728796599147
PA14_RS17080	16.5634672682492	0.472355537265477	0.611731148248588	0.772161984260325	0.440018494185813	0.649728796599147
PA14_RS06045	75.2065543135807	-0.251298261615002	0.325712092353912	-0.771534946089587	0.440389916983924	0.649901018777619
PA14_RS06150	34.2654572381042	0.326490090203411	0.423682989572337	0.770599949110463	0.440944091377252	0.650520325167904
PA14_RS01430	1354.27549330149	-0.106394155908363	0.138216026432945	-0.769767143899051	0.441438032864312	0.650851928942626
PA14_RS21470	169.309963787026	-0.174811326343976	0.227059134215161	-0.7698933889985	0.441363135808712	0.650851928942626
PA14_RS02805	132.734371427342	0.171978467044103	0.223550594161882	0.769304450694352	0.441712595710243	0.650929546370495
PA14_RS23160	180.002912793599	-0.177345832401053	0.230551375153386	-0.769224786809728	0.441759878243996	0.650929546370495
PA14_RS05640	147.155361862738	0.170131558014297	0.221295274997773	0.76879887298095	0.442012718045604	0.651103717474426
PA14_RS06260	16.3356698445794	-0.494445050995129	0.643517613365143	-0.768347347028359	0.442280852669725	0.651300305575758
PA14_RS09105	19.5822477042484	0.406968836560984	0.529860912306403	0.768067292960923	0.442447207008658	0.651346938536947
PA14_RS08055	29.4820191079024	-0.351244617029646	0.45795644923918	-0.766982575773705	0.443091875320828	0.652097476887256
PA14_RS02275	184.980066377203	0.147234529935131	0.192092932082378	0.766475519630209	0.443393412601985	0.652144325834306
PA14_RS12860	22.5420512413881	0.442499307800536	0.577295945333109	0.766503405017346	0.443376826611497	0.652144325834306
PA14_RS24725	224.020725503309	-0.1381387054313	0.180737917505211	-0.764303956458486	0.444686128179073	0.653846797164486
PA14_RS01640	74.7628438289185	0.217502476905885	0.285029532018834	0.763087513652843	0.445411206138563	0.653904930036637
PA14_RS01825	37.6515782290917	0.311319700003321	0.407885826290481	0.763252066968395	0.445313082411162	0.653904930036637
PA14_RS05050	69.9793748615323	0.213896012073699	0.280270458505912	0.763177158284724	0.445357749197722	0.653904930036637
PA14_RS09060	11.0571936684767	-0.526445782319446	0.689379687705575	-0.763651427084525	0.445074993800974	0.653904930036637
PA14_RS15570	87.221086738355	-0.210909115676375	0.276170876599178	-0.763690647882757	0.445051615247268	0.653904930036637
PA14_RS16405	16.0326010993575	-0.448515442068148	0.587926554598179	-0.762876652806893	0.445536961222233	0.653904930036637
PA14_RS16885	179.280983825282	-0.161441598871515	0.211691633063206	-0.762626262244916	0.445686317667624	0.653925677257472
PA14_RS26545	43.1917890241236	-0.277729468909722	0.364815305069942	-0.761287876495413	0.446485140217212	0.65470046637066
PA14_RS29385	23.3213699914308	-0.351707603754872	0.461928768893612	-0.761389260507122	0.446424600124047	0.65470046637066
PA14_RS12665	102.959540715671	-0.18689215269675	0.24560629200252	-0.76094203928144	0.44669168739294	0.654804789400503
PA14_RS05440	56.9935981694154	0.249004372627048	0.32769079453089	0.759876007452432	0.44732870426923	0.655304054158928
PA14_RS13390	25.482916003168	-0.408688809921239	0.53787428419147	-0.759822177659186	0.447360884439003	0.655304054158928
PA14_RS17345	66.720266436287	-0.220356130421889	0.290146430006907	-0.759465248001306	0.447574295055199	0.655304054158928
PA14_RS28105	37.4121941545366	-0.299705489652269	0.394592439057254	-0.759531759828735	0.44753452280466	0.655304054158928
PA14_RS11590	24.2466361334206	-0.377637745998045	0.497398764298022	-0.759225340117208	0.447717770089338	0.655315719174346
PA14_RS25210	173.247536375005	0.170897621119419	0.225163682242149	0.758992833203135	0.447856843969824	0.6553209371976
PA14_RS03500	556.369616721518	0.130491902992854	0.172027537292581	0.758552409960479	0.448120350164784	0.655508171021445
PA14_RS29465	148.608834992354	0.155917490765807	0.205627093645592	0.758253632833707	0.448299159303778	0.655571434651669
PA14_RS31320	86.3659154176703	0.209142422146758	0.27619313408969	0.75723251715172	0.448910572173839	0.656267087978442
PA14_RS01570	54.1634452993549	-0.258015167456791	0.340907552566	-0.756847906462382	0.449140987933949	0.65640550548461
PA14_RS02840	21.8505843022118	-0.43048037490163	0.569317944163302	-0.756133509078632	0.449569153051639	0.656439923909141
PA14_RS21180	192.969166392104	0.150297359078602	0.198891165595847	0.7556763953207	0.449843239833518	0.656439923909141
PA14_RS24775	18.5531651347648	0.470939457910948	0.623035632901841	0.755878850327562	0.449721835519621	0.656439923909141
PA14_RS24995	35.8605167053122	-0.308029187067175	0.407431901206971	-0.75602618782347	0.449633494690896	0.656439923909141
PA14_RS25530	37.2738260602281	-0.3128353637708	0.413784572803842	-0.756034381975625	0.449628581918135	0.656439923909141
PA14_RS05390	372.813404026304	0.117277521811928	0.155354377346201	0.754903233595918	0.450307045447239	0.656670007633257
PA14_RS08525	32.4184294139568	0.326349387515558	0.43277794811575	0.754080444570789	0.450800918984432	0.656670007633257
PA14_RS16130	15.2287738998561	-0.450459017573616	0.597357256872116	-0.7540864572941	0.450797308776037	0.656670007633257
PA14_RS18575	37.669830115726	-0.314192205371702	0.416590579755301	-0.754199016108942	0.450729728315423	0.656670007633257
PA14_RS20915	79.092081501372	0.231311473763745	0.306756388164108	0.754055930662472	0.450815637994709	0.656670007633257
PA14_RS26410	596.913556508803	-0.121049140013665	0.160365101907086	-0.754834677708123	0.450348183945071	0.656670007633257
PA14_RS08500	70.5800930458408	0.219816074818502	0.291748845133847	0.753442827571968	0.451183855081084	0.657008468284289
PA14_RS01770	98.0451512194191	-0.191767977547152	0.255161703392343	-0.751554700402219	0.452318893852671	0.658143055292949
PA14_RS02175	190.554609223097	-0.155830702663207	0.20742804009577	-0.751251868316646	0.45250108997037	0.658143055292949
PA14_RS10980	64.1943482210734	0.233894875137725	0.311344485601486	0.751241425348722	0.452507373624701	0.658143055292949
PA14_RS25545	155.422626254498	-0.159056340768931	0.211645654930032	-0.7515218813328	0.452338637138532	0.658143055292949
PA14_RS02915	62.3353693523543	0.231518484627726	0.308367639144342	0.750787226798969	0.452780717828643	0.65834261918801
PA14_RS10865	80.5870071353387	0.203390098787403	0.271096238582315	0.750250537783268	0.453103826321617	0.6584164976236
PA14_RS11055	46.5641565436444	0.252622054238979	0.336675090397712	0.750343763004737	0.453047691628223	0.6584164976236
PA14_RS16415	204.80719291551	0.140094765962603	0.186793430423894	0.749998357247805	0.453255694142701	0.658439332194083
PA14_RS16195	10.2858504324075	-0.531891147727613	0.71009480201962	-0.749042446466066	0.453831622226524	0.658682390482434
PA14_RS18535	274.079693885149	-0.147229205545909	0.196452482635926	-0.74943927188113	0.453592488209522	0.658682390482434
PA14_RS24110	35.9301610197177	0.297045746380393	0.396547238395424	0.749080355678051	0.453808774393023	0.658682390482434
PA14_RS02065	61.9306792023958	-0.24315605282311	0.325091834344411	-0.747961120935149	0.45448360887037	0.659035302098084
PA14_RS23255	79.2019894438294	0.242506589614488	0.324168879394082	0.748087200929859	0.454407561597487	0.659035302098084
PA14_RS26830	91.2009836150017	0.202368191588254	0.270470584811708	0.748207764364233	0.454334848439384	0.659035302098084
PA14_RS06210	84.9147120206939	0.199586852508567	0.267094747218223	0.747251133117565	0.45491198387417	0.659063617140649
PA14_RS16475	341.493270922137	-0.120777611581007	0.161619938127538	-0.747294009515703	0.454886107715917	0.659063617140649
PA14_RS23995	20.6289853970249	0.385216721947193	0.515264733038293	0.747609330209225	0.454695835294583	0.659063617140649
PA14_RS13595	289.566632480473	-0.132596591422862	0.177611178158423	-0.746555440922706	0.455331954047177	0.659474492294743
PA14_RS16000	58.412281446411	-0.230688494819547	0.309268548743575	-0.74591643979556	0.455717893623339	0.659835848371996
PA14_RS13850	10.0366085020755	-0.617813385067148	0.829045364813671	-0.745210589538731	0.456144422160637	0.660255739469871
PA14_RS11865	119.044299708913	0.182801923017252	0.245670247736087	0.744094674474493	0.456819200928472	0.660865243825958
PA14_RS21765	531.208545953538	0.118351387614385	0.159061136895312	0.744062251310821	0.45683881515926	0.660865243825958
PA14_RS07755	147.829661306443	-0.170367413464306	0.22918051495705	-0.743376519143583	0.457253756225605	0.661267692914781
PA14_RS06565	71.3185226800046	0.209268261926982	0.281815206670453	0.74257263970746	0.457740458371218	0.661773649232648
PA14_RS17455	17.0316521673834	0.395000144986123	0.532480807105699	0.741811046924203	0.458201826504474	0.662148143373491
PA14_RS25180	11.8352327007403	-0.487666481169187	0.657504451591165	-0.741693048600707	0.458273332479544	0.662148143373491
PA14_RS25770	49.6026277592298	0.275353625499022	0.371838163206474	0.740520077671865	0.458984483076403	0.662977586665916
PA14_RS11650	76.4980392170349	-0.222051961653993	0.300237317008933	-0.739588149355152	0.459549934551967	0.663398054774123
PA14_RS19980	3528.78946982802	0.100105025252935	0.13534747929904	0.739614995206231	0.459533640262755	0.663398054774123
PA14_RS12390	14.9901029324326	-0.478991118132985	0.648015025849919	-0.739166684452654	0.459805788218916	0.663426441809812
PA14_RS17570	48.803129606837	-0.248804099850835	0.336629441501367	-0.73910380132281	0.459843968764783	0.663426441809812
PA14_RS22025	30.9772214382454	0.305704609748213	0.414173868044764	0.738106948155339	0.460449461862433	0.664101878188704
PA14_RS21780	63.1143825836591	0.26840835590193	0.364166718354464	0.737048012280663	0.46109315244413	0.664831987245025
PA14_RS01515	42.3844972923866	-0.320839589228601	0.436675714861742	-0.734731926482751	0.462502772389999	0.665747776770077
PA14_RS06545	466.008799499171	-0.110622937839182	0.150596313171016	-0.734566042885524	0.462603824912086	0.665747776770077
PA14_RS08555	83.2307451702016	0.191960964363139	0.261136803222711	0.735097320615605	0.462280226021002	0.665747776770077
PA14_RS11480	33.3620646541922	0.305311985637295	0.415254699754012	0.735240289437195	0.462193165925188	0.665747776770077
PA14_RS15915	42.9831084453144	0.276517678023042	0.376572276400985	0.734301740600252	0.462764857305073	0.665747776770077
PA14_RS21450	144.27689506847	-0.170888838503743	0.232750000599032	-0.734216275247794	0.462816935772035	0.665747776770077
PA14_RS21585	543.056241416563	-0.137780912454895	0.187662439863794	-0.734195465831609	0.462829616522126	0.665747776770077
PA14_RS22125	1376.81932620665	0.0964025339387601	0.131209717663006	0.734720992132281	0.462509432968984	0.665747776770077
PA14_RS04030	11.2005957534261	-0.569596512697037	0.776159905290404	-0.733864901825764	0.463031080137071	0.665839519340729
PA14_RS04760	75.0367251823494	-0.224913500751996	0.30691805622378	-0.732812867119187	0.463672572353183	0.666263430004476
PA14_RS21190	87.0804583805274	0.228040824527642	0.311231995311172	0.732703667884933	0.463739186392693	0.666263430004476
PA14_RS30950	39.5690765135324	-0.289936875877017	0.395651255354326	-0.732809189793579	0.463674815519487	0.666263430004476
PA14_RS13175	34.8804358938642	-0.353502254221474	0.482654110019812	-0.732413226952452	0.463916387968575	0.666320063028224
PA14_RS26015	840.46109179313	0.0961925931721866	0.131451672232311	0.731771544162543	0.464308020152804	0.666684556252661
PA14_RS01165	70.0410959201866	-0.246751130034069	0.337455503504958	-0.731210863272954	0.464650365792854	0.666780168835086
PA14_RS02305	131.578026927531	0.160897549015767	0.219998036065874	0.731359024348694	0.464559886606072	0.666780168835086
PA14_RS22150	673.115704348048	0.104413600051412	0.142879353661219	0.730781581634156	0.464912575373305	0.666958532929488
PA14_RS02830	98.2643953156755	0.189360004007344	0.259443487000583	0.729869946617387	0.4654696841323	0.667099088041688
PA14_RS14430	14.6505225698212	-0.480872960590207	0.658467814196778	-0.730290760189688	0.465212474897419	0.667099088041688
PA14_RS18960	17.2946642457086	-0.461301255054363	0.63216338264313	-0.729718404640305	0.465562328813213	0.667099088041688
PA14_RS24010	86.5672612389571	-0.248434719997293	0.340331016760964	-0.729979660278171	0.465402617447102	0.667099088041688
PA14_RS05045	41.6568410229965	0.279913064843466	0.384058414667773	0.728829402385579	0.466106023684175	0.667520757718356
PA14_RS29125	10.5375066984234	-0.520674480359101	0.714440989464886	-0.728785845208972	0.466132671384385	0.667520757718356
PA14_RS14560	205.564555553741	-0.139507368254427	0.191719551309664	-0.727663753130197	0.466819443888203	0.668306344180979
PA14_RS27120	79.0468167098751	0.27854389440855	0.383056325198538	0.727161715092893	0.467126896168101	0.66848612026866
PA14_RS27945	21.9007829823919	0.35175526321752	0.483840068313056	0.727007303144489	0.467221481908203	0.66848612026866
PA14_RS02850	498.886227371937	0.131174592237644	0.18055927208136	0.726490479971235	0.467538141532863	0.668741334650378
PA14_RS01810	160.278286661817	0.154494715169829	0.212952606074942	0.725488727362461	0.46815225795882	0.669223860327773
PA14_RS17910	33.7495727847356	-0.347999310758367	0.479599022332344	-0.725604712590961	0.468081131281979	0.669223860327773
PA14_RS05700	29.2356433466693	-0.324089245073708	0.447583471137829	-0.724086714484388	0.469012500385775	0.670057445159706
PA14_RS08755	59.7418163135662	-0.245895759543056	0.339493811141445	-0.72430115505289	0.468880868030566	0.670057445159706
PA14_RS20290	37.6257223679186	-0.287135004075171	0.396732757755642	-0.723749169843003	0.469219740444215	0.670155541874844
PA14_RS06990	93.2867643828453	0.204399601561757	0.282854968480396	0.722630409003841	0.469906980628877	0.670740896789034
PA14_RS20010	27.3503938294028	-0.34109127361328	0.471935674060512	-0.722749502444997	0.469833796640003	0.670740896789034
PA14_RS19465	35.2977791941329	-0.293073965832178	0.405903339052961	-0.722028960185366	0.470276672543463	0.671070518861076
PA14_RS10270	184.753318928408	-0.149079731529034	0.206575456405311	-0.721672042377254	0.470496134763102	0.671185636493912
PA14_RS03735	856.198984809512	0.344968066581334	0.4787859475937	0.720505830037591	0.471213611448589	0.671335997723342
PA14_RS06975	18.6960945835481	0.382042779008995	0.530268193854568	0.720470855006202	0.471235138090776	0.671335997723342
PA14_RS07175	10.7849822255393	0.535974047281356	0.744023406933901	0.720372561247891	0.471295639427367	0.671335997723342
PA14_RS09425	328.128466798617	-0.120571615682202	0.16720485210552	-0.721101177172248	0.470847266837828	0.671335997723342
PA14_RS22960	63.2523611835561	0.221032015375291	0.306726000544364	0.720617146844458	0.471145101123183	0.671335997723342
PA14_RS06575	27.728566008485	0.32425622867767	0.4505398569755	0.71970597863288	0.471706044415767	0.671722741694538
PA14_RS02100	319.456415868206	0.118753397333266	0.165102905939641	0.719268971417627	0.47197521013216	0.67190818846015
PA14_RS14785	20.8311993609039	-0.364172237352129	0.506554103331811	-0.718920713418015	0.472189773160153	0.672015816069011
PA14_RS17615	26.9809794786829	-0.363703862330382	0.506686119812067	-0.717809010567098	0.472875056785155	0.672793108153283
PA14_RS10835	21.5220599487776	-0.392636800371398	0.547332687318649	-0.71736406297037	0.473149487806098	0.672985565597144
PA14_RS20590	176.624087264195	-0.143411798672566	0.200083068677775	-0.716761291299089	0.473521399955536	0.673316521665679
PA14_RS17595	50.600282090847	0.287172758023118	0.401285909309772	0.715631302671621	0.474219039739688	0.674110310458886
PA14_RS31760	124.993504047387	0.171872909280706	0.240446205584201	0.714808157870966	0.474727593600046	0.674455648652643
PA14_RS26860	10.2761136022564	-0.498795782346897	0.697824738274112	-0.71478661473157	0.474740907364267	0.674455648652643
PA14_RS01670	85.8626992220265	-0.204858437347429	0.287273161611948	-0.713113735365764	0.475775380735184	0.675165749998334
PA14_RS07730	63.675169004483	-0.228613154546667	0.320701699994339	-0.712852955100341	0.475936753044973	0.675165749998334
PA14_RS16640	60.7936872539391	-0.223546708558538	0.313695141825589	-0.7126240695268	0.476078413460364	0.675165749998334
PA14_RS20615	134.844506553198	-0.164503828754485	0.230836565764164	-0.712641986376417	0.476067323643134	0.675165749998334
PA14_RS22860	54.8774705010307	-0.23285448691423	0.326742465605416	-0.712654495285078	0.476059581210182	0.675165749998334
PA14_RS23075	15.0534657637248	0.412021679120165	0.577486526231526	0.71347409922942	0.475552434913054	0.675165749998334
PA14_RS11050	151.548551379291	-0.156683482216539	0.219975577476013	-0.712276717326154	0.476293438635726	0.675272667617229
PA14_RS24715	143.44493451676	-0.160411728011799	0.225456250995407	-0.711498249898013	0.476775534938019	0.675758055967252
PA14_RS00250	15.8010268344609	0.395758386942481	0.55674902551639	0.710838041567134	0.4771846040054	0.676074445421914
PA14_RS03965	20.565617491345	0.418228709919879	0.589516358766521	0.709443773188861	0.478049131967737	0.676074445421914
PA14_RS12005	29.0911750093824	0.308614711004865	0.434657416240708	0.710018279853663	0.477692800540268	0.676074445421914
PA14_RS15860	13.5628509426027	-0.440929119945206	0.621056020221437	-0.709966743077369	0.477724759725262	0.676074445421914
PA14_RS16240	30.5981154275799	-0.308356870126883	0.434713154518103	-0.709334113592006	0.478117163635845	0.676074445421914
PA14_RS16485	13.8544095765326	0.428087974173075	0.602588384604187	0.710415243822308	0.477446672906659	0.676074445421914
PA14_RS16550	171.867239358109	0.140992297232601	0.198567928971777	0.710045665292913	0.477675818651591	0.676074445421914
PA14_RS18595	74.1285367057154	-0.196948187655924	0.277626154541483	-0.709400697427793	0.478075855088691	0.676074445421914
PA14_RS27990	46.1264873237032	0.24708136054845	0.348897164352989	0.70817818484323	0.47883461157867	0.676891020635618
PA14_RS06950	1508.69051075528	0.0840609653182469	0.119122108832558	0.705670560587589	0.48039303280614	0.678895589319255
PA14_RS01900	80.0969963001273	-0.221090410815422	0.313708001562372	-0.704764971611553	0.480956510707319	0.679281207220492
PA14_RS06510	69.0550905907838	0.206977538365984	0.293700764807658	0.704722503877483	0.480982943922459	0.679281207220492
PA14_RS07065	59.6170709385383	0.212676496649271	0.301859379189504	0.704554873266851	0.481087290060005	0.679281207220492
PA14_RS02890	199.243532365714	0.132393040101943	0.188184816565375	0.703526684661883	0.481727583014469	0.679590020845383
PA14_RS06245	312.894511872056	-0.143780371629781	0.204315896421782	-0.703716030655617	0.481609635098698	0.679590020845383
PA14_RS08105	32.7087565458575	0.282133090150274	0.400930297182977	0.703696109105754	0.481622043944439	0.679590020845383
PA14_RS01620	204.089308331375	-0.140320281262669	0.199714319113218	-0.702605010425524	0.482301939164743	0.679805356397755
PA14_RS02210	18.3320783411653	-0.374195166951621	0.532422748023861	-0.702815888953812	0.48217049397841	0.679805356397755
PA14_RS02245	71.9982767231301	-0.195632730961296	0.278349011167866	-0.702832498453946	0.482160141742228	0.679805356397755
PA14_RS28000	204.86918359153	0.166582889813614	0.237183862847278	0.702336524137294	0.482469320708728	0.679843133725935
PA14_RS08260	19.7179691907684	-0.352512006863475	0.502123263560507	-0.702042770063763	0.48265249102829	0.679903130385321
PA14_RS08250	31.5935996438623	-0.287439104376889	0.409649847501681	-0.701670234054485	0.482884840149195	0.680032349144294
PA14_RS23750	49.8766265025954	0.248810064978189	0.355399499758361	0.700085580163611	0.483873860561623	0.681041991055133
PA14_RS27810	266.880436248747	0.12929377023916	0.184686850990182	0.70007025159595	0.483883432850587	0.681041991055133
PA14_RS08825	33.3418740102756	-0.3006442401558	0.430069699573418	-0.699059339576831	0.484514947642904	0.681732408146955
PA14_RS15085	38.7247288001985	-0.270355488309742	0.387485520350613	-0.697717654236766	0.485353785291399	0.682703801647323
PA14_RS26930	17.0806914028956	-0.400827140522258	0.574659578847718	-0.697503626975085	0.485487670360865	0.682703801647323
PA14_RS03800	49.0928100245499	0.239703152741902	0.344234253184478	0.696337306716085	0.486217614889814	0.683332216951872
PA14_RS05430	36.9222229870856	-0.271571850714137	0.39012644997048	-0.696112377755176	0.486358455489732	0.683332216951872
PA14_RS17550	24.6861165712885	0.334091779056244	0.479798684188264	0.69631658040386	0.486230591870302	0.683332216951872
PA14_RS22395	16.3207795089275	-0.415160200816026	0.596919730489596	-0.695504235511716	0.486739357765157	0.683668758104066
PA14_RS26675	938.498232369167	-0.100443239416	0.144469352119473	-0.695256384433259	0.486894642407342	0.683688295784526
PA14_RS18190	43.3188351077611	-0.26836873444207	0.386471212997785	-0.694408083749328	0.487426325631208	0.684236200508714
PA14_RS05715	208.157660854987	-0.150594014437197	0.216962463127253	-0.694101699743661	0.487618432716731	0.684307237556039
PA14_RS17920	66.0337928586566	-0.227594185370153	0.328198808674226	-0.693464386082113	0.488018168234147	0.684534930103038
PA14_RS22060	50.6247283623037	0.236960583010223	0.341852534855328	0.693166084348343	0.488205329595819	0.684534930103038
PA14_RS26920	18.5448816309016	-0.38253727344856	0.551753723680387	-0.693311629864326	0.488114006159286	0.684534930103038
PA14_RS06005	23.0452054271768	-0.340350930015722	0.491531885701981	-0.69242899579068	0.488667961846938	0.684985003910664
PA14_RS08890	167.899450101551	0.164646201913319	0.238126513309882	0.691423225514833	0.48929961265631	0.685671668155873
PA14_RS21435	19.9195645253056	-0.385046670997972	0.557712953339921	-0.690402954946771	0.489940818996998	0.686371321167289
PA14_RS28755	165.20454686819	0.180348203974754	0.261517819203812	0.689621091686302	0.490432500032471	0.686861155562418
PA14_RS10140	240.587591862493	0.123140830602125	0.178757418690036	0.688871161289536	0.490904348986409	0.687322939113571
PA14_RS17010	417.946498090355	-0.108141347477015	0.157241347300559	-0.68774116562553	0.491615791776309	0.687930672241712
PA14_RS17130	324.454351382056	0.115833455739699	0.168428713614097	0.687729860628731	0.491622912172737	0.687930672241712
PA14_RS05175	25.3558925329329	-0.338510827437524	0.492447465635846	-0.68740495394862	0.491827576698346	0.688017981172462
PA14_RS23755	96.6056642061664	-0.209891906552266	0.305644555105431	-0.686718945409855	0.492259855887409	0.68842355785758
PA14_RS24960	44.2343763121061	-0.272658405890393	0.397576127757363	-0.685801754316582	0.492838129904921	0.689033014229604
PA14_RS10850	11.5818167607687	0.488160840117951	0.712492044026686	0.685145671745448	0.493252002499488	0.689272054429417
PA14_RS26550	38.0936428824062	0.268097584700757	0.391338287653986	0.685078851619559	0.493294164677463	0.689272054429417
PA14_RS25945	90.9252743035682	0.194111457313867	0.28379513901262	0.683984433240186	0.49398499564711	0.690037966189897
PA14_RS09395	167.913947456954	0.164811475864644	0.241537601594603	0.682342934502029	0.495022130505284	0.690977209425759
PA14_RS13600	141.855525349063	-0.152692559824992	0.223670866572971	-0.682666286246884	0.494817737814669	0.690977209425759
PA14_RS21690	35.7579872325091	0.2865577382352	0.420023680567493	0.682241862763624	0.495086027845379	0.690977209425759
PA14_RS20735	10.7455296733359	-0.505991423283803	0.741923756921484	-0.681999219681747	0.495239444276238	0.69099190782455
PA14_RS26900	95.3631981585065	0.172082861371343	0.252880659233872	0.680490401649083	0.496193997320035	0.692124075869538
PA14_RS25400	158.798752702476	-0.14021245295118	0.206173518549001	-0.680070136737062	0.496460052379126	0.69229550556674
PA14_RS04600	79.2249335998167	-0.195388323828817	0.287593461047193	-0.67939070352074	0.496890338704556	0.692296651678258
PA14_RS05475	28.7063889587239	-0.309906044652433	0.45614722286789	-0.679399170083709	0.496884975591799	0.692296651678258
PA14_RS12085	198.349607598525	0.133699619560735	0.19675612120714	0.679519492153331	0.496808761359811	0.692296651678258
PA14_RS13225	119.275865998197	-0.158659367311955	0.233790362789475	-0.678639467508013	0.497366329139091	0.692298497082259
PA14_RS14390	58.3011598789009	0.204846504322114	0.301794536364483	0.678761473914549	0.497289008181542	0.692298497082259
PA14_RS18255	87.5847184638027	-0.194672390153466	0.286922207541646	-0.678484916944639	0.497464283986942	0.692298497082259
PA14_RS24070	10.2765587373223	0.499504250755598	0.735875111965792	0.678789434013116	0.497271289508962	0.692298497082259
PA14_RS08780	182.327947385273	0.147587363148172	0.217770517325231	0.677719670049532	0.497949452264313	0.692575079421977
PA14_RS15455	106.618414844528	0.165648002636265	0.244419261156867	0.677720740387776	0.497948773491621	0.692575079421977
PA14_RS09815	51.3298150859575	0.227855366495849	0.336495103757006	0.677143185597109	0.498315110948194	0.692733577038428
PA14_RS16930	18.9060030311386	-0.429223688750012	0.6339256734673	-0.677088350756238	0.498349899610565	0.692733577038428
PA14_RS05295	73.3343409646965	0.253842476117189	0.37521289475968	0.676529190927122	0.498704719013586	0.692828503633927
PA14_RS12320	1114.97694521275	0.0862108448344461	0.127392409655032	0.676734548533132	0.498574392078096	0.692828503633927
PA14_RS02300	19.1411849190813	-0.36566891245979	0.541646858591536	-0.675105756932944	0.499608576327564	0.693884857874813
PA14_RS22140	610.132042127589	0.104806926551721	0.155298656520552	0.674873362718701	0.499756225399437	0.693890641984403
PA14_RS31805	17.3755403613847	0.368824893351329	0.54747883911969	0.673678810937012	0.500515535918851	0.694745445379898
PA14_RS21625	10.862208191723	0.522971495967414	0.777623583197255	0.672525251635475	0.501249369982072	0.695564405518881
PA14_RS02940	54.6865431303083	-0.222553962088912	0.331422331507273	-0.671511666328459	0.501894629992389	0.696060347187609
PA14_RS08940	105.158958779736	-0.18391675585184	0.273876586381648	-0.671531503593195	0.501881997146306	0.696060347187609
PA14_RS26925	105.447829059858	0.160455133031857	0.239038293583337	0.67125283830692	0.5020594733068	0.696089338564129
PA14_RS12660	88.209270204609	-0.189587548721866	0.28270589611552	-0.670617597039422	0.50246416943328	0.696376588915102
PA14_RS17105	10.905681757591	0.446195212830561	0.66549059883724	0.670475606432554	0.502554651636416	0.696376588915102
PA14_RS12115	24.3818031992379	-0.306176666404143	0.457635345103044	-0.669040688575315	0.503469523024739	0.697444460999037
PA14_RS02575	20.9402332190025	0.346653440897226	0.520591976688397	0.665883179956723	0.505485772328143	0.698836247849885
PA14_RS07690	172.811729856808	-0.14247312810681	0.213771654737862	-0.66647343064036	0.505108540771976	0.698836247849885
PA14_RS31690	733.017704922894	-0.382333748190266	0.573539496746256	-0.66662148005374	0.505013945075431	0.698836247849885
PA14_RS12395	57.51288210354	-0.265756545293289	0.399102396474984	-0.665885616424624	0.505484214866972	0.698836247849885
PA14_RS13800	28.1636058159902	-0.328301129626861	0.492974298715553	-0.665959930329534	0.505436712470735	0.698836247849885
PA14_RS23740	36.1742877041914	-0.281051993769051	0.421977267393429	-0.666035863744797	0.505388177291061	0.698836247849885
PA14_RS28290	208.882076444808	-0.125441902266673	0.188109046945734	-0.666857359087363	0.504863250211523	0.698836247849885
PA14_RS11935	44.6467596215278	0.28274228135423	0.42494526514232	0.665361646657094	0.5058192097371	0.699097370188229
PA14_RS04845	30.3514251767508	0.283386248092026	0.426298333357076	0.664760394112673	0.506203758503592	0.699296596980248
PA14_RS10125	24.7909339753115	-0.305722752719824	0.459994646266615	-0.66462241506747	0.506292028754587	0.699296596980248
PA14_RS17035	33.0159480415435	0.301267436232283	0.453403217365487	0.664458090930202	0.506397163487351	0.699296596980248
PA14_RS15525	20.3057715107326	0.360140328575598	0.542531370246136	0.663814754918613	0.506808880890742	0.699465681503318
PA14_RS24135	11.6622356748331	-0.471544518022773	0.710345718198395	-0.663823974639731	0.506802979279754	0.699465681503318
PA14_RS11100	14.7309457409208	0.395970254364742	0.597307367683318	0.662925448083001	0.507378302432212	0.700051774768097
PA14_RS11255	83.5401237477913	0.190129132980402	0.287032532057103	0.662395762660718	0.507717618623153	0.70032013795253
PA14_RS02075	193.648020104178	0.158794279684277	0.240091635868747	0.661390302538845	0.508362043321875	0.700930231475978
PA14_RS14650	21.4079400709246	0.327074510988647	0.494797208974205	0.661027396792973	0.50859474405484	0.700930231475978
PA14_RS24580	15.3824153334292	0.476370041229961	0.720620136479656	0.66105568955803	0.508576600292903	0.700930231475978
PA14_RS05970	92.7168952129426	0.191958728503943	0.290604287092134	0.6605502294021	0.508900796068823	0.700952506348285
PA14_RS08530	56.1286557356288	-0.230088444146207	0.348303274677283	-0.660597992825055	0.508870156578646	0.700952506348285
PA14_RS05645	45.9532189455368	-0.23295273353737	0.353214392536917	-0.65952220084866	0.509560494587789	0.701661318857217
PA14_RS12985	52.9289133342559	0.215801194790039	0.327472725798676	0.658989826599207	0.509902301540965	0.701932117919758
PA14_RS05490	35.8042884624339	-0.259904118997262	0.394693099878035	-0.658496738548444	0.510218992069229	0.702168197395217
PA14_RS06335	74.7270694669438	-0.196196085537103	0.298185951760097	-0.657965555986188	0.51056026423179	0.702437962396852
PA14_RS06040	66.3654818369538	0.242240741661667	0.368511312406091	0.65734953990971	0.510956189301152	0.702582920517592
PA14_RS15980	13.5636479786433	-0.409880931097287	0.623376964140048	-0.657516967542616	0.510848564553215	0.702582920517592
PA14_RS14235	185.596928745125	-0.135350795898424	0.206583867574192	-0.655185700063509	0.512348200061178	0.704096588660374
PA14_RS22055	23.5588800518802	0.304262463961125	0.46427784234308	0.655345649117342	0.512245236263706	0.704096588660374
PA14_RS23015	11.8487344900462	-0.473730073142062	0.723355469243722	-0.654906326535905	0.51252806670358	0.704143673459805
PA14_RS00105	20.6217830905613	0.336306590982055	0.51432393985265	0.653880881139628	0.513188552393417	0.704694081867221
PA14_RS18175	112.783253306888	0.150398209957653	0.230025816923318	0.653831869697434	0.513220131583199	0.704694081867221
PA14_RS09225	73.6736417414239	-0.185153829475074	0.283447373523694	-0.65322118590595	0.513613693921811	0.705034295715548
PA14_RS00140	28.1230874421805	-0.275303281145648	0.421855341028794	-0.652601151082397	0.514013443295388	0.705382806974034
PA14_RS25900	33.392883556537	0.288725862445256	0.442641531469894	0.652279196410862	0.514221078002247	0.705467555523082
PA14_RS18145	585.839084385597	0.100668822613561	0.154546452297186	0.651382293913675	0.514799737446457	0.706061126004273
PA14_RS20460	137.53078573703	-0.144496207264306	0.221925643358817	-0.651101896461238	0.514980712388849	0.706109079986525
PA14_RS18325	33.3887362942968	-0.296921734376861	0.456376571010452	-0.650606874317526	0.515300291682133	0.706346998462244
PA14_RS08720	55.0740070237079	0.237750134460282	0.365721683701124	0.65008487343227	0.515637399578626	0.706608802596269
PA14_RS22450	19.8196341655892	0.341602874243936	0.525678186946469	0.649832697506854	0.515800295649441	0.706631793133342
PA14_RS26885	10.6530409604399	0.46142358891632	0.711712727520743	0.648328421108461	0.516772555465982	0.707763262031574
PA14_RS26785	362.06763637521	0.100340048308842	0.154830888431525	0.648062213717889	0.516944712272911	0.707798592455209
PA14_RS23555	383.161277969409	-0.114158458219275	0.176477731382694	-0.646871745941252	0.517714953283434	0.708652565547321
PA14_RS18485	148.440753102283	-0.140510999533111	0.217295719401935	-0.64663491724476	0.517868253897299	0.70866182112262
PA14_RS18975	99.0162208567789	0.17234337905776	0.266862280173279	0.645813934235494	0.518399862782545	0.709188610018781
PA14_RS05590	37.8689983518128	0.258503733921984	0.400476949348578	0.645489670110778	0.518609910326193	0.709275318534352
PA14_RS02295	15.964634021	-0.42219067393685	0.654624225430363	-0.644935915195154	0.518968716043395	0.709364813676048
PA14_RS03365	859.292051574264	0.089953980715401	0.139431248023085	0.645149362074906	0.518830397869626	0.709364813676048
PA14_RS08745	261.360609504674	-0.118343971467051	0.18398246472034	-0.643235058552662	0.520071587894198	0.710671432341436
PA14_RS06610	68.699163249158	0.188678606837415	0.293533328679641	0.642784271503753	0.52036409032596	0.710870265767329
PA14_RS11440	215.60131835714	-0.126459958673132	0.197234896604476	-0.641164220177165	0.52141599337223	0.711905066049719
PA14_RS12925	28.3403018407461	-0.302490927239366	0.471777225272891	-0.641173229725948	0.521410140427125	0.711905066049719
PA14_RS11260	101.102759188841	0.201164608093415	0.314307320508459	0.640025207710685	0.522156211366903	0.712714490028322
PA14_RS15145	33.6116348079737	-0.273815332480799	0.427977708334985	-0.639788772050901	0.522309933138029	0.712723148040494
PA14_RS02200	43.4706547000185	-0.263229888907858	0.412165673842846	-0.638650682512258	0.523050202392834	0.712887875759104
PA14_RS09955	45.886668936604	-0.2796097749469	0.43786191193971	-0.638579806378317	0.523096321516456	0.712887875759104
PA14_RS12895	39.7458978429452	-0.236388340711478	0.369890226542302	-0.639077011904894	0.522772833765834	0.712887875759104
PA14_RS14190	33.3468439561489	-0.266844357901289	0.41809171814738	-0.63824358703806	0.523315127986936	0.712887875759104
PA14_RS16735	76.6876878397382	-0.181346612581159	0.283748665668196	-0.639110010100341	0.522751368388813	0.712887875759104
PA14_RS20295	36.0454491831163	0.275489108497839	0.431557916962617	0.63835952874363	0.523239669570093	0.712887875759104
PA14_RS21145	11.1638531565131	-0.459308780095352	0.720143655680019	-0.637801605933242	0.523602834053741	0.713078937055447
PA14_RS08315	17.9854189154812	0.376255881533509	0.590983365887855	0.636660696817155	0.524345879745272	0.713889829518057
PA14_RS09890	11.0068662583727	-0.48556398711906	0.763166644823711	-0.636248963987707	0.524614163695225	0.713983467287381
PA14_RS11660	68.3329595197738	-0.192417237504469	0.30303369761167	-0.634969770758125	0.52544813070219	0.713983467287381
PA14_RS12670	37.6376708675852	-0.241239344186261	0.379841987708548	-0.635104469733777	0.525360282086786	0.713983467287381
PA14_RS16110	31.2211616744141	-0.27147850976071	0.426893048615366	-0.635940338314841	0.524815309405113	0.713983467287381
PA14_RS17705	12.5157958221221	0.456751196540829	0.719275678735037	0.635015488559407	0.525418313407786	0.713983467287381
PA14_RS24730	36.5631192919699	0.242938692819674	0.382395355932099	0.635307644433871	0.525227788866112	0.713983467287381
PA14_RS29070	20.4437474934756	0.343984285394907	0.540978996087807	0.635855158670661	0.524870831894959	0.713983467287381
PA14_RS07250	87.5875246663061	0.174840878754544	0.275664276710746	0.634252942894028	0.525915761261629	0.714418152095854
PA14_RS21230	172.778008866696	0.174374656010576	0.276020357550482	0.631745634843925	0.527553103151617	0.716441113968328
PA14_RS08350	134.572890186745	0.154572596910799	0.244904543048326	0.631154469357058	0.527939529018849	0.716764616040189
PA14_RS02280	115.782344270658	0.151200941151771	0.24003587011921	0.629909775887577	0.528753616473982	0.717467028414191
PA14_RS06215	46.252892910197	-0.221328758045067	0.351298465838931	-0.630030528361445	0.528674610755907	0.717467028414191
PA14_RS20930	40.007429284425	-0.237370465897615	0.37723459259659	-0.629238332210576	0.529193037067978	0.71786185897917
PA14_RS27715	36.8821548639579	0.261979427989014	0.416910736138445	0.628382541585635	0.529753371102054	0.71842044381647
PA14_RS19820	33.1149937723662	0.293240550334311	0.467637139224689	0.627068566069163	0.530614291015491	0.719386238113516
PA14_RS08375	27.3046136267371	0.274595503833771	0.438174659464624	0.626680475245376	0.53086870484859	0.719529444127741
PA14_RS04630	76.6365314851726	0.190603988968335	0.304483298481042	0.625991605842391	0.531320447166796	0.719738286414181
PA14_RS24760	34.524365124022	0.255135719072159	0.407483547996592	0.626125202665343	0.531232822673328	0.719738286414181
PA14_RS24800	63.3922582031397	-0.185012431381215	0.295707730928237	-0.625659771560434	0.531538124847937	0.719831523876959
PA14_RS17565	17.1109612915587	-0.355433138512087	0.568463561531562	-0.625252280998406	0.531805493598676	0.719850996887025
PA14_RS20865	189.84783975117	0.129850247610392	0.207699202656175	0.625184141054918	0.53185020923849	0.719850996887025
PA14_RS25335	53.7598638435038	-0.240241674568412	0.38612928257488	-0.622179372065167	0.53382392835727	0.722320234341286
PA14_RS11165	133.961473565737	0.145279049532259	0.234058524371067	0.620695400531277	0.534800056254446	0.723236317686382
PA14_RS18920	52.6442643496287	0.229534971663291	0.369767881642071	0.62075421652083	0.534761351101106	0.723236317686382
PA14_RS10725	67.7125020638261	0.210064267319869	0.339100021685943	0.619475829802275	0.535602939847584	0.723917221101989
PA14_RS21700	27.0198650828179	-0.282527494164243	0.45598768838405	-0.619594566610946	0.53552474481935	0.723917221101989
PA14_RS01155	15.1664307356869	-0.380869807749174	0.615455964285056	-0.618841687872196	0.536020656211326	0.724279377881524
PA14_RS30945	44.6898197707054	-0.228893887231871	0.370196903634538	-0.618303084073974	0.536375569312445	0.724354161741129
PA14_RS25315	131.120820766099	0.165429943739818	0.267500516397795	0.618428502372722	0.536292914333777	0.724354161741129
PA14_RS22315	47.8559222884936	-0.235690850910641	0.381451307324995	-0.617879258465443	0.536654932411142	0.724529104729281
PA14_RS01605	267.466356499621	-0.106885011584294	0.173177571884777	-0.617198927211019	0.537103523244616	0.724666635595975
PA14_RS12270	255.447002952288	0.121025791184141	0.196138333764644	0.617043027037062	0.537206345866743	0.724666635595975
PA14_RS21665	226.264574022877	0.118800288526601	0.19253111927543	0.61704460543154	0.537205304800638	0.724666635595975
PA14_RS07735	61.3285660785007	0.213811613333424	0.346983286257776	0.616201476559254	0.53776155403741	0.725213294847996
PA14_RS01200	69.3146497354176	0.211508254230347	0.343912612734775	0.615005807866262	0.538550884895762	0.726075293938083
PA14_RS07780	43.824170967246	-0.228137173642534	0.371392292765648	-0.614275465825269	0.539033312106588	0.726118411517398
PA14_RS11505	51.9936396029471	0.221311293426029	0.360044922723722	0.614676890183093	0.538768124566746	0.726118411517398
PA14_RS29190	19.2866731484728	-0.33493007980591	0.54522978380692	-0.614291606499101	0.539022648049597	0.726118411517398
PA14_RS07260	115.267538232145	-0.142987781087896	0.23312625316768	-0.61334911510395	0.539645524195368	0.726740672517071
PA14_RS02460	20.4021962235688	0.348647064851322	0.569592276963585	0.612099354137857	0.54047202484044	0.726841688578523
PA14_RS11485	91.3762774307624	-0.160640799143728	0.262117649013262	-0.612857622325158	0.539970486119193	0.726841688578523
PA14_RS13300	14.589776591392	-0.355521563213013	0.580480602136343	-0.612460712562292	0.540232983728034	0.726841688578523
PA14_RS19330	19.7741971207861	0.30797359594089	0.503133740153308	0.612110799500444	0.540464452842446	0.726841688578523
PA14_RS22185	13.9447192042067	0.420821600258032	0.687043927991567	0.612510471474827	0.540200072004225	0.726841688578523
PA14_RS09430	161.585614990088	-0.148767445563654	0.243419324090642	-0.611157089189259	0.541095588325401	0.727477971960423
PA14_RS16530	33.8780121634782	-0.244353841050739	0.400353956327285	-0.610344514370135	0.541633615115266	0.727998933490113
PA14_RS31720	45.2501967742939	0.237793364639695	0.390223799309004	0.609376888495195	0.542274653350834	0.728658022674253
PA14_RS23520	452.805611174176	-0.102966109323303	0.169157605565172	-0.608699259955136	0.542723797647339	0.729058968172925
PA14_RS10000	365.838044541718	-0.108354978645639	0.1781988629622	-0.608056509701877	0.543149995231492	0.729226367834397
PA14_RS29785	55.4438792517319	0.200062919667951	0.328916599307931	0.608248170171101	0.543022890751007	0.729226367834397
PA14_RS16615	58.124099128151	0.195240651433386	0.32145848691262	0.607358832888604	0.543612802316863	0.729318777128398
PA14_RS27025	152.269777098775	-0.127441718153235	0.209779826782211	-0.607502256570847	0.543517645543616	0.729318777128398
PA14_RS27225	652.441089364137	0.0968651248902536	0.159508962128286	0.607270736376239	0.543671255489635	0.729318777128398
PA14_RS04315	560.267742005303	-0.0948514311027901	0.156508032819273	-0.60604832476758	0.544482663992501	0.729597717669087
PA14_RS22180	29.7129923672069	0.253923776278061	0.418837836723246	0.606257969109522	0.5443434641923	0.729597717669087
PA14_RS22495	326.698933589823	0.104953826230201	0.173011194947956	0.606630260323749	0.544096313610564	0.729597717669087
PA14_RS29075	11.3558312545155	0.429134750940094	0.70795537517353	0.606160735533517	0.544408023212137	0.729597717669087
PA14_RS01650	162.946975213656	0.14154444152631	0.234390347666536	0.603883406187373	0.545921161868971	0.730904882365156
PA14_RS02220	98.8313016843642	-0.195780241380368	0.324074599911068	-0.604120907451847	0.545763260231627	0.730904882365156
PA14_RS09275	30.0503226076709	-0.293465547704599	0.486202220713185	-0.60358742762246	0.546117973572911	0.730904882365156
PA14_RS19115	10.2561531911743	0.413708379522798	0.685579606409582	0.603443240806727	0.546213863702993	0.730904882365156
PA14_RS21075	164.085511613757	0.122406260726364	0.202809844149476	0.603551870175233	0.546141619954552	0.730904882365156
PA14_RS00285	12.634908759185	0.394488978290168	0.65536510792688	0.601937719171619	0.547215595319946	0.731435770858833
PA14_RS01600	581.77198611001	0.0821045278880343	0.136396718415512	0.601953836146669	0.547204866727644	0.731435770858833
PA14_RS02340	15.2193703284358	0.352896979768621	0.586145611474831	0.602063673019198	0.547131754350908	0.731435770858833
PA14_RS19950	19.3782240182169	-0.397254675896364	0.659907883158328	-0.60198504372322	0.54718409306537	0.731435770858833
PA14_RS02855	420.240910241246	0.110642290545564	0.183995837651884	0.601330399413146	0.547619945912188	0.731773986855856
PA14_RS20860	41.3495162720899	0.214133712545643	0.356705374418287	0.600309745528368	0.548299825023083	0.732277811049883
PA14_RS22310	26.8309483358763	-0.26233718904055	0.436882442516204	-0.600475467793192	0.548189405573814	0.732277811049883
PA14_RS15320	77.3748993968331	0.198567613269964	0.331573981315742	0.598863675859046	0.549263795879294	0.733362704823927
PA14_RS06425	99.0478299901277	0.172528280564429	0.288385659319307	0.598255408995222	0.549669524932822	0.733657319559644
PA14_RS20605	795.43064573828	0.0859436946777895	0.143699801711972	0.598078032494802	0.549787867263059	0.733657319559644
PA14_RS15740	24.46840717947	-0.286197467428622	0.479461639423359	-0.596914213560082	0.550564657123865	0.734491222579589
PA14_RS25350	106.439655724072	-0.152853087047508	0.256476967179756	-0.595971984261568	0.551193942656115	0.735127938964416
PA14_RS26685	1671.07855412397	-0.0687848026107184	0.11552926754041	-0.595388545908149	0.551583780140501	0.735445040187335
PA14_RS12385	15.9230316337933	0.349199284904138	0.586980050501536	0.594908267505463	0.551904790620159	0.735670222557632
PA14_RS05870	458.743775985314	-0.0951355896765542	0.160371286240454	-0.593220843374117	0.553033365203885	0.736881501468547
PA14_RS17980	117.698809938943	-0.138024741672303	0.232719843233937	-0.593093995571133	0.553118248620932	0.736881501468547
PA14_RS19290	25.169790197069	-0.269630349966921	0.454961096427374	-0.592644848283116	0.553418858227805	0.737078930980353
PA14_RS17315	17.4635017289949	-0.369106749067347	0.623286438209015	-0.592194417269785	0.553720407390427	0.737277502791879
PA14_RS12675	27.813161374008	0.275108912091832	0.465301117219376	0.591249197371101	0.554353463381648	0.737609243311892
PA14_RS15150	22.6453872583922	-0.281675486088202	0.476294498374342	-0.591389333804188	0.554259585399198	0.737609243311892
PA14_RS17590	21.5030766920603	-0.298855431041801	0.505558438400054	-0.591139239981024	0.554427129743327	0.737609243311892
PA14_RS10110	21.1300708632706	-0.285189893469308	0.483274584097952	-0.590119784597454	0.555110345588487	0.73831508010614
PA14_RS02920	49.7005818901102	0.201861687924203	0.342551376461399	0.589288795185881	0.555667560000601	0.738693329692845
PA14_RS10035	65.839821574646	0.199921716343157	0.339287369034643	0.589240079617419	0.555700234371912	0.738693329692845
PA14_RS16425	39.4194004466845	-0.212479203512971	0.361265274858607	-0.588152856916934	0.556429697331558	0.739459746165269
PA14_RS03170	176.904206896548	0.136454752781936	0.232326485670933	0.587340493650003	0.556975050262831	0.739981138206333
PA14_RS28515	1027.67812122678	0.0985712881090527	0.167928014783341	0.586985371298698	0.55721353155577	0.740094654930981
PA14_RS07220	341.684040490839	0.0986710941852227	0.16816514367625	0.586751166312941	0.557370838381593	0.740100322463862
PA14_RS05660	112.780821833434	0.141742349281508	0.241761730117089	0.586289439659704	0.557681026412509	0.740105774898708
PA14_RS21810	508.314355043678	-0.11422825993306	0.194821457578135	-0.586322786786706	0.557658620993718	0.740105774898708
PA14_RS14115	24.1181376268908	-0.305157522006961	0.521149925068812	-0.585546514214058	0.558180300087234	0.740362021728433
PA14_RS15490	557.489350539416	-0.0862865709017106	0.147314085101147	-0.585731981042176	0.558055639090855	0.740362021728433
PA14_RS01460	31.2531913512659	0.243621084318222	0.416629798836398	0.58474234199913	0.558720978717186	0.740875967391366
PA14_RS09230	133.828412428611	0.129360305290741	0.221620002697326	0.583703202401872	0.559420012333676	0.741599555823919
PA14_RS15920	11.8019492810217	0.393632977985491	0.675182372718398	0.583002450731434	0.559891650430539	0.7419820514065
PA14_RS23070	52.3216770417297	0.194457647231755	0.333769152234067	0.582611202773424	0.560155062146273	0.7419820514065
PA14_RS27490	11.6475345720394	0.388273993561193	0.666460961420143	0.582590753303586	0.560168831613965	0.7419820514065
PA14_RS01955	28.6991136985001	-0.275665159582967	0.474879136739652	-0.580495410844081	0.561580580602778	0.741997043391674
PA14_RS05125	11.6136607326922	-0.395313874967701	0.680594277536525	-0.580836319104205	0.561350774567105	0.741997043391674
PA14_RS07550	11.0432265979939	0.422719994471979	0.728454780408502	0.58029682259059	0.561714469780173	0.741997043391674
PA14_RS15905	48.6143944760098	-0.202780817025103	0.349319091165966	-0.58050310490691	0.561575393538313	0.741997043391674
PA14_RS17660	33.5343698888011	-0.292683634907236	0.503596141181013	-0.581187207314272	0.561114288571172	0.741997043391674
PA14_RS17845	701.592500490091	0.0894533634840378	0.15397563296079	0.580957920184795	0.561268814366491	0.741997043391674
PA14_RS21020	151.534031563839	0.156072599566988	0.268726066437408	0.580786976254651	0.561384033733997	0.741997043391674
PA14_RS24825	24.3492458710865	0.304882469916972	0.524127388269831	0.581695360212721	0.560771897337792	0.741997043391674
PA14_RS25160	104.407828527553	0.166104562564684	0.285459033171723	0.581885816395799	0.560643594850232	0.741997043391674
PA14_RS25695	1975.69286459107	0.0814516496654582	0.140255344997679	0.580738293195216	0.561416849108564	0.741997043391674
PA14_RS01775	22.846677416926	0.326717797186435	0.563492817831417	0.579808272346393	0.562043918424395	0.742196346106981
PA14_RS03430	231.319137403678	-0.138852523385988	0.239558706800615	-0.579617936832308	0.562172294414779	0.742196346106981
PA14_RS02745	129.604775422467	0.169407914157876	0.292585048827506	0.57900400186802	0.562586472914024	0.74254044296185
PA14_RS00525	46.1104138702155	0.203160559088775	0.351383162790527	0.578173858631601	0.563146745997006	0.743077125140934
PA14_RS24275	13.7838284113461	0.34118191022841	0.59089684364727	0.577396738358744	0.563671477041292	0.743566629288513
PA14_RS08280	108.014699599133	-0.157308509196594	0.272761941178478	-0.576724555181477	0.564125541890892	0.743962672643675
PA14_RS18370	14.7588520706895	-0.358053790697954	0.621341159562316	-0.576259572036358	0.564439744569048	0.744174101618297
PA14_RS05535	10.7115462380401	0.387299636256454	0.67345600171323	0.575092708760762	0.565228598811463	0.745011039480031
PA14_RS11045	20.2836069070122	0.322818522718612	0.561699865175892	0.574717109140705	0.565482634446353	0.745142784790889
PA14_RS27440	21.2581298189974	0.294344580040357	0.512662129245426	0.574149255911676	0.565866804338992	0.745445890978852
PA14_RS01375	238.140935030856	-0.101640462860142	0.177183015356614	-0.57364676098085	0.566206861842143	0.745591070230954
PA14_RS02240	613.522223861248	-0.0842103563359296	0.147013467197148	-0.572807089999463	0.566775318004905	0.745591070230954
PA14_RS08595	75.4778287038398	-0.156262148704407	0.272889817175804	-0.572619932548595	0.566902060636728	0.745591070230954
PA14_RS13440	14.88757333497	0.338193308247283	0.590371783570875	0.572848021634291	0.566747600998492	0.745591070230954
PA14_RS21740	47.734091584406	-0.202162670287987	0.352502959874246	-0.573506305762959	0.566301930783897	0.745591070230954
PA14_RS24235	537.759312421234	0.0822524274744928	0.143612341259243	0.572739269851567	0.566821244096817	0.745591070230954
PA14_RS05655	14.7727277351708	0.342135870625821	0.597941315217551	0.572189714807281	0.567193454681447	0.745716941797551
PA14_RS13710	48.8710030866931	0.199625811000221	0.348981938179061	0.572023331757055	0.567306168087922	0.745716941797551
PA14_RS08005	12.6412513707389	0.415998433143426	0.727761428226669	0.571613741823451	0.567583683624809	0.745878992937385
PA14_RS03175	315.144081460974	-0.0990666605820762	0.173860164645283	-0.569806549902885	0.568808912588629	0.746331601459983
PA14_RS03960	36.4399605514675	0.22513611031665	0.39456467652616	0.570593678833092	0.568275104385307	0.746331601459983
PA14_RS04815	125.322898088031	-0.162958584259929	0.285788501756228	-0.570206930154697	0.568537356277299	0.746331601459983
PA14_RS12485	78.1276199830687	0.155876285618081	0.273591974204356	0.56973997892808	0.568854070095429	0.746331601459983
PA14_RS20255	55.5358920293657	0.184815299741938	0.324279979591077	0.569925099831921	0.568728500113158	0.746331601459983
PA14_RS21200	77.0926339636565	0.170885986811472	0.299859217009462	0.569887390875432	0.568754077527811	0.746331601459983
PA14_RS10355	51.2960015787669	0.201564729767617	0.354510656524536	0.568571708799016	0.569646828752085	0.747168989380278
PA14_RS09800	10.6895245773859	-0.415156961175177	0.73124372897843	-0.567740884089583	0.570210926005958	0.747706084101088
PA14_RS06665	393.084920324895	0.120870080324496	0.213306978206094	0.56664850508413	0.570953013292818	0.748273380022782
PA14_RS11070	11.7252863884325	0.452825669478734	0.799026889694237	0.566721439940546	0.570903452037631	0.748273380022782
PA14_RS02835	22.7704493118861	0.2674615459819	0.47222733368932	0.56638302550666	0.571133431315366	0.748307037074265
PA14_RS25480	105.183290857921	0.176679477194324	0.312709575767855	0.564995417107038	0.572076881357292	0.74934014036941
PA14_RS25700	393.446600831858	-0.114293071605583	0.20256133973105	-0.564239315149352	0.572591274826968	0.749810832673495
PA14_RS09860	47.1781483263494	-0.204142528826954	0.361984003899555	-0.563954557736759	0.572785058723373	0.749861544121883
PA14_RS17585	83.1487881743443	0.163368379347847	0.289804942697573	0.563718402547505	0.572945791309462	0.749868970709759
PA14_RS02035	123.009511369113	-0.167340552415226	0.297307043835019	-0.562854314706671	0.573534091471013	0.750232855383775
PA14_RS28910	45.9435510555683	0.200762538373827	0.356618729579394	0.562961285321756	0.573461246738599	0.750232855383775
PA14_RS11270	32.3173259409642	-0.226203836088596	0.403189103045894	-0.561036581543843	0.574772599459037	0.751649618978881
PA14_RS05815	56.968551611903	0.196496888535475	0.350551643190255	0.560536207296651	0.575113750141229	0.751892429219515
PA14_RS26765	187.034622985163	0.111292551993317	0.198766549757984	0.559915901990678	0.575536801592572	0.752242154730183
PA14_RS13775	159.826731527361	-0.130152174890041	0.232956796812176	-0.55869661959242	0.576368786769633	0.75312603426586
PA14_RS24130	43.7004837292986	0.228413642582754	0.40942028580356	0.557895274129985	0.576915898799811	0.753637300539137
PA14_RS22240	41.9962051296852	0.261348840198931	0.468726653486509	0.557571962795269	0.577136706236243	0.753722147274769
PA14_RS17095	31.1856526983791	-0.268515959163998	0.481993486121135	-0.557094580934886	0.577462809851586	0.753944424525451
PA14_RS05765	30.1398175557902	0.262273055429054	0.472023426644561	0.555635675316912	0.578459938069207	0.754847547170818
PA14_RS22270	13.033060612542	-0.352059984727469	0.633627889419437	-0.55562577122362	0.57846671005274	0.754847547170818
PA14_RS27315	93.0765641437888	0.158385704238094	0.285298556299857	0.555157748753646	0.578786765721341	0.755061451046238
PA14_RS01715	12.6149292878882	-0.379703476338352	0.684895586441913	-0.554396150091931	0.57930776029429	0.755524494318286
PA14_RS28615	128.962492832313	0.137243260253953	0.247650074319777	0.554182188844162	0.579454166548081	0.755524494318286
PA14_RS15410	9.9881370210175	0.414394633742681	0.748465051356626	0.553659296438187	0.579812036716681	0.755583672746395
PA14_RS21675	78.2759613801156	0.161334694972051	0.291373164988632	0.553704713947645	0.579780948636635	0.755583672746395
PA14_RS20495	69.1736731586326	-0.174075169266193	0.315188562143338	-0.552288979277838	0.580750380032524	0.756602596400131
PA14_RS15865	18.1974400750196	0.342168815278947	0.619914693036252	0.551961131301879	0.580974983755661	0.756691360474651
PA14_RS06115	19.8046109937686	0.27948095073736	0.50791251968895	0.550254108539235	0.582145095833277	0.75739943057566
PA14_RS07845	295.547422487002	-0.0966128364367511	0.175545016589638	-0.550359322717759	0.582072942897488	0.75739943057566
PA14_RS16490	280.559789010106	0.0986119343814749	0.179138978668179	0.550477261367751	0.581992068842106	0.75739943057566
PA14_RS21805	26.857764515366	-0.23786269405954	0.431767457978572	-0.55090463550253	0.581699049621804	0.75739943057566
PA14_RS09810	53.5033088915055	-0.192272594226541	0.350242409286141	-0.548970053679188	0.583026001098143	0.758341511917864
PA14_RS28645	10.4815287822952	0.429423732349019	0.78257250853174	0.548733475387095	0.583188369642072	0.758348737722254
PA14_RS09580	33.0158473895589	-0.219250245790068	0.40028780266083	-0.547731518004416	0.583876267201981	0.758835159416495
PA14_RS10740	13.1396950764837	-0.402912625660991	0.735590326932398	-0.547740516574275	0.583870087519231	0.758835159416495
PA14_RS04900	32.9777691383518	-0.215481916392102	0.393585895869142	-0.547483836828707	0.584046371862658	0.758852298314835
PA14_RS01815	163.593023607145	0.113749771373566	0.207969035007484	0.546955326159361	0.584409424197539	0.759120057861752
PA14_RS21205	36.4731501138123	0.227401243761685	0.416738561435072	0.545668831265844	0.585293600798682	0.759860363345618
PA14_RS27825	274.163135701668	-0.0975022054938976	0.178652911466678	-0.545763316664914	0.585228642146594	0.759860363345618
PA14_RS19880	23.4871154148672	-0.281250059154101	0.51566989077536	-0.545407176539266	0.585473505736052	0.759889928539868
PA14_RS08130	892.428672974713	0.0860920321303826	0.158101115537744	0.544537790499203	0.586071450500635	0.760257922376897
PA14_RS10840	81.0587177422391	0.155085614399932	0.284728869804462	0.544678221447784	0.585974845973441	0.760257922376897
PA14_RS00270	17.113732549803	-0.366731852974521	0.67436491424753	-0.543818109789605	0.586566645422308	0.760696244908094
PA14_RS12475	38.5159334348038	-0.204871843386974	0.378055990971114	-0.54190873383786	0.587881379804742	0.762196877409043
PA14_RS00900	187.979721270043	-0.124343849812444	0.229930334722566	-0.540789234976225	0.588652863600606	0.762686912534904
PA14_RS14780	35.8722177402347	-0.223083014742091	0.412332640760748	-0.541026813522464	0.588489101267207	0.762686912534904
PA14_RS28260	162.654327779224	-0.11870252631245	0.219545569018433	-0.540673750980981	0.588732474047311	0.762686912534904
PA14_RS20235	15.8935736128225	0.384723824644305	0.712311266405411	0.540106331022623	0.58912370483532	0.762812906512386
PA14_RS27950	15.6213989909368	-0.32184650522183	0.59592910766048	-0.540075155055518	0.589145203851067	0.762812906512386
PA14_RS22235	17.5090701892063	0.299673628785691	0.555478318724124	0.539487534768252	0.589550495794882	0.763133350552476
PA14_RS08445	33.8468184543726	-0.213213051535419	0.395566939016889	-0.539006247754987	0.589882543559855	0.763245577782364
PA14_RS20430	99.6835743350527	-0.143722599700969	0.266694073882075	-0.538904361873896	0.589952847342944	0.763245577782364
PA14_RS03940	23.1001849554578	-0.265837308704823	0.493708812580983	-0.538449592007672	0.590266696883533	0.763447377942971
PA14_RS05505	41.5686054063569	-0.189789053583453	0.352987395444177	-0.537665242535458	0.590808179202205	0.763943410326702
PA14_RS28090	41.6999329259598	0.206258360076328	0.384727670160181	0.536115221425203	0.591878920880744	0.7651233524136
PA14_RS25575	176.885172845203	-0.105998925877609	0.197806338204385	-0.53587224170787	0.59204684999939	0.765135907695631
PA14_RS00630	16.0283190067593	-0.30448020505102	0.568558072250938	-0.535530528738382	0.59228305303865	0.765236666977001
PA14_RS10415	2892.42285753185	-0.0824877218899571	0.154173721291216	-0.535031010467389	0.592628413975793	0.765478368052066
PA14_RS31325	53.2588096343238	0.176840872537951	0.330777560823501	0.534621732192743	0.592911452869399	0.765636588785551
PA14_RS26255	11.1463907561473	-0.403508588205892	0.755074040162207	-0.5343960548812	0.593067547888891	0.765636588785551
PA14_RS05385	54.4231673183596	0.172916212543545	0.324080083190112	0.533560133783689	0.593645896344612	0.765674774923097
PA14_RS31230	10.5733519680916	-0.368827876894367	0.691513480468536	-0.533363249324463	0.593782152282484	0.765674774923097
PA14_RS13820	51.4769122101668	0.176674759643423	0.33133781203566	0.533216413055835	0.593883781165038	0.765674774923097
PA14_RS15290	45.6037881450419	0.198941462204852	0.373219828024986	0.533040978175289	0.594005214261707	0.765674774923097
PA14_RS16790	206.039037246936	0.111863218599248	0.209882394841713	0.532980475487771	0.594047095846042	0.765674774923097
PA14_RS24340	15.9372636483383	-0.311482067808141	0.583942843617184	-0.533411910451187	0.5937484745122	0.765674774923097
PA14_RS26120	20.0028047285879	-0.274569893038214	0.515490573301985	-0.532638048605722	0.594284158374819	0.765776229656441
PA14_RS29015	15.8019633943775	0.313449382851858	0.589577650441342	0.531650720846046	0.594967928547373	0.766453090691288
PA14_RS05890	112.514852778241	-0.124565063313955	0.234525454397983	-0.531136646270268	0.595324091144465	0.766503542272266
PA14_RS23270	55.630969946656	-0.169153926745757	0.318367167733183	-0.53131712026135	0.595199043562662	0.766503542272266
PA14_RS07055	158.031744111799	-0.119845263992814	0.225981578410284	-0.530332006864857	0.5958817589189	0.767017350580729
PA14_RS14565	137.548429272212	-0.114937574688928	0.217032537928796	-0.529586834240666	0.596398424613003	0.767273950898772
PA14_RS19475	23.5673720611324	-0.245085227537243	0.462615291100231	-0.529781942473974	0.596263126536604	0.767273950898772
PA14_RS07485	47.3983292875564	0.202554805328396	0.382699964380779	0.529278349048545	0.596612372625348	0.767345062238346
PA14_RS25890	15.0736480580571	0.310151857257445	0.586322415318132	0.528978338802142	0.596820476399865	0.767408621076774
PA14_RS05770	1073.19833674536	0.066683510723184	0.126239201147223	0.528231406070262	0.597338733890577	0.767571809009176
PA14_RS16470	430.552261484021	0.0893352701826462	0.169160604063681	0.528109193491739	0.597423550270996	0.767571809009176
PA14_RS26960	93.0344077792609	0.162266557419104	0.307142978681107	0.528309512774435	0.597284530161835	0.767571809009176
PA14_RS05115	25.5715056316437	0.235922402959137	0.447140755922097	0.527624466869757	0.597760007828239	0.767596228852194
PA14_RS18565	46.2644279107128	-0.185137952194575	0.350737661764032	-0.527853071904014	0.597601318193052	0.767596228852194
PA14_RS04345	16.8349558951408	0.287310190847045	0.545669427551109	0.526527923941889	0.598521455665714	0.767758556922916
PA14_RS12025	16.7479389337302	-0.357881794062409	0.679503784253829	-0.526681090459861	0.598415069220364	0.767758556922916
PA14_RS14330	16.6019128709054	-0.297656364486183	0.565021910645733	-0.526804994422264	0.598329014248541	0.767758556922916
PA14_RS19605	26.584709475073	-0.24594617307321	0.46689118380776	-0.526774078420974	0.598350485801277	0.767758556922916
PA14_RS00080	342.093831386769	0.0833442414993623	0.158618280861786	0.525439066963444	0.599278001466392	0.768484849563036
PA14_RS07750	52.2999473171813	0.192001335927289	0.365697980467904	0.52502706107818	0.599564379115247	0.768484849563036
PA14_RS25760	756.937281879202	0.0821264796382303	0.156385975411881	0.525152459623888	0.599477210351783	0.768484849563036
PA14_RS01625	89.148171514273	0.135844563383012	0.259733194561891	0.523015795544154	0.600963261245514	0.770073749704109
PA14_RS03135	33.5330227024987	0.230714669868978	0.442012867636075	0.521963695543211	0.601695608134258	0.770807936672125
PA14_RS12740	36.3297334595056	-0.21992684789922	0.42219071798283	-0.520918245076539	0.602423724888133	0.771536317150161
PA14_RS07615	30.4371407427981	0.232749591875027	0.447057520652495	0.520625604363665	0.602627609165813	0.771593094499834
PA14_RS25295	10.9295507116151	-0.355530107743106	0.683880412295348	-0.519871751480379	0.60315296537206	0.772061339475723
PA14_RS22465	12.08439832803	-0.343630731349572	0.661657918413732	-0.519348022273196	0.603518070813418	0.772324263152604
PA14_RS02350	58.6786526001881	0.175503009463658	0.338962928072488	0.51776461355717	0.604622510551383	0.773532926197483
PA14_RS10785	44.269273469862	-0.201159839568453	0.388908337195433	-0.517242291638935	0.604987032886898	0.773589976478329
PA14_RS19395	16.3717564534644	0.290417413344018	0.561399540902595	0.517309673743405	0.604940002172015	0.773589976478329
PA14_RS22970	535.674535913597	-0.0823201812828363	0.1593639473923	-0.516554607424426	0.605467109821451	0.773999191936701
PA14_RS24115	15.0835345673238	-0.333375034740433	0.64625257004671	-0.515858737267903	0.605953075039957	0.774415716409416
PA14_RS03760	36.2129507146625	-0.193627952241993	0.377718036025873	-0.512625646048659	0.608213209991435	0.774516862390655
PA14_RS04495	50.3173912276407	0.17106283833	0.333756286586001	0.512538175924129	0.608274409296879	0.774516862390655
PA14_RS04800	15.8508612758056	-0.335555171175566	0.653141152878298	-0.513755977091358	0.607422610086559	0.774516862390655
PA14_RS07860	42.7635317143298	-0.207140326791396	0.402947881226883	-0.514062330246538	0.607208413146227	0.774516862390655
PA14_RS07915	31.9187533883251	-0.252951499843544	0.492531321560729	-0.513574444447498	0.607549550547555	0.774516862390655
PA14_RS09535	47.2369611978648	-0.169529596493854	0.329580051357761	-0.514380636192779	0.606985894746696	0.774516862390655
PA14_RS18825	13.2625374673082	0.318267447544909	0.620150714991377	0.513209837304363	0.60780454539832	0.774516862390655
PA14_RS21150	328.445016563745	-0.0869382723179021	0.169362032502039	-0.51332799349143	0.607721905423044	0.774516862390655
PA14_RS22940	38.7051693243437	-0.206137071979911	0.400035332819762	-0.515297162695344	0.606345381335694	0.774516862390655
PA14_RS23230	121.044559205513	0.115551101899845	0.224545728747726	0.514599420546828	0.606832970112782	0.774516862390655
PA14_RS24680	429.687113356634	-0.0799015270396405	0.155547916493405	-0.513677899652408	0.607477205902136	0.774516862390655
PA14_RS24740	67.0407059752289	0.156676259810697	0.304356030311667	0.514779548314707	0.606707078359811	0.774516862390655
PA14_RS25505	100.867467128792	0.131823743625223	0.256247555614244	0.51443902873232	0.606945078180081	0.774516862390655
PA14_RS27980	27.8737646482558	0.247441152996174	0.482552836616844	0.512775253236458	0.608108542258726	0.774516862390655
PA14_RS13265	26.3276734673063	0.238461431378333	0.465748845491078	0.511995754121309	0.608653981125003	0.774796170760861
PA14_RS02710	3009.87005103641	0.098015508301519	0.192160702312808	0.510070514531973	0.61000206134762	0.776103648691683
PA14_RS05180	65.723703317161	-0.169662587922956	0.33259626232997	-0.510115738326106	0.609970379796885	0.776103648691683
PA14_RS20600	616.326297745439	0.0874787322121448	0.171992518020554	0.508619405186514	0.611019024381357	0.77719305678807
PA14_RS01705	65.851608075597	0.200855421586576	0.396989639314483	0.50594625575975	0.612894379107963	0.777752366539619
PA14_RS02270	690.425870125865	0.0684625880589281	0.135090235616461	0.506791536386853	0.612301095484121	0.777752366539619
PA14_RS06275	20.277677718292	0.260827961861165	0.514383232976111	0.507069331074557	0.612106173047202	0.777752366539619
PA14_RS10775	325.581488157939	0.10071112860553	0.198857212530839	0.506449463531083	0.612541158203797	0.777752366539619
PA14_RS13445	11.6750398464863	-0.348479436498819	0.686932764594654	-0.507297736343163	0.611945926648544	0.777752366539619
PA14_RS16440	107.752896524965	0.129885467665013	0.256363130591552	0.506646440793983	0.612402916789248	0.777752366539619
PA14_RS16495	29.9280117709826	-0.208101143783996	0.410486800072529	-0.506961840788123	0.612181593366811	0.777752366539619
PA14_RS31070	7985.73569746836	-0.281404798094853	0.556213514304725	-0.505929451294639	0.612906176361143	0.777752366539619
PA14_RS28585	55.6894878851891	-0.169865839213627	0.335469211150446	-0.506352993263064	0.61260886742669	0.777752366539619
PA14_RS28195	171.861030675193	-0.107594066600377	0.213300185030797	-0.504425566179619	0.613962355970904	0.778888235434231
PA14_RS22230	23.2202337572975	-0.293385752677053	0.582309379463925	-0.503831404788884	0.614379856935825	0.779213477089339
PA14_RS01135	19.5538674682687	-0.287428875174416	0.571259473504622	-0.503149424220604	0.614859220108447	0.779616987006935
PA14_RS27255	724.724062906244	0.0937125297735348	0.18634093103662	0.502908991879613	0.615028258891988	0.779626909567931
PA14_RS17885	333.177636417319	0.0851450076352719	0.169860743386476	0.501263599450673	0.616185619590911	0.780795920420911
PA14_RS27725	146.953555992019	0.121978177559385	0.243401934709341	0.501138898937042	0.616273372259432	0.780795920420911
PA14_RS01960	65.9001290048542	0.152890354710369	0.305315004168747	0.500762663553431	0.616538165095107	0.780926811524341
PA14_RS18580	31.2410568186033	-0.208246336191161	0.416264783392826	-0.500273730806195	0.616882348392195	0.78115816622798
PA14_RS18915	55.1649716825161	0.164032187099208	0.328201867166653	0.499790535974971	0.617222575215463	0.781361803192104
PA14_RS26535	25.9223021997973	-0.240282427192031	0.480962664085286	-0.499586444301264	0.617366304796739	0.781361803192104
PA14_RS06585	178.954611465142	0.0989675278559423	0.198387741975317	0.49885908711162	0.617878658197494	0.781749108698351
PA14_RS14365	17.9643830474166	-0.273904272668812	0.549244189020123	-0.498693073398682	0.617995625011124	0.781749108698351
PA14_RS09960	118.432179856939	-0.139206453272521	0.279551249224355	-0.497963982127656	0.618509429023775	0.78219445574241
PA14_RS11810	64.8226508707262	0.163234791748374	0.328463378602794	0.496964965904986	0.619213757041585	0.782880452040027
PA14_RS12815	11.4578289547825	0.339141953886061	0.682782886131554	0.49670541071634	0.61939680631973	0.782907202133354
PA14_RS17780	22.1412675046659	-0.24454134429617	0.493921740679955	-0.495101397965441	0.620528547067501	0.784132755060997
PA14_RS12030	11.6614834223765	0.328454811845135	0.663820435788002	0.494794667559814	0.620745068831954	0.784201450593347
PA14_RS25625	213.900936593525	0.10695389503199	0.216476906701729	0.494066072273267	0.621259517793711	0.784646390193363
PA14_RS22820	10.3774102874612	-0.353094796901646	0.715785759469024	-0.493296761259367	0.621802916483155	0.785127651204318
PA14_RS28115	18.4156423387956	0.289071330834907	0.586856346070258	0.492575964749472	0.622312234376393	0.785565639635667
PA14_RS13995	24.1686680066858	-0.237189751797882	0.48204130811238	-0.492052751094489	0.622682052683807	0.785785169652562
PA14_RS19560	92.0602715419393	-0.13030223049486	0.264911828581076	-0.491870186366484	0.622811115648939	0.785785169652562
PA14_RS04925	376.671398442875	-0.0765143141291019	0.155706328199567	-0.491401441507467	0.623142544899078	0.785915010157156
PA14_RS12830	63.5970987003311	-0.163399062553171	0.332608822500831	-0.49126496803242	0.623239053753659	0.785915010157156
PA14_RS08810	66.0336330330992	-0.155311248356571	0.31644032421352	-0.490807386013718	0.623562685576908	0.78611813020071
PA14_RS06730	36.6335708721717	0.197228468849275	0.402985739001991	0.489417986199012	0.624545804908996	0.787152335819626
PA14_RS17800	29.2194002247049	-0.223146276376498	0.456240420901361	-0.489097997796084	0.624772318898546	0.787232656121252
PA14_RS16225	18.6258481683014	-0.277774338212718	0.56914400729646	-0.488056334867158	0.625509938668134	0.787956776087287
PA14_RS04555	156.474271127175	0.103917000784209	0.213478724193841	0.486779191587502	0.626414818006939	0.788540376246341
PA14_RS13430	68.5351309365687	0.143348317582615	0.294523860974218	0.486712068449908	0.626462391550546	0.788540376246341
PA14_RS28080	328.467779392262	0.0791405247951657	0.162555243478006	0.486853103608889	0.626362434638113	0.788540376246341
PA14_RS17990	345.658494126512	0.100879280835962	0.20741504013059	0.486364348373423	0.626708863134204	0.788645345333597
PA14_RS21945	22.6150565491611	0.277849808908661	0.572604694110644	0.485238440701592	0.62750721698265	0.789279184822258
PA14_RS26595	22.5912896922119	-0.230647816492632	0.475372682005368	-0.485193670615737	0.627538971389906	0.789279184822258
PA14_RS09915	49.4009654588175	-0.175737190915874	0.362443458657073	-0.484867878612063	0.627770069044884	0.78936454859622
PA14_RS02795	18.9396112943359	0.262107744802202	0.541638185257323	0.483916666026193	0.628445012055519	0.790007818638027
PA14_RS11535	39.6316388521752	-0.181445613741522	0.375436155970404	-0.483292860466601	0.628887808675717	0.790359002795158
PA14_RS26420	155.06388706018	-0.0982802365777754	0.203819375003289	-0.482192807117525	0.629668986056135	0.791135156291886
PA14_RS07795	29.8572963399517	-0.214650734948925	0.446041261194039	-0.481235153838261	0.630349378822855	0.791578705787413
PA14_RS24655	739.922195855501	0.0707289646489057	0.146970111710953	0.481247267390045	0.630340770436342	0.791578705787413
PA14_RS07595	17.067037431122	0.2549755255658	0.53108596669908	0.480102170935864	0.631154744631665	0.79238430556561
PA14_RS26745	253.993828331496	0.0885468970763702	0.184725736144849	0.479342504863199	0.631694988597846	0.792856725891301
PA14_RS10300	23.6047128676277	0.275882376937844	0.576632725147582	0.478436906034488	0.632339271140095	0.793349659449693
PA14_RS13000	56.5834985222406	0.176149898388907	0.368260712158963	0.478329326406317	0.632415826546437	0.793349659449693
PA14_RS04220	22.4702269056104	0.239886871802216	0.502961989523044	0.476948311799266	0.633398928563166	0.793869731804365
PA14_RS04360	28.7805014876912	0.224694862376662	0.471231700136345	0.476824590348333	0.633487033712375	0.793869731804365
PA14_RS14455	31.7186070118688	-0.203192242922636	0.426094107804723	-0.476871750162191	0.633453449412667	0.793869731804365
PA14_RS21785	139.300535495424	-0.101053614665199	0.21190662814938	-0.476878026646541	0.633448979746045	0.793869731804365
PA14_RS25915	23.9171762886406	-0.244755435615815	0.514575491464879	-0.475645341986755	0.634327066785509	0.794568595869455
PA14_RS25975	33.7437782865143	-0.190009964324636	0.399532758421782	-0.475580438197871	0.634373314444162	0.794568595869455
PA14_RS01100	66.0296769158844	0.157353877884405	0.331533726624897	0.47462404349117	0.635054965752622	0.795010565461994
PA14_RS10340	169.45494941736	0.111538925342228	0.234949807332474	0.474735121550414	0.634975781180413	0.795010565461994
PA14_RS22015	15.9966738245214	0.293295701825657	0.619581434625686	0.473377163088899	0.635944119659288	0.795917640443146
PA14_RS00700	12.2729342952006	0.313825257602257	0.665002913919892	0.471915612748821	0.636987023548452	0.797016622478736
PA14_RS20260	66.0346063155463	-0.151800688827461	0.322329344691048	-0.470949019466289	0.637677141282813	0.797673733896453
PA14_RS13210	19.9173781314276	0.252754141706423	0.537319221352275	0.470398473872412	0.638070354312399	0.797832818093331
PA14_RS27320	45.9969773771009	0.196588138008735	0.417997827526164	0.470308994599811	0.638134272205336	0.797832818093331
PA14_RS27435	29.3276126018486	-0.19764138450065	0.4210493803391	-0.469401912767276	0.63878238141547	0.798436701092068
PA14_RS00345	32.3248011324487	-0.215565532003415	0.460693596630159	-0.467915190443746	0.639845240015202	0.799157992522246
PA14_RS14205	14.4431130343337	-0.310019898165492	0.662575467128934	-0.467901263397009	0.639855199968184	0.799157992522246
PA14_RS14320	10.6089158926208	0.396916489923113	0.847545651159698	0.468312815221234	0.639560905313076	0.799157992522246
PA14_RS10225	130.823666377958	-0.130122303287106	0.279010292986513	-0.466370978268517	0.640949981216313	0.800318644245311
PA14_RS02085	99.6619435003948	0.125824025983265	0.270244718186766	0.465592914553497	0.641506915615173	0.800600630687736
PA14_RS13500	15.649963021079	0.289228781875453	0.621205163671401	0.465593009829594	0.641506847404626	0.800600630687736
PA14_RS03945	44.4605839422952	0.178141044431595	0.383391774365519	0.464644930701509	0.642185750741877	0.800653792702235
PA14_RS04585	25.7304249154269	0.230619146273621	0.496021495526485	0.464937806836049	0.64197599517051	0.800653792702235
PA14_RS17665	31.3050606974341	0.199504337817621	0.429008683983431	0.465035663066732	0.641905917676789	0.800653792702235
PA14_RS27365	343.314334373273	-0.0883830457857814	0.190231179422069	-0.464608620176214	0.642211758042177	0.800653792702235
PA14_RS09190	56.9939238552892	-0.146106137246525	0.314669714094401	-0.464315854695482	0.642421466430996	0.800708817438221
PA14_RS12540	16.8643546328708	0.25795993420958	0.55641603161812	0.463609816308498	0.642927320123995	0.800720195755766
PA14_RS18100	27.2805376557612	-0.229342115984674	0.494257843377992	-0.464013103802747	0.642638357370364	0.800720195755766
PA14_RS25875	30.3521346521459	0.187926291255332	0.405173223995416	0.463817153073911	0.64277875284611	0.800720195755766
PA14_RS10375	80.3874397770167	0.125531692813245	0.271925452916805	0.461640098294333	0.644339434286201	0.801068964879329
PA14_RS14080	13.0657270649054	-0.319848205292442	0.691463996515863	-0.462566680122303	0.643674996526214	0.801068964879329
PA14_RS15735	55.9544904760462	-0.156272407320776	0.338866720053967	-0.461161861205754	0.644682482093911	0.801068964879329
PA14_RS16620	125.602732507212	0.103931634248903	0.224490398339128	0.462966946550195	0.643388059584752	0.801068964879329
PA14_RS17530	38.8820814539069	0.170891368245996	0.370532015562491	0.461205404846251	0.644651244348869	0.801068964879329
PA14_RS18545	178.398081846944	0.0904884356590598	0.196325994800174	0.460909090266733	0.644863829668161	0.801068964879329
PA14_RS20960	316.031145641582	0.0781927375876029	0.169340498568048	0.461748596755088	0.64426161698414	0.801068964879329
PA14_RS24270	15.673643600618	0.266896782228354	0.579046506138839	0.460924605189414	0.644852698058356	0.801068964879329
PA14_RS24985	31.1769263481445	0.199634721665922	0.432860584145903	0.461198660672305	0.644656082506545	0.801068964879329
PA14_RS29210	365.779843307742	-0.0843547965732779	0.182897754164198	-0.461212861572634	0.6446458950355	0.801068964879329
PA14_RS15855	80.1652756361614	0.128524435689044	0.279289269636617	0.460183937092415	0.645384199613475	0.801509499057721
PA14_RS16935	10.0822566559491	-0.324903859793899	0.706445652405829	-0.459913453621557	0.645578343047095	0.80154476687439
PA14_RS09195	176.95323107238	0.0909919049008286	0.198218055413212	0.459049528617077	0.646198599463352	0.802108939169602
PA14_RS17410	63.0977605007771	0.151355268386937	0.330368663042791	0.458140511853973	0.646851495207076	0.802713325845886
PA14_RS07475	130.462070033134	0.115227779567088	0.251671824810695	0.457849342705569	0.647060683199332	0.80276692251205
PA14_RS07465	14.5735050107206	-0.270329074166549	0.591655707445898	-0.456902672896583	0.647741002721537	0.80312431799042
PA14_RS11640	39.1716409177384	0.187434094104301	0.410004994420788	0.457150758295244	0.64756268891213	0.80312431799042
PA14_RS16865	13505.9142615527	0.0486997964668874	0.106621207791329	0.456755250439469	0.64784697363123	0.80312431799042
PA14_RS04980	168.445656616904	-0.0925748410168754	0.204219748093347	-0.453309936385585	0.650325578842567	0.805990389359982
PA14_RS18560	34.0368323541775	-0.20328397460187	0.44986551640259	-0.451877210388245	0.651357443001505	0.806855685029528
PA14_RS19840	74.4006749040278	-0.128347701181667	0.283937301746805	-0.4520283189002	0.651248581527116	0.806855685029528
PA14_RS19220	14.429277614667	0.273283987355536	0.605741411651651	0.451156189916724	0.651876982321053	0.807292467734856
PA14_RS13420	180.216482876579	-0.0912884452466055	0.20255772067085	-0.450678675412952	0.652221153762008	0.807396366195162
PA14_RS17415	18.9851372050161	0.253544348166462	0.562710959574644	0.450576523972658	0.652294789645264	0.807396366195162
PA14_RS04615	318.033401987958	0.0753942460971906	0.16788161649334	0.449091733043812	0.65336548379498	0.807894523045902
PA14_RS22290	14.7651666298203	-0.262868262304627	0.584953309791676	-0.449383323257448	0.653155159436178	0.807894523045902
PA14_RS28420	37.1223613706028	-0.17462510154117	0.388742401501191	-0.449205182832711	0.653283649056539	0.807894523045902
PA14_RS28880	15.3157677722674	0.286562527035798	0.637139927446298	0.449763881827907	0.652880703554323	0.807894523045902
PA14_RS23435	54.3279199946718	0.144381485130942	0.321817067522156	0.448644586325435	0.653688064740339	0.808086779418272
PA14_RS22855	54.4387769020856	-0.160181117535459	0.357230146462895	-0.448397536214366	0.653866319590534	0.808100567733152
PA14_RS26905	62.3522318401383	-0.142874245229926	0.319234638490329	-0.447552452032096	0.654476225118065	0.808519433185688
PA14_RS27525	193.830196251502	0.0846886687724344	0.189263378231867	0.447464636654018	0.654539615575263	0.808519433185688
PA14_RS23640	802.304741619396	0.0623074637245978	0.139511928962073	0.446610294819567	0.65515646118383	0.809074730920583
PA14_RS02715	47.2521121776944	-0.151943560311716	0.341030813730219	-0.44554202785885	0.655928094601686	0.809264322000631
PA14_RS05860	312.688711122747	-0.0835025638702372	0.187383896785103	-0.445622944675979	0.655869633684478	0.809264322000631
PA14_RS11135	18.9300638219104	-0.270204880304824	0.605921949401371	-0.445940076228922	0.655640532273604	0.809264322000631
PA14_RS21655	519.269739440304	0.0900432854082758	0.202130482576108	0.445471085116377	0.655979351166765	0.809264322000631
PA14_RS22250	21.1922549910522	-0.240686402666894	0.541357636553946	-0.444597778649622	0.656610453069444	0.809836304780369
PA14_RS09685	192.176414188054	-0.0904825805144567	0.204305666496678	-0.442878467670539	0.657853642755707	0.810974859693515
PA14_RS19850	28.6728876718891	-0.240468103918022	0.542992338877437	-0.4428572683275	0.657868977373379	0.810974859693515
PA14_RS06195	28.173075906635	-0.227467647588582	0.514197801565868	-0.44237382364507	0.658218717812345	0.811199214918578
PA14_RS02975	24.3262796355809	0.203175274278851	0.459564989265412	0.442103465287063	0.658414336925126	0.811233562642015
PA14_RS08360	53.1678220504976	-0.156671730435341	0.355132773664083	-0.441163818306263	0.659094404884441	0.811864631182159
PA14_RS00770	10.7815003829624	0.320113898535288	0.726764184085464	0.440464603987205	0.65960064310489	0.812074518853169
PA14_RS00985	37.4261846598073	0.201397873935372	0.457019085596141	0.440677162689312	0.659446731954616	0.812074518853169
PA14_RS18415	52.6941276062202	-0.163543716959817	0.371550277773937	-0.440165777669859	0.65981704394667	0.812134187967955
PA14_RS05695	72.1397448415478	0.14307126440964	0.325259731070871	0.4398677448899	0.660032898485522	0.81219315447226
PA14_RS11130	114.468059167616	-0.10694397878923	0.243536751545824	-0.439128706901174	0.660568279467292	0.812485759155859
PA14_RS14575	59.6000617201656	-0.14763270391948	0.336235211421915	-0.439075679477921	0.660606700785947	0.812485759155859
PA14_RS01495	29.7195628850904	0.199108890511801	0.454047865852356	0.438519604399034	0.661009661982471	0.81256805423163
PA14_RS09820	17.6822518747632	0.254632143312448	0.580427762828065	0.438697387719333	0.660880820162914	0.81256805423163
PA14_RS27670	112.668570210081	-0.109674568472752	0.25062443759269	-0.437605245227495	0.661672468246339	0.813176126159923
PA14_RS09180	78.9456807952276	0.129771464959224	0.297637275375611	0.43600541899685	0.662832797877424	0.813980157053838
PA14_RS31650	27.2711673291203	-0.21350121848335	0.48957380098736	-0.436096086131991	0.66276701671827	0.813980157053838
PA14_RS22050	910.068169777733	-0.0570798011486637	0.130984563152812	-0.435775023977995	0.662999966632562	0.813980157053838
PA14_RS23620	663.140808999751	-0.059060725107691	0.135455350828583	-0.436016183535132	0.662824987813277	0.813980157053838
PA14_RS17970	39.5801200543356	0.176884445418332	0.406602472524233	0.435030422516157	0.663540345223166	0.814436829822139
PA14_RS06460	93.4583746939107	-0.126769851331479	0.29202705997656	-0.434103097643261	0.664213576178866	0.815056293935802
PA14_RS04830	53.0074219836434	0.148357652468084	0.342983719356169	0.432550130211935	0.66534162582096	0.816037154992268
PA14_RS24040	10.2110970682326	0.316684029562013	0.732152972789659	0.432538064218163	0.665350393328063	0.816037154992268
PA14_RS08475	48.9897373992816	0.151301153057677	0.35017470908463	0.432073331204255	0.665688116860347	0.816244354243569
PA14_RS01240	17.732595334294	-0.251574167263206	0.585253348355608	-0.429855152422546	0.667301010539751	0.816565710265748
PA14_RS30160	36.0700603346795	-0.164717869074992	0.383000080614603	-0.430072674686303	0.667142776473358	0.816565710265748
PA14_RS08565	73.924528312653	-0.125711952523666	0.291542351954206	-0.431196193901229	0.66632572116396	0.816565710265748
PA14_RS08850	13.6258400405948	-0.258852875187127	0.6011153147779	-0.430620995378846	0.666743972596604	0.816565710265748
PA14_RS10790	90.7232143325926	0.122318576884148	0.284268158054103	0.430292923841535	0.666982573842853	0.816565710265748
PA14_RS14085	166.733928149845	-0.127669712189957	0.296683053181506	-0.43032357534709	0.666960280060206	0.816565710265748
PA14_RS20970	29.2696961042116	0.193473493289371	0.449252190035239	0.430656761571258	0.666717962447118	0.816565710265748
PA14_RS25010	108.337673803639	0.10062066969975	0.233714380001019	0.430528364148202	0.666811338413288	0.816565710265748
PA14_RS20240	75.7105128199511	-0.125260098498401	0.292260284923216	-0.428590899825167	0.668220969245878	0.817355103324431
PA14_RS23260	150.902826021461	-0.0968647075665729	0.226053153915279	-0.428504119004136	0.668284135348387	0.817355103324431
PA14_RS01115	15.8576455003566	-0.243491695143498	0.570658946295793	-0.426685144820787	0.669608671940873	0.817543883643576
PA14_RS02130	278.258690065793	0.0716902102109113	0.168577260359296	0.425266195797196	0.670642633311464	0.817543883643576
PA14_RS04120	12.5459035680683	0.280449785588634	0.657816981935117	0.426334061433969	0.669864441578643	0.817543883643576
PA14_RS05685	59.988879316471	0.137553366028552	0.322680808681033	0.426283070848883	0.669901592187493	0.817543883643576
PA14_RS07130	68.5319180457702	0.11881621652153	0.279520341309723	0.425071806813071	0.670784329540017	0.817543883643576
PA14_RS09235	105.489945847727	0.110835145838987	0.260121480618235	0.426089939114461	0.670042311004744	0.817543883643576
PA14_RS16010	17.1417732376529	0.245926601914344	0.576190477233003	0.42681476288074	0.669514252876023	0.817543883643576
PA14_RS16185	10.6682998940036	-0.293739117354841	0.690789790325655	-0.425222146401969	0.670674741271251	0.817543883643576
PA14_RS16820	33.7630854115554	-0.184730259040062	0.4346153327221	-0.42504312464784	0.670805237861396	0.817543883643576
PA14_RS17575	17.8964609697471	0.237344340547116	0.554943657980544	0.42769087840524	0.668876191745665	0.817543883643576
PA14_RS20345	33.1264917061487	-0.190566291655685	0.447811376076333	-0.425550358558113	0.670435519238361	0.817543883643576
PA14_RS20855	280.278105882546	0.0720888787170612	0.169404222565329	0.425543576337129	0.670440462217251	0.817543883643576
PA14_RS24590	140.909100794641	0.0973993081412308	0.228787302768552	0.425719902121329	0.670311958120118	0.817543883643576
PA14_RS24695	2276.46146867834	0.0537473513090126	0.125680423383297	0.427650940871635	0.66890527242512	0.817543883643576
PA14_RS05240	20.1021210569313	-0.229839958024119	0.541486080308602	-0.424461433788158	0.6712293256677	0.817567286627695
PA14_RS23315	156.01402787427	-0.0910425863932721	0.214515324695647	-0.424410640696384	0.671266361875712	0.817567286627695
PA14_RS26325	130.493975442083	0.0959685378975768	0.226169583326443	0.424321150908521	0.671331616046025	0.817567286627695
PA14_RS06380	187.98947261877	-0.0877320414845819	0.207137973076397	-0.42354397980048	0.671898417888867	0.817731972651218
PA14_RS08125	107.468332192956	-0.11177266877137	0.263963293662873	-0.423440195871035	0.671974123100897	0.817731972651218
PA14_RS25225	88.1845580824484	-0.129329393049265	0.305324703345759	-0.423579853290837	0.671872250736668	0.817731972651218
PA14_RS16015	14.3123661525505	0.248916900360984	0.589785917930082	0.4220461913275	0.672991302242517	0.818763757898066
PA14_RS05915	1192.61843502519	-0.055999639540773	0.133219429011096	-0.420356399636788	0.674225114219615	0.820058514176574
PA14_RS26820	200.4143068896	0.0813982179639017	0.193872331054088	0.419854744208922	0.67459156996996	0.820297921140237
PA14_RS03585	1788.55910844093	-0.0549803640425624	0.131249031573939	-0.418901102608054	0.675288411214562	0.820526320762217
PA14_RS08400	92.3365888900599	0.124696815412081	0.297508375945733	0.419137158796586	0.675115895213288	0.820526320762217
PA14_RS09795	36.0056103811118	0.164544509725568	0.392714101845665	0.418993127448816	0.675221155038384	0.820526320762217
PA14_RS05030	40.8198721512712	-0.158993935520092	0.381091065323133	-0.417207197931231	0.676526860766598	0.821227491181732
PA14_RS08265	13.9386679904855	0.270729469020433	0.649102694555095	0.417082645460276	0.676617958305135	0.821227491181732
PA14_RS10325	28.0229076279904	0.18029661325506	0.431913268051546	0.417437079597987	0.676358738003387	0.821227491181732
PA14_RS14610	14.562177630557	0.246137947384144	0.590157666040568	0.417071507408369	0.676626104894436	0.821227491181732
PA14_RS25620	149.223142086365	-0.104763067384086	0.251367631731469	-0.416772305417596	0.676844961250445	0.821227491181732
PA14_RS27375	731.681846802553	0.0681122764117111	0.163449152862653	0.416718442517387	0.67688436307907	0.821227491181732
PA14_RS15415	16.4163740091682	-0.250741889651416	0.60262404817442	-0.41608344441449	0.677348944008373	0.82158502463619
PA14_RS08300	54.4806158782385	0.140954244094789	0.33917068804558	0.415584981435209	0.677713718348034	0.82173977998119
PA14_RS20795	20.4808291145792	0.207679435188247	0.499896674926744	0.415444722089181	0.677816373520464	0.82173977998119
PA14_RS05160	29.7594568250941	0.181420881617516	0.438367093201827	0.413856068192575	0.678979519210918	0.822400912868361
PA14_RS05780	47.7107813253354	-0.160389405634877	0.388204333159281	-0.413157175061898	0.679491461861964	0.822400912868361
PA14_RS09135	38.353867898237	-0.149401705003597	0.362661118538196	-0.4119595329265	0.680369084246983	0.822400912868361
PA14_RS13280	21.7826463689704	-0.22275510503625	0.540752838541031	-0.411935156248556	0.680386951778664	0.822400912868361
PA14_RS16395	37.2763231177932	0.1572465754218	0.379799075963325	0.414025692461096	0.678855290920342	0.822400912868361
PA14_RS16610	285.289010830893	-0.0718900973454685	0.173619000461814	-0.414068144351978	0.678824201652397	0.822400912868361
PA14_RS18790	15.5878977215332	-0.256226641145406	0.621183707087368	-0.412481264756302	0.679986710116226	0.822400912868361
PA14_RS19960	23.9476607255517	0.209442480224828	0.508025224393889	0.412267876018771	0.680143091503492	0.822400912868361
PA14_RS22165	50.7391998654739	0.145854407779552	0.354089406751217	0.411914067460453	0.680402409509163	0.822400912868361
PA14_RS22390	13.1135694679607	0.294023415463674	0.711194385062608	0.41342201462655	0.679297448171384	0.822400912868361
PA14_RS22715	45.5317389813317	-0.15478135712768	0.37501453731458	-0.412734285545421	0.679801302318187	0.822400912868361
PA14_RS24400	12.5868987162814	-0.265643885991661	0.643576574244618	-0.412761894423293	0.679781072340718	0.822400912868361
PA14_RS06270	22.6069099807067	-0.197295178455366	0.480825506025268	-0.410325941496534	0.681566864796355	0.823396791944835
PA14_RS24665	169.145412247195	0.0813881738734534	0.198266398796358	0.410499077844493	0.681439879810883	0.823396791944835
PA14_RS12920	80.6317613092333	-0.114644295957405	0.279727426996618	-0.409842885941933	0.681921204367187	0.823619116962966
PA14_RS08775	103.817555184037	0.0999460645508698	0.244832678008972	0.4082219145077	0.6831107607193	0.824643943793943
PA14_RS13705	81.8882953505152	0.11960098015158	0.292827343460064	0.408435150687664	0.682954231463888	0.824643943793943
PA14_RS12350	147.905679373324	-0.0910497365384722	0.223549578401103	-0.407291023269597	0.683794255073559	0.825263044056833
PA14_RS04890	220.192680514039	0.0831031800051567	0.204837467099323	0.405703024851703	0.684960819464289	0.826126617516258
PA14_RS04920	14.8277288810069	-0.239461407991058	0.59007465322846	-0.405815445013438	0.684878209387774	0.826126617516258
PA14_RS09565	17.0655525372412	-0.246782712291475	0.608409551016899	-0.405619392198892	0.685022277965301	0.826126617516258
PA14_RS09100	56.8066206640451	0.148270988275696	0.365791994869076	0.405342354003032	0.685225877838795	0.826166129451112
PA14_RS10085	1522.86904085522	-0.051876954589562	0.128059206253267	-0.405101328575808	0.685403029943132	0.826173741975321
PA14_RS03040	30.3635430471231	0.194917938749572	0.481562022956395	0.40476185716003	0.685652568538551	0.826231541763259
PA14_RS27330	112.588357838667	-0.0970717308967441	0.239937283072861	-0.404571268181222	0.685792681686874	0.826231541763259
PA14_RS21495	1217.72950304382	0.0536190838604691	0.132646099435621	0.404226615698509	0.686046083393804	0.826232720427292
PA14_RS29330	60.7301631383035	-0.132853219386119	0.32875899446603	-0.404105200534207	0.686135360884203	0.826232720427292
PA14_RS13085	11.2286243377427	-0.275774204229553	0.683669553112118	-0.403373534735029	0.686673452987594	0.826674836606423
PA14_RS00895	52.8153085833238	0.132106351096769	0.328677767372459	0.401932726246937	0.687733537050102	0.827238336894028
PA14_RS03790	85.4276860848557	0.11300046300426	0.281297401536175	0.401711720005803	0.687896198173266	0.827238336894028
PA14_RS05420	44.370854095579	-0.150272582860196	0.374173771450766	-0.401611749208266	0.687969781664096	0.827238336894028
PA14_RS25300	19.5320003165872	0.222343594462352	0.553109077182335	0.401988691986437	0.687692348424102	0.827238336894028
PA14_RS28545	14.9838906099185	0.240148175341424	0.598015714977815	0.40157502441275	0.687996813686472	0.827238336894028
PA14_RS20935	36.7816839471497	0.148689602404068	0.370787496095643	0.401010292875988	0.688412545843382	0.827532456300919
PA14_RS22020	32.9999309808185	-0.192442723491162	0.480206701495025	-0.400749766490203	0.688604366410911	0.827557334980906
PA14_RS20385	430.351963833304	0.0646992710823466	0.161586713426242	0.400399696921115	0.688862147437085	0.82766145217534
PA14_RS21775	528.387364786988	0.0572132642788172	0.143019449528866	0.400038347702281	0.689128272368582	0.827775540281784
PA14_RS17695	11.2375265190748	-0.27424800221722	0.686461889242001	-0.399509436015519	0.68951787235209	0.828037852171519
PA14_RS04895	560.486814079719	0.056880155396367	0.142923781584376	0.397975443735286	0.690648286952793	0.829012771066934
PA14_RS05110	23.6680598988043	0.206188316902125	0.51813591781856	0.397942527841368	0.690672550584921	0.829012771066934
PA14_RS27660	182.199992021906	0.0850880386037058	0.214010106752072	0.397588879773231	0.690933258876693	0.829119910652032
PA14_RS06020	44.8092780041422	-0.141421348630886	0.356020787309535	-0.397227784645984	0.691199494943796	0.829233628764127
PA14_RS19760	25.3954071274067	0.177198048863821	0.446709484288973	0.396674024384924	0.691607857532525	0.829517757695261
PA14_RS16435	11.2434754845002	-0.301673593204096	0.764831633186003	-0.39443137563157	0.693262583055294	0.831110946703378
PA14_RS20045	46.3543516817889	0.142978866402083	0.362515194615825	0.394407926965943	0.693279892266631	0.831110946703378
PA14_RS16995	101.237809456777	0.104901637002773	0.266316828258635	0.393897891052147	0.693656427461827	0.831150268385876
PA14_RS25200	65.4766410849144	0.129912258449485	0.329784094465264	0.393931243591763	0.693631802559417	0.831150268385876
PA14_RS05350	28.8481692870632	-0.222188845036172	0.565939592196355	-0.392601698308257	0.694613685010063	0.831267453775962
PA14_RS15840	14.7303349165242	0.227290747556695	0.578675809674908	0.392777343992285	0.694483939499181	0.831267453775962
PA14_RS22705	56.1807576783321	0.131219678774505	0.333667652866245	0.393264608203139	0.694124055268405	0.831267453775962
PA14_RS31470	21.0926864122177	-0.212293127978192	0.540611794960101	-0.39269052202951	0.694548071809178	0.831267453775962
PA14_RS28520	607.927822310716	-0.0569752089092761	0.145088178002355	-0.392693668731241	0.694545747413826	0.831267453775962
PA14_RS05300	184.725512510403	-0.0902326231092249	0.230129645152577	-0.392094738812987	0.69498821473997	0.831509897694827
PA14_RS19180	14.8979634927151	-0.273103302438894	0.697028320762276	-0.391810912561237	0.695197931403216	0.83155508193568
PA14_RS01510	13.2043274966613	-0.292228503544485	0.74713473160092	-0.391132269969988	0.695699468833619	0.831743965607219
PA14_RS11325	28.3216392548313	0.184825120551075	0.472539242478541	0.391131791682821	0.695699822349297	0.831743965607219
PA14_RS01520	17.455321705987	-0.234970403253945	0.60198881564016	-0.390323536167488	0.69629732146929	0.83225255724802
PA14_RS16400	17.09595452103	-0.214950211676283	0.553124079304369	-0.388611199039847	0.697563781089768	0.833560278070205
PA14_RS20180	19.0019962624278	0.200573787095766	0.517124413962406	0.387863697168912	0.698116904575286	0.834015155762373
PA14_RS17050	245.673338838189	-0.0829889981033583	0.215692961559201	-0.384755244229796	0.700418761041204	0.836558441194187
PA14_RS01130	13.4800173893315	-0.230379621578501	0.600490515101046	-0.383652390479032	0.701236103959758	0.836708067789141
PA14_RS05380	51.0803797068623	0.1437668641582	0.374511850963216	0.383878010237708	0.701068865302166	0.836708067789141
PA14_RS15870	85.8461117588561	-0.0997890348485251	0.259747157854338	-0.384177581278811	0.700846833292615	0.836708067789141
PA14_RS21130	439.454443220827	-0.0567389847624057	0.147889214005184	-0.383658707932661	0.701231421005898	0.836708067789141
PA14_RS10310	147.068350067122	-0.093097032790471	0.243230366687912	-0.382752507666625	0.701903278109892	0.83671875941991
PA14_RS15590	14.9048151596584	0.236053482224965	0.617175995257699	0.382473531113928	0.702110158338709	0.83671875941991
PA14_RS17690	36.9909893094057	-0.143729735819764	0.375507563156403	-0.382761227527923	0.701896812091206	0.83671875941991
PA14_RS18810	32.5422067883662	0.163964882689435	0.427793192715469	0.383280719472528	0.701511633380957	0.83671875941991
PA14_RS18930	17.92474378728	-0.211441997506601	0.552732548978006	-0.382539435930729	0.702061283409316	0.83671875941991
PA14_RS02540	15.9698171833284	-0.273263922425047	0.715961694011579	-0.38167394248976	0.702703230351695	0.836805294556919
PA14_RS07080	16.3557495503205	-0.210089208652231	0.550339141355687	-0.381744987526609	0.702650527393479	0.836805294556919
PA14_RS11585	99.8714788182031	-0.0969373099169301	0.254133469714391	-0.38144251532816	0.702874918629075	0.836805294556919
PA14_RS23115	35.2492063223887	-0.150690464166668	0.394601806785151	-0.381879812954619	0.702550514500447	0.836805294556919
PA14_RS02060	54.3272113626504	-0.120840031579496	0.31748435384457	-0.380617281186258	0.703487256303442	0.836923407089663
PA14_RS28845	58.1020902879512	0.121114049544687	0.318114072101058	0.380725218299089	0.70340715419986	0.836923407089663
PA14_RS29225	51.9814450418661	0.128847099748224	0.338528668544201	0.380609123305021	0.703493310549934	0.836923407089663
PA14_RS03770	158.785713521262	-0.07896689229902	0.208043732716077	-0.379568715039295	0.704265587549835	0.837446258440065
PA14_RS09975	74.9345317665185	0.105167697082722	0.27725526489379	0.379317222787491	0.704452311690278	0.837446258440065
PA14_RS26335	84.5030488607402	0.100374328020238	0.264477073298558	0.379519959020908	0.70430178578406	0.837446258440065
PA14_RS03055	17.9580099944305	0.199294365095137	0.526818433691357	0.378298009996925	0.70520922357007	0.837696167176073
PA14_RS04650	54.6926152788875	-0.153053415947035	0.404730350340172	-0.378161449514213	0.705310661531658	0.837696167176073
PA14_RS05470	10.4308904442009	0.267774159193846	0.708621591533962	0.377880327657237	0.705519497056252	0.837696167176073
PA14_RS09120	12.2451416869669	0.30924655927299	0.817887598681145	0.378103983691224	0.7053533490625	0.837696167176073
PA14_RS18775	44.9828746211802	0.132394620570773	0.350524750538608	0.377704057608881	0.705650453183499	0.837696167176073
PA14_RS31815	11.7939208393047	0.251713061411559	0.666551428971056	0.377634868775428	0.705701857956021	0.837696167176073
PA14_RS01110	84.4573780381716	0.122765211637151	0.326708579978257	0.375763659605514	0.707092606594756	0.83811270722849
PA14_RS06715	38.6606227133287	0.148972458386705	0.396253422529512	0.37595248373056	0.706952221401123	0.83811270722849
PA14_RS07775	32.6997990015443	0.156578699846572	0.416133324861987	0.376270513539145	0.706715798104037	0.83811270722849
PA14_RS12410	31.1537643271596	-0.153005947759353	0.40677184625566	-0.376146847840564	0.706807727799652	0.83811270722849
PA14_RS13810	122.628727007135	0.107932694298446	0.286882565670108	0.376226049311621	0.706748851101357	0.83811270722849
PA14_RS16265	64.8045947625594	-0.113547112899882	0.302014249179238	-0.375966078449809	0.70694211451098	0.83811270722849
PA14_RS09260	64.7405147778105	0.11819331280014	0.31527715499797	0.374887019013162	0.707744493545314	0.838679826215422
PA14_RS27455	10.9956037491349	-0.268894921963474	0.717858008659297	-0.374579539017296	0.707973192415258	0.838745310759478
PA14_RS04785	66.2556591169574	-0.110397548210103	0.295256254906209	-0.373904181116069	0.708475605631234	0.839134956853453
PA14_RS18125	23.7056171203131	0.177844462844324	0.476171137632152	0.373488539705889	0.708784873270976	0.839295702041734
PA14_RS03445	964.54250993616	-0.0477644836866049	0.12877307641689	-0.370919799508184	0.710697267579835	0.840325668952587
PA14_RS04435	19.4180615519778	-0.199691440566384	0.537409077818538	-0.371581815061584	0.71020423063952	0.840325668952587
PA14_RS07290	48.5937018111702	-0.14351535029774	0.385772432237385	-0.372020751885734	0.709877398717957	0.840325668952587
PA14_RS17850	1179.38789981453	0.0582896227424714	0.156898796893757	0.371510960545744	0.710256993840162	0.840325668952587
PA14_RS27275	102.898042721877	0.0988999704240451	0.266572186402552	0.371006337002826	0.71063281178534	0.840325668952587
PA14_RS28280	56.2808943566965	0.132110646449165	0.355982009886541	0.371116075476038	0.710551078162596	0.840325668952587
PA14_RS04340	118.115178824104	-0.0956552106426962	0.258176344123399	-0.370503389717907	0.711007451355361	0.840486931008196
PA14_RS06285	20.8696439316525	-0.192080853179651	0.518872784761623	-0.370188722208461	0.711241879025877	0.84055858430331
PA14_RS21440	210.875079178421	0.0795963228823094	0.216162926865403	0.368223746951165	0.712706404878672	0.842083599802898
PA14_RS21015	16.405289530642	-0.208745717512557	0.568017631474868	-0.367498658396474	0.713247092384108	0.842310851958375
PA14_RS27960	43.6942267846325	0.12777127207703	0.3475570869833	0.367626720508131	0.713151587931079	0.842310851958375
PA14_RS04840	201.090616153256	-0.0868637713938751	0.23686933828618	-0.366715979460915	0.713830885870664	0.84242426644762
PA14_RS06290	147.651686463005	-0.0884258430953177	0.241040634278246	-0.366850358488699	0.713730641784574	0.84242426644762
PA14_RS19645	33.9164114589188	0.144541035041388	0.394200014202543	0.366669279131789	0.713865724545564	0.84242426644762
PA14_RS09240	99.1384237523841	0.0916000568697481	0.25036884470598	0.365860444726333	0.714469213570635	0.842930743309976
PA14_RS06225	69.089833484106	0.1178860594552	0.323128915910641	0.364826710487899	0.71524076524077	0.843223876329684
PA14_RS31725	70.6046985353124	-0.121865452110346	0.333850364256428	-0.365030160688224	0.715088892411155	0.843223876329684
PA14_RS27655	52.8804316087678	-0.117281584023788	0.321468554116708	-0.364830657686069	0.71523781860334	0.843223876329684
PA14_RS16450	20.9523462992777	0.209960723682355	0.576814669037597	0.364000319257952	0.715857770978436	0.843540004983362
PA14_RS19345	17.5456313969953	-0.242656136129182	0.666339064320867	-0.364163155249643	0.715736178586773	0.843540004983362
PA14_RS20035	61.0149596055961	0.131185370876755	0.360909383133845	0.363485619957142	0.716242153040801	0.843787345214449
PA14_RS26945	59.9913553635192	0.11518498112294	0.318052096484509	0.362157591149695	0.71723426885333	0.844750346852095
PA14_RS10680	21.1397214101502	0.194681631523442	0.53901132124078	0.361182824648829	0.717962780708811	0.844990997203166
PA14_RS16390	26.5008471401521	0.162705726805061	0.450353577924592	0.361284410251326	0.717886846628377	0.844990997203166
PA14_RS28715	25.964763201664	-0.183139515564373	0.507034387887917	-0.361197425538043	0.717951866539017	0.844990997203166
PA14_RS10965	54.7244448810171	-0.117564856144411	0.326025780895387	-0.360599875940898	0.718398582073789	0.845196921323582
PA14_RS26345	16.278692380012	0.20253823819	0.561855159686132	0.360481228477359	0.718487291886114	0.845196921323582
PA14_RS01385	48.866251514652	-0.145651643206082	0.404670185303441	-0.359926795933497	0.71890187783896	0.84527901623689
PA14_RS10710	30.8773851974417	-0.156576235481871	0.435030171191735	-0.359920405182337	0.718906657109663	0.84527901623689
PA14_RS05530	140.053869924389	0.0843742155802296	0.235329312630902	0.358536786756203	0.719941643317971	0.846290176734494
PA14_RS01860	31.0067493675418	-0.152086491691191	0.424562943673482	-0.358218949527907	0.720179467266177	0.846364010619498
PA14_RS00810	82.4281834557801	-0.0983963438389467	0.275225833253599	-0.357511294182484	0.720709072602844	0.846369372294161
PA14_RS19060	39.932289613689	0.144831355995536	0.404644819956084	0.357922179780417	0.720401551769863	0.846369372294161
PA14_RS27935	15.3583271216099	-0.226422992349772	0.633060659812681	-0.357663975545045	0.720594795372619	0.846369372294161
PA14_RS02930	127.10417014619	0.0827933101840502	0.231755205642419	0.357244662334766	0.720908653168866	0.846398214791123
PA14_RS05585	29.5652730386796	0.151188001153524	0.425318659068137	0.355469946897636	0.722237555599586	0.846734716854064
PA14_RS08135	10.2449275536717	0.267335476236819	0.751516982732652	0.355727791093608	0.722044430361966	0.846734716854064
PA14_RS09205	55.8213989314966	-0.109977122078998	0.309052283544448	-0.355852805284908	0.721950801139565	0.846734716854064
PA14_RS20610	40.34214053445	0.128490103979514	0.36097807842739	0.355949880777482	0.721878099443508	0.846734716854064
PA14_RS20835	396.050616874973	-0.0579720518582983	0.162820679306919	-0.356048458371926	0.721804275365288	0.846734716854064
PA14_RS23730	451.985792328854	0.0566826729146902	0.159463350910364	0.355458935179107	0.7222458037682	0.846734716854064
PA14_RS16275	16.9136468229294	-0.191445195782646	0.539469372615563	-0.354876857706386	0.722681846423229	0.847040574237212
PA14_RS27390	19.0596682116478	0.207291964385882	0.584649067230304	0.354557932278759	0.722920796282185	0.847115330947576
PA14_RS05255	66.2009644997786	0.136367822985514	0.385647671744914	0.35360727673656	0.723633220225383	0.847606157398498
PA14_RS12885	30.9325556967679	-0.142297552528783	0.402825966514441	-0.353248212274025	0.723902366496632	0.847606157398498
PA14_RS20920	255.827546663259	0.0630782332232757	0.1786596781186	0.353063622903217	0.724040743633829	0.847606157398498
PA14_RS25385	72.2420594384655	0.1046724468913	0.296245360978087	0.353330248094728	0.723840871365891	0.847606157398498
PA14_RS05095	10.048706715837	-0.254238315882726	0.720674999068734	-0.352778043100227	0.724254845860854	0.847651605659024
PA14_RS10940	73.1541327511905	-0.117830605557795	0.335609922968	-0.351093926293206	0.725517884393095	0.84830862885034
PA14_RS17215	74.3846804590467	-0.114894229492105	0.326938220092118	-0.351424894463952	0.725269608831064	0.84830862885034
PA14_RS17380	116.574788544883	-0.0870493666373943	0.247643261804933	-0.351511145520134	0.725204912398364	0.84830862885034
PA14_RS24845	17.2853318140849	0.210182503330949	0.598341844415441	0.351274953093561	0.725382083678207	0.84830862885034
PA14_RS23000	43.0000400325875	0.144767722583328	0.413155985294463	0.350394833273805	0.726042403380355	0.848716464854595
PA14_RS23025	10.0633144139843	-0.271675388949445	0.775857949269016	-0.35016124949858	0.726217686428518	0.848716464854595
PA14_RS11010	1777.43139794668	-0.0462091707160386	0.132250499596153	-0.349406398139479	0.726784230639253	0.849173360563282
PA14_RS21505	15.7780260055902	-0.215776303570643	0.618354030461907	-0.348952692051605	0.727124825972758	0.849245760371683
PA14_RS26650	343.726280246931	-0.0576809348734544	0.165343103435952	-0.348856007143944	0.727197413916282	0.849245760371683
PA14_RS15610	111.208946098722	0.0868121213049365	0.249220715832872	0.348334290810532	0.727589144127454	0.849498092950354
PA14_RS20800	36.6080631256011	-0.14795579510553	0.425760639843532	-0.347509330970342	0.728208709695525	0.850016249115993
PA14_RS18935	39.2266421834536	-0.14234338891011	0.410137230571724	-0.347062832388286	0.728544115465803	0.850106663897075
PA14_RS20810	73.0245806623793	-0.110353459730015	0.318078140544986	-0.346938206885072	0.72863774231873	0.850106663897075
PA14_RS27005	394.120015199353	-0.0538949533716899	0.15548411739478	-0.346626744099197	0.728871751292657	0.850174575313866
PA14_RS04635	159.673057199687	-0.0697719777147743	0.201608091736836	-0.346077268594206	0.729284646149271	0.850387673041913
PA14_RS26720	16.1292806537086	0.201237773207449	0.581753947226329	0.345915612892537	0.729406134776231	0.850387673041913
PA14_RS08635	18.9637081372585	-0.2096595314505	0.607355959043051	-0.34520041884637	0.729943703901313	0.850589165517741
PA14_RS11510	240.933146800312	0.0663434233449808	0.192075764225761	0.345402365636315	0.729791898967468	0.850589165517741
PA14_RS17230	12.1182457767256	-0.219242883801805	0.635947902818962	-0.344749755176435	0.7302825093527	0.850589165517741
PA14_RS29835	951.443992342186	0.0684330160531083	0.198369632539225	0.344977278916805	0.730111452185974	0.850589165517741
PA14_RS23050	59.6172004404165	0.108272979240017	0.314504609918091	0.344265158047175	0.730646884451892	0.850808652349952
PA14_RS04075	18.726841612383	0.205414106240529	0.598118190347106	0.343433972675736	0.731272005432812	0.850921900450692
PA14_RS17395	57.438926164799	-0.113841645874947	0.33145349506026	-0.343461896077607	0.73125100179778	0.850921900450692
PA14_RS23165	43.8023765618913	0.121224731069188	0.352596951213483	0.343805386439067	0.730992649110912	0.850921900450692
PA14_RS23745	56.7875976527258	-0.116670015880646	0.34092085936632	-0.34222023286432	0.732185159858515	0.851779512406971
PA14_RS18985	17.7732825146209	-0.197946914937306	0.579908209571277	-0.341341804910207	0.732846279867889	0.852343580914169
PA14_RS28840	39.5596458935237	-0.127058742453051	0.372680630117022	-0.340931972807803	0.733154794422909	0.852497375770423
PA14_RS22485	13.1595532024973	-0.242825790205713	0.71410608557713	-0.340041620019895	0.733825185181383	0.853071777773358
PA14_RS17295	17.9897589595273	-0.204973471255007	0.603257189025768	-0.339777917252888	0.734023779055479	0.853097571620355
PA14_RS01995	216.973675423901	0.0608166583372133	0.179305748352946	0.339178519907246	0.734475249825106	0.853417181199955
PA14_RS02815	13.7082766182275	0.20784165780915	0.614562532918603	0.338194482540442	0.73521663345413	0.854073418060095
PA14_RS18675	117.086194920826	-0.0839104947072135	0.248440578585042	-0.337748749359359	0.73555253454954	0.854258419087794
PA14_RS19875	42.6798108490221	-0.128000146385961	0.379602927003297	-0.337194835130577	0.735970030516311	0.85453807144703
PA14_RS02570	22.3607326524042	-0.167490561963559	0.497163642154506	-0.336892217696617	0.736198152131842	0.85459775893173
PA14_RS19520	22.7680583915426	0.167206463161604	0.499596786742708	0.334682823425993	0.737864359871568	0.856120931943115
PA14_RS23190	154.57744593075	0.0794498248501849	0.237259990253658	0.334863980923391	0.737727694029822	0.856120931943115
PA14_RS25955	19.8319478067741	0.177637248269015	0.531704527589834	0.334090155436945	0.738311528527972	0.856434289268715
PA14_RS15900	52.3696597603801	-0.10478452746551	0.314228996677631	-0.333465493552173	0.738782932461035	0.856775602249775
PA14_RS20670	75.7688082780825	0.100622164879272	0.302807598572676	0.332297357640851	0.73966473494875	0.857592581685963
PA14_RS18755	11.4734035213186	0.256781272801954	0.774674270493824	0.331469990139554	0.740289505341493	0.858111229106294
PA14_RS12360	428.79073579311	-0.0534579574913417	0.161576328805329	-0.330852655748536	0.740755784991833	0.858163766003793
PA14_RS13450	12.3662726154505	-0.283361388166873	0.856431684748227	-0.3308628034356	0.740748119558592	0.858163766003793
PA14_RS18835	16.3334014110947	0.214675249519045	0.649143895570313	0.330705181060725	0.740867188392439	0.858163766003793
PA14_RS21550	11.3778647845911	0.243964030840455	0.741312957451244	0.329097216483634	0.742082208094338	0.859365315695454
PA14_RS16910	207.838218420124	0.0694932610199409	0.211430963204823	0.328680624477029	0.742397100818095	0.859524151198542
PA14_RS02825	74.8477099941838	-0.101802308844636	0.310042903071121	-0.328349102128242	0.742647722074291	0.859608516982113
PA14_RS04255	71.8201390819866	-0.1097809498458	0.336167012753745	-0.326566693580428	0.743995638158062	0.860756676108227
PA14_RS22765	15.8704529275439	-0.210298514057843	0.643949418695772	-0.326576137740402	0.743988494101501	0.860756676108227
PA14_RS25935	23.1838608444149	-0.161973748290348	0.496863162527473	-0.325992668618077	0.744429902010254	0.860847203759347
PA14_RS27030	152.825410296768	-0.0697834451966347	0.213935427270966	-0.326189290323797	0.744281143747682	0.860847203759347
PA14_RS29055	18.3544911138999	0.21897313586004	0.672432195494416	0.325643443795901	0.744694138856112	0.86094689349944
PA14_RS04500	28.5342005844022	-0.13663974920426	0.420250009572416	-0.32513919355596	0.745075726872474	0.861182173794284
PA14_RS25925	34.9135258561938	0.137859689524427	0.424332789416354	0.324885780601695	0.745267519068774	0.861198022035027
PA14_RS22245	29.6014367884442	0.139598805173267	0.4301602648967	0.324527429809888	0.745538759011013	0.861305647056201
PA14_RS01615	112.730762885319	-0.0904138129406895	0.279967335982922	-0.322944148549546	0.746737540438661	0.862367081444019
PA14_RS08575	14.9714331599649	0.194839342417631	0.60351119090826	0.322842965222246	0.746814172267897	0.862367081444019
PA14_RS02605	111.025259184544	0.101428413361134	0.314811303248642	0.322187965662162	0.747310300825879	0.862733973452841
PA14_RS12695	267.252340584649	0.0567176877813758	0.177012833834468	0.320415681466435	0.748653239589425	0.863703581403176
PA14_RS22945	52.7031503023276	0.121985808837526	0.380753005095607	0.320380423017004	0.74867996424027	0.863703581403176
PA14_RS26250	52.9613859838651	-0.11142955753438	0.347866044516266	-0.320323179830131	0.748723353183209	0.863703581403176
PA14_RS26360	56.0686371620911	0.100622244988873	0.314310085276665	0.320136863888101	0.748864581642581	0.863703581403176
PA14_RS24865	87.6677567477778	0.0827686049310001	0.259478196220332	0.318980963089162	0.749740948577979	0.864508161021246
PA14_RS26790	131.89780454411	0.0890633924195321	0.279595968560671	0.318543192443084	0.750072936684057	0.864684796615995
PA14_RS09290	158.249764618779	0.0720274276939001	0.226626648286415	0.317824175746845	0.750618311218887	0.864992069668516
PA14_RS22090	50.9320447442844	0.115290464406027	0.363137418800638	0.317484396917303	0.75087607701994	0.864992069668516
PA14_RS24355	40.2837488691476	-0.115715170041487	0.364375545610796	-0.317571174672317	0.750810242322908	0.864992069668516
PA14_RS02520	39.1370449246323	0.1260826433012	0.397571432088047	0.317132050054536	0.751143406654783	0.865093954413558
PA14_RS19780	50.9685440719477	0.117397962495338	0.371122889193596	0.316331775575548	0.751750695077146	0.865587228903114
PA14_RS00805	219.960790300486	0.0685952293727019	0.218365507984432	0.314130331323169	0.753422053596364	0.865911089627105
PA14_RS02955	69.6830924870277	-0.0997540149915118	0.31761252102719	-0.31407456692481	0.753464405531609	0.865911089627105
PA14_RS04000	10.1835790693035	0.241182202110513	0.763912835302108	0.315719531031484	0.752215400781345	0.865911089627105
PA14_RS08195	20.7729133583147	0.163823670221753	0.519452771877571	0.315377410788683	0.752475115939946	0.865911089627105
PA14_RS08935	41.8205200118343	0.124695205158826	0.397005625351309	0.314089265230144	0.75345324239332	0.865911089627105
PA14_RS12845	10.1234716631339	0.219143318167635	0.696730234694174	0.314531087148568	0.753117709465203	0.865911089627105
PA14_RS18690	39.7065594996585	-0.135137532624986	0.429100578970409	-0.314932067789881	0.752813232995641	0.865911089627105
PA14_RS24510	49.5059560318204	-0.118062894901483	0.375717143893865	-0.314233451468039	0.753343737881778	0.865911089627105
PA14_RS15730	15.1806278969136	0.229474606644985	0.731622134690903	0.313651809812908	0.753785505146169	0.866074293867159
PA14_RS00075	132.277575634943	0.082777145462257	0.264488418150979	0.312970775964205	0.754302864990437	0.866257101660829
PA14_RS04675	148.199857148491	0.0690885943420466	0.220696939130752	0.313047360847696	0.75424468037254	0.866257101660829
PA14_RS01535	86.7405259787033	0.0834361380969345	0.267470251207243	0.311945488219122	0.755081951541281	0.866343378284597
PA14_RS05670	30.24522614938	-0.136792552496036	0.438752356681537	-0.311776222766424	0.755210595458801	0.866343378284597
PA14_RS16980	27.149817328826	-0.148775020057828	0.477312406623135	-0.311693176195384	0.755273714401957	0.866343378284597
PA14_RS21580	105.986162383726	0.0803714495393576	0.257539256177597	0.312074558000331	0.75498386141449	0.866343378284597
PA14_RS24295	160.58713389468	0.0786282207559545	0.251799266762165	0.312265487374203	0.754838766635975	0.866343378284597
PA14_RS00885	14.6462904470862	0.196986854648889	0.633629861699746	0.310886317952978	0.755887046140919	0.866660574055812
PA14_RS08220	616.468993195059	-0.12806498835087	0.412008027394204	-0.310831294139662	0.755928877995035	0.866660574055812
PA14_RS22340	24.9136318641693	-0.162875977259194	0.524354007614171	-0.310622165357877	0.756087874677724	0.866660574055812
PA14_RS26145	10.1147177553638	0.270104955677812	0.870488651004684	0.310291185722028	0.756339533381614	0.86674359797002
PA14_RS18200	67.1541626255935	-0.095618668881792	0.309264508151416	-0.309180867385458	0.757183946997472	0.867505701890494
PA14_RS19890	12.3949175659456	-0.256000997534217	0.829719210532508	-0.308539315812536	0.757671988734476	0.867859246215046
PA14_RS15600	93.5458620833506	-0.083289293076566	0.27049113765674	-0.30791875030768	0.75814415785677	0.867988908000791
PA14_RS18090	659.492983973241	-0.0464100692677803	0.150608569734135	-0.308150255657474	0.757968002026892	0.867988908000791
PA14_RS00910	78.7259080907771	0.0844877783824	0.275485602912788	0.3066867287767	0.759081832215881	0.868422994843383
PA14_RS07605	64.8634329122616	-0.0904349977559848	0.294488320899624	-0.307091967109995	0.758773371814508	0.868422994843383
PA14_RS12995	20.3567959086256	0.158027618049985	0.515439013819372	0.3065883912803	0.759156690797369	0.868422994843383
PA14_RS15710	21.3256532291678	-0.160673455935673	0.524259695176741	-0.30647684232431	0.759241609222048	0.868422994843383
PA14_RS12105	20.4636134289993	-0.170546122003626	0.557499772749397	-0.305912451161283	0.759671305494961	0.868709017113652
PA14_RS26840	225.706183817194	0.0670038070241481	0.21937513697284	0.305430268665512	0.760038471403497	0.868923415533644
PA14_RS19350	23.3282886019207	-0.144961764886038	0.475397908800446	-0.304927224547148	0.760421580379297	0.869155935408717
PA14_RS01170	10.3872576517279	0.235059348193497	0.774708468048382	0.303416521037456	0.761572456780054	0.869551752678778
PA14_RS11265	122.172052983088	-0.0728293957654353	0.239548452624922	-0.304027828054767	0.761106690310668	0.869551752678778
PA14_RS13015	151.138047218392	-0.0657471336400313	0.216660327602051	-0.303457187421925	0.761541469602185	0.869551752678778
PA14_RS13770	44.0078807646742	0.13342479143818	0.439832727838872	0.303353486435095	0.761620488961661	0.869551752678778
PA14_RS22975	67.927726539024	-0.0878785666160871	0.289748512884034	-0.303292554434123	0.76166691984022	0.869551752678778
PA14_RS16335	22.3231850612756	0.146127962604527	0.483337343324937	0.302331207432256	0.762399590665815	0.869977447017433
PA14_RS18385	16.7381442306724	0.184942878515366	0.611316941756943	0.302531904291471	0.762246616075785	0.869977447017433
PA14_RS16715	1148.50324641233	-0.039492700567495	0.130968750333688	-0.301542928880926	0.763000519879189	0.870457776394376
PA14_RS14100	43.0037106624093	0.108362072343309	0.362133027398769	0.299232779516638	0.764762440006672	0.87226206600761
PA14_RS04665	104.616245030128	0.0731697874164396	0.245633343085966	0.297882146198824	0.765793114984157	0.873231668017775
PA14_RS19145	30.1330854895773	-0.130349647466956	0.43885063143317	-0.29702508810633	0.766447355466879	0.87335989892503
PA14_RS21920	10.2593106600077	0.219566180831186	0.738342701738362	0.297377058531543	0.766178656530708	0.87335989892503
PA14_RS22910	136.481502744377	-0.0684048394869642	0.230200109626383	-0.29715380934434	0.766349084690094	0.87335989892503
PA14_RS04395	26.4021890408944	0.134676210096338	0.455424593687133	0.295715716637072	0.767447193582093	0.873991128516977
PA14_RS07120	12.7333855524249	0.222465860238251	0.752617259780633	0.295589633837382	0.767543491069397	0.873991128516977
PA14_RS11915	15.1519061967257	-0.167672267790356	0.566806282568905	-0.295819353007918	0.767368042554604	0.873991128516977
PA14_RS27750	97.561252579729	0.0771729518855859	0.262092854846503	0.294448896482825	0.768414908005489	0.874777423520373
PA14_RS08625	43.5879689992128	0.104464764816882	0.356060531659702	0.293390464621116	0.769223713071584	0.875492086706091
PA14_RS10925	351.243889680712	0.0492841342066704	0.168736194648004	0.292078023387221	0.770226969214572	0.876427676028629
PA14_RS10380	458.640341255074	0.0503734588753482	0.172845775925062	0.291435868801259	0.770717985176678	0.876780093228514
PA14_RS10550	23.0052244560692	-0.139997436982287	0.482395615599506	-0.290212913333184	0.771653357727563	0.877637732354303
PA14_RS08620	184.486540246274	-0.0595779910506369	0.20560697195527	-0.289766395001421	0.77199495828578	0.877670926101122
PA14_RS21710	203.299611856493	0.0553789204043864	0.191159339244359	0.28970031296036	0.772045516880516	0.877670926101122
PA14_RS08650	10.9148703850113	-0.208522494500196	0.722700067153631	-0.288532551714664	0.77293911681025	0.878067552007134
PA14_RS20745	72.8762454482655	0.0924356310382652	0.320117808615973	0.288755041270306	0.772768839016477	0.878067552007134
PA14_RS31500	13.2081661288384	0.221325928280069	0.76649052273288	0.288752335111651	0.772770910053502	0.878067552007134
PA14_RS14720	20.7591606433058	-0.144841730417606	0.504238618626539	-0.287248388098734	0.773922138343817	0.878977797329896
PA14_RS02420	181.722079948043	0.0618073127343177	0.215394511731115	0.286949338855365	0.774151111326857	0.879031409809035
PA14_RS11830	13.0546649541077	0.186024986354478	0.649399260998008	0.286457034257464	0.77452809689497	0.879179126462047
PA14_RS15215	49.8327421765519	0.117111899439787	0.409372270143446	0.286076776521161	0.774819318220671	0.879179126462047
PA14_RS19325	21.0928934833733	0.153897281072455	0.538422592651794	0.285829909763804	0.775008398698864	0.879179126462047
PA14_RS24145	14.2799372703574	-0.181429244391649	0.634720065746835	-0.285841356186168	0.774999631346475	0.879179126462047
PA14_RS09215	11.6521314471146	-0.184510271738682	0.649031583867224	-0.284285505243499	0.776191593241526	0.879763139316193
PA14_RS12125	48.4444974858909	0.105657950345309	0.371462790263157	0.284437507914204	0.776075118317621	0.879763139316193
PA14_RS15560	17.1817433190516	-0.156372025156941	0.550202522852754	-0.284208120940931	0.77625089236191	0.879763139316193
PA14_RS28070	55.1086145652818	0.0946659975097606	0.332897138331737	0.284370114997578	0.776126758794521	0.879763139316193
PA14_RS21400	52.7890599898518	-0.0958082481320486	0.339051890258639	-0.282576947319076	0.777501153763016	0.880898579052588
PA14_RS26605	65.9614773232251	0.0807806810421968	0.286024454410845	0.282425784916151	0.777617045900641	0.880898579052588
PA14_RS01950	447.84051770792	0.0459581880294541	0.163821609956722	0.280538007419138	0.77906476993431	0.88233190337291
PA14_RS11950	44.0675428743454	-0.103978270194835	0.371306216209443	-0.280033744805888	0.779451615570986	0.882563337134463
PA14_RS05960	65.9577670123541	0.0808020243959265	0.290673014310074	0.277982545396289	0.781025757651508	0.882905695457621
PA14_RS06740	140.384191071795	0.0682814415506796	0.245639259772087	0.277974463911158	0.781031961366357	0.882905695457621
PA14_RS08760	65.9549013284055	-0.0856058484245821	0.30680952006737	-0.279019531094682	0.780229836115064	0.882905695457621
PA14_RS10515	81.085642958054	0.0728234837403931	0.261520116750124	0.278462263803492	0.780657529005689	0.882905695457621
PA14_RS16360	10.1780742615652	-0.22503911681227	0.809527888202033	-0.277988096632573	0.78102149627861	0.882905695457621
PA14_RS19825	26.5246947558066	-0.132449388501656	0.474384938835182	-0.279202347416163	0.780089542268236	0.882905695457621
PA14_RS25815	141.715359721258	-0.0629638258733399	0.226322506789146	-0.278203996441239	0.780855767201197	0.882905695457621
PA14_RS02170	143.456622380623	0.0621806339435594	0.224380284443349	0.277121646840851	0.781686700723132	0.883061458850075
PA14_RS09570	23.5532140520274	-0.135738659678757	0.48934573711235	-0.277388049765708	0.78148215665651	0.883061458850075
PA14_RS21705	48.9053532178426	0.0972612143352911	0.351043312373064	0.277063287939605	0.781731510682668	0.883061458850075
PA14_RS22070	118.750919349197	-0.0680767861967898	0.245903364128181	-0.276843655385307	0.781900158559972	0.883061458850075
PA14_RS04860	150.405075160279	0.0635955755660089	0.230342845824439	0.276090951895591	0.782478210033269	0.883507967247464
PA14_RS08425	10.4302640403204	-0.539763418511099	1.95813300137637	-0.27565207170897	0.782815311019153	0.883559132627196
PA14_RS13805	51.1179714413941	-0.107776762877224	0.391124395266627	-0.275556227587782	0.782888933686421	0.883559132627196
PA14_RS01255	62.6626255466886	-0.0862936939028185	0.314926770246625	-0.274011935648533	0.78407544926099	0.884058941430912
PA14_RS01885	17.0003411729055	-0.146247171976374	0.535016326923327	-0.273350857939953	0.78458352436141	0.884058941430912
PA14_RS06750	232.245909543979	-0.0482256003663538	0.175601038826056	-0.274631634805557	0.783599259448109	0.884058941430912
PA14_RS31375	26.0474328588247	0.126361507577725	0.460920770280195	0.274150170106047	0.783969219994922	0.884058941430912
PA14_RS12855	144.116245018861	0.0678371562378725	0.248290247622761	0.27321715970472	0.784686290083683	0.884058941430912
PA14_RS16570	47.8652790102908	0.0944043661716953	0.345907121524988	0.272918249718301	0.784916057631808	0.884058941430912
PA14_RS17555	29.0402184496335	0.127739328490978	0.468185933836955	0.272838885705317	0.784977066688242	0.884058941430912
PA14_RS22760	670.822810163789	0.0456931892038753	0.166982483381887	0.273640613544928	0.784360819698618	0.884058941430912
PA14_RS28155	455.325778408944	0.0495357570006558	0.180980430317111	0.273707808705394	0.784309176366577	0.884058941430912
PA14_RS05190	35.5789213407762	0.107719731873263	0.400489142922851	0.268970417243031	0.787952447655476	0.884218647380632
PA14_RS07450	114.344927558593	-0.063020619015238	0.232417124682291	-0.271153079194942	0.786273298852444	0.884218647380632
PA14_RS07850	105.850845524235	0.0646633995521323	0.23832254547559	0.271327244441317	0.786139354079358	0.884218647380632
PA14_RS08735	14.473735617922	0.161550021829429	0.598770049632379	0.2698031104405	0.787311729753035	0.884218647380632
PA14_RS09095	101.778224027007	-0.0706554682989571	0.261360740894445	-0.270336960544095	0.786901033121572	0.884218647380632
PA14_RS10350	151.950356224707	0.0653211495337708	0.241062490932242	0.27097185166037	0.786412681715179	0.884218647380632
PA14_RS12265	88.0130562711621	-0.0823327768191788	0.304306634555135	-0.270558599353382	0.786730541404329	0.884218647380632
PA14_RS13795	9.97186639827779	-0.2094137288514	0.777455095047382	-0.269357973451363	0.787654223664551	0.884218647380632
PA14_RS14170	285.57805675168	0.045645836540085	0.169087837209326	0.269953399921821	0.787196104449623	0.884218647380632
PA14_RS16630	32.9654446642181	-0.118443024535013	0.436494740480202	-0.271350404828957	0.786121542662317	0.884218647380632
PA14_RS20220	19.578346992813	0.145398606776976	0.539180370957378	0.269665986762099	0.787417230028495	0.884218647380632
PA14_RS23195	37.5618992028443	-0.12365939168809	0.459955072989284	-0.268851022523608	0.788044328000522	0.884218647380632
PA14_RS26865	11.3268659901883	0.204425690775816	0.750515604714823	0.27238033358879	0.785329592763647	0.884218647380632
PA14_RS27495	24.2700902539522	-0.144021368984153	0.529951070625687	-0.27176352113812	0.785803855789097	0.884218647380632
PA14_RS27500	17.8014106906518	-0.147037031201848	0.542530517135166	-0.271020756543387	0.786375068088458	0.884218647380632
PA14_RS27955	55.4251934669346	-0.0977683814327647	0.363067248895348	-0.269284496825947	0.787710761440601	0.884218647380632
PA14_RS25440	19.484519088347	0.136798445621655	0.509823833096223	0.268324932537698	0.788449216273476	0.884467736000587
PA14_RS11365	12.1595821200634	-0.199416562287248	0.743946417842043	-0.268052318694797	0.788659047258616	0.884497948177799
PA14_RS15875	30.3479311566645	0.116176236752489	0.434530190175376	0.26736056407404	0.789191559857894	0.884889956752324
PA14_RS10220	143.186661058573	-0.0592283747964318	0.221762944931755	-0.267079672912256	0.789407817961434	0.884927261859411
PA14_RS22080	18.4108873632684	0.13864080423688	0.51960726698631	0.266818447403532	0.789608950039433	0.884940247972542
PA14_RS23875	280.583328064893	-0.0474967054169001	0.178164324530847	-0.266589316025929	0.78978538259915	0.884940247972542
PA14_RS01735	15.0094809236213	-0.199435306475865	0.752048984336468	-0.265189250473925	0.790863675425741	0.885943186091935
PA14_RS06445	381.624853869567	0.0440778862523772	0.16698322988486	0.263965946057999	0.79180615943277	0.886541258721552
PA14_RS21650	404.09100636457	0.0500422945835632	0.189615222487627	0.263914963825378	0.791845444856688	0.886541258721552
PA14_RS28895	73.7260392027656	-0.0862224156605339	0.326869365238244	-0.263782491815008	0.791947526401386	0.886541258721552
PA14_RS11600	35.7752611750684	0.126870752993502	0.483109162178357	0.262613013633269	0.792848868610276	0.887344857347673
PA14_RS20410	6221.79072158407	-0.0346392649160273	0.132040397823607	-0.262338386486095	0.793060569895081	0.887376426657244
PA14_RS01630	16.1769276498206	-0.152401428891443	0.58212994273093	-0.261799673413957	0.793475890865229	0.887635764104614
PA14_RS25960	24.8650577573166	0.127946723747778	0.489530146332802	0.261366383063965	0.793809978673444	0.887804129709708
PA14_RS10490	516.984089086562	-0.0421403484697605	0.161385820465456	-0.261115557415284	0.794003394670341	0.887815125231391
PA14_RS16590	41.7902113204751	-0.0984367431869723	0.377455588610089	-0.260790265550041	0.794254251721216	0.887890328553814
PA14_RS24895	742.666869225355	-0.0353280758282964	0.135608218661523	-0.260515742902538	0.79446597336528	0.887921758075917
PA14_RS06725	47.2738291584191	-0.0906293008797971	0.349978246287581	-0.258956954728341	0.79566845298605	0.888854848380813
PA14_RS11235	139.032194435678	-0.0558896649422114	0.215630596155472	-0.259191719258219	0.795487319925842	0.888854848380813
PA14_RS07380	15.110435792968	0.156798987110887	0.609486317658344	0.257264162571051	0.796974855693808	0.889287125550359
PA14_RS08765	209.63035381315	0.049082120565105	0.190547358151386	0.25758489144788	0.796727291208303	0.889287125550359
PA14_RS19235	76.2595171108773	0.0716317671322862	0.277774410820238	0.257877487421413	0.796501459811611	0.889287125550359
PA14_RS25325	219.478910217204	-0.0515308223513236	0.199680139413313	-0.258066838808948	0.796355323721778	0.889287125550359
PA14_RS28060	76.7932997270266	0.0729982989518741	0.283564941838591	0.25743062057871	0.796846367390204	0.889287125550359
PA14_RS28225	329.889564705632	0.0443456668123131	0.172898454160234	0.256483882563899	0.797577224161544	0.889753969099244
PA14_RS27585	94.6405609225185	0.0699697969493882	0.273063379539078	0.256240133948004	0.797765420418233	0.88975866539266
PA14_RS29820	1608.96854617409	-0.0302441676363294	0.118245212043807	-0.255774987532897	0.798124588664255	0.889954002946815
PA14_RS14335	21.2953300826844	-0.142700742168615	0.558468412340253	-0.255521599817311	0.798320262938007	0.889966987452329
PA14_RS02705	96.767871507948	0.0795548167765293	0.311872988052297	0.255087230456743	0.798655726620344	0.890135767212717
PA14_RS20715	479.654176336766	-0.037386053623679	0.146933083606119	-0.254442721177071	0.799153549950442	0.890485384230493
PA14_RS05795	18.5034530878269	0.156276552325935	0.614950464040231	0.254128684283277	0.799396143767341	0.890550507085662
PA14_RS13590	287.268726020939	-0.0494795530776218	0.195429665879792	-0.253183429725846	0.80012647062128	0.891158823566215
PA14_RS24585	146.130365162963	-0.0565718671165462	0.223731583215632	-0.252855972784238	0.800379512683562	0.891235395656851
PA14_RS08515	31.8216876784183	-0.106383316448598	0.422691278673366	-0.251680888194538	0.801287730583932	0.891630801910698
PA14_RS22750	194.138749951334	-0.0524870962373109	0.208507818054957	-0.251727233668892	0.801251905266773	0.891630801910698
PA14_RS25360	309.602129236705	0.11637493130772	0.461630888034582	0.25209520056856	0.800967479583993	0.891630801910698
PA14_RS23930	276.494911933101	0.0433295755221317	0.172953664661481	0.250527073866517	0.802179770187843	0.892418074218636
PA14_RS05525	65.6673291259216	0.073566149996579	0.294028790923085	0.250200498276453	0.802432299939142	0.892493698828356
PA14_RS09980	28.2721856935797	0.116348326175203	0.468462412024411	0.24836213789793	0.803854225530479	0.893869633172084
PA14_RS04620	243.409020625057	-0.0502785863494539	0.20274681976963	-0.247987053047651	0.804144424153271	0.893986766713843
PA14_RS10475	48.8956928476009	-0.0927952971029517	0.374982709740916	-0.247465535589804	0.804547960768788	0.894024342435169
PA14_RS25630	3370.0012240609	-0.0271179406885244	0.109515409692758	-0.247617579705019	0.804430307612159	0.894024342435169
PA14_RS07150	19.4551547296422	-0.129682979742093	0.526303084478455	-0.246403609567677	0.805369812334721	0.894732003779167
PA14_RS04805	33.2033003904471	-0.0983708766137036	0.400338000173496	-0.245719558400832	0.805899330884805	0.895114644960707
PA14_RS28510	174.615393601591	-0.0489167867705339	0.201844592307191	-0.242348760555778	0.808509934153984	0.897808046284424
PA14_RS01225	41.0012404737828	0.0900562514300875	0.372611776940876	0.241689224558184	0.809020979633749	0.898169296948762
PA14_RS12935	165.035416253834	-0.0530246127193374	0.219687718684007	-0.241363572970624	0.809273342804186	0.89824326045468
PA14_RS18815	33.2184662193595	-0.101461832034264	0.420969889914338	-0.241019214117451	0.809540224717946	0.898333301224412
PA14_RS08295	20.0714698240933	-0.136420726363546	0.566700212646266	-0.240728207470605	0.809765775353143	0.898377446572104
PA14_RS02865	118.06160757678	0.057471401923402	0.239663190455342	0.23980070453961	0.810484760761925	0.89845701416894
PA14_RS02925	115.559418736466	0.0575653027708868	0.240200854742276	0.239654862313673	0.81059782988435	0.89845701416894
PA14_RS04175	21.9738244776171	-0.113648347368024	0.474020528790167	-0.239754062251451	0.810520921344678	0.89845701416894
PA14_RS25450	34.9835567001257	-0.0909993754568286	0.38005495269533	-0.239437415067126	0.810766420561053	0.89845701416894
PA14_RS28135	23.9007070839809	0.116586170870816	0.485462647496721	0.240154770860313	0.810210275319265	0.89845701416894
PA14_RS10090	39.6713438522017	-0.101371953695241	0.424774334150226	-0.238648961449233	0.811377796088427	0.898722634421354
PA14_RS24490	21.6948016566531	0.115820531746729	0.485131997182538	0.23874024475683	0.811307008121268	0.898722634421354
PA14_RS19310	167.163650669525	-0.0545254129606806	0.228840254842945	-0.238268450618978	0.811672889514437	0.898843621179715
PA14_RS08670	54.4062221495351	0.0739322553694759	0.312171735464429	0.236831996527438	0.812787127947916	0.899459622598654
PA14_RS10025	186.225409093803	0.0542921465653065	0.229033351896602	0.237049085278274	0.812618710703936	0.899459622598654
PA14_RS22515	17.5292773394117	0.13433781644413	0.566744544102111	0.237034159114774	0.812630290129843	0.899459622598654
PA14_RS27360	119.53563141874	0.0543711525347019	0.230316823919883	0.236071128497392	0.813377476943641	0.899906995767433
PA14_RS03060	268.16761984751	0.0446883881829226	0.189732131474835	0.235534107141203	0.813794209665648	0.89997152657018
PA14_RS28335	139.222343090287	0.0574022647583683	0.243977845420924	0.235276545947583	0.813994097853177	0.89997152657018
PA14_RS28600	125.262430708369	-0.0544942845736417	0.231555934415788	-0.235339615506422	0.813945149685945	0.89997152657018
PA14_RS27615	49.7856728191513	0.0810602774591005	0.345663330219018	0.234506441304431	0.814591833158625	0.900426538321168
PA14_RS01925	146.120346991201	0.0550633825225519	0.235278236950702	0.234035171447197	0.814957673900967	0.900625071066059
PA14_RS08905	189.886012300908	-0.0470915964275405	0.202194973258572	-0.232901914763819	0.815837571559675	0.901228623674871
PA14_RS11490	32.2774737920173	0.120496038412707	0.518548456961121	0.232371800157032	0.816249249730342	0.901228623674871
PA14_RS21645	141.35548745902	-0.0509861022989123	0.219195237287377	-0.232605885647354	0.816067456579654	0.901228623674871
PA14_RS28480	22.3570492482463	0.110333391072795	0.473968229255038	0.232786470194875	0.815927219563191	0.901228623674871
PA14_RS07440	153.271785416273	-0.0506229575045077	0.220724402622526	-0.229349165307657	0.818597543299044	0.903408881650885
PA14_RS16125	34.3788375372993	-0.0926444986487724	0.403655993834774	-0.229513496798697	0.818469831653547	0.903408881650885
PA14_RS11940	17.2739753671311	-0.132183386678276	0.577826764985875	-0.228759542977396	0.819055813009748	0.903708398748607
PA14_RS24965	147.188336209983	0.0525145965435027	0.229836916751204	0.22848634277647	0.819268172231416	0.90373651480637
PA14_RS16540	20.4108612203812	-0.122070254340663	0.537982967682962	-0.22690356697798	0.820498728345212	0.904256830812782
PA14_RS16560	99.3640805954361	-0.056637208395065	0.249810719987571	-0.226720488207563	0.820641094642948	0.904256830812782
PA14_RS19300	37.4179048655089	-0.0917706765715421	0.404851867408568	-0.226677172465477	0.820674778833189	0.904256830812782
PA14_RS20170	13.2119848814322	0.142527668862157	0.627561449237898	0.227113486711525	0.8203354971704	0.904256830812782
PA14_RS31075	12.5466641063446	-0.153144203569372	0.674185580687108	-0.22715437404237	0.820303704556614	0.904256830812782
PA14_RS09130	10.8048166370397	0.152625457017154	0.674309934613425	0.226343183130844	0.820934514454573	0.904336973098477
PA14_RS02810	81.8612712354714	0.0698283563922216	0.309232976709491	0.225811480829943	0.821348047283492	0.904380500150949
PA14_RS13785	17.2980542103246	-0.121348305834019	0.537375405368935	-0.225816635115088	0.821344038286479	0.904380500150949
PA14_RS01870	185.827764257032	-0.0510480239173415	0.226880209414814	-0.224999897739024	0.821979353815606	0.904457828225773
PA14_RS25475	33.2992112712772	0.0993088891955367	0.440614539988443	0.225387226663336	0.82167804767182	0.904457828225773
PA14_RS25775	94.7414063514797	0.059844602686356	0.265774430157944	0.225170655622482	0.821846516708062	0.904457828225773
PA14_RS06785	29.5012765039813	0.0957609759451198	0.429004660139119	0.22321663339057	0.823366906938316	0.905052157041674
PA14_RS08675	61.7638150162037	-0.0827760136398731	0.371021274418142	-0.223103146227093	0.823455229731879	0.905052157041674
PA14_RS18460	28.8747682743816	0.105394074849315	0.471500606586692	0.223529033424344	0.823123789294233	0.905052157041674
PA14_RS18735	15.3886723520711	0.157076685005762	0.703387056804277	0.223314721939033	0.823290570110582	0.905052157041674
PA14_RS20040	27.5630513996125	0.099675179595276	0.446602839889904	0.223185279385702	0.823391308358132	0.905052157041674
PA14_RS17610	11.3589642634429	-0.162435610062958	0.729547996354723	-0.222652396928767	0.823806053037589	0.905232009200132
PA14_RS31550	52.0728469581151	0.0729736605824077	0.328589481587136	0.222081547558778	0.824250402119375	0.905514526271989
PA14_RS27535	79.667838944692	0.0720704577171044	0.325627139987281	0.221328166073379	0.824836920392204	0.905936797915163
PA14_RS27795	26.9530272720973	-0.10903143305017	0.493117072576346	-0.221106587286713	0.82500944127758	0.905936797915163
PA14_RS08835	2025.3693405787	0.02898293358615	0.131742991169671	0.219996018982315	0.825874255151429	0.906680567062954
PA14_RS11060	29.1332015257034	-0.101469029163908	0.46225709669199	-0.219507780172639	0.826254519946607	0.906892160340852
PA14_RS19170	47.1572297484374	0.0760562413732381	0.347856313471453	0.218642693628959	0.826928392626197	0.90742584677565
PA14_RS04825	66.1997078190114	-0.0629868225004423	0.288867018074333	-0.21804781632853	0.827391855589223	0.90772845136785
PA14_RS20825	522.936207633075	0.0330519361214372	0.152714796758505	0.216429166151487	0.828653233672495	0.908906109784574
PA14_RS17370	35.9501783827626	-0.0932219853967309	0.431323031049084	-0.216130321559672	0.828886165041945	0.908955440848718
PA14_RS00615	11.1362500678676	-0.16368910906205	0.761182385714443	-0.21504584464131	0.82973157573509	0.909057974683937
PA14_RS17460	42.651818825804	-0.0793421634895729	0.368732419148452	-0.215175448019475	0.829630532226594	0.909057974683937
PA14_RS17890	1194.94540387446	-0.0261481564542098	0.121312562039393	-0.215543683313843	0.829343457977076	0.909057974683937
PA14_RS30890	3233.17647274959	0.0269847258759955	0.125371151931768	0.215238716883464	0.829581206542001	0.909057974683937
PA14_RS16190	19.6836418365797	0.151860480037339	0.706991937374603	0.214798036596102	0.82992478374109	0.909063704229199
PA14_RS12380	15.4118093705272	0.122908838121418	0.573254243757126	0.21440545702003	0.830230886526205	0.909193063233861
PA14_RS21110	62.6994266640184	-0.0680689469434105	0.318215729347366	-0.213908178212982	0.830618662550138	0.909411784490031
PA14_RS04965	77.0837170406777	-0.0614743238697789	0.287991452253307	-0.213458848826209	0.830969083286691	0.909589517151299
PA14_RS28540	131.812486028108	0.0497232478363383	0.233550960219031	0.212901063603877	0.831404132766012	0.909859784126824
PA14_RS07100	66.2764590984043	-0.0704726422916685	0.332644530036129	-0.211855707604795	0.832219606399564	0.910197633832042
PA14_RS15585	508.199903982044	-0.0353368120524962	0.166862206870449	-0.211772412191165	0.83228459224855	0.910197633832042
PA14_RS18940	22.3244506953523	0.114708212969632	0.542252337200673	0.211540283185874	0.832465701910488	0.910197633832042
PA14_RS18945	21.6635325861923	-0.101520994995688	0.479374378789274	-0.211778099722587	0.832280154884238	0.910197633832042
PA14_RS15555	13.6005887926356	0.132440019611572	0.62768995922217	0.210995918710714	0.832890456066001	0.910250450968402
PA14_RS23720	978.251541523065	0.028485920085584	0.134965869240008	0.211060175776202	0.832840315322794	0.910250450968402
PA14_RS24685	753.890634739377	0.0288233310492841	0.137281950248274	0.209957179346282	0.833701094009983	0.910930522058806
PA14_RS19415	10.9901773216249	-0.157001351044199	0.74882459553294	-0.209663720957857	0.833930142627263	0.910974964930076
PA14_RS28145	161.630086018799	0.0465881150387474	0.223180370320698	0.208746472513702	0.834646159401658	0.911551225579588
PA14_RS11020	30.5658304636079	-0.0931278211739353	0.447723064252523	-0.208003180111824	0.835226484290997	0.911979064807239
PA14_RS03100	651.943528011308	0.0299120283185817	0.144277807775839	0.207322448127679	0.835758043915567	0.912118737709812
PA14_RS09385	54.9622805046971	0.0755887410746275	0.364957980834231	0.2071162847346	0.835919044458532	0.912118737709812
PA14_RS18635	29.4686344357472	-0.0904917497345925	0.436915980084155	-0.207114763156895	0.835920232739845	0.912118737709812
PA14_RS07995	27.2586889828824	-0.0955014624305509	0.464831661877365	-0.205453866986683	0.837217538012936	0.912916350356383
PA14_RS18080	105.003462419049	-0.0502464350008087	0.244353520397703	-0.205630084309933	0.837079875804607	0.912916350356383
PA14_RS27800	139.983842669497	0.0555650845545903	0.270254280738887	0.205602976584396	0.837101052225294	0.912916350356383
PA14_RS20135	23.492282991635	0.0952370644315022	0.466265012303921	0.204255223785534	0.83815405852824	0.913731520974429
PA14_RS13920	16.2932015908171	0.116674635006704	0.573318540881803	0.203507521014845	0.838738367761467	0.913750562400193
PA14_RS16120	153.619055880909	0.0444095139543172	0.218126891342142	0.203594860225917	0.838670109967926	0.913750562400193
PA14_RS17220	48.5801895098692	-0.081524385289143	0.399663625996234	-0.203982499247783	0.838367174962512	0.913750562400193
PA14_RS02490	42.077362275623	0.0808556691508702	0.398149948198856	0.203078436947295	0.839073725381105	0.913910030617798
PA14_RS12420	42.4348823379801	-0.0831745097047322	0.410726344012404	-0.202505904277278	0.839521243086186	0.913985756768302
PA14_RS18665	142.929636515843	0.05009963506772	0.24730656283036	0.202581098108933	0.839462465187362	0.913985756768302
PA14_RS06830	132.261962196938	0.0501756624840458	0.249372429453556	0.201207738136868	0.840536141070309	0.914884712630208
PA14_RS17810	138.071674377243	-0.045843635824331	0.228486483745588	-0.200640471474787	0.840979709854269	0.915161538446275
PA14_RS10320	161.097461216559	-0.0439137005810268	0.221024293041622	-0.19868268766618	0.842510967279534	0.916209363113071
PA14_RS13905	28.7356414630898	0.0928997069133685	0.466677536485155	0.199066163786359	0.842210988879066	0.916209363113071
PA14_RS20705	119.886542602106	-0.0587812942378563	0.295676481599642	-0.198802738451983	0.842417053776133	0.916209363113071
PA14_RS17945	65.3846210483802	0.0638044647995503	0.323049994120465	0.197506472560893	0.84343121683116	0.917003903910857
PA14_RS24215	14.3939192792072	-0.132780720817989	0.674647413175611	-0.19681498546475	0.843972323777457	0.917385964888241
PA14_RS04545	384.007955539357	0.0358218561136126	0.183118616700407	0.195621050219155	0.844906782910236	0.917536639976469
PA14_RS04730	123.967274728019	0.0434712844526794	0.221668930057035	0.196109055254132	0.844524808811579	0.917536639976469
PA14_RS08115	66.3146779137033	0.0693412057332156	0.354100401884185	0.195823572535495	0.84474825905016	0.917536639976469
PA14_RS11840	17.2968020372079	0.114648045701497	0.587336183924936	0.195200038477707	0.845236348938307	0.917536639976469
PA14_RS11945	22.9268153940462	0.0940798820134156	0.48490426686282	0.194017434868295	0.846162230243761	0.917536639976469
PA14_RS12550	12.0394787247579	0.130768382562449	0.670855535944586	0.19492778333911	0.845449483415732	0.917536639976469
PA14_RS13855	13.2860471851403	-0.119846813331464	0.617856946670691	-0.193971782590219	0.84619797648781	0.917536639976469
PA14_RS16730	83.5909743763503	-0.0554545233256274	0.283204879468745	-0.195810621023383	0.844758396627275	0.917536639976469
PA14_RS23200	116.597260897377	-0.0468169289173643	0.241055007780807	-0.19421678623634	0.846006139605068	0.917536639976469
PA14_RS27815	301.452896380507	-0.0371748991062889	0.191485002930687	-0.19414000332833	0.846066259335801	0.917536639976469
PA14_RS28595	3174.11699987995	-0.0302704418513185	0.155551792688999	-0.194600404971477	0.845705785997468	0.917536639976469
PA14_RS27280	17.3783998010079	-0.106131044059032	0.55102786701187	-0.192605583878293	0.847267871512032	0.918490792789103
PA14_RS18380	12.5209342272127	0.142296396535008	0.743461253875108	0.191397192245491	0.848214419668234	0.919310832253604
PA14_RS05260	24.6414089693433	-0.0862405723723803	0.452069559895357	-0.190768368461577	0.848707071835371	0.919594075605721
PA14_RS07205	1183.80919404852	0.0256663067508413	0.135050021895042	0.1900503708973	0.849269659482633	0.919594075605721
PA14_RS12375	118.646606703013	-0.0509251458497878	0.267704125443446	-0.190229215800957	0.84912951820415	0.919594075605721
PA14_RS22255	21.7822452133265	0.103934491532449	0.547455339634759	0.189850174083223	0.849426537578733	0.919594075605721
PA14_RS28705	174.154236056183	0.0374078244693294	0.19634605213038	0.190519870725434	0.848901773758576	0.919594075605721
PA14_RS02020	48.5555612899468	-0.0661822587599673	0.350456137761476	-0.188846054124501	0.850213475233637	0.920034094032193
PA14_RS10675	77.0557890667926	0.0526247950040733	0.27842669974666	0.189007717478089	0.850086768140307	0.920034094032193
PA14_RS14475	10.7512986623124	0.129291907010901	0.6869375169814	0.188214945049219	0.850708157398573	0.920363456192281
PA14_RS10660	36.0995475686656	0.0827266132013692	0.441823641382297	0.187238991880447	0.851473254307523	0.920388444269012
PA14_RS17605	36.5671419306331	-0.0806971758068916	0.431041500640511	-0.187214399743363	0.851492535082622	0.920388444269012
PA14_RS25150	13.203833295135	0.118897927612474	0.633830363493623	0.187586355057397	0.851200923443343	0.920388444269012
PA14_RS25840	44.7039677732352	-0.0649939523153638	0.34599555678343	-0.187846205077268	0.850997214024356	0.920388444269012
PA14_RS26225	512.594920754827	0.028134956356644	0.150798392421826	0.186573317558602	0.851995188869015	0.920725973937555
PA14_RS00300	20.1088580776528	-0.103287578427506	0.558025907811727	-0.185094593246652	0.853154842300595	0.921505958437619
PA14_RS12330	108.873079376527	-0.046171462466166	0.250006399846077	-0.184681122141644	0.853479153813502	0.921505958437619
PA14_RS14770	309.726294222511	0.0402471194045206	0.217835210409598	0.184759476343808	0.853417693758401	0.921505958437619
PA14_RS19360	23.2889644497799	0.0938117547575703	0.50759354624095	0.184816681481286	0.853372823326723	0.921505958437619
PA14_RS27905	378.923079070351	-0.0300553896104897	0.163115406134549	-0.184258435930312	0.853810718915697	0.921658177829533
PA14_RS14105	20.3400955351961	-0.0968552981899429	0.532245453076443	-0.181974871988305	0.855602445877521	0.923386170110174
PA14_RS17700	43.447615274307	-0.0645507328469635	0.356127103740533	-0.181257568348389	0.856165409852505	0.923581512836652
PA14_RS21905	23.1347722295741	-0.0946089408967717	0.52135228979402	-0.181468352108227	0.855999972075067	0.923581512836652
PA14_RS04050	12.7925361973185	0.134575069736004	0.744387025113016	0.180786425872445	0.856535218129723	0.923774378874964
PA14_RS28580	131.123788963618	-0.0433251705633776	0.240005510684889	-0.180517399120309	0.856746396242266	0.923796114209052
PA14_RS11140	18.2770643335369	0.0927008856542727	0.514325292586541	0.180237851395719	0.856965843874878	0.923826754565071
PA14_RS11635	22.0520995207734	0.0875815166153598	0.489554386208025	0.178900483955922	0.858015842775025	0.924733145772778
PA14_RS24660	311.821645648195	0.030740771189403	0.172043837615004	0.178679873778414	0.858189073248186	0.924733145772778
PA14_RS04970	388.800776367624	-0.0281479479672106	0.159174977435621	-0.176836513004031	0.859636807770178	0.925210515031639
PA14_RS08790	81.9116636898276	-0.05324705091917	0.300062723250853	-0.177453068286177	0.859152526205326	0.925210515031639
PA14_RS20075	607.62014428203	-0.0374669700936857	0.211942245409611	-0.176779150476938	0.85968186661934	0.925210515031639
PA14_RS23735	510.790382667451	-0.0256531152161366	0.145202477375956	-0.176671332884465	0.85976655967256	0.925210515031639
PA14_RS25510	130.873131206041	-0.0397845114135435	0.225416179079425	-0.176493593210652	0.859906181555981	0.925210515031639
PA14_RS28085	60.7725861237623	0.0596501550667965	0.338132327783391	0.176410683526861	0.859971312048639	0.925210515031639
PA14_RS28385	1248.13702902539	-0.0262437825815824	0.148315253347183	-0.176945944461624	0.859550849513695	0.925210515031639
PA14_RS06735	70.1865773476455	0.058791111698464	0.337082135423628	0.174411828810146	0.8615418187492	0.926281955418215
PA14_RS11470	42.9902208694081	-0.0691661669429497	0.395843742189289	-0.174730984909381	0.861291019860535	0.926281955418215
PA14_RS25780	479.095958000871	0.0258356147637522	0.148084989798688	0.174464777280089	0.8615002098752	0.926281955418215
PA14_RS02440	64.4701196813911	0.0593829636630068	0.34290795966942	0.173174643482335	0.862514154067448	0.927042863505962
PA14_RS10505	16.975038840069	0.10361804273583	0.59886679406081	0.173023523366882	0.862632937505547	0.927042863505962
PA14_RS10290	61.5825898196458	0.0567440243449227	0.328634013755961	0.172666315626903	0.862913722287776	0.927138582755762
PA14_RS04960	28.5629303038751	-0.0735826813767585	0.428856655319861	-0.171578732576453	0.86376872842432	0.927211231448462
PA14_RS09165	249.427205330428	0.0341382604135002	0.199354020905389	0.171244403591447	0.864031594102734	0.927211231448462
PA14_RS15615	39.2853540868113	-0.0656695519517036	0.381120922411677	-0.172306341872171	0.863196698828881	0.927211231448462
PA14_RS19530	73.9581795803324	0.0538928153293795	0.31494706873946	0.171117056415477	0.864131724594338	0.927211231448462
PA14_RS24945	133.994798831472	0.0401315704992214	0.233329800818617	0.171995048889698	0.86344142141	0.927211231448462
PA14_RS27230	287.192362904669	0.030091962484057	0.175406054285123	0.171556008181693	0.863786594969371	0.927211231448462
PA14_RS23210	60.4184985683323	0.0513957875140618	0.30151007709231	0.170461259569532	0.864647398818017	0.927558744606018
PA14_RS16290	11.1383834576922	-0.130740806774009	0.770630896228762	-0.169654250061625	0.865282055535935	0.927576273200188
PA14_RS16915	306.610335089865	0.0291763186320558	0.172181465657338	0.169450983127999	0.865441924524766	0.927576273200188
PA14_RS17190	16.087603758191	-0.100375624807357	0.593162749674861	-0.169221052506041	0.865622771081978	0.927576273200188
PA14_RS18305	17.2245400895749	-0.0905846489146224	0.534285699619458	-0.169543465189394	0.865369186907123	0.927576273200188
PA14_RS20625	118.023953826434	-0.0438386351839347	0.258549334258735	-0.169556171202764	0.865359193651257	0.927576273200188
PA14_RS04325	434.363996166816	-0.0295220488858107	0.175310808079546	-0.168398338979849	0.866269914747472	0.927863348741197
PA14_RS05080	63.565374411489	0.0553189237911718	0.328511546069567	0.168392631714251	0.866274404376862	0.927863348741197
PA14_RS05320	31.8905113314528	0.0864449869088372	0.514517075605362	0.168011891164407	0.866573924262876	0.927978631030839
PA14_RS00130	147.956919384625	-0.037349047410101	0.223795084213034	-0.16688948973762	0.867457003143771	0.928513073750172
PA14_RS06395	1042.75386131918	0.0257058574488194	0.154021041611455	0.16689834830274	0.86745003278527	0.928513073750172
PA14_RS20110	12.6156863722104	-0.105560427213251	0.635125373105278	-0.166204078254882	0.867996350104278	0.928884786258971
PA14_RS04425	23.2483429667521	0.0933723834465914	0.563343273826349	0.165746868356812	0.868356160527658	0.929064246086672
PA14_RS03775	45.0114191951405	0.0587425720305267	0.357745789350268	0.164201994207155	0.869572131266291	0.929975964083045
PA14_RS07680	46.9431598423553	-0.0645852953255252	0.394565705721446	-0.163687047275013	0.869977514787365	0.929975964083045
PA14_RS20165	45.5693760879733	-0.0562865152388306	0.343642339943095	-0.163793888867569	0.869893402684202	0.929975964083045
PA14_RS23880	41.4790813194881	0.0625696146266281	0.381506271276788	0.16400677875419	0.869725807399465	0.929975964083045
PA14_RS11850	123.031478071344	0.0433964172593646	0.26574818882459	0.163299014195761	0.870283010042645	0.930042269871319
PA14_RS31545	77.5575062561586	-0.0511126949382711	0.313344676049645	-0.163119717183812	0.870424175648799	0.930042269871319
PA14_RS16795	218.504968532172	0.0349181437140382	0.214548352470369	0.162751861349579	0.870713811866196	0.930146232424326
PA14_RS03075	125.163816882926	0.0394917031222649	0.244136530918194	0.16176072861254	0.871494279696833	0.930568853304015
PA14_RS17360	85.6282825463215	0.0454851884075251	0.280775487318091	0.161998430995491	0.871307089434501	0.930568853304015
PA14_RS16160	11.5799347711551	0.111333828172144	0.693033320928645	0.160647150447196	0.872371316471717	0.931299710034707
PA14_RS00065	96.669996896315	0.0466195680722975	0.290833764443859	0.160296271519384	0.872647695796224	0.931389154021306
PA14_RS19365	15.6456026553637	-0.0941392510863549	0.588872950114868	-0.159863432456851	0.872988654661082	0.931547469978154
PA14_RS21590	284.403930551208	-0.0288170435594433	0.181408208159864	-0.158851927659462	0.873785535830358	0.932192113672096
PA14_RS06220	100.73802205588	-0.0431533682972073	0.273141340556074	-0.157989150266868	0.874465348174329	0.932711606477956
PA14_RS20150	58.3458628452749	0.0534105261724298	0.340439915269415	0.156886791991363	0.875334069414389	0.933432317461518
PA14_RS17110	11.002269930055	-0.118961870363968	0.765398099339179	-0.155424831165214	0.876486409587675	0.934455087470457
PA14_RS13930	50.4958582057364	-0.0520625942457847	0.336385324763412	-0.154770706131136	0.8770020860139	0.93479878509218
PA14_RS02040	24.9670556780001	0.072883808883872	0.475510029471019	0.15327501917247	0.87818139969216	0.935643368343531
PA14_RS24460	45.2165499716229	0.0620669869663632	0.404644411949373	0.153386492271957	0.878093496441257	0.935643368343531
PA14_RS25830	269.063922936406	0.0288350777785495	0.189378357776085	0.152261737387348	0.878980502134999	0.936143701692636
PA14_RS26170	114.236965580989	-0.0379047884364716	0.249064522602926	-0.152188629839111	0.879038161576977	0.936143701692636
PA14_RS00950	17.9535323676803	0.0832561984603636	0.549898869753967	0.151402745194973	0.879658024074538	0.936573015590238
PA14_RS04480	12.3803367962923	-0.0963025560264839	0.636978654237077	-0.151186472868275	0.879828620725072	0.936573015590238
PA14_RS09650	187.641586826163	-0.0305698101011545	0.204630435540232	-0.149390338834245	0.881245634681292	0.937241520030422
PA14_RS09725	32.3584281736885	-0.0779498167646495	0.520958864312803	-0.149627585025304	0.881058443479675	0.937241520030422
PA14_RS10020	219.115171689602	-0.0332758710333886	0.222622120095017	-0.14947243795534	0.881180856354245	0.937241520030422
PA14_RS10605	14.8771136206586	0.0870524424168745	0.58360927627593	0.149162197990349	0.881425647869801	0.937241520030422
PA14_RS18670	44.6374205711771	-0.0526747148212569	0.351563202873257	-0.149830000383308	0.880898739639038	0.937241520030422
PA14_RS06110	440.898970818797	-0.0256653183473403	0.172415723044242	-0.148857180158416	0.881666329961258	0.937291354515859
PA14_RS03450	192.172218887427	-0.088332788790511	0.594390497165042	-0.148610701570459	0.881860828155271	0.937292080210745
PA14_RS10365	3146.11512239881	-0.0182254883953813	0.123536344515361	-0.147531388166622	0.882712606610107	0.937785185757135
PA14_RS16285	67.1956998660017	-0.043110050136242	0.292179064564873	-0.147546677242066	0.88270053974453	0.937785185757135
PA14_RS04875	330.018734346884	0.0246368368515956	0.16831733854808	0.146371354633546	0.88362823942868	0.937987567003171
PA14_RS11565	242.91081831616	0.0352159379781684	0.240687906512392	0.146313699298204	0.883673751762818	0.937987567003171
PA14_RS22350	25.6142326841686	-0.0711462796120083	0.485738489900663	-0.14647033556381	0.883550106130197	0.937987567003171
PA14_RS22425	300.642799537713	0.0256099084557103	0.175042112268578	0.146307126461177	0.883678940294964	0.937987567003171
PA14_RS13240	19.1803405268898	-0.0810317514022264	0.557538740451679	-0.145338333505902	0.884443750263177	0.938436406562567
PA14_RS17525	27.1475539648387	0.0686009004698335	0.472198206720299	0.145279883518212	0.884489896838747	0.938436406562567
PA14_RS11465	50.9115526263338	0.0477924142482935	0.330759415367956	0.144492981991537	0.885111197858599	0.938786916538624
PA14_RS12810	17.1313202548261	-0.0819246647062951	0.567464221867898	-0.144369744468871	0.885208506909869	0.938786916538624
PA14_RS26680	158.44353457298	0.0308686145473169	0.215260249399296	0.143401369428209	0.885973201505931	0.939391888288245
PA14_RS25870	23.859552909807	-0.0656468450853638	0.463849592101179	-0.141526145981916	0.887454306410465	0.940756033713505
PA14_RS17235	61.7711409835239	-0.0487983896352624	0.347661551944494	-0.140361766673162	0.888374164524625	0.941318461796908
PA14_RS21445	200.371520626291	-0.028117130400864	0.200236517075772	-0.140419593845733	0.888328477576661	0.941318461796908
PA14_RS04195	524.633979830402	-0.0270486799531086	0.193798174089654	-0.139571386986316	0.888998649172866	0.941567557468239
PA14_RS18955	18.236429284662	-0.075371059105793	0.539866741173763	-0.13961048784358	0.888967753682696	0.941567557468239
PA14_RS05120	71.910409487306	0.0399527214526874	0.28727925564137	0.139072768632355	0.889392646567992	0.941778594001053
PA14_RS12685	30.5094025067876	0.0605312346348482	0.437087892414259	0.138487557503603	0.889855102538029	0.942062013107248
PA14_RS22085	119.785589737156	0.0348910684212498	0.253634841814302	0.137564177585646	0.890584868442825	0.942451240750452
PA14_RS24390	68.7377176459422	0.0436984753159228	0.31773964930091	0.13752918596111	0.890612524861366	0.942451240750452
PA14_RS02580	34.4103581324155	0.0551600147384866	0.404469972889309	0.136376043799875	0.891524011005759	0.942590755842555
PA14_RS07305	11.5313868403992	-0.0917123364113512	0.671542485035531	-0.136569671249465	0.891370950673024	0.942590755842555
PA14_RS28360	36.1047142620178	0.0647672680343806	0.474873114872199	0.136388576244859	0.891514104125807	0.942590755842555
PA14_RS28370	47.8131514447555	-0.048771245915452	0.357604605771216	-0.136383159300399	0.891518386210628	0.942590755842555
PA14_RS09390	217.817507952791	0.0274983493408194	0.203513828865271	0.135117841839749	0.892518703791449	0.943436164270043
PA14_RS17675	146.926126056101	-0.0302663964686059	0.22554580856299	-0.134191793061644	0.893250915405003	0.944003808325742
PA14_RS23300	31.4824476212243	0.0570534403482859	0.429488426009683	0.132840460634438	0.894319554946967	0.944926669810691
PA14_RS11575	89.6087459137366	0.0389183195613475	0.293672514413838	0.132522853352577	0.894570748077862	0.944985613303744
PA14_RS13290	41.5019257789793	0.0475686185905185	0.360364141463738	0.132001531554452	0.894983080345135	0.945214714249633
PA14_RS01565	67.2753191599087	-0.0396155035239313	0.301020723920036	-0.131603907558388	0.895297594627387	0.945340429610926
PA14_RS22220	55.3571947181134	-0.0439887027363857	0.334999713147422	-0.131309672844489	0.89553034022362	0.945379769771103
PA14_RS03580	2741.03316941347	0.0158989854361152	0.121417975419614	0.130944247597353	0.895819411485354	0.94547854079947
PA14_RS22260	27.3112352249326	-0.0637444028174118	0.488627576334801	-0.130456007611275	0.896205657471242	0.945679807883684
PA14_RS29080	37.1153121997657	-0.0493851952357938	0.38022977029939	-0.129882505509519	0.896659385615528	0.945952179065597
PA14_RS03570	2609.51500803739	-0.0161645381109118	0.125272473180844	-0.129035036193279	0.897329925687219	0.94605301804108
PA14_RS04715	69.8734422809041	0.0417242208432276	0.323816452600816	0.128851454297979	0.897475190203335	0.94605301804108
PA14_RS04820	32.8336026908382	-0.0608653570946372	0.474478961092236	-0.128278305437457	0.89792873300425	0.94605301804108
PA14_RS09805	89.6643208483625	-0.0350793806387195	0.272658328851209	-0.128656919399893	0.897629125351369	0.94605301804108
PA14_RS21900	12.2259977957496	-0.0871411437984297	0.675713747589252	-0.128961626294157	0.897388012993203	0.94605301804108
PA14_RS26065	40.9637989124319	0.0470708322444114	0.36690819282652	0.128290491094777	0.897919089931242	0.94605301804108
PA14_RS02475	20.5365716912778	0.0748819305569991	0.592627884320036	0.1263557327258	0.899450341395057	0.946584807256354
PA14_RS11555	30.0618998400766	0.0577180945602273	0.454071122937405	0.127112453632476	0.898851394845847	0.946584807256354
PA14_RS19650	16.4350439916256	-0.0820405362906105	0.648549645426593	-0.126498467571665	0.899337362003664	0.946584807256354
PA14_RS23235	27.8598466442334	0.0605684484597347	0.478188216395496	0.126662360934549	0.899207637456353	0.946584807256354
PA14_RS26770	234.328238721389	0.0225747489335575	0.177863152131333	0.126922010900203	0.899002125348047	0.946584807256354
PA14_RS27625	57.5279206452853	-0.0387126521853223	0.307464319234492	-0.125909413754763	0.899803630884504	0.946584807256354
PA14_RS28040	82.6350115186642	0.0342185373165916	0.271475491577034	0.126046506510816	0.899695111244379	0.946584807256354
PA14_RS02215	98.7118678330051	0.0312288313205923	0.250030746843133	0.124899964163947	0.900602746742705	0.946601800314654
PA14_RS04680	36.6071579252965	-0.0532151527676122	0.424736371246036	-0.125289841817635	0.900294093870297	0.946601800314654
PA14_RS08060	41.6702244823647	-0.0480035356120482	0.38281570953185	-0.125395939656584	0.900210102429018	0.946601800314654
PA14_RS14725	39.6881909679427	0.0469738939381648	0.375758783148762	0.125010767664659	0.900515025850567	0.946601800314654
PA14_RS01150	38.8832448777132	-0.0524030374334133	0.426059941849453	-0.122994518578632	0.902111438551232	0.947569703916976
PA14_RS02945	18.1019380147044	-0.068097634764502	0.552340376298257	-0.123289257288933	0.901878047374118	0.947569703916976
PA14_RS29325	127.055994105867	-0.030344842416824	0.246714122299869	-0.122995968507799	0.902110290392637	0.947569703916976
PA14_RS21745	33.8645938751217	0.0556856413887667	0.455598542675383	0.122225240365712	0.902720637393865	0.948003692168671
PA14_RS07435	14.455167441675	-0.0764263345366418	0.627004497594085	-0.121891206251154	0.902985180091233	0.948075625471386
PA14_RS07245	34.8936224631731	-0.0488934306989511	0.405741656360559	-0.120503847540619	0.904084031960257	0.948776291645993
PA14_RS18760	23.7063411194874	0.0577746933130085	0.479752276320893	0.120426095225788	0.904145620823693	0.948776291645993
PA14_RS20155	29.3684894424524	-0.0577268798148478	0.479835478637368	-0.120305568022565	0.904241093506283	0.948776291645993
PA14_RS00600	10.2964369552429	0.0814113297638341	0.68164929132684	0.119432867898044	0.904932422828582	0.949295704294799
PA14_RS12500	308.287380953442	-0.0200756663097289	0.168997187734896	-0.118792901697402	0.9054394324874	0.949465413085693
PA14_RS17160	12.2757998499248	0.0900126041347541	0.758109204742514	0.118733031562816	0.905486866243014	0.949465413085693
PA14_RS05425	12.0192544015214	-0.0883559209645007	0.748292066662523	-0.1180767843211	0.906006818180477	0.949689300155304
PA14_RS26235	333.687409299545	0.0207585057850385	0.175967501674162	0.117967838308445	0.906093141215172	0.949689300155304
PA14_RS03785	39.8458992154651	-0.0477692204383414	0.409680876667159	-0.116601050131884	0.907176205517943	0.950618446345562
PA14_RS03030	285.80633854992	0.0211441162960751	0.181884225219704	0.116250412978555	0.907454083778022	0.950655266495348
PA14_RS06625	485.750934404163	-0.0189146099783511	0.163555199853175	-0.115646644040244	0.907932594287492	0.950655266495348
PA14_RS09865	41.1721029006059	0.0507116773053176	0.440164640656349	0.115210702135681	0.908278116087538	0.950655266495348
PA14_RS17935	48.1115421911337	-0.0399082872562736	0.346821956518754	-0.115068514279936	0.908390816061828	0.950655266495348
PA14_RS25195	114.501655531518	-0.0313180442919302	0.271994171527325	-0.115142336014299	0.9083323037489	0.950655266495348
PA14_RS25520	468.212119724754	0.0187412172089759	0.162139645506425	0.115586889008174	0.907979954308533	0.950655266495348
PA14_RS13835	21.4095658089046	0.0603923448165708	0.526193905847759	0.11477203393162	0.908625816233912	0.950695466747555
PA14_RS28375	197.511546215369	0.0216230387554207	0.18928951888339	0.114232625678242	0.9090533896278	0.950937095444525
PA14_RS10520	153.502937485357	0.0269576543428617	0.238021545680251	0.113257202266368	0.909826646501443	0.951334413509401
PA14_RS28795	78.0052326923323	0.030591071697454	0.269770235042201	0.11339676407469	0.909716005059775	0.951334413509401
PA14_RS00965	19.3444900787328	-0.0585393069605493	0.5195558397362	-0.112671829442379	0.910290735848751	0.951593373229455
PA14_RS12970	91.5619552876634	0.0287597113585566	0.256323893180302	0.112200665344633	0.910664301633489	0.951593373229455
PA14_RS22190	13.8684520717046	0.0702091309162149	0.6257484007728	0.112200256252364	0.910664625993779	0.951593373229455
PA14_RS16990	77.2287782707463	-0.0354054555155426	0.316308198985396	-0.111933410607473	0.910876205223946	0.951608841750486
PA14_RS02165	389.525104587036	0.0178899141966069	0.165225494729645	0.108275749005199	0.91377695899471	0.951965828026372
PA14_RS03865	15.028764498021	-0.0732022398383018	0.671480601247258	-0.1090161647296	0.91318966914994	0.951965828026372
PA14_RS04040	10.6969190839262	0.0762352987524656	0.691144557561202	0.110302971959256	0.912169100365773	0.951965828026372
PA14_RS05690	27.250684443457	0.0474411664707403	0.431736335075315	0.109884581436641	0.912500910719276	0.951965828026372
PA14_RS06540	30.2271488692715	0.0457580590094789	0.418804624782707	0.109258724239782	0.912997283829714	0.951965828026372
PA14_RS08630	12.9495634999047	-0.0774276892627342	0.703185083252205	-0.110109971196536	0.912322160373742	0.951965828026372
PA14_RS12000	34.1348547470344	-0.0425204426938345	0.386461993526437	-0.110024901299708	0.912389626420545	0.951965828026372
PA14_RS19025	22.4454041836592	-0.0525545221471063	0.484845132876368	-0.108394451307212	0.913682802419075	0.951965828026372
PA14_RS20160	43.9492055465258	0.0443211357501527	0.40430223906206	0.109623770209567	0.912707758369435	0.951965828026372
PA14_RS22915	72.4348622972866	0.0319007932933947	0.287942182826721	0.110788884699787	0.911783759812194	0.951965828026372
PA14_RS23155	34.1474579998361	0.0447581142339731	0.409709179813238	0.109243620693038	0.913009263012049	0.951965828026372
PA14_RS24905	47.6233555515027	-0.0390137971660538	0.357283015762024	-0.109195778822131	0.91304720830231	0.951965828026372
PA14_RS25490	43.7880675878787	0.0374518917767735	0.345492356948762	0.108401505919066	0.913677206625584	0.951965828026372
PA14_RS06705	197.392702157737	0.0220382601568271	0.206957915731469	0.10648667425421	0.91519622769697	0.953239060336538
PA14_RS05680	154.29963565067	0.0225919596134633	0.214290830036175	0.105426627959999	0.916037287742364	0.953498993439963
PA14_RS11985	178.82007306055	-0.0210934120497541	0.19960742170885	-0.10567448779796	0.915840622776199	0.953498993439963
PA14_RS27340	189.430889099879	0.0240144882432305	0.227675011592966	0.10547704851406	0.915997281019453	0.953498993439963
PA14_RS05025	18.4908428886608	0.0635416010181417	0.604826477264287	0.105057571727926	0.916330125789141	0.953598555695349
PA14_RS16660	242.802901070585	0.0209548061127239	0.202716455777711	0.10337002998761	0.917669297304056	0.954786730155425
PA14_RS08700	44.0506015647881	0.037158353726141	0.360853239696611	0.102973590475125	0.917983931255898	0.954849818410907
PA14_RS27080	81.8232207619498	0.033541656174759	0.326293180006196	0.102796068781217	0.918124825395103	0.954849818410907
PA14_RS26715	399.773290831392	-0.0155202920962629	0.151530113381674	-0.102423813655906	0.918420282504829	0.954951727842045
PA14_RS20000	85.196322035677	-0.0333960100301789	0.327679373655231	-0.101916729324918	0.918822771026004	0.955164858272089
PA14_RS31330	16.1230442911624	-0.0637778311068855	0.630230032577126	-0.101197702124867	0.919393520794273	0.955494386779485
PA14_RS05985	413.797831811988	0.0171439212568339	0.169708902064331	0.101019575569084	0.919534920610365	0.955494386779485
PA14_RS00370	22.0646771065355	0.0502724408457195	0.506396589945923	0.0992748407944217	0.920920053857932	0.956111932257827
PA14_RS10875	67.1161402995469	0.0289229382242926	0.291092336233485	0.0993600126974608	0.920852430850326	0.956111932257827
PA14_RS16565	136.144245311233	-0.021512732236273	0.216484773880148	-0.099372957509626	0.920842153248976	0.956111932257827
PA14_RS25375	438.449588155248	-0.0520022961807426	0.522033895390148	-0.0996147886946652	0.920650152546683	0.956111932257827
PA14_RS06695	935.906459784704	-0.0138504924217647	0.140498736939483	-0.0985809034548873	0.921471032988633	0.956324468272085
PA14_RS10115	16.9615105228012	-0.0545982194102208	0.554190337390777	-0.0985188945503425	0.921520269261356	0.956324468272085
PA14_RS06450	16.186306389705	0.0605026336485711	0.621436306320412	0.0973593480670825	0.922441026853662	0.957074620438599
PA14_RS06595	61.4152162068574	0.0331322719955682	0.345683826011859	0.095845595027728	0.92364320442816	0.957910902126224
PA14_RS12700	64.1153400160816	-0.0292434071357927	0.30439307002541	-0.0960711987738469	0.923464025525502	0.957910902126224
PA14_RS04645	106.684221695758	-0.0238197825622429	0.258338311291993	-0.0922038331949924	0.926536092571739	0.960682413554987
PA14_RS05405	28.8044849504116	-0.0404770310245258	0.443009339923927	-0.0913683468422503	0.927199912080929	0.960682413554987
PA14_RS06050	14.4906747281905	-0.060906864953974	0.662641114958798	-0.0919153121939333	0.926765325591266	0.960682413554987
PA14_RS10100	121.108844569557	-0.02117343057887	0.233500753386728	-0.0906782109769136	0.927748284412559	0.960682413554987
PA14_RS12975	186.485329291357	0.0179326602628385	0.196774585275112	0.0911330100773263	0.927386903519443	0.960682413554987
PA14_RS16455	38.1242289709946	0.0375904670888629	0.418922585813756	0.0897312972893155	0.928500744614559	0.960682413554987
PA14_RS18640	38.6690756363497	-0.0352216595071879	0.392380112213214	-0.0897641302677669	0.928474652979371	0.960682413554987
PA14_RS21140	66.5743251358663	-0.026803032072544	0.298563540603939	-0.0897732925404301	0.928467371939497	0.960682413554987
PA14_RS21995	35.1859960913198	0.0350735735809237	0.38983242962522	0.0899708975331863	0.928310341416415	0.960682413554987
PA14_RS23900	349.696605415547	-0.0181408549704489	0.201322495303657	-0.0901084349420906	0.928201046375734	0.960682413554987
PA14_RS26285	24.6200237193604	0.0466975001620119	0.511395162699545	0.091313926231734	0.927243152686498	0.960682413554987
PA14_RS02225	188.822282187946	-0.0172823236985203	0.193566279500938	-0.0892837520206433	0.928856406504513	0.960764286573256
PA14_RS22005	765.047541558489	-0.0130292138292042	0.146179283849964	-0.0891317393686042	0.928977213402925	0.960764286573256
PA14_RS25380	73.821587979137	0.0254448793339372	0.286920079251554	0.0886828116049302	0.929333993058275	0.960927772168018
PA14_RS03150	55.4968538812274	0.0302484608275728	0.348026562159937	0.086914230453686	0.930739688059878	0.962175530452665
PA14_RS03000	1219.57559552853	0.0126815543066794	0.147987928578166	0.0856931671962762	0.931710333936512	0.962561669497324
PA14_RS11275	23.9306194158697	0.0454085739872846	0.528909264718127	0.0858532398964202	0.931583083356559	0.962561669497324
PA14_RS15115	19.308603835865	-0.0470349952370312	0.545958960833002	-0.0861511553272559	0.931346258678638	0.962561669497324
PA14_RS07075	29.0282287517858	-0.0365021038025565	0.427391517980279	-0.0854067108656117	0.93193805815959	0.962591296296407
PA14_RS28635	18.9430445401801	-0.0467399282331777	0.550061917865945	-0.0849721217104301	0.932283554183585	0.962742530008929
PA14_RS08255	88.40764230278	-0.0259947920822065	0.310317083872868	-0.0837684853111603	0.933240505002904	0.963524996198557
PA14_RS04085	33.4583974209531	0.0343420615659879	0.415547290923892	0.0826429682398717	0.934135434397481	0.963920286377746
PA14_RS08210	15.3640782380656	-0.0618344521299209	0.7491912314424	-0.0825349383906596	0.934221336280499	0.963920286377746
PA14_RS20250	55.3950465540902	0.0271765825369573	0.327491577569649	0.0829840655403652	0.933864209765312	0.963920286377746
PA14_RS00800	23.1585730791347	-0.0452333207132762	0.54983448844996	-0.0822671579601957	0.934434270019629	0.963934328032194
PA14_RS19785	18.4934653953073	0.0433897337792986	0.533971748030122	0.0812584821938014	0.935236391167018	0.964483039426078
PA14_RS29280	102.721015392005	-0.0198838680635293	0.245187198796403	-0.0810966810711856	0.935365065117516	0.964483039426078
PA14_RS02630	45.4387565525567	0.0279906590069264	0.351005888199214	0.0797441295088482	0.936440760914883	0.964768220427027
PA14_RS03080	152.401139361163	0.0179533541108782	0.224392429598632	0.0800087335521576	0.936230309871157	0.964768220427027
PA14_RS08815	30.4072651777572	0.0346295253885756	0.430707331076695	0.0804015230063712	0.935917915644225	0.964768220427027
PA14_RS10975	82.4681167115618	-0.0209367520902478	0.263372826794641	-0.0794947312714713	0.93663912218877	0.964768220427027
PA14_RS23180	147.601074173043	0.01834269640287	0.230091802636159	0.0797190347188296	0.936460720117885	0.964768220427027
PA14_RS23700	151.589894555265	0.0173504829699372	0.219886783751373	0.0789064384586002	0.937107042062708	0.965044645531358
PA14_RS29815	2679.42078134067	-0.0087108356357787	0.112373406613471	-0.0775168778654299	0.938212365076916	0.965977218972102
PA14_RS24600	10.358355249255	0.0633724920046201	0.820808945266067	0.0772073603365492	0.93845858642524	0.966025058312571
PA14_RS07910	21.0035143268609	0.0388672576688252	0.506858844432545	0.0766826071908425	0.938876041245732	0.966043518183906
PA14_RS23495	215.322357585451	-0.0142145709991629	0.184933503759181	-0.0768631465376496	0.938732415582988	0.966043518183906
PA14_RS10455	57.0130735396162	-0.0259310457965853	0.340792083349003	-0.0760905169561393	0.939347084641968	0.96632259122071
PA14_RS19830	12.8845895106315	0.0473182872541209	0.625407958284161	0.0756598738908617	0.939689700444185	0.966469457964287
PA14_RS24975	11.3502394700925	-0.0544046123499626	0.73233202720892	-0.0742895439890983	0.940779996729965	0.96738508700534
PA14_RS03990	87.0767134301728	-0.0224849819908244	0.30397253020088	-0.0739704406051599	0.94103390578532	0.967440469468071
PA14_RS02045	45.4182454786718	0.0341569088178678	0.466533032217608	0.0732143416630268	0.941635554020212	0.967647585899223
PA14_RS26245	322.687480959439	-0.0125148302701679	0.170735831636947	-0.073299378051934	0.941567886613092	0.967647585899223
PA14_RS20310	23.6260522233626	0.0337801110928603	0.47014308172541	0.0718507033409666	0.942720721626988	0.968556917312112
PA14_RS00135	51.2424857253276	-0.0248898383489178	0.349291789109666	-0.0712580115678105	0.943192412154348	0.968835706282588
PA14_RS26815	326.179232554098	-0.0125266999298705	0.176840126272439	-0.0708362982650894	0.943528042534904	0.96897464720722
PA14_RS00835	85.7965353858729	-0.0183382823183685	0.260087009094354	-0.0705082594560334	0.943789126818036	0.969036988809347
PA14_RS27755	216.274031712048	0.014236996561807	0.203409124247569	0.0699919269328308	0.944200085254372	0.969253154805804
PA14_RS12745	166.727050348342	-0.0202262183141334	0.294814891262299	-0.0686065016171046	0.945302843521583	0.969973382404069
PA14_RS21510	14.3873097295116	0.0436673837809969	0.635076235926151	0.0687592785097924	0.945181232376847	0.969973382404069
PA14_RS00765	18.398005963064	0.037060085821147	0.558425855430666	0.0663652756417694	0.947087015255615	0.970078356557686
PA14_RS01485	165.643408374599	0.0151302273252175	0.230263805455846	0.0657082310233894	0.94761011916902	0.970078356557686
PA14_RS02250	451.898446236688	0.0106410897622981	0.156363628547196	0.0680534844398689	0.945743058503849	0.970078356557686
PA14_RS02690	147.851217620644	0.0378720747108353	0.560334578557971	0.0675883234054547	0.946113350716212	0.970078356557686
PA14_RS06070	10.6867230522226	-0.0461110457865379	0.687969662866752	-0.0670248243133197	0.946561940688775	0.970078356557686
PA14_RS07015	637.806024140794	0.0126990913275309	0.188052871704029	0.067529366674696	0.946160284152389	0.970078356557686
PA14_RS13020	216.929939521995	0.0121181932301891	0.18442983548457	0.0657062519106513	0.947611694867351	0.970078356557686
PA14_RS15970	50.8673817428079	-0.0254265825639191	0.382135695886438	-0.0665380984755615	0.946949426704161	0.970078356557686
PA14_RS16825	11.6343765073408	-0.0431998196144072	0.653805109351348	-0.0660744601051934	0.947318544288952	0.970078356557686
PA14_RS18425	213.060516140488	-0.0134650420532784	0.200715251440341	-0.0670852959934666	0.946513799620874	0.970078356557686
PA14_RS20675	57.0719854431057	0.0217413043811736	0.330167382344002	0.0658493404976066	0.947497773412896	0.970078356557686
PA14_RS20185	47.6379295329118	0.0250582468684315	0.392509859687128	0.0638410634790311	0.949096781001484	0.971393022840884
PA14_RS04770	18.7095935350683	0.0353440382820741	0.563381654848872	0.0627355150418506	0.949977116168809	0.972088305923055
PA14_RS11605	35.6365946629119	-0.0260312815194883	0.421601879784801	-0.0617437510780918	0.950766898091228	0.972410092009745
PA14_RS20175	74.366194353103	-0.0219392866863274	0.356254839910303	-0.0615831259776043	0.950894814953285	0.972410092009745
PA14_RS22740	10.9026684978432	0.0428310931909361	0.690893444475852	0.0619937756442747	0.950567788785173	0.972410092009745
PA14_RS19470	10.9072797431429	-0.0439705906565629	0.720774795882132	-0.0610046174030666	0.95135553175104	0.972675550010154
PA14_RS11515	59.6017680888864	-0.0202117544587964	0.337400499490534	-0.0599043406554396	0.952231822762801	0.973365693274341
PA14_RS16270	10.6131509164757	-0.0441077887605748	0.750668218198145	-0.0587580340972051	0.953144834615106	0.974093072738515
PA14_RS06455	65.1657662633961	0.0171227837291162	0.29445317260283	0.058151126638435	0.953628250092624	0.974381199545305
PA14_RS06570	20.3369318357326	-0.0290062171722631	0.513339949249522	-0.056504889624641	0.954939600393327	0.975462099024708
PA14_RS07235	103.257711114008	0.0137628959268502	0.244384081454929	0.0563166628731031	0.955089544847393	0.975462099024708
PA14_RS30770	1164.97436901762	0.00846957035523564	0.151684407974869	0.0558367894783151	0.955471826881906	0.975646485388703
PA14_RS03155	38.9051517031147	-0.0240283358227926	0.447249123172474	-0.0537247242707875	0.957154484125593	0.976763694279255
PA14_RS09040	16.5333888340543	-0.0308765456844751	0.570585958704823	-0.0541137495822049	0.956844537716567	0.976763694279255
PA14_RS28095	49.1945580146653	0.0201437817397504	0.375096672612311	0.0537029070385021	0.957171866664473	0.976763694279255
PA14_RS21595	29.70489189821	-0.0254278183417355	0.479465891690249	-0.0530336334292633	0.95770510980916	0.977101668995168
PA14_RS15745	93.8375557981441	0.0142188295624743	0.275174008948899	0.0516721387197391	0.958789937653231	0.978002138471003
PA14_RS03875	49.4091584049431	-0.0164599005612233	0.334807896935949	-0.0491622232087678	0.960790016355815	0.97866087207716
PA14_RS08355	108.035701742848	0.0125066428670466	0.253879831043728	0.0492620576263599	0.960710456414284	0.97866087207716
PA14_RS09790	47.7372479164445	0.0175585079451001	0.35588701923226	0.0493373093038863	0.960650487183296	0.97866087207716
PA14_RS09970	59.9965899499318	-0.0150845104555333	0.307320050514745	-0.0490840426137752	0.960852320227948	0.97866087207716
PA14_RS10040	20.9098691165355	-0.0267871724779457	0.539203191235133	-0.0496791801557874	0.960378047798274	0.97866087207716
PA14_RS11680	3156.57893260322	0.00705371047407957	0.141099162274553	0.0499911577104503	0.960129434637728	0.97866087207716
PA14_RS12805	10.880747237846	0.0361354435905856	0.73248695239462	0.0493325423373794	0.960654286046367	0.97866087207716
PA14_RS06965	37.5894526584995	0.0180406814065747	0.373137601440337	0.0483486020624468	0.961438420972631	0.979051632727657
PA14_RS07725	18.2968481807865	-0.0250076238185242	0.523963654423948	-0.0477277834204318	0.961933191361851	0.979298642813804
PA14_RS27730	31.0877517249969	-0.0203501512588347	0.428099240062741	-0.0475360602271854	0.962085990903305	0.979298642813804
PA14_RS07770	94.892404829854	0.0127390598052022	0.270851117589525	0.0470334400632166	0.962486575694191	0.979500227284745
PA14_RS24365	25.7934153926268	-0.0203158542716535	0.437307486742438	-0.046456680682485	0.962946260589669	0.979761859080926
PA14_RS00620	810.653021267586	-0.00798375221427267	0.173116596428147	-0.0461177748349875	0.963216378811463	0.979830544369423
PA14_RS10880	86.5940937297337	0.0120494950610752	0.264324852906908	0.0455859330992189	0.963640281277257	0.980055604680718
PA14_RS27465	13.992705610923	-0.0316389511285324	0.701923216536132	-0.0450746611355371	0.96404779837349	0.980263909363793
PA14_RS18830	13.4188373535387	-0.0287265747678601	0.641241194181602	-0.0447983925994072	0.964268006328109	0.980281706664438
PA14_RS18680	11.9090563023735	0.0333305436124872	0.760807498876327	0.043809430981838	0.96505630946701	0.980617002822087
PA14_RS24220	18.8751057414515	0.0235563437615305	0.540017362580949	0.0436214562601205	0.965206148352592	0.980617002822087
PA14_RS28300	118.229220066059	0.0105521868616059	0.240873419881853	0.0438080169525625	0.965057436617003	0.980617002822087
PA14_RS02545	17.1381785899196	0.0307780178714435	0.725860457960501	0.0424021139792111	0.966178143154908	0.981151275506317
PA14_RS10885	53.7275820915038	-0.0145260833112434	0.344234480979251	-0.0421982227635092	0.966340679329319	0.981151275506317
PA14_RS21290	183.666250702705	-0.0089521500827462	0.212040725314287	-0.0422190127367152	0.966324106100418	0.981151275506317
PA14_RS28900	87.7970167922838	0.0129584857109462	0.308971116094572	0.0419407673919261	0.966545917295023	0.981153664155905
PA14_RS10120	14.7677246323975	0.0256626315076128	0.645937270745965	0.0397292936479361	0.968308947154169	0.982265619102537
PA14_RS16945	18.8017453990578	-0.0225803088681156	0.570964876811799	-0.039547632061365	0.968453778304569	0.982265619102537
PA14_RS21425	91.2019661081629	0.00995475418523084	0.250581213293773	0.0397266580937184	0.968311048363352	0.982265619102537
PA14_RS28395	26.2008242078448	0.0198832691042947	0.497330425041201	0.0399799974084584	0.968109073296983	0.982265619102537
PA14_RS06535	30.2177084539735	-0.0216967065817257	0.552859220889855	-0.0392445413984482	0.968695422069528	0.982304688850543
PA14_RS03855	13.2081153243992	0.0249753409982801	0.644747675848645	0.038736612684034	0.969100382603692	0.982509318715189
PA14_RS27590	63.4630167783045	-0.0128462556290759	0.334005018786294	-0.0384612652700744	0.969319914454679	0.98252590783962
PA14_RS07190	60.0716162822342	-0.0115050690548659	0.302282582682112	-0.0380606416445928	0.969639331974681	0.982643715303763
PA14_RS07700	35.543633163059	-0.0144753026528895	0.405737391167669	-0.0356765310962127	0.971540284108295	0.98436388308144
PA14_RS05515	46.9316841339954	0.0141732577745392	0.401493937159048	0.035301299628155	0.971839487024774	0.984460779064057
PA14_RS27680	144.5574927062	0.00744168144522732	0.212361109277363	0.035042581339636	0.972045786709633	0.984463544403725
PA14_RS29655	32.5498419057307	0.0131521026102963	0.406158357172101	0.0323817111677044	0.974167647213279	0.986405934238572
PA14_RS00905	11.1805422812546	0.0249397996802122	0.777337698042188	0.0320836101774376	0.974405373865624	0.986440106345857
PA14_RS05545	42.4410409939391	0.0119149479472399	0.376935651951799	0.0316100318066054	0.974783043164065	0.986606746434535
PA14_RS15720	13.4681478318577	-0.0195850422792482	0.624412328580816	-0.0313655598757342	0.974978006867379	0.986606746434535
PA14_RS06495	38.7078295937365	0.013533282041916	0.438030639582544	0.0308957429434928	0.975352684943048	0.986779410959117
PA14_RS05055	71.3596804332152	-0.00887359713155957	0.293796944918515	-0.0302031633923922	0.975905025661561	0.987131709704938
PA14_RS16535	22.0869877234188	-0.0152326501742834	0.516750138626566	-0.0294777863335832	0.976483535179481	0.987510325413628
PA14_RS09585	114.056116997611	-0.00732778302640081	0.252315335805473	-0.0290421626692176	0.976830963816178	0.987611658099643
PA14_RS17280	76.1423627991031	-0.00802438773127068	0.280730365311415	-0.0285839678310866	0.977196398677997	0.987611658099643
PA14_RS25015	307.417512113018	0.00496389378613427	0.172241799892587	0.0288193329913519	0.977008681785985	0.987611658099643
PA14_RS05445	32.2915510507175	0.0126174133766918	0.447230895490677	0.0282123026470447	0.977492825037201	0.98770482697031
PA14_RS03410	43.0785577349686	0.00987416054838925	0.369845657165917	0.0266980573032918	0.978700562628725	0.988353477682381
PA14_RS04440	41.966851119104	-0.00989417254678327	0.368961643305117	-0.0268162632249585	0.978606281704935	0.988353477682381
PA14_RS09620	66.9961828079522	-0.00841332068709269	0.318897987455783	-0.0263824828567137	0.97895226594264	0.988353477682381
PA14_RS29305	100.577702104246	-0.00631947059687446	0.238832644066231	-0.0264598276403204	0.978890575270148	0.988353477682381
PA14_RS22225	10.5328600067144	0.0188062971955452	0.727269380822791	0.0258587776296437	0.979369979728239	0.988568821115793
PA14_RS24675	95.305911621575	-0.00673273637766396	0.266182533154958	-0.0252936821130352	0.979820713263999	0.988817397609495
PA14_RS05105	121.29202248679	0.00600134486972915	0.241333344557575	0.0248674499610948	0.980160690369246	0.988954120305794
PA14_RS08610	262.342566329088	-0.00433299177914991	0.179445700049595	-0.0241465344555616	0.980735725001583	0.989327902817618
PA14_RS17855	1397.60693493573	0.00309103426457187	0.137047985420637	0.0225543940327518	0.982005722852803	0.990052535119194
PA14_RS26690	2185.80045975575	0.00283933107848768	0.126327129346907	0.022476019942562	0.982068240481136	0.990052535119194
PA14_RS28445	293.868257712241	0.00394692809584174	0.17514675482178	0.0225349770245981	0.982021211447187	0.990052535119194
PA14_RS01975	159.558982471511	-0.00458820332719651	0.227054550084743	-0.0202074934216648	0.983877850221066	0.991450642611165
PA14_RS10330	71.3933205303176	-0.00628572023855752	0.315123165970279	-0.0199468681371092	0.984085757204012	0.991450642611165
PA14_RS16900	1300.72720579342	0.00252362983297118	0.126392619274633	0.0199665917792851	0.984070023147959	0.991450642611165
PA14_RS28720	26.494914329041	-0.00901622068240065	0.457456129017429	-0.0197094761890427	0.984275131343301	0.991450642611165
PA14_RS07585	31.3698007875951	-0.00776294462118934	0.415854212071451	-0.0186674666165352	0.985106381609619	0.991874757748098
PA14_RS27820	150.585420763002	-0.00396409071403583	0.210870047661927	-0.0187987376964564	0.985001660818144	0.991874757748098
PA14_RS13505	35.608926265605	-0.0077920654163788	0.445326236742121	-0.0174974317107012	0.986039781731639	0.992607906838927
PA14_RS29295	78.6931845702093	-0.00493320190452912	0.288949093153283	-0.0170729101472283	0.986378450333323	0.992742182270957
PA14_RS01540	15.4511727072127	0.0100703073084635	0.607404745507591	0.016579237128034	0.986772288654364	0.992931915924366
PA14_RS11320	443.340678113612	-0.00224226952828354	0.145342995595152	-0.0154274343878897	0.987691176552796	0.993649787769777
PA14_RS19140	22.527826653037	-0.00715058619683259	0.481014065933835	-0.0148656488515581	0.988139365138673	0.993687246789483
PA14_RS24030	78.7584110982894	0.00420062418804802	0.27990801127223	0.0150071595627273	0.988026468521241	0.993687246789483
PA14_RS06325	12.6291295582086	0.00998640560816576	0.739516131533923	0.013503972641478	0.989225716182366	0.994572882215784
PA14_RS04370	35.934799971327	0.00560552629993663	0.435394985655842	0.0128745770727996	0.989727857503573	0.994760796666526
PA14_RS26155	35.7235796435467	-0.00513031314430853	0.402249815851679	-0.0127540472167679	0.989824018519298	0.994760796666526
PA14_RS18455	9.97493389686213	-0.0116882348008326	0.964182319565793	-0.012122432203586	0.990327935396362	0.99485373817549
PA14_RS20660	61.3089687271857	-0.00391626587870413	0.319030396706958	-0.0122755258405718	0.990205793435795	0.99485373817549
PA14_RS01910	162.353193969546	0.00239185961799106	0.214948601043987	0.0111275886717755	0.99112165202449	0.994926523606217
PA14_RS02820	18.9129533272995	-0.00588524800018183	0.561332281226027	-0.010484428202361	0.99163478986393	0.994926523606217
PA14_RS05185	82.3095953435926	-0.00316533454928216	0.287795741667326	-0.0109985454647244	0.991224607306385	0.994926523606217
PA14_RS10485	845.559239391285	0.00151003333823769	0.141064523903988	0.0107045577190298	0.991459161778371	0.994926523606217
PA14_RS24830	65.8313238110657	0.00371312727429	0.326757604357988	0.0113635527521556	0.990933391832625	0.994926523606217
PA14_RS27020	116.298987335834	0.00255128618149392	0.230537005469026	0.0110667099900224	0.991170223193953	0.994926523606217
PA14_RS13040	128.671415233839	-0.00183183698257978	0.231603754319203	-0.00790935789432451	0.993689311247607	0.996574348650648
PA14_RS18440	116.030751134631	0.0019708018784515	0.2424144580936	0.00812988587376477	0.993513361036094	0.996574348650648
PA14_RS22265	10.8571540192794	0.00600464627495801	0.844446291179955	0.00711074977494145	0.994326490350269	0.997006615661186
PA14_RS13010	20.7038775222518	-0.00316917314223946	0.50106944720366	-0.00632481816627576	0.994953558881003	0.99722184678726
PA14_RS13255	20.9613728450914	-0.00397508773685052	0.625651174317209	-0.00635352077967192	0.994930657969062	0.99722184678726
PA14_RS10255	122.687203636782	0.00148749284059159	0.246965307128415	0.00602308420517598	0.995194303160771	0.997256454638519
PA14_RS21475	86.3985892244756	0.00147802457929907	0.274473577009487	0.00538494304407298	0.995703457849252	0.997559959013669
PA14_RS08550	33.970820552042	0.00176382420098956	0.386366181477619	0.00456516197728276	0.99635754039267	0.997696344329592
PA14_RS10795	10.7605918921759	0.00317577377233047	0.759745728695155	0.00418004820874055	0.996664813783346	0.997696344329592
PA14_RS18620	13.8308053218168	-0.00285272879641895	0.604887108119822	-0.00471613423087511	0.996237083259599	0.997696344329592
PA14_RS29455	12.5855178084603	-0.00316256123706222	0.741408976343576	-0.00426560958657271	0.996596546289679	0.997696344329592
PA14_RS26425	23.843617034458	-0.00138472069770351	0.488386404221547	-0.00283529739102926	0.997737763017401	0.998563704874203
PA14_RS07950	38.5030018754462	0.000771282388822074	0.378481851559786	0.00203783189509217	0.99837404651876	0.998993769700957
PA14_RS19460	10.0713939405787	0.000827210426702664	0.766233625846159	0.00107957990722368	0.999138620027195	0.999551999679668
PA14_RS00945	11.4356507852149	0.00040726935630624	0.725840393789485	0.000561100428952374	0.99955230665417	0.999653968214929
PA14_RS25885	12.103116281706	0.000283152674651597	0.652897075122923	0.000433686541784993	0.999653968214929	0.999653968214929
PA14_RS00150	5.6919580001643	6.04188028644757	1.46357601217859	4.12816296261511	3.65672930028402e-05	NA
PA14_RS00170	6.97430134292544	0.0060456996298708	0.863564473361336	0.00700086654368555	0.994414162301559	NA
PA14_RS00290	7.68802416026521	1.92177326806561	0.893505186083515	2.15082497337177	0.0314900171646161	NA
PA14_RS00295	9.14298365319024	0.828870099989292	0.969481756591452	0.854962039619468	0.392572163146381	NA
PA14_RS00470	5.78587613228371	1.50399655094257	0.982995755768279	1.53001327026798	0.126013444230538	NA
PA14_RS00545	1.70403696061672	-1.96999615749767	2.21191530650286	-0.890629108495264	0.373128177819467	NA
PA14_RS00550	6.248427031898	1.1762344824573	0.893140255212954	1.31696502939154	0.187850346887777	NA
PA14_RS00565	0.601396483520312	-0.624322346720755	3.13210187210845	-0.1993301534284	0.842004493391734	NA
PA14_RS00570	1.17680669896498	1.72753765397969	2.12547816891785	0.812776004591587	0.41634649545347	NA
PA14_RS00575	1.85828724172276	0.882153557776589	1.75072858669443	0.503877965140326	0.614347135734478	NA
PA14_RS00635	5.0046915421614	0.644343046355066	1.09286634300418	0.589589980952138	0.555465570344876	NA
PA14_RS00665	6.32959519421296	-0.155285354589951	0.979106756551192	-0.158599002152665	0.873984815011924	NA
PA14_RS00695	6.37630802632395	1.07993158319563	1.07677337655669	1.00293302816331	0.315893175550981	NA
PA14_RS00745	7.20482091204537	1.14704863864615	0.891664010299056	1.28641352056078	0.198298782239215	NA
PA14_RS00750	9.87384079165536	0.744390002693898	0.752122542151687	0.989719043075524	0.322311464442827	NA
PA14_RS00780	3.91200358683302	-0.776389730572043	1.20994360662043	-0.641674311367805	0.5210846719996	NA
PA14_RS00785	6.23703156204729	1.08642110698618	0.895227910714313	1.21356929781077	0.224912237047858	NA
PA14_RS31175	8.01259306692291	1.58926203886181	0.815192779405459	1.94955362585632	0.0512293452747712	NA
PA14_RS00865	9.73644142401665	-0.381580952348539	0.782943682546584	-0.48736704932265	0.625998240099981	NA
PA14_RS00870	3.63983798116817	-0.71847037956145	1.27796214317851	-0.562200049036264	0.573979728022501	NA
PA14_RS00875	5.40739380780715	-1.88529334027731	1.14573298547287	-1.64549102119043	0.0998685927799168	NA
PA14_RS00935	8.63368689530114	-0.800026939863091	0.787502375412128	-1.01590416085337	0.309675027281306	NA
PA14_RS00940	5.92699593947182	0.484672231497393	1.16493877395001	0.41604953181702	0.677373758790725	NA
PA14_RS00955	4.52114724547252	0.931349338539978	1.13070216806329	0.823691122955241	0.410115084662551	NA
PA14_RS00970	8.18320430585836	-0.629283739292463	0.808342106218241	-0.778486898618349	0.43628202729985	NA
PA14_RS00975	4.23006560506615	5.62931741544801	3.49367058713654	1.61129026765568	0.107116471012919	NA
PA14_RS00980	3.420975117915	-0.0853671573223166	1.20953254761393	-0.0705786359289978	0.943733114060687	NA
PA14_RS00990	8.83005413950181	0.383041303902642	0.748220816818146	0.51193617618332	0.608695678551411	NA
PA14_RS01000	1.6757839045832	-0.94009348228793	1.82534976253793	-0.51502101218171	0.606538336964259	NA
PA14_RS01005	2.99371034740213	-1.52708408355706	1.35972256906159	-1.12308504565823	0.261401376692952	NA
PA14_RS01010	2.5614543192077	1.50872726544146	1.5232438296798	0.990469966819828	0.321944461748228	NA
PA14_RS01030	2.13161732254881	1.83182489035244	1.54507720289581	1.18558793497128	0.235785069197743	NA
PA14_RS01035	0.306098664703466	2.02972088757066	4.03034072114873	0.503610247371876	0.614535290135095	NA
PA14_RS01040	0.998464896301791	0.585205176093953	2.39771300906354	0.244068065644985	0.807178104659664	NA
PA14_RS01045	1.32305352089554	2.63483026990151	2.26813536982418	1.16167240498778	0.245368558859346	NA
PA14_RS01050	3.93794683564981	1.62183889190121	1.18002940363379	1.37440549100465	0.169315832417812	NA
PA14_RS01055	0.577694565611575	1.27976494832909	2.96089154012743	0.432222839298603	0.665579461265785	NA
PA14_RS01060	7.03240970822131	1.13837213096521	0.89852501676933	1.26693426417693	0.20517879575287	NA
PA14_RS01085	6.98629219956424	-0.564294255646984	0.909754094463597	-0.620271190952649	0.535079258525478	NA
PA14_RS01090	1.82847118490423	0.214587453058203	1.61027729276548	0.13326118055709	0.893986827151352	NA
PA14_RS01095	1.91957041307956	-0.230660971625107	1.87904142792186	-0.122754596145445	0.902301429273845	NA
PA14_RS01105	9.90772730480126	0.764778809532274	0.715698733609848	1.06857644650966	0.285260566466837	NA
PA14_RS01120	4.44191401571426	-0.398390846998149	1.12307431082961	-0.354732401192455	0.72279007484442	NA
PA14_RS01125	5.59041106897437	0.320906307006752	0.950987426160795	0.337445373281404	0.735781185355121	NA
PA14_RS01140	8.67144641357272	1.01871580995978	0.832887391802947	1.22311349647708	0.221286831685626	NA
PA14_RS01145	7.58535116042772	0.254292031756304	0.927765191039695	0.27409093832388	0.784014737449379	NA
PA14_RS01160	5.88988235502321	-1.74491980702936	0.975354535808068	-1.78901080885805	0.0736130748251902	NA
PA14_RS01175	9.16438369571095	0.742919340051145	0.731316650133764	1.01586548031589	0.309693449071783	NA
PA14_RS01185	2.56029585426008	1.17789853792318	1.46984154656061	0.801377904087302	0.422912902919624	NA
PA14_RS01190	6.96738434575505	0.659521163323073	0.857798656401078	0.768853108362417	0.441980517112343	NA
PA14_RS01195	7.01481310077987	0.0251958383856316	0.854380374172663	0.0294901886177219	0.97647364388866	NA
PA14_RS01205	9.76770224999566	-0.842573891688966	0.743822642377989	-1.13276182208607	0.257314288001346	NA
PA14_RS01210	7.00551044352135	-0.537667226451352	0.937266825458617	-0.573654387253346	0.566201700119599	NA
PA14_RS01220	4.34837813024495	0.668224337544186	1.04472494480156	0.63961748101182	0.5224213147994	NA
PA14_RS01300	7.80593534180653	0.212978858299091	0.852507409433708	0.249826401439215	0.80272160160388	NA
PA14_RS01310	8.71975414190691	-1.68047798828118	0.913194290050278	-1.84021955304677	0.0657360104497802	NA
PA14_RS01450	5.47012489642227	0.365975825425564	0.961317745014541	0.380702246810214	0.703424201485773	NA
PA14_RS01455	5.97775207443467	0.703383415758122	0.979338451919466	0.718223015117519	0.472619789260461	NA
PA14_RS01465	6.88562748201806	0.213787901849139	0.980878170920863	0.217955611804911	0.827463696597994	NA
PA14_RS01480	5.22233004806005	0.737175944764152	0.983789152759829	0.749323107188313	0.453662483748655	NA
PA14_RS01660	8.22974341849675	2.16498030218035	0.927757829513409	2.33356187715047	0.019618674751376	NA
PA14_RS01710	7.77811513822713	0.23125497537211	0.870019204073627	0.265804449245858	0.790389816446141	NA
PA14_RS01720	7.63293560277311	0.60302039771656	0.859992880724844	0.701192313601834	0.483183006044768	NA
PA14_RS01725	2.21649184071081	-0.896610375881311	1.5944923308181	-0.562317145433543	0.573899958717144	NA
PA14_RS01730	2.11289870637082	-1.76421312003552	1.65517105383696	-1.06587963579099	0.286478055664134	NA
PA14_RS01845	5.80605306369731	1.33591859833143	1.01003388903245	1.32264730207335	0.185952695972937	NA
PA14_RS01855	4.96712911916595	0.191425602258823	1.06842188281283	0.179166680632615	0.857806825364104	NA
PA14_RS02320	8.12868717132962	-0.627650518640031	0.795893041038496	-0.788611642867314	0.430339023939003	NA
PA14_RS02325	6.56978726475053	0.156057269451811	1.05626201513323	0.147744846653533	0.882544137482896	NA
PA14_RS02380	2.6939132797151	0.32868439768343	1.3827973746403	0.237695271708864	0.812117451214608	NA
PA14_RS02450	0.650490629501348	0.115817127350074	2.83516664201552	0.040850201054757	0.967415318079177	NA
PA14_RS02455	1.58290600578689	-0.3070598678893	1.90027564333764	-0.161587014476479	0.871631083865541	NA
PA14_RS02480	1.2773487925576	0.866940592431495	2.01271822206634	0.430731228508211	0.666663809347341	NA
PA14_RS02485	3.97534748256995	0.0452898935195774	1.31977071365058	0.0343164862283559	0.972624778503135	NA
PA14_RS02495	1.55544785206316	-1.06619692876221	1.8622840094367	-0.572521121031753	0.566968981067165	NA
PA14_RS02505	6.23760385527086	-0.956716534610281	0.951298445836613	-1.00569546686151	0.314562084463921	NA
PA14_RS31630	3.68327911374813	-0.853708093932651	1.39765162789181	-0.610816083847994	0.541321344260055	NA
PA14_RS02725	1.32841035050159	-2.73471234197616	2.22094347918903	-1.23132910296967	0.218199801303068	NA
PA14_RS02765	3.64132614578996	1.78871796917341	1.25953352790474	1.42014319551221	0.155565997031023	NA
PA14_RS31340	3.38498155947777	-0.872717360330174	1.24075102974624	-0.703378308304659	0.481820020995068	NA
PA14_RS31345	4.40181239881328	-1.50754098924539	1.20384252102324	-1.25227424926312	0.210469948708646	NA
PA14_RS02965	8.39221109063529	0.211769566194347	0.759290929960133	0.278904380176735	0.78031820698224	NA
PA14_RS02970	2.60027888055731	0.447753867632175	1.40883442476739	0.317818658999693	0.750622496156611	NA
PA14_RS31350	3.92884696443879	-1.54350416339266	1.17501902349491	-1.31359929714307	0.188981085382136	NA
PA14_RS03385	7.5549337699417	0.437943158455572	0.907161787671976	0.482761911278751	0.629264798138104	NA
PA14_RS03455	0.102032888234489	1.05810376188171	4.07218675285242	0.259836747698407	0.794989703663902	NA
PA14_RS03460	0.166367100338656	1.22326434189658	4.0666936709611	0.300800709586635	0.763566467277763	NA
PA14_RS03465	4.99475714222579	-0.614799460938343	1.03697889864869	-0.592875575134172	0.553264425148395	NA
PA14_RS03745	0.102032888234489	1.05810376188171	4.07218675285242	0.259836747698407	0.794989703663902	NA
PA14_RS03750	6.49789602697917	-0.16134122706452	0.849279357553949	-0.189974271280073	0.849329291911882	NA
PA14_RS03795	1.25949204657332	2.83471291659383	2.45377794669437	1.15524427155792	0.247990409921869	NA
PA14_RS03815	8.05883949148124	-1.77175520918969	0.912797605013249	-1.94101649638309	0.052256276479041	NA
PA14_RS03820	0	NA	NA	NA	NA	NA
PA14_RS03825	8.75901969530497	-1.49631129478299	0.812934802451092	-1.84062890439853	0.0656759589915865	NA
PA14_RS03830	4.56524037629283	-1.28329162389594	1.1034853711696	-1.16294393874543	0.244852248703677	NA
PA14_RS03880	9.22558206566708	1.37560800802844	0.758388740013476	1.81385605488288	0.0696998898528938	NA
PA14_RS03925	9.66427851526404	1.08666206117237	0.799456053134753	1.35925177739471	0.174066819111617	NA
PA14_RS03930	1.54973216023602	-2.96851894217205	2.12944815507448	-1.39403203365063	0.163307931482909	NA
PA14_RS03935	8.61766208009927	0.448759084749339	0.76874218761311	0.583757587368405	0.559383416813788	NA
PA14_RS03955	9.74707500880632	0.187610533604178	0.747807094118469	0.250880922472844	0.801906174465468	NA
PA14_RS03985	8.91010667269942	-3.68321750478178	1.09269676646551	-3.37075904113426	0.000749613932227219	NA
PA14_RS04005	3.47508162785162	-0.954362527079357	1.28752873617914	-0.741235904304178	0.458550417099544	NA
PA14_RS04010	3.61338576028347	-1.54345789286016	1.35356803425	-1.14028837399029	0.254166179775824	NA
PA14_RS04015	3.90983523402246	-0.15623334139359	1.23816125084913	-0.126181740291457	0.899588064965937	NA
PA14_RS04020	9.2956707825056	-0.447406619265211	0.824590675110905	-0.542580255597768	0.587418836350142	NA
PA14_RS04025	9.36417059356247	0.461000038292038	0.714498116036261	0.645208192919353	0.518792277563757	NA
PA14_RS04035	3.7721452970504	-0.246936863719126	1.17496704145364	-0.210164928042255	0.833538951607091	NA
PA14_RS04060	2.00865091943306	-1.01472685022432	1.83353523192537	-0.553426425931709	0.579971447805366	NA
PA14_RS04065	3.27741376480731	-1.75748977014683	1.28959671018144	-1.36282122641237	0.172938859702938	NA
PA14_RS04070	2.47908853982339	-0.854158950311871	1.57206425366686	-0.543335902663986	0.586898548968314	NA
PA14_RS04095	1.43991516637822	1.22589101256794	1.98466148669503	0.617682673234799	0.536784535687804	NA
PA14_RS04100	3.71128292529769	2.35949906739153	1.36906538016635	1.72343782961251	0.0848093788373318	NA
PA14_RS04105	2.58003516925339	-0.467179377202916	1.43109236838291	-0.326449492376803	0.744084297111621	NA
PA14_RS04110	2.49309138679971	0.119811051009003	1.49122138836373	0.0803442412668635	0.935963472477881	NA
PA14_RS04125	2.49376751964249	-1.92822330744958	1.67398418757336	-1.15187665556433	0.249371762303246	NA
PA14_RS04135	3.95878974667513	-1.94547832961754	1.16742968344179	-1.66646296321842	0.0956212390982039	NA
PA14_RS04140	1.04984339244974	-0.672515132516011	2.19234650023936	-0.306755858365721	0.759029209256421	NA
PA14_RS04145	0.371606733245541	-0.664133738995067	3.48176036241315	-0.190746539068176	0.848724175142207	NA
PA14_RS04150	1.7615990471381	-1.11293756896523	1.7914612034173	-0.621245699790899	0.534437974992852	NA
PA14_RS04155	0.888162999087912	-1.29267175065497	2.36111162770994	-0.547484386373016	0.584045994416238	NA
PA14_RS04160	1.70840409936953	1.06981784077534	2.00926313965364	0.532442874037772	0.594419297303835	NA
PA14_RS04170	2.89669591187796	-3.232255665284	1.62147102643256	-1.99340944894673	0.0462166300458141	NA
PA14_RS04180	4.95756480814331	-0.409356761070021	1.13184483082299	-0.361672156749939	0.717597036163712	NA
PA14_RS04215	5.17835883713813	0.374342453088968	0.960042277133613	0.389922883611582	0.696593571912893	NA
PA14_RS04260	4.22413345624168	0.526583687317925	1.23442087574392	0.426583588843296	0.669682653092599	NA
PA14_RS04265	1.4581016708055	-1.41021594092598	1.95227571798714	-0.722344660609703	0.470082601268076	NA
PA14_RS04275	1.66621155906859	-0.355295010114146	1.80935108501187	-0.196365986157858	0.844323717065094	NA
PA14_RS04280	8.55115485175572	0.648986556824866	0.802476584262607	0.808729587320254	0.41867070553339	NA
PA14_RS04285	7.96394386779896	0.39908649029283	0.887340912631063	0.449755538837373	0.652886719950739	NA
PA14_RS04290	1.03630844401971	-3.39962880326216	2.80216505628794	-1.21321504442914	0.225047613684342	NA
PA14_RS04295	1.42880148375188	-1.09449015702977	1.93535342796368	-0.565524694981093	0.571716932215148	NA
PA14_RS04350	6.57375595185536	-0.535232549619276	0.95851804179899	-0.558395905219194	0.576574068343797	NA
PA14_RS04375	3.04483941107252	-1.16109396759765	1.24711493762669	-0.931024023982307	0.351841137192015	NA
PA14_RS04380	1.04990675515864	-2.19876025345024	2.22042898876245	-0.990241194191813	0.322056242030484	NA
PA14_RS04385	0.833682961275986	-1.4656231683309	2.82525412754382	-0.518757995623236	0.603929512923101	NA
PA14_RS04390	0.676531541511099	3.05379464947929	2.94759838880216	1.0360280630769	0.300189050523404	NA
PA14_RS04400	0.411390827981823	-2.12971610383351	3.93222437729532	-0.541605946021418	0.588089994799206	NA
PA14_RS04410	8.43160550318199	0.416590727137395	0.869847532515716	0.478923847645528	0.631992804890939	NA
PA14_RS04415	2.95412323848956	0.209221087876036	1.38438924411966	0.151128801935384	0.879874112776436	NA
PA14_RS04420	1.60923479377576	0.0382691821588322	1.79250167842451	0.0213495934868347	0.982966782958585	NA
PA14_RS04430	3.23701004835841	-0.170854733571485	1.31347351670653	-0.130078552325817	0.896504278698532	NA
PA14_RS04445	0.268399988573145	1.8534275645283	4.03917681928809	0.458862695903214	0.646332768695273	NA
PA14_RS04450	2.5973452624922	0.0259455735550704	1.43356100884132	0.0180986880886506	0.985560124534559	NA
PA14_RS04455	3.90237935206381	-1.45443021914138	1.29493446274183	-1.12316897958051	0.261365734456425	NA
PA14_RS04460	8.50601587315063	0.786083270177202	0.847063292223078	0.928010075981646	0.353402342990178	NA
PA14_RS04465	2.33668969435874	2.8772914716281	1.84254474056147	1.56158567457706	0.118385626387748	NA
PA14_RS04470	9.46094644911471	0.710847491789986	0.798590353081438	0.890127822164532	0.373397255253135	NA
PA14_RS04475	1.042872335306	1.17789229860492	2.22851332945472	0.528555195536177	0.597114048218594	NA
PA14_RS04485	5.78541695251223	0.12759915271555	0.92354640929947	0.138162144783105	0.890112272204195	NA
PA14_RS04505	5.93109997044718	-1.07282093657111	0.914212345496912	-1.173492068725	0.240598535582031	NA
PA14_RS04510	5.99479100340789	-1.35441695967583	0.962238647812672	-1.40756865540025	0.15925883434968	NA
PA14_RS04520	8.02269062649122	1.89712246707117	0.850121500865266	2.23158979644704	0.025642086634696	NA
PA14_RS04525	6.02767012140091	-0.376366649845885	1.01714244782979	-0.370023540605266	0.711364950449439	NA
PA14_RS04530	6.95438223034647	0.918498625861507	0.871376299252426	1.05407804486937	0.291847187035422	NA
PA14_RS04535	1.73229886008448	-0.846766419432525	1.68455694038465	-0.502664171885562	0.615200403470139	NA
PA14_RS04540	9.96608883240182	-0.297279367256705	0.723472823055084	-0.410906060024967	0.681141418669893	NA
PA14_RS04690	3.54373510781205	-1.3710987139077	1.31612915954357	-1.04176607893346	0.297520144458154	NA
PA14_RS04695	5.21321731505674	-1.60497932947137	1.09802008926751	-1.46170306459699	0.143822597097144	NA
PA14_RS04700	3.23448169196676	0.815750419895781	1.49336008379069	0.546251656750533	0.584892962050154	NA
PA14_RS04705	7.0182428291206	-0.788668150632336	0.861634874719627	-0.915315957805174	0.360025784025237	NA
PA14_RS04750	9.91517369603077	0.764764137929602	0.761671568866572	1.00406023959596	0.315349578637858	NA
PA14_RS31355	1.72858378546262	2.01021318265251	1.83041957408726	1.09822535287021	0.272106098166428	NA
PA14_RS05035	8.74795260012459	-1.37422628445216	0.865632917891712	-1.58753930915561	0.112390551366529	NA
PA14_RS05210	9.19137918914762	-0.301297427630506	0.739655876827026	-0.407348115616969	0.683752328320643	NA
PA14_RS05215	6.01150028360579	-0.124452286173164	1.05996001057125	-0.117412246624372	0.906533379794154	NA
PA14_RS05220	9.75707966914783	1.69866144492691	0.87092985021198	1.9503998450776	0.0511284803191211	NA
PA14_RS05310	6.03786420736722	0.859891843395438	1.02993068050587	0.834902639246641	0.403772528650348	NA
PA14_RS05315	7.16630500743006	1.51619059748047	0.90305223878031	1.67896222651337	0.0931594057275159	NA
PA14_RS05325	1.02262862400208	-1.20662565421796	2.27862579124006	-0.529540944746922	0.596430248777376	NA
PA14_RS05340	6.08201877036621	-0.0720637504066486	0.912607953848492	-0.0789646310913179	0.937060755486006	NA
PA14_RS05365	9.56296763434805	-0.179341993389346	0.795961762877568	-0.22531483515111	0.821734359587653	NA
PA14_RS05410	4.21358017563655	0.606997918008432	1.11099818616756	0.54635365346752	0.584822861826963	NA
PA14_RS05415	8.42967829246424	-0.626513175451908	0.836179680003439	-0.749256637579774	0.453702538040085	NA
PA14_RS05450	0.137130275993941	-0.810241716432172	4.0804728567969	-0.198565642970162	0.842602531331272	NA
PA14_RS05465	5.30196423026158	-1.3040284895291	1.09550019976502	-1.19034984184285	0.233908918479982	NA
PA14_RS05500	8.34461573223485	-0.732360022084208	0.811754767375043	-0.902193681538117	0.366953990689031	NA
PA14_RS05540	9.11548894059218	-0.181926491606969	0.859430474679072	-0.211682616531493	0.832354650777303	NA
PA14_RS05555	4.76650264030801	-0.0161083955940624	1.12865228505366	-0.0142722393844235	0.988612787138234	NA
PA14_RS05560	5.80188466851186	-1.35043940324982	1.04089274026348	-1.29738574495964	0.194498494831567	NA
PA14_RS05565	6.77518786022513	-1.24129093744012	0.940383127381474	-1.31998427161974	0.186840269340001	NA
PA14_RS05580	9.85910365039866	0.437917026645957	0.735649459347752	0.59527947867212	0.551656670901106	NA
PA14_RS05710	9.00658692608385	1.00518286117946	0.82851687125035	1.21323161429712	0.225041280272493	NA
PA14_RS05720	5.37665747004576	-0.883950698047445	1.18860907021705	-0.743684967746399	0.45706708575216	NA
PA14_RS31200	7.40886088182357	0.513283867740818	0.865326194415916	0.593168068935296	0.553068679779163	NA
PA14_RS06075	2.70184387024551	0.329734597870043	1.45704801800847	0.226303178615028	0.820965626339536	NA
PA14_RS06080	1.04243544472179	-0.192381692955475	2.20960550237204	-0.0870660815919182	0.930618985940137	NA
PA14_RS06085	0.132443569017112	-0.810241716432172	4.0804728567969	-0.198565642970162	0.842602531331272	NA
PA14_RS06090	4.00868767995344	-0.34898832185118	1.24822810932158	-0.279586975525537	0.779794400777484	NA
PA14_RS06140	4.58407480183357	-1.63216235152973	1.18926407173362	-1.37241373915424	0.169934675455023	NA
PA14_RS06145	0.985889481258434	0.547044567543677	2.38875685650358	0.229008057498319	0.81886265355735	NA
PA14_RS06160	1.92602560045839	-2.60227781461954	1.9526301313963	-1.33270391190711	0.182628989007357	NA
PA14_RS06165	8.55778658118614	0.00823693943453521	0.748455166885807	0.0110052542877187	0.991219254764048	NA
PA14_RS06175	8.99216471374444	0.693543146421303	0.836070721139435	0.829526891548255	0.406806326469521	NA
PA14_RS06205	1.6055891290643	-0.0954144830315536	1.8866301647825	-0.0505740260134945	0.959664960569575	NA
PA14_RS30155	7.14245330296189	-0.502951369608773	0.866674644128281	-0.580323161657339	0.561696710964174	NA
PA14_RS06360	3.6836028665429	0.921255224559601	1.32026309185796	0.697781548420893	0.485313820064991	NA
PA14_RS06530	2.7336819829611	0.95400507314487	1.4574980952173	0.654549790682668	0.512757659900496	NA
PA14_RS06580	6.77925502403052	-0.526959841193835	0.942043337699079	-0.559379616739208	0.57590266938195	NA
PA14_RS06655	7.12479321749772	0.47629657570011	0.939127561516399	0.507169201733404	0.612036102706187	NA
PA14_RS06720	7.89273964193752	0.919285703849163	0.879534119820157	1.0451961818572	0.295932307758102	NA
PA14_RS06770	3.51822021879827	0.775531682945221	1.29784872861556	0.597551675974205	0.550139116524825	NA
PA14_RS07085	9.31962890592946	-0.94955908295481	0.861022438372435	-1.10282733717107	0.270102154051886	NA
PA14_RS07125	4.70021582377042	-0.162076141296577	0.991199591930828	-0.163515141265199	0.870112852585294	NA
PA14_RS07140	7.95476528415727	1.13771750268946	0.912877911107996	1.24629754849536	0.212655177554423	NA
PA14_RS07160	6.54221104104963	-0.553158803214139	0.93220538740669	-0.59338726281445	0.552922011111288	NA
PA14_RS07165	5.07111380289159	-1.05999981180336	1.11710607099373	-0.948880181861718	0.342681555143344	NA
PA14_RS07170	1.08525771841315	1.27059466009439	2.18612326243619	0.581209066262101	0.56109955802425	NA
PA14_RS07180	1.02032888234489	3.64393478438688	2.77644985120136	1.31244394088738	0.189370389107325	NA
PA14_RS07185	7.85538894896116	0.522735919210847	0.831149843894594	0.628931020141226	0.52939421678516	NA
PA14_RS07195	4.01051490575379	0.487274434256725	1.18869310933945	0.40992450484339	0.681861328879793	NA
PA14_RS07280	6.49643700312338	-0.808805880223546	0.937831494583331	-0.862421325040796	0.388455709787583	NA
PA14_RS07285	3.4967102261227	-0.409434322068916	1.27031221986698	-0.322309992508605	0.747217863808642	NA
PA14_RS07310	0.438542233720578	1.08232043483597	3.53929648749163	0.30580100838148	0.759756160650535	NA
PA14_RS07345	5.92927684611108	-1.31568905871837	0.975398258279894	-1.34887370112652	0.177377536722495	NA
PA14_RS07350	9.58040358051299	-2.57864097522506	0.879631535725354	-2.93150128263499	0.00337327973264159	NA
PA14_RS07385	3.93863583028488	0.45598570810637	1.10317684571476	0.413338722506392	0.679358463244342	NA
PA14_RS07390	1.22291925566228	0.102949613926688	2.25234519412662	0.0457077423989656	0.963543192718895	NA
PA14_RS07400	4.48548883474319	0.734321782833503	1.26049033300125	0.582568357414585	0.560183911873808	NA
PA14_RS07405	2.00281527522567	-1.44309218112261	1.57100497021895	-0.918579004190859	0.358315818057454	NA
PA14_RS07410	4.24842999811451	-0.325174973678981	1.14383429585645	-0.284285035740692	0.776191953014737	NA
PA14_RS07415	2.39861546089825	1.02149603154306	1.579391128156	0.64676571454197	0.517783585131333	NA
PA14_RS07420	0.465177769694423	1.10350817144978	3.4826023678435	0.316863096872326	0.751347484646777	NA
PA14_RS07425	2.64421842101523	0.429901086435821	1.43032471613989	0.300561880519007	0.763748602997578	NA
PA14_RS07430	6.39858700951586	-1.69537045017342	0.936252338583829	-1.81080503653302	0.0701710364203013	NA
PA14_RS07530	4.78001461526793	-0.254873268264031	1.0611802706015	-0.240179049050321	0.810191454813798	NA
PA14_RS31215	0.767763583858968	-0.0131671311296852	2.63602570132807	-0.0049950693284407	0.996014527876102	NA
PA14_RS07535	4.4888620104005	-1.60741898968338	1.25115102784035	-1.28475216334034	0.198878903557213	NA
PA14_RS31370	5.42441737185158	-1.01556846226962	1.06294090740939	-0.955432663462704	0.339358942540821	NA
PA14_RS07540	7.87268609730149	0.0447202965001565	0.911188092369395	0.0490791054828962	0.960856254746467	NA
PA14_RS07545	4.04597911168514	1.21199068533866	1.18634627312873	1.02161629600967	0.306962541752363	NA
PA14_RS07555	3.68177017293648	-0.872518997448877	1.17910108698118	-0.739986594094966	0.459308128785782	NA
PA14_RS07710	9.1620404121521	-0.80865632750707	0.818155638446456	-0.988389359563147	0.322961996626138	NA
PA14_RS30210	0.650553992210253	-1.63932986203469	3.05326281323278	-0.53691082697823	0.59132921188331	NA
PA14_RS07790	9.78839761786008	-1.48507625006401	0.784245734466721	-1.89363637543256	0.0582732917781955	NA
PA14_RS07800	3.12555653777564	-1.45764633712511	1.58228199804266	-0.921230437386176	0.356930130321192	NA
PA14_RS07805	5.85518499067799	1.07514619999983	1.14757882545709	0.936882222074454	0.348819144909153	NA
PA14_RS07810	0.734751614705476	-0.217612396145703	2.69421032840282	-0.0807703815294583	0.935624563202736	NA
PA14_RS07815	8.80564974421703	1.34401275717605	0.817461324965357	1.64413008435965	0.100149334889783	NA
PA14_RS07820	5.42897149420271	2.07614209602275	1.116700497714	1.85917540134783	0.0630022803277971	NA
PA14_RS07825	0.298810669355767	0.261494898350921	4.0666933142836	0.06430160283601	0.948730077219539	NA
PA14_RS07830	0.959785206539778	-0.197431382945087	2.4417758913903	-0.0808556524950672	0.935556748617586	NA
PA14_RS07835	0.438542233720578	1.08232043483597	3.53929648749163	0.30580100838148	0.759756160650535	NA
PA14_RS07840	1.58259925780192	0.0453983817999932	1.83323363022564	0.0247641004678741	0.980243125947458	NA
PA14_RS07900	9.17143630328663	0.819292603136712	0.786018778062106	1.04233209943997	0.297257735077865	NA
PA14_RS07905	5.40851668903538	1.12827511287688	1.06742289091901	1.05700854129659	0.290507689320365	NA
PA14_RS07920	5.82704587681115	0.776615460880567	0.938614849357409	0.827405896478466	0.408007039601181	NA
PA14_RS07935	3.25751605393219	-0.133190853616905	1.1844393183337	-0.112450550699618	0.91046617579905	NA
PA14_RS07940	5.05590888774803	0.17750316448053	1.03943383605317	0.170769084403223	0.864405339024938	NA
PA14_RS07945	7.62614518892994	-0.310220864242121	0.993113462446626	-0.312372025929307	0.754757807536415	NA
PA14_RS07960	5.71822458402016	0.078791850922917	0.975267494381579	0.0807899897995464	0.935608969029271	NA
PA14_RS07970	4.63832783823055	0.0674629072100624	1.1468067868247	0.0588267422072508	0.953090108138949	NA
PA14_RS08010	7.6203886244406	0.227127399207564	0.934612461330013	0.243017730455196	0.807991662197657	NA
PA14_RS08015	4.4922738591062	-0.505652301433768	1.07953021182984	-0.468400324412109	0.63949833608861	NA
PA14_RS08020	2.09708549652861	-1.21384126189331	1.61013323413412	-0.753876285614387	0.450923511484491	NA
PA14_RS08025	0.822654930545837	0.219433210048939	2.79874105817274	0.0784042558736048	0.93750648825711	NA
PA14_RS08030	0	NA	NA	NA	NA	NA
PA14_RS08035	9.80653099135069	-0.806540044799139	0.731229623097963	-1.10299148081845	0.270030864768819	NA
PA14_RS08110	2.32314198445849	-0.699970222120783	1.63347434554889	-0.428516201694968	0.668275340447691	NA
PA14_RS08140	1.293693263655	-0.599266552749123	1.89232245795229	-0.316683105583178	0.751484069287828	NA
PA14_RS08145	1.76590545320207	-2.25649777949469	1.74999023669195	-1.28943449636623	0.197247075126434	NA
PA14_RS08150	2.77002935133758	1.60264274881314	1.60641301118548	0.997652993130608	0.318447654648485	NA
PA14_RS08155	0	NA	NA	NA	NA	NA
PA14_RS08160	0.204065776468977	1.60244402172202	4.05354892548299	0.39531878143819	0.692607640298135	NA
PA14_RS08165	1.07445687252653	-1.07219074443735	2.19928575651258	-0.487517704901399	0.625891499146115	NA
PA14_RS08170	2.30232512943549	-1.5621199469642	1.51043013907635	-1.03422191238812	0.301032432486646	NA
PA14_RS08175	0.886672204446046	-3.18839550435405	2.68200964041893	-1.18880836828611	0.234515084287122	NA
PA14_RS08180	0.60781737041508	2.71320319676589	3.41008002888816	0.795642088684503	0.426240095781282	NA
PA14_RS08185	5.7113546072508	-0.0209741632330476	0.901508358047594	-0.0232656336969205	0.981438384626275	NA
PA14_RS08200	8.50913957934245	0.433920262491229	0.85505887137163	0.507474136599697	0.611822179049453	NA
PA14_RS08205	2.38737163567269	-1.23814414465331	1.59140117063521	-0.778021386121705	0.436556405605239	NA
PA14_RS08270	4.41093029153464	-1.23010986762273	1.18311556407692	-1.0397208057883	0.298469631452049	NA
PA14_RS08290	4.75572070341517	-1.23796529832214	1.02718388286249	-1.20520319582144	0.228124868965906	NA
PA14_RS08460	5.13797926794224	-1.30904765117131	1.16327956307893	-1.12530787329107	0.260458594545898	NA
PA14_RS08465	6.36692697363021	-0.698603196057176	0.948335683387242	-0.736662353104676	0.461327706219308	NA
PA14_RS08470	5.46982212524211	-0.893604700626023	1.13981679388684	-0.783989765213739	0.433046115814566	NA
PA14_RS08480	9.90468975136018	1.34769162241037	0.76245900778029	1.76755944733848	0.0771345825310642	NA
PA14_RS08485	6.34186792574766	1.05052791303469	0.968584837699678	1.08460082395015	0.278098489937934	NA
PA14_RS08490	9.21441286683022	-0.320336044261055	0.838943546285534	-0.381832658084515	0.702585493184479	NA
PA14_RS08570	0.332734200677312	2.06762469739465	4.02856535685068	0.513240946650796	0.607782786630417	NA
PA14_RS08605	5.11019135577551	-1.27282753147688	1.02941020646983	-1.23646290223	0.21628654716384	NA
PA14_RS08615	2.87324148070954	-1.08834438372738	1.48470080350361	-0.733039533055479	0.463534317944896	NA
PA14_RS31380	6.93796530156292	-1.57541928046894	0.937406004498194	-1.6806157341741	0.0928375776407013	NA
PA14_RS31635	2.56239274632034	-1.14030649611045	1.71385956144783	-0.665344186747219	0.505830374568496	NA
PA14_RS08660	8.6397443442175	0.0803989006590716	0.765719190106142	0.104997891783183	0.916377481587284	NA
PA14_RS08705	3.16860680525279	0.178961896623725	1.28429962420517	0.139345907489835	0.889176814784157	NA
PA14_RS08730	3.38073522360073	0.67974225285928	1.17772957091506	0.577163272151807	0.563829165276086	NA
PA14_RS08855	6.45944762352493	-0.505627567354989	0.910156796558366	-0.555538967864605	0.578526063967634	NA
PA14_RS08860	5.56202507410887	-0.863955348472948	1.01874261210415	-0.848060479858112	0.39640428947918	NA
PA14_RS08865	5.83244906431631	-1.63760198784867	1.04009311461478	-1.57447632797299	0.115377369986271	NA
PA14_RS08875	7.30624998101643	-0.616121999121521	0.961517011259382	-0.640781173818789	0.521664866108529	NA
PA14_RS08960	3.03458070094289	-2.04866507412144	1.53338277295983	-1.33604283956248	0.181535271390101	NA
PA14_RS31220	1.37675481071196	-0.14646772829873	2.02460275759342	-0.0723439340134213	0.942328201982488	NA
PA14_RS08970	6.71038440278993	-1.51814065157006	0.895513722316489	-1.69527346565162	0.0900235559781865	NA
PA14_RS31225	7.56188642937264	-2.56664942932077	0.960109728169406	-2.67328759829824	0.00751118249637733	NA
PA14_RS30265	8.71823238542122	-0.508496071892422	0.755738053324528	-0.672846986671538	0.5010446416942	NA
PA14_RS30270	2.71272955908606	0.287120437643572	1.67349639199744	0.171569200278271	0.863776222971215	NA
PA14_RS08985	6.62856831936153	-0.570859768978061	0.953898717406566	-0.598449037157843	0.54954035412925	NA
PA14_RS08995	7.26016501509979	-1.22000312933767	0.859753450101102	-1.41901510159012	0.155894613365787	NA
PA14_RS09000	0.207261688803941	-0.810241716432171	4.0804728567969	-0.198565642970162	0.842602531331272	NA
PA14_RS31235	1.87053962980742	-1.17201614114865	1.71183412059582	-0.68465520522556	0.493561522080364	NA
PA14_RS30280	3.07712922190184	-1.97665113102938	1.56118423151398	-1.26612291562316	0.205469079555413	NA
PA14_RS30285	7.72272482169774	0.31850651948808	0.82694922984222	0.385158493404547	0.700119993022026	NA
PA14_RS30290	7.11814524608151	-0.0314011094199141	0.990611523487471	-0.0316987120333164	0.974712322020491	NA
PA14_RS09035	1.42085550173119	0.563984614074574	2.09954282393261	0.268622581852456	0.78822013300341	NA
PA14_RS09065	2.4946784978498	-3.007825976916	1.71431127396526	-1.75453899335259	0.0793381944967155	NA
PA14_RS09110	6.06658171841937	-0.70113395363315	0.94187970735725	-0.744398619225389	0.456635354082092	NA
PA14_RS09115	1.42654814154705	-0.408604925074527	1.8384553545031	-0.222254472524281	0.824115791392456	NA
PA14_RS09125	8.57382096565832	-0.652717754697033	0.851709483281368	-0.766361966738138	0.443460956554881	NA
PA14_RS09155	3.97844136371293	-1.30662645717728	1.26046169555243	-1.03662527928278	0.299910527321683	NA
PA14_RS30295	8.71448747662019	-2.00148811434899	0.845426175218959	-2.36743097507079	0.0179120608995687	NA
PA14_RS09605	9.51255113773534	-1.09116415090822	0.81465228783581	-1.33942317133483	0.18043295024501	NA
PA14_RS09925	2.86241919613116	0.0873428477417189	1.47188843274311	0.0593406713435073	0.952680767125267	NA
PA14_RS09930	4.13364842352614	0.0806566975099047	1.25429218238242	0.0643045525139956	0.94872772857772	NA
PA14_RS09935	2.94019237267486	-1.84138499195007	1.48404431639737	-1.2407884128556	0.214683922818851	NA
PA14_RS09940	2.4140483698276	-0.0813794310939589	1.44695563748729	-0.0562418286957838	0.955149159397109	NA
PA14_RS10050	3.43013205309042	-1.29022740596292	1.28175473409433	-1.00661021304874	0.314122124595375	NA
PA14_RS10055	8.62865147933427	-0.817123677029782	0.766932911711259	-1.06544348867039	0.286675285747841	NA
PA14_RS10060	5.96566609695145	-1.03513103513649	0.932122174799501	-1.11051004162533	0.266779303436536	NA
PA14_RS31645	5.2238880968853	-1.33289123786943	1.09744320076481	-1.21454234436965	0.224540690248755	NA
PA14_RS10610	9.49950537755421	0.208136522853704	0.890172429456874	0.233815961903802	0.815127857211201	NA
PA14_RS10625	8.55287206841712	0.683146989302641	0.820804194039889	0.832289837531509	0.405245365419212	NA
PA14_RS10630	0.370432876807633	2.22024059657998	3.73007472484431	0.595226841379873	0.551691850640505	NA
PA14_RS10635	0.877084467441155	1.22661051184865	2.72297625384878	0.450466841242153	0.6523738582337	NA
PA14_RS10640	1.07674122269344	-3.49493399409425	2.50023993135716	-1.3978394434318	0.162161286768924	NA
PA14_RS10645	0.742450918928118	1.85449750059218	2.71134880277494	0.683975996999793	0.493990322874633	NA
PA14_RS10650	1.61810795443631	0.00174191257433634	1.83156352812218	0.000951052228104942	0.999241170225072	NA
PA14_RS10665	1.54314749275987	0.661826518180373	1.81429528205963	0.364784346145162	0.715272391069317	NA
PA14_RS10670	3.47891750534924	0.60355211805702	1.24430449215893	0.485051787452626	0.627639610458645	NA
PA14_RS10690	2.87166917718899	-0.670160991748382	1.34924420376229	-0.496693622903607	0.619405120143309	NA
PA14_RS10695	3.15903640547542	-1.20268865890948	1.35161246198695	-0.889817675357518	0.373563794109898	NA
PA14_RS10700	5.70362448305968	1.50838819744002	0.970555881105078	1.55414873765183	0.120148941952198	NA
PA14_RS10735	7.103824964612	0.812282737753008	0.851523399626639	0.953917106810176	0.340125603484604	NA
PA14_RS10800	2.24385148074606	-2.82942380176236	1.69103267365346	-1.67319286365379	0.0942893347733782	NA
PA14_RS10805	5.71379540756228	0.42389723262604	1.0664589310725	0.397481065866963	0.691012746256972	NA
PA14_RS10810	1.28704786349002	-2.01025270523453	2.18270091650954	-0.920993201601447	0.357053976422197	NA
PA14_RS10815	5.46760239923851	-1.36864558666095	1.03024497464505	-1.32846616129576	0.184024155232984	NA
PA14_RS10820	4.12520471791032	0.0342408744911143	1.23096502660848	0.0278162853947636	0.97780867712176	NA
PA14_RS10825	2.12949070576178	0.926131177335795	1.58775842977823	0.58329476321228	0.559694887252027	NA
PA14_RS10830	7.6031197709361	1.0141541348047	0.814108777895735	1.24572312980831	0.212866059045638	NA
PA14_RS10855	4.12702379955102	-3.21634272721768	1.37190151067954	-2.34444142103505	0.0190556036349932	NA
PA14_RS10860	9.63910804121713	-0.307309813095149	0.731296562027319	-0.420225978149297	0.674320378766194	NA
PA14_RS10870	1.31824338102288	0.0628454145530361	1.96950177948135	0.0319092956440921	0.974544385563901	NA
PA14_RS10945	1.52785278270264	-2.96746171937765	1.96428232684863	-1.51071038965079	0.130862254164524	NA
PA14_RS11025	4.56308884029847	-1.17263590990556	1.14583165225082	-1.02339284100075	0.306122142904643	NA
PA14_RS11040	0.676277966016046	-2.85235500944555	2.93212506005988	-0.97279445829207	0.330655467502969	NA
PA14_RS11075	2.19402714194889	-1.95245027418599	1.70576391085043	-1.14461928861689	0.252366898565735	NA
PA14_RS11080	2.34393176454714	-2.7457087336107	1.66914409749593	-1.64498004559933	0.0999739261746569	NA
PA14_RS11085	3.94132192005643	-1.18116636776319	1.18309788398507	-0.998367407931302	0.318101231772373	NA
PA14_RS11090	8.32196148318869	-1.31859217881306	0.849452786411642	-1.55228424687758	0.120594225545509	NA
PA14_RS11190	5.11181921705983	2.13786932436049	1.2103157500207	1.76637321651306	0.0773332554697495	NA
PA14_RS11195	0.914267273806568	-0.441860955284528	2.30057400101292	-0.19206552586006	0.847690878512203	NA
PA14_RS11200	0.638832865380778	2.95319270795964	2.990120169452	0.987650174775707	0.323324004172173	NA
PA14_RS11205	0	NA	NA	NA	NA	NA
PA14_RS11210	6.48489300230624	-0.183003537830843	1.0238492689474	-0.178740702739366	0.858141307635982	NA
PA14_RS11215	0.677126165475194	0.100504826233005	2.81760565532643	0.0356702954662976	0.971545256256365	NA
PA14_RS11220	0.166367100338656	1.22326434189658	4.0666936709611	0.300800709586635	0.763566467277763	NA
PA14_RS11225	0.303497376332597	0.261494898350921	4.0666933142836	0.06430160283601	0.948730077219539	NA
PA14_RS11250	5.18102000770233	-0.403506733807327	1.0069298889712	-0.400729721331041	0.688619126106021	NA
PA14_RS11280	8.07147911972901	-0.363285538490627	0.779175463639334	-0.466243555455161	0.641041176046516	NA
PA14_RS11285	1.47878769894644	0.104172662628696	1.93693041276059	0.0537823465119869	0.957108574603386	NA
PA14_RS11300	3.10964500223855	0.401446082091865	1.48905440634837	0.269597994794789	0.787469543164833	NA
PA14_RS11305	1.92282968812342	-1.62332385039425	1.88818843722864	-0.859725554074919	0.389940344966102	NA
PA14_RS11385	7.46812046250497	-1.08590578760725	0.907086757299798	-1.19713553182031	0.231253732659011	NA
PA14_RS11390	5.37183461025614	-1.46812208250456	1.09399692495757	-1.34198008149017	0.179602454108541	NA
PA14_RS11395	1.11898774442656	2.30592146373048	2.59933080401526	0.88712120064459	0.375013651022252	NA
PA14_RS11400	0.840559647748742	-0.589383589678749	2.53533355460844	-0.232467869408123	0.816174640184891	NA
PA14_RS11405	7.16572166892667	-0.254996179330039	0.893598921741099	-0.285358647068644	0.775369385815842	NA
PA14_RS31750	0.647294717166385	1.71769843482331	3.05829089121303	0.561653059150957	0.574352422214867	NA
PA14_RS11425	2.79347435967603	-0.204783613695908	1.38836196129378	-0.147500161632975	0.882737252160338	NA
PA14_RS11430	6.13276076008618	0.0352947811455757	0.959045062113306	0.0368020049733657	0.970642875395472	NA
PA14_RS11495	4.20080582903224	0.838787747858473	1.18985053131263	0.704952198435491	0.480839984444651	NA
PA14_RS11500	3.75743997269804	0.661270231637073	1.12504122890802	0.587774220753592	0.556683849667428	NA
PA14_RS11525	1.21491668397024	2.72861111804717	2.16851818814425	1.2582837132587	0.208289169141663	NA
PA14_RS11610	2.48554652343497	0.0688863769091668	1.45953015460504	0.0471976387002486	0.962355709470853	NA
PA14_RS11615	9.63251612641036	1.96994529139611	0.934293430438053	2.10848672078587	0.0349889102024338	NA
PA14_RS11630	4.33966013171306	-0.511504725851291	1.23384393516913	-0.414561932244027	0.678462620602777	NA
PA14_RS11655	6.1704883737819	-0.749785185327316	1.05638760320911	-0.709763332179972	0.477850911093234	NA
PA14_RS31525	1.11332940509476	-2.50120957119506	2.18198018448218	-1.14630260576295	0.25166996512604	NA
PA14_RS11780	9.48613091739883	0.715958080824379	0.803916791419194	0.89058729518569	0.373150617522853	NA
PA14_RS11785	7.11515897137279	-1.01239660189576	0.941625577320946	-1.07515834985724	0.282303839143865	NA
PA14_RS11790	1.42262398213319	-2.12774465043229	1.96874326392739	-1.08076288534835	0.279802601937783	NA
PA14_RS11795	4.66135611144124	-0.76194567079183	1.06387241307803	-0.716200233623263	0.473867718849235	NA
PA14_RS11800	0.835872940771912	-0.588297965918973	2.75355071451705	-0.213650673952506	0.830819479558799	NA
PA14_RS11805	3.6506448788216	1.83238629488196	1.40459793979296	1.30456285245018	0.192041744394412	NA
PA14_RS11835	0.438542233720578	1.08232043483597	3.53929648749163	0.30580100838148	0.759756160650535	NA
PA14_RS11905	2.95021447056597	-1.54709867304124	1.34337249070784	-1.15165278710303	0.249463780496881	NA
PA14_RS11910	3.5198274853048	-0.39811097385573	1.23726676392664	-0.321766481944662	0.74762960849603	NA
PA14_RS11965	1.13254413154836	-2.25696775115375	2.37271532053956	-0.951217253758244	0.341494101568116	NA
PA14_RS11970	3.27746173602593	-1.17585794880168	1.42218086486343	-0.826799163068896	0.408350904500693	NA
PA14_RS11980	6.64622291980405	0.0102090063419732	0.983630466689989	0.0103789041593307	0.991718981287653	NA
PA14_RS11995	6.18210506438085	0.0593445898798999	0.866953915462498	0.06845183904411	0.945425956975312	NA
PA14_RS12035	6.0776799725675	1.06272645172207	0.963484482282406	1.10300318403112	0.270025782435448	NA
PA14_RS12040	1.01911577346316	-3.39712441888039	2.54570748804864	-1.33445198823074	0.182055771699479	NA
PA14_RS12045	1.48116099353152	-1.72211976046296	1.94542221589165	-0.885216456559098	0.376039898249278	NA
PA14_RS12050	0.767763583858968	-0.0131671311296852	2.63602570132807	-0.0049950693284407	0.996014527876102	NA
PA14_RS12055	1.3398058203523	-2.54285994903506	2.26353573347371	-1.12340172564127	0.261266917259504	NA
PA14_RS12060	9.34272879089612	0.326975810275807	0.772029058823521	0.423527853697733	0.671910180860009	NA
PA14_RS31405	3.70570008463101	-0.242627577381751	1.19958853562298	-0.202258999795916	0.83971425093648	NA
PA14_RS12070	6.30946538352247	-1.72116797991109	1.00397637097442	-1.71435108402062	0.0864642664825038	NA
PA14_RS12095	9.89554871895603	-0.588088439429429	0.748399476755246	-0.78579482976009	0.431987696072066	NA
PA14_RS12100	0	NA	NA	NA	NA	NA
PA14_RS12110	3.79732862832429	0.757481904486057	1.13061670319059	0.669972327799907	0.502875430669894	NA
PA14_RS12240	0.669243546163401	1.74938465832586	2.78172468440064	0.628884903001386	0.529424410407253	NA
PA14_RS12430	8.04298665522423	-1.2060413658485	0.919777354648585	-1.31123185383194	0.189779443586864	NA
PA14_RS12435	6.92145444164498	0.107827714856089	0.839753341963834	0.128404031836211	0.897829240627424	NA
PA14_RS12440	3.37241028745191	1.05136222226117	1.28638305800192	0.817301048642702	0.413756407657594	NA
PA14_RS12445	3.85157136961488	0.681287296446824	1.24044224584866	0.549229356487062	0.582848060473808	NA
PA14_RS12450	4.23460849870919	0.987459103394018	1.31863368512456	0.748850203459456	0.453947496827351	NA
PA14_RS12455	6.91526631250217	0.981934482031461	0.942129464520066	1.04225005056144	0.297295763675809	NA
PA14_RS12480	4.25451515334063	-0.657417424116088	1.24287972045078	-0.528946939352785	0.596842258711922	NA
PA14_RS12590	0	NA	NA	NA	NA	NA
PA14_RS12595	2.0522283051479	-2.69047407762783	1.94043382014236	-1.38653225361247	0.16558443860902	NA
PA14_RS12600	1.58524499988791	2.11327220196001	1.93452232497467	1.09240000731844	0.274657319798945	NA
PA14_RS12605	0.529774276068446	-2.49850738565378	3.55208856502496	-0.703391072580485	0.481812068514081	NA
PA14_RS12610	1.56918840476962	2.22811376968579	2.06067103958143	1.08125640962974	0.279583071744001	NA
PA14_RS12615	2.13810351788972	-0.628852927396453	1.86663701873368	-0.336890847596639	0.736199185005017	NA
PA14_RS12620	0.274260551987882	-1.58428465880771	4.04658708955447	-0.391511321453392	0.695419321878735	NA
PA14_RS12625	3.55551968502194	1.54572007988343	1.34476772200338	1.14943276418078	0.250377576335054	NA
PA14_RS12630	0	NA	NA	NA	NA	NA
PA14_RS12635	0	NA	NA	NA	NA	NA
PA14_RS12640	0.54377103429003	-0.315818982847589	3.03559476679988	-0.104038584563949	0.917138728646329	NA
PA14_RS12645	0	NA	NA	NA	NA	NA
PA14_RS12650	9.22234605039278	-0.738760955535832	0.739745475807067	-0.998669109439079	0.31795500956476	NA
PA14_RS12705	1.01043959862632	1.45466887435802	2.23892842668034	0.649716559503806	0.515875325367703	NA
PA14_RS12710	1.03967642297103	2.50646773723291	2.37550787088244	1.05512920750787	0.291366235573777	NA
PA14_RS12715	0.306098664703466	2.02972088757066	4.03034072114873	0.503610247371876	0.614535290135095	NA
PA14_RS12720	0.264887138034223	-1.55039906862209	4.04856936610737	-0.38294985917773	0.701756941781626	NA
PA14_RS12725	5.32904635074938	1.99261801708473	1.07669448015298	1.85068099987065	0.0642154590612482	NA
PA14_RS12730	0.274260551987882	-1.58428465880771	4.04658708955447	-0.391511321453392	0.695419321878735	NA
PA14_RS12735	1.10869734205203	2.59230650209196	2.3342181859783	1.11056734870116	0.266754623647421	NA
PA14_RS12760	0.411327465272919	0.650256660345441	3.64395720747284	0.178447940884687	0.858371202059158	NA
PA14_RS12765	3.28006969711228	0.234074374374158	1.2402374756442	0.188733511904707	0.850301684877163	NA
PA14_RS12770	1.68680321653855	3.17057661542075	1.94361406778432	1.63127889840555	0.102831483841531	NA
PA14_RS12775	8.40959316503573	0.0375636685342845	0.801004969366586	0.0468956747721414	0.962596375335204	NA
PA14_RS12780	5.91115843137093	0.666586676016264	0.944634821726197	0.705655413801244	0.48040245451904	NA
PA14_RS12790	8.99362644616147	0.281979439412156	0.806818441278736	0.349495530822577	0.726717325436068	NA
PA14_RS12795	2.37000774899529	1.20133373322675	1.65544837462754	0.725684806387904	0.468032018128115	NA
PA14_RS12800	2.79804720302735	0.742252609929621	1.39164220846936	0.533364542561561	0.593781257237609	NA
PA14_RS12835	5.82368529184605	-0.591271374019476	1.04615339379427	-0.565186116612412	0.571947178803931	NA
PA14_RS31410	9.26297923207165	0.228784336633018	0.739450798884168	0.309397646169636	0.75701906070015	NA
PA14_RS12940	7.13299219105273	0.325209123224152	0.858472820954948	0.378822852961607	0.704819415792209	NA
PA14_RS12950	5.37707302226028	-0.413959181225481	0.943892403392551	-0.438566069329113	0.660975987290552	NA
PA14_RS13005	7.92654388338073	1.68269113596959	0.847612007823426	1.98521389555412	0.0471206789677971	NA
PA14_RS13060	9.39568497069918	-1.09031875844229	0.830872683456577	-1.31225731709745	0.189433328442801	NA
PA14_RS13065	9.01938882191557	-0.238965557411667	0.761850481897719	-0.313664640358853	0.753775759246632	NA
PA14_RS13075	1.7732629000134	-1.56861003804158	1.82575637013498	-0.859156272819474	0.390254304439437	NA
PA14_RS13080	0.539995889481253	1.10226707959963	3.30034373244035	0.333985538768286	0.738390471119631	NA
PA14_RS13090	4.50979150235868	-0.769063570470699	1.20346718030846	-0.639039919870172	0.522796962732013	NA
PA14_RS13095	6.36306630158468	0.288329722018253	0.979835636828732	0.2942633551801	0.768556671961816	NA
PA14_RS13100	0.204065776468977	1.60244402172202	4.05354892548299	0.39531878143819	0.692607640298135	NA
PA14_RS13105	1.03824899103807	-0.126466264149172	2.3470712007078	-0.0538825852880109	0.957028711434625	NA
PA14_RS13110	0.137130275993941	-0.810241716432172	4.0804728567969	-0.198565642970162	0.842602531331272	NA
PA14_RS13115	0.306098664703466	2.02972088757066	4.03034072114873	0.503610247371876	0.614535290135095	NA
PA14_RS13120	0.516556265842371	-1.14219937647118	3.34726117386647	-0.341234017049172	0.732927416534389	NA
PA14_RS13130	9.04187046215312	0.770411097988479	0.815841032485676	0.944315212537444	0.345008594392861	NA
PA14_RS13135	8.54627097096159	-0.867799097155956	0.837193284646977	-1.03655764214818	0.299942062537374	NA
PA14_RS13140	2.3565301530606	-0.976018797619533	1.55078739776353	-0.629369827886851	0.529106966217024	NA
PA14_RS13145	1.65198699505481	3.07182493491206	2.32975130534807	1.31852053387008	0.187329455840367	NA
PA14_RS13150	0.849933061702401	-0.609343544587628	2.5265237956382	-0.241178628770329	0.809416673846137	NA
PA14_RS13155	6.36597162024895	-0.565200671818677	0.926923258459675	-0.609759941462582	0.542020841031685	NA
PA14_RS13190	0.102032888234489	1.05810376188171	4.07218675285242	0.259836747698407	0.794989703663902	NA
PA14_RS13195	0.682392104925837	0.638859756718529	2.99033980670663	0.213641190638508	0.830826875417349	NA
PA14_RS13235	9.36915313246922	-0.17315918728487	0.785011310295027	-0.220581773808829	0.825418093907529	NA
PA14_RS13250	5.7873723531784	1.47136018296421	1.05457203526654	1.39522017819516	0.162949453989463	NA
PA14_RS13285	8.97847459862042	0.0152350535215449	0.80833590025703	0.018847429041195	0.984962817627782	NA
PA14_RS13310	1.13064617104905	2.59855003656426	2.56047514951642	1.0148702427575	0.310167684632757	NA
PA14_RS13315	0.207261688803941	-0.810241716432171	4.0804728567969	-0.198565642970162	0.842602531331272	NA
PA14_RS13320	1.35882103128421	-3.81286677103129	2.31292867297325	-1.64850166612785	0.0992497690811891	NA
PA14_RS13325	0.371606733245541	-0.664133738995067	3.48176036241315	-0.190746539068176	0.848724175142207	NA
PA14_RS13330	3.21003265497326	-0.383421018903269	1.19091864143472	-0.321953998840219	0.747487544079843	NA
PA14_RS13335	6.54371879894804	-0.0492277242105222	0.955148527822937	-0.0515393394603524	0.958895755134016	NA
PA14_RS13340	3.52391956831754	0.189962192687259	1.22191701513914	0.155462433482545	0.876456767567192	NA
PA14_RS13345	7.4838334424683	0.721271558039609	0.851183717747225	0.847374712416438	0.396786294840886	NA
PA14_RS13350	3.80236851972638	-1.48897304156588	1.24353923840466	-1.19736715624357	0.231163479332756	NA
PA14_RS13355	1.08364697139104	1.52281286994408	2.22841895476867	0.683360221239079	0.494379249409606	NA
PA14_RS31765	0.546966946624994	-2.48519800851337	3.2250909145835	-0.770582310494128	0.440954549656227	NA
PA14_RS31265	2.32820159836195	1.38171180303161	1.71151241913357	0.807304573186259	0.419491029897674	NA
PA14_RS31770	2.59369684310123	-0.691079162137252	1.49596592607076	-0.461961833550856	0.644108690579321	NA
PA14_RS13425	6.40247082124418	0.25371187023227	0.925517806136341	0.274129647803767	0.783984990548654	NA
PA14_RS13475	8.15021872279137	-0.26993329796475	0.888652253334491	-0.303755824566785	0.761313924274111	NA
PA14_RS13490	5.44290411776105	0.0718723529381844	0.984755024394705	0.0729850075985769	0.941818047893462	NA
PA14_RS13495	8.99497941133687	-0.9180600426699	0.820538541786478	-1.11885060349645	0.263203879244341	NA
PA14_RS13510	7.77074838868025	0.645783606968295	0.859553619911826	0.751301131201728	0.452471448588616	NA
PA14_RS13525	8.29566103158859	-1.06068156762687	0.858045400876982	-1.23616019215624	0.216399024418868	NA
PA14_RS13530	0	NA	NA	NA	NA	NA
PA14_RS13535	6.68178211735505	-0.197300933959532	0.922652919100582	-0.213840903632391	0.830671126168715	NA
PA14_RS13540	5.41121156091589	-1.56985380995662	1.14325249099158	-1.37314707147065	0.169706630082706	NA
PA14_RS13550	3.89929210664839	2.51048133555188	1.34741468821142	1.86318388653187	0.0624363991330919	NA
PA14_RS13555	1.86943522483316	-0.357644895784844	1.74492226407701	-0.204963225667834	0.837600856695797	NA
PA14_RS13560	3.57466418805757	-1.99975320409845	1.26090627756913	-1.58596498381602	0.112747253017416	NA
PA14_RS13605	8.06180569384001	0.0933668311158215	0.854134686955836	0.10931160218839	0.912955344525921	NA
PA14_RS13610	4.55799295817753	-0.585568018529128	1.23012478026238	-0.476023268472185	0.634057800932299	NA
PA14_RS13620	5.23629165530206	-0.094337098951	1.0741376873644	-0.0878258905359464	0.930015059600964	NA
PA14_RS13625	8.79648526404971	0.462013104075015	0.753126575141887	0.613460099967888	0.539572157516083	NA
PA14_RS13635	9.78861345390873	-0.292553457302741	0.722461192183535	-0.404940030645162	0.68552159252365	NA
PA14_RS13640	7.90369316435687	-1.70115957077102	1.00153960871849	-1.69854447688566	0.0894050456324444	NA
PA14_RS13645	6.49995915639785	-1.24800727233312	0.886690183490206	-1.40748966839882	0.159282238720141	NA
PA14_RS13650	4.17196664282791	-0.911153467108369	1.10312144658501	-0.825977475036017	0.408816869541916	NA
PA14_RS13655	1.19596678148448	-2.56242609431448	2.3053053858277	-1.11153433730189	0.266338418460803	NA
PA14_RS13670	9.21066185406744	-2.25370599132241	0.843320448952258	-2.67241947485373	0.00753064461123507	NA
PA14_RS13675	6.97169930438114	-3.78738662777262	1.16179381730402	-3.2599473085176	0.00111432913491096	NA
PA14_RS13685	4.81801665918974	-2.54238397605041	1.18481679613302	-2.14580345615304	0.0318886627898245	NA
PA14_RS13690	2.6321890747566	-1.98129603276551	1.45476726357754	-1.36193333625967	0.173218924440086	NA
PA14_RS13695	6.31167143879151	-3.12973611549599	1.15736853102884	-2.70418283510251	0.00684726018597754	NA
PA14_RS13725	8.32144836810328	-1.33416459762836	0.840842560883666	-1.58669965067688	0.112580685503367	NA
PA14_RS13740	2.43450640418275	-0.600066541209495	1.49204009074837	-0.40217856405488	0.687552616809312	NA
PA14_RS13745	4.90827436062139	-2.26665243569856	1.21094785991092	-1.87180019118684	0.0612342518227435	NA
PA14_RS13750	7.43537841115441	-0.0156068649460604	0.805604896156891	-0.0193728526483793	0.984543666791952	NA
PA14_RS13755	9.64344955670742	-0.340276264692817	0.782684794976782	-0.434755174594789	0.663740144849389	NA
PA14_RS13790	6.60331576617085	0.872798550522913	0.899970229256059	0.969808247151012	0.332142081240819	NA
PA14_RS13830	8.0570677601105	0.0126005980024388	0.851692942979266	0.014794766243291	0.98819591505843	NA
PA14_RS13840	3.9256741041151	-0.190757206871969	1.29607420830613	-0.14718077533637	0.882989334396355	NA
PA14_RS13845	5.5827402060279	1.26630502390233	1.03247771324265	1.22647201742042	0.22002109930041	NA
PA14_RS13860	2.98807912455792	0.307809262303649	1.48927488534026	0.206683981133088	0.836256668485489	NA
PA14_RS13865	9.95388306875103	0.226251026812928	0.77953454663339	0.290238614555376	0.771633696831391	NA
PA14_RS13870	7.04511507765504	-1.36250194746162	0.92148869676014	-1.47858780281521	0.139250514579926	NA
PA14_RS13880	0.274260551987882	-1.58428465880771	4.04658708955447	-0.391511321453392	0.695419321878735	NA
PA14_RS13885	4.13645051065403	-1.43616597955388	1.2364346405233	-1.16153812946073	0.245423126394418	NA
PA14_RS13890	8.50182094543833	-2.03786356942212	0.850055981435801	-2.39732866296645	0.0165151027433404	NA
PA14_RS13910	8.2088979559849	-0.920967544899019	0.831746033253339	-1.10727013785289	0.268177151227674	NA
PA14_RS13925	8.89463444544329	-0.367334046770864	0.811134380969837	-0.452864599737049	0.650646243249269	NA
PA14_RS13935	7.2363472878283	0.169804657577063	0.811936575455472	0.209135371789117	0.834342562492495	NA
PA14_RS13940	5.4710545170886	-2.71533745054448	1.09374580224353	-2.48260376860389	0.0130426073967646	NA
PA14_RS13945	2.51823612813169	-0.344596434178953	1.47983103001938	-0.232862014100651	0.815868555982451	NA
PA14_RS13950	5.00386573221161	0.349101340573651	1.05832380319864	0.329862504763231	0.741503856062303	NA
PA14_RS13965	1.84034327207603	-4.24999243923218	1.94585410610024	-2.18412697329593	0.0289529191447203	NA
PA14_RS13970	0.274260551987882	-1.58428465880771	4.04658708955447	-0.391511321453392	0.695419321878735	NA
PA14_RS13975	0.818094948986817	-3.12464663667014	2.76886809518241	-1.1284924125157	0.259112019449217	NA
PA14_RS13980	4.23182865900007	0.476583836334915	1.4450956792436	0.329793966711166	0.741555646441916	NA
PA14_RS13985	0.896694302337158	-2.17460486712927	2.73273075915791	-0.795762575526971	0.42617004796474	NA
PA14_RS13990	4.29093126912558	-2.42983683058307	1.24667093619986	-1.94906030134124	0.0512882238372484	NA
PA14_RS14000	6.70640974245946	-1.68020110302975	0.928505495751039	-1.80957582988853	0.0703615909358024	NA
PA14_RS14005	0.989148756302302	-2.09173223904727	2.64277016800065	-0.791492300153266	0.428656767600473	NA
PA14_RS14010	0.567210657928912	1.43458172267843	2.98266462623786	0.480973190904107	0.630535552698786	NA
PA14_RS14015	2.43556225397765	-4.66375212496536	1.95386013902042	-2.38694266382012	0.0169891406535954	NA
PA14_RS14020	1.09222877555689	-0.495213080598205	2.17042637652639	-0.228163961677778	0.819518776941549	NA
PA14_RS14025	7.45961510782184	-0.319256466643679	0.909625365618636	-0.350975773885277	0.725606523336029	NA
PA14_RS14030	5.02141573021091	0.0392713863673519	1.07814391638086	0.0364249946326082	0.970943484565738	NA
PA14_RS14045	7.24816949503216	-0.615137675199633	0.830942563557218	-0.740289043043196	0.45912462796371	NA
PA14_RS14050	7.40679628096071	0.0657487779941727	0.853366223019217	0.0770463796440794	0.93858664897371	NA
PA14_RS14055	3.75763006082475	-0.419318372080304	1.41939869237997	-0.295419725501659	0.767673266594557	NA
PA14_RS14060	3.32932352221044	-3.09858771517336	1.52285067017828	-2.03472853632498	0.0418781952115863	NA
PA14_RS14070	5.83888347550529	-0.677562633962584	0.988767023061314	-0.685260145372554	0.493179776390589	NA
PA14_RS14075	7.74914130764211	-0.365246547652993	0.878562636833594	-0.415731937986082	0.67760616794105	NA
PA14_RS31415	0	NA	NA	NA	NA	NA
PA14_RS14090	3.37071583427085	-1.7805984434509	1.3107208208085	-1.35848795195957	0.174308902994213	NA
PA14_RS14110	7.10150202450318	0.357751856504977	0.844093151645569	0.423829829453699	0.67168992199809	NA
PA14_RS14120	2.22718812570747	-0.340285527929346	1.5196702323513	-0.223920637968173	0.822819056668845	NA
PA14_RS14125	2.30551495301572	-3.58537121444248	1.9059608624879	-1.88113580137339	0.0599534479936398	NA
PA14_RS14135	1.76408900158144	-0.637990247933122	1.86422863270301	-0.342227469711201	0.732179714107561	NA
PA14_RS14140	0.166367100338656	1.22326434189658	4.0666936709611	0.300800709586635	0.763566467277763	NA
PA14_RS14145	3.77351199629453	-1.28119220115906	1.21255717552005	-1.05660353756892	0.290692565336408	NA
PA14_RS14150	1.73831452685904	0.594674941990648	1.73143373313295	0.343458101000846	0.731253856395415	NA
PA14_RS14155	2.69980833160749	0.910423878020738	1.50267094064733	0.605870422721116	0.544600801393613	NA
PA14_RS14160	2.40128620073276	1.36869615250929	1.71544315371344	0.797867390444535	0.424947448794988	NA
PA14_RS14180	8.61015433544752	0.948493930799105	0.768216499767521	1.2346700846521	0.216953313834213	NA
PA14_RS14200	7.14910471334044	-0.140397139084377	0.833707264815107	-0.168401002377631	0.866267819582927	NA
PA14_RS14210	0	NA	NA	NA	NA	NA
PA14_RS14215	0.601396483520312	-0.624322346720755	3.13210187210845	-0.1993301534284	0.842004493391734	NA
PA14_RS14220	3.61094152100966	-2.61193349253636	1.42992130174864	-1.82662744400147	0.067755804133533	NA
PA14_RS14225	3.41956249351157	-3.18038940042455	1.52929548957495	-2.07964348427426	0.0375582453864914	NA
PA14_RS14250	1.07674122269344	-3.49493399409425	2.50023993135716	-1.3978394434318	0.162161286768924	NA
PA14_RS14255	2.60770232009762	-3.80846059542043	1.73020199708635	-2.20116529852228	0.0277243239516231	NA
PA14_RS14260	0.481522240791823	-2.32654456720797	3.37683618580057	-0.688971699897962	0.490841076910335	NA
PA14_RS14265	0.376293440222371	-0.678871159802957	3.76265283478747	-0.180423544135265	0.856820072067547	NA
PA14_RS14270	4.19768732411172	0.127463694150928	1.0903921511717	0.11689711267085	0.906941586222278	NA
PA14_RS14275	1.44403283110021	4.12286421793041	2.2272958213953	1.85106270048476	0.0641605333302162	NA
PA14_RS14285	5.62739622701416	-1.41178545908369	1.01417135242782	-1.39205811296485	0.163904801015814	NA
PA14_RS14290	0.402017414028164	-2.10439920075899	3.61256330177207	-0.58252244319891	0.560214828801462	NA
PA14_RS14295	8.52131167844959	-0.694034391001812	0.775587307963613	-0.894850114069135	0.370867216970877	NA
PA14_RS14300	3.5623456825845	-0.738070278632376	1.42207730836035	-0.519008547772531	0.603754780498715	NA
PA14_RS14305	7.46391190762757	-0.686787671098144	0.823801520479641	-0.833680994784128	0.404460770540507	NA
PA14_RS14310	5.70871707265863	2.0013631615394	1.13370763999723	1.76532563681435	0.0775090532535802	NA
PA14_RS14345	9.33987859045902	-0.144435030137891	0.787930118841794	-0.183309441642111	0.854555226562297	NA
PA14_RS14370	3.79221085298322	-1.88940742023462	1.34896823518108	-1.40063151300297	0.161324292370228	NA
PA14_RS14375	3.38223802953938	-3.16354869526294	1.55030646671662	-2.04059569071075	0.0412910308714541	NA
PA14_RS14380	2.37987735176574	-1.89631856043856	1.65187041344252	-1.14798264137839	0.250975729892055	NA
PA14_RS14385	2.24332630824561	-1.37225810244185	1.60849231412677	-0.853133142378009	0.393585474109582	NA
PA14_RS14400	2.56082044279979	-0.629858695969457	1.40937529376974	-0.446906298665657	0.654942715993889	NA
PA14_RS14405	1.48844898887922	-0.940535531857376	1.77812926664731	-0.52894665730955	0.59684245437157	NA
PA14_RS14410	1.40158671530422	-1.51951699526175	1.97492651640168	-0.76940432094168	0.441653324281662	NA
PA14_RS14415	6.43385840962892	-1.52873976464712	0.920470400903941	-1.66082446882141	0.0967487053511559	NA
PA14_RS14465	1.53526487344808	1.49115773327341	2.01993055580298	0.738222276498326	0.46037938810491	NA
PA14_RS14470	2.53503310628509	0.105306236370889	1.53503155352971	0.0686020011306896	0.945306425949856	NA
PA14_RS14480	4.51665671537714	0.321941827166188	1.25109454235678	0.25732813649696	0.796925473812312	NA
PA14_RS14485	4.54465286184037	-0.774672327630951	1.11447740157627	-0.695099179700983	0.486993148810778	NA
PA14_RS14490	2.79615381828534	-2.65386503212963	1.56428578396991	-1.69653464816036	0.0897846742554698	NA
PA14_RS14495	4.83557423916887	-1.35996073484121	2.75915572000765	-0.49289017106923	0.622090192600125	NA
PA14_RS14505	5.62465335957768	-1.81094279564411	1.05652343670264	-1.7140583282241	0.0865180140585712	NA
PA14_RS14615	4.16479277764049	0.383844515582317	1.17601935599133	0.326393025443661	0.744127013747388	NA
PA14_RS14620	0.816540791636046	-3.08205542451673	2.55248546943641	-1.20747227023284	0.227250317922874	NA
PA14_RS14625	1.4081816145526	0.67690289251212	1.96456916216862	0.344555389317477	0.730428648349568	NA
PA14_RS14630	0.621785066411823	-2.65902705798987	3.36051773156719	-0.791255178632793	0.428795098024902	NA
PA14_RS14635	2.16111644116338	0.944626892238149	1.6811090119166	0.561906982558614	0.574179396032452	NA
PA14_RS14660	3.48901506491755	1.07951610199951	1.24970156551036	0.863819116333306	0.387687264789054	NA
PA14_RS14665	2.33416129641384	1.6755973790743	1.611430064433	1.03982010517092	0.298423486540262	NA
PA14_RS14670	3.01220096979432	-0.276180076542804	1.33798332096745	-0.206415186359055	0.836466609256014	NA
PA14_RS14675	1.11221891136575	-2.31357638692379	2.31280008421509	-1.00033565491198	0.317148097799874	NA
PA14_RS14680	4.52560115314414	-2.23235545099307	1.25026758826568	-1.78550213725824	0.0741799049786652	NA
PA14_RS14685	3.84811363730312	-3.37568817064441	1.50171125230556	-2.24789430422243	0.0245829304607288	NA
PA14_RS14690	2.70836242033325	-1.61050344032113	1.70013793255941	-0.947278105780898	0.343497084339298	NA
PA14_RS14695	7.49495320928404	0.107818937950984	0.874473274400854	0.123295864044394	0.9018728158597	NA
PA14_RS14700	9.83533155062519	-0.156604105689207	0.756057979963579	-0.207132402328127	0.835906457391743	NA
PA14_RS14705	0.794661414102669	-3.08226024211015	3.04924679758801	-1.01082675385549	0.312099355830129	NA
PA14_RS14710	2.7016625008936	-0.564775553561087	1.66086080207852	-0.340049902348401	0.733818948069494	NA
PA14_RS14715	6.89114391220007	-2.19059724244539	1.09659023553748	-1.99764430819658	0.0457552359793738	NA
PA14_RS14730	5.13381176480555	-1.00182026792129	1.17917971066957	-0.849590828994528	0.395552612513761	NA
PA14_RS14735	6.81696850769038	-1.31100354988798	0.989335722963016	-1.32513515832784	0.185126326875072	NA
PA14_RS14755	2.56059592952958	-0.582648452610609	1.44541460099892	-0.403101263961179	0.686873730808641	NA
PA14_RS14790	2.83514435749658	-1.3606903952631	1.37661374334382	-0.988432958658369	0.3229406527101	NA
PA14_RS14795	0.638832865380778	2.95319270795964	2.990120169452	0.987650174775707	0.323324004172173	NA
PA14_RS14800	2.92959045834919	-4.91797227311649	1.77613554593135	-2.76891720588681	0.00562429255785747	NA
PA14_RS14805	2.27307958631598	0.98173887178521	1.7539962005651	0.559715506492495	0.575673503779231	NA
PA14_RS14810	4.66954284871794	0.521108007880642	1.03769426949907	0.502178746859803	0.615541791527213	NA
PA14_RS14815	0	NA	NA	NA	NA	NA
PA14_RS14820	4.93356221579732	0.0210481050902564	1.30661931313524	0.0161088274745851	0.987147571123183	NA
PA14_RS14830	9.43347443666282	-1.18157353887789	0.826244403568299	-1.43005330356858	0.152701721047231	NA
PA14_RS14835	2.36019201820461	1.15596131060623	1.55756900096378	0.742157368239194	0.457991994892122	NA
PA14_RS14845	0.137130275993941	-0.810241716432172	4.0804728567969	-0.198565642970162	0.842602531331272	NA
PA14_RS14850	2.2976674846835	0.4887105413348	1.41329517300232	0.345795096927001	0.729496710200578	NA
PA14_RS14855	3.5866388903821	-1.5998399250956	1.27558485549951	-1.25420109700904	0.209768921249752	NA
PA14_RS14860	1.30737308367262	-1.96653784278882	2.21394053863372	-0.888252330391144	0.374405035387283	NA
PA14_RS14865	5.25695206474581	1.24123466755767	1.21478151041269	1.02177606171829	0.30688690173091	NA
PA14_RS14870	1.44834795593898	-2.90088572942355	2.0337666163317	-1.42636116953079	0.153764116164284	NA
PA14_RS14875	5.59676865649439	0.906009801278114	1.1975626645526	0.756544795604992	0.449322625365619	NA
PA14_RS14890	2.45143010775396	-1.16421374718559	1.44779956299086	-0.804126328633888	0.421324020464597	NA
PA14_RS14895	2.95368697341934	3.13299188241556	1.71665467318922	1.82505656574194	0.0679924937190374	NA
PA14_RS14900	1.92204222135311	0.736536194725357	1.58409369030216	0.46495747015119	0.641961913482675	NA
PA14_RS14905	0	NA	NA	NA	NA	NA
PA14_RS14910	3.51074542784584	0.199979619293585	1.13162248150066	0.176719376437616	0.859728820222052	NA
PA14_RS14915	1.79469666818777	1.50869751793339	1.693646433197	0.890798391188122	0.373037338410465	NA
PA14_RS14920	1.22942850301447	-0.837194090265724	2.24840615234586	-0.37235002643639	0.709632256244767	NA
PA14_RS14925	0.645803922524519	0.132230448865771	2.84233721130136	0.0465217316017299	0.96289441352297	NA
PA14_RS14930	0.470275785546196	2.36623318093745	3.45070817653075	0.685723932562852	0.492887212000273	NA
PA14_RS14935	0.844072498287663	1.11706676347903	2.40192335053709	0.465071778093688	0.641880055534707	NA
PA14_RS14940	0.703167077484945	3.07722674461987	2.8919391125629	1.06407037798689	0.287296818750515	NA
PA14_RS14945	3.18533352300029	-1.6657413939817	1.30884705035927	-1.27267841840226	0.203132178932546	NA
PA14_RS14950	5.63313335753307	-2.26491571592773	1.06669815550458	-2.12329580232221	0.0337290722372448	NA
PA14_RS14955	4.10127161401589	-0.551835619311842	1.06601264373638	-0.517663296541826	0.604693210803888	NA
PA14_RS14960	2.39466766551237	-3.52962488587827	1.88094557925749	-1.8765162186519	0.0605844297620856	NA
PA14_RS14965	0.411390827981823	-2.12971610383351	3.93222437729532	-0.541605946021418	0.588089994799206	NA
PA14_RS14970	0.673018690972178	0.66942250685554	3.004923058064	0.222775257109855	0.823710426067702	NA
PA14_RS31655	0	NA	NA	NA	NA	NA
PA14_RS14980	5.57704796217919	0.290411219218331	1.28311479992378	0.226332997823408	0.820942435636407	NA
PA14_RS14985	7.11813979783252	-0.36927491726144	0.850180628820667	-0.434348778063412	0.664035187608784	NA
PA14_RS14990	6.8478236240491	0.313133414629369	0.960577204833723	0.325984640332552	0.744435976180181	NA
PA14_RS14995	8.88013190735369	0.233282362220862	0.807802703046124	0.288786310495351	0.772744908636413	NA
PA14_RS15005	2.18283118761987	-1.31687272861452	1.700073563606	-0.774597497899631	0.43857753627175	NA
PA14_RS15010	1.24043758319759	-3.67475016322227	2.38905396069857	-1.53816122351115	0.124009199472394	NA
PA14_RS15015	0.274260551987882	-1.58428465880771	4.04658708955447	-0.391511321453392	0.695419321878735	NA
PA14_RS15020	0	NA	NA	NA	NA	NA
PA14_RS15025	0	NA	NA	NA	NA	NA
PA14_RS15030	2.53190055665903	0.078549604754725	1.4216658005137	0.0552518072294786	0.955937855736298	NA
PA14_RS15035	1.71870054894554	-1.40611637059833	1.98721580268829	-0.707581113584216	0.479205424733207	NA
PA14_RS15040	0.819522380919778	0.0975945793212332	2.7756781217143	0.0351606256351358	0.971951658995124	NA
PA14_RS15045	2.10501608705902	-1.05986227148206	1.62850044716188	-0.650820988922147	0.515162049686198	NA
PA14_RS15050	1.84513868296032	1.32346426236981	1.86535948169684	0.709495555873184	0.478017008371068	NA
PA14_RS15055	0.991750044673171	-0.940589122874149	2.59396210609224	-0.362607117762075	0.716898392461374	NA
PA14_RS15060	1.84356824663584	-1.33798771770253	1.87021058057533	-0.715420889818157	0.474349008149419	NA
PA14_RS15065	1.2864052683073	-1.41919626498372	2.03658393779229	-0.696851349285496	0.485895826905563	NA
PA14_RS15070	3.17587783734394	-0.217113103925245	1.3476839588461	-0.161100903887836	0.872013928344994	NA
PA14_RS15075	7.52931021400838	-0.182982956698397	0.817039479885024	-0.223958524897899	0.822789575834479	NA
PA14_RS15080	2.19981562387992	1.00203863938536	1.63044359186736	0.614580378237876	0.538831875973686	NA
PA14_RS15105	5.09618850879919	-1.91192412580396	1.05924989799543	-1.80497928715609	0.0710779233147502	NA
PA14_RS15110	7.14065829003304	-0.993446542766827	0.891983995119789	-1.11374929169375	0.265386756504325	NA
PA14_RS15120	4.97799527349871	-0.611826694678477	1.0922788814945	-0.560137804588285	0.575385445976119	NA
PA14_RS15125	2.67823632300776	-0.0189266408049002	1.30232213143969	-0.0145329948312997	0.988404755971247	NA
PA14_RS15130	1.14927499231336	-1.18209323225776	2.14135097960208	-0.552031518194844	0.580926759325508	NA
PA14_RS15135	4.23600367621741	0.458255699549273	1.13752103598225	0.402854703388908	0.687055115602966	NA
PA14_RS15180	3.42130077489376	-1.12499416006196	1.27741770355952	-0.880678384937966	0.37849191917723	NA
PA14_RS15185	4.4953293752888	-2.09788459992072	1.27867222851758	-1.64067425031424	0.100865052837741	NA
PA14_RS15190	1.25039631837979	-1.33002715203333	2.19674683229679	-0.605453087483335	0.544877986458757	NA
PA14_RS15195	4.45208040123222	-1.78877157002011	1.18300159868695	-1.51206183660743	0.130518132293527	NA
PA14_RS15200	1.40408344278513	-2.49751852690149	2.20809030700969	-1.13107626032006	0.258022995227591	NA
PA14_RS15210	8.2969069695102	-2.69176030559762	0.903049902724426	-2.98074369697267	0.00287549345894197	NA
PA14_RS15220	5.11362532745581	-2.24345009602177	1.15689664086826	-1.93919665488702	0.052477396791259	NA
PA14_RS15225	2.5030655134722	-0.209808283456582	1.71553697327854	-0.122298899251131	0.902662303726018	NA
PA14_RS15230	5.47770754078665	0.000929438598505351	0.993160471617761	0.00093583929794486	0.999253308381769	NA
PA14_RS15235	3.56617547132738	0.474281776074434	1.36580487209527	0.347254418083047	0.728400191622861	NA
PA14_RS15240	1.67383130014978	-1.214557033894	1.83882349131565	-0.660507677670035	0.508928093154886	NA
PA14_RS15245	1.68580600247431	-0.664158208328238	1.92049259680265	-0.345827007838493	0.729472726750565	NA
PA14_RS15250	1.4597434257897	-2.73254895337495	1.99097903583241	-1.37246495527889	0.169918741247994	NA
PA14_RS15255	8.72575446330945	0.170665353783942	0.821171460918786	0.207831569783232	0.835360481665159	NA
PA14_RS15260	1.09548805060076	-3.51684715880492	2.30907584814858	-1.5230539792033	0.127745201211021	NA
PA14_RS15265	0.548521103975764	-2.54415856340387	3.50570307991667	-0.725719921341525	0.468010486697521	NA
PA14_RS15270	1.27222519499656	-0.181071064124638	2.19504232338148	-0.0824909215625949	0.934256337274891	NA
PA14_RS15275	0.543834396998935	-2.53723561418963	3.21022301203629	-0.790361169512714	0.429316872694548	NA
PA14_RS15280	4.93535716539202	0.863985173808517	0.995699389279991	0.867716886351895	0.385549339276456	NA
PA14_RS15310	8.13026570548024	-0.700268798161864	0.8564855944283	-0.817607211046311	0.413581508649493	NA
PA14_RS15315	2.26076041834099	1.51433685622805	1.54194624815309	0.982094452411609	0.326053318252158	NA
PA14_RS15325	4.25990231341509	-0.877438695513555	1.31777279137416	-0.665849758969885	0.505507136250343	NA
PA14_RS31420	6.45696214451681	-2.1940697623718	1.03456262265983	-2.12077037611402	0.033941130801959	NA
PA14_RS15345	8.85729972791795	-0.64419382221439	0.766074163027038	-0.840902687109229	0.400402452939352	NA
PA14_RS15360	7.98504105380918	-0.86090698415277	0.906440260631795	-0.949766930644399	0.342230692488794	NA
PA14_RS15370	3.75403497557107	-0.758237661706246	1.18264179180151	-0.641138903565406	0.521432440185829	NA
PA14_RS15375	0.601134189250456	2.84199354731967	3.09921908790751	0.917003111657554	0.359141009570651	NA
PA14_RS15385	3.12386956625233	-0.900321970134074	1.27083281132128	-0.708450365865212	0.478665624634855	NA
PA14_RS15390	6.75632188887983	0.0999339742407883	0.861477604892573	0.116002985653063	0.907650175563762	NA
PA14_RS15395	0.767763583858968	-0.0131671311296852	2.63602570132807	-0.0049950693284407	0.996014527876102	NA
PA14_RS15400	0.336509345486089	0.643195842737613	3.9320130068843	0.163579276470216	0.870062359912336	NA
PA14_RS15405	6.42017936156563	0.588398301284958	0.958162127197985	0.614090543325532	0.539155496959021	NA
PA14_RS15420	8.02524056344997	0.461539450968423	0.81504717342541	0.566273298057957	0.57120800922946	NA
PA14_RS15430	4.39647700789899	-1.66249665400222	1.16091151993877	-1.43206146674288	0.152126230994613	NA
PA14_RS15435	3.70378511932191	-0.794712603857375	1.37131008969751	-0.579528007434608	0.56223295420989	NA
PA14_RS15440	2.23506745249728	1.63668124821746	1.63461425305887	1.00126451556061	0.316698943281169	NA
PA14_RS15445	0.102032888234489	1.05810376188171	4.07218675285242	0.259836747698407	0.794989703663902	NA
PA14_RS15460	6.64704487505202	-0.214235767324951	0.880711257395729	-0.24325312697654	0.807809313159249	NA
PA14_RS15470	8.2233607455567	-0.00473741157052824	0.8257772160739	-0.00573691242421525	0.995422631258573	NA
PA14_RS15520	3.97991614591585	0.201983837231379	1.27019114706175	0.159018457732613	0.873654331699511	NA
PA14_RS15530	2.36581114208051	-2.73852817555847	1.60248417834146	-1.70892681036814	0.0874645075833782	NA
PA14_RS15535	4.76655999280335	-0.482906499491746	1.07629168043462	-0.448676235513355	0.653665230228805	NA
PA14_RS15550	9.79396376202024	1.03478241657266	0.750084172071174	1.37955506208772	0.167723681751142	NA
PA14_RS15565	6.37745537201592	-1.08887723442152	0.947628639640349	-1.14905479728302	0.250533385917326	NA
PA14_RS15595	2.93914261163469	0.699598684401547	1.610831145976	0.434309136714426	0.664063969907363	NA
PA14_RS15680	8.69911683515802	0.291334581309984	0.831598122683043	0.350330975219173	0.726090321527557	NA
PA14_RS15685	6.6678242814931	-2.18132065462363	1.07770937687099	-2.02403421686545	0.0429666312409812	NA
PA14_RS15725	2.57311208332828	0.718898342631154	1.43407611565911	0.50129720088166	0.61616197495489	NA
PA14_RS15750	6.19993355708255	0.147593962599973	0.890466106776658	0.165749107660301	0.868354398196729	NA
PA14_RS15760	1.14523088051925	-1.81681020241769	2.26609707286697	-0.801735382023654	0.422706044258579	NA
PA14_RS15765	3.63254998582047	-0.981659145464086	1.19685327559222	-0.820200074214063	0.412102059677199	NA
PA14_RS15780	2.23518139466396	0.178872239089	1.74791270603234	0.102334766760195	0.918490960270606	NA
PA14_RS15785	1.24751734424879	1.88109840862698	2.24412151046705	0.838233758668212	0.401899430653359	NA
PA14_RS15790	2.95351299805366	0.31652920326711	1.35135466806024	0.234231035529304	0.814805622222829	NA
PA14_RS15795	2.64617040449998	1.59719639693977	1.66052284884593	0.961863546803844	0.336118151916279	NA
PA14_RS15800	0.54845774126686	-0.33258813508659	3.02652390613313	-0.109891131014235	0.912495716369075	NA
PA14_RS15805	0.137130275993941	-0.810241716432172	4.0804728567969	-0.198565642970162	0.842602531331272	NA
PA14_RS31425	0.207261688803941	-0.810241716432171	4.0804728567969	-0.198565642970162	0.842602531331272	NA
PA14_RS15815	9.34657533290578	-0.301698959159423	0.733326904301918	-0.411411278366531	0.680770985293318	NA
PA14_RS15820	2.13549621930529	-1.49102461851996	1.70045638869133	-0.876837905656287	0.380574687097876	NA
PA14_RS15825	2.67941017944567	-0.629537461918134	1.30984143223033	-0.480621124380064	0.63078579904974	NA
PA14_RS15830	6.65665624802893	0.141083813209857	0.847478708901595	0.166474758277661	0.867783345956455	NA
PA14_RS15895	9.78692300186984	-0.554705300686452	0.920891577732469	-0.602356796499664	0.546936661809575	NA
PA14_RS15925	7.69724364920727	0.187073916781882	0.858708806966234	0.21785489477254	0.827542171764336	NA
PA14_RS15930	0	NA	NA	NA	NA	NA
PA14_RS15935	2.90213450190571	0.7621749082615	1.4367964601323	0.53046825309642	0.595787314616064	NA
PA14_RS15940	0.132443569017112	-0.810241716432172	4.0804728567969	-0.198565642970162	0.842602531331272	NA
PA14_RS15945	0.137130275993941	-0.810241716432172	4.0804728567969	-0.198565642970162	0.842602531331272	NA
PA14_RS15950	9.39952617412753	-0.0953253099755311	0.74777039443426	-0.127479384962347	0.898560988470965	NA
PA14_RS16020	4.7883955421356	0.594524667008842	1.11902174458407	0.531289646413279	0.595218078985013	NA
PA14_RS16025	2.21147338800049	0.129700406372703	1.60296577048568	0.0809127735356483	0.935511321462559	NA
PA14_RS31780	2.64398299168996	-1.61300128569882	1.61530645154268	-0.9985729235207	0.318001622106848	NA
PA14_RS16035	3.79051791279959	-0.338466689436814	1.36098665363858	-0.248692144432077	0.803598925810386	NA
PA14_RS16040	7.37057553767995	0.217947620996536	0.892412376359891	0.244222992385577	0.807058120768845	NA
PA14_RS16055	0	NA	NA	NA	NA	NA
PA14_RS16060	0.397330707051335	-2.08418405135163	3.98712089213829	-0.522729083901413	0.601162795880918	NA
PA14_RS16065	4.7437871992717	-0.848182493263354	1.122429436696	-0.75566665086767	0.449849083667732	NA
PA14_RS16070	2.49295447116292	-0.157407203801083	1.50007996336174	-0.104932542028178	0.916429336697624	NA
PA14_RS16075	3.27400352942111	-0.129931754454146	1.35970691484542	-0.095558647996519	0.923871108962994	NA
PA14_RS16085	3.10105557453962	-3.84862105977618	1.71237587567052	-2.24753286615251	0.0246059925751232	NA
PA14_RS16095	4.70859349510402	0.813770739384473	1.11926095083531	0.727060779505575	0.467188723518413	NA
PA14_RS16100	0.23916316422843	0.0963298757213356	4.0721865163985	0.0236555657098269	0.981127349503988	NA
PA14_RS16105	1.3268319582263	-2.79081905247632	2.21557916985515	-1.25963409046619	0.20780139172965	NA
PA14_RS16135	8.56820646365798	-0.200630524224374	0.930454386197021	-0.215626394158231	0.829278980181153	NA
PA14_RS16140	1.09698493399736	-0.580456210483893	2.33211133130471	-0.248897298637606	0.803440224932789	NA
PA14_RS16145	0	NA	NA	NA	NA	NA
PA14_RS16150	1.64667117563623	1.59486545188889	1.84363205909872	0.865067107082392	0.387001957167117	NA
PA14_RS16155	1.95837682825938	-1.14191153781884	1.7372428726639	-0.657312547247826	0.5109799702826	NA
PA14_RS16165	5.2350307631953	0.169055061795745	1.14340360797161	0.147852482375535	0.88245918950828	NA
PA14_RS16170	0	NA	NA	NA	NA	NA
PA14_RS16175	0	NA	NA	NA	NA	NA
PA14_RS16180	0	NA	NA	NA	NA	NA
PA14_RS16210	4.8308848236308	0.29032150983352	1.06013294424612	0.273853870318098	0.784196922922315	NA
PA14_RS16215	5.60955495106133	-1.31545019493301	0.998623807607441	-1.31726300225571	0.187750482174054	NA
PA14_RS16220	7.68510284892669	-1.35507125263522	0.920695740284128	-1.47179050944348	0.141077457232128	NA
PA14_RS16230	5.05005898884534	-2.26859592267172	1.1093010135454	-2.04506792563106	0.0408481619055064	NA
PA14_RS16235	1.08063437414522	0.0237953202846479	2.13567196644003	0.0111418423140669	0.991110279968357	NA
PA14_RS16260	7.2952725560903	-0.127319266919819	1.04235402804156	-0.122145896206718	0.902783474064109	NA
PA14_RS16310	3.41376863144599	-1.06464725977648	1.32567810598625	-0.803096358738174	0.421919042172757	NA
PA14_RS16315	5.30260808689872	-2.18926427421557	1.06865737422216	-2.04861195648331	0.0405000745528706	NA
PA14_RS16330	6.10274976350326	-3.79229776214998	1.26044046611415	-3.00870835561269	0.00262360834634504	NA
PA14_RS16355	9.35984732456404	-0.148058036466908	0.747427887972906	-0.198090061729507	0.842974600357076	NA
PA14_RS16380	8.33476027470728	0.157245074516093	0.857812930877951	0.18330928440908	0.854555349925942	NA
PA14_RS16460	0	NA	NA	NA	NA	NA
PA14_RS16545	9.88057780781183	0.509504393585106	0.727572933792751	0.700279477040357	0.483752785909573	NA
PA14_RS16835	3.16714092981827	-0.905098688427284	1.30277973237393	-0.694744219560439	0.48721561075802	NA
PA14_RS16840	7.39578309474802	-1.05322733118589	0.902903117300907	-1.16648986032339	0.24341644581378	NA
PA14_RS16845	4.25775353210023	-0.341747258774921	1.19901225711204	-0.28502399099577	0.775625761774372	NA
PA14_RS16850	0.166367100338656	1.22326434189658	4.0666936709611	0.300800709586635	0.763566467277763	NA
PA14_RS16855	5.27662867953214	1.16264711623684	1.124538683501	1.03388805853899	0.301188498192656	NA
PA14_RS16860	1.62003563966238	1.59146922825217	1.84849788998108	0.860952688600826	0.389264100933435	NA
PA14_RS16940	7.17814264311212	-0.431697663542509	0.886349702461063	-0.487051174433573	0.626222065995923	NA
PA14_RS17040	0.268399988573145	1.8534275645283	4.03917681928809	0.458862695903214	0.646332768695273	NA
PA14_RS17045	0.699654226946024	0.680128332639298	2.75575249165134	0.246803127167543	0.805060590216013	NA
PA14_RS17060	2.3608022586405	1.03219695208109	1.64841221009634	0.626176478042935	0.531199193737631	NA
PA14_RS17065	6.36051631850767	0.263506855814077	0.887785691896163	0.296813587129648	0.766608831659145	NA
PA14_RS17145	6.0263324798163	-0.417917256396923	1.08295302027523	-0.385905250341062	0.699566842054583	NA
PA14_RS17155	5.39860639936486	-2.01395516855353	1.00803329538249	-1.99790540429456	0.0457269166383737	NA
PA14_RS17165	3.06124047184126	-2.0543424005605	1.38289628963901	-1.4855361287409	0.137401860267645	NA
PA14_RS17170	2.21173568227034	-0.85991898978027	1.60285682123781	-0.536491455996796	0.591618939291713	NA
PA14_RS17175	0	NA	NA	NA	NA	NA
PA14_RS17240	6.43269122590649	-0.612258343288782	0.929987125498336	-0.65835141853249	0.510312344866075	NA
PA14_RS17245	3.46647765915793	0.647999054648826	1.42956535248482	0.453283967411841	0.650344276011004	NA
PA14_RS17255	2.88371934119072	-0.10065723045832	1.29870794767502	-0.0775056706463675	0.938221280322323	NA
PA14_RS17260	0.840297353478886	2.12667484349685	2.56875055706081	0.827902435933761	0.407725755306737	NA
PA14_RS17265	1.18995525772741	0.975649944372988	2.23364954681104	0.436796338873264	0.662259054378027	NA
PA14_RS17270	1.77031447441876	0.724045533423078	1.94038881952761	0.373144560583145	0.709040855234149	NA
PA14_RS17285	5.24905581168739	-0.961172983472551	0.960930383712338	-1.00025246340872	0.317188345777745	NA
PA14_RS30640	9.77732990194629	-0.0662650439385624	0.6976521309052	-0.0949829306083878	0.924328385017584	NA
PA14_RS17300	7.53848672067949	-0.700998531430661	0.913113620345752	-0.767701319760433	0.442664651933447	NA
PA14_RS17305	2.22931474249449	0.352202052328144	1.47604915749381	0.238611329805675	0.811406978954378	NA
PA14_RS17310	9.08197801658791	-0.988923055767947	0.821818433605925	-1.20333520803228	0.228846629662923	NA
PA14_RS17420	7.81416252709087	-0.781462878500768	0.923909852247233	-0.845821566465613	0.397652292506263	NA
PA14_RS17440	5.00403885708178	-0.916210103215772	0.998357577593802	-0.917717382807853	0.358766844754605	NA
PA14_RS17450	1.56333656012969	-1.09550306114856	2.06997418394479	-0.529235132324613	0.596642348109328	NA
PA14_RS31155	7.78977554757478	-0.877732172803341	0.876557684861805	-1.00133988665186	0.316662515584066	NA
PA14_RS17500	2.52045711558969	-0.582604768831037	1.54285869050975	-0.377613823232605	0.70571749429097	NA
PA14_RS17505	3.67754875626678	-0.0689355686718924	1.25903165828478	-0.0547528477288693	0.95633536607392	NA
PA14_RS17545	8.32057001117757	-0.0377404282775371	0.752183643758104	-0.0501744867635996	0.95998334255241	NA
PA14_RS17620	1.4580383080966	-0.463140773440635	1.78392778260817	-0.259618566376889	0.795158013389155	NA
PA14_RS17630	8.3737905406554	-0.394534009313008	0.792363401476544	-0.497920535675683	0.618540052428943	NA
PA14_RS17635	0.794661414102669	-3.08226024211015	3.04924679758801	-1.01082675385549	0.312099355830129	NA
PA14_RS17650	9.43927530587783	0.160226872735946	0.821142325594432	0.195126798049238	0.845293683971546	NA
PA14_RS17655	5.75295186108573	0.277348656477222	0.941467950253103	0.294591713294818	0.768305793229865	NA
PA14_RS17720	6.45524302367143	-0.356077057636085	1.0294687025956	-0.345884296179483	0.729429670917745	NA
PA14_RS17765	5.03308888582176	-0.839464926004315	1.02197319878314	-0.82141579349034	0.411409470522742	NA
PA14_RS17805	6.44677715352776	0.159538754345098	1.00469288377333	0.158793554649175	0.873831527024481	NA
PA14_RS17955	8.07881775786865	-0.51175068859905	0.841040694162495	-0.608473159683016	0.542873702179835	NA
PA14_RS17960	0	NA	NA	NA	NA	NA
PA14_RS18065	3.80216958816543	-1.20386258972312	1.17372982463878	-1.0256726586066	0.305045906200582	NA
PA14_RS18120	5.87509398701382	-2.74516765994025	1.06718217034058	-2.57235150308419	0.010101027838034	NA
PA14_RS18225	5.21029714274467	-1.27337847197245	1.07325003802173	-1.18646953352976	0.235436926173488	NA
PA14_RS18235	9.04752314547001	-1.07049425218614	0.77061151038019	-1.38914905599839	0.16478742922092	NA
PA14_RS18245	7.16368594229506	-1.39994691051485	0.850603047738505	-1.64582870263265	0.0997990311279957	NA
PA14_RS18290	5.54342920654388	-1.36581362342077	1.03576799781176	-1.31864821688475	0.187286746099613	NA
PA14_RS18300	3.94365834747153	1.79409373683272	1.44113348520512	1.24491850009117	0.213161709804503	NA
PA14_RS18310	4.02513663339963	-0.669824914281611	1.24150142674741	-0.539528106734822	0.589522508472026	NA
PA14_RS18315	4.61225867293822	0.159875339369486	1.12293379772425	0.142372898289721	0.886785468327859	NA
PA14_RS18320	6.14049699481295	-2.12217810956936	1.0157815381676	-2.08920720630306	0.0366890750257787	NA
PA14_RS18345	6.43525154107782	-0.155454704809136	0.924933573252734	-0.168071209981539	0.866527258244474	NA
PA14_RS18350	9.02529056173046	0.439006779950122	0.837659532513223	0.524087368328482	0.60021777385251	NA
PA14_RS18365	6.26025381485917	-2.24169169018795	0.998546917128254	-2.24495379409401	0.024771098983535	NA
PA14_RS18375	6.80274991233691	-1.39276950296571	0.975185291562973	-1.42821012069763	0.153231388439056	NA
PA14_RS18420	1.36980933527748	1.96147095273478	2.09709247911486	0.93532878128612	0.34961888716285	NA
PA14_RS18465	9.38499877559942	-0.309613500283253	0.804153194972362	-0.385018056533239	0.700224037682039	NA
PA14_RS18630	5.35291596727547	0.663547650786865	0.999925709003918	0.663596950065282	0.506948309876727	NA
PA14_RS18730	9.68185742448252	-0.086542874035646	0.817265213256484	-0.105893255496348	0.915667045315257	NA
PA14_RS18740	2.95149703091134	0.574300269417007	1.42890033529358	0.401917653199383	0.687744630390199	NA
PA14_RS18750	5.17838441884739	0.514259717148809	0.95387901347839	0.539124679212223	0.589800827771325	NA
PA14_RS18805	3.56734189222581	-0.428067768779811	1.16689269764227	-0.36684415768882	0.713735267349402	NA
PA14_RS18840	4.35288481465461	0.148050753898509	1.14818709057054	0.1289430573766	0.897402706172283	NA
PA14_RS18870	9.38424747650924	-1.07956241663763	0.80416376972688	-1.34246587234872	0.179444988733288	NA
PA14_RS18905	3.80045513074886	1.96154792663697	1.29584787877356	1.51371774323808	0.130097442812291	NA
PA14_RS30715	0	NA	NA	NA	NA	NA
PA14_RS18965	7.00886079671422	-0.53740970415186	0.85842949576169	-0.626038255681105	0.531289849285421	NA
PA14_RS18995	4.02856391058354	-1.18348477095265	1.23902686448222	-0.955172809305646	0.339490313822709	NA
PA14_RS19000	2.50145557539234	3.86162884502235	1.76849454649995	2.18356842132477	0.0289939761298498	NA
PA14_RS19005	6.51767525691822	0.777833006050401	0.980556813021284	0.793256439322213	0.427628430659809	NA
PA14_RS19010	5.04090290416543	1.29705860604872	1.00196753298655	1.29451161175112	0.195488761043424	NA
PA14_RS19015	7.59330785307873	-0.397550843357811	0.88786305572586	-0.447761443382503	0.654325372527288	NA
PA14_RS19020	3.534412194775	-1.83804135515988	1.26253226522351	-1.45583713445492	0.145437647595453	NA
PA14_RS19030	9.09860295468645	-0.166653178024243	0.809873390694196	-0.205776828747755	0.836965241827343	NA
PA14_RS31435	8.59392915422846	0.688135773737735	0.749765903103609	0.917800837420374	0.358723143768085	NA
PA14_RS19040	0.102032888234489	1.05810376188171	4.07218675285242	0.259836747698407	0.794989703663902	NA
PA14_RS19045	3.19678305282436	-0.641664498399204	1.4387233954308	-0.445995735133695	0.655600326643441	NA
PA14_RS19130	0.635320014841856	0.525415157328294	2.84160129358493	0.184901083242905	0.85330662133708	NA
PA14_RS19175	3.96185284483755	-1.85643102137765	1.23918934385505	-1.49810118250566	0.134106963925036	NA
PA14_RS19205	4.47334371610973	0.112401876193793	1.3019111709112	0.0863360563341075	0.931199276661055	NA
PA14_RS19210	5.47061042072702	1.39440964156134	1.04628731238619	1.33272154316888	0.182623200811748	NA
PA14_RS19265	9.24396925939896	-0.733049957413909	0.799991521158182	-0.916322158455681	0.359497949333164	NA
PA14_RS19270	5.4978811163441	0.948153887220373	0.977563813871245	0.969915082541357	0.33208882142806	NA
PA14_RS19285	8.06717542222628	-1.09365263389836	0.827420470050979	-1.32176163569047	0.186247537106126	NA
PA14_RS19355	6.3219882515899	0.217909382355335	0.981066015386548	0.222114902501721	0.824224437084716	NA
PA14_RS19375	7.55862172807595	-1.48411438055425	0.881261473682811	-1.68407949839462	0.0921663059138755	NA
PA14_RS19385	5.97730689781547	-2.14063411554461	1.01422599667859	-2.11060860454653	0.0348059674705103	NA
PA14_RS19405	2.11653565230748	1.51505961714267	1.67806328247748	0.902862027292466	0.366599126192794	NA
PA14_RS19425	3.77085343396949	-0.848329462374969	1.3336239283712	-0.636108459309862	0.524705732234297	NA
PA14_RS19435	2.45691451327333	0.206236120080405	1.36409833855597	0.151188601474822	0.879826941642806	NA
PA14_RS19440	3.52813098276185	0.931501313275906	1.27063156442189	0.733101033657794	0.463496809744151	NA
PA14_RS19445	0	NA	NA	NA	NA	NA
PA14_RS19450	8.21751294361217	0.808033486323566	0.842937610510849	0.958592280434456	0.337764182970267	NA
PA14_RS19455	4.96357786667872	0.653342941860078	1.0036737441963	0.650951512518888	0.515077787245735	NA
PA14_RS30740	3.21142907894414	0.627137870466735	1.30248688403229	0.481492656974184	0.630166397344071	NA
PA14_RS19480	2.21005204482226	-0.424522274243481	1.56569265336973	-0.271140235173112	0.786283177018457	NA
PA14_RS19485	1.86559062856074	0.0486208776061298	1.60206448034099	0.0303488893254666	0.975788806467215	NA
PA14_RS19490	0.207261688803941	-0.810241716432171	4.0804728567969	-0.198565642970162	0.842602531331272	NA
PA14_RS19495	0	NA	NA	NA	NA	NA
PA14_RS19500	2.56885555723225	1.74840767647146	1.60168644068757	1.09160421918844	0.275007100827796	NA
PA14_RS19505	2.34150246425146	0.0267217540543941	1.81108192891621	0.0147545804680327	0.988227975168663	NA
PA14_RS19510	1.44780797590899	3.05157858421516	2.14279412174615	1.42411188888666	0.154414085387595	NA
PA14_RS19515	7.08420669724066	-1.22567550191237	0.895485926368986	-1.36872670560244	0.171084719218606	NA
PA14_RS19525	2.15139508104368	0.0140464812375875	1.5556215177124	0.00902949790656239	0.992795600926661	NA
PA14_RS19575	6.60721090034779	-0.13505103850755	0.969950146030856	-0.139235030852043	0.889264427482132	NA
PA14_RS19580	6.4988590038935	1.69375325885756	1.09031775207358	1.55344921756649	0.120315852420771	NA
PA14_RS19585	4.34202060605909	-0.104781643232945	1.11476047789127	-0.0939947596914764	0.925113319468057	NA
PA14_RS19590	1.224672344574	-0.752389783266165	2.05882208243443	-0.365446723000227	0.714777969458615	NA
PA14_RS19595	2.51655787538318	-2.99596952239928	1.67088373866873	-1.79304487383802	0.072965749100298	NA
PA14_RS19600	4.56985438083729	0.915370636007791	1.11160141019338	0.823470200391837	0.410240656542328	NA
PA14_RS19615	0.510164441172443	2.65002234456738	3.59573589627106	0.736990263193571	0.461128270576328	NA
PA14_RS19620	8.4659651531334	-0.679913358523813	0.760180364978965	-0.894410576551299	0.37110225562745	NA
PA14_RS19625	0.720685405020253	-1.78130111773158	2.72414689565873	-0.653893195176189	0.513180618337946	NA
PA14_RS19630	1.52354637663867	-1.46325801445083	1.79700073248402	-0.81427791764344	0.415485757161724	NA
PA14_RS19635	8.28460965798268	0.996874195053047	0.787524311251969	1.26583291564455	0.205572907947194	NA
PA14_RS19660	8.13589303684996	-0.0278276486904511	0.859471380069352	-0.0323776327353747	0.974170899626036	NA
PA14_RS19665	3.52742311612091	1.77616502981654	1.49520559526786	1.1879068908235	0.234870094577454	NA
PA14_RS19670	6.31683712658236	0.744861045183588	0.963492843022714	0.773084149589296	0.439472581004581	NA
PA14_RS19675	3.45562884205268	-0.372186724129728	1.37133141400413	-0.271405380441907	0.78607926430309	NA
PA14_RS31565	2.78164452893909	-2.2875621998665	1.6898094627299	-1.35373972647243	0.17581942913794	NA
PA14_RS31440	8.51636538576415	-1.31459248583001	0.824958897013938	-1.59352482964711	0.111042502719275	NA
PA14_RS19700	8.32128798036597	-1.77427456573099	0.910190674075867	-1.94934382021926	0.0512543787779531	NA
PA14_RS19705	4.68433059577867	2.09566802816736	1.37386571059109	1.52538054630225	0.127164208084831	NA
PA14_RS19710	1.59145680199067	-1.12763057216187	2.06091805399958	-0.54714964041074	0.584275930784312	NA
PA14_RS19715	3.75933445268178	-1.80516896766695	1.27577813463383	-1.41495524861387	0.157081617509452	NA
PA14_RS19720	5.15772525565104	-1.41989362485083	1.09495382966954	-1.29676118424039	0.194713370038251	NA
PA14_RS19725	3.74604450284733	0.539428193374286	1.15056504702157	0.46883763310096	0.639185698050047	NA
PA14_RS19730	5.77508139693274	0.255424485704179	1.10172272910392	0.2318409877156	0.816661520643062	NA
PA14_RS19735	1.78038297176223	-1.0049830928675	1.72558872320381	-0.582400127767175	0.560297195506195	NA
PA14_RS19740	0.577757928320479	-1.08335031490922	3.18776232528566	-0.33984663985642	0.733972022524954	NA
PA14_RS19745	2.32842331539941	-1.77944517894495	1.67610903716729	-1.06165239819499	0.288393516817921	NA
PA14_RS19750	1.23965011642728	0.764193912956473	2.08526243565639	0.366473734859145	0.714011608011348	NA
PA14_RS19755	7.38089570176916	0.496491711847649	0.80734591878877	0.614967760774114	0.538576011543212	NA
PA14_RS19835	8.67306716282022	0.275957389611595	0.778858153769034	0.354310201769331	0.723106423116433	NA
PA14_RS19855	8.96002241972979	-0.292077696458003	0.738788856215709	-0.39534664606896	0.692587078747858	NA
PA14_RS19860	8.61938169723389	-2.55278685616546	0.92007276902627	-2.77454886407204	0.00552783291867994	NA
PA14_RS19865	0	NA	NA	NA	NA	NA
PA14_RS19870	9.67544991979137	-0.942524500412837	0.794004263896042	-1.18705219010794	0.235207035023816	NA
PA14_RS19900	6.77139123517134	-0.855530391579033	0.914424878605922	-0.935593958120785	0.349482286532192	NA
PA14_RS19905	2.65937621543568	2.66421067950992	1.64913536289495	1.61551970775344	0.106198196009549	NA
PA14_RS19910	3.50549230863425	-1.16262187616605	1.27132353081445	-0.914497252655453	0.360455620824969	NA
PA14_RS19930	9.53355549241823	0.0392110204367216	0.759982828849404	0.0515946136521086	0.958851711308393	NA
PA14_RS19935	7.47221345934738	0.733660501008106	0.935736625949347	0.784045938421801	0.433013155423505	NA
PA14_RS19940	2.06152021022287	-1.03548646278749	1.5465244931705	-0.669557105212512	0.503140166109782	NA
PA14_RS19945	5.85249736612811	0.514760470913276	1.04578186883994	0.49222546904957	0.622559961503979	NA
PA14_RS19995	4.1093700278231	0.633582001080347	1.27647986186474	0.49635095704117	0.619646820137051	NA
PA14_RS20005	7.96512762614018	0.106983141854702	0.936845688094578	0.114195051772391	0.909083174364259	NA
PA14_RS20130	8.05909310852954	-0.564194959252	0.790093471574533	-0.714086344907581	0.475173789124267	NA
PA14_RS20140	3.19828923895651	-1.12289559301238	1.3080104199616	-0.858476030370882	0.390629660596664	NA
PA14_RS20145	0.935042246365676	1.24030419458175	2.51980183651643	0.492222910789066	0.62256176981606	NA
PA14_RS20190	3.67658998570411	-1.26697964010155	1.35844498629451	-0.932669083315289	0.350990852382	NA
PA14_RS20195	6.99419109784975	-0.0813564328942597	0.961617627179908	-0.0846037245935788	0.932576437890059	NA
PA14_RS20210	4.18017576961397	0.725338551064468	1.15485142570138	0.628079538996929	0.52995183612427	NA
PA14_RS20215	4.9838714949385	0.307036396814319	1.14834735079739	0.26737240835808	0.789182441300418	NA
PA14_RS20315	6.43899216042101	-0.0652358158311692	0.882826096719188	-0.0738942993117245	0.941094491939485	NA
PA14_RS20330	8.50947990197542	-0.611401916974141	0.77002244039498	-0.794005323611771	0.427192332159615	NA
PA14_RS20580	7.95139517125985	-1.24690196818649	0.904553506358632	-1.37847231747077	0.168057509027157	NA
PA14_RS20595	8.46013830624199	-1.53019423688962	0.880293043949517	-1.73827823292146	0.0821617998980528	NA
PA14_RS20665	5.51397116145094	-3.02995690815857	1.13584842783592	-2.6675715120999	0.0076401627872589	NA
PA14_RS20685	5.4500842596968	1.01712784776484	1.10219374104402	0.922821288026359	0.356100345071681	NA
PA14_RS20750	2.66195716035651	-2.08267395460583	1.57771027674887	-1.32006109442192	0.186814620965298	NA
PA14_RS20755	5.32306303872165	1.14558755123098	1.13350239013358	1.01066178704394	0.312178332379805	NA
PA14_RS20760	2.44465603643393	1.35756240161731	1.60680522419229	0.844882989660265	0.398176172737029	NA
PA14_RS20765	4.81852377319192	0.495058321595717	1.10416695579468	0.448354588948386	0.653897309482666	NA
PA14_RS20770	1.5107147560802	0.854023201726804	1.8534463333399	0.460775791758619	0.644959471644261	NA
PA14_RS20775	3.8774692772331	0.781137423019127	1.28110456968588	0.609737441816055	0.542035747742667	NA
PA14_RS20780	0.102032888234489	1.05810376188171	4.07218675285242	0.259836747698407	0.794989703663902	NA
PA14_RS20785	8.51854118324453	0.195400286134064	0.799912725457733	0.244277006622504	0.807016290204585	NA
PA14_RS20790	4.02882678881414	-1.14839513809271	1.13052280998498	-1.01580890535766	0.309720394469172	NA
PA14_RS20925	7.25826444636132	-0.108841864103303	0.881584317957847	-0.123461660882796	0.901741532155752	NA
PA14_RS20940	9.67014578838218	0.791660909815062	0.73771656591472	1.07312340049387	0.283215753044783	NA
PA14_RS31575	2.0421246983781	-1.32444099609529	1.57850896202629	-0.83904559806562	0.401443722350417	NA
PA14_RS21005	6.96244402172992	-0.563889574782971	0.864056423867257	-0.652607352028206	0.514009444615322	NA
PA14_RS21010	2.35849903646773	1.21748709694376	1.60459151336035	0.758752047986401	0.448000895383466	NA
PA14_RS21210	9.93523108602302	-0.571004752811799	0.804937307538486	-0.709377919825759	0.478089986071342	NA
PA14_RS21215	9.69421837438405	-0.653681756970006	0.856087408380459	-0.763568942342742	0.44512416321275	NA
PA14_RS21360	3.27693714748622	0.190579857448357	1.27903764887888	0.149002539225805	0.881551629321345	NA
PA14_RS21465	5.58579025440443	-0.44125022320579	1.21562699181832	-0.36298159400506	0.716618633848555	NA
PA14_RS21515	5.22285716629774	-0.645356680002712	0.975637594033278	-0.661471722645304	0.508309843169936	NA
PA14_RS21520	1.33705966039384	-0.0288944988956951	2.13012104763822	-0.0135647215578345	0.989177249999113	NA
PA14_RS21525	0.911602622726794	-0.0359145218652887	2.2062143597725	-0.0162787997939566	0.987011970615033	NA
PA14_RS21530	1.48657594758725	0.72931843960695	1.78949947730095	0.40755443008397	0.683600825851975	NA
PA14_RS21535	0.132443569017112	-0.810241716432172	4.0804728567969	-0.198565642970162	0.842602531331272	NA
PA14_RS21540	2.58770284456529	1.36235061725571	1.80147797206813	0.756240508282042	0.449505009687632	NA
PA14_RS21545	2.1737491301609	-0.275160244620883	1.54459711241884	-0.178143700003415	0.858610123238521	NA
PA14_RS21615	9.38872137343227	0.834203449273013	0.807857528204119	1.03261208833129	0.301785468819102	NA
PA14_RS21620	2.40450288925758	-4.62001207226678	1.8684866780274	-2.47259567145763	0.0134135805381736	NA
PA14_RS21720	6.14564965459882	-0.958288011325497	0.904492039417838	-1.05947644596439	0.289382850709784	NA
PA14_RS21725	3.50698919203085	-0.451277876431211	1.24397254683245	-0.362771572073925	0.716775529492758	NA
PA14_RS21730	2.23538962896046	-2.43825509393203	1.68481646227298	-1.44719329881344	0.14784279286654	NA
PA14_RS30825	9.59274660944151	-0.935364373036287	0.840306399731273	-1.11312299101305	0.265655610699483	NA
PA14_RS21830	5.72682181666421	-1.55396329507852	0.984429164424752	-1.57854252112347	0.114441027620798	NA
PA14_RS21835	1.81950907982552	0.584974145977982	1.68515283552126	0.347134178958335	0.728490517065024	NA
PA14_RS21840	1.63925908489079	-2.34244030920472	1.88193004826124	-1.24470105111981	0.213241659463037	NA
PA14_RS21860	1.8648057918105	-1.85314500880767	1.80550649573932	-1.02638512416365	0.304710087116247	NA
PA14_RS21880	4.21992750960343	0.684937394193509	1.15336560703832	0.593859735381162	0.552605931569202	NA
PA14_RS21885	6.40788834198582	-0.301355355190894	0.948548125174704	-0.317701703469595	0.750711218934951	NA
PA14_RS21890	6.38130605704307	-0.99404798216835	0.89195636633205	-1.11445808302947	0.265082717403383	NA
PA14_RS21935	3.03359295582689	-0.269204832928411	1.23359825661495	-0.218227313053378	0.827252005143149	NA
PA14_RS21940	3.62122473938773	2.7980600522596	1.51639891899413	1.8452005057585	0.0650083769719929	NA
PA14_RS31450	5.57047766471218	0.502427992931457	1.09691986078933	0.45803527759076	0.646927096647072	NA
PA14_RS22000	2.68426481002137	-0.64133096697228	1.43722863888194	-0.446227517057544	0.655432907953489	NA
PA14_RS22030	0.647294717166385	1.71769843482331	3.05829089121303	0.561653059150957	0.574352422214867	NA
PA14_RS22035	9.28230177494928	0.342848566669034	0.72746190669905	0.47129418531996	0.637430667433922	NA
PA14_RS22195	8.28991920065293	-0.140383775058749	0.831377854708912	-0.168856765024011	0.865909307289616	NA
PA14_RS22200	0.366920026268712	-0.645309063300321	3.79851095466582	-0.169884744575416	0.865100778786686	NA
PA14_RS22205	3.57575653561679	-1.67885399538143	1.2807719974569	-1.31081410174095	0.189920577079853	NA
PA14_RS22210	9.18810100510997	0.319742147274972	0.727088213142422	0.439757021906695	0.660113098413419	NA
PA14_RS22275	1.08962748718602	-1.36355265887169	2.07082554891088	-0.658458487528718	0.51024356345248	NA
PA14_RS22280	3.30078808000004	0.746151612604307	1.28362591834578	0.581284314955155	0.561048850042714	NA
PA14_RS22305	4.20071340409849	0.114430180306701	1.12660676236081	0.101570649253793	0.919097477434248	NA
PA14_RS22405	5.96871579091407	-0.716002049347281	0.955471313765579	-0.749370534763066	0.453633905321908	NA
PA14_RS22410	4.88925128141019	2.61017166165871	1.19432063040976	2.18548653954271	0.0288531918260472	NA
PA14_RS22415	2.84394543667342	1.42857478430899	1.34326412492378	1.06350996635904	0.287550747940182	NA
PA14_RS22420	1.50675215316477	-1.139818173169	1.95863298577467	-0.581945765974213	0.560603212229908	NA
PA14_RS22470	2.55206462628033	-0.267036881510714	1.38980727209029	-0.19213950514814	0.847632930740203	NA
PA14_RS22475	2.68108428917669	-1.26586087402289	1.46562643792016	-0.863699535755673	0.387752968735706	NA
PA14_RS22520	5.0978667615477	-0.764058484284827	1.07634860249802	-0.7098615471898	0.477789997835327	NA
PA14_RS22525	1.01911577346316	-3.39712441888039	2.54570748804864	-1.33445198823074	0.182055771699479	NA
PA14_RS22530	4.63320153210828	1.77067325050681	1.21244352276035	1.46041709759441	0.144175476615452	NA
PA14_RS22535	0.402017414028164	-2.10439920075899	3.61256330177207	-0.58252244319891	0.560214828801462	NA
PA14_RS22540	0.788152166750479	-1.59130338531952	2.87157725510761	-0.554156564128338	0.579471701815711	NA
PA14_RS22545	4.24933292004893	1.53535498319332	1.2867226790504	1.19322913024771	0.23277964906862	NA
PA14_RS22550	1.11715919383764	1.62167497181008	2.29077986058663	0.707913929099584	0.478998709182594	NA
PA14_RS22555	0	NA	NA	NA	NA	NA
PA14_RS22560	5.73744345349125	1.48096014174524	0.995656879201941	1.48742018729614	0.136903868421315	NA
PA14_RS22565	4.86927315689811	0.0186032349099489	1.01692676123008	0.0182935837851749	0.985404646009132	NA
PA14_RS31790	2.91197523044491	0.059512260064722	1.63926559876117	0.0363042206886406	0.97103978453706	NA
PA14_RS22580	5.41876182875253	-0.638798377077031	1.01495830522531	-0.629383861177653	0.529097781109158	NA
PA14_RS22585	4.10085353210339	-0.438407686452122	1.2937269245835	-0.338871888743649	0.734706242316014	NA
PA14_RS22590	8.60639128960704	1.45113690860233	0.822068324233115	1.76522664336453	0.0775256824905156	NA
PA14_RS22595	4.181400977464	5.55687499558871	1.5821382720126	3.51225622556994	0.000444319409252406	NA
PA14_RS22600	0	NA	NA	NA	NA	NA
PA14_RS22605	4.6737987538653	0.48413362906946	1.04437589196839	0.463562624140038	0.642961137694737	NA
PA14_RS22610	2.39621658460391	2.15034693582664	1.58519970749827	1.35651484519908	0.17493541527465	NA
PA14_RS22615	2.56135170405498	-1.00475778989706	1.54136534323115	-0.651862191082353	0.514490077509623	NA
PA14_RS22620	1.24779503000893	-2.48004877044743	2.11429359779408	-1.17299166635842	0.240799147627186	NA
PA14_RS22625	1.86807196455136	1.28456838143737	1.79926948334091	0.713938847588392	0.475264994300621	NA
PA14_RS22630	0	NA	NA	NA	NA	NA
PA14_RS22640	7.84752915667913	0.530565355243461	0.801815228843338	0.661705260959972	0.508160132415016	NA
PA14_RS22645	1.03935948476708	-0.40156063372244	2.21620442150694	-0.181192957574461	0.856216122154556	NA
PA14_RS22650	2.56432720458398	-0.524003826170708	1.57097519371508	-0.333553214759255	0.738716727322156	NA
PA14_RS22655	5.00769742970381	1.19524742756547	1.04336694333632	1.14556765977604	0.251974085016284	NA
PA14_RS22660	7.42282532685158	1.52747323466448	0.920039674571613	1.6602253977533	0.096869117132798	NA
PA14_RS22690	0	NA	NA	NA	NA	NA
PA14_RS22695	0	NA	NA	NA	NA	NA
PA14_RS22700	5.91257919058842	0.415929013126069	0.942779378953256	0.441173218688623	0.659087599975998	NA
PA14_RS22735	6.85979159032399	-0.028447505666255	0.914695377053476	-0.0311005241525254	0.975189371659739	NA
PA14_RS22770	3.39109569838756	-0.11083262312472	1.23581385559817	-0.089683913659532	0.928538399463123	NA
PA14_RS22775	9.83338770651951	-0.829442549285403	0.905880729722569	-0.915620039229032	0.359866217116343	NA
PA14_RS22790	0.685651379969705	-2.86556097507634	3.22023594631169	-0.889860563900114	0.373540761603591	NA
PA14_RS22795	5.71981913060973	-0.764831742903651	1.07870708351058	-0.709026346999186	0.47830812708156	NA
PA14_RS22800	5.09877165100027	-1.40538962191523	1.19682153930293	-1.17426832302314	0.240287567128947	NA
PA14_RS22805	5.63961836996074	-2.6195028337498	1.13620093760436	-2.30549258238858	0.0211390017064235	NA
PA14_RS22810	8.56399694883265	-2.59092935180706	0.889036425356483	-2.91431180760469	0.00356473663648248	NA
PA14_RS22815	6.30523714769695	-3.13907676674715	1.15836367092792	-2.70992335613613	0.00672987574570244	NA
PA14_RS22990	8.58412543473456	-0.633406736846045	0.824212936508361	-0.768498902151871	0.442190842648768	NA
PA14_RS23010	7.1593014075459	0.461749741197593	0.828492320921049	0.557337382058362	0.577296939493644	NA
PA14_RS23020	1.89631824754732	1.13357788436942	1.72488841553235	0.65718911099508	0.51105932629157	NA
PA14_RS23035	3.15116584357867	-1.6178267567354	1.46232147557247	-1.10634137825409	0.26857878838751	NA
PA14_RS23055	2.15885767270573	2.55703930354884	1.76503677451799	1.44871729612951	0.147416548225205	NA
PA14_RS23060	0.575672509714519	0.337148123967808	2.9556358162147	0.114069575865269	0.909182639711961	NA
PA14_RS23090	6.59409850926549	-1.93227135060668	0.962710522775239	-2.0071156436895	0.0447373508900343	NA
PA14_RS23110	1.56121075228493	3.0965547520941	2.12994401884295	1.45381978338391	0.145996277112417	NA
PA14_RS23130	4.05356974898824	-1.51847430620085	1.2630280249455	-1.20224909994881	0.229267031162648	NA
PA14_RS23135	4.76265812257676	0.188576204910272	1.05459934021551	0.178813126197989	0.85808443818453	NA
PA14_RS23220	5.80618863254935	1.41353998868096	0.953327073297957	1.48274399025608	0.138142442178471	NA
PA14_RS23410	7.23160314068461	-1.55483668897349	0.874100042461901	-1.77878573783648	0.0752748963037349	NA
PA14_RS23650	5.39485167654729	0.417146060592454	1.10892335362892	0.376172130587165	0.706788932950007	NA
PA14_RS23655	2.18459036528632	-1.15603828430222	1.52886789901634	-0.756140072694321	0.449565218177693	NA
PA14_RS23660	1.3890173890156	-0.588628052418268	1.93827581187204	-0.303686425230554	0.761366800968889	NA
PA14_RS23895	9.24851993822243	-0.0869639163163441	0.950758564829523	-0.0914679283819413	0.927120788827081	NA
PA14_RS23990	9.65485716707968	0.403021129363591	0.735560467112358	0.547910263510707	0.583753521122896	NA
PA14_RS24025	9.67294124434784	0.271349736542614	0.856524525548735	0.316803230320548	0.751392912933589	NA
PA14_RS24045	2.47218968882279	0.506111154474091	1.50208177629987	0.336939814103073	0.73616227106716	NA
PA14_RS31460	0	NA	NA	NA	NA	NA
PA14_RS24050	9.39542862330873	-0.619473816526386	0.803841122440599	-0.77064210729299	0.440919095546097	NA
PA14_RS24055	4.75507810823245	-1.07362907885242	1.02652983060456	-1.04588200639052	0.295615512889192	NA
PA14_RS24060	1.56639965829211	-0.993246980908701	1.9014656151634	-0.52235863377595	0.601420651915205	NA
PA14_RS24065	0.102032888234489	1.05810376188171	4.07218675285242	0.259836747698407	0.794989703663902	NA
PA14_RS24075	0.703429371754801	-0.187458621705954	2.93801081296389	-0.0638046057825241	0.94912581084997	NA
PA14_RS24080	2.50644554983857	0.987883108368563	1.54622715065058	0.638899082811285	0.522888584716341	NA
PA14_RS24085	0.336509345486089	0.643195842737613	3.9320130068843	0.163579276470216	0.870062359912336	NA
PA14_RS31295	3.45874511270503	-2.21871304074552	1.45376299581633	-1.52618621269806	0.126963496098118	NA
PA14_RS24095	0	NA	NA	NA	NA	NA
PA14_RS24100	1.06748581538279	0.69668340879467	2.35763126608755	0.29550142925904	0.767610860673383	NA
PA14_RS24105	0.102032888234489	1.05810376188171	4.07218675285242	0.259836747698407	0.794989703663902	NA
PA14_RS30905	5.97412989447429	-2.34499294027645	1.09335877108475	-2.14476071559743	0.0319719836443597	NA
PA14_RS24195	2.17350574488483	-0.598547372741506	1.76292833146101	-0.339518834691066	0.734218910794981	NA
PA14_RS24205	9.26885932999416	0.470318828548585	0.735613984588195	0.639355475021148	0.522591707288699	NA
PA14_RS24210	7.33878868870498	-0.549881472664588	0.874971183768681	-0.628456665619702	0.529704826020916	NA
PA14_RS24225	9.93816290479123	0.484683212709075	0.720799696494496	0.672424274130887	0.501313633703172	NA
PA14_RS31465	2.51236947596222	-0.204118673971273	1.55654805514697	-0.131135478468733	0.895668135729087	NA
PA14_RS24260	8.39488164247621	-0.714079864207548	0.884770943770288	-0.80707879167531	0.419621090069876	NA
PA14_RS24265	9.17578769634288	-0.871014813395412	0.824828034765843	-1.05599564598054	0.290970204082133	NA
PA14_RS24280	8.27079035107703	0.857218110202024	0.833057712262238	1.0290020698256	0.303478702231493	NA
PA14_RS24315	9.21537503023696	-0.919388773918037	0.826341209467058	-1.11260186879823	0.265879457490183	NA
PA14_RS24320	3.99398564812306	-0.768815857072087	1.35059584448262	-0.569241983242294	0.56919193295273	NA
PA14_RS24325	2.32485319090632	-1.2498396156976	1.51291007293304	-0.826116262994118	0.408738143089244	NA
PA14_RS24330	1.13761722819279	0.537329787930684	2.30964567815924	0.232645982460362	0.816036317983311	NA
PA14_RS24335	0.411390827981823	-2.12971610383351	3.93222437729532	-0.541605946021418	0.588089994799206	NA
PA14_RS24345	3.720783001335	1.38149130156173	1.28179187519023	1.07778129063012	0.281131370853346	NA
PA14_RS24350	1.07386224856243	0.814404460815389	2.31448427499407	0.351872972140834	0.724933529661079	NA
PA14_RS24360	5.40383202811788	-0.74140855587245	1.12844984483149	-0.657015071842349	0.511171225367463	NA
PA14_RS24370	4.38233401631332	0.727819105869456	1.21725680667253	0.597917466453944	0.549895004791312	NA
PA14_RS24420	6.28985144716223	-1.61252684701243	0.928419672137637	-1.73685122731154	0.082413434180111	NA
PA14_RS24425	1.32214525124947	-2.78625278892431	2.19974016491886	-1.26662813788605	0.205288286393968	NA
PA14_RS24430	1.93285787476927	-0.614919190655813	1.87190490473632	-0.328499160988326	0.742534278558012	NA
PA14_RS24435	6.94341261036547	-1.0439963459549	0.889629115405077	-1.17351863588629	0.240587888060376	NA
PA14_RS24455	2.35727983883127	-2.18134729286565	1.56920201791815	-1.39009972454638	0.164498596938729	NA
PA14_RS24465	0.332734200677312	2.06762469739465	4.02856535685068	0.513240946650796	0.607782786630417	NA
PA14_RS24480	4.12075607027883	-0.573715178150704	1.17870964665754	-0.486731554100355	0.62644858092992	NA
PA14_RS24485	3.73289509358938	-3.30893395589852	1.44038528567463	-2.29725615000901	0.021604161677455	NA
PA14_RS24495	1.59021958284385	0.725458336760015	1.84775889123341	0.39261525960011	0.694603667270418	NA
PA14_RS31480	2.19944404174186	-3.53460956564381	1.76073672730342	-2.00746057649237	0.0447006443292269	NA
PA14_RS24790	9.77391881606458	-0.732324840800065	0.810498861075708	-0.903548266345632	0.366234983823302	NA
PA14_RS24840	4.11096391191075	-1.19052482005069	1.13378900158589	-1.05004089683833	0.293699310250021	NA
PA14_RS24925	4.50670750791199	0.0780523779067276	1.03654076067393	0.0753008283591088	0.939975362420307	NA
PA14_RS24990	5.071060009453	0.217532238903048	0.955044544487429	0.227771825051152	0.819823631339073	NA
PA14_RS25055	6.93763312308961	1.84359576879593	0.913098461880318	2.01905473041699	0.0434815313139266	NA
PA14_RS25060	6.79457484128869	1.23291065980318	0.869795527963399	1.41747183121303	0.156345024387707	NA
PA14_RS25130	5.98715506189415	-2.00068322499517	1.03179336218331	-1.93903478964205	0.0524971020969943	NA
PA14_RS25135	1.18175570021166	-0.265794619608494	2.19887154021985	-0.120877738761365	0.903787874755846	NA
PA14_RS25140	2.64335325829954	-1.27240305819615	1.47927325006658	-0.86015417242141	0.389704062672646	NA
PA14_RS31620	3.99637533113427	2.7079514848942	1.49328696552769	1.81341667570056	0.0697675794843771	NA
PA14_RS25365	0	NA	NA	NA	NA	NA
PA14_RS25370	0	NA	NA	NA	NA	NA
PA14_RS31490	9.69859304899842	-0.462959419992205	0.7128764024658	-0.649424526314596	0.516064015311263	NA
PA14_RS25470	8.59426533384392	-1.14381085001907	0.855654105337301	-1.33676779306537	0.181298445175913	NA
PA14_RS25550	5.57255351404783	-0.528770291146806	0.980156657749614	-0.53947528383966	0.589558946841463	NA
PA14_RS25905	8.94791508209597	-0.756571508151418	0.908236037998492	-0.83301198862214	0.40483796796579	NA
PA14_RS25920	9.72809084282441	-0.210466607814863	0.767846943445198	-0.274099688240648	0.784008013412401	NA
PA14_RS25950	3.75012426191025	-0.682669327484428	1.44073826060118	-0.473832996702376	0.63561900249756	NA
PA14_RS26025	6.65823727032428	-1.08924764596337	0.882648361017095	-1.234067488335	0.217177757113048	NA
PA14_RS26030	2.25208618924139	0.997460863157463	1.51969129693097	0.656357554440067	0.5115940939331	NA
PA14_RS26045	9.3695240059871	-0.616446437824254	0.721325000253232	-0.854602901061022	0.392771021022817	NA
PA14_RS26050	8.07705052392931	0.649555182207557	0.819248402201898	0.792867194445232	0.427855202356897	NA
PA14_RS26055	3.54409320720915	1.5791520010072	1.29722943341374	1.21732668125758	0.223479946644167	NA
PA14_RS26060	1.433956089275	-0.800496934335314	1.98882647749168	-0.402497122496532	0.687318205636488	NA
PA14_RS26070	0.269573845011053	-1.56743565039496	4.04756751356148	-0.387253738237404	0.698568370267554	NA
PA14_RS26075	7.18522565969739	0.251075729206037	0.858367018830992	0.292503933280168	0.769901352998214	NA
PA14_RS26080	0	NA	NA	NA	NA	NA
PA14_RS26085	3.28677845998616	0.349757291870916	1.29789743558765	0.269479915963126	0.787560395499172	NA
PA14_RS26105	4.54472506798351	-0.407963309374458	1.10378387762807	-0.369604337989727	0.711677318405267	NA
PA14_RS26115	7.1136532688793	0.251747251468219	0.954044233396435	0.263873772992672	0.791877185699009	NA
PA14_RS26125	3.62751270265753	0.555001455850821	1.30009348818462	0.426893497194417	0.669456902150778	NA
PA14_RS26135	8.67183474897755	0.693222195982247	0.896961799641362	0.77285587441898	0.439607681527471	NA
PA14_RS26260	3.38047292933087	1.53962072764621	1.31338105304667	1.1722574526827	0.241093708174212	NA
PA14_RS26265	2.55859945534178	-0.417206429136785	1.48704343083838	-0.280561024973943	0.77904711329621	NA
PA14_RS26270	0.166367100338656	1.22326434189658	4.0666936709611	0.300800709586635	0.763566467277763	NA
PA14_RS26275	2.19940974125779	0.018215123089491	1.53873161951154	0.0118377518590755	0.99055506114782	NA
PA14_RS26290	2.7403130498896	-2.77169431047186	1.60578705236769	-1.72606592286634	0.0843355535971755	NA
PA14_RS26295	7.76721120289472	1.09745125245201	0.847621452497806	1.29474218617048	0.195409181830388	NA
PA14_RS26300	4.82823564258248	-0.121814798873432	1.11380303544024	-0.109368348799017	0.91291033712406	NA
PA14_RS26380	5.94708456262293	0.213922582388717	1.03020122103676	0.207651260763827	0.835501276330055	NA
PA14_RS26385	0.964279070710391	2.33635088389089	2.69108294019185	0.868182414223299	0.385294479801041	NA
PA14_RS26390	1.10987119848994	0.795326393328531	2.12423544446367	0.374405951751425	0.708102315576134	NA
PA14_RS26430	5.68574391310978	-0.808293293707477	0.967553560303328	-0.835399017553175	0.403493082798406	NA
PA14_RS26445	3.16207526871332	-1.21045311798861	1.37722888363675	-0.878904830105116	0.379452879550296	NA
PA14_RS26450	3.66327955054429	-2.01634338549911	1.3208767786108	-1.52651891391395	0.126880683730521	NA
PA14_RS26460	9.90899065849157	-0.945521280456052	0.840374456116733	-1.125119015189	0.260538604571796	NA
PA14_RS26475	6.06291527751805	0.628413933585295	0.992960046741631	0.632869303903432	0.526818994676525	NA
PA14_RS26485	5.66463789887234	0.558657406776389	1.07056193543502	0.521835671795466	0.601784750506786	NA
PA14_RS26490	2.74346865152694	-0.648716860720224	1.4305802423614	-0.453464154970722	0.650214548921958	NA
PA14_RS26495	2.50873338052106	2.0777228239856	1.589481324497	1.30717032780684	0.191154870494563	NA
PA14_RS26510	6.17729297877095	0.538438745739561	0.95119597725156	0.566064994613787	0.571349598552731	NA
PA14_RS26515	9.21046719018342	0.0468654446125058	0.714085675129838	0.0656300024559162	0.947672402094847	NA
PA14_RS26520	4.76693552975005	-1.39556678539944	1.31146947063365	-1.06412449290578	0.287272306650246	NA
PA14_RS26525	7.9791203832196	-0.608317078716673	0.772454507096076	-0.787511851026086	0.430982293702665	NA
PA14_RS26530	5.75542366935928	0.59639188068689	0.948730157981991	0.628621189775872	0.529597084454037	NA
PA14_RS26870	6.3057536014226	-1.87405988326661	0.955336356480504	-1.96167545655932	0.0498002810525518	NA
PA14_RS26875	2.26239007435688	-0.130187102501259	1.56567898196843	-0.0831505717331551	0.933731814608991	NA
PA14_RS26880	8.28682150891019	-2.51876125830605	0.918004693989373	-2.74373461791385	0.00607446232616389	NA
PA14_RS26895	6.9374604725125	0.361931029882642	0.997045346633233	0.363003579631348	0.716602210307634	NA
PA14_RS26935	3.21034545015973	-1.64755518386308	1.33689814136523	-1.23237151199911	0.217810337562511	NA
PA14_RS26955	9.95713080700643	0.514753829000509	0.737309505733957	0.69815162424645	0.485082376078514	NA
PA14_RS27140	3.77443312773289	0.221009085346191	1.19072837375033	0.185608313548538	0.852751933589201	NA
PA14_RS27145	3.03583343623942	-0.616460420583352	1.35100581763054	-0.456297384170062	0.64817614472404	NA
PA14_RS27400	4.72873459125522	0.0125734278936195	1.05404102850892	0.0119287841303543	0.99048243303222	NA
PA14_RS27450	7.180953016275	0.604297725090819	0.841146399192251	0.718421579966488	0.472497384785834	NA
PA14_RS27460	4.23406312919904	-0.157270919003349	1.11562935390814	-0.140970581719114	0.88789318261172	NA
PA14_RS27470	6.03478828440042	0.0122831671764987	0.924276906318998	0.013289488347618	0.989396834532445	NA
PA14_RS27475	6.82585372576597	-1.7591200038029	0.904714216884613	-1.94439301491297	0.0518480755532975	NA
PA14_RS27485	9.84911398579554	0.344327119930728	0.72714904013555	0.473530323118547	0.635834872509651	NA
PA14_RS27710	9.0140425934874	-0.851177387612359	0.75801258889587	-1.12290666419168	0.261477136896099	NA
PA14_RS27930	7.57150470004655	-0.566241431608426	0.792004995241228	-0.714946793278697	0.474641921153309	NA
PA14_RS28340	6.05018065765063	-0.360375597347698	0.916565342021823	-0.393180475876118	0.694186188908103	NA
PA14_RS28345	2.18303011918082	-1.8079541069531	1.6396942029925	-1.10261663647619	0.27019368245827	NA
PA14_RS28640	5.67755183725177	0.801496399875253	1.03170204023863	0.77686809622851	0.437236595745052	NA
PA14_RS28770	0.944297653676328	-3.30113754578506	2.61393933654941	-1.26289753538917	0.206626005797724	NA
PA14_RS28775	3.17921414583128	0.837285486200244	1.33082601370006	0.629147219531997	0.529252679295534	NA
PA14_RS28780	4.29916403188367	0.876728244916028	1.12979807054242	0.776004374387987	0.437746403036492	NA
PA14_RS28785	7.01258254405156	-0.589878352517803	0.85449741434187	-0.690321986488542	0.489991724353355	NA
PA14_RS28865	2.10203449777529	-2.73149035854253	1.74859489577613	-1.56210587434554	0.118263049258308	NA
PA14_RS28870	0	NA	NA	NA	NA	NA
PA14_RS28875	0	NA	NA	NA	NA	NA
PA14_RS28950	7.30485904684779	-0.115997347156396	0.924596619510777	-0.1254572477431	0.900161568919207	NA
PA14_RS28955	1.20267554435836	-2.35004227525606	2.50809290258115	-0.936983742842045	0.348766920482716	NA
PA14_RS28960	0.306098664703466	2.02972088757066	4.03034072114873	0.503610247371876	0.614535290135095	NA
PA14_RS28965	1.15975889999602	-1.45676805779556	2.0597487617973	-0.707255217148137	0.479407889942324	NA
PA14_RS28970	1.47980382200446	1.39962347823461	1.94720625005279	0.718785428198308	0.472273137368989	NA
PA14_RS28975	1.70613122265692	-0.611671041400773	1.95723888490768	-0.312517315140928	0.754647405991304	NA
PA14_RS28990	4.10696230809452	0.400403670924791	1.25395497037014	0.319312639118614	0.74948944933475	NA
PA14_RS28995	1.20604352330969	2.7412172275172	2.26595225065882	1.20974183225626	0.226377972567963	NA
PA14_RS29000	9.4715980508494	-0.776140501506102	0.884171376414402	-0.877816814941013	0.380043137788922	NA
PA14_RS29010	8.3783571949299	0.343522809893035	0.881280971590925	0.389799418082173	0.696684874104462	NA
PA14_RS29020	4.14094437482465	-0.789974858984866	1.17360862470654	-0.673116098803718	0.500873432749697	NA
PA14_RS29030	5.03906357939678	0.0414977081610209	1.10527243011363	0.0375452305064323	0.970050276821982	NA
PA14_RS29035	1.14110449702245	1.50639647760249	2.21130488221579	0.681225139833744	0.495729042979807	NA
PA14_RS29040	1.47314556004719	0.127062271082657	2.08679460670361	0.0608887289024435	0.951447825824106	NA
PA14_RS29045	4.79911810811609	-1.32961065001863	1.03519301294662	-1.28440844691751	0.198999078956408	NA
PA14_RS29050	3.04996300863355	-0.645999323575839	1.29644466507413	-0.498285303629908	0.618282964851922	NA
PA14_RS29060	7.71220247051351	0.271885135309454	0.787180057439713	0.345391289756189	0.729800224516183	NA
PA14_RS29065	4.46111276671684	-0.287084499651408	1.22249673032973	-0.23483457462825	0.814337131340487	NA
PA14_RS29090	6.97187145866902	0.39980129099035	0.840685720278473	0.475565697556892	0.634383818192178	NA
PA14_RS29110	8.89488806705661	1.28358669129068	0.969827355781219	1.3235208139254	0.185662239230802	NA
PA14_RS29115	3.47475597087286	0.0375880756730884	1.35789784019202	0.0276810777368738	0.977916515699141	NA
PA14_RS29120	0.376293440222371	-0.678871159802957	3.76265283478747	-0.180423544135265	0.856820072067547	NA
PA14_RS29130	4.75509244146893	1.01580328213004	1.09424942893396	0.928310543529056	0.353246506452986	NA
PA14_RS29135	7.07027220648625	0.814506061410162	0.861900103200376	0.945012140485618	0.344652677966627	NA
PA14_RS29140	6.86229499052038	0.493906835762469	0.908506908819057	0.543646758178741	0.586684576906797	NA
PA14_RS29195	9.64227112451221	1.16751467598472	0.782273284163222	1.49246395041291	0.135577560994951	NA
PA14_RS31315	3.47081832871803	-0.160476275158142	1.26940706892676	-0.126418293301155	0.899400822362008	NA
PA14_RS29725	2.24097250661506	-0.451491769038587	1.49072595166867	-0.302867048455957	0.761991184150319	NA
PA14_RS29740	7.14432827499935	-0.448717152986055	1.07754104690718	-0.416426969788287	0.677097596765222	NA
PA14_RS29745	5.01344742201501	0.289225229790463	1.0778024953383	0.268347151766132	0.788432114800629	NA
PA14_RS29750	7.19049501632945	0.918087735329546	0.927072188151208	0.990308788316065	0.322023212321519	NA
PA14_RS29760	2.69455587489782	0.0257818079714636	1.4544513631271	0.0177261396462459	0.985857327499897	NA
