PA14_RS00005	protein_coding
PA14_RS00010	protein_coding
PA14_RS00015	pseudogene
PA14_RS00020	protein_coding
PA14_RS00025	protein_coding
PA14_RS00030	protein_coding
PA14_RS00035	protein_coding
PA14_RS00040	protein_coding
PA14_RS00045	protein_coding
PA14_RS00050	protein_coding
PA14_RS00055	protein_coding
PA14_RS00060	protein_coding
PA14_RS00065	protein_coding
PA14_RS00070	protein_coding
PA14_RS00075	protein_coding
PA14_RS00080	protein_coding
PA14_RS00085	protein_coding
PA14_RS00090	protein_coding
PA14_RS00095	protein_coding
PA14_RS00100	protein_coding
PA14_RS00105	protein_coding
PA14_RS00110	protein_coding
PA14_RS00115	protein_coding
PA14_RS00120	protein_coding
PA14_RS00125	protein_coding
PA14_RS00130	protein_coding
PA14_RS00135	protein_coding
PA14_RS00140	protein_coding
PA14_RS00145	protein_coding
PA14_RS00150	protein_coding
PA14_RS00155	protein_coding
PA14_RS00160	protein_coding
PA14_RS00165	protein_coding
PA14_RS00170	protein_coding
PA14_RS00175	protein_coding
PA14_RS00180	protein_coding
PA14_RS00185	protein_coding
PA14_RS00190	protein_coding
PA14_RS00195	protein_coding
PA14_RS00200	protein_coding
PA14_RS00205	protein_coding
PA14_RS00210	protein_coding
PA14_RS31165	protein_coding
PA14_RS31320	protein_coding
PA14_RS31325	pseudogene
PA14_RS00220	protein_coding
PA14_RS00225	protein_coding
PA14_RS00230	protein_coding
PA14_RS00235	protein_coding
PA14_RS00240	protein_coding
PA14_RS00245	protein_coding
PA14_RS00250	protein_coding
PA14_RS00255	protein_coding
PA14_RS00260	protein_coding
PA14_RS31505	protein_coding
PA14_RS00265	protein_coding
PA14_RS00270	protein_coding
PA14_RS00275	protein_coding
PA14_RS00280	protein_coding
PA14_RS00285	protein_coding
PA14_RS00290	protein_coding
PA14_RS00295	protein_coding
PA14_RS00300	protein_coding
PA14_RS00305	protein_coding
PA14_RS00310	protein_coding
PA14_RS00315	protein_coding
PA14_RS00320	protein_coding
PA14_RS00325	protein_coding
PA14_RS00330	protein_coding
PA14_RS00335	protein_coding
PA14_RS00340	protein_coding
PA14_RS00345	protein_coding
PA14_RS00350	protein_coding
PA14_RS00355	protein_coding
PA14_RS00360	protein_coding
PA14_RS00365	protein_coding
PA14_RS00370	protein_coding
PA14_RS00375	protein_coding
PA14_RS00380	protein_coding
PA14_RS00385	protein_coding
PA14_RS00390	protein_coding
PA14_RS00395	protein_coding
PA14_RS00400	protein_coding
PA14_RS00405	protein_coding
PA14_RS31730	pseudogene
PA14_RS00415	protein_coding
PA14_RS00420	protein_coding
PA14_RS00425	protein_coding
PA14_RS00430	protein_coding
PA14_RS00435	protein_coding
PA14_RS00440	protein_coding
PA14_RS00445	protein_coding
PA14_RS00450	protein_coding
PA14_RS00455	protein_coding
PA14_RS00460	protein_coding
PA14_RS00465	protein_coding
PA14_RS00470	protein_coding
PA14_RS00475	protein_coding
PA14_RS00480	protein_coding
PA14_RS00485	protein_coding
PA14_RS00490	protein_coding
PA14_RS00495	protein_coding
PA14_RS00500	protein_coding
PA14_RS00505	protein_coding
PA14_RS00510	protein_coding
PA14_RS00515	protein_coding
PA14_RS00520	protein_coding
PA14_RS00525	protein_coding
PA14_RS00530	protein_coding
PA14_RS00535	protein_coding
PA14_RS00540	protein_coding
PA14_RS00545	protein_coding
PA14_RS00550	protein_coding
PA14_RS00555	protein_coding
PA14_RS00560	protein_coding
PA14_RS00565	protein_coding
PA14_RS00570	protein_coding
PA14_RS00575	protein_coding
PA14_RS00580	protein_coding
PA14_RS00585	protein_coding
PA14_RS00590	protein_coding
PA14_RS00595	protein_coding
PA14_RS00600	protein_coding
PA14_RS00605	protein_coding
PA14_RS00610	protein_coding
PA14_RS00615	protein_coding
PA14_RS00620	protein_coding
PA14_RS00625	protein_coding
PA14_RS00630	protein_coding
PA14_RS00635	protein_coding
PA14_RS00640	protein_coding
PA14_RS00645	protein_coding
PA14_RS00650	protein_coding
PA14_RS00655	protein_coding
PA14_RS00660	protein_coding
PA14_RS00665	protein_coding
PA14_RS00670	protein_coding
PA14_RS00675	protein_coding
PA14_RS00680	protein_coding
PA14_RS00690	protein_coding
PA14_RS00695	protein_coding
PA14_RS00700	protein_coding
PA14_RS00705	protein_coding
PA14_RS00710	protein_coding
PA14_RS00715	protein_coding
PA14_RS00720	protein_coding
PA14_RS00725	protein_coding
PA14_RS00730	protein_coding
PA14_RS00735	protein_coding
PA14_RS00740	protein_coding
PA14_RS00745	protein_coding
PA14_RS00750	protein_coding
PA14_RS00755	protein_coding
PA14_RS00760	protein_coding
PA14_RS00765	protein_coding
PA14_RS00770	protein_coding
PA14_RS00775	protein_coding
PA14_RS00780	protein_coding
PA14_RS00785	protein_coding
PA14_RS00790	protein_coding
PA14_RS00795	protein_coding
PA14_RS00800	protein_coding
PA14_RS00805	protein_coding
PA14_RS00810	protein_coding
PA14_RS00815	protein_coding
PA14_RS00825	protein_coding
PA14_RS00830	protein_coding
PA14_RS00835	protein_coding
PA14_RS31175	protein_coding
PA14_RS00845	protein_coding
PA14_RS00850	protein_coding
PA14_RS00855	protein_coding
PA14_RS00860	protein_coding
PA14_RS00865	protein_coding
PA14_RS00870	protein_coding
PA14_RS00875	protein_coding
PA14_RS00880	protein_coding
PA14_RS00885	protein_coding
PA14_RS00890	protein_coding
PA14_RS00895	protein_coding
PA14_RS00900	protein_coding
PA14_RS00905	protein_coding
PA14_RS00910	protein_coding
PA14_RS00915	protein_coding
PA14_RS00920	protein_coding
PA14_RS00925	protein_coding
PA14_RS00930	protein_coding
PA14_RS00935	protein_coding
PA14_RS00940	protein_coding
PA14_RS00945	protein_coding
PA14_RS00950	protein_coding
PA14_RS00955	protein_coding
PA14_RS00960	protein_coding
PA14_RS00965	protein_coding
PA14_RS00970	protein_coding
PA14_RS00975	protein_coding
PA14_RS00980	protein_coding
PA14_RS00985	protein_coding
PA14_RS00990	protein_coding
PA14_RS00995	protein_coding
PA14_RS01000	protein_coding
PA14_RS01005	protein_coding
PA14_RS01010	protein_coding
PA14_RS01015	protein_coding
PA14_RS01020	protein_coding
PA14_RS01025	protein_coding
PA14_RS01030	protein_coding
PA14_RS01035	protein_coding
PA14_RS01040	protein_coding
PA14_RS01045	protein_coding
PA14_RS01050	protein_coding
PA14_RS01055	protein_coding
PA14_RS01060	protein_coding
PA14_RS01065	protein_coding
PA14_RS01070	protein_coding
PA14_RS01075	protein_coding
PA14_RS01080	protein_coding
PA14_RS01085	protein_coding
PA14_RS01090	protein_coding
PA14_RS01095	protein_coding
PA14_RS01100	protein_coding
PA14_RS01105	protein_coding
PA14_RS01110	protein_coding
PA14_RS01115	protein_coding
PA14_RS01120	protein_coding
PA14_RS01125	protein_coding
PA14_RS01130	protein_coding
PA14_RS01135	protein_coding
PA14_RS01140	protein_coding
PA14_RS01145	protein_coding
PA14_RS01150	protein_coding
PA14_RS01155	protein_coding
PA14_RS01160	protein_coding
PA14_RS01165	protein_coding
PA14_RS01170	protein_coding
PA14_RS01175	protein_coding
PA14_RS01180	protein_coding
PA14_RS01185	protein_coding
PA14_RS01190	protein_coding
PA14_RS01195	protein_coding
PA14_RS01200	protein_coding
PA14_RS01205	protein_coding
PA14_RS01210	protein_coding
PA14_RS01215	protein_coding
PA14_RS01220	protein_coding
PA14_RS01225	protein_coding
PA14_RS01230	protein_coding
PA14_RS01235	protein_coding
PA14_RS01240	protein_coding
PA14_RS01245	protein_coding
PA14_RS01250	protein_coding
PA14_RS01255	protein_coding
PA14_RS01260	protein_coding
PA14_RS01265	protein_coding
PA14_RS01270	protein_coding
PA14_RS01275	protein_coding
PA14_RS01280	protein_coding
PA14_RS29980	protein_coding
PA14_RS01295	protein_coding
PA14_RS01300	protein_coding
PA14_RS01305	protein_coding
PA14_RS01310	protein_coding
PA14_RS01315	protein_coding
PA14_RS01320	protein_coding
PA14_RS01325	protein_coding
PA14_RS01330	protein_coding
PA14_RS01335	protein_coding
PA14_RS01345	protein_coding
PA14_RS01355	protein_coding
PA14_RS29985	protein_coding
PA14_RS01360	protein_coding
PA14_RS01365	protein_coding
PA14_RS01370	protein_coding
PA14_RS01375	protein_coding
PA14_RS01380	protein_coding
PA14_RS31330	protein_coding
PA14_RS01385	protein_coding
PA14_RS01390	protein_coding
PA14_RS01395	protein_coding
PA14_RS01400	protein_coding
PA14_RS01405	protein_coding
PA14_RS31735	protein_coding
PA14_RS01415	tRNA
PA14_RS01425	protein_coding
PA14_RS01430	protein_coding
PA14_RS01435	protein_coding
PA14_RS01440	protein_coding
PA14_RS01445	protein_coding
PA14_RS01450	protein_coding
PA14_RS01455	protein_coding
PA14_RS01460	protein_coding
PA14_RS01465	protein_coding
PA14_RS01470	protein_coding
PA14_RS01475	protein_coding
PA14_RS01480	protein_coding
PA14_RS01485	protein_coding
PA14_RS01490	protein_coding
PA14_RS01495	protein_coding
PA14_RS01500	protein_coding
PA14_RS01505	protein_coding
PA14_RS01510	protein_coding
PA14_RS01515	protein_coding
PA14_RS01520	protein_coding
PA14_RS01525	protein_coding
PA14_RS01530	protein_coding
PA14_RS01535	protein_coding
PA14_RS01540	protein_coding
PA14_RS01545	protein_coding
PA14_RS01550	protein_coding
PA14_RS01555	protein_coding
PA14_RS01560	protein_coding
PA14_RS01565	protein_coding
PA14_RS01570	protein_coding
PA14_RS01575	protein_coding
PA14_RS01580	protein_coding
PA14_RS01585	protein_coding
PA14_RS01590	protein_coding
PA14_RS01595	protein_coding
PA14_RS01600	protein_coding
PA14_RS01605	protein_coding
PA14_RS01610	protein_coding
PA14_RS01615	protein_coding
PA14_RS01620	protein_coding
PA14_RS01625	protein_coding
PA14_RS01630	protein_coding
PA14_RS01635	protein_coding
PA14_RS01640	protein_coding
PA14_RS01645	protein_coding
PA14_RS01650	protein_coding
PA14_RS01655	protein_coding
PA14_RS01660	protein_coding
PA14_RS01665	protein_coding
PA14_RS01670	protein_coding
PA14_RS01675	protein_coding
PA14_RS01680	protein_coding
PA14_RS01685	protein_coding
PA14_RS01690	protein_coding
PA14_RS01695	protein_coding
PA14_RS01700	protein_coding
PA14_RS01705	protein_coding
PA14_RS01710	protein_coding
PA14_RS01715	protein_coding
PA14_RS01720	protein_coding
PA14_RS01725	protein_coding
PA14_RS01730	protein_coding
PA14_RS01735	protein_coding
PA14_RS01740	protein_coding
PA14_RS01745	protein_coding
PA14_RS01750	protein_coding
PA14_RS01755	protein_coding
PA14_RS01760	protein_coding
PA14_RS01765	protein_coding
PA14_RS01770	protein_coding
PA14_RS01775	protein_coding
PA14_RS01780	protein_coding
PA14_RS01785	protein_coding
PA14_RS01790	protein_coding
PA14_RS01795	protein_coding
PA14_RS01800	protein_coding
PA14_RS01805	protein_coding
PA14_RS01810	protein_coding
PA14_RS01815	protein_coding
PA14_RS01820	protein_coding
PA14_RS01825	protein_coding
PA14_RS01830	protein_coding
PA14_RS01835	protein_coding
PA14_RS01840	protein_coding
PA14_RS01845	protein_coding
PA14_RS01850	protein_coding
PA14_RS01855	protein_coding
PA14_RS01860	protein_coding
PA14_RS01865	protein_coding
PA14_RS01870	protein_coding
PA14_RS01875	protein_coding
PA14_RS01880	protein_coding
PA14_RS01885	protein_coding
PA14_RS01890	protein_coding
PA14_RS01895	protein_coding
PA14_RS01900	protein_coding
PA14_RS01905	protein_coding
PA14_RS01910	protein_coding
PA14_RS01915	protein_coding
PA14_RS01920	protein_coding
PA14_RS01925	protein_coding
PA14_RS01930	protein_coding
PA14_RS01935	protein_coding
PA14_RS01940	protein_coding
PA14_RS01945	protein_coding
PA14_RS01950	protein_coding
PA14_RS01955	protein_coding
PA14_RS01960	protein_coding
PA14_RS01965	protein_coding
PA14_RS01970	protein_coding
PA14_RS01975	protein_coding
PA14_RS01980	protein_coding
PA14_RS01985	protein_coding
PA14_RS01990	protein_coding
PA14_RS01995	protein_coding
PA14_RS02000	protein_coding
PA14_RS02005	protein_coding
PA14_RS02010	protein_coding
PA14_RS02015	protein_coding
PA14_RS02020	protein_coding
PA14_RS02025	protein_coding
PA14_RS02030	protein_coding
PA14_RS02035	protein_coding
PA14_RS02040	protein_coding
PA14_RS02045	protein_coding
PA14_RS02050	protein_coding
PA14_RS02055	protein_coding
PA14_RS02060	protein_coding
PA14_RS02065	protein_coding
PA14_RS02070	protein_coding
PA14_RS02075	protein_coding
PA14_RS02080	protein_coding
PA14_RS02085	protein_coding
PA14_RS02090	protein_coding
PA14_RS02095	protein_coding
PA14_RS02100	protein_coding
PA14_RS02105	protein_coding
PA14_RS02110	protein_coding
PA14_RS02115	protein_coding
PA14_RS02120	protein_coding
PA14_RS02125	protein_coding
PA14_RS02130	protein_coding
PA14_RS02135	protein_coding
PA14_RS02140	protein_coding
PA14_RS02145	protein_coding
PA14_RS02150	protein_coding
PA14_RS02155	protein_coding
PA14_RS02160	protein_coding
PA14_RS02165	protein_coding
PA14_RS02170	protein_coding
PA14_RS02175	protein_coding
PA14_RS02180	protein_coding
PA14_RS02185	protein_coding
PA14_RS02190	protein_coding
PA14_RS02195	protein_coding
PA14_RS02200	protein_coding
PA14_RS02205	protein_coding
PA14_RS02210	protein_coding
PA14_RS02215	protein_coding
PA14_RS02220	protein_coding
PA14_RS02225	protein_coding
PA14_RS02230	protein_coding
PA14_RS02235	protein_coding
PA14_RS02240	protein_coding
PA14_RS02245	protein_coding
PA14_RS02250	protein_coding
PA14_RS02255	protein_coding
PA14_RS02260	protein_coding
PA14_RS02265	protein_coding
PA14_RS02270	protein_coding
PA14_RS02275	protein_coding
PA14_RS02280	protein_coding
PA14_RS02285	protein_coding
PA14_RS02290	protein_coding
PA14_RS02295	protein_coding
PA14_RS02300	protein_coding
PA14_RS02305	protein_coding
PA14_RS02310	protein_coding
PA14_RS02315	protein_coding
PA14_RS02320	protein_coding
PA14_RS02325	protein_coding
PA14_RS02330	protein_coding
PA14_RS02340	protein_coding
PA14_RS02345	protein_coding
PA14_RS02350	protein_coding
PA14_RS02355	protein_coding
PA14_RS02360	protein_coding
PA14_RS02365	protein_coding
PA14_RS02370	protein_coding
PA14_RS02375	protein_coding
PA14_RS02380	protein_coding
PA14_RS02385	protein_coding
PA14_RS02390	protein_coding
PA14_RS02395	protein_coding
PA14_RS02400	protein_coding
PA14_RS02405	protein_coding
PA14_RS02410	protein_coding
PA14_RS02415	protein_coding
PA14_RS02420	protein_coding
PA14_RS02425	protein_coding
PA14_RS02430	protein_coding
PA14_RS02435	protein_coding
PA14_RS02440	protein_coding
PA14_RS02445	protein_coding
PA14_RS02450	protein_coding
PA14_RS02455	protein_coding
PA14_RS02460	protein_coding
PA14_RS02465	protein_coding
PA14_RS02470	protein_coding
PA14_RS02475	protein_coding
PA14_RS02480	protein_coding
PA14_RS02485	protein_coding
PA14_RS02490	protein_coding
PA14_RS02495	protein_coding
PA14_RS02500	protein_coding
PA14_RS02505	protein_coding
PA14_RS02510	protein_coding
PA14_RS02515	protein_coding
PA14_RS02520	protein_coding
PA14_RS02525	protein_coding
PA14_RS02530	protein_coding
PA14_RS02535	protein_coding
PA14_RS02540	protein_coding
PA14_RS02545	protein_coding
PA14_RS02550	protein_coding
PA14_RS02555	protein_coding
PA14_RS02560	protein_coding
PA14_RS02565	protein_coding
PA14_RS02570	protein_coding
PA14_RS02575	protein_coding
PA14_RS02580	protein_coding
PA14_RS02585	protein_coding
PA14_RS02590	protein_coding
PA14_RS02595	protein_coding
PA14_RS02600	protein_coding
PA14_RS02605	protein_coding
PA14_RS31630	protein_coding
PA14_RS02615	protein_coding
PA14_RS02620	protein_coding
PA14_RS02625	protein_coding
PA14_RS02630	protein_coding
PA14_RS02635	protein_coding
PA14_RS02640	protein_coding
PA14_RS02645	protein_coding
PA14_RS02650	protein_coding
PA14_RS02655	protein_coding
PA14_RS02660	protein_coding
PA14_RS02665	protein_coding
PA14_RS02670	protein_coding
PA14_RS02675	protein_coding
PA14_RS02680	protein_coding
PA14_RS02685	protein_coding
PA14_RS02690	protein_coding
PA14_RS02695	protein_coding
PA14_RS02700	protein_coding
PA14_RS02705	protein_coding
PA14_RS02710	protein_coding
PA14_RS02715	protein_coding
PA14_RS02720	protein_coding
PA14_RS02725	protein_coding
PA14_RS02730	protein_coding
PA14_RS02735	protein_coding
PA14_RS02740	protein_coding
PA14_RS02745	protein_coding
PA14_RS02750	protein_coding
PA14_RS02755	protein_coding
PA14_RS02760	protein_coding
PA14_RS02765	protein_coding
PA14_RS02770	protein_coding
PA14_RS02775	protein_coding
PA14_RS31340	protein_coding
PA14_RS02785	protein_coding
PA14_RS02790	protein_coding
PA14_RS02795	protein_coding
PA14_RS02800	protein_coding
PA14_RS02805	protein_coding
PA14_RS02810	protein_coding
PA14_RS02815	protein_coding
PA14_RS02820	protein_coding
PA14_RS02825	protein_coding
PA14_RS02830	protein_coding
PA14_RS02835	protein_coding
PA14_RS02840	protein_coding
PA14_RS02845	protein_coding
PA14_RS02850	protein_coding
PA14_RS02855	protein_coding
PA14_RS02860	protein_coding
PA14_RS02865	protein_coding
PA14_RS02870	protein_coding
PA14_RS02875	protein_coding
PA14_RS02880	protein_coding
PA14_RS02885	protein_coding
PA14_RS02890	protein_coding
PA14_RS02895	protein_coding
PA14_RS02900	protein_coding
PA14_RS31345	protein_coding
PA14_RS02910	protein_coding
PA14_RS02915	protein_coding
PA14_RS02920	protein_coding
PA14_RS02925	protein_coding
PA14_RS02930	protein_coding
PA14_RS02935	protein_coding
PA14_RS02940	protein_coding
PA14_RS02945	protein_coding
PA14_RS02950	protein_coding
PA14_RS02955	protein_coding
PA14_RS02960	protein_coding
PA14_RS02965	protein_coding
PA14_RS02970	protein_coding
PA14_RS02975	protein_coding
PA14_RS02980	protein_coding
PA14_RS31350	protein_coding
PA14_RS02985	protein_coding
PA14_RS02990	protein_coding
PA14_RS30070	pseudogene
PA14_RS02995	tRNA
PA14_RS03000	protein_coding
PA14_RS03005	protein_coding
PA14_RS03010	protein_coding
PA14_RS03015	protein_coding
PA14_RS03020	protein_coding
PA14_RS03025	protein_coding
PA14_RS03030	protein_coding
PA14_RS03035	protein_coding
PA14_RS03040	protein_coding
PA14_RS03045	protein_coding
PA14_RS03050	protein_coding
PA14_RS03055	protein_coding
PA14_RS03060	protein_coding
PA14_RS03065	protein_coding
PA14_RS03070	protein_coding
PA14_RS03075	protein_coding
PA14_RS03080	protein_coding
PA14_RS03085	protein_coding
PA14_RS03090	protein_coding
PA14_RS03095	protein_coding
PA14_RS03100	protein_coding
PA14_RS03105	protein_coding
PA14_RS03110	protein_coding
PA14_RS03115	protein_coding
PA14_RS03120	protein_coding
PA14_RS03125	protein_coding
PA14_RS03130	protein_coding
PA14_RS03135	protein_coding
PA14_RS03140	protein_coding
PA14_RS03145	protein_coding
PA14_RS03150	protein_coding
PA14_RS03155	protein_coding
PA14_RS03160	protein_coding
PA14_RS03165	protein_coding
PA14_RS03170	protein_coding
PA14_RS03175	protein_coding
PA14_RS03180	protein_coding
PA14_RS03185	protein_coding
PA14_RS03190	protein_coding
PA14_RS03195	protein_coding
PA14_RS03200	protein_coding
PA14_RS03205	protein_coding
PA14_RS03210	protein_coding
PA14_RS03215	protein_coding
PA14_RS03220	protein_coding
PA14_RS03225	protein_coding
PA14_RS03230	protein_coding
PA14_RS03235	protein_coding
PA14_RS03240	protein_coding
PA14_RS03245	protein_coding
PA14_RS03250	protein_coding
PA14_RS03255	protein_coding
PA14_RS03260	protein_coding
PA14_RS03265	protein_coding
PA14_RS03270	protein_coding
PA14_RS03275	protein_coding
PA14_RS03280	protein_coding
PA14_RS30075	protein_coding
PA14_RS03290	protein_coding
PA14_RS03295	protein_coding
PA14_RS03300	protein_coding
PA14_RS03305	protein_coding
PA14_RS03310	protein_coding
PA14_RS03315	protein_coding
PA14_RS03320	protein_coding
PA14_RS03325	protein_coding
PA14_RS03330	protein_coding
PA14_RS31185	protein_coding
PA14_RS03335	protein_coding
PA14_RS03340	protein_coding
PA14_RS03345	protein_coding
PA14_RS03350	protein_coding
PA14_RS03355	protein_coding
PA14_RS03360	protein_coding
PA14_RS03365	protein_coding
PA14_RS03370	protein_coding
PA14_RS03375	protein_coding
PA14_RS03380	protein_coding
PA14_RS03385	protein_coding
PA14_RS03390	protein_coding
PA14_RS03395	protein_coding
PA14_RS03400	protein_coding
PA14_RS03405	protein_coding
PA14_RS03410	protein_coding
PA14_RS03415	protein_coding
PA14_RS03420	protein_coding
PA14_RS03425	protein_coding
PA14_RS03430	protein_coding
PA14_RS03435	protein_coding
PA14_RS03440	protein_coding
PA14_RS03445	protein_coding
PA14_RS03450	rRNA
PA14_RS03455	tRNA
PA14_RS03460	tRNA
PA14_RS03465	rRNA
PA14_RS03470	rRNA
PA14_RS03475	protein_coding
PA14_RS03480	protein_coding
PA14_RS03485	protein_coding
PA14_RS03490	tRNA
PA14_RS03495	tRNA
PA14_RS03500	tRNA
PA14_RS03505	protein_coding
PA14_RS03510	tRNA
PA14_RS03515	protein_coding
PA14_RS03520	protein_coding
PA14_RS03525	protein_coding
PA14_RS03530	protein_coding
PA14_RS03535	protein_coding
PA14_RS03540	protein_coding
PA14_RS03545	protein_coding
PA14_RS03550	protein_coding
PA14_RS03555	protein_coding
PA14_RS03560	protein_coding
PA14_RS03565	protein_coding
PA14_RS03570	protein_coding
PA14_RS03575	protein_coding
PA14_RS03580	protein_coding
PA14_RS03585	protein_coding
PA14_RS03590	protein_coding
PA14_RS03595	protein_coding
PA14_RS03600	protein_coding
PA14_RS03605	protein_coding
PA14_RS03610	protein_coding
PA14_RS03615	protein_coding
PA14_RS03620	protein_coding
PA14_RS03625	protein_coding
PA14_RS03630	protein_coding
PA14_RS03635	protein_coding
PA14_RS03640	protein_coding
PA14_RS03645	protein_coding
PA14_RS03650	protein_coding
PA14_RS03655	protein_coding
PA14_RS03660	protein_coding
PA14_RS03665	protein_coding
PA14_RS03670	protein_coding
PA14_RS03675	protein_coding
PA14_RS03680	protein_coding
PA14_RS03685	protein_coding
PA14_RS03690	protein_coding
PA14_RS03695	protein_coding
PA14_RS03700	protein_coding
PA14_RS03705	protein_coding
PA14_RS03710	protein_coding
PA14_RS03715	protein_coding
PA14_RS03720	protein_coding
PA14_RS03725	protein_coding
PA14_RS03730	protein_coding
PA14_RS03735	protein_coding
PA14_RS03740	protein_coding
PA14_RS03745	protein_coding
PA14_RS03750	protein_coding
PA14_RS03755	protein_coding
PA14_RS03760	protein_coding
PA14_RS03765	protein_coding
PA14_RS03770	protein_coding
PA14_RS03775	protein_coding
PA14_RS03780	protein_coding
PA14_RS03785	protein_coding
PA14_RS03790	protein_coding
PA14_RS03795	protein_coding
PA14_RS03800	protein_coding
PA14_RS03805	protein_coding
PA14_RS03810	protein_coding
PA14_RS03815	protein_coding
PA14_RS03820	protein_coding
PA14_RS03825	protein_coding
PA14_RS03830	protein_coding
PA14_RS03835	protein_coding
PA14_RS03840	protein_coding
PA14_RS03845	protein_coding
PA14_RS03850	protein_coding
PA14_RS03855	protein_coding
PA14_RS03860	protein_coding
PA14_RS03865	protein_coding
PA14_RS03870	protein_coding
PA14_RS03875	protein_coding
PA14_RS03880	protein_coding
PA14_RS03885	protein_coding
PA14_RS03890	protein_coding
PA14_RS03895	protein_coding
PA14_RS03900	protein_coding
PA14_RS03905	protein_coding
PA14_RS03910	protein_coding
PA14_RS03915	protein_coding
PA14_RS03920	protein_coding
PA14_RS03925	protein_coding
PA14_RS03930	protein_coding
PA14_RS03935	protein_coding
PA14_RS03940	protein_coding
PA14_RS03945	protein_coding
PA14_RS03950	protein_coding
PA14_RS03955	protein_coding
PA14_RS03960	protein_coding
PA14_RS03965	protein_coding
PA14_RS03970	protein_coding
PA14_RS03975	protein_coding
PA14_RS03980	protein_coding
PA14_RS03985	protein_coding
PA14_RS03990	protein_coding
PA14_RS03995	protein_coding
PA14_RS04000	protein_coding
PA14_RS04005	protein_coding
PA14_RS04010	protein_coding
PA14_RS04015	protein_coding
PA14_RS04020	protein_coding
PA14_RS04025	protein_coding
PA14_RS04030	protein_coding
PA14_RS04035	protein_coding
PA14_RS04040	protein_coding
PA14_RS04045	protein_coding
PA14_RS04050	protein_coding
PA14_RS04055	protein_coding
PA14_RS04060	protein_coding
PA14_RS04065	protein_coding
PA14_RS04070	protein_coding
PA14_RS04075	protein_coding
PA14_RS04080	protein_coding
PA14_RS04085	protein_coding
PA14_RS04090	protein_coding
PA14_RS04095	protein_coding
PA14_RS04100	protein_coding
PA14_RS04105	protein_coding
PA14_RS04110	protein_coding
PA14_RS04115	protein_coding
PA14_RS04120	protein_coding
PA14_RS04125	protein_coding
PA14_RS04130	protein_coding
PA14_RS04135	protein_coding
PA14_RS04140	protein_coding
PA14_RS04145	protein_coding
PA14_RS04150	protein_coding
PA14_RS04155	protein_coding
PA14_RS04160	protein_coding
PA14_RS04165	protein_coding
PA14_RS04170	protein_coding
PA14_RS04175	protein_coding
PA14_RS04180	protein_coding
PA14_RS04185	protein_coding
PA14_RS04190	protein_coding
PA14_RS04195	protein_coding
PA14_RS04200	protein_coding
PA14_RS04205	protein_coding
PA14_RS04210	protein_coding
PA14_RS04215	protein_coding
PA14_RS04220	protein_coding
PA14_RS04225	protein_coding
PA14_RS04230	protein_coding
PA14_RS04235	protein_coding
PA14_RS04240	protein_coding
PA14_RS04245	protein_coding
PA14_RS04250	protein_coding
PA14_RS04255	protein_coding
PA14_RS04260	protein_coding
PA14_RS04265	protein_coding
PA14_RS04270	protein_coding
PA14_RS04275	protein_coding
PA14_RS04280	protein_coding
PA14_RS04285	protein_coding
PA14_RS04290	protein_coding
PA14_RS04295	protein_coding
PA14_RS04300	protein_coding
PA14_RS04305	protein_coding
PA14_RS04310	protein_coding
PA14_RS04315	protein_coding
PA14_RS04320	protein_coding
PA14_RS04325	protein_coding
PA14_RS04330	protein_coding
PA14_RS04335	protein_coding
PA14_RS04340	protein_coding
PA14_RS04345	protein_coding
PA14_RS04350	protein_coding
PA14_RS04355	protein_coding
PA14_RS04360	protein_coding
PA14_RS04365	protein_coding
PA14_RS04370	protein_coding
PA14_RS04375	protein_coding
PA14_RS04380	protein_coding
PA14_RS04385	protein_coding
PA14_RS04390	protein_coding
PA14_RS04395	protein_coding
PA14_RS04400	protein_coding
PA14_RS04405	protein_coding
PA14_RS04410	protein_coding
PA14_RS04415	protein_coding
PA14_RS04420	protein_coding
PA14_RS04425	protein_coding
PA14_RS04430	protein_coding
PA14_RS04435	protein_coding
PA14_RS04440	protein_coding
PA14_RS04445	protein_coding
PA14_RS04450	protein_coding
PA14_RS04455	protein_coding
PA14_RS04460	protein_coding
PA14_RS04465	protein_coding
PA14_RS04470	protein_coding
PA14_RS04475	protein_coding
PA14_RS04480	protein_coding
PA14_RS04485	protein_coding
PA14_RS04490	protein_coding
PA14_RS04495	protein_coding
PA14_RS04500	protein_coding
PA14_RS04505	protein_coding
PA14_RS04510	protein_coding
PA14_RS04515	protein_coding
PA14_RS04520	protein_coding
PA14_RS04525	protein_coding
PA14_RS04530	protein_coding
PA14_RS04535	protein_coding
PA14_RS04540	protein_coding
PA14_RS04545	protein_coding
PA14_RS04550	protein_coding
PA14_RS04555	protein_coding
PA14_RS04560	protein_coding
PA14_RS04565	protein_coding
PA14_RS04570	protein_coding
PA14_RS04575	protein_coding
PA14_RS04580	protein_coding
PA14_RS04585	protein_coding
PA14_RS04590	protein_coding
PA14_RS04595	protein_coding
PA14_RS04600	protein_coding
PA14_RS04605	protein_coding
PA14_RS04610	protein_coding
PA14_RS04615	protein_coding
PA14_RS04620	protein_coding
PA14_RS04625	protein_coding
PA14_RS04630	protein_coding
PA14_RS04635	protein_coding
PA14_RS04640	protein_coding
PA14_RS04645	protein_coding
PA14_RS04650	protein_coding
PA14_RS04655	protein_coding
PA14_RS04660	protein_coding
PA14_RS04665	protein_coding
PA14_RS04670	protein_coding
PA14_RS04675	protein_coding
PA14_RS04680	protein_coding
PA14_RS04685	protein_coding
PA14_RS04690	protein_coding
PA14_RS04695	protein_coding
PA14_RS04700	protein_coding
PA14_RS04705	protein_coding
PA14_RS04710	protein_coding
PA14_RS04715	protein_coding
PA14_RS04720	protein_coding
PA14_RS04725	protein_coding
PA14_RS04730	protein_coding
PA14_RS04735	protein_coding
PA14_RS04740	protein_coding
PA14_RS04745	protein_coding
PA14_RS04750	protein_coding
PA14_RS04755	protein_coding
PA14_RS04760	protein_coding
PA14_RS04765	protein_coding
PA14_RS04770	protein_coding
PA14_RS04775	protein_coding
PA14_RS04780	protein_coding
PA14_RS04785	protein_coding
PA14_RS04790	protein_coding
PA14_RS04795	protein_coding
PA14_RS04800	protein_coding
PA14_RS04805	protein_coding
PA14_RS04810	protein_coding
PA14_RS04815	protein_coding
PA14_RS04820	protein_coding
PA14_RS04825	protein_coding
PA14_RS04830	protein_coding
PA14_RS04835	protein_coding
PA14_RS04840	protein_coding
PA14_RS04845	protein_coding
PA14_RS04850	protein_coding
PA14_RS04855	protein_coding
PA14_RS04860	protein_coding
PA14_RS04865	protein_coding
PA14_RS04870	protein_coding
PA14_RS04875	protein_coding
PA14_RS04880	protein_coding
PA14_RS04885	protein_coding
PA14_RS04890	protein_coding
PA14_RS04895	protein_coding
PA14_RS04900	protein_coding
PA14_RS04905	protein_coding
PA14_RS04910	protein_coding
PA14_RS04915	protein_coding
PA14_RS04920	protein_coding
PA14_RS04925	protein_coding
PA14_RS31355	protein_coding
PA14_RS04940	protein_coding
PA14_RS04945	protein_coding
PA14_RS04950	protein_coding
PA14_RS04955	protein_coding
PA14_RS04960	protein_coding
PA14_RS04965	protein_coding
PA14_RS04970	protein_coding
PA14_RS04975	protein_coding
PA14_RS04980	protein_coding
PA14_RS04985	protein_coding
PA14_RS04990	protein_coding
PA14_RS04995	protein_coding
PA14_RS05000	protein_coding
PA14_RS05005	protein_coding
PA14_RS05010	protein_coding
PA14_RS05015	protein_coding
PA14_RS05020	pseudogene
PA14_RS05025	protein_coding
PA14_RS05030	protein_coding
PA14_RS05035	protein_coding
PA14_RS05040	protein_coding
PA14_RS05045	protein_coding
PA14_RS05050	protein_coding
PA14_RS05055	protein_coding
PA14_RS05060	protein_coding
PA14_RS05065	protein_coding
PA14_RS05070	protein_coding
PA14_RS05075	protein_coding
PA14_RS05080	protein_coding
PA14_RS05085	protein_coding
PA14_RS05090	pseudogene
PA14_RS05095	protein_coding
PA14_RS05100	protein_coding
PA14_RS05105	protein_coding
PA14_RS05110	protein_coding
PA14_RS05115	protein_coding
PA14_RS05120	protein_coding
PA14_RS05125	protein_coding
PA14_RS05130	protein_coding
PA14_RS05135	protein_coding
PA14_RS05140	protein_coding
PA14_RS05145	protein_coding
PA14_RS05150	protein_coding
PA14_RS05155	protein_coding
PA14_RS05160	protein_coding
PA14_RS05165	protein_coding
PA14_RS05170	protein_coding
PA14_RS05175	protein_coding
PA14_RS05180	protein_coding
PA14_RS05185	protein_coding
PA14_RS05190	protein_coding
PA14_RS05195	protein_coding
PA14_RS05200	pseudogene
PA14_RS05205	protein_coding
PA14_RS05210	protein_coding
PA14_RS05215	protein_coding
PA14_RS05220	protein_coding
PA14_RS05225	protein_coding
PA14_RS05230	protein_coding
PA14_RS05235	protein_coding
PA14_RS05240	protein_coding
PA14_RS05245	protein_coding
PA14_RS05250	protein_coding
PA14_RS05255	protein_coding
PA14_RS05260	protein_coding
PA14_RS05265	protein_coding
PA14_RS05270	protein_coding
PA14_RS05275	protein_coding
PA14_RS05280	protein_coding
PA14_RS05285	protein_coding
PA14_RS05290	protein_coding
PA14_RS05295	protein_coding
PA14_RS05300	protein_coding
PA14_RS05305	protein_coding
PA14_RS05310	protein_coding
PA14_RS05315	protein_coding
PA14_RS05320	protein_coding
PA14_RS05325	protein_coding
PA14_RS05330	protein_coding
PA14_RS05335	protein_coding
PA14_RS05340	protein_coding
PA14_RS05345	protein_coding
PA14_RS05350	protein_coding
PA14_RS05355	protein_coding
PA14_RS05360	protein_coding
PA14_RS05365	protein_coding
PA14_RS05370	protein_coding
PA14_RS30125	protein_coding
PA14_RS05380	protein_coding
PA14_RS05385	protein_coding
PA14_RS05390	protein_coding
PA14_RS05395	protein_coding
PA14_RS05400	protein_coding
PA14_RS05405	protein_coding
PA14_RS05410	protein_coding
PA14_RS05415	protein_coding
PA14_RS05420	protein_coding
PA14_RS05425	protein_coding
PA14_RS05430	protein_coding
PA14_RS05435	protein_coding
PA14_RS05440	protein_coding
PA14_RS05445	protein_coding
PA14_RS05450	protein_coding
PA14_RS05455	protein_coding
PA14_RS05460	protein_coding
PA14_RS05465	protein_coding
PA14_RS05470	protein_coding
PA14_RS05475	protein_coding
PA14_RS05480	protein_coding
PA14_RS05485	protein_coding
PA14_RS05490	protein_coding
PA14_RS05495	protein_coding
PA14_RS05500	protein_coding
PA14_RS05505	protein_coding
PA14_RS05510	protein_coding
PA14_RS05515	protein_coding
PA14_RS05520	protein_coding
PA14_RS05525	protein_coding
PA14_RS05530	protein_coding
PA14_RS05535	protein_coding
PA14_RS05540	protein_coding
PA14_RS05545	protein_coding
PA14_RS05550	protein_coding
PA14_RS05555	protein_coding
PA14_RS05560	protein_coding
PA14_RS05565	protein_coding
PA14_RS05570	protein_coding
PA14_RS05580	pseudogene
PA14_RS05585	pseudogene
PA14_RS05590	pseudogene
PA14_RS31360	pseudogene
PA14_RS31740	pseudogene
PA14_RS30135	protein_coding
PA14_RS05600	protein_coding
PA14_RS05605	protein_coding
PA14_RS05610	protein_coding
PA14_RS05615	protein_coding
PA14_RS05620	protein_coding
PA14_RS05625	protein_coding
PA14_RS05630	protein_coding
PA14_RS05635	protein_coding
PA14_RS05640	protein_coding
PA14_RS05645	protein_coding
PA14_RS05650	protein_coding
PA14_RS05655	protein_coding
PA14_RS05660	protein_coding
PA14_RS05665	protein_coding
PA14_RS05670	protein_coding
PA14_RS05675	protein_coding
PA14_RS05680	protein_coding
PA14_RS05685	protein_coding
PA14_RS05690	protein_coding
PA14_RS05695	protein_coding
PA14_RS05700	protein_coding
PA14_RS05705	protein_coding
PA14_RS05710	protein_coding
PA14_RS05715	protein_coding
PA14_RS05720	protein_coding
PA14_RS05730	protein_coding
PA14_RS05735	protein_coding
PA14_RS05740	protein_coding
PA14_RS05745	protein_coding
PA14_RS05750	protein_coding
PA14_RS05755	protein_coding
PA14_RS05760	protein_coding
PA14_RS31195	protein_coding
PA14_RS31200	protein_coding
PA14_RS05765	protein_coding
PA14_RS05770	protein_coding
PA14_RS05775	protein_coding
PA14_RS05780	protein_coding
PA14_RS05785	protein_coding
PA14_RS05790	protein_coding
PA14_RS05795	protein_coding
PA14_RS05800	protein_coding
PA14_RS05805	protein_coding
PA14_RS05810	protein_coding
PA14_RS05815	protein_coding
PA14_RS30145	protein_coding
PA14_RS30150	protein_coding
PA14_RS05820	tRNA
PA14_RS05825	protein_coding
PA14_RS05830	protein_coding
PA14_RS05835	protein_coding
PA14_RS05840	protein_coding
PA14_RS05845	protein_coding
PA14_RS05850	protein_coding
PA14_RS05855	protein_coding
PA14_RS05860	protein_coding
PA14_RS05865	protein_coding
PA14_RS05870	protein_coding
PA14_RS05875	protein_coding
PA14_RS05880	protein_coding
PA14_RS05885	protein_coding
PA14_RS05890	protein_coding
PA14_RS05895	protein_coding
PA14_RS05900	protein_coding
PA14_RS05905	protein_coding
PA14_RS05910	protein_coding
PA14_RS05915	protein_coding
PA14_RS05920	protein_coding
PA14_RS05925	protein_coding
PA14_RS05930	protein_coding
PA14_RS05935	protein_coding
PA14_RS05940	protein_coding
PA14_RS05945	protein_coding
PA14_RS05950	protein_coding
PA14_RS05955	protein_coding
PA14_RS05960	protein_coding
PA14_RS05965	protein_coding
PA14_RS05970	protein_coding
PA14_RS05975	protein_coding
PA14_RS05980	protein_coding
PA14_RS05985	protein_coding
PA14_RS05990	protein_coding
PA14_RS05995	protein_coding
PA14_RS06000	protein_coding
PA14_RS06005	protein_coding
PA14_RS06010	protein_coding
PA14_RS06015	protein_coding
PA14_RS06020	protein_coding
PA14_RS06025	protein_coding
PA14_RS06030	protein_coding
PA14_RS06035	protein_coding
PA14_RS06040	protein_coding
PA14_RS06045	protein_coding
PA14_RS06050	protein_coding
PA14_RS06055	protein_coding
PA14_RS06060	protein_coding
PA14_RS06065	protein_coding
PA14_RS06070	protein_coding
PA14_RS06075	protein_coding
PA14_RS06080	protein_coding
PA14_RS06085	protein_coding
PA14_RS06090	protein_coding
PA14_RS06095	protein_coding
PA14_RS06100	protein_coding
PA14_RS06105	protein_coding
PA14_RS06110	protein_coding
PA14_RS06115	protein_coding
PA14_RS06120	protein_coding
PA14_RS06125	protein_coding
PA14_RS06130	protein_coding
PA14_RS06135	protein_coding
PA14_RS06140	pseudogene
PA14_RS06145	protein_coding
PA14_RS06150	protein_coding
PA14_RS06155	protein_coding
PA14_RS06160	protein_coding
PA14_RS06165	protein_coding
PA14_RS06170	protein_coding
PA14_RS06175	protein_coding
PA14_RS06180	protein_coding
PA14_RS06185	protein_coding
PA14_RS06190	protein_coding
PA14_RS06195	protein_coding
PA14_RS06200	protein_coding
PA14_RS06205	protein_coding
PA14_RS06210	protein_coding
PA14_RS06215	protein_coding
PA14_RS06220	protein_coding
PA14_RS06225	protein_coding
PA14_RS06230	protein_coding
PA14_RS06235	protein_coding
PA14_RS06240	protein_coding
PA14_RS06245	protein_coding
PA14_RS06250	protein_coding
PA14_RS06255	protein_coding
PA14_RS06260	protein_coding
PA14_RS31205	protein_coding
PA14_RS06270	protein_coding
PA14_RS06275	protein_coding
PA14_RS06280	protein_coding
PA14_RS06285	protein_coding
PA14_RS30155	protein_coding
PA14_RS06290	protein_coding
PA14_RS06295	protein_coding
PA14_RS06300	protein_coding
PA14_RS06305	protein_coding
PA14_RS30160	protein_coding
PA14_RS06310	protein_coding
PA14_RS06315	protein_coding
PA14_RS06320	protein_coding
PA14_RS06325	protein_coding
PA14_RS06330	protein_coding
PA14_RS06335	protein_coding
PA14_RS06340	protein_coding
PA14_RS06345	protein_coding
PA14_RS06350	protein_coding
PA14_RS06355	protein_coding
PA14_RS06360	protein_coding
PA14_RS06365	protein_coding
PA14_RS06370	protein_coding
PA14_RS06375	protein_coding
PA14_RS06380	protein_coding
PA14_RS06385	protein_coding
PA14_RS06390	protein_coding
PA14_RS06395	protein_coding
PA14_RS06400	protein_coding
PA14_RS06405	protein_coding
PA14_RS06410	protein_coding
PA14_RS06415	protein_coding
PA14_RS06420	protein_coding
PA14_RS06425	protein_coding
PA14_RS06430	protein_coding
PA14_RS06435	protein_coding
PA14_RS06440	protein_coding
PA14_RS06445	protein_coding
PA14_RS06450	protein_coding
PA14_RS06455	protein_coding
PA14_RS06460	protein_coding
PA14_RS06465	protein_coding
PA14_RS06470	protein_coding
PA14_RS06475	protein_coding
PA14_RS06480	protein_coding
PA14_RS06485	protein_coding
PA14_RS06490	protein_coding
PA14_RS06495	protein_coding
PA14_RS06500	protein_coding
PA14_RS06505	protein_coding
PA14_RS06510	protein_coding
PA14_RS06515	protein_coding
PA14_RS06520	protein_coding
PA14_RS06525	protein_coding
PA14_RS06530	protein_coding
PA14_RS06535	protein_coding
PA14_RS06540	protein_coding
PA14_RS06545	protein_coding
PA14_RS06550	protein_coding
PA14_RS06555	protein_coding
PA14_RS06560	protein_coding
PA14_RS06565	protein_coding
PA14_RS06570	protein_coding
PA14_RS06575	protein_coding
PA14_RS06580	protein_coding
PA14_RS06585	protein_coding
PA14_RS06590	protein_coding
PA14_RS06595	protein_coding
PA14_RS06600	protein_coding
PA14_RS06605	protein_coding
PA14_RS06610	protein_coding
PA14_RS06615	protein_coding
PA14_RS06620	protein_coding
PA14_RS06625	protein_coding
PA14_RS06630	protein_coding
PA14_RS06635	protein_coding
PA14_RS06640	protein_coding
PA14_RS06645	protein_coding
PA14_RS06650	protein_coding
PA14_RS06655	protein_coding
PA14_RS06660	protein_coding
PA14_RS06665	protein_coding
PA14_RS06670	protein_coding
PA14_RS06675	protein_coding
PA14_RS06680	protein_coding
PA14_RS06685	protein_coding
PA14_RS06690	protein_coding
PA14_RS06695	protein_coding
PA14_RS06700	protein_coding
PA14_RS06705	protein_coding
PA14_RS06710	protein_coding
PA14_RS06715	protein_coding
PA14_RS06720	protein_coding
PA14_RS06725	protein_coding
PA14_RS06730	protein_coding
PA14_RS06735	protein_coding
PA14_RS06740	protein_coding
PA14_RS06745	protein_coding
PA14_RS06750	protein_coding
PA14_RS06755	protein_coding
PA14_RS06760	protein_coding
PA14_RS06765	protein_coding
PA14_RS06770	protein_coding
PA14_RS06775	protein_coding
PA14_RS06780	protein_coding
PA14_RS06785	protein_coding
PA14_RS06790	protein_coding
PA14_RS06795	protein_coding
PA14_RS06800	protein_coding
PA14_RS06805	protein_coding
PA14_RS06810	protein_coding
PA14_RS06815	protein_coding
PA14_RS06820	protein_coding
PA14_RS06825	protein_coding
PA14_RS06830	protein_coding
PA14_RS06835	protein_coding
PA14_RS06840	protein_coding
PA14_RS06845	protein_coding
PA14_RS06850	protein_coding
PA14_RS06855	protein_coding
PA14_RS06860	protein_coding
PA14_RS06865	protein_coding
PA14_RS06870	protein_coding
PA14_RS06875	protein_coding
PA14_RS06880	protein_coding
PA14_RS06885	protein_coding
PA14_RS06890	protein_coding
PA14_RS06895	protein_coding
PA14_RS06900	protein_coding
PA14_RS06905	protein_coding
PA14_RS06910	protein_coding
PA14_RS06915	protein_coding
PA14_RS06920	protein_coding
PA14_RS06925	protein_coding
PA14_RS06930	protein_coding
PA14_RS06935	protein_coding
PA14_RS06940	protein_coding
PA14_RS06945	protein_coding
PA14_RS06950	protein_coding
PA14_RS06955	protein_coding
PA14_RS06960	protein_coding
PA14_RS06965	protein_coding
PA14_RS06970	protein_coding
PA14_RS06975	protein_coding
PA14_RS06980	protein_coding
PA14_RS06985	protein_coding
PA14_RS06990	protein_coding
PA14_RS06995	protein_coding
PA14_RS07000	protein_coding
PA14_RS07005	protein_coding
PA14_RS07010	protein_coding
PA14_RS07015	protein_coding
PA14_RS07020	protein_coding
PA14_RS07025	protein_coding
PA14_RS07030	protein_coding
PA14_RS07035	protein_coding
PA14_RS07040	protein_coding
PA14_RS07045	protein_coding
PA14_RS07050	protein_coding
PA14_RS07055	protein_coding
PA14_RS07060	protein_coding
PA14_RS07065	protein_coding
PA14_RS07070	protein_coding
PA14_RS07075	protein_coding
PA14_RS07080	protein_coding
PA14_RS07085	protein_coding
PA14_RS07090	protein_coding
PA14_RS07095	protein_coding
PA14_RS07100	protein_coding
PA14_RS07105	protein_coding
PA14_RS07110	protein_coding
PA14_RS07115	protein_coding
PA14_RS07120	protein_coding
PA14_RS07125	protein_coding
PA14_RS07130	protein_coding
PA14_RS07135	protein_coding
PA14_RS07140	protein_coding
PA14_RS07145	protein_coding
PA14_RS07150	protein_coding
PA14_RS07155	protein_coding
PA14_RS07160	protein_coding
PA14_RS07165	protein_coding
PA14_RS07170	protein_coding
PA14_RS07175	protein_coding
PA14_RS07180	protein_coding
PA14_RS07185	protein_coding
PA14_RS07190	protein_coding
PA14_RS07195	protein_coding
PA14_RS07200	protein_coding
PA14_RS07205	protein_coding
PA14_RS07210	protein_coding
PA14_RS07215	protein_coding
PA14_RS07220	protein_coding
PA14_RS07225	protein_coding
PA14_RS07230	protein_coding
PA14_RS07235	protein_coding
PA14_RS07245	protein_coding
PA14_RS07250	protein_coding
PA14_RS07255	protein_coding
PA14_RS07260	protein_coding
PA14_RS07265	protein_coding
PA14_RS07270	protein_coding
PA14_RS07275	protein_coding
PA14_RS07280	protein_coding
PA14_RS07285	protein_coding
PA14_RS07290	protein_coding
PA14_RS07295	protein_coding
PA14_RS07300	protein_coding
PA14_RS07305	protein_coding
PA14_RS07310	protein_coding
PA14_RS07315	protein_coding
PA14_RS07320	protein_coding
PA14_RS07325	protein_coding
PA14_RS07330	protein_coding
PA14_RS07335	protein_coding
PA14_RS07340	protein_coding
PA14_RS07345	protein_coding
PA14_RS07350	protein_coding
PA14_RS07355	protein_coding
PA14_RS07360	protein_coding
PA14_RS07365	protein_coding
PA14_RS07370	protein_coding
PA14_RS07375	protein_coding
PA14_RS07380	protein_coding
PA14_RS07385	protein_coding
PA14_RS07390	protein_coding
PA14_RS07395	protein_coding
PA14_RS07400	protein_coding
PA14_RS07405	protein_coding
PA14_RS07410	protein_coding
PA14_RS07415	protein_coding
PA14_RS07420	protein_coding
PA14_RS07425	protein_coding
PA14_RS07430	protein_coding
PA14_RS07435	protein_coding
PA14_RS07440	protein_coding
PA14_RS07445	protein_coding
PA14_RS07450	protein_coding
PA14_RS07455	protein_coding
PA14_RS07460	protein_coding
PA14_RS07465	protein_coding
PA14_RS07470	protein_coding
PA14_RS07475	protein_coding
PA14_RS07480	protein_coding
PA14_RS07485	protein_coding
PA14_RS07490	protein_coding
PA14_RS07495	protein_coding
PA14_RS07500	protein_coding
PA14_RS07505	protein_coding
PA14_RS07510	protein_coding
PA14_RS07515	protein_coding
PA14_RS07520	protein_coding
PA14_RS07525	protein_coding
PA14_RS07530	protein_coding
PA14_RS31215	protein_coding
PA14_RS07535	protein_coding
PA14_RS31370	protein_coding
PA14_RS07540	protein_coding
PA14_RS07545	protein_coding
PA14_RS07550	protein_coding
PA14_RS07555	protein_coding
PA14_RS07560	protein_coding
PA14_RS07565	protein_coding
PA14_RS07570	protein_coding
PA14_RS07575	protein_coding
PA14_RS07580	protein_coding
PA14_RS07585	protein_coding
PA14_RS07590	protein_coding
PA14_RS07595	protein_coding
PA14_RS07600	protein_coding
PA14_RS07605	protein_coding
PA14_RS07610	protein_coding
PA14_RS07615	protein_coding
PA14_RS07620	protein_coding
PA14_RS07625	protein_coding
PA14_RS07630	protein_coding
PA14_RS07635	protein_coding
PA14_RS07640	protein_coding
PA14_RS07645	protein_coding
PA14_RS07650	protein_coding
PA14_RS07655	protein_coding
PA14_RS07660	protein_coding
PA14_RS07665	protein_coding
PA14_RS07670	protein_coding
PA14_RS07675	protein_coding
PA14_RS07680	protein_coding
PA14_RS07685	protein_coding
PA14_RS07690	protein_coding
PA14_RS07695	protein_coding
PA14_RS07700	protein_coding
PA14_RS07705	protein_coding
PA14_RS07710	protein_coding
PA14_RS07715	protein_coding
PA14_RS07720	protein_coding
PA14_RS07725	protein_coding
PA14_RS07730	protein_coding
PA14_RS07735	protein_coding
PA14_RS07740	protein_coding
PA14_RS07745	protein_coding
PA14_RS07750	protein_coding
PA14_RS07755	protein_coding
PA14_RS07760	protein_coding
PA14_RS07765	protein_coding
PA14_RS30210	protein_coding
PA14_RS07770	protein_coding
PA14_RS07775	protein_coding
PA14_RS07780	protein_coding
PA14_RS07785	protein_coding
PA14_RS07790	protein_coding
PA14_RS07795	protein_coding
PA14_RS07800	protein_coding
PA14_RS07805	protein_coding
PA14_RS07810	protein_coding
PA14_RS07815	protein_coding
PA14_RS07820	protein_coding
PA14_RS07825	protein_coding
PA14_RS07830	protein_coding
PA14_RS07835	protein_coding
PA14_RS07840	protein_coding
PA14_RS07845	protein_coding
PA14_RS07850	protein_coding
PA14_RS07855	protein_coding
PA14_RS07860	protein_coding
PA14_RS07865	protein_coding
PA14_RS07870	protein_coding
PA14_RS07875	protein_coding
PA14_RS07880	protein_coding
PA14_RS07885	protein_coding
PA14_RS07890	protein_coding
PA14_RS07895	protein_coding
PA14_RS07900	protein_coding
PA14_RS07905	protein_coding
PA14_RS07910	protein_coding
PA14_RS07915	protein_coding
PA14_RS07920	protein_coding
PA14_RS07925	protein_coding
PA14_RS07930	protein_coding
PA14_RS07935	protein_coding
PA14_RS07940	protein_coding
PA14_RS07945	protein_coding
PA14_RS07950	protein_coding
PA14_RS07955	protein_coding
PA14_RS07960	protein_coding
PA14_RS07965	protein_coding
PA14_RS07970	protein_coding
PA14_RS07975	protein_coding
PA14_RS07980	protein_coding
PA14_RS07985	protein_coding
PA14_RS07990	protein_coding
PA14_RS07995	protein_coding
PA14_RS08000	protein_coding
PA14_RS08005	protein_coding
PA14_RS08010	protein_coding
PA14_RS08015	protein_coding
PA14_RS08020	protein_coding
PA14_RS08025	protein_coding
PA14_RS08030	protein_coding
PA14_RS08035	protein_coding
PA14_RS08040	protein_coding
PA14_RS08045	protein_coding
PA14_RS08050	protein_coding
PA14_RS08055	protein_coding
PA14_RS08060	protein_coding
PA14_RS08065	protein_coding
PA14_RS08070	protein_coding
PA14_RS08075	protein_coding
PA14_RS08080	protein_coding
PA14_RS08085	protein_coding
PA14_RS08090	protein_coding
PA14_RS08095	protein_coding
PA14_RS08100	protein_coding
PA14_RS08105	protein_coding
PA14_RS08110	protein_coding
PA14_RS08115	protein_coding
PA14_RS08120	protein_coding
PA14_RS08125	protein_coding
PA14_RS08130	protein_coding
PA14_RS08135	protein_coding
PA14_RS08140	protein_coding
PA14_RS08145	protein_coding
PA14_RS08150	protein_coding
PA14_RS08155	protein_coding
PA14_RS08160	protein_coding
PA14_RS08165	protein_coding
PA14_RS08170	protein_coding
PA14_RS08175	protein_coding
PA14_RS08180	protein_coding
PA14_RS08185	protein_coding
PA14_RS08190	protein_coding
PA14_RS08195	protein_coding
PA14_RS08200	protein_coding
PA14_RS08205	protein_coding
PA14_RS08210	protein_coding
PA14_RS08215	protein_coding
PA14_RS08220	tRNA
PA14_RS30215	protein_coding
PA14_RS08240	protein_coding
PA14_RS08245	protein_coding
PA14_RS08250	protein_coding
PA14_RS08255	protein_coding
PA14_RS08260	protein_coding
PA14_RS08265	protein_coding
PA14_RS08270	protein_coding
PA14_RS08275	protein_coding
PA14_RS08280	protein_coding
PA14_RS08285	protein_coding
PA14_RS08290	protein_coding
PA14_RS08295	protein_coding
PA14_RS08300	protein_coding
PA14_RS08305	protein_coding
PA14_RS08310	protein_coding
PA14_RS08315	protein_coding
PA14_RS08320	protein_coding
PA14_RS08325	protein_coding
PA14_RS08330	protein_coding
PA14_RS08335	protein_coding
PA14_RS08340	protein_coding
PA14_RS08345	protein_coding
PA14_RS08350	protein_coding
PA14_RS08355	protein_coding
PA14_RS08360	protein_coding
PA14_RS08365	protein_coding
PA14_RS08370	protein_coding
PA14_RS08375	protein_coding
PA14_RS08380	protein_coding
PA14_RS08385	protein_coding
PA14_RS08390	protein_coding
PA14_RS08395	protein_coding
PA14_RS08400	protein_coding
PA14_RS08405	protein_coding
PA14_RS08410	protein_coding
PA14_RS08415	protein_coding
PA14_RS08420	protein_coding
PA14_RS08425	protein_coding
PA14_RS08430	protein_coding
PA14_RS08435	protein_coding
PA14_RS08440	protein_coding
PA14_RS08445	protein_coding
PA14_RS08450	protein_coding
PA14_RS08455	protein_coding
PA14_RS08460	protein_coding
PA14_RS08465	protein_coding
PA14_RS08470	protein_coding
PA14_RS08475	protein_coding
PA14_RS08480	protein_coding
PA14_RS08485	protein_coding
PA14_RS08490	protein_coding
PA14_RS08495	protein_coding
PA14_RS08500	protein_coding
PA14_RS08505	protein_coding
PA14_RS08510	protein_coding
PA14_RS08515	protein_coding
PA14_RS08520	protein_coding
PA14_RS08525	protein_coding
PA14_RS08530	protein_coding
PA14_RS08535	protein_coding
PA14_RS08540	protein_coding
PA14_RS08545	protein_coding
PA14_RS08550	protein_coding
PA14_RS08555	protein_coding
PA14_RS31375	protein_coding
PA14_RS31690	protein_coding
PA14_RS08565	protein_coding
PA14_RS08570	protein_coding
PA14_RS08575	protein_coding
PA14_RS08580	protein_coding
PA14_RS08585	protein_coding
PA14_RS08590	protein_coding
PA14_RS08595	protein_coding
PA14_RS08600	protein_coding
PA14_RS08605	protein_coding
PA14_RS08610	protein_coding
PA14_RS08615	protein_coding
PA14_RS08620	protein_coding
PA14_RS08625	protein_coding
PA14_RS08630	protein_coding
PA14_RS31380	protein_coding
PA14_RS31635	protein_coding
PA14_RS08635	protein_coding
PA14_RS30250	protein_coding
PA14_RS08650	protein_coding
PA14_RS08655	protein_coding
PA14_RS08660	protein_coding
PA14_RS08665	protein_coding
PA14_RS08670	protein_coding
PA14_RS08675	protein_coding
PA14_RS08680	protein_coding
PA14_RS08685	protein_coding
PA14_RS08690	protein_coding
PA14_RS08695	protein_coding
PA14_RS08700	protein_coding
PA14_RS08705	protein_coding
PA14_RS08710	protein_coding
PA14_RS08715	protein_coding
PA14_RS08720	protein_coding
PA14_RS08725	protein_coding
PA14_RS08730	protein_coding
PA14_RS08735	protein_coding
PA14_RS08740	protein_coding
PA14_RS08745	protein_coding
PA14_RS08750	protein_coding
PA14_RS08755	protein_coding
PA14_RS08760	protein_coding
PA14_RS08765	protein_coding
PA14_RS08770	protein_coding
PA14_RS08775	protein_coding
PA14_RS08780	protein_coding
PA14_RS08785	protein_coding
PA14_RS08790	tRNA
PA14_RS08795	tRNA
PA14_RS08800	protein_coding
PA14_RS08805	protein_coding
PA14_RS08810	protein_coding
PA14_RS08815	protein_coding
PA14_RS08820	protein_coding
PA14_RS08825	protein_coding
PA14_RS08830	protein_coding
PA14_RS08835	protein_coding
PA14_RS08840	protein_coding
PA14_RS08845	protein_coding
PA14_RS08850	protein_coding
PA14_RS08855	protein_coding
PA14_RS08860	protein_coding
PA14_RS08865	protein_coding
PA14_RS08870	protein_coding
PA14_RS08875	protein_coding
PA14_RS08880	protein_coding
PA14_RS08885	protein_coding
PA14_RS08890	protein_coding
PA14_RS08895	protein_coding
PA14_RS08900	protein_coding
PA14_RS08905	protein_coding
PA14_RS08910	protein_coding
PA14_RS08915	protein_coding
PA14_RS08920	pseudogene
PA14_RS08935	protein_coding
PA14_RS08940	protein_coding
PA14_RS31745	protein_coding
PA14_RS30260	protein_coding
PA14_RS08960	protein_coding
PA14_RS31220	protein_coding
PA14_RS08965	protein_coding
PA14_RS08970	protein_coding
PA14_RS31225	protein_coding
PA14_RS30265	protein_coding
PA14_RS30270	protein_coding
PA14_RS08985	protein_coding
PA14_RS08990	protein_coding
PA14_RS08995	protein_coding
PA14_RS31230	protein_coding
PA14_RS09000	protein_coding
PA14_RS31235	protein_coding
PA14_RS30280	protein_coding
PA14_RS30285	protein_coding
PA14_RS30290	protein_coding
PA14_RS09015	protein_coding
PA14_RS09020	pseudogene
PA14_RS09025	protein_coding
PA14_RS09030	protein_coding
PA14_RS09035	protein_coding
PA14_RS09040	protein_coding
PA14_RS09045	protein_coding
PA14_RS09050	protein_coding
PA14_RS09055	protein_coding
PA14_RS09060	protein_coding
PA14_RS09065	protein_coding
PA14_RS09070	protein_coding
PA14_RS09075	protein_coding
PA14_RS09080	protein_coding
PA14_RS09085	protein_coding
PA14_RS09090	protein_coding
PA14_RS09095	protein_coding
PA14_RS09100	protein_coding
PA14_RS09105	protein_coding
PA14_RS09110	protein_coding
PA14_RS09115	protein_coding
PA14_RS09120	protein_coding
PA14_RS09125	protein_coding
PA14_RS09130	protein_coding
PA14_RS09135	protein_coding
PA14_RS09140	protein_coding
PA14_RS09145	protein_coding
PA14_RS09150	protein_coding
PA14_RS09155	protein_coding
PA14_RS09160	protein_coding
PA14_RS09165	protein_coding
PA14_RS09170	protein_coding
PA14_RS09175	protein_coding
PA14_RS09180	protein_coding
PA14_RS09185	protein_coding
PA14_RS09190	protein_coding
PA14_RS09195	protein_coding
PA14_RS09200	protein_coding
PA14_RS09205	protein_coding
PA14_RS09210	protein_coding
PA14_RS09215	protein_coding
PA14_RS09220	protein_coding
PA14_RS09225	protein_coding
PA14_RS09230	protein_coding
PA14_RS09235	protein_coding
PA14_RS09240	protein_coding
PA14_RS09245	protein_coding
PA14_RS09250	protein_coding
PA14_RS09255	protein_coding
PA14_RS09260	protein_coding
PA14_RS09265	protein_coding
PA14_RS09270	protein_coding
PA14_RS09275	protein_coding
PA14_RS09280	protein_coding
PA14_RS09285	protein_coding
PA14_RS09290	protein_coding
PA14_RS09295	protein_coding
PA14_RS09300	protein_coding
PA14_RS30295	protein_coding
PA14_RS09305	protein_coding
PA14_RS09310	protein_coding
PA14_RS09315	protein_coding
PA14_RS09320	protein_coding
PA14_RS09325	protein_coding
PA14_RS09330	protein_coding
PA14_RS09335	protein_coding
PA14_RS09340	protein_coding
PA14_RS09345	protein_coding
PA14_RS09350	protein_coding
PA14_RS09355	protein_coding
PA14_RS09360	protein_coding
PA14_RS09365	protein_coding
PA14_RS09370	protein_coding
PA14_RS09375	protein_coding
PA14_RS09380	protein_coding
PA14_RS09385	protein_coding
PA14_RS09390	protein_coding
PA14_RS09395	protein_coding
PA14_RS09400	protein_coding
PA14_RS09405	protein_coding
PA14_RS09410	protein_coding
PA14_RS09415	protein_coding
PA14_RS09420	protein_coding
PA14_RS09425	protein_coding
PA14_RS09430	protein_coding
PA14_RS09435	protein_coding
PA14_RS09440	protein_coding
PA14_RS09445	protein_coding
PA14_RS09450	protein_coding
PA14_RS09455	protein_coding
PA14_RS09460	protein_coding
PA14_RS09465	protein_coding
PA14_RS09470	protein_coding
PA14_RS09475	protein_coding
PA14_RS09480	protein_coding
PA14_RS29910	protein_coding
PA14_RS09485	protein_coding
PA14_RS09490	protein_coding
PA14_RS29915	protein_coding
PA14_RS29920	protein_coding
PA14_RS09495	protein_coding
PA14_RS09500	protein_coding
PA14_RS09505	protein_coding
PA14_RS09510	tRNA
PA14_RS09515	protein_coding
PA14_RS09520	protein_coding
PA14_RS09525	protein_coding
PA14_RS09530	protein_coding
PA14_RS09535	protein_coding
PA14_RS09540	protein_coding
PA14_RS09545	tRNA
PA14_RS09550	tRNA
PA14_RS09555	tRNA
PA14_RS09560	tRNA
PA14_RS09565	protein_coding
PA14_RS09570	protein_coding
PA14_RS09575	protein_coding
PA14_RS09580	protein_coding
PA14_RS09585	protein_coding
PA14_RS09590	protein_coding
PA14_RS09595	protein_coding
PA14_RS09600	protein_coding
PA14_RS09605	protein_coding
PA14_RS09610	protein_coding
PA14_RS09615	protein_coding
PA14_RS09620	protein_coding
PA14_RS09625	protein_coding
PA14_RS09630	protein_coding
PA14_RS09635	protein_coding
PA14_RS09640	protein_coding
PA14_RS09645	protein_coding
PA14_RS09650	protein_coding
PA14_RS09655	protein_coding
PA14_RS09660	protein_coding
PA14_RS09665	protein_coding
PA14_RS09670	protein_coding
PA14_RS09675	protein_coding
PA14_RS09680	protein_coding
PA14_RS09685	protein_coding
PA14_RS09690	protein_coding
PA14_RS09695	protein_coding
PA14_RS09700	protein_coding
PA14_RS09705	protein_coding
PA14_RS09710	protein_coding
PA14_RS09715	protein_coding
PA14_RS09720	protein_coding
PA14_RS09725	protein_coding
PA14_RS09730	protein_coding
PA14_RS09735	protein_coding
PA14_RS09740	protein_coding
PA14_RS09745	protein_coding
PA14_RS09750	protein_coding
PA14_RS09755	protein_coding
PA14_RS09760	tRNA
PA14_RS09765	tRNA
PA14_RS09770	tRNA
PA14_RS09775	protein_coding
PA14_RS09780	protein_coding
PA14_RS09785	protein_coding
PA14_RS09790	protein_coding
PA14_RS09795	protein_coding
PA14_RS09800	protein_coding
PA14_RS09805	protein_coding
PA14_RS09810	protein_coding
PA14_RS09815	protein_coding
PA14_RS09820	protein_coding
PA14_RS09825	protein_coding
PA14_RS09830	protein_coding
PA14_RS09835	protein_coding
PA14_RS09840	protein_coding
PA14_RS09845	protein_coding
PA14_RS09850	protein_coding
PA14_RS09855	protein_coding
PA14_RS09860	protein_coding
PA14_RS09865	protein_coding
PA14_RS09870	protein_coding
PA14_RS09875	protein_coding
PA14_RS09880	protein_coding
PA14_RS09885	protein_coding
PA14_RS09890	protein_coding
PA14_RS09895	protein_coding
PA14_RS09900	protein_coding
PA14_RS09905	protein_coding
PA14_RS09910	protein_coding
PA14_RS09915	protein_coding
PA14_RS09920	protein_coding
PA14_RS09925	protein_coding
PA14_RS09930	protein_coding
PA14_RS09935	protein_coding
PA14_RS09940	protein_coding
PA14_RS09945	protein_coding
PA14_RS09950	protein_coding
PA14_RS09955	protein_coding
PA14_RS09960	protein_coding
PA14_RS09965	protein_coding
PA14_RS09970	protein_coding
PA14_RS09975	protein_coding
PA14_RS09980	protein_coding
PA14_RS09985	protein_coding
PA14_RS09990	protein_coding
PA14_RS09995	pseudogene
PA14_RS10000	protein_coding
PA14_RS10005	protein_coding
PA14_RS10010	protein_coding
PA14_RS10015	protein_coding
PA14_RS10020	protein_coding
PA14_RS10025	protein_coding
PA14_RS10030	protein_coding
PA14_RS10035	protein_coding
PA14_RS10040	protein_coding
PA14_RS10045	protein_coding
PA14_RS10050	protein_coding
PA14_RS10055	protein_coding
PA14_RS10060	protein_coding
PA14_RS10065	protein_coding
PA14_RS10070	protein_coding
PA14_RS10075	protein_coding
PA14_RS10080	tRNA
PA14_RS10085	protein_coding
PA14_RS10090	protein_coding
PA14_RS10095	protein_coding
PA14_RS10100	protein_coding
PA14_RS10105	protein_coding
PA14_RS10110	protein_coding
PA14_RS10115	protein_coding
PA14_RS10120	protein_coding
PA14_RS10125	protein_coding
PA14_RS10130	protein_coding
PA14_RS10135	protein_coding
PA14_RS10140	protein_coding
PA14_RS10145	protein_coding
PA14_RS10150	protein_coding
PA14_RS10155	protein_coding
PA14_RS10160	protein_coding
PA14_RS10165	protein_coding
PA14_RS10170	protein_coding
PA14_RS10175	protein_coding
PA14_RS10180	protein_coding
PA14_RS10185	protein_coding
PA14_RS10190	protein_coding
PA14_RS10195	protein_coding
PA14_RS10200	protein_coding
PA14_RS10205	protein_coding
PA14_RS10210	protein_coding
PA14_RS10215	protein_coding
PA14_RS10220	protein_coding
PA14_RS10225	protein_coding
PA14_RS10230	protein_coding
PA14_RS10235	protein_coding
PA14_RS10240	protein_coding
PA14_RS10245	protein_coding
PA14_RS10250	protein_coding
PA14_RS10255	protein_coding
PA14_RS10260	protein_coding
PA14_RS10265	protein_coding
PA14_RS10270	protein_coding
PA14_RS10275	protein_coding
PA14_RS10280	protein_coding
PA14_RS10285	protein_coding
PA14_RS10290	protein_coding
PA14_RS10295	protein_coding
PA14_RS10300	protein_coding
PA14_RS10305	protein_coding
PA14_RS10310	protein_coding
PA14_RS10315	protein_coding
PA14_RS10320	protein_coding
PA14_RS10325	protein_coding
PA14_RS10330	protein_coding
PA14_RS10335	protein_coding
PA14_RS10340	protein_coding
PA14_RS10345	protein_coding
PA14_RS10350	protein_coding
PA14_RS10355	protein_coding
PA14_RS10360	protein_coding
PA14_RS10365	protein_coding
PA14_RS10370	protein_coding
PA14_RS10375	protein_coding
PA14_RS10380	protein_coding
PA14_RS10385	protein_coding
PA14_RS10390	protein_coding
PA14_RS10395	protein_coding
PA14_RS10400	protein_coding
PA14_RS10405	protein_coding
PA14_RS10410	protein_coding
PA14_RS10415	protein_coding
PA14_RS10420	protein_coding
PA14_RS10425	protein_coding
PA14_RS10430	protein_coding
PA14_RS10435	protein_coding
PA14_RS10440	protein_coding
PA14_RS10445	protein_coding
PA14_RS10450	protein_coding
PA14_RS10455	protein_coding
PA14_RS10460	protein_coding
PA14_RS10465	protein_coding
PA14_RS10470	protein_coding
PA14_RS10475	protein_coding
PA14_RS10480	protein_coding
PA14_RS10485	protein_coding
PA14_RS10490	protein_coding
PA14_RS10495	protein_coding
PA14_RS10500	protein_coding
PA14_RS10505	protein_coding
PA14_RS10510	protein_coding
PA14_RS10515	protein_coding
PA14_RS10520	protein_coding
PA14_RS10525	protein_coding
PA14_RS10530	protein_coding
PA14_RS10535	protein_coding
PA14_RS10540	protein_coding
PA14_RS10545	protein_coding
PA14_RS10550	protein_coding
PA14_RS10555	protein_coding
PA14_RS10560	protein_coding
PA14_RS10565	protein_coding
PA14_RS10570	protein_coding
PA14_RS31645	protein_coding
PA14_RS10585	protein_coding
PA14_RS10590	protein_coding
PA14_RS10595	protein_coding
PA14_RS10600	protein_coding
PA14_RS10605	protein_coding
PA14_RS10610	protein_coding
PA14_RS10615	protein_coding
PA14_RS10620	protein_coding
PA14_RS10625	pseudogene
PA14_RS10630	protein_coding
PA14_RS10635	protein_coding
PA14_RS10640	protein_coding
PA14_RS10645	protein_coding
PA14_RS10650	protein_coding
PA14_RS10655	protein_coding
PA14_RS10660	protein_coding
PA14_RS10665	protein_coding
PA14_RS10670	protein_coding
PA14_RS10675	protein_coding
PA14_RS10680	protein_coding
PA14_RS10685	protein_coding
PA14_RS10690	protein_coding
PA14_RS10695	protein_coding
PA14_RS10700	protein_coding
PA14_RS10705	protein_coding
PA14_RS10710	protein_coding
PA14_RS10715	protein_coding
PA14_RS10720	protein_coding
PA14_RS10725	protein_coding
PA14_RS10730	protein_coding
PA14_RS10735	protein_coding
PA14_RS10740	protein_coding
PA14_RS10745	protein_coding
PA14_RS10750	protein_coding
PA14_RS10755	protein_coding
PA14_RS10760	protein_coding
PA14_RS10765	protein_coding
PA14_RS10770	protein_coding
PA14_RS10775	protein_coding
PA14_RS10780	protein_coding
PA14_RS10785	protein_coding
PA14_RS10790	protein_coding
PA14_RS10795	protein_coding
PA14_RS10800	protein_coding
PA14_RS10805	protein_coding
PA14_RS10810	protein_coding
PA14_RS10815	protein_coding
PA14_RS10820	protein_coding
PA14_RS10825	protein_coding
PA14_RS10830	protein_coding
PA14_RS10835	protein_coding
PA14_RS10840	protein_coding
PA14_RS10845	protein_coding
PA14_RS10850	protein_coding
PA14_RS10855	protein_coding
PA14_RS10860	protein_coding
PA14_RS10865	protein_coding
PA14_RS10870	protein_coding
PA14_RS10875	protein_coding
PA14_RS10880	protein_coding
PA14_RS10885	protein_coding
PA14_RS10890	pseudogene
PA14_RS10895	protein_coding
PA14_RS10900	protein_coding
PA14_RS10905	protein_coding
PA14_RS10910	protein_coding
PA14_RS10915	protein_coding
PA14_RS10920	protein_coding
PA14_RS10925	protein_coding
PA14_RS10930	protein_coding
PA14_RS10935	protein_coding
PA14_RS10940	protein_coding
PA14_RS10945	protein_coding
PA14_RS10950	protein_coding
PA14_RS10955	protein_coding
PA14_RS10960	protein_coding
PA14_RS10965	protein_coding
PA14_RS10970	protein_coding
PA14_RS10975	protein_coding
PA14_RS10980	protein_coding
PA14_RS10985	protein_coding
PA14_RS10990	protein_coding
PA14_RS10995	pseudogene
PA14_RS11000	tRNA
PA14_RS11005	protein_coding
PA14_RS11010	protein_coding
PA14_RS11015	protein_coding
PA14_RS11020	protein_coding
PA14_RS11025	protein_coding
PA14_RS11030	protein_coding
PA14_RS11035	protein_coding
PA14_RS11040	protein_coding
PA14_RS11045	protein_coding
PA14_RS11050	protein_coding
PA14_RS11055	protein_coding
PA14_RS11060	protein_coding
PA14_RS11065	protein_coding
PA14_RS11070	protein_coding
PA14_RS11075	protein_coding
PA14_RS11080	protein_coding
PA14_RS11085	protein_coding
PA14_RS11090	protein_coding
PA14_RS11095	protein_coding
PA14_RS11100	protein_coding
PA14_RS11105	protein_coding
PA14_RS11110	protein_coding
PA14_RS11115	protein_coding
PA14_RS11120	protein_coding
PA14_RS11125	protein_coding
PA14_RS11130	protein_coding
PA14_RS11135	protein_coding
PA14_RS11140	protein_coding
PA14_RS11145	protein_coding
PA14_RS11150	protein_coding
PA14_RS11155	protein_coding
PA14_RS11160	protein_coding
PA14_RS11165	protein_coding
PA14_RS11170	tRNA
PA14_RS11175	tRNA
PA14_RS11180	tRNA
PA14_RS11185	protein_coding
PA14_RS11190	protein_coding
PA14_RS11195	protein_coding
PA14_RS11200	protein_coding
PA14_RS11205	protein_coding
PA14_RS11210	protein_coding
PA14_RS11215	protein_coding
PA14_RS11220	protein_coding
PA14_RS11225	protein_coding
PA14_RS11230	protein_coding
PA14_RS11235	protein_coding
PA14_RS11240	protein_coding
PA14_RS11245	protein_coding
PA14_RS11250	protein_coding
PA14_RS11255	protein_coding
PA14_RS11260	protein_coding
PA14_RS11265	protein_coding
PA14_RS11270	protein_coding
PA14_RS11275	protein_coding
PA14_RS11280	protein_coding
PA14_RS11285	protein_coding
PA14_RS11290	protein_coding
PA14_RS11295	protein_coding
PA14_RS11300	protein_coding
PA14_RS11305	protein_coding
PA14_RS11310	protein_coding
PA14_RS11315	protein_coding
PA14_RS11320	protein_coding
PA14_RS11325	protein_coding
PA14_RS11330	protein_coding
PA14_RS11335	protein_coding
PA14_RS11340	protein_coding
PA14_RS11345	protein_coding
PA14_RS11350	protein_coding
PA14_RS11355	protein_coding
PA14_RS11360	protein_coding
PA14_RS11365	protein_coding
PA14_RS11370	protein_coding
PA14_RS11375	protein_coding
PA14_RS11380	protein_coding
PA14_RS11385	protein_coding
PA14_RS11390	protein_coding
PA14_RS11395	protein_coding
PA14_RS11400	protein_coding
PA14_RS11405	protein_coding
PA14_RS11410	protein_coding
PA14_RS31750	pseudogene
PA14_RS11420	protein_coding
PA14_RS11425	protein_coding
PA14_RS11430	protein_coding
PA14_RS11435	protein_coding
PA14_RS11440	protein_coding
PA14_RS11445	tRNA
PA14_RS11450	protein_coding
PA14_RS11455	protein_coding
PA14_RS11460	protein_coding
PA14_RS11465	protein_coding
PA14_RS11470	protein_coding
PA14_RS11475	protein_coding
PA14_RS11480	protein_coding
PA14_RS11485	protein_coding
PA14_RS11490	protein_coding
PA14_RS11495	protein_coding
PA14_RS11500	protein_coding
PA14_RS11505	protein_coding
PA14_RS11510	protein_coding
PA14_RS11515	protein_coding
PA14_RS11520	protein_coding
PA14_RS11525	protein_coding
PA14_RS11530	protein_coding
PA14_RS11535	protein_coding
PA14_RS11540	protein_coding
PA14_RS11545	protein_coding
PA14_RS11550	protein_coding
PA14_RS11555	protein_coding
PA14_RS11560	protein_coding
PA14_RS11565	protein_coding
PA14_RS11570	protein_coding
PA14_RS11575	protein_coding
PA14_RS11580	protein_coding
PA14_RS11585	protein_coding
PA14_RS11590	protein_coding
PA14_RS11595	protein_coding
PA14_RS11600	protein_coding
PA14_RS11605	protein_coding
PA14_RS11610	protein_coding
PA14_RS11615	protein_coding
PA14_RS11620	protein_coding
PA14_RS11625	protein_coding
PA14_RS11630	protein_coding
PA14_RS11635	protein_coding
PA14_RS11640	protein_coding
PA14_RS11645	protein_coding
PA14_RS11650	protein_coding
PA14_RS11655	protein_coding
PA14_RS11660	protein_coding
PA14_RS11665	protein_coding
PA14_RS11670	protein_coding
PA14_RS11675	protein_coding
PA14_RS11680	protein_coding
PA14_RS11685	protein_coding
PA14_RS11690	protein_coding
PA14_RS11695	protein_coding
PA14_RS11700	protein_coding
PA14_RS11705	tRNA
PA14_RS30345	pseudogene
PA14_RS31525	protein_coding
PA14_RS11720	protein_coding
PA14_RS31650	pseudogene
PA14_RS31400	pseudogene
PA14_RS11725	protein_coding
PA14_RS11730	protein_coding
PA14_RS11735	protein_coding
PA14_RS11740	protein_coding
PA14_RS11745	protein_coding
PA14_RS31150	pseudogene
PA14_RS11760	protein_coding
PA14_RS11765	protein_coding
PA14_RS11770	protein_coding
PA14_RS11775	protein_coding
PA14_RS11780	protein_coding
PA14_RS11785	protein_coding
PA14_RS11790	protein_coding
PA14_RS11795	protein_coding
PA14_RS11800	protein_coding
PA14_RS11805	protein_coding
PA14_RS11810	protein_coding
PA14_RS11815	protein_coding
PA14_RS11820	protein_coding
PA14_RS11825	protein_coding
PA14_RS11830	protein_coding
PA14_RS11835	protein_coding
PA14_RS11840	protein_coding
PA14_RS11845	protein_coding
PA14_RS11850	protein_coding
PA14_RS11855	protein_coding
PA14_RS11860	protein_coding
PA14_RS11865	protein_coding
PA14_RS11870	protein_coding
PA14_RS11875	protein_coding
PA14_RS11880	protein_coding
PA14_RS11885	protein_coding
PA14_RS11890	protein_coding
PA14_RS31535	pseudogene
PA14_RS11895	protein_coding
PA14_RS11900	protein_coding
PA14_RS11905	protein_coding
PA14_RS11910	protein_coding
PA14_RS11915	protein_coding
PA14_RS11920	protein_coding
PA14_RS11925	protein_coding
PA14_RS11930	protein_coding
PA14_RS11935	protein_coding
PA14_RS11940	protein_coding
PA14_RS11945	protein_coding
PA14_RS11950	protein_coding
PA14_RS11955	protein_coding
PA14_RS11960	protein_coding
PA14_RS11965	protein_coding
PA14_RS11970	protein_coding
PA14_RS11975	protein_coding
PA14_RS11980	protein_coding
PA14_RS11985	protein_coding
PA14_RS11990	protein_coding
PA14_RS11995	protein_coding
PA14_RS12000	protein_coding
PA14_RS12005	protein_coding
PA14_RS12010	protein_coding
PA14_RS12015	protein_coding
PA14_RS12020	protein_coding
PA14_RS12025	protein_coding
PA14_RS12030	protein_coding
PA14_RS12035	protein_coding
PA14_RS12040	protein_coding
PA14_RS12045	protein_coding
PA14_RS12050	protein_coding
PA14_RS12055	protein_coding
PA14_RS12060	protein_coding
PA14_RS31405	protein_coding
PA14_RS12070	protein_coding
PA14_RS12075	protein_coding
PA14_RS12080	protein_coding
PA14_RS12085	protein_coding
PA14_RS12090	protein_coding
PA14_RS12095	protein_coding
PA14_RS12100	protein_coding
PA14_RS12105	protein_coding
PA14_RS12110	protein_coding
PA14_RS12115	protein_coding
PA14_RS12120	protein_coding
PA14_RS12125	protein_coding
PA14_RS12130	protein_coding
PA14_RS12135	protein_coding
PA14_RS12140	protein_coding
PA14_RS12145	protein_coding
PA14_RS31755	pseudogene
PA14_RS31760	pseudogene
PA14_RS12155	protein_coding
PA14_RS12160	protein_coding
PA14_RS12165	protein_coding
PA14_RS12170	protein_coding
PA14_RS12175	protein_coding
PA14_RS12180	protein_coding
PA14_RS12185	protein_coding
PA14_RS12190	protein_coding
PA14_RS12195	protein_coding
PA14_RS12200	protein_coding
PA14_RS12205	protein_coding
PA14_RS12210	protein_coding
PA14_RS12215	protein_coding
PA14_RS12220	protein_coding
PA14_RS12225	protein_coding
PA14_RS12230	protein_coding
PA14_RS12235	protein_coding
PA14_RS12240	protein_coding
PA14_RS12245	protein_coding
PA14_RS12250	protein_coding
PA14_RS12255	protein_coding
PA14_RS12260	protein_coding
PA14_RS12265	protein_coding
PA14_RS12270	protein_coding
PA14_RS12275	protein_coding
PA14_RS12280	protein_coding
PA14_RS12285	protein_coding
PA14_RS12290	protein_coding
PA14_RS12295	protein_coding
PA14_RS12300	protein_coding
PA14_RS12305	protein_coding
PA14_RS12310	protein_coding
PA14_RS12315	protein_coding
PA14_RS12320	protein_coding
PA14_RS12325	protein_coding
PA14_RS12330	protein_coding
PA14_RS12335	protein_coding
PA14_RS12340	protein_coding
PA14_RS12345	protein_coding
PA14_RS12350	protein_coding
PA14_RS12355	protein_coding
PA14_RS12360	protein_coding
PA14_RS12365	protein_coding
PA14_RS12370	protein_coding
PA14_RS12375	protein_coding
PA14_RS12380	protein_coding
PA14_RS12385	protein_coding
PA14_RS12390	protein_coding
PA14_RS12395	protein_coding
PA14_RS12400	protein_coding
PA14_RS12405	tRNA
PA14_RS12410	protein_coding
PA14_RS12415	protein_coding
PA14_RS12420	protein_coding
PA14_RS12425	protein_coding
PA14_RS12430	protein_coding
PA14_RS12435	protein_coding
PA14_RS12440	protein_coding
PA14_RS12445	protein_coding
PA14_RS12450	protein_coding
PA14_RS12455	protein_coding
PA14_RS12460	protein_coding
PA14_RS12465	protein_coding
PA14_RS12470	protein_coding
PA14_RS12475	protein_coding
PA14_RS12480	protein_coding
PA14_RS12485	protein_coding
PA14_RS12490	protein_coding
PA14_RS12495	protein_coding
PA14_RS12500	protein_coding
PA14_RS12505	protein_coding
PA14_RS12510	tRNA
PA14_RS12515	protein_coding
PA14_RS12520	protein_coding
PA14_RS12525	protein_coding
PA14_RS12530	tRNA
PA14_RS12535	protein_coding
PA14_RS12540	protein_coding
PA14_RS12545	protein_coding
PA14_RS12550	protein_coding
PA14_RS12555	protein_coding
PA14_RS12560	protein_coding
PA14_RS12565	protein_coding
PA14_RS12570	protein_coding
PA14_RS12575	protein_coding
PA14_RS12580	protein_coding
PA14_RS12585	protein_coding
PA14_RS12590	protein_coding
PA14_RS12595	protein_coding
PA14_RS12600	protein_coding
PA14_RS12605	protein_coding
PA14_RS12610	protein_coding
PA14_RS12615	protein_coding
PA14_RS12620	protein_coding
PA14_RS12625	protein_coding
PA14_RS12630	protein_coding
PA14_RS12635	protein_coding
PA14_RS12640	protein_coding
PA14_RS12645	protein_coding
PA14_RS12650	protein_coding
PA14_RS12655	protein_coding
PA14_RS12660	protein_coding
PA14_RS12665	protein_coding
PA14_RS12670	protein_coding
PA14_RS12675	protein_coding
PA14_RS12680	protein_coding
PA14_RS12685	protein_coding
PA14_RS12690	protein_coding
PA14_RS12695	protein_coding
PA14_RS12700	protein_coding
PA14_RS12705	protein_coding
PA14_RS12710	protein_coding
PA14_RS12715	protein_coding
PA14_RS12720	protein_coding
PA14_RS12725	protein_coding
PA14_RS12730	protein_coding
PA14_RS12735	protein_coding
PA14_RS12740	protein_coding
PA14_RS12745	protein_coding
PA14_RS12750	protein_coding
PA14_RS12755	protein_coding
PA14_RS12760	protein_coding
PA14_RS12765	protein_coding
PA14_RS12770	protein_coding
PA14_RS12775	protein_coding
PA14_RS12780	protein_coding
PA14_RS12785	protein_coding
PA14_RS12790	protein_coding
PA14_RS12795	protein_coding
PA14_RS12800	protein_coding
PA14_RS12805	protein_coding
PA14_RS12810	protein_coding
PA14_RS12815	protein_coding
PA14_RS12820	protein_coding
PA14_RS12825	protein_coding
PA14_RS12830	pseudogene
PA14_RS12835	protein_coding
PA14_RS12840	pseudogene
PA14_RS12845	protein_coding
PA14_RS12850	protein_coding
PA14_RS12855	protein_coding
PA14_RS12860	protein_coding
PA14_RS12865	protein_coding
PA14_RS12870	protein_coding
PA14_RS12875	protein_coding
PA14_RS12880	protein_coding
PA14_RS31410	protein_coding
PA14_RS12885	protein_coding
PA14_RS12890	protein_coding
PA14_RS12895	protein_coding
PA14_RS12900	protein_coding
PA14_RS12905	protein_coding
PA14_RS12910	protein_coding
PA14_RS12915	protein_coding
PA14_RS12920	protein_coding
PA14_RS12925	protein_coding
PA14_RS12930	protein_coding
PA14_RS12935	protein_coding
PA14_RS12940	protein_coding
PA14_RS12945	protein_coding
PA14_RS12950	protein_coding
PA14_RS12955	protein_coding
PA14_RS12960	protein_coding
PA14_RS12965	protein_coding
PA14_RS12970	protein_coding
PA14_RS12975	protein_coding
PA14_RS12980	protein_coding
PA14_RS12985	protein_coding
PA14_RS12990	protein_coding
PA14_RS12995	protein_coding
PA14_RS13000	protein_coding
PA14_RS13005	protein_coding
PA14_RS13010	protein_coding
PA14_RS13015	protein_coding
PA14_RS13020	protein_coding
PA14_RS13025	protein_coding
PA14_RS13030	protein_coding
PA14_RS13035	protein_coding
PA14_RS13040	protein_coding
PA14_RS13045	protein_coding
PA14_RS13050	protein_coding
PA14_RS13055	protein_coding
PA14_RS13060	protein_coding
PA14_RS13065	protein_coding
PA14_RS13070	protein_coding
PA14_RS13075	protein_coding
PA14_RS13080	protein_coding
PA14_RS13085	pseudogene
PA14_RS13090	protein_coding
PA14_RS13095	protein_coding
PA14_RS13100	protein_coding
PA14_RS13105	protein_coding
PA14_RS13110	protein_coding
PA14_RS13115	protein_coding
PA14_RS13120	protein_coding
PA14_RS13125	protein_coding
PA14_RS13130	protein_coding
PA14_RS13135	protein_coding
PA14_RS13140	protein_coding
PA14_RS13145	protein_coding
PA14_RS13150	protein_coding
PA14_RS13155	protein_coding
PA14_RS13160	protein_coding
PA14_RS13165	protein_coding
PA14_RS13170	protein_coding
PA14_RS13175	protein_coding
PA14_RS13180	protein_coding
PA14_RS13185	protein_coding
PA14_RS13190	protein_coding
PA14_RS13195	protein_coding
PA14_RS13200	protein_coding
PA14_RS13205	protein_coding
PA14_RS13210	protein_coding
PA14_RS13215	protein_coding
PA14_RS13220	protein_coding
PA14_RS13225	protein_coding
PA14_RS13230	protein_coding
PA14_RS13235	protein_coding
PA14_RS13240	protein_coding
PA14_RS13245	protein_coding
PA14_RS13250	protein_coding
PA14_RS13255	protein_coding
PA14_RS31695	protein_coding
PA14_RS13260	protein_coding
PA14_RS13265	protein_coding
PA14_RS13270	protein_coding
PA14_RS13275	protein_coding
PA14_RS13280	protein_coding
PA14_RS13285	protein_coding
PA14_RS13290	protein_coding
PA14_RS13295	protein_coding
PA14_RS13300	protein_coding
PA14_RS13305	protein_coding
PA14_RS13310	protein_coding
PA14_RS13315	protein_coding
PA14_RS13320	protein_coding
PA14_RS13325	protein_coding
PA14_RS13330	protein_coding
PA14_RS13335	protein_coding
PA14_RS13340	protein_coding
PA14_RS13345	protein_coding
PA14_RS13350	protein_coding
PA14_RS13355	protein_coding
PA14_RS13360	protein_coding
PA14_RS13365	protein_coding
PA14_RS13370	protein_coding
PA14_RS31765	protein_coding
PA14_RS31265	pseudogene
PA14_RS13375	pseudogene
PA14_RS13380	protein_coding
PA14_RS30445	protein_coding
PA14_RS13385	protein_coding
PA14_RS31770	pseudogene
PA14_RS30455	protein_coding
PA14_RS31775	pseudogene
PA14_RS30465	protein_coding
PA14_RS30470	protein_coding
PA14_RS13390	protein_coding
PA14_RS13395	protein_coding
PA14_RS31545	protein_coding
PA14_RS31550	protein_coding
PA14_RS13410	protein_coding
PA14_RS13415	protein_coding
PA14_RS13420	protein_coding
PA14_RS13425	protein_coding
PA14_RS13430	protein_coding
PA14_RS13435	protein_coding
PA14_RS13440	protein_coding
PA14_RS13445	protein_coding
PA14_RS13450	protein_coding
PA14_RS13455	protein_coding
PA14_RS13460	protein_coding
PA14_RS13465	protein_coding
PA14_RS13470	protein_coding
PA14_RS13475	protein_coding
PA14_RS13480	protein_coding
PA14_RS13485	protein_coding
PA14_RS13490	protein_coding
PA14_RS13495	protein_coding
PA14_RS13500	protein_coding
PA14_RS13505	protein_coding
PA14_RS13510	protein_coding
PA14_RS13515	protein_coding
PA14_RS13520	protein_coding
PA14_RS13525	protein_coding
PA14_RS13530	protein_coding
PA14_RS13535	protein_coding
PA14_RS13540	protein_coding
PA14_RS13545	protein_coding
PA14_RS13550	protein_coding
PA14_RS13555	protein_coding
PA14_RS13560	protein_coding
PA14_RS13565	protein_coding
PA14_RS13570	protein_coding
PA14_RS13575	protein_coding
PA14_RS13580	protein_coding
PA14_RS13585	protein_coding
PA14_RS13590	protein_coding
PA14_RS13595	protein_coding
PA14_RS13600	protein_coding
PA14_RS13605	protein_coding
PA14_RS13610	protein_coding
PA14_RS13615	protein_coding
PA14_RS13620	protein_coding
PA14_RS13625	protein_coding
PA14_RS13630	protein_coding
PA14_RS13635	protein_coding
PA14_RS13640	protein_coding
PA14_RS13645	protein_coding
PA14_RS13650	protein_coding
PA14_RS13655	protein_coding
PA14_RS13660	protein_coding
PA14_RS13665	protein_coding
PA14_RS13670	protein_coding
PA14_RS13675	protein_coding
PA14_RS13680	protein_coding
PA14_RS13685	protein_coding
PA14_RS13690	protein_coding
PA14_RS13695	protein_coding
PA14_RS13700	protein_coding
PA14_RS13705	protein_coding
PA14_RS13710	protein_coding
PA14_RS13715	protein_coding
PA14_RS13720	protein_coding
PA14_RS13725	protein_coding
PA14_RS13735	protein_coding
PA14_RS13740	protein_coding
PA14_RS13745	protein_coding
PA14_RS13750	protein_coding
PA14_RS13755	protein_coding
PA14_RS13760	protein_coding
PA14_RS13765	protein_coding
PA14_RS13770	protein_coding
PA14_RS13775	protein_coding
PA14_RS13780	protein_coding
PA14_RS13785	protein_coding
PA14_RS13790	protein_coding
PA14_RS13795	protein_coding
PA14_RS13800	protein_coding
PA14_RS13805	protein_coding
PA14_RS13810	protein_coding
PA14_RS13815	protein_coding
PA14_RS13820	protein_coding
PA14_RS13825	protein_coding
PA14_RS13830	protein_coding
PA14_RS13835	protein_coding
PA14_RS13840	protein_coding
PA14_RS13845	protein_coding
PA14_RS13850	protein_coding
PA14_RS13855	protein_coding
PA14_RS13860	protein_coding
PA14_RS13865	protein_coding
PA14_RS13870	protein_coding
PA14_RS13875	protein_coding
PA14_RS13880	protein_coding
PA14_RS13885	protein_coding
PA14_RS13890	protein_coding
PA14_RS13895	protein_coding
PA14_RS13900	protein_coding
PA14_RS13905	protein_coding
PA14_RS13910	protein_coding
PA14_RS13915	protein_coding
PA14_RS13920	protein_coding
PA14_RS13925	protein_coding
PA14_RS13930	protein_coding
PA14_RS13935	protein_coding
PA14_RS13940	protein_coding
PA14_RS13945	protein_coding
PA14_RS13950	protein_coding
PA14_RS13955	protein_coding
PA14_RS13960	protein_coding
PA14_RS13965	protein_coding
PA14_RS13970	protein_coding
PA14_RS13975	protein_coding
PA14_RS13980	protein_coding
PA14_RS13985	protein_coding
PA14_RS13990	protein_coding
PA14_RS13995	protein_coding
PA14_RS14000	protein_coding
PA14_RS14005	protein_coding
PA14_RS14010	protein_coding
PA14_RS14015	protein_coding
PA14_RS14020	protein_coding
PA14_RS14025	protein_coding
PA14_RS14030	protein_coding
PA14_RS14035	protein_coding
PA14_RS14040	protein_coding
PA14_RS14045	protein_coding
PA14_RS14050	protein_coding
PA14_RS14055	protein_coding
PA14_RS14060	protein_coding
PA14_RS14065	protein_coding
PA14_RS14070	protein_coding
PA14_RS14075	protein_coding
PA14_RS14080	protein_coding
PA14_RS14085	protein_coding
PA14_RS31415	protein_coding
PA14_RS14090	protein_coding
PA14_RS14095	protein_coding
PA14_RS14100	protein_coding
PA14_RS14105	protein_coding
PA14_RS14110	protein_coding
PA14_RS14115	protein_coding
PA14_RS14120	protein_coding
PA14_RS14125	protein_coding
PA14_RS14130	protein_coding
PA14_RS14135	protein_coding
PA14_RS14140	protein_coding
PA14_RS14145	protein_coding
PA14_RS14150	protein_coding
PA14_RS14155	protein_coding
PA14_RS14160	protein_coding
PA14_RS14165	protein_coding
PA14_RS14170	protein_coding
PA14_RS14175	protein_coding
PA14_RS14180	protein_coding
PA14_RS14185	protein_coding
PA14_RS14190	protein_coding
PA14_RS14195	protein_coding
PA14_RS14200	protein_coding
PA14_RS14205	protein_coding
PA14_RS14210	protein_coding
PA14_RS14215	pseudogene
PA14_RS14220	protein_coding
PA14_RS14225	protein_coding
PA14_RS14230	protein_coding
PA14_RS14235	protein_coding
PA14_RS14240	protein_coding
PA14_RS14245	protein_coding
PA14_RS14250	protein_coding
PA14_RS14255	protein_coding
PA14_RS14260	protein_coding
PA14_RS14265	protein_coding
PA14_RS14270	protein_coding
PA14_RS14275	protein_coding
PA14_RS14280	protein_coding
PA14_RS14285	protein_coding
PA14_RS14290	protein_coding
PA14_RS14295	protein_coding
PA14_RS14300	protein_coding
PA14_RS14305	protein_coding
PA14_RS14310	protein_coding
PA14_RS14315	protein_coding
PA14_RS14320	protein_coding
PA14_RS14325	protein_coding
PA14_RS14330	protein_coding
PA14_RS14335	protein_coding
PA14_RS14340	protein_coding
PA14_RS14345	protein_coding
PA14_RS14350	protein_coding
PA14_RS14355	protein_coding
PA14_RS14360	protein_coding
PA14_RS14365	protein_coding
PA14_RS14370	protein_coding
PA14_RS14375	protein_coding
PA14_RS14380	protein_coding
PA14_RS14385	protein_coding
PA14_RS14390	protein_coding
PA14_RS14395	protein_coding
PA14_RS14400	protein_coding
PA14_RS14405	protein_coding
PA14_RS14410	protein_coding
PA14_RS14415	protein_coding
PA14_RS14420	protein_coding
PA14_RS14425	protein_coding
PA14_RS14430	protein_coding
PA14_RS14435	protein_coding
PA14_RS14440	protein_coding
PA14_RS14445	protein_coding
PA14_RS14450	protein_coding
PA14_RS14455	protein_coding
PA14_RS14460	protein_coding
PA14_RS14465	protein_coding
PA14_RS14470	protein_coding
PA14_RS14475	protein_coding
PA14_RS14480	protein_coding
PA14_RS14485	protein_coding
PA14_RS14490	protein_coding
PA14_RS14495	protein_coding
PA14_RS14500	protein_coding
PA14_RS14505	protein_coding
PA14_RS14510	protein_coding
PA14_RS30505	protein_coding
PA14_RS14515	protein_coding
PA14_RS14520	protein_coding
PA14_RS14525	protein_coding
PA14_RS14530	protein_coding
PA14_RS14535	protein_coding
PA14_RS14540	protein_coding
PA14_RS14545	protein_coding
PA14_RS14550	protein_coding
PA14_RS30515	protein_coding
PA14_RS14555	protein_coding
PA14_RS14560	protein_coding
PA14_RS14565	protein_coding
PA14_RS14570	protein_coding
PA14_RS14575	protein_coding
PA14_RS14580	protein_coding
PA14_RS14585	protein_coding
PA14_RS14590	protein_coding
PA14_RS14595	protein_coding
PA14_RS14600	protein_coding
PA14_RS14610	protein_coding
PA14_RS14615	protein_coding
PA14_RS14620	protein_coding
PA14_RS14625	protein_coding
PA14_RS14630	protein_coding
PA14_RS14635	protein_coding
PA14_RS14640	protein_coding
PA14_RS14645	protein_coding
PA14_RS14650	protein_coding
PA14_RS14655	protein_coding
PA14_RS14660	protein_coding
PA14_RS14665	protein_coding
PA14_RS14670	protein_coding
PA14_RS14675	protein_coding
PA14_RS14680	protein_coding
PA14_RS14685	protein_coding
PA14_RS14690	protein_coding
PA14_RS14695	protein_coding
PA14_RS14700	protein_coding
PA14_RS14705	protein_coding
PA14_RS14710	protein_coding
PA14_RS14715	protein_coding
PA14_RS14720	protein_coding
PA14_RS14725	protein_coding
PA14_RS14730	protein_coding
PA14_RS14735	protein_coding
PA14_RS14740	protein_coding
PA14_RS14745	protein_coding
PA14_RS14750	protein_coding
PA14_RS14755	protein_coding
PA14_RS14760	protein_coding
PA14_RS14765	protein_coding
PA14_RS14770	protein_coding
PA14_RS14775	protein_coding
PA14_RS14780	protein_coding
PA14_RS14785	pseudogene
PA14_RS14790	protein_coding
PA14_RS14795	protein_coding
PA14_RS14800	protein_coding
PA14_RS14805	protein_coding
PA14_RS14810	protein_coding
PA14_RS14815	protein_coding
PA14_RS14820	protein_coding
PA14_RS14825	protein_coding
PA14_RS14830	protein_coding
PA14_RS14835	protein_coding
PA14_RS14840	protein_coding
PA14_RS14845	protein_coding
PA14_RS14850	protein_coding
PA14_RS14855	protein_coding
PA14_RS14860	protein_coding
PA14_RS14865	protein_coding
PA14_RS14870	protein_coding
PA14_RS14875	protein_coding
PA14_RS14880	protein_coding
PA14_RS14885	protein_coding
PA14_RS14890	protein_coding
PA14_RS14895	protein_coding
PA14_RS14900	protein_coding
PA14_RS14905	protein_coding
PA14_RS14910	protein_coding
PA14_RS14915	protein_coding
PA14_RS14920	protein_coding
PA14_RS14925	protein_coding
PA14_RS14930	protein_coding
PA14_RS14935	protein_coding
PA14_RS14940	protein_coding
PA14_RS14945	protein_coding
PA14_RS14950	protein_coding
PA14_RS14955	protein_coding
PA14_RS14960	protein_coding
PA14_RS14965	protein_coding
PA14_RS14970	protein_coding
PA14_RS31655	protein_coding
PA14_RS14980	pseudogene
PA14_RS14985	protein_coding
PA14_RS14990	protein_coding
PA14_RS14995	protein_coding
PA14_RS15000	protein_coding
PA14_RS15005	protein_coding
PA14_RS15010	protein_coding
PA14_RS15015	pseudogene
PA14_RS15020	protein_coding
PA14_RS15025	protein_coding
PA14_RS15030	protein_coding
PA14_RS15035	protein_coding
PA14_RS15040	protein_coding
PA14_RS15045	protein_coding
PA14_RS15050	protein_coding
PA14_RS15055	protein_coding
PA14_RS15060	protein_coding
PA14_RS15065	protein_coding
PA14_RS15070	protein_coding
PA14_RS15075	protein_coding
PA14_RS15080	protein_coding
PA14_RS15085	protein_coding
PA14_RS15090	protein_coding
PA14_RS15095	protein_coding
PA14_RS15100	protein_coding
PA14_RS15105	protein_coding
PA14_RS15110	protein_coding
PA14_RS15115	protein_coding
PA14_RS15120	protein_coding
PA14_RS15125	protein_coding
PA14_RS15130	protein_coding
PA14_RS15135	protein_coding
PA14_RS15140	protein_coding
PA14_RS15145	protein_coding
PA14_RS15150	protein_coding
PA14_RS15155	protein_coding
PA14_RS15160	protein_coding
PA14_RS15165	protein_coding
PA14_RS15170	protein_coding
PA14_RS15175	protein_coding
PA14_RS15180	protein_coding
PA14_RS15185	protein_coding
PA14_RS15190	protein_coding
PA14_RS15195	protein_coding
PA14_RS15200	protein_coding
PA14_RS15205	protein_coding
PA14_RS15210	protein_coding
PA14_RS15215	protein_coding
PA14_RS15220	protein_coding
PA14_RS15225	protein_coding
PA14_RS15230	protein_coding
PA14_RS15235	protein_coding
PA14_RS15240	protein_coding
PA14_RS15245	protein_coding
PA14_RS15250	protein_coding
PA14_RS15255	protein_coding
PA14_RS15260	protein_coding
PA14_RS15265	protein_coding
PA14_RS15270	protein_coding
PA14_RS15275	protein_coding
PA14_RS15280	protein_coding
PA14_RS15285	protein_coding
PA14_RS15290	protein_coding
PA14_RS15295	protein_coding
PA14_RS15300	protein_coding
PA14_RS15305	protein_coding
PA14_RS15310	protein_coding
PA14_RS15315	protein_coding
PA14_RS15320	protein_coding
PA14_RS15325	protein_coding
PA14_RS15330	protein_coding
PA14_RS31420	pseudogene
PA14_RS15335	protein_coding
PA14_RS15340	protein_coding
PA14_RS15345	protein_coding
PA14_RS15350	protein_coding
PA14_RS15355	protein_coding
PA14_RS15360	protein_coding
PA14_RS15365	protein_coding
PA14_RS15370	protein_coding
PA14_RS15375	protein_coding
PA14_RS15380	protein_coding
PA14_RS15385	protein_coding
PA14_RS15390	protein_coding
PA14_RS15395	protein_coding
PA14_RS15400	protein_coding
PA14_RS15405	protein_coding
PA14_RS15410	protein_coding
PA14_RS15415	protein_coding
PA14_RS15420	protein_coding
PA14_RS15425	protein_coding
PA14_RS15430	protein_coding
PA14_RS15435	protein_coding
PA14_RS15440	protein_coding
PA14_RS15445	protein_coding
PA14_RS15455	pseudogene
PA14_RS15460	protein_coding
PA14_RS15465	protein_coding
PA14_RS15470	protein_coding
PA14_RS15475	protein_coding
PA14_RS15480	protein_coding
PA14_RS15485	protein_coding
PA14_RS15490	protein_coding
PA14_RS15495	protein_coding
PA14_RS15500	protein_coding
PA14_RS15505	protein_coding
PA14_RS15510	protein_coding
PA14_RS15515	protein_coding
PA14_RS15520	protein_coding
PA14_RS15525	protein_coding
PA14_RS15530	protein_coding
PA14_RS15535	protein_coding
PA14_RS15540	protein_coding
PA14_RS15545	protein_coding
PA14_RS15550	protein_coding
PA14_RS15555	protein_coding
PA14_RS15560	protein_coding
PA14_RS15565	protein_coding
PA14_RS15570	protein_coding
PA14_RS15575	protein_coding
PA14_RS15580	protein_coding
PA14_RS15585	protein_coding
PA14_RS15590	protein_coding
PA14_RS15595	protein_coding
PA14_RS15600	protein_coding
PA14_RS15605	protein_coding
PA14_RS15610	protein_coding
PA14_RS15615	protein_coding
PA14_RS15620	protein_coding
PA14_RS15625	protein_coding
PA14_RS15630	protein_coding
PA14_RS15635	protein_coding
PA14_RS15640	protein_coding
PA14_RS15645	protein_coding
PA14_RS15650	protein_coding
PA14_RS15655	protein_coding
PA14_RS15660	protein_coding
PA14_RS15665	protein_coding
PA14_RS15670	protein_coding
PA14_RS15675	protein_coding
PA14_RS15680	protein_coding
PA14_RS15685	protein_coding
PA14_RS15690	protein_coding
PA14_RS15695	protein_coding
PA14_RS15700	protein_coding
PA14_RS15705	protein_coding
PA14_RS15710	protein_coding
PA14_RS15715	protein_coding
PA14_RS15720	protein_coding
PA14_RS15725	protein_coding
PA14_RS15730	protein_coding
PA14_RS15735	protein_coding
PA14_RS15740	protein_coding
PA14_RS15745	protein_coding
PA14_RS15750	protein_coding
PA14_RS15755	protein_coding
PA14_RS15760	protein_coding
PA14_RS15765	protein_coding
PA14_RS15770	protein_coding
PA14_RS15775	protein_coding
PA14_RS15780	protein_coding
PA14_RS15785	protein_coding
PA14_RS15790	protein_coding
PA14_RS15795	protein_coding
PA14_RS15800	protein_coding
PA14_RS15805	protein_coding
PA14_RS31425	protein_coding
PA14_RS15810	protein_coding
PA14_RS15815	protein_coding
PA14_RS15820	protein_coding
PA14_RS15825	protein_coding
PA14_RS15830	protein_coding
PA14_RS15835	protein_coding
PA14_RS15840	protein_coding
PA14_RS15845	protein_coding
PA14_RS15850	protein_coding
PA14_RS15855	protein_coding
PA14_RS15860	protein_coding
PA14_RS15865	protein_coding
PA14_RS15870	protein_coding
PA14_RS15875	protein_coding
PA14_RS15885	protein_coding
PA14_RS15890	protein_coding
PA14_RS15895	protein_coding
PA14_RS15900	protein_coding
PA14_RS15905	pseudogene
PA14_RS15910	protein_coding
PA14_RS15915	protein_coding
PA14_RS15920	protein_coding
PA14_RS15925	protein_coding
PA14_RS15930	protein_coding
PA14_RS15935	protein_coding
PA14_RS15940	protein_coding
PA14_RS15945	protein_coding
PA14_RS15950	protein_coding
PA14_RS15955	protein_coding
PA14_RS15960	protein_coding
PA14_RS15965	protein_coding
PA14_RS15970	protein_coding
PA14_RS15975	protein_coding
PA14_RS15980	protein_coding
PA14_RS15985	protein_coding
PA14_RS15990	protein_coding
PA14_RS31660	protein_coding
PA14_RS15995	protein_coding
PA14_RS16000	protein_coding
PA14_RS30595	protein_coding
PA14_RS16005	protein_coding
PA14_RS16010	protein_coding
PA14_RS16015	protein_coding
PA14_RS16020	protein_coding
PA14_RS16025	protein_coding
PA14_RS31780	protein_coding
PA14_RS31785	pseudogene
PA14_RS16035	protein_coding
PA14_RS16040	protein_coding
PA14_RS16045	protein_coding
PA14_RS16050	protein_coding
PA14_RS16055	protein_coding
PA14_RS16060	protein_coding
PA14_RS16065	protein_coding
PA14_RS16070	protein_coding
PA14_RS16075	protein_coding
PA14_RS16080	protein_coding
PA14_RS16085	protein_coding
PA14_RS16090	protein_coding
PA14_RS16095	protein_coding
PA14_RS16100	protein_coding
PA14_RS16105	protein_coding
PA14_RS16110	protein_coding
PA14_RS16115	protein_coding
PA14_RS16120	protein_coding
PA14_RS16125	protein_coding
PA14_RS16130	protein_coding
PA14_RS16135	protein_coding
PA14_RS16140	protein_coding
PA14_RS16145	protein_coding
PA14_RS16150	protein_coding
PA14_RS16155	protein_coding
PA14_RS16160	protein_coding
PA14_RS16165	protein_coding
PA14_RS16170	protein_coding
PA14_RS16175	protein_coding
PA14_RS16180	protein_coding
PA14_RS16185	protein_coding
PA14_RS16190	protein_coding
PA14_RS16195	protein_coding
PA14_RS16200	protein_coding
PA14_RS16205	protein_coding
PA14_RS16210	protein_coding
PA14_RS16215	pseudogene
PA14_RS16220	protein_coding
PA14_RS16225	protein_coding
PA14_RS16230	protein_coding
PA14_RS16235	protein_coding
PA14_RS16240	protein_coding
PA14_RS31705	protein_coding
PA14_RS31710	protein_coding
PA14_RS16255	protein_coding
PA14_RS16260	protein_coding
PA14_RS16265	protein_coding
PA14_RS16270	protein_coding
PA14_RS16275	protein_coding
PA14_RS16280	protein_coding
PA14_RS16285	protein_coding
PA14_RS16290	protein_coding
PA14_RS16295	protein_coding
PA14_RS16300	protein_coding
PA14_RS16305	protein_coding
PA14_RS16310	protein_coding
PA14_RS16315	protein_coding
PA14_RS16320	protein_coding
PA14_RS16325	protein_coding
PA14_RS16330	protein_coding
PA14_RS16335	protein_coding
PA14_RS16340	protein_coding
PA14_RS16345	protein_coding
PA14_RS16350	protein_coding
PA14_RS16355	protein_coding
PA14_RS16360	protein_coding
PA14_RS16365	protein_coding
PA14_RS16370	protein_coding
PA14_RS16375	protein_coding
PA14_RS16380	protein_coding
PA14_RS16385	protein_coding
PA14_RS16390	protein_coding
PA14_RS16395	protein_coding
PA14_RS16400	protein_coding
PA14_RS16405	protein_coding
PA14_RS16410	protein_coding
PA14_RS16415	protein_coding
PA14_RS16420	protein_coding
PA14_RS16425	protein_coding
PA14_RS16430	protein_coding
PA14_RS16435	protein_coding
PA14_RS16440	protein_coding
PA14_RS16445	protein_coding
PA14_RS16450	protein_coding
PA14_RS16455	protein_coding
PA14_RS16460	protein_coding
PA14_RS16465	protein_coding
PA14_RS16470	protein_coding
PA14_RS16475	protein_coding
PA14_RS16480	protein_coding
PA14_RS16485	protein_coding
PA14_RS16490	protein_coding
PA14_RS16495	protein_coding
PA14_RS16500	protein_coding
PA14_RS16505	protein_coding
PA14_RS16510	protein_coding
PA14_RS16515	protein_coding
PA14_RS16525	protein_coding
PA14_RS16530	protein_coding
PA14_RS16535	protein_coding
PA14_RS16540	protein_coding
PA14_RS16545	protein_coding
PA14_RS16550	protein_coding
PA14_RS16555	protein_coding
PA14_RS16560	protein_coding
PA14_RS16565	protein_coding
PA14_RS16570	protein_coding
PA14_RS16575	protein_coding
PA14_RS16580	protein_coding
PA14_RS16585	protein_coding
PA14_RS16590	protein_coding
PA14_RS16595	protein_coding
PA14_RS16600	protein_coding
PA14_RS16605	protein_coding
PA14_RS16610	protein_coding
PA14_RS16615	protein_coding
PA14_RS16620	protein_coding
PA14_RS16625	protein_coding
PA14_RS16630	protein_coding
PA14_RS16635	protein_coding
PA14_RS16640	protein_coding
PA14_RS16645	protein_coding
PA14_RS16650	protein_coding
PA14_RS16655	protein_coding
PA14_RS16660	protein_coding
PA14_RS16665	protein_coding
PA14_RS16670	protein_coding
PA14_RS16675	protein_coding
PA14_RS16680	protein_coding
PA14_RS16685	protein_coding
PA14_RS16690	protein_coding
PA14_RS16695	tRNA
PA14_RS16700	protein_coding
PA14_RS16705	protein_coding
PA14_RS16710	protein_coding
PA14_RS16715	protein_coding
PA14_RS16720	protein_coding
PA14_RS16725	protein_coding
PA14_RS16730	protein_coding
PA14_RS16735	protein_coding
PA14_RS16745	protein_coding
PA14_RS16750	tRNA
PA14_RS16755	tRNA
PA14_RS16760	tRNA
PA14_RS16765	tRNA
PA14_RS16770	protein_coding
PA14_RS16775	protein_coding
PA14_RS16780	protein_coding
PA14_RS16785	protein_coding
PA14_RS16790	protein_coding
PA14_RS16795	protein_coding
PA14_RS16800	protein_coding
PA14_RS16805	protein_coding
PA14_RS16810	protein_coding
PA14_RS16815	protein_coding
PA14_RS16820	protein_coding
PA14_RS16825	protein_coding
PA14_RS16830	protein_coding
PA14_RS16835	protein_coding
PA14_RS16840	protein_coding
PA14_RS16845	protein_coding
PA14_RS16850	protein_coding
PA14_RS16855	protein_coding
PA14_RS16860	protein_coding
PA14_RS16865	protein_coding
PA14_RS16870	protein_coding
PA14_RS16875	protein_coding
PA14_RS16880	protein_coding
PA14_RS16885	protein_coding
PA14_RS16890	protein_coding
PA14_RS16895	protein_coding
PA14_RS16900	protein_coding
PA14_RS16910	protein_coding
PA14_RS16915	protein_coding
PA14_RS16920	protein_coding
PA14_RS16925	protein_coding
PA14_RS16930	protein_coding
PA14_RS16935	protein_coding
PA14_RS16940	protein_coding
PA14_RS16945	protein_coding
PA14_RS16950	protein_coding
PA14_RS16955	protein_coding
PA14_RS16960	protein_coding
PA14_RS16965	protein_coding
PA14_RS16970	protein_coding
PA14_RS16975	protein_coding
PA14_RS16980	protein_coding
PA14_RS16985	protein_coding
PA14_RS16990	protein_coding
PA14_RS16995	protein_coding
PA14_RS17000	protein_coding
PA14_RS17010	protein_coding
PA14_RS31430	protein_coding
PA14_RS17020	protein_coding
PA14_RS17025	protein_coding
PA14_RS17030	protein_coding
PA14_RS17035	protein_coding
PA14_RS17040	protein_coding
PA14_RS17045	protein_coding
PA14_RS17050	protein_coding
PA14_RS17055	protein_coding
PA14_RS17060	protein_coding
PA14_RS17065	protein_coding
PA14_RS17070	protein_coding
PA14_RS17075	protein_coding
PA14_RS17080	protein_coding
PA14_RS17090	protein_coding
PA14_RS17095	protein_coding
PA14_RS17100	protein_coding
PA14_RS17105	protein_coding
PA14_RS17110	protein_coding
PA14_RS17115	protein_coding
PA14_RS17120	protein_coding
PA14_RS17125	protein_coding
PA14_RS17130	protein_coding
PA14_RS17135	protein_coding
PA14_RS17140	protein_coding
PA14_RS17145	protein_coding
PA14_RS17150	protein_coding
PA14_RS17155	protein_coding
PA14_RS17160	protein_coding
PA14_RS17165	protein_coding
PA14_RS17170	protein_coding
PA14_RS17175	protein_coding
PA14_RS17180	protein_coding
PA14_RS17185	protein_coding
PA14_RS17190	protein_coding
PA14_RS17195	protein_coding
PA14_RS17200	protein_coding
PA14_RS17205	protein_coding
PA14_RS17210	protein_coding
PA14_RS17215	protein_coding
PA14_RS17220	protein_coding
PA14_RS17225	protein_coding
PA14_RS17230	protein_coding
PA14_RS17235	protein_coding
PA14_RS17240	protein_coding
PA14_RS17245	protein_coding
PA14_RS17250	protein_coding
PA14_RS17255	protein_coding
PA14_RS17260	protein_coding
PA14_RS17265	protein_coding
PA14_RS17270	protein_coding
PA14_RS17275	protein_coding
PA14_RS17280	protein_coding
PA14_RS17285	protein_coding
PA14_RS30640	protein_coding
PA14_RS17295	protein_coding
PA14_RS17300	protein_coding
PA14_RS17305	protein_coding
PA14_RS17310	protein_coding
PA14_RS17315	protein_coding
PA14_RS17320	protein_coding
PA14_RS17325	protein_coding
PA14_RS17330	protein_coding
PA14_RS17335	protein_coding
PA14_RS17340	protein_coding
PA14_RS17345	protein_coding
PA14_RS17350	protein_coding
PA14_RS17355	protein_coding
PA14_RS17360	protein_coding
PA14_RS17365	protein_coding
PA14_RS17370	protein_coding
PA14_RS17375	protein_coding
PA14_RS17380	protein_coding
PA14_RS17385	protein_coding
PA14_RS17390	protein_coding
PA14_RS17395	protein_coding
PA14_RS17400	protein_coding
PA14_RS17405	protein_coding
PA14_RS17410	protein_coding
PA14_RS17415	protein_coding
PA14_RS17420	protein_coding
PA14_RS17425	protein_coding
PA14_RS17430	protein_coding
PA14_RS17435	protein_coding
PA14_RS17440	protein_coding
PA14_RS17445	protein_coding
PA14_RS17450	protein_coding
PA14_RS17455	protein_coding
PA14_RS17460	protein_coding
PA14_RS17465	protein_coding
PA14_RS17470	protein_coding
PA14_RS31155	pseudogene
PA14_RS17475	protein_coding
PA14_RS17480	protein_coding
PA14_RS17485	protein_coding
PA14_RS17490	protein_coding
PA14_RS17495	protein_coding
PA14_RS17500	protein_coding
PA14_RS17505	protein_coding
PA14_RS17510	protein_coding
PA14_RS30650	protein_coding
PA14_RS17515	protein_coding
PA14_RS17520	protein_coding
PA14_RS17525	protein_coding
PA14_RS17530	protein_coding
PA14_RS17535	protein_coding
PA14_RS17540	protein_coding
PA14_RS17545	protein_coding
PA14_RS17550	protein_coding
PA14_RS17555	protein_coding
PA14_RS17560	protein_coding
PA14_RS17565	protein_coding
PA14_RS17570	protein_coding
PA14_RS17575	protein_coding
PA14_RS17580	protein_coding
PA14_RS17585	protein_coding
PA14_RS17590	protein_coding
PA14_RS17595	protein_coding
PA14_RS17600	protein_coding
PA14_RS17605	protein_coding
PA14_RS17610	protein_coding
PA14_RS17615	protein_coding
PA14_RS17620	protein_coding
PA14_RS17625	protein_coding
PA14_RS17630	protein_coding
PA14_RS17635	protein_coding
PA14_RS17640	protein_coding
PA14_RS17645	protein_coding
PA14_RS17650	protein_coding
PA14_RS17655	protein_coding
PA14_RS17660	protein_coding
PA14_RS17665	protein_coding
PA14_RS17670	protein_coding
PA14_RS17675	protein_coding
PA14_RS17680	protein_coding
PA14_RS17685	protein_coding
PA14_RS17690	protein_coding
PA14_RS17695	protein_coding
PA14_RS17700	protein_coding
PA14_RS17705	protein_coding
PA14_RS17710	protein_coding
PA14_RS17715	protein_coding
PA14_RS17720	protein_coding
PA14_RS17725	protein_coding
PA14_RS17730	protein_coding
PA14_RS17735	protein_coding
PA14_RS17740	protein_coding
PA14_RS17745	protein_coding
PA14_RS17750	protein_coding
PA14_RS17755	protein_coding
PA14_RS17760	protein_coding
PA14_RS17765	protein_coding
PA14_RS17770	protein_coding
PA14_RS17775	protein_coding
PA14_RS17780	protein_coding
PA14_RS17785	protein_coding
PA14_RS17790	protein_coding
PA14_RS17795	protein_coding
PA14_RS17800	protein_coding
PA14_RS17805	protein_coding
PA14_RS17810	protein_coding
PA14_RS17815	protein_coding
PA14_RS17820	protein_coding
PA14_RS17825	protein_coding
PA14_RS17830	protein_coding
PA14_RS17835	protein_coding
PA14_RS17840	protein_coding
PA14_RS17845	protein_coding
PA14_RS17850	protein_coding
PA14_RS17855	protein_coding
PA14_RS17860	protein_coding
PA14_RS17865	protein_coding
PA14_RS17870	protein_coding
PA14_RS17875	protein_coding
PA14_RS17880	protein_coding
PA14_RS17885	protein_coding
PA14_RS17890	protein_coding
PA14_RS17895	protein_coding
PA14_RS17900	protein_coding
PA14_RS17905	protein_coding
PA14_RS17910	protein_coding
PA14_RS17915	protein_coding
PA14_RS17920	protein_coding
PA14_RS17925	protein_coding
PA14_RS17930	protein_coding
PA14_RS17935	protein_coding
PA14_RS17940	protein_coding
PA14_RS17945	protein_coding
PA14_RS17950	protein_coding
PA14_RS17955	protein_coding
PA14_RS17960	protein_coding
PA14_RS17965	protein_coding
PA14_RS30665	protein_coding
PA14_RS17970	protein_coding
PA14_RS17975	protein_coding
PA14_RS17980	protein_coding
PA14_RS17985	protein_coding
PA14_RS17990	protein_coding
PA14_RS17995	protein_coding
PA14_RS18000	protein_coding
PA14_RS18005	protein_coding
PA14_RS18010	protein_coding
PA14_RS18015	protein_coding
PA14_RS18020	protein_coding
PA14_RS18025	protein_coding
PA14_RS18030	protein_coding
PA14_RS18035	protein_coding
PA14_RS18040	protein_coding
PA14_RS18045	protein_coding
PA14_RS18050	protein_coding
PA14_RS18055	protein_coding
PA14_RS18060	protein_coding
PA14_RS18065	protein_coding
PA14_RS18070	protein_coding
PA14_RS18075	protein_coding
PA14_RS18080	protein_coding
PA14_RS18085	protein_coding
PA14_RS18090	protein_coding
PA14_RS18095	protein_coding
PA14_RS18100	protein_coding
PA14_RS30675	protein_coding
PA14_RS31555	pseudogene
PA14_RS18115	protein_coding
PA14_RS18120	protein_coding
PA14_RS18125	protein_coding
PA14_RS18130	protein_coding
PA14_RS18135	protein_coding
PA14_RS18140	protein_coding
PA14_RS18145	protein_coding
PA14_RS18150	protein_coding
PA14_RS30680	SRP_RNA
PA14_RS30690	SRP_RNA
PA14_RS18155	protein_coding
PA14_RS18160	protein_coding
PA14_RS18165	protein_coding
PA14_RS18170	protein_coding
PA14_RS18175	protein_coding
PA14_RS18180	protein_coding
PA14_RS18185	protein_coding
PA14_RS18190	protein_coding
PA14_RS18195	protein_coding
PA14_RS18200	protein_coding
PA14_RS18205	protein_coding
PA14_RS18210	protein_coding
PA14_RS18215	protein_coding
PA14_RS18220	protein_coding
PA14_RS18225	protein_coding
PA14_RS18230	protein_coding
PA14_RS18235	protein_coding
PA14_RS18240	protein_coding
PA14_RS18245	protein_coding
PA14_RS18250	protein_coding
PA14_RS18255	protein_coding
PA14_RS18260	protein_coding
PA14_RS18265	protein_coding
PA14_RS18270	protein_coding
PA14_RS18275	protein_coding
PA14_RS18280	protein_coding
PA14_RS18285	protein_coding
PA14_RS18290	protein_coding
PA14_RS18295	protein_coding
PA14_RS18300	protein_coding
PA14_RS18305	protein_coding
PA14_RS18310	protein_coding
PA14_RS18315	protein_coding
PA14_RS18320	protein_coding
PA14_RS18325	protein_coding
PA14_RS18330	protein_coding
PA14_RS18335	protein_coding
PA14_RS18340	protein_coding
PA14_RS18345	protein_coding
PA14_RS18350	protein_coding
PA14_RS18355	protein_coding
PA14_RS18360	protein_coding
PA14_RS18365	protein_coding
PA14_RS18370	protein_coding
PA14_RS18375	protein_coding
PA14_RS18380	protein_coding
PA14_RS18385	protein_coding
PA14_RS18390	protein_coding
PA14_RS18395	protein_coding
PA14_RS18400	protein_coding
PA14_RS18405	protein_coding
PA14_RS18410	protein_coding
PA14_RS18415	protein_coding
PA14_RS18420	protein_coding
PA14_RS18425	protein_coding
PA14_RS18430	protein_coding
PA14_RS18435	protein_coding
PA14_RS18440	protein_coding
PA14_RS18445	protein_coding
PA14_RS18450	protein_coding
PA14_RS18455	protein_coding
PA14_RS18460	protein_coding
PA14_RS18465	protein_coding
PA14_RS18470	protein_coding
PA14_RS18475	protein_coding
PA14_RS18480	protein_coding
PA14_RS18485	protein_coding
PA14_RS18490	protein_coding
PA14_RS18495	protein_coding
PA14_RS18500	protein_coding
PA14_RS18505	protein_coding
PA14_RS18510	protein_coding
PA14_RS18515	protein_coding
PA14_RS18520	protein_coding
PA14_RS18525	protein_coding
PA14_RS18530	protein_coding
PA14_RS18535	protein_coding
PA14_RS18540	protein_coding
PA14_RS18545	protein_coding
PA14_RS18550	protein_coding
PA14_RS18555	protein_coding
PA14_RS18560	protein_coding
PA14_RS18565	protein_coding
PA14_RS18570	protein_coding
PA14_RS18575	protein_coding
PA14_RS18580	protein_coding
PA14_RS18585	protein_coding
PA14_RS18590	protein_coding
PA14_RS18595	protein_coding
PA14_RS18600	protein_coding
PA14_RS18605	protein_coding
PA14_RS18610	protein_coding
PA14_RS18615	protein_coding
PA14_RS18620	protein_coding
PA14_RS18625	protein_coding
PA14_RS18630	protein_coding
PA14_RS18635	protein_coding
PA14_RS18640	protein_coding
PA14_RS18645	protein_coding
PA14_RS31560	protein_coding
PA14_RS18655	protein_coding
PA14_RS18660	protein_coding
PA14_RS18665	protein_coding
PA14_RS18670	protein_coding
PA14_RS18675	protein_coding
PA14_RS18680	protein_coding
PA14_RS18685	protein_coding
PA14_RS18690	protein_coding
PA14_RS18695	protein_coding
PA14_RS18700	protein_coding
PA14_RS18705	protein_coding
PA14_RS18710	protein_coding
PA14_RS18715	protein_coding
PA14_RS18720	protein_coding
PA14_RS18725	protein_coding
PA14_RS18730	protein_coding
PA14_RS31665	protein_coding
PA14_RS18735	protein_coding
PA14_RS18740	protein_coding
PA14_RS18745	protein_coding
PA14_RS18750	protein_coding
PA14_RS18755	protein_coding
PA14_RS18760	protein_coding
PA14_RS18765	protein_coding
PA14_RS18770	protein_coding
PA14_RS18775	protein_coding
PA14_RS18780	protein_coding
PA14_RS18785	protein_coding
PA14_RS18790	protein_coding
PA14_RS18795	protein_coding
PA14_RS18800	protein_coding
PA14_RS18805	protein_coding
PA14_RS18810	protein_coding
PA14_RS18815	protein_coding
PA14_RS18820	protein_coding
PA14_RS18825	protein_coding
PA14_RS18830	protein_coding
PA14_RS18835	protein_coding
PA14_RS18840	protein_coding
PA14_RS18845	protein_coding
PA14_RS18850	protein_coding
PA14_RS18855	protein_coding
PA14_RS18860	protein_coding
PA14_RS18865	protein_coding
PA14_RS18870	protein_coding
PA14_RS18875	protein_coding
PA14_RS18880	protein_coding
PA14_RS18885	protein_coding
PA14_RS18890	protein_coding
PA14_RS18895	protein_coding
PA14_RS18900	protein_coding
PA14_RS18905	pseudogene
PA14_RS30715	protein_coding
PA14_RS18910	protein_coding
PA14_RS18915	protein_coding
PA14_RS18920	protein_coding
PA14_RS18925	protein_coding
PA14_RS18930	protein_coding
PA14_RS18935	protein_coding
PA14_RS18940	protein_coding
PA14_RS18945	protein_coding
PA14_RS18950	protein_coding
PA14_RS18955	protein_coding
PA14_RS18960	protein_coding
PA14_RS18965	protein_coding
PA14_RS18970	protein_coding
PA14_RS18975	protein_coding
PA14_RS18980	protein_coding
PA14_RS18985	protein_coding
PA14_RS18990	protein_coding
PA14_RS18995	protein_coding
PA14_RS19000	protein_coding
PA14_RS19005	protein_coding
PA14_RS19010	protein_coding
PA14_RS19015	protein_coding
PA14_RS19020	protein_coding
PA14_RS19025	protein_coding
PA14_RS19030	protein_coding
PA14_RS31435	protein_coding
PA14_RS19040	protein_coding
PA14_RS19045	protein_coding
PA14_RS19050	protein_coding
PA14_RS19055	protein_coding
PA14_RS19060	protein_coding
PA14_RS19065	protein_coding
PA14_RS19070	protein_coding
PA14_RS19075	protein_coding
PA14_RS19080	protein_coding
PA14_RS19085	protein_coding
PA14_RS19090	protein_coding
PA14_RS19095	protein_coding
PA14_RS19100	protein_coding
PA14_RS19105	protein_coding
PA14_RS19110	protein_coding
PA14_RS19115	protein_coding
PA14_RS19120	protein_coding
PA14_RS19125	protein_coding
PA14_RS19130	protein_coding
PA14_RS19135	protein_coding
PA14_RS19140	protein_coding
PA14_RS19145	protein_coding
PA14_RS19150	protein_coding
PA14_RS19155	protein_coding
PA14_RS19160	protein_coding
PA14_RS19165	protein_coding
PA14_RS19170	protein_coding
PA14_RS19175	protein_coding
PA14_RS19180	protein_coding
PA14_RS19185	protein_coding
PA14_RS19190	protein_coding
PA14_RS19195	protein_coding
PA14_RS19200	protein_coding
PA14_RS19205	protein_coding
PA14_RS19210	protein_coding
PA14_RS19215	protein_coding
PA14_RS19220	protein_coding
PA14_RS19225	protein_coding
PA14_RS19230	protein_coding
PA14_RS19235	protein_coding
PA14_RS19240	protein_coding
PA14_RS19245	protein_coding
PA14_RS19250	protein_coding
PA14_RS19255	protein_coding
PA14_RS19260	protein_coding
PA14_RS19265	protein_coding
PA14_RS19270	protein_coding
PA14_RS19275	protein_coding
PA14_RS19280	protein_coding
PA14_RS19285	protein_coding
PA14_RS19290	protein_coding
PA14_RS19295	protein_coding
PA14_RS19300	protein_coding
PA14_RS19305	protein_coding
PA14_RS19310	protein_coding
PA14_RS19315	protein_coding
PA14_RS19320	protein_coding
PA14_RS19325	protein_coding
PA14_RS19330	protein_coding
PA14_RS19335	protein_coding
PA14_RS19340	protein_coding
PA14_RS19345	protein_coding
PA14_RS19350	protein_coding
PA14_RS19355	protein_coding
PA14_RS19360	protein_coding
PA14_RS19365	protein_coding
PA14_RS19370	protein_coding
PA14_RS19375	protein_coding
PA14_RS19380	protein_coding
PA14_RS19385	protein_coding
PA14_RS19390	protein_coding
PA14_RS19395	protein_coding
PA14_RS19400	protein_coding
PA14_RS19405	protein_coding
PA14_RS19410	protein_coding
PA14_RS19415	protein_coding
PA14_RS19420	protein_coding
PA14_RS19425	protein_coding
PA14_RS19430	protein_coding
PA14_RS19435	protein_coding
PA14_RS19440	protein_coding
PA14_RS19445	protein_coding
PA14_RS19450	protein_coding
PA14_RS19455	protein_coding
PA14_RS19460	protein_coding
PA14_RS30740	pseudogene
PA14_RS19465	protein_coding
PA14_RS19470	protein_coding
PA14_RS19475	protein_coding
PA14_RS19480	protein_coding
PA14_RS19485	protein_coding
PA14_RS19490	protein_coding
PA14_RS19495	protein_coding
PA14_RS19500	protein_coding
PA14_RS19505	protein_coding
PA14_RS19510	protein_coding
PA14_RS19515	protein_coding
PA14_RS19520	protein_coding
PA14_RS19525	protein_coding
PA14_RS19530	protein_coding
PA14_RS19535	protein_coding
PA14_RS19540	protein_coding
PA14_RS19545	protein_coding
PA14_RS19550	protein_coding
PA14_RS19555	protein_coding
PA14_RS19560	protein_coding
PA14_RS19565	protein_coding
PA14_RS19570	protein_coding
PA14_RS19575	protein_coding
PA14_RS19580	protein_coding
PA14_RS19585	protein_coding
PA14_RS19590	protein_coding
PA14_RS19595	protein_coding
PA14_RS19600	protein_coding
PA14_RS19605	protein_coding
PA14_RS19610	protein_coding
PA14_RS19615	protein_coding
PA14_RS19620	protein_coding
PA14_RS19625	protein_coding
PA14_RS19630	protein_coding
PA14_RS19635	protein_coding
PA14_RS19640	protein_coding
PA14_RS19645	protein_coding
PA14_RS19650	protein_coding
PA14_RS19655	protein_coding
PA14_RS19660	protein_coding
PA14_RS19665	protein_coding
PA14_RS19670	protein_coding
PA14_RS19675	protein_coding
PA14_RS19680	protein_coding
PA14_RS31565	pseudogene
PA14_RS31440	pseudogene
PA14_RS19690	protein_coding
PA14_RS19700	protein_coding
PA14_RS19705	protein_coding
PA14_RS19710	protein_coding
PA14_RS19715	protein_coding
PA14_RS19720	protein_coding
PA14_RS19725	protein_coding
PA14_RS19730	protein_coding
PA14_RS19735	protein_coding
PA14_RS19740	protein_coding
PA14_RS19745	protein_coding
PA14_RS19750	protein_coding
PA14_RS19755	protein_coding
PA14_RS19760	protein_coding
PA14_RS19765	protein_coding
PA14_RS19770	protein_coding
PA14_RS19775	protein_coding
PA14_RS19780	protein_coding
PA14_RS19785	protein_coding
PA14_RS19790	protein_coding
PA14_RS19795	protein_coding
PA14_RS19800	protein_coding
PA14_RS19805	protein_coding
PA14_RS19810	protein_coding
PA14_RS19815	protein_coding
PA14_RS19820	protein_coding
PA14_RS19825	protein_coding
PA14_RS19830	protein_coding
PA14_RS19835	protein_coding
PA14_RS19840	protein_coding
PA14_RS19845	protein_coding
PA14_RS19850	protein_coding
PA14_RS19855	protein_coding
PA14_RS19860	protein_coding
PA14_RS19865	protein_coding
PA14_RS19870	protein_coding
PA14_RS19875	protein_coding
PA14_RS19880	protein_coding
PA14_RS19890	protein_coding
PA14_RS19900	protein_coding
PA14_RS19905	protein_coding
PA14_RS19910	protein_coding
PA14_RS30760	protein_coding
PA14_RS31160	protein_coding
PA14_RS19915	protein_coding
PA14_RS19920	protein_coding
PA14_RS19925	protein_coding
PA14_RS19930	protein_coding
PA14_RS19935	protein_coding
PA14_RS19940	protein_coding
PA14_RS19945	protein_coding
PA14_RS19950	protein_coding
PA14_RS19955	protein_coding
PA14_RS19960	protein_coding
PA14_RS19965	protein_coding
PA14_RS19970	protein_coding
PA14_RS19975	protein_coding
PA14_RS19980	protein_coding
PA14_RS19985	protein_coding
PA14_RS19990	protein_coding
PA14_RS19995	protein_coding
PA14_RS20000	protein_coding
PA14_RS20005	protein_coding
PA14_RS20010	protein_coding
PA14_RS20015	protein_coding
PA14_RS20020	protein_coding
PA14_RS20025	protein_coding
PA14_RS20030	protein_coding
PA14_RS20035	protein_coding
PA14_RS20040	protein_coding
PA14_RS20045	protein_coding
PA14_RS20050	protein_coding
PA14_RS20055	protein_coding
PA14_RS20060	protein_coding
PA14_RS20065	protein_coding
PA14_RS20070	protein_coding
PA14_RS20075	protein_coding
PA14_RS20080	protein_coding
PA14_RS20085	protein_coding
PA14_RS20090	protein_coding
PA14_RS20095	protein_coding
PA14_RS30770	protein_coding
PA14_RS20100	protein_coding
PA14_RS30775	protein_coding
PA14_RS20105	protein_coding
PA14_RS20110	protein_coding
PA14_RS20115	protein_coding
PA14_RS20120	protein_coding
PA14_RS20125	protein_coding
PA14_RS20130	protein_coding
PA14_RS20135	protein_coding
PA14_RS20140	protein_coding
PA14_RS20145	protein_coding
PA14_RS20150	protein_coding
PA14_RS20155	protein_coding
PA14_RS20160	protein_coding
PA14_RS20165	protein_coding
PA14_RS20170	protein_coding
PA14_RS20175	protein_coding
PA14_RS20180	protein_coding
PA14_RS20185	protein_coding
PA14_RS20190	protein_coding
PA14_RS20195	protein_coding
PA14_RS20200	protein_coding
PA14_RS20205	protein_coding
PA14_RS20210	protein_coding
PA14_RS20215	protein_coding
PA14_RS20220	protein_coding
PA14_RS20225	protein_coding
PA14_RS20230	protein_coding
PA14_RS20235	protein_coding
PA14_RS20240	protein_coding
PA14_RS20245	protein_coding
PA14_RS31670	protein_coding
PA14_RS20250	protein_coding
PA14_RS20255	protein_coding
PA14_RS20260	protein_coding
PA14_RS20265	protein_coding
PA14_RS20270	protein_coding
PA14_RS20275	protein_coding
PA14_RS20280	protein_coding
PA14_RS20285	protein_coding
PA14_RS20290	protein_coding
PA14_RS20295	protein_coding
PA14_RS20300	protein_coding
PA14_RS20305	protein_coding
PA14_RS20310	protein_coding
PA14_RS20315	protein_coding
PA14_RS20320	protein_coding
PA14_RS20325	protein_coding
PA14_RS20330	protein_coding
PA14_RS20335	protein_coding
PA14_RS20340	protein_coding
PA14_RS20345	protein_coding
PA14_RS20350	protein_coding
PA14_RS20355	protein_coding
PA14_RS20360	protein_coding
PA14_RS20365	protein_coding
PA14_RS20370	protein_coding
PA14_RS20375	protein_coding
PA14_RS20380	protein_coding
PA14_RS20385	protein_coding
PA14_RS20390	protein_coding
PA14_RS20395	protein_coding
PA14_RS20400	protein_coding
PA14_RS20405	protein_coding
PA14_RS20410	protein_coding
PA14_RS20415	protein_coding
PA14_RS20420	protein_coding
PA14_RS20425	protein_coding
PA14_RS20430	protein_coding
PA14_RS20435	protein_coding
PA14_RS20440	protein_coding
PA14_RS20445	protein_coding
PA14_RS20450	protein_coding
PA14_RS20455	protein_coding
PA14_RS20460	protein_coding
PA14_RS20465	protein_coding
PA14_RS20470	protein_coding
PA14_RS20475	protein_coding
PA14_RS20480	protein_coding
PA14_RS20485	protein_coding
PA14_RS20490	protein_coding
PA14_RS20495	protein_coding
PA14_RS20500	protein_coding
PA14_RS20505	protein_coding
PA14_RS20510	protein_coding
PA14_RS20515	protein_coding
PA14_RS20520	protein_coding
PA14_RS20525	protein_coding
PA14_RS20530	protein_coding
PA14_RS20535	protein_coding
PA14_RS20540	protein_coding
PA14_RS20545	protein_coding
PA14_RS20550	protein_coding
PA14_RS20555	protein_coding
PA14_RS20560	protein_coding
PA14_RS20565	protein_coding
PA14_RS20570	protein_coding
PA14_RS20575	protein_coding
PA14_RS20580	protein_coding
PA14_RS20585	protein_coding
PA14_RS20590	protein_coding
PA14_RS20595	protein_coding
PA14_RS20600	protein_coding
PA14_RS20605	protein_coding
PA14_RS20610	protein_coding
PA14_RS20615	protein_coding
PA14_RS20620	protein_coding
PA14_RS20625	protein_coding
PA14_RS20630	protein_coding
PA14_RS20635	protein_coding
PA14_RS20640	protein_coding
PA14_RS20645	protein_coding
PA14_RS20650	protein_coding
PA14_RS20655	protein_coding
PA14_RS20660	protein_coding
PA14_RS20665	protein_coding
PA14_RS20670	protein_coding
PA14_RS20675	protein_coding
PA14_RS20680	protein_coding
PA14_RS20685	protein_coding
PA14_RS20690	protein_coding
PA14_RS20695	protein_coding
PA14_RS20700	protein_coding
PA14_RS20705	protein_coding
PA14_RS20710	protein_coding
PA14_RS20715	protein_coding
PA14_RS20720	protein_coding
PA14_RS20725	protein_coding
PA14_RS20730	protein_coding
PA14_RS20735	protein_coding
PA14_RS20740	protein_coding
PA14_RS20745	protein_coding
PA14_RS31445	protein_coding
PA14_RS20750	protein_coding
PA14_RS20755	protein_coding
PA14_RS20760	protein_coding
PA14_RS20765	protein_coding
PA14_RS20770	protein_coding
PA14_RS20775	protein_coding
PA14_RS20780	protein_coding
PA14_RS20785	protein_coding
PA14_RS20790	protein_coding
PA14_RS20795	protein_coding
PA14_RS20800	protein_coding
PA14_RS20805	protein_coding
PA14_RS20810	protein_coding
PA14_RS20815	protein_coding
PA14_RS20820	tRNA
PA14_RS20825	protein_coding
PA14_RS20830	protein_coding
PA14_RS20835	protein_coding
PA14_RS20840	protein_coding
PA14_RS20845	protein_coding
PA14_RS20850	protein_coding
PA14_RS20855	protein_coding
PA14_RS20860	protein_coding
PA14_RS20865	protein_coding
PA14_RS20870	protein_coding
PA14_RS20875	protein_coding
PA14_RS20880	protein_coding
PA14_RS20885	protein_coding
PA14_RS20890	protein_coding
PA14_RS20895	protein_coding
PA14_RS20900	protein_coding
PA14_RS20905	protein_coding
PA14_RS20910	protein_coding
PA14_RS20915	protein_coding
PA14_RS20920	protein_coding
PA14_RS20925	protein_coding
PA14_RS20930	protein_coding
PA14_RS20935	protein_coding
PA14_RS20940	protein_coding
PA14_RS20945	protein_coding
PA14_RS20950	protein_coding
PA14_RS20955	protein_coding
PA14_RS20960	protein_coding
PA14_RS20965	pseudogene
PA14_RS20970	pseudogene
PA14_RS20975	protein_coding
PA14_RS31575	pseudogene
PA14_RS20985	protein_coding
PA14_RS21005	protein_coding
PA14_RS21010	pseudogene
PA14_RS21015	protein_coding
PA14_RS21020	tRNA
PA14_RS21025	protein_coding
PA14_RS21030	protein_coding
PA14_RS21035	protein_coding
PA14_RS21040	protein_coding
PA14_RS21045	protein_coding
PA14_RS21050	protein_coding
PA14_RS21055	protein_coding
PA14_RS21060	protein_coding
PA14_RS21065	protein_coding
PA14_RS21070	protein_coding
PA14_RS21075	protein_coding
PA14_RS21080	protein_coding
PA14_RS21085	protein_coding
PA14_RS21090	protein_coding
PA14_RS21095	protein_coding
PA14_RS31715	protein_coding
PA14_RS21105	protein_coding
PA14_RS21110	protein_coding
PA14_RS21115	protein_coding
PA14_RS21120	protein_coding
PA14_RS21125	protein_coding
PA14_RS21130	protein_coding
PA14_RS21135	protein_coding
PA14_RS21140	protein_coding
PA14_RS21145	protein_coding
PA14_RS21150	protein_coding
PA14_RS21155	protein_coding
PA14_RS21160	protein_coding
PA14_RS21165	protein_coding
PA14_RS21170	protein_coding
PA14_RS21175	protein_coding
PA14_RS21180	protein_coding
PA14_RS21185	protein_coding
PA14_RS21190	protein_coding
PA14_RS21195	protein_coding
PA14_RS21200	protein_coding
PA14_RS21205	protein_coding
PA14_RS21210	protein_coding
PA14_RS21215	protein_coding
PA14_RS21220	protein_coding
PA14_RS21225	protein_coding
PA14_RS21230	protein_coding
PA14_RS21235	protein_coding
PA14_RS21240	protein_coding
PA14_RS21245	protein_coding
PA14_RS21250	protein_coding
PA14_RS21255	protein_coding
PA14_RS21260	protein_coding
PA14_RS21265	protein_coding
PA14_RS21270	protein_coding
PA14_RS21275	protein_coding
PA14_RS21280	protein_coding
PA14_RS21285	protein_coding
PA14_RS21290	protein_coding
PA14_RS21295	protein_coding
PA14_RS21300	protein_coding
PA14_RS21305	tRNA
PA14_RS21310	protein_coding
PA14_RS21315	protein_coding
PA14_RS21320	protein_coding
PA14_RS21325	protein_coding
PA14_RS21330	protein_coding
PA14_RS21335	protein_coding
PA14_RS21340	protein_coding
PA14_RS21345	protein_coding
PA14_RS21350	protein_coding
PA14_RS21355	protein_coding
PA14_RS21360	protein_coding
PA14_RS21365	protein_coding
PA14_RS21370	protein_coding
PA14_RS21375	protein_coding
PA14_RS21380	protein_coding
PA14_RS21385	protein_coding
PA14_RS21390	protein_coding
PA14_RS21395	tRNA
PA14_RS21400	tRNA
PA14_RS21405	tRNA
PA14_RS21410	protein_coding
PA14_RS21415	protein_coding
PA14_RS21420	protein_coding
PA14_RS21425	protein_coding
PA14_RS21430	protein_coding
PA14_RS21435	protein_coding
PA14_RS21440	protein_coding
PA14_RS21445	protein_coding
PA14_RS21450	protein_coding
PA14_RS21455	protein_coding
PA14_RS21460	protein_coding
PA14_RS21465	protein_coding
PA14_RS21470	protein_coding
PA14_RS21475	protein_coding
PA14_RS21480	protein_coding
PA14_RS21485	protein_coding
PA14_RS21490	protein_coding
PA14_RS21495	protein_coding
PA14_RS21500	protein_coding
PA14_RS21505	protein_coding
PA14_RS21510	protein_coding
PA14_RS21515	protein_coding
PA14_RS21520	protein_coding
PA14_RS21525	protein_coding
PA14_RS21530	protein_coding
PA14_RS21535	protein_coding
PA14_RS21540	protein_coding
PA14_RS21545	protein_coding
PA14_RS21550	protein_coding
PA14_RS21555	protein_coding
PA14_RS21560	protein_coding
PA14_RS21565	protein_coding
PA14_RS21570	protein_coding
PA14_RS21575	protein_coding
PA14_RS21580	protein_coding
PA14_RS21585	protein_coding
PA14_RS21590	protein_coding
PA14_RS21595	protein_coding
PA14_RS21600	protein_coding
PA14_RS21605	protein_coding
PA14_RS21610	protein_coding
PA14_RS21615	protein_coding
PA14_RS21620	protein_coding
PA14_RS21625	protein_coding
PA14_RS21630	protein_coding
PA14_RS21635	pseudogene
PA14_RS21640	protein_coding
PA14_RS21645	protein_coding
PA14_RS21650	protein_coding
PA14_RS21655	protein_coding
PA14_RS21660	protein_coding
PA14_RS21665	protein_coding
PA14_RS21670	protein_coding
PA14_RS21675	protein_coding
PA14_RS21680	protein_coding
PA14_RS21685	protein_coding
PA14_RS21690	protein_coding
PA14_RS21695	protein_coding
PA14_RS21700	protein_coding
PA14_RS21705	protein_coding
PA14_RS21710	protein_coding
PA14_RS21715	protein_coding
PA14_RS21720	protein_coding
PA14_RS21725	protein_coding
PA14_RS21730	protein_coding
PA14_RS21735	protein_coding
PA14_RS21740	protein_coding
PA14_RS21745	protein_coding
PA14_RS21750	protein_coding
PA14_RS21755	protein_coding
PA14_RS30825	protein_coding
PA14_RS21760	protein_coding
PA14_RS21765	protein_coding
PA14_RS21770	protein_coding
PA14_RS21775	protein_coding
PA14_RS21780	protein_coding
PA14_RS21785	protein_coding
PA14_RS21790	protein_coding
PA14_RS21795	protein_coding
PA14_RS21800	protein_coding
PA14_RS21805	protein_coding
PA14_RS30830	tmRNA
PA14_RS21810	protein_coding
PA14_RS21815	protein_coding
PA14_RS21820	protein_coding
PA14_RS30840	protein_coding
PA14_RS30845	protein_coding
PA14_RS30850	protein_coding
PA14_RS30855	protein_coding
PA14_RS21825	protein_coding
PA14_RS21830	protein_coding
PA14_RS21835	protein_coding
PA14_RS21840	protein_coding
PA14_RS21845	protein_coding
PA14_RS21850	protein_coding
PA14_RS21855	protein_coding
PA14_RS21860	protein_coding
PA14_RS21865	protein_coding
PA14_RS21870	protein_coding
PA14_RS21875	protein_coding
PA14_RS21880	protein_coding
PA14_RS21885	protein_coding
PA14_RS21890	protein_coding
PA14_RS21895	protein_coding
PA14_RS21900	protein_coding
PA14_RS21905	protein_coding
PA14_RS21910	protein_coding
PA14_RS21915	protein_coding
PA14_RS21920	protein_coding
PA14_RS21925	protein_coding
PA14_RS21930	protein_coding
PA14_RS21935	protein_coding
PA14_RS21940	protein_coding
PA14_RS21945	protein_coding
PA14_RS31450	protein_coding
PA14_RS21955	protein_coding
PA14_RS21960	protein_coding
PA14_RS21965	protein_coding
PA14_RS21970	protein_coding
PA14_RS21975	protein_coding
PA14_RS21980	protein_coding
PA14_RS21985	protein_coding
PA14_RS21990	protein_coding
PA14_RS21995	protein_coding
PA14_RS22000	protein_coding
PA14_RS22005	protein_coding
PA14_RS22010	protein_coding
PA14_RS22015	protein_coding
PA14_RS22020	protein_coding
PA14_RS22025	protein_coding
PA14_RS22030	protein_coding
PA14_RS22035	protein_coding
PA14_RS22040	protein_coding
PA14_RS22045	protein_coding
PA14_RS22050	protein_coding
PA14_RS22055	protein_coding
PA14_RS22060	protein_coding
PA14_RS22065	protein_coding
PA14_RS22070	protein_coding
PA14_RS22075	protein_coding
PA14_RS22080	protein_coding
PA14_RS22085	protein_coding
PA14_RS22090	protein_coding
PA14_RS22095	protein_coding
PA14_RS22100	protein_coding
PA14_RS22105	protein_coding
PA14_RS22110	protein_coding
PA14_RS22115	protein_coding
PA14_RS22120	protein_coding
PA14_RS22125	protein_coding
PA14_RS22130	protein_coding
PA14_RS22135	protein_coding
PA14_RS22140	protein_coding
PA14_RS22145	protein_coding
PA14_RS22150	protein_coding
PA14_RS22155	protein_coding
PA14_RS22160	protein_coding
PA14_RS22165	protein_coding
PA14_RS22170	protein_coding
PA14_RS22175	protein_coding
PA14_RS22180	protein_coding
PA14_RS22185	protein_coding
PA14_RS22190	protein_coding
PA14_RS22195	protein_coding
PA14_RS22200	protein_coding
PA14_RS22205	protein_coding
PA14_RS22210	protein_coding
PA14_RS22215	protein_coding
PA14_RS22220	protein_coding
PA14_RS22225	protein_coding
PA14_RS22230	protein_coding
PA14_RS22235	protein_coding
PA14_RS22240	protein_coding
PA14_RS22245	protein_coding
PA14_RS22250	protein_coding
PA14_RS22255	protein_coding
PA14_RS22260	protein_coding
PA14_RS22265	protein_coding
PA14_RS22270	protein_coding
PA14_RS22275	protein_coding
PA14_RS22280	protein_coding
PA14_RS22285	protein_coding
PA14_RS22290	protein_coding
PA14_RS22295	protein_coding
PA14_RS22300	protein_coding
PA14_RS22305	protein_coding
PA14_RS22310	protein_coding
PA14_RS22315	protein_coding
PA14_RS22320	protein_coding
PA14_RS22325	protein_coding
PA14_RS22330	tRNA
PA14_RS30865	pseudogene
PA14_RS22340	protein_coding
PA14_RS22345	protein_coding
PA14_RS22350	protein_coding
PA14_RS22355	protein_coding
PA14_RS22360	protein_coding
PA14_RS22365	protein_coding
PA14_RS22370	protein_coding
PA14_RS22375	protein_coding
PA14_RS31720	protein_coding
PA14_RS22385	protein_coding
PA14_RS22390	protein_coding
PA14_RS22395	protein_coding
PA14_RS22400	protein_coding
PA14_RS22405	protein_coding
PA14_RS22410	protein_coding
PA14_RS22415	protein_coding
PA14_RS22420	protein_coding
PA14_RS22425	protein_coding
PA14_RS22430	protein_coding
PA14_RS22440	protein_coding
PA14_RS31595	pseudogene
PA14_RS22450	protein_coding
PA14_RS22455	protein_coding
PA14_RS22460	pseudogene
PA14_RS22465	protein_coding
PA14_RS22470	protein_coding
PA14_RS22475	protein_coding
PA14_RS22480	protein_coding
PA14_RS22485	protein_coding
PA14_RS22490	pseudogene
PA14_RS22495	protein_coding
PA14_RS22500	protein_coding
PA14_RS22505	protein_coding
PA14_RS22510	protein_coding
PA14_RS22515	protein_coding
PA14_RS22520	protein_coding
PA14_RS22525	protein_coding
PA14_RS22530	protein_coding
PA14_RS22535	protein_coding
PA14_RS22540	protein_coding
PA14_RS22545	protein_coding
PA14_RS22550	protein_coding
PA14_RS22555	protein_coding
PA14_RS22560	protein_coding
PA14_RS22565	protein_coding
PA14_RS31790	protein_coding
PA14_RS22575	protein_coding
PA14_RS22580	protein_coding
PA14_RS22585	protein_coding
PA14_RS22590	protein_coding
PA14_RS22595	protein_coding
PA14_RS22600	protein_coding
PA14_RS22605	protein_coding
PA14_RS22610	protein_coding
PA14_RS22615	protein_coding
PA14_RS22620	protein_coding
PA14_RS22625	protein_coding
PA14_RS22630	protein_coding
PA14_RS22635	protein_coding
PA14_RS22640	protein_coding
PA14_RS22645	protein_coding
PA14_RS22650	protein_coding
PA14_RS22655	protein_coding
PA14_RS22660	protein_coding
PA14_RS22665	protein_coding
PA14_RS22670	protein_coding
PA14_RS22675	protein_coding
PA14_RS22680	rRNA
PA14_RS22685	rRNA
PA14_RS22690	tRNA
PA14_RS22695	tRNA
PA14_RS22700	rRNA
PA14_RS22705	protein_coding
PA14_RS22710	protein_coding
PA14_RS22715	protein_coding
PA14_RS22720	protein_coding
PA14_RS22725	protein_coding
PA14_RS22730	protein_coding
PA14_RS22735	protein_coding
PA14_RS22740	protein_coding
PA14_RS22745	protein_coding
PA14_RS22750	protein_coding
PA14_RS31455	protein_coding
PA14_RS22760	protein_coding
PA14_RS22765	protein_coding
PA14_RS22770	protein_coding
PA14_RS22775	protein_coding
PA14_RS22780	protein_coding
PA14_RS22785	protein_coding
PA14_RS22790	protein_coding
PA14_RS22795	protein_coding
PA14_RS22800	protein_coding
PA14_RS22805	protein_coding
PA14_RS22810	protein_coding
PA14_RS22815	protein_coding
PA14_RS22820	protein_coding
PA14_RS22825	protein_coding
PA14_RS22830	protein_coding
PA14_RS22835	protein_coding
PA14_RS22840	protein_coding
PA14_RS22845	protein_coding
PA14_RS22850	protein_coding
PA14_RS22855	protein_coding
PA14_RS22860	protein_coding
PA14_RS22865	protein_coding
PA14_RS22870	protein_coding
PA14_RS22875	protein_coding
PA14_RS22880	protein_coding
PA14_RS22885	protein_coding
PA14_RS22890	protein_coding
PA14_RS22895	protein_coding
PA14_RS22900	protein_coding
PA14_RS22905	protein_coding
PA14_RS22910	protein_coding
PA14_RS22915	protein_coding
PA14_RS22920	protein_coding
PA14_RS22925	protein_coding
PA14_RS22930	protein_coding
PA14_RS22935	protein_coding
PA14_RS22940	protein_coding
PA14_RS22945	protein_coding
PA14_RS22950	protein_coding
PA14_RS22955	protein_coding
PA14_RS22960	protein_coding
PA14_RS22965	protein_coding
PA14_RS22970	protein_coding
PA14_RS22975	protein_coding
PA14_RS22980	protein_coding
PA14_RS22985	protein_coding
PA14_RS22990	protein_coding
PA14_RS22995	protein_coding
PA14_RS23000	protein_coding
PA14_RS23005	protein_coding
PA14_RS23010	protein_coding
PA14_RS23015	protein_coding
PA14_RS23020	protein_coding
PA14_RS23025	protein_coding
PA14_RS23030	protein_coding
PA14_RS23035	protein_coding
PA14_RS23040	protein_coding
PA14_RS23045	protein_coding
PA14_RS23050	protein_coding
PA14_RS23055	protein_coding
PA14_RS23060	protein_coding
PA14_RS23065	protein_coding
PA14_RS23070	protein_coding
PA14_RS23075	protein_coding
PA14_RS23080	protein_coding
PA14_RS23085	protein_coding
PA14_RS23090	protein_coding
PA14_RS23095	protein_coding
PA14_RS23100	protein_coding
PA14_RS23105	protein_coding
PA14_RS23110	protein_coding
PA14_RS23115	protein_coding
PA14_RS23120	protein_coding
PA14_RS23125	protein_coding
PA14_RS23130	protein_coding
PA14_RS23135	protein_coding
PA14_RS23140	protein_coding
PA14_RS23145	protein_coding
PA14_RS23150	protein_coding
PA14_RS23155	protein_coding
PA14_RS23160	protein_coding
PA14_RS23165	protein_coding
PA14_RS23170	protein_coding
PA14_RS23175	protein_coding
PA14_RS23180	protein_coding
PA14_RS23185	protein_coding
PA14_RS23190	protein_coding
PA14_RS23195	protein_coding
PA14_RS23200	protein_coding
PA14_RS23205	protein_coding
PA14_RS23210	protein_coding
PA14_RS23215	protein_coding
PA14_RS23220	protein_coding
PA14_RS23225	protein_coding
PA14_RS23230	protein_coding
PA14_RS23235	protein_coding
PA14_RS23240	protein_coding
PA14_RS23245	protein_coding
PA14_RS23250	protein_coding
PA14_RS23255	protein_coding
PA14_RS23260	protein_coding
PA14_RS23265	protein_coding
PA14_RS23270	protein_coding
PA14_RS23275	protein_coding
PA14_RS23280	protein_coding
PA14_RS23285	protein_coding
PA14_RS23290	protein_coding
PA14_RS23295	protein_coding
PA14_RS23300	protein_coding
PA14_RS23305	protein_coding
PA14_RS23310	protein_coding
PA14_RS23315	protein_coding
PA14_RS23320	protein_coding
PA14_RS23325	protein_coding
PA14_RS23330	protein_coding
PA14_RS23335	protein_coding
PA14_RS23340	protein_coding
PA14_RS23345	protein_coding
PA14_RS23350	protein_coding
PA14_RS23355	protein_coding
PA14_RS23360	protein_coding
PA14_RS23365	protein_coding
PA14_RS23370	protein_coding
PA14_RS23375	protein_coding
PA14_RS23380	protein_coding
PA14_RS23385	protein_coding
PA14_RS23390	protein_coding
PA14_RS23395	protein_coding
PA14_RS23400	protein_coding
PA14_RS23405	protein_coding
PA14_RS23410	protein_coding
PA14_RS23415	protein_coding
PA14_RS23420	protein_coding
PA14_RS29940	RNase_P_RNA
PA14_RS23425	protein_coding
PA14_RS23430	protein_coding
PA14_RS23435	protein_coding
PA14_RS23440	protein_coding
PA14_RS23445	protein_coding
PA14_RS23450	protein_coding
PA14_RS23455	protein_coding
PA14_RS23460	protein_coding
PA14_RS23465	protein_coding
PA14_RS23470	protein_coding
PA14_RS23475	protein_coding
PA14_RS23480	protein_coding
PA14_RS23485	protein_coding
PA14_RS23490	pseudogene
PA14_RS23495	protein_coding
PA14_RS23500	protein_coding
PA14_RS23505	protein_coding
PA14_RS23510	protein_coding
PA14_RS23515	protein_coding
PA14_RS23520	protein_coding
PA14_RS23525	protein_coding
PA14_RS23530	protein_coding
PA14_RS23535	protein_coding
PA14_RS23540	protein_coding
PA14_RS23545	protein_coding
PA14_RS23550	protein_coding
PA14_RS23555	protein_coding
PA14_RS23560	protein_coding
PA14_RS23565	protein_coding
PA14_RS23570	protein_coding
PA14_RS23575	protein_coding
PA14_RS23580	protein_coding
PA14_RS23585	protein_coding
PA14_RS23590	protein_coding
PA14_RS23595	protein_coding
PA14_RS23600	protein_coding
PA14_RS23605	protein_coding
PA14_RS23610	protein_coding
PA14_RS23615	protein_coding
PA14_RS23620	protein_coding
PA14_RS23625	protein_coding
PA14_RS23630	protein_coding
PA14_RS23635	protein_coding
PA14_RS23640	protein_coding
PA14_RS23645	protein_coding
PA14_RS23650	protein_coding
PA14_RS23655	protein_coding
PA14_RS23660	protein_coding
PA14_RS23665	protein_coding
PA14_RS23670	protein_coding
PA14_RS23675	protein_coding
PA14_RS23680	protein_coding
PA14_RS23685	protein_coding
PA14_RS23690	protein_coding
PA14_RS23695	protein_coding
PA14_RS23700	protein_coding
PA14_RS23705	protein_coding
PA14_RS23710	protein_coding
PA14_RS23715	protein_coding
PA14_RS23720	protein_coding
PA14_RS23725	protein_coding
PA14_RS23730	protein_coding
PA14_RS23735	protein_coding
PA14_RS23740	protein_coding
PA14_RS23745	protein_coding
PA14_RS23750	protein_coding
PA14_RS23755	protein_coding
PA14_RS23760	protein_coding
PA14_RS23765	protein_coding
PA14_RS23770	protein_coding
PA14_RS23775	protein_coding
PA14_RS23780	protein_coding
PA14_RS23785	protein_coding
PA14_RS23790	protein_coding
PA14_RS23795	protein_coding
PA14_RS23800	protein_coding
PA14_RS23805	protein_coding
PA14_RS23810	protein_coding
PA14_RS23815	protein_coding
PA14_RS23820	protein_coding
PA14_RS23825	protein_coding
PA14_RS23830	protein_coding
PA14_RS23835	protein_coding
PA14_RS23840	protein_coding
PA14_RS23845	protein_coding
PA14_RS23850	protein_coding
PA14_RS23855	protein_coding
PA14_RS23860	protein_coding
PA14_RS23865	protein_coding
PA14_RS23870	protein_coding
PA14_RS23875	protein_coding
PA14_RS23880	protein_coding
PA14_RS23885	protein_coding
PA14_RS23890	protein_coding
PA14_RS23895	protein_coding
PA14_RS23900	protein_coding
PA14_RS23905	protein_coding
PA14_RS23910	protein_coding
PA14_RS23915	protein_coding
PA14_RS23920	protein_coding
PA14_RS23925	protein_coding
PA14_RS23930	protein_coding
PA14_RS23935	protein_coding
PA14_RS23940	tRNA
PA14_RS23945	protein_coding
PA14_RS30890	protein_coding
PA14_RS23955	protein_coding
PA14_RS23960	protein_coding
PA14_RS23965	protein_coding
PA14_RS23970	protein_coding
PA14_RS23975	protein_coding
PA14_RS23980	protein_coding
PA14_RS23985	protein_coding
PA14_RS23990	protein_coding
PA14_RS23995	protein_coding
PA14_RS24000	protein_coding
PA14_RS24005	protein_coding
PA14_RS24010	protein_coding
PA14_RS24015	protein_coding
PA14_RS24020	protein_coding
PA14_RS24025	protein_coding
PA14_RS24030	protein_coding
PA14_RS31290	tRNA
PA14_RS24035	protein_coding
PA14_RS24040	protein_coding
PA14_RS24045	protein_coding
PA14_RS31460	protein_coding
PA14_RS24050	protein_coding
PA14_RS24055	protein_coding
PA14_RS24060	protein_coding
PA14_RS24065	protein_coding
PA14_RS24070	protein_coding
PA14_RS24075	protein_coding
PA14_RS24080	protein_coding
PA14_RS24085	protein_coding
PA14_RS31295	protein_coding
PA14_RS24095	protein_coding
PA14_RS24100	protein_coding
PA14_RS24105	protein_coding
PA14_RS24110	protein_coding
PA14_RS24115	protein_coding
PA14_RS24120	protein_coding
PA14_RS24125	protein_coding
PA14_RS24130	protein_coding
PA14_RS24135	protein_coding
PA14_RS24140	protein_coding
PA14_RS24145	protein_coding
PA14_RS30905	protein_coding
PA14_RS24155	protein_coding
PA14_RS30910	protein_coding
PA14_RS24160	protein_coding
PA14_RS24165	protein_coding
PA14_RS31795	protein_coding
PA14_RS31800	protein_coding
PA14_RS24180	protein_coding
PA14_RS24185	protein_coding
PA14_RS24190	protein_coding
PA14_RS24195	protein_coding
PA14_RS24200	protein_coding
PA14_RS24205	protein_coding
PA14_RS24210	protein_coding
PA14_RS24215	protein_coding
PA14_RS24220	protein_coding
PA14_RS24225	protein_coding
PA14_RS24230	protein_coding
PA14_RS31465	protein_coding
PA14_RS31680	protein_coding
PA14_RS24235	protein_coding
PA14_RS31470	protein_coding
PA14_RS24240	protein_coding
PA14_RS24245	protein_coding
PA14_RS24250	protein_coding
PA14_RS24255	protein_coding
PA14_RS24260	protein_coding
PA14_RS24265	protein_coding
PA14_RS24270	protein_coding
PA14_RS24275	protein_coding
PA14_RS24280	protein_coding
PA14_RS24285	protein_coding
PA14_RS30930	protein_coding
PA14_RS30935	protein_coding
PA14_RS24290	protein_coding
PA14_RS24295	protein_coding
PA14_RS30940	protein_coding
PA14_RS30945	pseudogene
PA14_RS24300	protein_coding
PA14_RS24305	protein_coding
PA14_RS30950	protein_coding
PA14_RS24315	protein_coding
PA14_RS24320	protein_coding
PA14_RS24325	protein_coding
PA14_RS24330	protein_coding
PA14_RS24335	protein_coding
PA14_RS24340	protein_coding
PA14_RS24345	protein_coding
PA14_RS24350	pseudogene
PA14_RS24355	protein_coding
PA14_RS24360	protein_coding
PA14_RS24365	pseudogene
PA14_RS24370	protein_coding
PA14_RS24375	protein_coding
PA14_RS24380	protein_coding
PA14_RS24385	protein_coding
PA14_RS24390	protein_coding
PA14_RS24395	protein_coding
PA14_RS24400	protein_coding
PA14_RS24405	protein_coding
PA14_RS31475	protein_coding
PA14_RS30955	protein_coding
PA14_RS24415	protein_coding
PA14_RS24420	protein_coding
PA14_RS24425	protein_coding
PA14_RS24430	protein_coding
PA14_RS24435	protein_coding
PA14_RS24440	protein_coding
PA14_RS24445	protein_coding
PA14_RS24450	protein_coding
PA14_RS24455	protein_coding
PA14_RS24460	protein_coding
PA14_RS24465	protein_coding
PA14_RS24470	protein_coding
PA14_RS24475	protein_coding
PA14_RS24480	protein_coding
PA14_RS24485	protein_coding
PA14_RS24490	protein_coding
PA14_RS24495	protein_coding
PA14_RS24500	protein_coding
PA14_RS30960	protein_coding
PA14_RS24505	protein_coding
PA14_RS24510	protein_coding
PA14_RS31480	pseudogene
PA14_RS24515	protein_coding
PA14_RS24520	protein_coding
PA14_RS30970	protein_coding
PA14_RS30975	protein_coding
PA14_RS24525	protein_coding
PA14_RS24530	protein_coding
PA14_RS24535	protein_coding
PA14_RS24540	pseudogene
PA14_RS24545	tRNA
PA14_RS24550	tRNA
PA14_RS24555	tRNA
PA14_RS24560	protein_coding
PA14_RS24565	protein_coding
PA14_RS24570	protein_coding
PA14_RS24575	protein_coding
PA14_RS24580	protein_coding
PA14_RS24585	protein_coding
PA14_RS24590	protein_coding
PA14_RS24595	protein_coding
PA14_RS24600	protein_coding
PA14_RS24605	protein_coding
PA14_RS24610	protein_coding
PA14_RS24615	protein_coding
PA14_RS24620	protein_coding
PA14_RS24625	protein_coding
PA14_RS24630	protein_coding
PA14_RS24635	protein_coding
PA14_RS24640	protein_coding
PA14_RS24645	protein_coding
PA14_RS24650	protein_coding
PA14_RS24655	protein_coding
PA14_RS24660	protein_coding
PA14_RS24665	protein_coding
PA14_RS24670	protein_coding
PA14_RS24675	protein_coding
PA14_RS24680	protein_coding
PA14_RS24685	protein_coding
PA14_RS24690	protein_coding
PA14_RS24695	protein_coding
PA14_RS24700	protein_coding
PA14_RS24705	protein_coding
PA14_RS24710	protein_coding
PA14_RS24715	protein_coding
PA14_RS24720	protein_coding
PA14_RS24725	protein_coding
PA14_RS24730	protein_coding
PA14_RS24735	protein_coding
PA14_RS24740	protein_coding
PA14_RS24745	protein_coding
PA14_RS24750	protein_coding
PA14_RS24755	protein_coding
PA14_RS24760	protein_coding
PA14_RS24765	tRNA
PA14_RS24770	protein_coding
PA14_RS24775	protein_coding
PA14_RS24780	protein_coding
PA14_RS24785	protein_coding
PA14_RS24790	protein_coding
PA14_RS24795	protein_coding
PA14_RS24800	protein_coding
PA14_RS24805	protein_coding
PA14_RS24810	protein_coding
PA14_RS24815	protein_coding
PA14_RS24820	protein_coding
PA14_RS24825	protein_coding
PA14_RS24830	protein_coding
PA14_RS24835	protein_coding
PA14_RS24840	protein_coding
PA14_RS24845	protein_coding
PA14_RS24850	protein_coding
PA14_RS24855	protein_coding
PA14_RS24860	protein_coding
PA14_RS24865	protein_coding
PA14_RS24870	protein_coding
PA14_RS24875	protein_coding
PA14_RS24880	protein_coding
PA14_RS24885	protein_coding
PA14_RS24890	protein_coding
PA14_RS24895	protein_coding
PA14_RS24900	protein_coding
PA14_RS24905	protein_coding
PA14_RS24910	protein_coding
PA14_RS24915	protein_coding
PA14_RS24920	protein_coding
PA14_RS24925	protein_coding
PA14_RS24930	protein_coding
PA14_RS31485	protein_coding
PA14_RS24940	protein_coding
PA14_RS24945	protein_coding
PA14_RS24950	protein_coding
PA14_RS24955	protein_coding
PA14_RS24960	protein_coding
PA14_RS24965	protein_coding
PA14_RS24970	protein_coding
PA14_RS24975	protein_coding
PA14_RS24980	protein_coding
PA14_RS24985	protein_coding
PA14_RS24990	protein_coding
PA14_RS24995	protein_coding
PA14_RS25000	protein_coding
PA14_RS25005	protein_coding
PA14_RS25010	protein_coding
PA14_RS25015	protein_coding
PA14_RS25020	protein_coding
PA14_RS25025	protein_coding
PA14_RS25030	protein_coding
PA14_RS25035	protein_coding
PA14_RS25040	protein_coding
PA14_RS25045	protein_coding
PA14_RS25050	protein_coding
PA14_RS25055	protein_coding
PA14_RS25060	protein_coding
PA14_RS25065	protein_coding
PA14_RS25070	protein_coding
PA14_RS31725	protein_coding
PA14_RS25080	protein_coding
PA14_RS25085	protein_coding
PA14_RS25090	protein_coding
PA14_RS25095	protein_coding
PA14_RS25100	protein_coding
PA14_RS25105	protein_coding
PA14_RS25110	protein_coding
PA14_RS25115	protein_coding
PA14_RS25120	protein_coding
PA14_RS25125	protein_coding
PA14_RS25130	protein_coding
PA14_RS25135	protein_coding
PA14_RS25140	protein_coding
PA14_RS25145	protein_coding
PA14_RS25150	protein_coding
PA14_RS25155	protein_coding
PA14_RS25160	protein_coding
PA14_RS25165	protein_coding
PA14_RS25170	protein_coding
PA14_RS25175	protein_coding
PA14_RS25180	protein_coding
PA14_RS25185	protein_coding
PA14_RS25190	protein_coding
PA14_RS25195	protein_coding
PA14_RS25200	protein_coding
PA14_RS25205	protein_coding
PA14_RS25210	protein_coding
PA14_RS25215	protein_coding
PA14_RS25220	protein_coding
PA14_RS25225	protein_coding
PA14_RS25230	protein_coding
PA14_RS25235	tRNA
PA14_RS25240	protein_coding
PA14_RS25245	protein_coding
PA14_RS25250	protein_coding
PA14_RS25255	protein_coding
PA14_RS25260	tRNA
PA14_RS25265	protein_coding
PA14_RS30995	protein_coding
PA14_RS31620	pseudogene
PA14_RS25270	protein_coding
PA14_RS25275	protein_coding
PA14_RS25280	protein_coding
PA14_RS25285	protein_coding
PA14_RS25290	protein_coding
PA14_RS25295	protein_coding
PA14_RS25300	protein_coding
PA14_RS25305	protein_coding
PA14_RS25310	protein_coding
PA14_RS25315	protein_coding
PA14_RS25320	protein_coding
PA14_RS25325	protein_coding
PA14_RS25330	protein_coding
PA14_RS25335	protein_coding
PA14_RS25340	protein_coding
PA14_RS25345	protein_coding
PA14_RS25350	protein_coding
PA14_RS25355	rRNA
PA14_RS25360	rRNA
PA14_RS25365	tRNA
PA14_RS25370	tRNA
PA14_RS25375	rRNA
PA14_RS25380	protein_coding
PA14_RS25385	protein_coding
PA14_RS25390	protein_coding
PA14_RS25395	protein_coding
PA14_RS25400	protein_coding
PA14_RS25405	protein_coding
PA14_RS31490	protein_coding
PA14_RS25410	protein_coding
PA14_RS25415	protein_coding
PA14_RS25420	protein_coding
PA14_RS25425	protein_coding
PA14_RS25430	protein_coding
PA14_RS25435	protein_coding
PA14_RS25440	protein_coding
PA14_RS25445	protein_coding
PA14_RS25450	protein_coding
PA14_RS25455	protein_coding
PA14_RS25460	protein_coding
PA14_RS25465	protein_coding
PA14_RS25470	protein_coding
PA14_RS25475	protein_coding
PA14_RS25480	protein_coding
PA14_RS25485	protein_coding
PA14_RS25490	protein_coding
PA14_RS25495	protein_coding
PA14_RS25500	protein_coding
PA14_RS25505	protein_coding
PA14_RS25510	protein_coding
PA14_RS25515	protein_coding
PA14_RS25520	protein_coding
PA14_RS25525	protein_coding
PA14_RS25530	protein_coding
PA14_RS25535	protein_coding
PA14_RS25540	protein_coding
PA14_RS25545	protein_coding
PA14_RS25550	protein_coding
PA14_RS25555	protein_coding
PA14_RS25560	protein_coding
PA14_RS25565	protein_coding
PA14_RS25570	protein_coding
PA14_RS25575	protein_coding
PA14_RS25580	protein_coding
PA14_RS25585	protein_coding
PA14_RS25590	protein_coding
PA14_RS25595	protein_coding
PA14_RS25600	protein_coding
PA14_RS25605	protein_coding
PA14_RS25610	protein_coding
PA14_RS25615	protein_coding
PA14_RS25620	protein_coding
PA14_RS25625	protein_coding
PA14_RS25630	protein_coding
PA14_RS25635	protein_coding
PA14_RS25640	protein_coding
PA14_RS25645	protein_coding
PA14_RS25650	protein_coding
PA14_RS25655	protein_coding
PA14_RS25660	protein_coding
PA14_RS25665	tRNA
PA14_RS25670	tRNA
PA14_RS25675	protein_coding
PA14_RS25680	protein_coding
PA14_RS25685	protein_coding
PA14_RS25690	protein_coding
PA14_RS25695	protein_coding
PA14_RS25700	protein_coding
PA14_RS25705	protein_coding
PA14_RS25710	protein_coding
PA14_RS25715	protein_coding
PA14_RS25720	protein_coding
PA14_RS25725	protein_coding
PA14_RS25730	protein_coding
PA14_RS25735	protein_coding
PA14_RS25740	protein_coding
PA14_RS25745	protein_coding
PA14_RS25750	protein_coding
PA14_RS25755	protein_coding
PA14_RS25760	protein_coding
PA14_RS25765	protein_coding
PA14_RS25770	protein_coding
PA14_RS25775	protein_coding
PA14_RS25780	protein_coding
PA14_RS25785	protein_coding
PA14_RS25790	protein_coding
PA14_RS25795	protein_coding
PA14_RS25800	protein_coding
PA14_RS25805	protein_coding
PA14_RS25810	protein_coding
PA14_RS25815	protein_coding
PA14_RS25820	protein_coding
PA14_RS25825	protein_coding
PA14_RS25830	protein_coding
PA14_RS25835	protein_coding
PA14_RS25840	protein_coding
PA14_RS25845	protein_coding
PA14_RS25850	protein_coding
PA14_RS25855	protein_coding
PA14_RS25860	protein_coding
PA14_RS25865	protein_coding
PA14_RS25870	protein_coding
PA14_RS25875	protein_coding
PA14_RS25880	protein_coding
PA14_RS25885	protein_coding
PA14_RS25890	protein_coding
PA14_RS25895	protein_coding
PA14_RS25900	protein_coding
PA14_RS25905	protein_coding
PA14_RS25910	protein_coding
PA14_RS25915	protein_coding
PA14_RS25920	protein_coding
PA14_RS25925	protein_coding
PA14_RS25930	protein_coding
PA14_RS25935	protein_coding
PA14_RS25940	protein_coding
PA14_RS25945	protein_coding
PA14_RS25950	pseudogene
PA14_RS25955	protein_coding
PA14_RS25960	protein_coding
PA14_RS25965	tRNA
PA14_RS25970	protein_coding
PA14_RS25975	protein_coding
PA14_RS25980	protein_coding
PA14_RS25985	protein_coding
PA14_RS25990	protein_coding
PA14_RS25995	protein_coding
PA14_RS26000	protein_coding
PA14_RS26005	protein_coding
PA14_RS26010	protein_coding
PA14_RS26015	protein_coding
PA14_RS26025	protein_coding
PA14_RS26030	protein_coding
PA14_RS26035	protein_coding
PA14_RS26040	protein_coding
PA14_RS26045	protein_coding
PA14_RS26050	protein_coding
PA14_RS26055	protein_coding
PA14_RS26060	protein_coding
PA14_RS26065	protein_coding
PA14_RS26070	protein_coding
PA14_RS26075	protein_coding
PA14_RS26080	protein_coding
PA14_RS26085	protein_coding
PA14_RS26090	protein_coding
PA14_RS26095	protein_coding
PA14_RS26100	protein_coding
PA14_RS26105	protein_coding
PA14_RS26110	protein_coding
PA14_RS26115	protein_coding
PA14_RS26120	protein_coding
PA14_RS26125	protein_coding
PA14_RS26130	protein_coding
PA14_RS26135	protein_coding
PA14_RS26140	protein_coding
PA14_RS26145	protein_coding
PA14_RS26150	protein_coding
PA14_RS26155	protein_coding
PA14_RS26160	protein_coding
PA14_RS26165	protein_coding
PA14_RS26170	protein_coding
PA14_RS26175	protein_coding
PA14_RS26180	protein_coding
PA14_RS31805	pseudogene
PA14_RS26190	protein_coding
PA14_RS26195	protein_coding
PA14_RS26200	protein_coding
PA14_RS26205	protein_coding
PA14_RS26210	protein_coding
PA14_RS26215	protein_coding
PA14_RS26220	protein_coding
PA14_RS26225	protein_coding
PA14_RS26230	protein_coding
PA14_RS26235	protein_coding
PA14_RS26240	protein_coding
PA14_RS26245	protein_coding
PA14_RS26250	protein_coding
PA14_RS26255	protein_coding
PA14_RS26260	protein_coding
PA14_RS26265	protein_coding
PA14_RS26270	protein_coding
PA14_RS26275	protein_coding
PA14_RS26280	protein_coding
PA14_RS26285	protein_coding
PA14_RS26290	protein_coding
PA14_RS26295	protein_coding
PA14_RS26300	protein_coding
PA14_RS26305	protein_coding
PA14_RS26310	protein_coding
PA14_RS26315	protein_coding
PA14_RS26320	protein_coding
PA14_RS26325	protein_coding
PA14_RS26330	protein_coding
PA14_RS26335	protein_coding
PA14_RS31810	protein_coding
PA14_RS31815	pseudogene
PA14_RS26345	protein_coding
PA14_RS26350	protein_coding
PA14_RS26355	protein_coding
PA14_RS26360	protein_coding
PA14_RS26365	protein_coding
PA14_RS26370	protein_coding
PA14_RS26375	protein_coding
PA14_RS26380	protein_coding
PA14_RS26385	protein_coding
PA14_RS26390	protein_coding
PA14_RS26395	protein_coding
PA14_RS26400	protein_coding
PA14_RS26405	protein_coding
PA14_RS26410	protein_coding
PA14_RS26415	protein_coding
PA14_RS26420	protein_coding
PA14_RS26425	protein_coding
PA14_RS26430	protein_coding
PA14_RS26435	protein_coding
PA14_RS26440	protein_coding
PA14_RS26445	protein_coding
PA14_RS26450	protein_coding
PA14_RS26455	protein_coding
PA14_RS26460	protein_coding
PA14_RS26465	protein_coding
PA14_RS26470	protein_coding
PA14_RS26475	protein_coding
PA14_RS26480	protein_coding
PA14_RS26485	protein_coding
PA14_RS26490	protein_coding
PA14_RS26495	protein_coding
PA14_RS26500	protein_coding
PA14_RS26505	protein_coding
PA14_RS26510	protein_coding
PA14_RS26515	protein_coding
PA14_RS26520	protein_coding
PA14_RS26525	protein_coding
PA14_RS26530	protein_coding
PA14_RS26535	protein_coding
PA14_RS26540	protein_coding
PA14_RS26545	protein_coding
PA14_RS26550	protein_coding
PA14_RS26555	protein_coding
PA14_RS26560	protein_coding
PA14_RS26565	protein_coding
PA14_RS26570	protein_coding
PA14_RS26575	protein_coding
PA14_RS26580	protein_coding
PA14_RS26585	protein_coding
PA14_RS26590	protein_coding
PA14_RS26595	protein_coding
PA14_RS26600	protein_coding
PA14_RS26605	protein_coding
PA14_RS26610	protein_coding
PA14_RS26615	protein_coding
PA14_RS26620	protein_coding
PA14_RS26625	protein_coding
PA14_RS26630	protein_coding
PA14_RS26635	protein_coding
PA14_RS26640	protein_coding
PA14_RS26645	protein_coding
PA14_RS26650	protein_coding
PA14_RS26655	protein_coding
PA14_RS26660	tRNA
PA14_RS26665	tRNA
PA14_RS26670	protein_coding
PA14_RS26675	protein_coding
PA14_RS26680	protein_coding
PA14_RS26685	protein_coding
PA14_RS26690	protein_coding
PA14_RS26695	protein_coding
PA14_RS26700	protein_coding
PA14_RS26705	protein_coding
PA14_RS26710	protein_coding
PA14_RS26715	protein_coding
PA14_RS26720	protein_coding
PA14_RS26725	protein_coding
PA14_RS26730	protein_coding
PA14_RS26735	protein_coding
PA14_RS26740	protein_coding
PA14_RS26745	protein_coding
PA14_RS26750	protein_coding
PA14_RS26755	protein_coding
PA14_RS26760	protein_coding
PA14_RS26765	protein_coding
PA14_RS26770	protein_coding
PA14_RS26775	protein_coding
PA14_RS26780	protein_coding
PA14_RS26785	protein_coding
PA14_RS26790	protein_coding
PA14_RS26795	protein_coding
PA14_RS26800	protein_coding
PA14_RS26805	protein_coding
PA14_RS26810	protein_coding
PA14_RS26815	protein_coding
PA14_RS26820	protein_coding
PA14_RS26825	protein_coding
PA14_RS26830	protein_coding
PA14_RS26835	protein_coding
PA14_RS26840	protein_coding
PA14_RS26845	protein_coding
PA14_RS26850	protein_coding
PA14_RS26855	protein_coding
PA14_RS26860	protein_coding
PA14_RS26865	protein_coding
PA14_RS26870	protein_coding
PA14_RS26875	protein_coding
PA14_RS26880	protein_coding
PA14_RS26885	protein_coding
PA14_RS26890	protein_coding
PA14_RS26895	protein_coding
PA14_RS26900	protein_coding
PA14_RS26905	protein_coding
PA14_RS26910	protein_coding
PA14_RS26915	protein_coding
PA14_RS26920	protein_coding
PA14_RS26925	protein_coding
PA14_RS26930	protein_coding
PA14_RS26935	protein_coding
PA14_RS26940	protein_coding
PA14_RS26945	protein_coding
PA14_RS26950	protein_coding
PA14_RS26955	protein_coding
PA14_RS26960	protein_coding
PA14_RS26965	protein_coding
PA14_RS26970	protein_coding
PA14_RS26975	protein_coding
PA14_RS26980	protein_coding
PA14_RS26985	protein_coding
PA14_RS26990	protein_coding
PA14_RS26995	protein_coding
PA14_RS27000	protein_coding
PA14_RS27005	protein_coding
PA14_RS27010	protein_coding
PA14_RS27015	protein_coding
PA14_RS27020	protein_coding
PA14_RS27025	protein_coding
PA14_RS27030	protein_coding
PA14_RS27035	protein_coding
PA14_RS27040	protein_coding
PA14_RS27045	protein_coding
PA14_RS27050	protein_coding
PA14_RS27055	protein_coding
PA14_RS27060	protein_coding
PA14_RS27065	protein_coding
PA14_RS27070	protein_coding
PA14_RS27075	protein_coding
PA14_RS27080	protein_coding
PA14_RS27085	protein_coding
PA14_RS27090	protein_coding
PA14_RS27095	protein_coding
PA14_RS27100	protein_coding
PA14_RS27105	protein_coding
PA14_RS27110	protein_coding
PA14_RS27115	protein_coding
PA14_RS27120	protein_coding
PA14_RS27125	protein_coding
PA14_RS27130	protein_coding
PA14_RS27135	protein_coding
PA14_RS27140	protein_coding
PA14_RS27145	protein_coding
PA14_RS27150	protein_coding
PA14_RS27155	protein_coding
PA14_RS27160	protein_coding
PA14_RS27165	protein_coding
PA14_RS27170	protein_coding
PA14_RS27175	protein_coding
PA14_RS27180	protein_coding
PA14_RS27185	protein_coding
PA14_RS27190	protein_coding
PA14_RS27195	protein_coding
PA14_RS27200	protein_coding
PA14_RS27205	protein_coding
PA14_RS27210	protein_coding
PA14_RS27215	protein_coding
PA14_RS27220	protein_coding
PA14_RS27225	protein_coding
PA14_RS27230	protein_coding
PA14_RS27235	protein_coding
PA14_RS27240	protein_coding
PA14_RS27245	protein_coding
PA14_RS27250	protein_coding
PA14_RS27255	protein_coding
PA14_RS27260	protein_coding
PA14_RS27265	protein_coding
PA14_RS27270	protein_coding
PA14_RS27275	protein_coding
PA14_RS27280	protein_coding
PA14_RS27285	protein_coding
PA14_RS27290	protein_coding
PA14_RS27295	protein_coding
PA14_RS27300	protein_coding
PA14_RS27305	protein_coding
PA14_RS27310	protein_coding
PA14_RS27315	protein_coding
PA14_RS27320	protein_coding
PA14_RS27325	protein_coding
PA14_RS27330	protein_coding
PA14_RS27335	protein_coding
PA14_RS27340	protein_coding
PA14_RS27345	protein_coding
PA14_RS27350	protein_coding
PA14_RS27355	protein_coding
PA14_RS27360	protein_coding
PA14_RS27365	protein_coding
PA14_RS27370	protein_coding
PA14_RS27375	protein_coding
PA14_RS27380	protein_coding
PA14_RS27385	protein_coding
PA14_RS27390	protein_coding
PA14_RS27395	protein_coding
PA14_RS27400	protein_coding
PA14_RS27405	protein_coding
PA14_RS27410	protein_coding
PA14_RS31050	protein_coding
PA14_RS27415	protein_coding
PA14_RS27420	protein_coding
PA14_RS31055	protein_coding
PA14_RS27425	protein_coding
PA14_RS27430	protein_coding
PA14_RS27435	protein_coding
PA14_RS27440	protein_coding
PA14_RS27445	protein_coding
PA14_RS27450	protein_coding
PA14_RS27455	protein_coding
PA14_RS27460	protein_coding
PA14_RS27465	protein_coding
PA14_RS27470	protein_coding
PA14_RS27475	protein_coding
PA14_RS27480	protein_coding
PA14_RS27485	protein_coding
PA14_RS27490	protein_coding
PA14_RS27495	protein_coding
PA14_RS27500	protein_coding
PA14_RS27505	protein_coding
PA14_RS27510	protein_coding
PA14_RS27515	protein_coding
PA14_RS27520	protein_coding
PA14_RS27525	protein_coding
PA14_RS27530	protein_coding
PA14_RS27535	protein_coding
PA14_RS27540	protein_coding
PA14_RS27545	protein_coding
PA14_RS27550	protein_coding
PA14_RS27555	protein_coding
PA14_RS27560	protein_coding
PA14_RS27565	protein_coding
PA14_RS27570	protein_coding
PA14_RS27575	protein_coding
PA14_RS27580	protein_coding
PA14_RS27585	protein_coding
PA14_RS27590	protein_coding
PA14_RS27595	protein_coding
PA14_RS27600	protein_coding
PA14_RS27605	protein_coding
PA14_RS27610	protein_coding
PA14_RS27615	protein_coding
PA14_RS27620	protein_coding
PA14_RS27625	protein_coding
PA14_RS27630	protein_coding
PA14_RS27635	protein_coding
PA14_RS27640	protein_coding
PA14_RS27645	protein_coding
PA14_RS27650	protein_coding
PA14_RS27655	protein_coding
PA14_RS27660	protein_coding
PA14_RS27665	protein_coding
PA14_RS27670	protein_coding
PA14_RS27675	protein_coding
PA14_RS27680	protein_coding
PA14_RS27685	protein_coding
PA14_RS27690	protein_coding
PA14_RS27695	protein_coding
PA14_RS27700	protein_coding
PA14_RS27705	protein_coding
PA14_RS27710	protein_coding
PA14_RS27715	protein_coding
PA14_RS27720	protein_coding
PA14_RS27725	protein_coding
PA14_RS27730	protein_coding
PA14_RS27735	pseudogene
PA14_RS27740	tRNA
PA14_RS27745	protein_coding
PA14_RS27750	protein_coding
PA14_RS27755	protein_coding
PA14_RS27760	protein_coding
PA14_RS27765	protein_coding
PA14_RS27770	protein_coding
PA14_RS27775	protein_coding
PA14_RS27780	protein_coding
PA14_RS27785	protein_coding
PA14_RS27790	protein_coding
PA14_RS27795	protein_coding
PA14_RS27800	tRNA
PA14_RS27805	protein_coding
PA14_RS27810	protein_coding
PA14_RS27815	protein_coding
PA14_RS27820	protein_coding
PA14_RS27825	protein_coding
PA14_RS27830	protein_coding
PA14_RS27835	protein_coding
PA14_RS27840	protein_coding
PA14_RS27845	protein_coding
PA14_RS27850	protein_coding
PA14_RS27855	protein_coding
PA14_RS27860	protein_coding
PA14_RS27865	protein_coding
PA14_RS27870	protein_coding
PA14_RS27875	protein_coding
PA14_RS27880	protein_coding
PA14_RS27885	protein_coding
PA14_RS27890	protein_coding
PA14_RS27895	protein_coding
PA14_RS27900	protein_coding
PA14_RS27905	protein_coding
PA14_RS27910	protein_coding
PA14_RS27915	protein_coding
PA14_RS27920	protein_coding
PA14_RS27925	protein_coding
PA14_RS27930	protein_coding
PA14_RS27935	protein_coding
PA14_RS27940	protein_coding
PA14_RS27945	protein_coding
PA14_RS27950	protein_coding
PA14_RS27955	protein_coding
PA14_RS27960	protein_coding
PA14_RS27965	protein_coding
PA14_RS27970	protein_coding
PA14_RS27975	protein_coding
PA14_RS27980	protein_coding
PA14_RS27985	protein_coding
PA14_RS27990	protein_coding
PA14_RS27995	protein_coding
PA14_RS28000	protein_coding
PA14_RS28005	protein_coding
PA14_RS28010	protein_coding
PA14_RS28015	protein_coding
PA14_RS28020	protein_coding
PA14_RS28025	protein_coding
PA14_RS28030	protein_coding
PA14_RS28035	protein_coding
PA14_RS28040	protein_coding
PA14_RS28045	protein_coding
PA14_RS28050	protein_coding
PA14_RS28055	protein_coding
PA14_RS28060	protein_coding
PA14_RS28065	protein_coding
PA14_RS28070	protein_coding
PA14_RS28075	protein_coding
PA14_RS28080	protein_coding
PA14_RS28085	protein_coding
PA14_RS28090	protein_coding
PA14_RS28095	protein_coding
PA14_RS28100	protein_coding
PA14_RS28105	protein_coding
PA14_RS28110	protein_coding
PA14_RS28115	protein_coding
PA14_RS28120	protein_coding
PA14_RS28125	protein_coding
PA14_RS28130	protein_coding
PA14_RS28135	protein_coding
PA14_RS28140	protein_coding
PA14_RS31070	ncRNA
PA14_RS28145	protein_coding
PA14_RS28150	protein_coding
PA14_RS28155	protein_coding
PA14_RS28160	protein_coding
PA14_RS28165	protein_coding
PA14_RS28170	protein_coding
PA14_RS28175	protein_coding
PA14_RS28180	protein_coding
PA14_RS28185	protein_coding
PA14_RS28190	protein_coding
PA14_RS28195	protein_coding
PA14_RS28200	protein_coding
PA14_RS28205	protein_coding
PA14_RS28210	protein_coding
PA14_RS28215	protein_coding
PA14_RS28220	protein_coding
PA14_RS28225	protein_coding
PA14_RS28230	protein_coding
PA14_RS28235	protein_coding
PA14_RS28240	protein_coding
PA14_RS28245	protein_coding
PA14_RS28250	protein_coding
PA14_RS28255	protein_coding
PA14_RS28260	protein_coding
PA14_RS28265	protein_coding
PA14_RS28270	protein_coding
PA14_RS28275	protein_coding
PA14_RS28280	protein_coding
PA14_RS28285	protein_coding
PA14_RS28290	protein_coding
PA14_RS28295	protein_coding
PA14_RS28300	protein_coding
PA14_RS28305	protein_coding
PA14_RS28310	protein_coding
PA14_RS28315	protein_coding
PA14_RS28320	protein_coding
PA14_RS28325	protein_coding
PA14_RS28330	protein_coding
PA14_RS28335	protein_coding
PA14_RS28340	protein_coding
PA14_RS28345	protein_coding
PA14_RS28350	protein_coding
PA14_RS28355	protein_coding
PA14_RS28360	protein_coding
PA14_RS28365	protein_coding
PA14_RS28370	protein_coding
PA14_RS28375	protein_coding
PA14_RS28380	protein_coding
PA14_RS28385	protein_coding
PA14_RS31075	protein_coding
PA14_RS28390	protein_coding
PA14_RS28395	protein_coding
PA14_RS28400	protein_coding
PA14_RS28405	protein_coding
PA14_RS28410	protein_coding
PA14_RS28415	protein_coding
PA14_RS28420	protein_coding
PA14_RS28425	protein_coding
PA14_RS28430	protein_coding
PA14_RS28435	protein_coding
PA14_RS28440	protein_coding
PA14_RS28445	protein_coding
PA14_RS28450	protein_coding
PA14_RS28455	protein_coding
PA14_RS28460	protein_coding
PA14_RS28465	protein_coding
PA14_RS28470	protein_coding
PA14_RS28475	protein_coding
PA14_RS28480	protein_coding
PA14_RS28485	protein_coding
PA14_RS28490	protein_coding
PA14_RS28495	protein_coding
PA14_RS28500	protein_coding
PA14_RS28505	protein_coding
PA14_RS28510	protein_coding
PA14_RS28515	protein_coding
PA14_RS28520	protein_coding
PA14_RS28525	protein_coding
PA14_RS28530	protein_coding
PA14_RS28535	protein_coding
PA14_RS28540	protein_coding
PA14_RS28545	protein_coding
PA14_RS28550	protein_coding
PA14_RS28555	protein_coding
PA14_RS28560	protein_coding
PA14_RS28565	protein_coding
PA14_RS28570	protein_coding
PA14_RS28575	protein_coding
PA14_RS28580	protein_coding
PA14_RS28585	protein_coding
PA14_RS28590	protein_coding
PA14_RS28595	protein_coding
PA14_RS28600	protein_coding
PA14_RS28605	protein_coding
PA14_RS28610	protein_coding
PA14_RS28615	protein_coding
PA14_RS28620	protein_coding
PA14_RS28625	protein_coding
PA14_RS28630	protein_coding
PA14_RS28635	protein_coding
PA14_RS28640	protein_coding
PA14_RS28645	protein_coding
PA14_RS28650	protein_coding
PA14_RS28655	protein_coding
PA14_RS28660	protein_coding
PA14_RS28665	protein_coding
PA14_RS28670	protein_coding
PA14_RS28675	protein_coding
PA14_RS28680	protein_coding
PA14_RS28685	protein_coding
PA14_RS28690	protein_coding
PA14_RS28695	protein_coding
PA14_RS28700	protein_coding
PA14_RS28705	protein_coding
PA14_RS28710	protein_coding
PA14_RS28715	protein_coding
PA14_RS28720	protein_coding
PA14_RS28725	protein_coding
PA14_RS28730	protein_coding
PA14_RS28735	protein_coding
PA14_RS28740	protein_coding
PA14_RS28745	protein_coding
PA14_RS28750	protein_coding
PA14_RS28755	protein_coding
PA14_RS28760	protein_coding
PA14_RS28765	protein_coding
PA14_RS28770	protein_coding
PA14_RS28775	protein_coding
PA14_RS28780	protein_coding
PA14_RS28785	protein_coding
PA14_RS28790	protein_coding
PA14_RS28795	protein_coding
PA14_RS28800	protein_coding
PA14_RS28805	protein_coding
PA14_RS28810	protein_coding
PA14_RS28815	protein_coding
PA14_RS28820	protein_coding
PA14_RS28825	protein_coding
PA14_RS28830	protein_coding
PA14_RS28835	protein_coding
PA14_RS28840	protein_coding
PA14_RS28845	protein_coding
PA14_RS28850	protein_coding
PA14_RS28855	protein_coding
PA14_RS28860	rRNA
PA14_RS28865	rRNA
PA14_RS28870	tRNA
PA14_RS28875	tRNA
PA14_RS28880	rRNA
PA14_RS28885	protein_coding
PA14_RS28890	protein_coding
PA14_RS28895	protein_coding
PA14_RS28900	protein_coding
PA14_RS28905	protein_coding
PA14_RS28910	protein_coding
PA14_RS28915	protein_coding
PA14_RS28920	protein_coding
PA14_RS28925	protein_coding
PA14_RS28930	protein_coding
PA14_RS28935	protein_coding
PA14_RS28940	protein_coding
PA14_RS28945	protein_coding
PA14_RS28950	protein_coding
PA14_RS28955	protein_coding
PA14_RS28960	protein_coding
PA14_RS28965	protein_coding
PA14_RS28970	protein_coding
PA14_RS28975	protein_coding
PA14_RS28980	protein_coding
PA14_RS28985	protein_coding
PA14_RS28990	protein_coding
PA14_RS28995	protein_coding
PA14_RS29000	protein_coding
PA14_RS29005	protein_coding
PA14_RS29010	protein_coding
PA14_RS29015	protein_coding
PA14_RS29020	protein_coding
PA14_RS29025	protein_coding
PA14_RS29030	protein_coding
PA14_RS29035	protein_coding
PA14_RS29040	protein_coding
PA14_RS29045	protein_coding
PA14_RS29050	protein_coding
PA14_RS29055	protein_coding
PA14_RS29060	protein_coding
PA14_RS29065	protein_coding
PA14_RS29070	protein_coding
PA14_RS29075	protein_coding
PA14_RS29080	protein_coding
PA14_RS29085	protein_coding
PA14_RS29090	protein_coding
PA14_RS29095	protein_coding
PA14_RS29100	protein_coding
PA14_RS29105	protein_coding
PA14_RS29110	protein_coding
PA14_RS29115	protein_coding
PA14_RS29120	protein_coding
PA14_RS29125	protein_coding
PA14_RS29130	protein_coding
PA14_RS29135	protein_coding
PA14_RS29140	protein_coding
PA14_RS29145	protein_coding
PA14_RS29150	protein_coding
PA14_RS29155	protein_coding
PA14_RS29160	protein_coding
PA14_RS29165	protein_coding
PA14_RS29170	protein_coding
PA14_RS29175	protein_coding
PA14_RS29180	protein_coding
PA14_RS29185	protein_coding
PA14_RS29190	protein_coding
PA14_RS29195	protein_coding
PA14_RS29200	protein_coding
PA14_RS29205	protein_coding
PA14_RS29210	protein_coding
PA14_RS29215	protein_coding
PA14_RS29220	protein_coding
PA14_RS29225	protein_coding
PA14_RS29230	protein_coding
PA14_RS29235	protein_coding
PA14_RS29240	protein_coding
PA14_RS29245	protein_coding
PA14_RS29250	protein_coding
PA14_RS29255	protein_coding
PA14_RS29260	protein_coding
PA14_RS29265	protein_coding
PA14_RS29270	protein_coding
PA14_RS29275	protein_coding
PA14_RS29280	protein_coding
PA14_RS29285	protein_coding
PA14_RS29290	protein_coding
PA14_RS29295	protein_coding
PA14_RS29300	protein_coding
PA14_RS29305	protein_coding
PA14_RS29310	protein_coding
PA14_RS29315	protein_coding
PA14_RS31315	protein_coding
PA14_RS29320	protein_coding
PA14_RS29325	protein_coding
PA14_RS29330	protein_coding
PA14_RS29335	protein_coding
PA14_RS29340	protein_coding
PA14_RS29345	protein_coding
PA14_RS29350	protein_coding
PA14_RS29355	protein_coding
PA14_RS29360	protein_coding
PA14_RS29365	protein_coding
PA14_RS29370	protein_coding
PA14_RS29375	protein_coding
PA14_RS29380	protein_coding
PA14_RS29385	protein_coding
PA14_RS29390	protein_coding
PA14_RS29395	protein_coding
PA14_RS29400	protein_coding
PA14_RS29405	protein_coding
PA14_RS29410	protein_coding
PA14_RS29415	protein_coding
PA14_RS29420	protein_coding
PA14_RS29425	protein_coding
PA14_RS29430	protein_coding
PA14_RS29435	protein_coding
PA14_RS29440	protein_coding
PA14_RS29450	protein_coding
PA14_RS29455	protein_coding
PA14_RS29460	protein_coding
PA14_RS29465	protein_coding
PA14_RS29470	protein_coding
PA14_RS29475	protein_coding
PA14_RS29480	protein_coding
PA14_RS29485	protein_coding
PA14_RS29490	protein_coding
PA14_RS29495	protein_coding
PA14_RS29500	protein_coding
PA14_RS29505	protein_coding
PA14_RS29510	protein_coding
PA14_RS29515	protein_coding
PA14_RS29520	protein_coding
PA14_RS29525	protein_coding
PA14_RS29530	protein_coding
PA14_RS29535	protein_coding
PA14_RS29540	protein_coding
PA14_RS29545	protein_coding
PA14_RS29550	protein_coding
PA14_RS29555	protein_coding
PA14_RS29560	protein_coding
PA14_RS29565	protein_coding
PA14_RS29570	protein_coding
PA14_RS29575	protein_coding
PA14_RS29580	protein_coding
PA14_RS29585	protein_coding
PA14_RS29590	protein_coding
PA14_RS29595	protein_coding
PA14_RS29600	protein_coding
PA14_RS29605	protein_coding
PA14_RS29610	protein_coding
PA14_RS29615	protein_coding
PA14_RS29620	protein_coding
PA14_RS29625	protein_coding
PA14_RS29630	protein_coding
PA14_RS29635	protein_coding
PA14_RS29640	protein_coding
PA14_RS29645	pseudogene
PA14_RS29650	protein_coding
PA14_RS29655	protein_coding
PA14_RS29660	protein_coding
PA14_RS29665	protein_coding
PA14_RS29670	protein_coding
PA14_RS29675	protein_coding
PA14_RS29680	protein_coding
PA14_RS29685	protein_coding
PA14_RS29690	protein_coding
PA14_RS29695	protein_coding
PA14_RS29700	protein_coding
PA14_RS29705	protein_coding
PA14_RS29710	protein_coding
PA14_RS29715	protein_coding
PA14_RS29720	protein_coding
PA14_RS29725	protein_coding
PA14_RS29730	protein_coding
PA14_RS29735	protein_coding
PA14_RS29740	protein_coding
PA14_RS29745	protein_coding
PA14_RS29750	protein_coding
PA14_RS29755	protein_coding
PA14_RS29760	protein_coding
PA14_RS29765	protein_coding
PA14_RS29770	protein_coding
PA14_RS29775	protein_coding
PA14_RS29780	protein_coding
PA14_RS29785	protein_coding
PA14_RS29790	protein_coding
PA14_RS29795	protein_coding
PA14_RS29800	protein_coding
PA14_RS29805	protein_coding
PA14_RS29810	protein_coding
PA14_RS29815	protein_coding
PA14_RS29820	protein_coding
PA14_RS29825	protein_coding
PA14_RS29830	protein_coding
PA14_RS29835	protein_coding
PA14_RS29840	protein_coding
PA14_RS29845	protein_coding
PA14_RS29850	protein_coding
PA14_RS29855	protein_coding
PA14_RS29860	protein_coding
PA14_RS29865	protein_coding
PA14_RS29870	protein_coding
PA14_RS31500	protein_coding
PA14_RS29880	protein_coding
PA14_RS29885	protein_coding
PA14_RS29890	protein_coding
PA14_RS29895	protein_coding
