	GSM7985465_water_r1	GSM7985466_water_r2	GSM7985467_water_r3	GSM7985294_cip_0p78uM_r1	GSM7985295_cip_0p78uM_r2	GSM7985296_cip_0p78uM_r3	GSM7985297_cip_1p56uM_r1	GSM7985298_cip_1p56uM_r2	GSM7985299_cip_1p56uM_r3
PA14_RS00005	723.780819438742	783.932207172848	882.252675057584	1833.62159293345	2112.46226847108	1882.65719458924	2098.8401277249	2071.21307277506	2043.04198552777
PA14_RS00010	566.661139774104	510.867955092766	614.929260446719	1057.7059621575	1058.55592763444	1143.33044220763	968.500161750287	1002.66477777481	1112.84591101098
PA14_RS00015	580.827668268457	474.787393256359	519.273597710563	1270.04093017035	1173.24573531372	1107.98011934785	1282.65978171516	1178.69730036155	1365.16630369367
PA14_RS00020	1808.1641823701	1647.40565293959	1853.32846551303	3762.49625562967	3819.63555439983	3524.93219373201	3329.45730572871	3160.34996690827	3123.87710045214
PA14_RS00025	200.907131374455	211.563294404388	140.921288852373	427.646594455799	389.015428749993	475.714344770136	307.812960975681	306.770127080999	269.267284728545
PA14_RS00030	110.756495501302	60.6809449066849	68.3254733829688	184.552822665379	175.134436050794	120.19109772324	152.319815740543	176.032522586747	171.35190846362
PA14_RS00035	57.9539802041698	82.0012769009256	64.0551312965332	201.420553769205	201.482094571709	186.851706544533	211.343744340004	235.739460072311	216.543620585893
PA14_RS00040	305.224295741961	293.564571305314	459.488808500465	538.775175845705	624.594493172299	646.405903721629	463.940772109738	490.008659364279	498.991821350101
PA14_RS00045	153.25608098436	224.683498708536	251.950183099697	389.942254341366	484.331958105071	408.043726724278	408.090173004872	382.947943872924	372.831625008755
PA14_RS00050	51.5146490703731	22.9603575322592	44.4115576989297	74.4164607521691	88.3421491583649	82.8207564143337	88.2185599497313	37.0594784393153	114.862268310778
PA14_RS00055	151.968214757601	175.482732567981	169.959615040135	446.498764513015	442.485676924793	559.545110409035	347.162246708655	302.652407254408	312.576008845724
PA14_RS00060	25.7573245351866	33.6205235293795	22.2057788494648	69.4553633686912	58.1198349726085	69.6906364949881	53.3119355091901	48.3832079624394	82.8514722241678
PA14_RS00065	96.5899670069496	95.1214812050736	103.34227849174	166.692872084859	146.461984130973	157.561439032147	71.0825806789202	145.149623887318	88.5004362394519
PA14_RS00070	50.2267828436138	53.3008299856016	35.0168051087715	90.2919723792986	78.2680444297794	79.7907287406386	43.1572811264872	65.8835172254493	62.1386041681258
PA14_RS00075	124.923023995655	173.842707029962	102.488210074453	230.194918593377	199.157301172805	222.20202940431	175.167788101625	138.973044147432	105.447328285304
PA14_RS00080	365.754008399649	324.725056527665	340.773298497557	563.580662763094	447.910194855569	435.313975787535	343.354251315141	373.683074263095	374.71461301385
PA14_RS00085	163.559010798435	164.002553801851	182.770641299441	254.008186034071	319.271626782863	240.382195446481	269.098341141626	300.593547341113	306.92704483044
PA14_RS00090	118.483692861858	136.942132424546	162.272999284551	299.650281962068	264.251516342127	236.342158548221	351.604908001087	272.798938511626	246.671428667409
PA14_RS00095	482.949835034748	599.429334145766	649.94606555549	1679.82757404563	1645.95372642427	1678.63533122711	1672.9793095503	1626.49933150328	1600.53980433051
PA14_RS00100	421.1322561503	346.045388521906	390.309266700209	685.623658396652	715.261435729568	726.196632462268	660.052534875687	658.835172254493	751.312214032794
PA14_RS00105	18.0301271746306	14.7602298421666	24.7679841013262	29.7665843008677	34.8719009835651	30.3002767369514	31.7332949459465	23.6768890028959	15.0639040407578
PA14_RS00110	73.4083749252817	104.961634433185	79.4283628077012	202.4127732459	211.556199300295	161.601475930407	191.034435574598	192.50340189311	131.809160356631
PA14_RS00115	41.2117192562985	28.7004469153239	52.0981734545137	80.3697776123427	64.3192840363534	63.6305811475979	76.1599078702716	112.207865274593	50.8406761375575
PA14_RS00120	238.255251950476	173.842707029962	179.354367630293	407.802204921887	411.488431606068	373.703413089067	382.703537048115	404.565972962525	416.140349125933
PA14_RS00125	119.771559088618	59.8609321376757	98.2178679880176	166.692872084859	184.433609646411	114.13104237585	154.2238134373	154.414493497147	186.415812504377
PA14_RS00130	189.316335333621	127.101979196435	151.170109859818	182.568383711988	162.735537923304	182.811669646273	149.781152144867	161.62050319368	139.341112377009
PA14_RS00135	65.6811775647257	37.7205873744258	57.2225839582363	55.564290694953	47.2707991110549	62.6205719230328	41.8879493286494	62.7952273555064	52.7236641426522
PA14_RS00140	28.3330569887052	36.0805618364072	30.7464630223359	38.696559591128	26.3476585209158	49.4904520036872	25.3866359567572	25.7357489161911	28.2448200764208
PA14_RS00145	19.3179934013899	7.3801149210833	11.9569578420195	21.8288284873029	13.948760393426	26.2602398386912	39.3492857329737	16.4708793063623	47.074700127368
PA14_RS00150	0	0	0	13.8910726737382	5.42451793077679	2.02001844913009	10.7893202816218	11.3237295231241	13.1809160356631
PA14_RS00155	15.4543947211119	13.9402170731573	14.5191630938809	23.8132674406941	38.7465566484057	23.230212164996	23.4826382600004	42.2066282225535	16.9468920458525
PA14_RS00160	21.8937258549086	37.7205873744258	61.4929260446719	117.081898250079	105.390634083663	79.7907287406386	116.143859502164	90.5898361849928	156.288004422862
PA14_RS00165	38.6359868027798	46.7407278335276	46.1196945335039	71.4398023220824	84.4674934935243	80.8007379652036	85.0452304551366	77.2072467485735	64.0215921732205
PA14_RS00170	11.590796040834	4.92007661405553	5.12441050372266	21.8288284873029	13.948760393426	8.08007379652036	3.80799539351358	10.2942995664765	7.53195202037889
PA14_RS00175	19.3179934013899	14.7602298421666	11.1028894247324	37.7043401144324	25.5727273879477	15.1501383684757	33.0026267437844	22.6474590462482	43.3087241171786
PA14_RS00180	10.3029298140746	26.2404086082962	31.6005314396231	69.4553633686912	53.4702481747998	53.5304889019474	72.351912476758	63.8246573121541	35.7767720967997
PA14_RS00185	68.2569100182444	31.980497991361	34.1627366914844	97.2375087161677	89.8920114243011	89.890820986289	127.567845682705	165.738223020271	167.58593245343
PA14_RS00190	30.9087894422239	44.2806895264998	34.1627366914844	75.4086802288647	61.2195595044809	61.6105626984678	72.9865783756769	73.0895269219829	97.9153762649255
PA14_RS00195	55.3782477506511	47.5607406025368	84.5527733114238	99.2219476695589	123.988981274898	85.8507840880288	126.933179783786	115.296155144536	109.213304295494
PA14_RS00200	1233.77584523544	1468.64286929558	997.551911391344	2317.82469756089	2289.14656678781	2509.87292304414	1488.92619886381	1436.05478952347	1562.88004422862
PA14_RS00205	137.801686263248	127.101979196435	131.526536262215	395.89557120154	289.824243730074	330.27301643277	340.815587719465	338.682455737076	289.980152784587
PA14_RS00210	140.377418716767	185.322885796092	136.650946765938	333.385744169718	343.294491904874	265.632426060607	310.986290470276	309.858416950941	342.703816927239
PA14_RS31165	56.6661139774104	47.5607406025368	28.1842577704746	78.3853386589515	51.1454547758955	108.07098702846	34.9066244405411	44.2654881358488	22.5958560611367
PA14_RS31320	94.014234553431	92.6614428980459	61.4929260446719	175.622847375119	169.709918120017	147.461346786497	92.0265553432448	86.4721163584023	109.213304295494
PA14_RS31325	43.7874517098172	51.6608044475831	59.7847892100977	61.5176075551265	85.2424246264924	96.9608855582444	69.8132488810823	45.2949180924964	60.2556161630311
PA14_RS00220	83.7113047393563	125.461953658416	115.29923633376	182.568383711988	203.806887970614	148.471356011062	132.645172874056	120.443304927775	154.405016417767
PA14_RS00225	30.9087894422239	29.5204596843332	30.7464630223359	107.159703483124	103.065840684759	92.9208486599842	60.9279262962173	62.7952273555064	94.1494002547361
PA14_RS00230	52.8025152971325	58.2209065996571	67.4714049656816	174.630627898424	208.456474768422	183.821678870838	225.30639411622	247.063189595435	224.075572606272
PA14_RS00235	200.907131374455	244.363805164758	243.409498926826	697.530292116999	651.717082826183	552.47504583708	560.409988745415	538.391867326719	559.247437513132
PA14_RS00240	45.0753179365765	22.9603575322592	33.3086682741973	67.4709244153	83.6925623605562	62.6205719230328	52.6772696102712	56.6186476156205	50.8406761375575
PA14_RS00245	124.923023995655	151.702362266712	137.505015183225	392.918912771453	369.64215042579	365.623339292546	323.679608448654	258.386919118559	225.958560611367
PA14_RS00250	14.1665284943526	17.2202681491944	11.1028894247324	20.8366090106074	19.3732783242028	20.2001844913009	19.0399769675679	19.5591691763053	16.9468920458525
PA14_RS00255	68.2569100182444	51.6608044475831	67.4714049656816	49.6109738347794	23.2479339890434	20.2001844913009	23.4826382600004	22.6474590462482	28.2448200764208
PA14_RS00260	131.362355129451	86.1013407459718	129.818399427641	254.008186034071	198.382370039837	214.12195560779	218.959735127031	214.12143098271	207.128680560419
PA14_RS31505	204.770730054733	127.921991965444	170.813683457422	321.479110449371	271.22589653884	301.992758144949	239.269043892437	263.534068901797	252.320392682693
PA14_RS00265	63.1054451112071	90.2014045910181	105.050415326314	105.175264529732	90.6669425572692	99.9909132319395	84.4105645562177	94.7075560115834	128.043184346441
PA14_RS00270	15.4543947211119	22.9603575322592	23.059847266752	41.6732180212147	39.5214877813738	36.3603320843416	27.290633653514	17.50030926301	0
PA14_RS00275	72.1205086985224	72.9811364418238	62.346994461959	129.980751447122	103.840771817727	89.890820986289	82.5065668594609	86.4721163584023	112.979280305683
PA14_RS00280	84.9991709661157	80.361251362907	87.9690469805723	155.778457841207	199.157301172805	151.501383684757	136.45316826757	197.650551676348	107.330316290399
PA14_RS00285	10.3029298140746	9.02014045910181	15.373231511168	22.8210479639985	28.6724519198202	30.3002767369514	22.8479723610815	13.3825894364194	7.53195202037889
PA14_RS00290	2.57573245351866	2.46003830702777	5.12441050372266	9.92219476695589	24.0228651220115	17.1701568176058	22.8479723610815	7.20600969653352	7.53195202037889
PA14_RS00295	12.8786622675933	7.3801149210833	0	8.9299752902603	4.64958679780868	6.06005534739027	8.88532258486502	3.08828986994294	24.4788440662314
PA14_RS00300	25.7573245351866	8.20012769009256	30.7464630223359	27.7821453474765	24.7977962549796	20.2001844913009	19.0399769675679	18.5297392196576	22.5958560611367
PA14_RS00305	82.423438512597	41.820651219472	57.2225839582363	116.089678773384	120.114325610058	93.9308578845492	94.5652189389206	83.3838264884593	99.7983642700202
PA14_RS00310	56.6661139774104	76.2611875178608	58.9307207928106	148.832921504338	135.61294826942	110.09100547759	112.335864108651	123.531594797718	101.681352275115
PA14_RS00315	25.7573245351866	20.5003192252314	23.9139156840391	44.6498764513015	48.045730244023	45.450415105427	31.0986290470276	26.7651788728388	45.1917121222733
PA14_RS00320	123.635157768895	96.7615067430922	92.2393890670078	221.264943303116	160.410744524399	186.851706544533	175.802454000544	124.561024754365	86.6174482343572
PA14_RS00325	42.4995854830578	73.801149210833	63.2010628792461	168.67731103825	134.063086003484	120.19109772324	147.242488549192	176.032522586747	101.681352275115
PA14_RS00330	20.6058596281493	23.7803703012684	5.97847892100977	56.5565101716486	32.5471075846608	38.3803505334717	39.3492857329737	54.5597877023252	45.1917121222733
PA14_RS00335	33.4845218957425	40.1806256814535	38.4330787779199	101.20638662295	91.4418736902373	72.7206641686833	96.4692166356774	82.3543965318117	77.2025082088836
PA14_RS00340	191.89206778714	211.563294404388	235.722883171242	434.592130792668	564.924795933754	472.684317096441	602.932603972983	753.542728266077	728.716357971657
PA14_RS00345	52.8025152971325	17.2202681491944	39.287147195207	62.5098270318221	52.6953170418317	37.3703413089067	31.7332949459465	37.0594784393153	22.5958560611367
PA14_RS00350	72.1205086985224	44.2806895264998	39.287147195207	946.577380767592	877.996973652872	714.076521767487	887.897592587583	820.455675448174	636.449945722016
PA14_RS00355	332.269486503907	282.904405308193	278.426304035598	704.475828453868	610.645732778873	534.294879794909	647.359216897309	637.217143164893	525.353653421427
PA14_RS00360	249.84604799131	243.543792395749	180.20843604758	667.763707816131	481.232233573198	532.274861345779	439.1888020519	418.977992355592	419.906325136123
PA14_RS00365	12.8786622675933	19.6803064562221	17.0813683457422	43.6576569746059	39.5214877813738	27.2702490632562	39.9839516318926	36.0300484826676	18.8298800509472
PA14_RS00370	16.7422609478713	33.6205235293795	17.0813683457422	41.6732180212147	48.045730244023	31.3102859615164	29.1946313502708	19.5591691763053	20.7128680560419
PA14_RS00375	64.3933113379664	72.9811364418238	69.1795418002559	151.809579934425	175.909367183762	145.441328337367	152.319815740543	136.914184234137	180.766848489093
PA14_RS00380	29.6209232154645	29.5204596843332	15.373231511168	69.4553633686912	58.1198349726085	45.450415105427	53.3119355091901	48.3832079624394	109.213304295494
PA14_RS00385	33.4845218957425	26.2404086082962	32.4545998569102	81.3619970890383	51.1454547758955	37.3703413089067	59.6585944983794	62.7952273555064	69.6705561885047
PA14_RS00390	68.2569100182444	95.1214812050736	116.153304751047	232.179357546768	246.42810028386	200.991835688444	274.810334231897	284.12266803475	280.565212759114
PA14_RS00395	32.1966556689832	31.1604852223517	35.8708735260586	83.3464360424294	92.9917359561736	80.8007379652036	112.335864108651	113.237295231241	69.6705561885047
PA14_RS00400	57.9539802041698	46.7407278335276	57.2225839582363	142.879604644165	181.333885114538	111.101014702155	199.919758159463	190.444541979814	160.053980433051
PA14_RS00405	39.9238530295392	8.20012769009256	11.1028894247324	78.3853386589515	61.994490637449	48.4804427791222	62.8319239929741	74.1189568786305	50.8406761375575
PA14_RS31730	258.861111578625	260.764060544943	251.09611468241	709.436925837346	650.942151693215	592.875414819682	635.300564817849	603.245954595521	717.418429941089
PA14_RS00415	450.753179365765	359.985605595063	380.060445692764	912.841918559942	947.740775620002	759.526936872914	870.761613316772	808.102515968402	664.694765798437
PA14_RS00420	74.696241152041	43.4606767574905	31.6005314396231	180.583944758597	127.863636939739	131.301199193456	164.378467820003	117.355015057832	184.532824499283
PA14_RS00425	154.543947211119	121.36188981337	141.77535726966	422.685497072321	416.912949536845	381.783486885587	567.391313633523	492.067519277575	427.438277156502
PA14_RS00430	131.362355129451	120.541877044361	119.569578420195	440.545447652841	498.280718498497	382.793496110152	658.14853717893	563.098186286262	730.599345976752
PA14_RS00435	27.0451907619459	35.260549067398	30.7464630223359	131.965190400513	135.61294826942	113.121033151285	191.034435574598	138.973044147432	186.415812504377
PA14_RS00440	11.590796040834	9.02014045910181	2.56220525186133	31.7510232542588	36.4217632495013	27.2702490632562	36.8106221372979	29.8534687427817	37.6597601018944
PA14_RS00445	21.8937258549086	74.6211619798423	45.2656261162168	119.066337203471	116.239669945217	119.181088498675	184.05311068649	216.180290896006	146.873064397388
PA14_RS00450	18.0301271746306	25.4203958392869	23.9139156840391	44.6498764513015	50.3705236429274	39.3903597580368	62.1972580940551	56.6186476156205	64.0215921732205
PA14_RS00455	103.029298140746	73.801149210833	95.6556627361563	198.443895339118	250.302755948701	164.631503604102	258.943686758923	242.945469768844	220.309596596082
PA14_RS00460	64.3933113379664	95.9414939740829	100.780073239879	197.451675862422	194.507714374996	174.731595849753	154.2238134373	114.266725187889	148.756052402483
PA14_RS00465	29.6209232154645	18.8602936872129	17.0813683457422	41.6732180212147	41.07135004731	49.4904520036872	43.1572811264872	45.2949180924964	60.2556161630311
PA14_RS00470	6.43933113379664	0.820012769009256	2.56220525186133	3.96887790678235	10.0741047285855	5.05004612282523	8.25065668594609	10.2942995664765	7.53195202037889
PA14_RS00475	63.1054451112071	60.6809449066849	46.973762950791	236.14823545355	218.530579497008	205.031872586704	203.093087654058	233.680600159016	161.936968438146
PA14_RS00480	70.832642471763	54.9408555236201	35.8708735260586	174.630627898424	119.339394477089	165.641512828667	121.221186693516	172.944232716805	111.096292300589
PA14_RS00485	136.513820036489	112.341749354268	97.3637995707305	345.292377890065	311.522315453181	279.772555204518	397.935518622169	350.0061852602	323.873936876292
PA14_RS00490	6.43933113379664	5.74008938306479	5.97847892100977	15.8755116271294	24.0228651220115	24.2402213895611	19.6746428664868	28.8240387861341	0
PA14_RS00495	2.57573245351866	11.4801787661296	17.0813683457422	17.8599505805206	32.5471075846608	34.3403136352115	37.4452880362169	26.7651788728388	20.7128680560419
PA14_RS00500	11.590796040834	8.20012769009256	10.2488210074453	30.7588037775632	38.7465566484057	28.2802582878213	34.9066244405411	44.2654881358488	0
PA14_RS00505	30.9087894422239	7.3801149210833	23.9139156840391	70.4475828453868	53.4702481747998	64.6405903721629	50.1386060145955	37.0594784393153	35.7767720967997
PA14_RS00510	19.3179934013899	18.0402809182036	24.7679841013262	30.7588037775632	44.1710745791824	52.5204796773824	55.2159332059469	38.0889083959629	80.968484219073
PA14_RS00515	42.4995854830578	36.9005746054165	35.0168051087715	73.4242412754736	86.0173557594606	64.6405903721629	90.757223545407	78.2366767052211	120.511232326062
PA14_RS00520	307.800028195479	238.623715781693	248.533909430549	330.409085739631	364.217632495013	430.263929664709	316.063617661627	278.975518251512	323.873936876292
PA14_RS00525	57.9539802041698	38.540600143435	36.7249419433457	65.4864854619089	51.1454547758955	76.7607010669434	48.2346083178387	46.3243480491441	58.3726281579364
PA14_RS00530	50.2267828436138	46.7407278335276	70.033610217543	108.151922959819	72.8435264990026	102.01093168107	76.1599078702716	97.7958458815264	96.0323882598308
PA14_RS00535	52.8025152971325	58.2209065996571	59.7847892100977	148.832921504338	216.980717231072	144.431319112801	207.53574894649	196.6211217197	163.819956443241
PA14_RS00540	5.15146490703731	22.1403447632499	8.54068417287109	27.7821453474765	18.5983471912347	34.3403136352115	30.4639631481086	16.4708793063623	47.074700127368
PA14_RS00545	0	0	8.54068417287109	3.96887790678235	3.87465566484057	0	0	2.05885991329529	0
PA14_RS00550	5.15146490703731	3.28005107603702	3.41627366914844	4.96109738347794	17.8234160582666	7.07006457195532	6.3466589891893	9.26486960982881	11.2979280305683
PA14_RS00555	5.15146490703731	7.3801149210833	9.3947525901582	27.7821453474765	20.1482094571709	22.220202940431	12.6933179783786	14.412019393067	26.3618320713261
PA14_RS00560	15.4543947211119	26.2404086082962	13.6650946765938	16.867731103825	13.948760393426	4.04003689826018	15.8666474729732	13.3825894364194	9.41494002547361
PA14_RS00565	0	2.46003830702777	0	0.992219476695589	2.32479339890434	2.02001844913009	1.26933179783786	0	0
PA14_RS00570	0	0.820012769009256	0.854068417287109	3.96887790678235	1.54986226593623	0	2.53866359567572	3.08828986994294	0
PA14_RS00575	0	2.46003830702777	1.70813683457422	3.96887790678235	3.87465566484057	3.03002767369514	6.3466589891893	1.02942995664765	0
PA14_RS00580	215.073659868808	133.662081348509	138.359083600512	259.961502894244	238.678788954179	306.032795043209	285.599654513518	264.563498858445	320.107960866103
PA14_RS00585	42.4995854830578	36.9005746054165	48.6818997853652	96.2452892394721	89.117080291333	82.8207564143337	71.0825806789202	77.2072467485735	103.56434028021
PA14_RS00590	33.4845218957425	41.0006384504628	67.4714049656816	92.2764113326897	92.2168048232055	119.181088498675	111.066532310813	101.913565708117	96.0323882598308
PA14_RS00595	45.0753179365765	40.1806256814535	49.5359682026523	89.299752902603	65.8691463022896	75.7506918423784	53.3119355091901	68.9718070953923	47.074700127368
PA14_RS00600	7.72719736055597	13.1202043041481	10.2488210074453	26.7899258707809	24.0228651220115	11.1101014702155	12.0586520794597	11.3237295231241	9.41494002547361
PA14_RS00605	52.8025152971325	42.6406639884813	51.2441050372266	133.949629353904	81.3677689616519	95.9508763336793	122.490518491353	82.3543965318117	99.7983642700202
PA14_RS00610	15.4543947211119	16.4002553801851	17.9354367630293	36.7121206377368	16.2735537923304	30.3002767369514	30.4639631481086	26.7651788728388	50.8406761375575
PA14_RS00615	14.1665284943526	9.84015322811107	13.6650946765938	15.8755116271294	10.8490358615536	13.1301199193456	13.9626497762165	17.50030926301	0
PA14_RS00620	1090.82269406515	695.370828119849	739.623249370637	1136.09130081645	1039.95758044321	1079.69986106003	792.063041850825	813.24966575164	900.068266435277
PA14_RS00625	50.2267828436138	49.2007661405553	40.1412156124941	60.5253880784309	86.7922868924287	68.6806272704231	78.0639055670284	89.5604062283452	52.7236641426522
PA14_RS00630	19.3179934013899	20.5003192252314	16.2272999284551	32.7432427309544	19.3732783242028	41.4103782071669	18.405311068649	17.50030926301	7.53195202037889
PA14_RS00635	7.72719736055597	2.46003830702777	2.56220525186133	5.95331686017353	12.3988981274898	12.1201106947805	6.98132488810823	11.3237295231241	0
PA14_RS00640	260.148977805384	317.344941606582	250.242046265123	770.954533392472	750.908267846102	764.576982995739	929.785541916232	755.601588179372	886.887350399614
PA14_RS00645	14.1665284943526	12.3001915351388	17.0813683457422	29.7665843008677	25.5727273879477	23.230212164996	22.2133064621625	15.4414493497147	32.0107960866103
PA14_RS00650	207.346462508252	150.062336728694	105.904483743602	466.343154046927	391.340222148897	437.333994236665	310.986290470276	266.62235877174	297.512104804966
PA14_RS00655	55.3782477506511	50.8407916785738	49.5359682026523	48.6187543580838	59.6696972385447	70.7006457195532	57.7545968016226	33.9711885693723	28.2448200764208
PA14_RS00660	182.877004199825	80.361251362907	89.6771838151465	211.34274853616	170.484849252985	215.131964832355	159.301140628651	170.885372803509	169.468920458525
PA14_RS00665	3.86359868027798	10.6601659971203	5.12441050372266	15.8755116271294	14.7236915263941	2.02001844913009	1.26933179783786	5.14714978323823	13.1809160356631
PA14_RS00670	42.4995854830578	48.3807533715461	44.4115576989297	80.3697776123427	123.21405014193	74.7406826178133	79.9679032637852	115.296155144536	82.8514722241678
PA14_RS00675	19.3179934013899	18.8602936872129	52.9522418718008	61.5176075551265	60.4446283715128	33.3303044106465	55.8505991048658	77.2072467485735	60.2556161630311
PA14_RS00680	39.9238530295392	44.2806895264998	46.1196945335039	74.4164607521691	68.193939701194	59.5905442493377	53.3119355091901	64.8540872688017	62.1386041681258
PA14_RS00690	15.4543947211119	11.4801787661296	3.41627366914844	24.8054869173897	27.122589653884	16.1601475930407	24.1173041589193	29.8534687427817	37.6597601018944
PA14_RS00695	1.28786622675933	9.84015322811107	1.70813683457422	3.96887790678235	6.97438019671302	5.05004612282523	13.3279838772975	13.3825894364194	0
PA14_RS00700	7.72719736055597	14.7602298421666	11.9569578420195	21.8288284873029	14.7236915263941	15.1501383684757	16.5013133718922	19.5591691763053	5.64896401528417
PA14_RS00705	1029.0051151807	796.232398707987	906.166590741623	1746.30627898424	2065.96640049299	1962.44792332988	1910.9790216449	1858.121071749	2154.13827782836
PA14_RS00710	145.528883623804	173.022694260953	164.835204536412	301.634720915459	386.690635351088	295.932702797558	299.562304289735	301.62297729776	372.831625008755
PA14_RS00715	663.251106781054	502.667827402674	578.204318503373	1205.54666418514	1130.62452300048	1251.40142923609	1400.07297301516	1578.11612354084	1325.62355558668
PA14_RS00720	128.786622675933	123.001915351388	88.8231153978594	297.665843008677	215.430854965135	224.22204785344	214.517073834598	143.090763974023	173.234896468714
PA14_RS00725	142.953151170285	151.702362266712	150.316041442531	245.07821074381	215.430854965135	246.442250793871	199.919758159463	263.534068901797	188.298800509472
PA14_RS00730	50.2267828436138	28.7004469153239	45.2656261162168	40.6809985445191	49.5955925099592	33.3303044106465	32.3679608448654	30.8828986994294	11.2979280305683
PA14_RS00735	51.5146490703731	51.6608044475831	49.5359682026523	97.2375087161677	76.7181821638432	96.9608855582444	82.5065668594609	70.0012370520399	109.213304295494
PA14_RS00740	24.4694583084272	13.1202043041481	17.0813683457422	24.8054869173897	35.6468321165332	28.2802582878213	31.0986290470276	46.3243480491441	41.4257361120839
PA14_RS00745	1.28786622675933	4.92007661405553	7.68661575558399	5.95331686017353	14.7236915263941	15.1501383684757	17.1359792708111	6.17657973988588	7.53195202037889
PA14_RS00750	14.1665284943526	4.10006384504628	5.12441050372266	15.8755116271294	10.0741047285855	14.1401291439106	14.5973156751354	8.23543965318117	15.0639040407578
PA14_RS00755	65.6811775647257	50.0207789095646	60.6388576273848	157.762896794599	173.584573784857	145.441328337367	166.917131415679	124.561024754365	193.947764524756
PA14_RS00760	25.7573245351866	22.1403447632499	29.0383261877617	79.3775581356471	52.6953170418317	52.5204796773824	63.466589891893	55.5892176589729	39.5427481069892
PA14_RS00765	12.8786622675933	19.6803064562221	24.7679841013262	47.6265348813883	41.07135004731	39.3903597580368	27.9252995524329	19.5591691763053	9.41494002547361
PA14_RS00770	16.7422609478713	8.20012769009256	5.97847892100977	14.8832921504338	19.3732783242028	25.2502306141261	19.0399769675679	11.3237295231241	5.64896401528417
PA14_RS00775	15.4543947211119	23.7803703012684	32.4545998569102	52.5876322648662	45.7209368451187	41.4103782071669	55.8505991048658	36.0300484826676	43.3087241171786
PA14_RS00780	1.28786622675933	5.74008938306479	8.54068417287109	4.96109738347794	5.42451793077679	2.02001844913009	2.53866359567572	6.17657973988588	0
PA14_RS00785	3.86359868027798	5.74008938306479	2.56220525186133	7.93775581356471	3.09972453187245	3.03002767369514	6.98132488810823	8.23543965318117	11.2979280305683
PA14_RS00790	23.1815920816679	17.2202681491944	17.0813683457422	23.8132674406941	36.4217632495013	15.1501383684757	6.3466589891893	15.4414493497147	18.8298800509472
PA14_RS00795	57.9539802041698	44.2806895264998	53.8063102890879	83.3464360424294	88.3421491583649	92.9208486599842	77.4292396681094	49.412637919087	58.3726281579364
PA14_RS00800	11.590796040834	18.8602936872129	42.7034208643555	27.7821453474765	22.4730028560753	15.1501383684757	21.5786405632436	33.9711885693723	15.0639040407578
PA14_RS00805	253.709646671588	166.462592108879	245.1176357614	271.868136614591	254.952342746509	327.242988759075	188.495771978922	243.974899725492	267.38429672345
PA14_RS00810	70.832642471763	98.4015322811107	95.6556627361563	111.128581389906	117.789532211153	126.251153070631	81.237235061623	95.7369859682311	69.6705561885047
PA14_RS00815	73.4083749252817	41.0006384504628	64.9091997138203	120.058556680166	80.5928378286838	97.9708947828094	110.431866411894	119.413874971127	135.57513636682
PA14_RS00825	159.695412118157	171.382668722934	221.203720077361	132.957409877209	156.536088859559	130.291189968891	148.51182034703	132.796464407546	118.628244320967
PA14_RS00830	51.5146490703731	43.4606767574905	42.7034208643555	44.6498764513015	48.8206613769911	60.6005534739027	55.8505991048658	54.5597877023252	77.2025082088836
PA14_RS00835	81.1355722858377	95.9414939740829	90.5312522324336	78.3853386589515	141.812397333165	93.9308578845492	81.237235061623	98.825275838174	84.7344602292625
PA14_RS31175	3.86359868027798	2.46003830702777	5.97847892100977	14.8832921504338	16.2735537923304	5.05004612282523	12.0586520794597	10.2942995664765	15.0639040407578
PA14_RS00845	200.907131374455	243.543792395749	265.615277776291	260.95372237094	241.778513486051	271.692481407997	173.898456303787	175.0030926301	114.862268310778
PA14_RS00850	27.0451907619459	34.4405362983887	17.0813683457422	28.7743648241721	27.122589653884	15.1501383684757	15.2319815740543	9.26486960982881	9.41494002547361
PA14_RS00855	121.059425315377	106.601659971203	119.569578420195	248.054869173897	192.182920976092	200.991835688444	163.109136022165	160.591073237033	158.170992427957
PA14_RS00860	21.8937258549086	36.9005746054165	30.7464630223359	74.4164607521691	55.7950415737041	51.5104704528173	52.0426037113523	43.2360581792011	39.5427481069892
PA14_RS00865	6.43933113379664	8.20012769009256	18.7895051803164	10.9144142436515	19.3732783242028	14.1401291439106	8.88532258486502	3.08828986994294	15.0639040407578
PA14_RS00870	2.57573245351866	3.28005107603702	8.54068417287109	0	13.948760393426	7.07006457195532	6.3466589891893	0	1.88298800509472
PA14_RS00875	16.7422609478713	5.74008938306479	4.27034208643555	3.96887790678235	6.1994490637449	10.1000922456505	0.63466589891893	6.17657973988588	0
PA14_RS00880	73.4083749252817	123.821928120398	88.8231153978594	165.700652608163	117.014601078185	98.9809040073744	81.237235061623	89.5604062283452	45.1917121222733
PA14_RS00885	14.1665284943526	12.3001915351388	17.0813683457422	22.8210479639985	30.9972453187245	17.1701568176058	28.5599654513518	11.3237295231241	7.53195202037889
PA14_RS00890	5.15146490703731	9.84015322811107	6.83254733829688	2.97665843008677	8.52424246264924	15.1501383684757	12.6933179783786	8.23543965318117	28.2448200764208
PA14_RS00895	52.8025152971325	47.5607406025368	57.2225839582363	39.6887790678235	42.6212123132462	90.9008302108541	55.8505991048658	71.0306670086876	43.3087241171786
PA14_RS00900	220.225124775845	141.042196269592	249.387977847836	152.801799411121	191.407989843124	238.362176997351	184.05311068649	202.797701459586	169.468920458525
PA14_RS00905	16.7422609478713	5.74008938306479	11.1028894247324	6.94553633686912	16.2735537923304	17.1701568176058	8.25065668594609	3.08828986994294	24.4788440662314
PA14_RS00910	87.5749034196343	68.0610598277682	83.6987048941367	86.3230944725162	104.615702950695	75.7506918423784	96.4692166356774	81.324966575164	71.5535441935994
PA14_RS00915	42.4995854830578	42.6406639884813	63.2010628792461	36.7121206377368	51.9203859088636	52.5204796773824	45.695944722163	89.5604062283452	71.5535441935994
PA14_RS00920	90.150635873153	45.9207150645183	68.3254733829688	78.3853386589515	81.3677689616519	71.7106549441182	45.695944722163	70.0012370520399	41.4257361120839
PA14_RS00925	34.7723881225019	27.0604213773054	24.7679841013262	35.7199011610412	40.2964189143419	29.2902675123863	45.695944722163	33.9711885693723	32.0107960866103
PA14_RS00930	7.72719736055597	5.74008938306479	15.373231511168	27.7821453474765	14.7236915263941	35.3503228597766	16.5013133718922	21.6180290896006	26.3618320713261
PA14_RS00935	5.15146490703731	16.4002553801851	12.8110262593066	7.93775581356471	8.52424246264924	10.1000922456505	8.25065668594609	7.20600969653352	3.76597601018944
PA14_RS00940	2.57573245351866	3.28005107603702	8.54068417287109	7.93775581356471	6.1994490637449	3.03002767369514	0.63466589891893	1.02942995664765	20.7128680560419
PA14_RS00945	15.4543947211119	13.1202043041481	5.97847892100977	5.95331686017353	18.5983471912347	18.1801660421708	7.61599078702716	6.17657973988588	22.5958560611367
PA14_RS00950	21.8937258549086	18.0402809182036	15.373231511168	16.867731103825	13.1738292604579	21.210193715866	28.5599654513518	14.412019393067	13.1809160356631
PA14_RS00955	5.15146490703731	3.28005107603702	1.70813683457422	2.97665843008677	6.1994490637449	4.04003689826018	7.61599078702716	10.2942995664765	0
PA14_RS00960	3.86359868027798	13.1202043041481	11.1028894247324	22.8210479639985	27.122589653884	11.1101014702155	7.61599078702716	21.6180290896006	47.074700127368
PA14_RS00965	19.3179934013899	18.8602936872129	23.9139156840391	21.8288284873029	23.2479339890434	27.2702490632562	20.9439746643247	25.7357489161911	11.2979280305683
PA14_RS00970	18.0301271746306	8.20012769009256	5.12441050372266	10.9144142436515	7.74931132968113	12.1201106947805	7.61599078702716	6.17657973988588	5.64896401528417
PA14_RS00975	0	0	0	7.93775581356471	14.7236915263941	3.03002767369514	10.7893202816218	15.4414493497147	0
PA14_RS00980	3.86359868027798	3.28005107603702	4.27034208643555	7.93775581356471	6.97438019671302	11.1101014702155	5.71199309027037	4.11771982659058	0
PA14_RS00985	20.6058596281493	34.4405362983887	50.3900366199395	28.7743648241721	56.5699727066723	20.2001844913009	27.290633653514	29.8534687427817	69.6705561885047
PA14_RS00990	6.43933113379664	6.56010215207404	10.2488210074453	0.992219476695589	24.7977962549796	4.04003689826018	8.25065668594609	8.23543965318117	15.0639040407578
PA14_RS00995	82.423438512597	63.9609959827219	70.8876786348301	41.6732180212147	44.9460057121506	52.5204796773824	52.0426037113523	49.412637919087	60.2556161630311
PA14_RS01000	3.86359868027798	0.820012769009256	2.56220525186133	2.97665843008677	0	3.03002767369514	3.17332949459465	0	0
PA14_RS01005	7.72719736055597	4.10006384504628	2.56220525186133	5.95331686017353	8.52424246264924	7.07006457195532	3.17332949459465	1.02942995664765	0
PA14_RS01010	0	2.46003830702777	1.70813683457422	3.96887790678235	4.64958679780868	10.1000922456505	7.61599078702716	4.11771982659058	0
PA14_RS01015	15.4543947211119	11.4801787661296	7.68661575558399	20.8366090106074	22.4730028560753	24.2402213895611	8.25065668594609	15.4414493497147	32.0107960866103
PA14_RS01020	38.6359868027798	36.9005746054165	35.8708735260586	55.564290694953	57.3449038396404	59.5905442493377	57.1199309027037	48.3832079624394	39.5427481069892
PA14_RS01025	41.2117192562985	9.02014045910181	20.4976420148906	26.7899258707809	28.6724519198202	29.2902675123863	9.51998848378395	15.4414493497147	26.3618320713261
PA14_RS01030	1.28786622675933	0.820012769009256	0.854068417287109	3.96887790678235	3.09972453187245	3.03002767369514	4.44266129243251	2.05885991329529	3.76597601018944
PA14_RS01035	0	0	0	0	0	0	1.90399769675679	0	0
PA14_RS01040	0	2.46003830702777	0	1.98443895339118	0	0	0.63466589891893	3.08828986994294	0
PA14_RS01045	1.28786622675933	0	0	2.97665843008677	5.42451793077679	5.05004612282523	1.26933179783786	0	5.64896401528417
PA14_RS01050	0	3.28005107603702	2.56220525186133	4.96109738347794	3.09972453187245	6.06005534739027	7.61599078702716	7.20600969653352	3.76597601018944
PA14_RS01055	1.28786622675933	0	0	1.98443895339118	7.74931132968113	9.09008302108541	1.26933179783786	1.02942995664765	0
PA14_RS01060	2.57573245351866	1.64002553801851	9.3947525901582	23.8132674406941	18.5983471912347	17.1701568176058	10.1546543827029	12.3531594797718	7.53195202037889
PA14_RS01065	6.43933113379664	4.10006384504628	17.0813683457422	18.8521700572162	17.8234160582666	23.230212164996	23.4826382600004	15.4414493497147	9.41494002547361
PA14_RS01070	21.8937258549086	38.540600143435	29.8923946050488	49.6109738347794	63.5443529033853	33.3303044106465	58.3892627005416	52.5009277890299	33.893784091705
PA14_RS01075	5.15146490703731	22.1403447632499	24.7679841013262	27.7821453474765	37.9716255154375	31.3102859615164	24.1173041589193	44.2654881358488	33.893784091705
PA14_RS01080	14.1665284943526	3.28005107603702	5.12441050372266	7.93775581356471	13.948760393426	13.1301199193456	13.3279838772975	8.23543965318117	18.8298800509472
PA14_RS01085	3.86359868027798	8.20012769009256	13.6650946765938	0	10.8490358615536	11.1101014702155	2.53866359567572	11.3237295231241	3.76597601018944
PA14_RS01090	1.28786622675933	1.64002553801851	2.56220525186133	0	5.42451793077679	1.01000922456505	3.80799539351358	2.05885991329529	0
PA14_RS01095	5.15146490703731	0	1.70813683457422	0.992219476695589	3.87465566484057	0	5.07732719135144	0	0
PA14_RS01100	46.3631841633358	83.6413024389441	64.9091997138203	124.027434586949	112.365014280376	108.07098702846	96.4692166356774	63.8246573121541	54.6066521477469
PA14_RS01105	6.43933113379664	7.3801149210833	9.3947525901582	10.9144142436515	14.7236915263941	9.09008302108541	18.405311068649	12.3531594797718	7.53195202037889
PA14_RS01110	127.498756449173	48.3807533715461	77.720225973127	118.074117726775	164.28540018924	119.181088498675	103.450541523786	84.413256445107	82.8514722241678
PA14_RS01115	16.7422609478713	19.6803064562221	17.9354367630293	15.8755116271294	19.3732783242028	16.1601475930407	19.0399769675679	17.50030926301	7.53195202037889
PA14_RS01120	7.72719736055597	2.46003830702777	5.97847892100977	6.94553633686912	6.1994490637449	2.02001844913009	3.17332949459465	8.23543965318117	0
PA14_RS01125	7.72719736055597	4.10006384504628	4.27034208643555	5.95331686017353	9.29917359561736	7.07006457195532	9.51998848378395	7.20600969653352	1.88298800509472
PA14_RS01130	12.8786622675933	17.2202681491944	15.373231511168	18.8521700572162	17.8234160582666	18.1801660421708	13.3279838772975	15.4414493497147	9.41494002547361
PA14_RS01135	33.4845218957425	18.8602936872129	16.2272999284551	29.7665843008677	33.3220387176289	34.3403136352115	23.4826382600004	23.6768890028959	5.64896401528417
PA14_RS01140	6.43933113379664	4.92007661405553	5.97847892100977	11.9066337203471	19.3732783242028	19.1901752667359	10.7893202816218	3.08828986994294	22.5958560611367
PA14_RS01145	2.57573245351866	8.20012769009256	11.1028894247324	5.95331686017353	3.87465566484057	7.07006457195532	10.7893202816218	14.412019393067	0
PA14_RS01150	66.9690437914851	26.2404086082962	29.8923946050488	25.7977063940853	27.122589653884	45.450415105427	34.2719585416222	35.00061852602	48.9576881324628
PA14_RS01155	21.8937258549086	15.5802426111759	17.0813683457422	26.7899258707809	22.4730028560753	41.4103782071669	15.2319815740543	20.5885991329529	3.76597601018944
PA14_RS01160	9.0150635873153	4.92007661405553	14.5191630938809	0.992219476695589	11.6239669945217	4.04003689826018	3.17332949459465	3.08828986994294	1.88298800509472
PA14_RS01165	72.1205086985224	78.7212258248885	81.1364996422754	77.3931191822559	71.2936642330664	71.7106549441182	46.9652765200008	48.3832079624394	107.330316290399
PA14_RS01170	7.72719736055597	10.6601659971203	10.2488210074453	4.96109738347794	2.32479339890434	5.05004612282523	2.53866359567572	14.412019393067	18.8298800509472
PA14_RS01175	5.15146490703731	6.56010215207404	9.3947525901582	8.9299752902603	7.74931132968113	3.03002767369514	13.3279838772975	9.26486960982881	13.1809160356631
PA14_RS01180	38.6359868027798	36.0805618364072	28.1842577704746	36.7121206377368	50.3705236429274	53.5304889019474	15.2319815740543	26.7651788728388	30.1278080815155
PA14_RS01185	2.57573245351866	0.820012769009256	1.70813683457422	1.98443895339118	0.774931132968113	3.03002767369514	2.53866359567572	8.23543965318117	0
PA14_RS01190	5.15146490703731	9.02014045910181	2.56220525186133	8.9299752902603	3.09972453187245	10.1000922456505	7.61599078702716	11.3237295231241	7.53195202037889
PA14_RS01195	6.43933113379664	11.4801787661296	3.41627366914844	9.92219476695589	13.948760393426	12.1201106947805	7.61599078702716	5.14714978323823	9.41494002547361
PA14_RS01200	56.6661139774104	77.9012130558793	67.4714049656816	106.167484006428	111.590083147408	79.7907287406386	110.431866411894	78.2366767052211	39.5427481069892
PA14_RS01205	12.8786622675933	11.4801787661296	13.6650946765938	13.8910726737382	19.3732783242028	4.04003689826018	6.3466589891893	3.08828986994294	13.1809160356631
PA14_RS01210	3.86359868027798	9.02014045910181	13.6650946765938	15.8755116271294	12.3988981274898	12.1201106947805	10.7893202816218	6.17657973988588	0
PA14_RS01215	51.5146490703731	59.0409193686664	48.6818997853652	114.105239819993	110.040220881472	105.040959354765	114.874527704326	110.149005361298	94.1494002547361
PA14_RS01220	3.86359868027798	4.10006384504628	2.56220525186133	13.8910726737382	6.97438019671302	6.06005534739027	4.44266129243251	8.23543965318117	3.76597601018944
PA14_RS01225	50.2267828436138	44.2806895264998	29.8923946050488	58.5409491250397	59.6696972385447	50.5004612282523	43.7919470254062	50.4420678757347	35.7767720967997
PA14_RS01230	16.7422609478713	10.6601659971203	23.9139156840391	35.7199011610412	31.7721764516926	19.1901752667359	34.9066244405411	44.2654881358488	56.4896401528417
PA14_RS01235	23.1815920816679	33.6205235293795	38.4330787779199	39.6887790678235	50.3705236429274	46.4604243299921	39.3492857329737	37.0594784393153	50.8406761375575
PA14_RS01240	32.1966556689832	18.0402809182036	11.1028894247324	25.7977063940853	24.7977962549796	10.1000922456505	22.8479723610815	16.4708793063623	9.41494002547361
PA14_RS01245	52.8025152971325	63.9609959827219	34.1627366914844	107.159703483124	99.1911850199185	83.8307656388988	70.4479147800012	58.6775075289158	56.4896401528417
PA14_RS01250	36.0602543492612	27.8804341463147	17.0813683457422	80.3697776123427	79.0429755627475	85.8507840880288	71.0825806789202	68.9718070953923	48.9576881324628
PA14_RS01255	82.423438512597	63.1409832137127	53.8063102890879	88.3075334259074	66.6440774352577	62.6205719230328	55.8505991048658	54.5597877023252	79.0854962139783
PA14_RS01260	121.059425315377	130.382030272472	128.964331010354	231.187138070072	234.02920215637	178.771632748013	193.573099170274	188.385682066519	216.543620585893
PA14_RS01265	47.6510503900951	41.0006384504628	34.1627366914844	128.988531970427	124.763912407866	117.161070049545	128.202511581624	90.5898361849928	103.56434028021
PA14_RS01270	913.097154772364	762.611875178608	740.477317787924	3940.10354195818	3876.98045823947	3514.83210148636	3693.75553170817	3133.58478803543	3039.14264022288
PA14_RS01275	242.118850630754	180.402809182036	147.75383619067	1008.09498832272	933.792015226576	853.457794757463	747.636428926499	628.981703511712	662.811777793342
PA14_RS01280	157.119679664638	96.7615067430922	99.9260048225918	110.13636191321	145.687052998005	121.201106947805	115.509193603245	94.7075560115834	73.4365321986942
PA14_RS29980	126.210890222414	138.582157962564	146.899767773383	159.74733574799	182.108816247507	188.871724993663	154.858479336219	169.855942846862	148.756052402483
PA14_RS01295	42.4995854830578	28.7004469153239	25.6220525186133	62.5098270318221	59.6696972385447	80.8007379652036	48.2346083178387	49.412637919087	56.4896401528417
PA14_RS01300	7.72719736055597	2.46003830702777	12.8110262593066	6.94553633686912	2.32479339890434	5.05004612282523	11.4239861805407	10.2942995664765	3.76597601018944
PA14_RS01305	63.1054451112071	68.0610598277682	52.9522418718008	123.035215110253	109.265289748504	127.261162295196	118.68252309784	106.031285534708	120.511232326062
PA14_RS01310	2.57573245351866	20.5003192252314	17.0813683457422	6.94553633686912	9.29917359561736	20.2001844913009	1.26933179783786	5.14714978323823	7.53195202037889
PA14_RS01315	127.498756449173	119.721864275351	96.5097311534434	145.856263074252	151.111570928782	142.411300663671	158.666474729732	109.11957540465	195.830752529851
PA14_RS01320	153.25608098436	135.302106886527	108.466688995463	231.187138070072	230.929477624498	195.941789565619	170.725126809192	188.385682066519	141.224100382104
PA14_RS01325	52.8025152971325	34.4405362983887	39.287147195207	63.5020465085177	48.8206613769911	46.4604243299921	55.2159332059469	63.8246573121541	41.4257361120839
PA14_RS01330	175.149806839269	206.643217790332	260.490867272568	323.463549402762	317.721764516926	301.992758144949	286.234320412437	327.358726213951	299.395092810061
PA14_RS01335	74.696241152041	86.9213535149811	106.758552160889	106.167484006428	148.786777529878	129.281180744326	106.62387101838	109.11957540465	109.213304295494
PA14_RS01345	224.088723456123	247.643856240795	233.160677919381	410.778863351974	439.38595239292	354.513237822331	330.026267437844	398.389393222639	158.170992427957
PA14_RS01355	168.710475705472	173.842707029962	170.813683457422	170.661749991641	190.633058710156	183.821678870838	156.127811134057	134.855324320842	67.78756818341
PA14_RS29985	119.771559088618	175.482732567981	160.564862449977	171.653969468337	165.060331322208	192.911761891924	135.818502368651	106.031285534708	111.096292300589
PA14_RS01360	148.104616077323	198.44309010024	217.787446408213	199.436114815813	212.331130433263	205.031872586704	188.495771978922	182.209102326633	99.7983642700202
PA14_RS01365	74.696241152041	73.801149210833	108.466688995463	92.2764113326897	83.6925623605562	88.880811761724	62.1972580940551	54.5597877023252	37.6597601018944
PA14_RS01370	222.800857229364	155.802426111759	245.971704178688	196.459456385727	197.607438906869	207.051891035834	165.013133718922	169.855942846862	139.341112377009
PA14_RS01375	258.861111578625	262.404086082962	242.555430509539	282.782550858243	317.721764516926	292.902675123863	232.922384903247	221.327440679244	259.852344703072
PA14_RS01380	117.195826635099	100.041557819129	120.423646837482	114.105239819993	179.009091715634	178.771632748013	155.493145235138	112.207865274593	154.405016417767
PA14_RS31330	23.1815920816679	12.3001915351388	14.5191630938809	17.8599505805206	16.2735537923304	15.1501383684757	6.3466589891893	15.4414493497147	28.2448200764208
PA14_RS01385	39.9238530295392	63.9609959827219	57.2225839582363	83.3464360424294	89.117080291333	71.7106549441182	53.3119355091901	70.0012370520399	18.8298800509472
PA14_RS01390	92.7263683266716	111.521736585259	121.27771525477	116.089678773384	114.689807679281	120.19109772324	76.1599078702716	84.413256445107	75.3195202037889
PA14_RS01395	399.238530295392	329.645133141721	352.730256339576	306.595818298937	302.223141857564	294.922693572993	212.613076137842	268.681218685036	318.224972861008
PA14_RS01400	96.5899670069496	86.9213535149811	65.7632681311074	46.6343154046927	34.096969850597	61.6105626984678	34.9066244405411	14.412019393067	20.7128680560419
PA14_RS01405	20.6058596281493	14.7602298421666	25.6220525186133	9.92219476695589	15.4986226593623	20.2001844913009	10.1546543827029	17.50030926301	1.88298800509472
PA14_RS31735	150.680348530841	141.042196269592	88.8231153978594	127.996312493731	152.661433194718	137.361254540846	107.893202816218	84.413256445107	80.968484219073
PA14_RS01415	157.119679664638	142.68222180761	77.720225973127	329.416866262935	147.236915263941	240.382195446481	99.642546130272	46.3243480491441	62.1386041681258
PA14_RS01425	458.480376726321	412.466422811656	590.161276345393	390.934473818062	444.035539190729	410.063745173408	592.777949590281	547.656736936548	593.141221604837
PA14_RS01430	1435.97084283665	1322.68059641193	1597.10794032689	1138.07573976984	1329.00689304031	1394.82273912433	1221.73185541894	1297.08174537603	1530.86924814201
PA14_RS01435	130.074488902692	116.441813199314	160.564862449977	192.490578478944	212.331130433263	164.631503604102	155.493145235138	184.267962239929	205.245692555325
PA14_RS01440	9.0150635873153	15.5802426111759	16.2272999284551	17.8599505805206	22.4730028560753	24.2402213895611	25.3866359567572	18.5297392196576	26.3618320713261
PA14_RS01445	12.8786622675933	17.2202681491944	8.54068417287109	33.73546220765	19.3732783242028	13.1301199193456	35.5412903394601	13.3825894364194	26.3618320713261
PA14_RS01450	5.15146490703731	5.74008938306479	3.41627366914844	5.95331686017353	6.97438019671302	14.1401291439106	3.17332949459465	5.14714978323823	11.2979280305683
PA14_RS01455	1.28786622675933	6.56010215207404	5.97847892100977	3.96887790678235	8.52424246264924	7.07006457195532	3.17332949459465	14.412019393067	5.64896401528417
PA14_RS01460	20.6058596281493	29.5204596843332	38.4330787779199	44.6498764513015	47.2707991110549	36.3603320843416	34.2719585416222	39.1183383526105	32.0107960866103
PA14_RS01465	5.15146490703731	2.46003830702777	12.8110262593066	12.8988531970427	10.0741047285855	9.09008302108541	12.0586520794597	10.2942995664765	0
PA14_RS01470	3.86359868027798	18.0402809182036	29.0383261877617	43.6576569746059	21.6980717231072	24.2402213895611	28.5599654513518	14.412019393067	33.893784091705
PA14_RS01475	43.7874517098172	75.4411747488515	64.9091997138203	83.3464360424294	69.7438019671302	66.660608821293	68.5439170832444	82.3543965318117	82.8514722241678
PA14_RS01480	1.28786622675933	5.74008938306479	5.12441050372266	12.8988531970427	4.64958679780868	19.1901752667359	8.25065668594609	8.23543965318117	3.76597601018944
PA14_RS01485	180.301271746306	183.682860258073	152.024178277105	193.48279795564	206.906612502486	211.091927934094	212.613076137842	177.061952543395	122.394220331157
PA14_RS01490	5.15146490703731	16.4002553801851	14.5191630938809	8.9299752902603	34.8719009835651	12.1201106947805	30.4639631481086	17.50030926301	28.2448200764208
PA14_RS01495	16.7422609478713	34.4405362983887	35.0168051087715	31.7510232542588	45.7209368451187	38.3803505334717	34.2719585416222	43.2360581792011	20.7128680560419
PA14_RS01500	27.0451907619459	36.9005746054165	45.2656261162168	38.696559591128	39.5214877813738	24.2402213895611	20.3093087654058	32.9417586127247	16.9468920458525
PA14_RS01505	18.0301271746306	18.8602936872129	23.059847266752	7.93775581356471	19.3732783242028	21.210193715866	10.7893202816218	6.17657973988588	15.0639040407578
PA14_RS01510	7.72719736055597	18.8602936872129	19.6435735976035	22.8210479639985	36.4217632495013	33.3303044106465	20.3093087654058	15.4414493497147	0
PA14_RS01515	20.6058596281493	77.9012130558793	46.1196945335039	44.6498764513015	54.2451793077679	46.4604243299921	39.3492857329737	31.912328656077	47.074700127368
PA14_RS01520	14.1665284943526	31.980497991361	11.1028894247324	32.7432427309544	23.2479339890434	24.2402213895611	13.3279838772975	11.3237295231241	26.3618320713261
PA14_RS01525	208.634328735011	235.343664705656	211.808967487203	316.518013065893	353.36859663346	328.25299798364	286.868986311356	346.917895390257	237.256488641935
PA14_RS01530	1472.03109718591	1817.96830889352	1645.78984011226	2372.39676877915	2627.0165407619	2335.14132719438	2078.5308189595	2366.65947033294	2165.43620585893
PA14_RS01535	88.8627696463936	100.861570588138	72.5958154694043	92.2764113326897	117.789532211153	112.11102392672	104.085207422705	83.3838264884593	88.5004362394519
PA14_RS01540	7.72719736055597	24.6003830702777	15.373231511168	25.7977063940853	27.122589653884	17.1701568176058	15.2319815740543	21.6180290896006	11.2979280305683
PA14_RS01545	42.4995854830578	59.8609321376757	57.2225839582363	70.4475828453868	86.7922868924287	55.5505073510775	93.2958871410827	62.7952273555064	64.0215921732205
PA14_RS01550	11.590796040834	25.4203958392869	33.3086682741973	42.6654374979103	44.9460057121506	38.3803505334717	46.3306106210819	26.7651788728388	39.5427481069892
PA14_RS01555	843.55237852736	827.392883930339	861.755033042693	750.117924381865	719.136091394409	733.266697034223	721.615127070823	705.159520303637	704.237513905426
PA14_RS01560	119.771559088618	95.1214812050736	140.921288852373	130.972970923818	153.436364327686	143.421309888236	172.629124505949	148.237913757261	114.862268310778
PA14_RS01565	65.6811775647257	78.7212258248885	64.9091997138203	46.6343154046927	42.6212123132462	62.6205719230328	54.581267307028	66.912947182097	86.6174482343572
PA14_RS01570	63.1054451112071	54.1208427546109	68.3254733829688	75.4086802288647	75.9432510308751	54.5404981265124	57.7545968016226	62.7952273555064	30.1278080815155
PA14_RS01575	105.605030594265	125.461953658416	171.667751874709	123.035215110253	120.114325610058	70.7006457195532	94.5652189389206	100.884135751469	137.458124371915
PA14_RS01580	1251.80597241007	956.134888664792	1011.21700606794	771.946752869168	701.312675336142	587.825368696856	660.687200774606	571.333625939444	498.991821350101
PA14_RS01585	215.073659868808	223.863485939527	187.895051803164	193.48279795564	206.131681369518	195.941789565619	181.514447090814	129.708174537603	141.224100382104
PA14_RS01590	325.83015537011	288.644494691258	278.426304035598	293.696965101894	265.801378608063	220.18201095518	246.250368780545	258.386919118559	188.298800509472
PA14_RS01595	498.40422975586	378.845899282276	403.974361376803	381.012279051106	340.194767373002	359.563283945156	400.474182217845	367.50649452321	384.129553039323
PA14_RS01600	598.857795443088	583.029078765581	572.225839582363	570.526199099963	564.924795933754	540.354935142299	609.279262962173	601.187094682225	645.86488574749
PA14_RS01605	289.769901020849	267.324162697017	305.756493388785	246.070430220506	302.998072990532	283.812592102778	262.117016253518	290.299247774636	244.788440662314
PA14_RS01610	171.286208158991	156.622438880768	145.191630938809	177.60728632851	137.937741668324	126.251153070631	134.549170570813	118.384445014479	161.936968438146
PA14_RS01615	128.786622675933	104.961634433185	130.672467844928	122.042995633557	99.9661161528866	119.181088498675	118.047857198921	151.326203627204	65.9045801783153
PA14_RS01620	229.24018836316	199.263102869249	234.868814753955	276.829233998069	257.277136145414	259.572370713217	210.074412542166	163.679363106976	229.724536621556
PA14_RS01625	100.453565687228	75.4411747488515	89.6771838151465	108.151922959819	96.8663916210141	94.9408671091143	106.62387101838	92.6486960982881	88.5004362394519
PA14_RS01630	15.4543947211119	17.2202681491944	20.4976420148906	29.7665843008677	32.5471075846608	27.2702490632562	12.0586520794597	25.7357489161911	9.41494002547361
PA14_RS01635	766.2804049218	542.848453084127	714.001196852024	905.896382223072	989.58705680028	1240.29132776588	802.217696233527	816.337955621583	1099.66499497532
PA14_RS01640	59.2418464309291	82.0012769009256	74.3039523039785	98.2297281928633	93.7666670891417	129.281180744326	95.1998848378395	85.4426864017546	67.78756818341
PA14_RS01645	66.9690437914851	84.4613152079533	87.1149785632852	105.175264529732	93.7666670891417	83.8307656388988	99.642546130272	90.5898361849928	148.756052402483
PA14_RS01650	142.953151170285	131.202043041481	208.392693818055	179.591725281902	212.331130433263	226.24206630257	180.245115292976	201.768271502939	146.873064397388
PA14_RS01655	190.604201560381	201.723141176277	218.6415148255	372.082303760846	343.294491904874	337.343081004725	319.236947156222	273.828368468274	271.15027273364
PA14_RS01660	1.28786622675933	5.74008938306479	1.70813683457422	12.8988531970427	12.3988981274898	9.09008302108541	10.7893202816218	5.14714978323823	26.3618320713261
PA14_RS01665	73.4083749252817	97.5815195121014	85.4068417287109	178.599505805206	154.211295460654	150.491374460192	211.978410238923	147.208483800613	112.979280305683
PA14_RS01670	118.483692861858	89.3813918220089	81.1364996422754	111.128581389906	85.2424246264924	97.9708947828094	95.8345507367584	91.6192661416405	56.4896401528417
PA14_RS01675	79.8477060590783	78.7212258248885	113.591099499186	107.159703483124	127.863636939739	96.9608855582444	105.989205119461	115.296155144536	116.745256315873
PA14_RS01680	159.695412118157	193.523013486184	181.916572882154	241.109332837028	310.747384320213	295.932702797558	254.501025466491	240.886609855549	265.501308718356
PA14_RS01685	386.359868027798	478.887457101405	544.041581811889	672.724805199609	767.181821638432	717.106549441182	644.820553301633	723.689259523295	589.375245594648
PA14_RS01690	507.419293343175	441.166869726979	451.802192744881	758.05568019543	769.506615037336	824.167527245077	758.425749208121	736.042419003067	670.343729813721
PA14_RS01695	133.93808758297	104.961634433185	97.3637995707305	165.700652608163	182.883747380475	176.751614298883	149.781152144867	184.267962239929	156.288004422862
PA14_RS01700	307.800028195479	335.385222524786	291.237330294904	405.817765968496	443.260608057761	447.434086482315	334.468928730276	321.182146474066	370.94863700366
PA14_RS01705	106.892896821024	59.0409193686664	25.6220525186133	94.2608502860809	97.6413227539823	87.8708025371589	66.0052534875687	81.324966575164	69.6705561885047
PA14_RS01710	5.15146490703731	6.56010215207404	9.3947525901582	5.95331686017353	3.87465566484057	21.210193715866	3.17332949459465	5.14714978323823	18.8298800509472
PA14_RS01715	18.0301271746306	15.5802426111759	11.9569578420195	18.8521700572162	16.2735537923304	12.1201106947805	20.9439746643247	6.17657973988588	5.64896401528417
PA14_RS01720	6.43933113379664	3.28005107603702	9.3947525901582	11.9066337203471	13.948760393426	14.1401291439106	6.98132488810823	17.50030926301	3.76597601018944
PA14_RS01725	0	5.74008938306479	3.41627366914844	12.8988531970427	3.09972453187245	15.1501383684757	2.53866359567572	2.05885991329529	0
PA14_RS01730	3.86359868027798	2.46003830702777	4.27034208643555	1.98443895339118	8.52424246264924	8.08007379652036	2.53866359567572	0	0
PA14_RS01735	36.0602543492612	3.28005107603702	11.9569578420195	20.8366090106074	17.8234160582666	25.2502306141261	24.1173041589193	10.2942995664765	7.53195202037889
PA14_RS01740	54.0903815238918	22.9603575322592	17.0813683457422	44.6498764513015	51.1454547758955	56.5605165756425	57.7545968016226	50.4420678757347	94.1494002547361
PA14_RS01745	132.650221356211	123.001915351388	135.79687834865	124.027434586949	119.339394477089	105.040959354765	105.354539220542	85.4426864017546	116.745256315873
PA14_RS01750	427.571587284097	357.525567288035	367.249419433457	613.191636597874	580.423418593117	623.175691556633	506.463387337306	474.567210014565	451.917121222733
PA14_RS01755	130.074488902692	158.262464418786	175.938093961145	285.75920928833	313.072177719118	319.162914962554	341.450253618384	316.034996690827	367.182660993471
PA14_RS01760	220.225124775845	235.343664705656	224.61999374651	333.385744169718	350.268872101587	312.092850390599	340.180921820546	398.389393222639	389.778517054607
PA14_RS01765	117.195826635099	75.4411747488515	98.2178679880176	124.027434586949	102.290909551791	141.401291439106	130.7411751773	118.384445014479	129.926172351536
PA14_RS01770	106.892896821024	114.801787661296	105.050415326314	131.965190400513	120.114325610058	130.291189968891	99.0078802313531	111.178435317946	71.5535441935994
PA14_RS01775	9.0150635873153	27.0604213773054	27.3301893531875	31.7510232542588	47.2707991110549	21.210193715866	29.8292972491897	39.1183383526105	9.41494002547361
PA14_RS01780	100.453565687228	101.681583357148	103.34227849174	172.646188945032	168.160055854081	177.761623523448	156.762477032976	147.208483800613	141.224100382104
PA14_RS01785	151.968214757601	109.88171104724	119.569578420195	182.568383711988	165.060331322208	142.411300663671	155.493145235138	169.855942846862	141.224100382104
PA14_RS01790	247.270315537791	238.623715781693	189.603188637738	412.763302305365	415.363087270909	402.993680601453	349.70091030433	269.710648641683	395.427481069892
PA14_RS01795	567.949006000864	489.547623098526	543.187513394602	793.775581356471	813.677689616519	727.206641686833	701.305818305418	791.63163666204	627.035005696542
PA14_RS01800	238.255251950476	200.083115638258	212.66303590449	459.397617710058	391.340222148897	365.623339292546	352.239573900006	323.241006387361	337.054852911955
PA14_RS01805	24.4694583084272	23.7803703012684	53.8063102890879	48.6187543580838	38.7465566484057	55.5505073510775	40.6186175308115	49.412637919087	39.5427481069892
PA14_RS01810	128.786622675933	157.442451649777	184.478778134016	162.723994178077	220.080441762944	154.531411358452	180.245115292976	178.091382500043	165.702944448336
PA14_RS01815	133.93808758297	173.022694260953	179.354367630293	183.560603188684	216.980717231072	238.362176997351	176.437119899463	169.855942846862	182.649836494188
PA14_RS01820	309.087894422239	320.624992682619	356.146530008725	508.016372068141	530.052894950189	490.864483138612	515.98337582109	530.156427673538	583.726281579364
PA14_RS01825	36.0602543492612	24.6003830702777	45.2656261162168	65.4864854619089	55.7950415737041	36.3603320843416	52.0426037113523	49.412637919087	26.3618320713261
PA14_RS01830	52.8025152971325	31.980497991361	33.3086682741973	32.7432427309544	34.8719009835651	37.3703413089067	33.6372926427033	23.6768890028959	30.1278080815155
PA14_RS01835	52.8025152971325	59.8609321376757	63.2010628792461	70.4475828453868	103.840771817727	70.7006457195532	76.1599078702716	102.942995664765	75.3195202037889
PA14_RS01840	3.86359868027798	15.5802426111759	23.059847266752	11.9066337203471	12.3988981274898	18.1801660421708	26.6559677545951	15.4414493497147	24.4788440662314
PA14_RS01845	1.28786622675933	1.64002553801851	6.83254733829688	5.95331686017353	6.1994490637449	4.04003689826018	3.80799539351358	9.26486960982881	13.1809160356631
PA14_RS01850	15.4543947211119	25.4203958392869	21.3517104321777	71.4398023220824	27.8975207868521	26.2602398386912	34.2719585416222	30.8828986994294	50.8406761375575
PA14_RS01855	6.43933113379664	0.820012769009256	7.68661575558399	1.98443895339118	4.64958679780868	1.01000922456505	8.88532258486502	5.14714978323823	1.88298800509472
PA14_RS01860	46.3631841633358	31.980497991361	23.9139156840391	37.7043401144324	44.9460057121506	26.2602398386912	29.8292972491897	33.9711885693723	26.3618320713261
PA14_RS01865	46.3631841633358	45.1007022955091	57.2225839582363	72.432021798778	93.7666670891417	76.7607010669434	75.5252419713527	87.5015463150499	52.7236641426522
PA14_RS01870	142.953151170285	225.503511477545	219.495583242787	241.109332837028	275.875483336648	262.602398386912	198.650426361625	214.12143098271	152.522028412672
PA14_RS01875	473.934771447433	434.606767574905	515.857324041414	589.37836915718	562.60000253485	483.794418566657	533.75402099082	522.950417977004	579.960305569174
PA14_RS01880	87.5749034196343	123.821928120398	138.359083600512	162.723994178077	163.510469056272	148.471356011062	187.861106080003	176.032522586747	178.883860483999
PA14_RS01885	21.8937258549086	16.4002553801851	17.0813683457422	22.8210479639985	20.9231405901391	18.1801660421708	15.8666474729732	15.4414493497147	18.8298800509472
PA14_RS01890	86.287037192875	89.3813918220089	96.5097311534434	129.980751447122	132.513223737547	92.9208486599842	162.474470123246	160.591073237033	160.053980433051
PA14_RS01895	267.87617516594	296.844622381351	287.821056625756	448.483203466406	360.342976830173	433.293957338404	339.546255921628	311.917276864237	276.799236748924
PA14_RS01900	72.1205086985224	64.7810087517312	130.672467844928	117.081898250079	105.390634083663	98.9809040073744	83.7758986572988	66.912947182097	79.0854962139783
PA14_RS01905	365.754008399649	273.884264849091	272.447825114588	296.673623531981	295.248761660851	365.623339292546	261.482350354599	315.00556673418	224.075572606272
PA14_RS01910	180.301271746306	159.082477187796	167.397409788273	234.163796500159	184.433609646411	211.091927934094	171.359792708111	197.650551676348	131.809160356631
PA14_RS01915	642.645247152905	653.550176900377	705.460512679152	540.759614799096	754.782923510942	659.536023640975	415.07149789298	483.832079624394	433.087241171786
PA14_RS01920	166.134743251953	138.582157962564	173.375888709283	213.327187489552	218.530579497008	210.081918709529	175.802454000544	205.885991329529	209.011668565514
PA14_RS01925	132.650221356211	176.30274533699	137.505015183225	147.840702027643	240.228651220115	193.921771116489	154.2238134373	187.356252109872	118.628244320967
PA14_RS01930	323.254422916591	351.785477904971	416.785387636109	420.70105811893	459.534161850091	420.163837419059	333.199596932438	339.711885693723	323.873936876292
PA14_RS01935	310.375760648998	523.168146627905	515.003255624127	358.191231087107	351.818734367523	285.832610551908	214.517073834598	269.710648641683	192.064776519662
PA14_RS01940	184.164870426584	174.662719798971	235.722883171242	202.4127732459	161.960606790336	126.251153070631	120.586520794597	154.414493497147	137.458124371915
PA14_RS01945	987.793395924405	1170.15822137621	1182.03068952536	947.569600244287	1096.52755314988	928.198477375277	904.398905959475	1126.19637257252	858.642530323193
PA14_RS01950	485.525567488267	423.126588808776	464.613219004188	529.845200555444	522.303583620508	446.42407725775	482.980749077306	535.303577456776	387.895529049513
PA14_RS01955	38.6359868027798	37.7205873744258	22.2057788494648	42.6654374979103	60.4446283715128	35.3503228597766	22.2133064621625	42.2066282225535	15.0639040407578
PA14_RS01960	70.832642471763	70.521098134796	52.9522418718008	99.2219476695589	58.1198349726085	60.6005534739027	83.7758986572988	55.5892176589729	75.3195202037889
PA14_RS01965	33.4845218957425	43.4606767574905	29.0383261877617	39.6887790678235	45.7209368451187	36.3603320843416	39.9839516318926	48.3832079624394	43.3087241171786
PA14_RS01970	55.3782477506511	72.9811364418238	64.9091997138203	62.5098270318221	77.4931132968113	34.3403136352115	42.5226152275683	55.5892176589729	62.1386041681258
PA14_RS01975	168.710475705472	149.242323959685	175.084025543857	146.848482550947	134.063086003484	141.401291439106	124.39451618811	175.0030926301	197.713740534946
PA14_RS01980	168.710475705472	191.062975179157	227.182198998371	241.109332837028	265.801378608063	291.892665899298	259.578352657842	219.268580765949	280.565212759114
PA14_RS01985	172.57407438575	190.242962410147	199.852009645184	354.222353180325	285.174656932266	282.802582878213	335.738260528114	357.212194956733	297.512104804966
PA14_RS01990	88.8627696463936	140.222183500583	137.505015183225	137.918507260687	144.912121865037	185.841697319968	170.090460910273	154.414493497147	188.298800509472
PA14_RS01995	221.512991002604	212.383307173397	226.328130581084	272.860356091287	251.077687081669	293.912684348428	227.210391812977	238.827749942254	220.309596596082
PA14_RS02000	1191.27625975238	1392.38168177772	1390.42338334341	1714.55525572998	1855.96006345863	1904.87739752968	1704.71260449625	1684.14740907555	1849.09422100302
PA14_RS02005	131.362355129451	170.562655953925	161.418930867264	192.490578478944	152.661433194718	153.521402133887	140.261163661084	131.767034450899	122.394220331157
PA14_RS02010	46.3631841633358	36.9005746054165	64.0551312965332	95.2530697627765	97.6413227539823	98.9809040073744	94.5652189389206	123.531594797718	84.7344602292625
PA14_RS02015	79.8477060590783	133.662081348509	129.818399427641	150.817360457729	163.510469056272	161.601475930407	163.109136022165	172.944232716805	116.745256315873
PA14_RS02020	66.9690437914851	45.9207150645183	41.8493524470684	66.4787049386044	68.9688708341621	65.6505995967279	53.946601408109	38.0889083959629	54.6066521477469
PA14_RS02025	224.088723456123	166.462592108879	140.067220435086	260.95372237094	300.673279591628	323.202951860814	228.479723610815	219.268580765949	214.660632580798
PA14_RS02030	128.786622675933	136.942132424546	163.981136119125	221.264943303116	189.08319644422	185.841697319968	179.610449394057	149.267343713909	165.702944448336
PA14_RS02035	114.62009418158	168.102617646897	124.693988923918	248.054869173897	159.635813391431	168.671540502363	148.51182034703	147.208483800613	60.2556161630311
PA14_RS02040	14.1665284943526	30.3404724533425	30.7464630223359	47.6265348813883	41.07135004731	75.7506918423784	31.7332949459465	21.6180290896006	26.3618320713261
PA14_RS02045	18.0301271746306	54.9408555236201	67.4714049656816	51.5954127881706	64.3192840363534	75.7506918423784	67.2745852854066	53.5303577456776	20.7128680560419
PA14_RS02050	113.332227954821	105.781647202194	128.110262593066	148.832921504338	150.336639795814	120.19109772324	116.143859502164	117.355015057832	45.1917121222733
PA14_RS02055	208.634328735011	187.78292410312	130.672467844928	187.529481095466	179.009091715634	176.751614298883	129.471843379462	158.532213323737	139.341112377009
PA14_RS02060	52.8025152971325	52.4808172165924	70.033610217543	45.6420959279971	59.6696972385447	55.5505073510775	53.946601408109	51.4714978323823	56.4896401528417
PA14_RS02065	83.7113047393563	63.9609959827219	63.2010628792461	67.4709244153	59.6696972385447	79.7907287406386	59.6585944983794	76.1778167919258	37.6597601018944
PA14_RS02070	184.164870426584	236.983690243675	241.701362092252	246.070430220506	313.072177719118	266.642435285172	286.234320412437	267.651788728388	308.810032835534
PA14_RS02075	186.740602880103	194.343026255194	181.916572882154	186.537261618771	207.681543635454	162.611485154972	160.570472426489	172.944232716805	305.044056825345
PA14_RS02080	81.1355722858377	63.1409832137127	58.0766523755234	59.5331686017353	70.5187331000983	47.4704335545571	38.7146198340547	52.5009277890299	39.5427481069892
PA14_RS02085	74.696241152041	93.4814556670551	128.110262593066	114.105239819993	123.988981274898	145.441328337367	110.431866411894	121.472734884422	90.3834242445466
PA14_RS02090	122.347291542136	119.721864275351	152.024178277105	179.591725281902	175.134436050794	177.761623523448	153.589147538381	212.062571069415	222.192584601177
PA14_RS02095	193.179934013899	222.223460401508	233.160677919381	313.541354635806	340.194767373002	286.842619776473	297.658306592978	282.063808121455	357.767720967997
PA14_RS02100	320.678690463073	314.884903299554	314.297177561656	360.175670040499	315.396971118022	412.083763622538	353.508905697844	302.652407254408	376.597601018944
PA14_RS02105	305.224295741961	232.883626398629	278.426304035598	190.506139525553	248.752893682764	204.021863362139	166.917131415679	198.679981632996	201.479716545135
PA14_RS02110	20.6058596281493	21.3203319942406	35.8708735260586	34.7276816843456	44.9460057121506	55.5505073510775	53.3119355091901	43.2360581792011	33.893784091705
PA14_RS02115	149.392482304082	164.82256657086	135.79687834865	207.373870629378	258.82699841135	202.001844913009	173.263790404868	187.356252109872	173.234896468714
PA14_RS02120	243.406716857513	195.983051793212	224.61999374651	294.68918457859	317.721764516926	346.433164025811	365.567557777304	382.947943872924	404.842421095365
PA14_RS02125	184.164870426584	170.562655953925	137.505015183225	257.977063940853	232.479339890434	235.332149323656	267.19434344487	254.269199291969	209.011668565514
PA14_RS02130	305.224295741961	273.884264849091	265.615277776291	352.237914226934	315.396971118022	362.593311618851	300.831636087573	302.652407254408	278.682224754019
PA14_RS02135	224.088723456123	168.922630415907	227.182198998371	281.790331381547	272.775758804776	284.822601327343	260.213018556761	221.327440679244	220.309596596082
PA14_RS02140	139.089552490007	101.681583357148	63.2010628792461	140.895165690774	128.638568072707	140.391282214541	125.029182087029	164.708793063623	139.341112377009
PA14_RS02145	83.7113047393563	63.9609959827219	77.720225973127	87.3153139492118	91.4418736902373	87.8708025371589	85.6798963540555	92.6486960982881	90.3834242445466
PA14_RS02150	119.771559088618	91.8414301290366	106.758552160889	133.949629353904	153.436364327686	98.9809040073744	123.125184390272	116.325585101184	135.57513636682
PA14_RS02155	64.3933113379664	71.3411109038052	78.5742943904141	128.988531970427	79.8179066957156	99.9909132319395	97.7385484335152	101.913565708117	120.511232326062
PA14_RS02160	203.482863827974	159.082477187796	196.435735976035	238.132674406941	262.70165407619	253.512315365826	233.557050802166	257.357489161911	199.59672854004
PA14_RS02165	458.480376726321	376.385860975248	366.39535101617	418.716619165538	429.311847664335	488.844464689482	393.492857329737	372.653644306448	450.034133217638
PA14_RS02170	179.013405519547	137.762145193555	120.423646837482	156.770677317903	123.21405014193	158.571448256712	152.319815740543	148.237913757261	152.522028412672
PA14_RS02175	257.573245351866	173.022694260953	194.727599141461	232.179357546768	235.579064422306	146.451337561932	184.687776585409	186.326822153224	186.415812504377
PA14_RS02180	1029.0051151807	685.530674891738	857.484690956258	742.1801685683	690.463639474589	678.72619890771	650.532546391903	704.13009034699	730.599345976752
PA14_RS02185	251.133914218069	207.463230559342	276.718167201023	203.404992722596	180.55895398157	162.611485154972	189.130437877841	207.944851242824	210.894656570609
PA14_RS02190	1206.73065447349	1019.2758718785	908.728795993484	1027.93937785663	781.905513164826	764.576982995739	708.921809092445	723.689259523295	839.812650272246
PA14_RS02195	94.014234553431	92.6614428980459	103.34227849174	51.5954127881706	91.4418736902373	69.6906364949881	66.0052534875687	57.6480775722682	50.8406761375575
PA14_RS02200	56.6661139774104	45.9207150645183	41.8493524470684	58.5409491250397	51.1454547758955	66.660608821293	24.7519700578383	30.8828986994294	69.6705561885047
PA14_RS02205	32.1966556689832	32.8005107603702	21.3517104321777	29.7665843008677	41.07135004731	29.2902675123863	25.3866359567572	20.5885991329529	18.8298800509472
PA14_RS02210	19.3179934013899	23.7803703012684	22.2057788494648	26.7899258707809	24.0228651220115	49.4904520036872	21.5786405632436	17.50030926301	9.41494002547361
PA14_RS02215	115.90796040834	82.8212896699348	105.050415326314	127.996312493731	110.040220881472	79.7907287406386	101.546543827029	101.913565708117	105.447328285304
PA14_RS02220	114.62009418158	118.901851506342	98.2178679880176	110.13636191321	110.81515201444	105.040959354765	123.759850289191	118.384445014479	39.5427481069892
PA14_RS02225	189.316335333621	182.042834720055	216.933377990926	194.475017432335	186.758403045315	234.322140099091	188.495771978922	184.267962239929	210.894656570609
PA14_RS02230	318.102958009554	400.166231276517	409.098771880525	619.144953458047	571.899176130467	535.304889019474	540.735345878928	550.745026806491	589.375245594648
PA14_RS02235	121.059425315377	167.282604877888	169.105546622848	139.902946214078	132.513223737547	115.141051600415	130.7411751773	134.855324320842	126.160196341346
PA14_RS02240	667.114705461332	698.650879195886	596.993823683689	664.787049386044	754.007992377974	755.486899974654	602.932603972983	680.453201344094	561.130425518227
PA14_RS02245	74.696241152041	74.6211619798423	89.6771838151465	76.4008997055603	80.5928378286838	125.241143846066	74.2559101735148	65.8835172254493	67.78756818341
PA14_RS02250	440.45024955169	444.446920803017	509.024776703117	349.261255796847	475.032784509453	434.303966562969	428.399481770278	455.008040838259	527.236641426522
PA14_RS02255	982.641931017367	1086.51691893726	1228.15038405886	876.129797922205	916.743530301278	952.438698764838	793.332373648662	850.309144190956	898.185278430182
PA14_RS02260	430.147319737616	492.827674174563	528.668350300721	455.428739803275	385.91570421812	387.843542232977	288.772984008113	340.741315650371	280.565212759114
PA14_RS02265	1374.1532639522	1485.04312467576	1423.73205161761	1771.11176590163	1551.41212820216	1344.32227789608	1216.01986232867	1155.02041135866	1205.11232326062
PA14_RS02270	746.96241152041	659.290266283441	687.525075916123	958.484014487939	866.373006658351	816.087453448557	741.28976993731	694.865220737161	755.078190042983
PA14_RS02275	173.861940612509	173.022694260953	198.143872810609	250.039308127288	227.829753092625	171.701568176058	196.111762765949	211.033141112767	195.830752529851
PA14_RS02280	112.044361728062	111.521736585259	114.445167916473	115.097459296688	134.838017136452	143.421309888236	114.239861805407	108.090145448003	158.170992427957
PA14_RS02285	591.130598082532	588.769168148645	579.912455337947	805.682215076818	817.552345281359	759.526936872914	787.620380558392	814.279095708288	900.068266435277
PA14_RS02290	43.7874517098172	39.3606129124443	44.4115576989297	53.5798517415618	69.7438019671302	46.4604243299921	69.8132488810823	50.4420678757347	48.9576881324628
PA14_RS02295	25.7573245351866	11.4801787661296	21.3517104321777	19.8443895339118	13.948760393426	20.2001844913009	22.2133064621625	16.4708793063623	1.88298800509472
PA14_RS02300	21.8937258549086	31.980497991361	13.6650946765938	30.7588037775632	28.6724519198202	20.2001844913009	21.5786405632436	16.4708793063623	13.1809160356631
PA14_RS02305	144.241017397045	120.541877044361	122.131783672057	135.934068307296	124.763912407866	174.731595849753	152.954481639462	131.767034450899	144.990076392294
PA14_RS02310	16.7422609478713	59.8609321376757	59.7847892100977	42.6654374979103	41.8462811802781	43.4303966562969	22.8479723610815	17.50030926301	30.1278080815155
PA14_RS02315	96.5899670069496	113.981774892287	106.758552160889	96.2452892394721	107.715427482568	93.9308578845492	67.2745852854066	72.0600969653352	90.3834242445466
PA14_RS02320	14.1665284943526	4.92007661405553	11.9569578420195	3.96887790678235	6.97438019671302	2.02001844913009	7.61599078702716	6.17657973988588	5.64896401528417
PA14_RS02325	3.86359868027798	4.10006384504628	10.2488210074453	1.98443895339118	3.09972453187245	7.07006457195532	0.63466589891893	3.08828986994294	18.8298800509472
PA14_RS02330	25.7573245351866	10.6601659971203	22.2057788494648	51.5954127881706	43.3961434462143	53.5304889019474	39.3492857329737	29.8534687427817	39.5427481069892
PA14_RS02340	15.4543947211119	17.2202681491944	9.3947525901582	23.8132674406941	26.3476585209158	40.4003689826018	18.405311068649	22.6474590462482	11.2979280305683
PA14_RS02345	23.1815920816679	11.4801787661296	24.7679841013262	20.8366090106074	5.42451793077679	8.08007379652036	13.9626497762165	11.3237295231241	16.9468920458525
PA14_RS02350	73.4083749252817	36.0805618364072	61.4929260446719	52.5876322648662	51.1454547758955	65.6505995967279	58.3892627005416	57.6480775722682	77.2025082088836
PA14_RS02355	72.1205086985224	77.9012130558793	91.3853206497207	141.887385167469	168.160055854081	121.201106947805	239.269043892437	265.592928815093	178.883860483999
PA14_RS02360	63.1054451112071	62.3209704447034	63.2010628792461	91.2841918559942	61.2195595044809	89.890820986289	66.6399193864876	29.8534687427817	39.5427481069892
PA14_RS02365	133.93808758297	80.361251362907	88.8231153978594	95.2530697627765	98.4162538869504	92.9208486599842	74.2559101735148	68.9718070953923	82.8514722241678
PA14_RS02370	6.43933113379664	29.5204596843332	48.6818997853652	16.867731103825	13.948760393426	17.1701568176058	17.77064516973	14.412019393067	11.2979280305683
PA14_RS02375	18.0301271746306	30.3404724533425	29.0383261877617	45.6420959279971	46.4958679780868	53.5304889019474	37.4452880362169	23.6768890028959	39.5427481069892
PA14_RS02380	2.57573245351866	2.46003830702777	2.56220525186133	0	2.32479339890434	14.1401291439106	1.90399769675679	7.20600969653352	0
PA14_RS02385	24.4694583084272	25.4203958392869	29.8923946050488	21.8288284873029	43.3961434462143	38.3803505334717	29.8292972491897	31.912328656077	58.3726281579364
PA14_RS02390	234.391653270198	246.823843471786	275.010030366449	275.837014521374	230.929477624498	206.041881811269	180.879781191895	226.474590462482	248.554416672503
PA14_RS02395	148.104616077323	173.842707029962	182.770641299441	189.513920048857	218.530579497008	199.981826463879	213.24774203676	189.415112023167	158.170992427957
PA14_RS02400	3890.64387103993	3239.87045035557	1901.15629688111	4726.93358697778	3681.69781273151	3320.91033036987	2478.37033527842	2005.32955554961	2195.56401394045
PA14_RS02405	519.010089384009	660.93029182146	642.259449799906	545.720712182574	531.602757216126	602.975507065332	506.463387337306	451.919750968317	450.034133217638
PA14_RS02410	61.8175788844477	55.7608682926294	73.4498838866914	65.4864854619089	72.0685953660345	77.7707102915085	87.5838940508123	100.884135751469	82.8514722241678
PA14_RS02415	270.451907619459	122.181902582379	198.143872810609	217.296065396334	202.257025704678	235.332149323656	259.578352657842	233.680600159016	286.214176774398
PA14_RS02420	230.52805458992	145.142260114638	178.500299213006	158.755116271294	192.95785210906	146.451337561932	198.650426361625	181.179672369986	193.947764524756
PA14_RS02425	131.362355129451	120.541877044361	134.088741514076	215.311626442943	201.482094571709	179.781641972578	170.090460910273	172.944232716805	242.905452657219
PA14_RS02430	104.317164367506	132.842068579499	145.191630938809	172.646188945032	173.584573784857	166.651522053232	130.106509278381	180.150242413338	143.107088387199
PA14_RS02435	139.089552490007	145.142260114638	122.131783672057	142.879604644165	162.735537923304	160.591466705842	99.0078802313531	102.942995664765	99.7983642700202
PA14_RS02440	87.5749034196343	54.9408555236201	52.9522418718008	112.120800866602	84.4674934935243	66.660608821293	69.1785829821634	43.2360581792011	92.2664122496414
PA14_RS02445	39.9238530295392	50.0207789095646	40.1412156124941	31.7510232542588	39.5214877813738	44.440405880862	30.4639631481086	33.9711885693723	15.0639040407578
PA14_RS02450	1.28786622675933	0	0.854068417287109	0	3.09972453187245	0	1.90399769675679	0	0
PA14_RS02455	0	2.46003830702777	2.56220525186133	4.96109738347794	6.1994490637449	0	0	1.02942995664765	3.76597601018944
PA14_RS02460	6.43933113379664	21.3203319942406	28.1842577704746	24.8054869173897	32.5471075846608	10.1000922456505	33.0026267437844	22.6474590462482	15.0639040407578
PA14_RS02465	39.9238530295392	50.8407916785738	35.8708735260586	64.4942659852133	56.5699727066723	41.4103782071669	47.5999424189197	58.6775075289158	84.7344602292625
PA14_RS02470	79.8477060590783	82.8212896699348	107.612620578176	120.058556680166	106.165565216631	112.11102392672	140.895829560002	142.061334017375	158.170992427957
PA14_RS02475	23.1815920816679	10.6601659971203	28.1842577704746	22.8210479639985	15.4986226593623	42.4203874317319	9.51998848378395	37.0594784393153	18.8298800509472
PA14_RS02480	1.28786622675933	1.64002553801851	0	6.94553633686912	1.54986226593623	7.07006457195532	1.90399769675679	3.08828986994294	0
PA14_RS02485	0	8.20012769009256	4.27034208643555	7.93775581356471	14.7236915263941	6.06005534739027	10.1546543827029	2.05885991329529	0
PA14_RS02490	32.1966556689832	44.2806895264998	52.0981734545137	42.6654374979103	65.8691463022896	53.5304889019474	56.4852650037848	53.5303577456776	22.5958560611367
PA14_RS02495	0	2.46003830702777	4.27034208643555	0	1.54986226593623	0	1.90399769675679	1.02942995664765	0
PA14_RS02500	12.8786622675933	26.2404086082962	17.9354367630293	36.7121206377368	33.3220387176289	22.220202940431	29.1946313502708	25.7357489161911	30.1278080815155
PA14_RS02505	9.0150635873153	3.28005107603702	13.6650946765938	4.96109738347794	7.74931132968113	3.03002767369514	6.98132488810823	2.05885991329529	3.76597601018944
PA14_RS02510	36.0602543492612	24.6003830702777	31.6005314396231	17.8599505805206	10.8490358615536	27.2702490632562	12.6933179783786	11.3237295231241	1.88298800509472
PA14_RS02515	27.0451907619459	27.0604213773054	27.3301893531875	25.7977063940853	37.1966943824694	28.2802582878213	33.6372926427033	33.9711885693723	39.5427481069892
PA14_RS02520	24.4694583084272	39.3606129124443	51.2441050372266	32.7432427309544	34.8719009835651	39.3903597580368	33.0026267437844	51.4714978323823	43.3087241171786
PA14_RS02525	19.3179934013899	9.02014045910181	15.373231511168	8.9299752902603	21.6980717231072	14.1401291439106	10.7893202816218	18.5297392196576	33.893784091705
PA14_RS02530	20.6058596281493	33.6205235293795	29.0383261877617	39.6887790678235	38.7465566484057	50.5004612282523	37.4452880362169	49.412637919087	32.0107960866103
PA14_RS02535	538.328082785399	413.286435580665	391.163335117496	348.269036320152	330.120662644416	346.433164025811	303.370299683249	352.065045173495	299.395092810061
PA14_RS02540	16.7422609478713	27.0604213773054	11.9569578420195	16.867731103825	20.1482094571709	14.1401291439106	27.9252995524329	15.4414493497147	0
PA14_RS02545	27.0451907619459	9.02014045910181	17.9354367630293	14.8832921504338	20.9231405901391	13.1301199193456	18.405311068649	33.9711885693723	0
PA14_RS02550	274.315506299737	224.683498708536	291.237330294904	288.735867718416	389.015428749993	383.803505334717	456.324781322711	514.714978323823	566.779389533511
PA14_RS02555	112.044361728062	77.9012130558793	97.3637995707305	122.042995633557	79.0429755627475	70.7006457195532	117.413191300002	118.384445014479	126.160196341346
PA14_RS02560	63.1054451112071	32.8005107603702	42.7034208643555	44.6498764513015	21.6980717231072	23.230212164996	31.0986290470276	32.9417586127247	30.1278080815155
PA14_RS02565	36.0602543492612	22.1403447632499	27.3301893531875	37.7043401144324	29.4473830527883	37.3703413089067	41.2532834297304	46.3243480491441	30.1278080815155
PA14_RS02570	18.0301271746306	19.6803064562221	35.8708735260586	19.8443895339118	19.3732783242028	22.220202940431	26.0213018556761	18.5297392196576	20.7128680560419
PA14_RS02575	27.0451907619459	18.8602936872129	11.1028894247324	25.7977063940853	29.4473830527883	16.1601475930407	20.3093087654058	20.5885991329529	32.0107960866103
PA14_RS02580	33.4845218957425	41.0006384504628	29.0383261877617	32.7432427309544	45.7209368451187	24.2402213895611	34.2719585416222	26.7651788728388	48.9576881324628
PA14_RS02585	113.332227954821	159.082477187796	172.521820291996	331.401305216327	238.678788954179	267.652444509737	331.295599235681	321.182146474066	352.118756952713
PA14_RS02590	36.0602543492612	14.7602298421666	11.9569578420195	35.7199011610412	36.4217632495013	31.3102859615164	20.9439746643247	47.3537780057917	15.0639040407578
PA14_RS02595	91.4385020999123	74.6211619798423	119.569578420195	127.996312493731	123.21405014193	104.0309501302	133.279838772975	161.62050319368	101.681352275115
PA14_RS02600	57.9539802041698	73.801149210833	80.2824312249883	73.4242412754736	88.3421491583649	42.4203874317319	71.0825806789202	114.266725187889	67.78756818341
PA14_RS02605	52.8025152971325	138.582157962564	140.921288852373	154.786238364512	117.789532211153	105.040959354765	132.010506975137	128.678744580956	96.0323882598308
PA14_RS31630	12.8786622675933	2.46003830702777	0	0	3.87465566484057	4.04003689826018	4.44266129243251	3.08828986994294	0
PA14_RS02615	509.995025796694	418.20651219472	462.905082169613	302.626940392155	356.468321165332	350.473200924071	316.063617661627	289.269817817988	314.458996850819
PA14_RS02620	182.877004199825	182.042834720055	135.79687834865	113.113020343297	110.040220881472	104.0309501302	96.4692166356774	66.912947182097	137.458124371915
PA14_RS02625	21.8937258549086	58.2209065996571	46.1196945335039	37.7043401144324	31.7721764516926	27.2702490632562	24.1173041589193	21.6180290896006	26.3618320713261
PA14_RS02630	51.5146490703731	37.7205873744258	50.3900366199395	37.7043401144324	24.0228651220115	43.4303966562969	50.7732719135144	37.0594784393153	54.6066521477469
PA14_RS02635	27.0451907619459	65.6010215207404	40.1412156124941	43.6576569746059	29.4473830527883	26.2602398386912	24.1173041589193	16.4708793063623	32.0107960866103
PA14_RS02640	184.164870426584	167.282604877888	116.153304751047	285.75920928833	237.128926688243	179.781641972578	244.981036982707	228.533450375777	241.022464652124
PA14_RS02645	507.419293343175	477.247431563387	743.039523039785	539.7673953224	520.753721354572	533.284870570344	651.801878189741	675.306051560856	790.854962139783
PA14_RS02650	19.3179934013899	22.1403447632499	19.6435735976035	38.696559591128	38.7465566484057	35.3503228597766	67.2745852854066	62.7952273555064	22.5958560611367
PA14_RS02655	79.8477060590783	49.2007661405553	64.0551312965332	71.4398023220824	88.3421491583649	78.7807195160735	88.2185599497313	86.4721163584023	88.5004362394519
PA14_RS02660	726.356551892261	509.227929554748	557.706676488482	580.448393866919	481.232233573198	495.914529261437	315.428951762708	453.978610881612	466.981025263491
PA14_RS02665	193.179934013899	163.182541032842	135.79687834865	153.794018887816	113.914876546313	128.271171519761	83.1412327583798	106.031285534708	111.096292300589
PA14_RS02670	549.918878826233	300.944686226397	321.98379331724	340.331280506587	289.049312597106	315.122878064294	274.175668332978	338.682455737076	316.341984855913
PA14_RS02675	108.180763047784	67.241047058759	64.0551312965332	57.5487296483441	75.9432510308751	63.6305811475979	43.1572811264872	46.3243480491441	62.1386041681258
PA14_RS02680	97.8778332337089	48.3807533715461	53.8063102890879	46.6343154046927	42.6212123132462	59.5905442493377	38.0799539351358	49.412637919087	47.074700127368
PA14_RS02685	190.604201560381	109.061698278231	118.715510002908	108.151922959819	96.091460488046	90.9008302108541	78.0639055670284	146.179053843966	77.2025082088836
PA14_RS02690	206.058596281492	104.961634433185	140.921288852373	118.074117726775	95.3165293550779	132.311208418021	82.5065668594609	119.413874971127	263.618320713261
PA14_RS02695	1117.8678848271	513.327993399794	808.802791170893	436.576569746059	543.226724210647	537.324907468604	475.364758290279	658.835172254493	574.31134155389
PA14_RS02700	106.892896821024	69.7010853657867	53.8063102890879	60.5253880784309	53.4702481747998	67.670618045858	43.7919470254062	63.8246573121541	86.6174482343572
PA14_RS02705	144.241017397045	76.2611875178608	73.4498838866914	92.2764113326897	96.8663916210141	88.880811761724	83.1412327583798	134.855324320842	88.5004362394519
PA14_RS02710	4025.86982484966	2116.45295681289	2891.02159251687	2417.04664523045	2557.27273879477	2997.70737850905	2625.61282382761	3578.29852930722	3442.10207331315
PA14_RS02715	64.3933113379664	45.9207150645183	45.2656261162168	63.5020465085177	49.5955925099592	67.670618045858	50.1386060145955	44.2654881358488	43.3087241171786
PA14_RS02720	23.1815920816679	20.5003192252314	11.9569578420195	12.8988531970427	16.2735537923304	6.06005534739027	11.4239861805407	5.14714978323823	3.76597601018944
PA14_RS02725	5.15146490703731	2.46003830702777	0	0.992219476695589	1.54986226593623	0	0.63466589891893	0	0
PA14_RS02730	162.271144571675	112.341749354268	100.780073239879	64.4942659852133	65.0942151693215	86.8607933125939	53.946601408109	70.0012370520399	32.0107960866103
PA14_RS02735	316.815091782795	200.083115638258	406.536566628664	155.778457841207	165.060331322208	143.421309888236	134.549170570813	224.415730549187	242.905452657219
PA14_RS02740	327.118021596869	277.984328694138	272.447825114588	200.428334292509	143.362259599101	161.601475930407	104.719873321623	146.179053843966	222.192584601177
PA14_RS02745	181.589137973065	88.5613790529996	107.612620578176	128.988531970427	148.786777529878	133.321217642586	106.62387101838	129.708174537603	190.181788514567
PA14_RS02750	73.4083749252817	30.3404724533425	61.4929260446719	34.7276816843456	65.0942151693215	59.5905442493377	75.5252419713527	79.2661066618687	156.288004422862
PA14_RS02755	33.4845218957425	22.1403447632499	23.9139156840391	12.8988531970427	28.6724519198202	29.2902675123863	23.4826382600004	9.26486960982881	18.8298800509472
PA14_RS02760	112.044361728062	71.3411109038052	77.720225973127	159.74733574799	169.709918120017	152.511392909322	210.074412542166	248.092619552083	252.320392682693
PA14_RS02765	0	2.46003830702777	2.56220525186133	1.98443895339118	13.1738292604579	3.03002767369514	9.51998848378395	6.17657973988588	1.88298800509472
PA14_RS02770	33.4845218957425	38.540600143435	40.1412156124941	65.4864854619089	38.7465566484057	28.2802582878213	72.9865783756769	82.3543965318117	139.341112377009
PA14_RS02775	27.0451907619459	50.0207789095646	63.2010628792461	50.603193311475	80.5928378286838	55.5505073510775	107.893202816218	157.50278336709	190.181788514567
PA14_RS31340	6.43933113379664	4.10006384504628	3.41627366914844	0	0.774931132968113	3.03002767369514	1.90399769675679	5.14714978323823	0
PA14_RS02785	79.8477060590783	68.8810725967775	125.548057341205	100.214167146254	105.390634083663	122.21111617237	142.16516135784	140.00247410408	103.56434028021
PA14_RS02790	14.1665284943526	22.1403447632499	23.9139156840391	38.696559591128	23.2479339890434	14.1401291439106	51.4079378124333	27.7946088294864	54.6066521477469
PA14_RS02795	15.4543947211119	27.0604213773054	11.1028894247324	25.7977063940853	13.1738292604579	21.210193715866	22.2133064621625	24.7063189595435	16.9468920458525
PA14_RS02800	154.543947211119	142.68222180761	132.380604679502	177.60728632851	170.484849252985	139.381272989976	152.319815740543	194.562261806405	178.883860483999
PA14_RS02805	150.680348530841	124.641940889407	114.445167916473	151.809579934425	165.835262455176	161.601475930407	157.397142931895	141.031904060727	135.57513636682
PA14_RS02810	47.6510503900951	110.701723816249	87.9690469805723	62.5098270318221	141.037466200197	96.9608855582444	82.5065668594609	90.5898361849928	88.5004362394519
PA14_RS02815	11.590796040834	13.9402170731573	14.5191630938809	17.8599505805206	22.4730028560753	11.1101014702155	15.8666474729732	21.6180290896006	7.53195202037889
PA14_RS02820	27.0451907619459	19.6803064562221	13.6650946765938	13.8910726737382	19.3732783242028	14.1401291439106	24.7519700578383	24.7063189595435	7.53195202037889
PA14_RS02825	101.741431913987	68.0610598277682	70.8876786348301	91.2841918559942	91.4418736902373	101.000922456505	54.581267307028	95.7369859682311	73.4365321986942
PA14_RS02830	113.332227954821	79.5412385938978	91.3853206497207	75.4086802288647	117.789532211153	110.09100547759	94.5652189389206	102.942995664765	128.043184346441
PA14_RS02835	19.3179934013899	20.5003192252314	23.9139156840391	21.8288284873029	16.2735537923304	14.1401291439106	20.3093087654058	30.8828986994294	26.3618320713261
PA14_RS02840	18.0301271746306	24.6003830702777	36.7249419433457	45.6420959279971	27.122589653884	32.3202951860815	24.7519700578383	27.7946088294864	3.76597601018944
PA14_RS02845	64.3933113379664	63.1409832137127	103.34227849174	103.190825576341	106.9404963496	103.020940905635	120.586520794597	137.943614190785	141.224100382104
PA14_RS02850	592.418464309291	518.24807001385	368.103487850744	623.11383136483	612.195595044809	685.796263479666	515.98337582109	520.891558063709	579.960305569174
PA14_RS02855	495.828497302341	445.266933572026	316.859382813518	592.355027587266	495.180993966624	553.485055061645	496.308732954603	426.184002052125	427.438277156502
PA14_RS02860	522.873688064287	472.327354949331	591.869413179967	636.012684561872	683.489259277876	717.106549441182	727.961786060013	722.659829566647	753.195202037889
PA14_RS02865	130.074488902692	98.4015322811107	129.818399427641	117.081898250079	137.162810535356	127.261162295196	107.258536917299	129.708174537603	137.458124371915
PA14_RS02870	9.0150635873153	4.92007661405553	5.12441050372266	15.8755116271294	13.1738292604579	12.1201106947805	8.88532258486502	8.23543965318117	28.2448200764208
PA14_RS02875	94.014234553431	109.061698278231	101.634141657166	160.739555224685	153.436364327686	165.641512828667	138.357165964327	165.738223020271	190.181788514567
PA14_RS02880	113.332227954821	131.202043041481	100.780073239879	154.786238364512	136.387879402388	191.901752667359	147.877154448111	158.532213323737	146.873064397388
PA14_RS02885	10.3029298140746	13.9402170731573	14.5191630938809	21.8288284873029	40.2964189143419	23.230212164996	35.5412903394601	39.1183383526105	43.3087241171786
PA14_RS02890	209.92219496177	201.723141176277	178.500299213006	319.49467149598	265.026447475095	265.632426060607	205.631751249733	220.298010722596	220.309596596082
PA14_RS02895	755.977475107726	769.991990099691	801.970243832596	1002.14167146254	1032.98320024649	1007.98920611592	1007.84944748326	1113.84321309275	1001.74961871039
PA14_RS02900	123.635157768895	109.88171104724	116.153304751047	153.794018887816	120.114325610058	162.611485154972	112.335864108651	113.237295231241	65.9045801783153
PA14_RS31345	5.15146490703731	13.9402170731573	1.70813683457422	10.9144142436515	0.774931132968113	10.1000922456505	4.44266129243251	2.05885991329529	0
PA14_RS02910	38.6359868027798	40.1806256814535	54.660378706375	55.564290694953	72.8435264990026	24.2402213895611	44.4266129243251	51.4714978323823	69.6705561885047
PA14_RS02915	51.5146490703731	50.0207789095646	76.0120891385527	70.4475828453868	72.8435264990026	102.01093168107	71.0825806789202	64.8540872688017	73.4365321986942
PA14_RS02920	64.3933113379664	42.6406639884813	37.5790103606328	75.4086802288647	53.4702481747998	49.4904520036872	57.7545968016226	51.4714978323823	54.6066521477469
PA14_RS02925	106.892896821024	113.981774892287	128.110262593066	129.980751447122	103.065840684759	125.241143846066	100.277212029191	126.61988466766	141.224100382104
PA14_RS02930	106.892896821024	133.662081348509	143.483494104234	148.832921504338	176.68429831673	150.491374460192	139.626497762165	150.296773670556	114.862268310778
PA14_RS02935	768.856137375319	678.150559970654	429.596413895416	1731.4229868338	1317.38292604579	1186.76083886393	1375.32100295732	1180.75616027485	1370.81526770896
PA14_RS02940	57.9539802041698	52.4808172165924	73.4498838866914	57.5487296483441	55.7950415737041	45.450415105427	50.1386060145955	65.8835172254493	39.5427481069892
PA14_RS02945	16.7422609478713	22.1403447632499	19.6435735976035	32.7432427309544	16.2735537923304	36.3603320843416	21.5786405632436	24.7063189595435	7.53195202037889
PA14_RS02950	30.9087894422239	72.9811364418238	64.9091997138203	64.4942659852133	86.7922868924287	56.5605165756425	86.9492281518934	71.0306670086876	103.56434028021
PA14_RS02955	61.8175788844477	78.7212258248885	80.2824312249883	79.3775581356471	97.6413227539823	122.21111617237	63.466589891893	48.3832079624394	99.7983642700202
PA14_RS02960	12.8786622675933	18.8602936872129	11.9569578420195	18.8521700572162	13.1738292604579	11.1101014702155	17.1359792708111	19.5591691763053	37.6597601018944
PA14_RS02965	7.72719736055597	6.56010215207404	9.3947525901582	7.93775581356471	4.64958679780868	4.04003689826018	6.98132488810823	8.23543965318117	13.1809160356631
PA14_RS02970	3.86359868027798	2.46003830702777	0.854068417287109	7.93775581356471	5.42451793077679	6.06005534739027	3.80799539351358	5.14714978323823	0
PA14_RS02975	19.3179934013899	28.7004469153239	22.2057788494648	32.7432427309544	27.122589653884	47.4704335545571	31.7332949459465	22.6474590462482	26.3618320713261
PA14_RS02980	269.1640413927	193.523013486184	247.679841013262	89.299752902603	84.4674934935243	123.221125396936	92.6612212421638	97.7958458815264	184.532824499283
PA14_RS31350	9.0150635873153	6.56010215207404	2.56220525186133	4.96109738347794	5.42451793077679	3.03002767369514	1.26933179783786	3.08828986994294	1.88298800509472
PA14_RS02985	64.3933113379664	50.8407916785738	38.4330787779199	72.432021798778	42.6212123132462	46.4604243299921	29.1946313502708	32.9417586127247	22.5958560611367
PA14_RS02990	204.770730054733	222.223460401508	223.765925329223	161.731774701381	173.584573784857	161.601475930407	138.991831863246	113.237295231241	161.936968438146
PA14_RS30070	185.452736653343	202.543153945286	89.6771838151465	173.638408421728	141.037466200197	153.521402133887	99.642546130272	97.7958458815264	69.6705561885047
PA14_RS02995	498.40422975586	541.208427546109	266.469346193578	723.327998511084	625.369424305267	566.61517498099	288.772984008113	263.534068901797	222.192584601177
PA14_RS03000	1375.44113017896	1208.69882151964	1191.42544211552	1757.22069322789	1313.50827038095	1174.64072816915	1499.71551914543	1083.98974434997	1210.76128727591
PA14_RS03005	240.830984403994	227.963549784573	242.555430509539	182.568383711988	185.208540779379	182.811669646273	204.362419451895	199.709411589643	220.309596596082
PA14_RS03010	3665.26728135705	3166.06930114474	3306.0988433184	4000.62893003661	4722.43032430768	4597.56199022009	4433.14130394873	4482.13803124385	4573.77786437508
PA14_RS03015	722.492953211983	842.973126541515	813.927201674615	859.26206681838	692.788432873493	756.496909199219	636.569896615687	617.657973988588	595.024209609932
PA14_RS03020	937.566613080791	941.374658822625	687.525075916123	748.133485428474	775.706064101081	725.186623237703	542.639343575685	547.656736936548	619.503053676163
PA14_RS03025	2794.66971206774	2776.56323586534	2005.35264379013	3010.39389229442	3083.45097808012	2719.95484175367	2133.74675216544	1688.26512890214	2005.38222542588
PA14_RS03030	238.255251950476	328.825120372711	313.443109144369	337.3546220765	320.821489048799	309.062822716904	318.602281257303	290.299247774636	284.331188769303
PA14_RS03035	103.029298140746	107.421672740212	97.3637995707305	152.801799411121	154.211295460654	157.561439032147	218.959735127031	165.738223020271	122.394220331157
PA14_RS03040	12.8786622675933	32.8005107603702	40.1412156124941	28.7743648241721	23.2479339890434	37.3703413089067	26.0213018556761	25.7357489161911	50.8406761375575
PA14_RS03045	119.771559088618	78.7212258248885	111.882962664611	111.128581389906	79.0429755627475	91.9108394354191	90.757223545407	79.2661066618687	43.3087241171786
PA14_RS03050	60.5297126576884	30.3404724533425	28.1842577704746	98.2297281928633	67.4190085682258	54.5404981265124	74.8905760724337	83.3838264884593	58.3726281579364
PA14_RS03055	15.4543947211119	20.5003192252314	15.373231511168	7.93775581356471	21.6980717231072	7.07006457195532	15.8666474729732	21.6180290896006	22.5958560611367
PA14_RS03060	248.55818176455	249.283881778814	321.98379331724	165.700652608163	259.601929544318	361.583302394286	258.309020860004	326.329296257304	259.852344703072
PA14_RS03065	149.392482304082	127.101979196435	164.835204536412	115.097459296688	148.786777529878	147.461346786497	135.818502368651	217.209720852653	209.011668565514
PA14_RS03070	725.068685665502	654.370189669386	752.434275629943	665.77926886274	778.030857499986	765.586992220304	856.798963540555	996.488198034921	926.430098506603
PA14_RS03075	91.4385020999123	151.702362266712	139.213152017799	125.019654063644	141.812397333165	160.591466705842	136.45316826757	131.767034450899	126.160196341346
PA14_RS03080	154.543947211119	146.782285652657	172.521820291996	189.513920048857	170.484849252985	163.621494379537	184.687776585409	168.826512890214	118.628244320967
PA14_RS03085	83.7113047393563	73.801149210833	93.947525901582	131.965190400513	97.6413227539823	77.7707102915085	68.5439170832444	59.7069374855635	90.3834242445466
PA14_RS03090	200.907131374455	177.122758105999	190.457257055025	281.790331381547	327.020938112544	310.072831941469	304.004965582167	273.828368468274	295.629116799871
PA14_RS03095	285.906302340571	268.964188235036	210.954899069916	240.117113360332	278.200276735553	308.052813492339	191.034435574598	194.562261806405	237.256488641935
PA14_RS03100	619.463655071237	712.591096269043	666.173365483945	674.709244153	658.691463022896	788.8172043853	635.300564817849	649.570302644665	762.610142063362
PA14_RS03105	2524.21780444828	2320.63613629619	2665.54753035307	2471.61871644871	2960.23692793819	2852.26605017169	2864.24720182113	3194.32115547765	3178.48375259989
PA14_RS03110	50.2267828436138	72.9811364418238	67.4714049656816	86.3230944725162	80.5928378286838	102.01093168107	119.951854895678	128.678744580956	54.6066521477469
PA14_RS03115	20.6058596281493	26.2404086082962	37.5790103606328	40.6809985445191	43.3961434462143	34.3403136352115	45.695944722163	46.3243480491441	32.0107960866103
PA14_RS03120	27.0451907619459	34.4405362983887	72.5958154694043	46.6343154046927	24.0228651220115	58.5805350247726	53.946601408109	73.0895269219829	54.6066521477469
PA14_RS03125	45.0753179365765	39.3606129124443	20.4976420148906	53.5798517415618	37.9716255154375	47.4704335545571	60.2932603972983	59.7069374855635	60.2556161630311
PA14_RS03130	88.8627696463936	108.241685509222	110.174825830037	111.128581389906	130.188430338643	123.221125396936	118.047857198921	133.825894364194	112.979280305683
PA14_RS03135	47.6510503900951	22.9603575322592	27.3301893531875	43.6576569746059	46.4958679780868	30.3002767369514	43.1572811264872	46.3243480491441	20.7128680560419
PA14_RS03140	51.5146490703731	67.241047058759	42.7034208643555	61.5176075551265	32.5471075846608	45.450415105427	43.1572811264872	45.2949180924964	45.1917121222733
PA14_RS03145	56.6661139774104	65.6010215207404	60.6388576273848	116.089678773384	125.538843540834	99.9909132319395	107.258536917299	93.6781260549358	116.745256315873
PA14_RS03150	36.0602543492612	76.2611875178608	58.0766523755234	70.4475828453868	70.5187331000983	60.6005534739027	69.8132488810823	51.4714978323823	52.7236641426522
PA14_RS03155	16.7422609478713	67.241047058759	36.7249419433457	26.7899258707809	28.6724519198202	25.2502306141261	36.8106221372979	44.2654881358488	39.5427481069892
PA14_RS03160	36.0602543492612	27.8804341463147	23.059847266752	22.8210479639985	21.6980717231072	22.220202940431	22.2133064621625	8.23543965318117	22.5958560611367
PA14_RS03165	83.7113047393563	88.5613790529996	109.32075741275	107.159703483124	119.339394477089	129.281180744326	97.1038825345963	105.00185557806	131.809160356631
PA14_RS03170	209.92219496177	165.64257933987	145.191630938809	187.529481095466	154.211295460654	177.761623523448	154.2238134373	176.032522586747	246.671428667409
PA14_RS03175	383.78413557428	340.305299138841	287.821056625756	369.105645330759	333.995318309257	347.443173250376	295.119642997302	319.12328656077	329.522900891576
PA14_RS03180	64.3933113379664	84.4613152079533	43.5574892816426	1611.36443015364	1816.43857567726	1578.64441799517	2708.11939068707	2683.72389698041	2675.7259552396
PA14_RS03185	184.164870426584	106.601659971203	124.693988923918	1129.14576447958	932.24215296064	986.779012400049	1160.80392912272	955.310999769015	1013.04754674096
PA14_RS03190	29.6209232154645	59.8609321376757	59.7847892100977	2718.68136614591	2654.91406154876	2566.43343961978	6303.50170806281	6607.91089172124	5935.17819205856
PA14_RS03195	145.528883623804	172.202681491944	142.629425686947	13925.8003554226	11015.6460551417	11183.8321436087	19284.3233386517	15204.6804596857	16965.7219259034
PA14_RS03200	33.4845218957425	31.1604852223517	28.1842577704746	2086.63755949082	1725.77163311999	1585.71448256712	2933.42578480329	2434.60184747168	2206.86194197101
PA14_RS03205	95.3021007801903	86.9213535149811	48.6818997853652	2599.61502894244	2017.92067024897	1853.36692707686	3460.19848090601	2866.96242926369	2901.68451585097
PA14_RS03210	56.6661139774104	67.241047058759	73.4498838866914	3050.08267136224	2575.09615485304	2453.3124064685	4468.04792838927	4368.90073601261	4312.04253166691
PA14_RS03215	32.1966556689832	42.6406639884813	25.6220525186133	2061.83207257343	1709.49807932766	1633.18491612168	2353.97581909031	2342.98258133004	2602.28942304091
PA14_RS03220	41.2117192562985	71.3411109038052	82.8446364768496	3929.18912771453	3357.77659915083	3070.42804267774	6922.30095950877	6534.82136479926	6654.47961000475
PA14_RS03225	43.7874517098172	27.8804341463147	29.0383261877617	1569.69121213242	1406.50000633713	1318.06203805738	2604.66884916329	2351.21802098322	2376.33086242954
PA14_RS03230	383.78413557428	301.764698995406	357.000598426012	13724.3798016534	12904.153226185	12047.3900306119	25744.5875237475	25649.2767998327	24772.5901950262
PA14_RS03235	60.5297126576884	70.521098134796	67.4714049656816	1831.63715398006	1579.30964898901	1486.73357855975	2402.84509330707	2216.36269666238	2342.43707833783
PA14_RS03240	253.709646671588	315.704916068563	422.763866557119	12028.6767159806	12325.2796698578	11220.1924756931	28843.6611081686	30976.5768254843	31118.2597721954
PA14_RS03245	55.3782477506511	50.0207789095646	70.033610217543	1935.82019903309	1812.56392001242	1731.15581090449	4174.1976171898	4134.19070589695	4055.95616297403
PA14_RS03250	64.3933113379664	64.7810087517312	54.660378706375	3074.88815827963	2538.67439160354	2167.47979591659	4867.25277880927	4085.80749793451	4080.43500704026
PA14_RS03255	437.874517098172	412.466422811656	447.531850658445	12234.0661476566	12097.4499167652	10948.4999942851	25906.4273279718	26015.7538643993	25162.3687120808
PA14_RS03260	146.816749850563	126.281966427425	144.337562521522	3997.65227160653	3439.14436811249	3483.52181552484	7366.56708875202	7051.59520303638	7223.14198754335
PA14_RS03265	23.1815920816679	19.6803064562221	11.9569578420195	607.2383197377	527.728101551285	494.904520036872	585.796624702172	522.950417977004	517.821701401048
PA14_RS03270	77.2719736055597	100.041557819129	95.6556627361563	2180.8984097769	2155.08348078432	1966.48796022814	4151.98431072764	4705.52433183639	4760.19367687946
PA14_RS03275	9.0150635873153	23.7803703012684	37.5790103606328	641.966001422046	682.714328144908	572.675230328381	1384.20632554219	1439.14307939341	1319.9745915714
PA14_RS03280	12.8786622675933	19.6803064562221	7.68661575558399	448.483203466406	382.815979686248	334.31305333103	603.567269871902	696.924080650456	706.120501910521
PA14_RS30075	27.0451907619459	68.0610598277682	42.7034208643555	920.779674373506	875.672180253968	694.886346500751	1659.01665977408	1830.32646291951	1726.70000067186
PA14_RS03290	105.605030594265	139.402170731573	152.878246694393	6699.46590664861	6097.93308532608	5505.56028310406	13457.455720677	12380.9540886012	12975.6703431077
PA14_RS03295	109.468629274543	50.0207789095646	46.973762950791	2108.46638797813	2138.03499585902	1862.45701009794	3522.39573900006	3386.82455737075	3176.6007645948
PA14_RS03300	154.543947211119	134.482094117518	60.6388576273848	6195.41841248726	5371.82261373496	3958.22615107041	6322.54168503038	5940.84027981356	5856.09269584458
PA14_RS03305	337.420951410944	249.283881778814	293.799535546766	9853.73162306389	9516.15431284843	8294.19575212815	19032.3609767809	19820.6443852938	16562.7624928132
PA14_RS03310	11.590796040834	18.8602936872129	14.5191630938809	555.64290694953	589.722592188734	543.384962815994	1086.54801894921	1172.52072062167	1144.85670709759
PA14_RS03315	28.3330569887052	48.3807533715461	35.8708735260586	1729.43854788041	1532.03884987796	1428.15304353497	3121.92155678222	2940.05195618568	2811.30109160642
PA14_RS03320	48.9389166168545	79.5412385938978	68.3254733829688	2538.09742138732	2465.83086510454	2149.29962987442	4317.63211034548	4193.89764338251	3788.57186625058
PA14_RS03325	92.7263683266716	49.2007661405553	70.033610217543	2334.69242866472	2104.7129571414	1939.21771116489	3673.44622294277	3516.53273190836	3319.70785298199
PA14_RS03330	408.253593882707	422.306576039767	457.780671665891	14189.7307362236	13064.5639707094	12070.6202427769	26171.083007821	25531.9217847749	24524.0357783537
PA14_RS31185	149.392482304082	138.582157962564	114.445167916473	4481.85537623397	4326.44051536098	3873.38537620695	7643.28142068067	6771.59025482821	6068.87034042029
PA14_RS03335	153.25608098436	166.462592108879	153.73231511168	5235.94217852262	4541.09643919314	4052.15700895496	8279.85131729636	7260.56948423585	6601.75594586209
PA14_RS03340	42.4995854830578	47.5607406025368	58.9307207928106	1471.46148393956	1373.95289875246	1118.08021159351	2567.85822702599	2415.04267829538	2091.99967366024
PA14_RS03345	123.635157768895	94.3014684360644	68.3254733829688	3067.94262194276	2766.50414469616	2115.96932546377	3077.49494385789	2786.66689264518	2607.93838705619
PA14_RS03350	253.709646671588	302.584711764415	294.653603964053	1052.74486477402	962.464467146396	914.058348231366	1340.41437851678	1261.05169689337	1127.90981505174
PA14_RS03355	163.559010798435	192.703000717175	175.084025543857	811.635531936992	804.378516020901	734.276706258788	1233.7905074984	902.810071979986	881.23838638433
PA14_RS03360	135.225953809729	170.562655953925	164.835204536412	763.016777578908	648.617358294311	608.025553188157	997.694793100558	911.045511633167	856.759542318098
PA14_RS03365	868.021836835787	832.312960544394	889.939290813168	920.779674373506	861.723419860542	929.208486599842	958.980173266503	998.547057948217	785.205998124499
PA14_RS03370	25.7573245351866	55.7608682926294	57.2225839582363	266.907039231113	244.878238017924	211.091927934094	378.260875755682	308.828986994294	267.38429672345
PA14_RS03375	377.344804440483	354.245516211998	338.211093245695	654.864854619089	624.594493172299	512.074676854478	740.020438139472	696.924080650456	544.183533472375
PA14_RS03380	149.392482304082	115.621800430305	99.0719364053047	154.786238364512	158.860882258463	199.981826463879	187.226440181084	177.061952543395	209.011668565514
PA14_RS03385	0	7.3801149210833	11.9569578420195	6.94553633686912	10.8490358615536	17.1701568176058	6.98132488810823	9.26486960982881	11.2979280305683
PA14_RS03390	88.8627696463936	64.7810087517312	86.2609101459981	340.331280506587	261.151791810254	252.502306141261	366.202223676223	417.948562398944	414.257361120839
PA14_RS03395	133.93808758297	132.842068579499	150.316041442531	158.755116271294	162.735537923304	163.621494379537	180.879781191895	186.326822153224	111.096292300589
PA14_RS03400	298.784964608164	226.323524246555	251.950183099697	298.658062485372	299.123417325692	303.002767369514	274.175668332978	259.416349075207	450.034133217638
PA14_RS03405	131.362355129451	104.141621664175	157.148588780828	120.058556680166	147.236915263941	149.481365235627	119.317188996759	143.090763974023	64.0215921732205
PA14_RS03410	39.9238530295392	58.2209065996571	35.0168051087715	42.6654374979103	61.2195595044809	29.2902675123863	39.9839516318926	54.5597877023252	39.5427481069892
PA14_RS03415	82.423438512597	81.1812641319163	97.3637995707305	180.583944758597	158.860882258463	172.711577400623	224.671728217301	224.415730549187	227.841548616461
PA14_RS03420	97.8778332337089	109.061698278231	84.5527733114238	129.980751447122	166.610193588144	138.371263765411	138.357165964327	144.12019393067	175.117884473809
PA14_RS03425	46.3631841633358	40.1806256814535	56.3685155409492	48.6187543580838	60.4446283715128	75.7506918423784	78.6985714659473	77.2072467485735	50.8406761375575
PA14_RS03430	291.057767247608	289.464507460267	176.792162378432	303.61915986885	272.775758804776	321.182933411684	274.175668332978	243.974899725492	160.053980433051
PA14_RS03435	204.770730054733	209.923268866369	257.928662020707	124.027434586949	160.410744524399	180.791651197143	107.258536917299	114.266725187889	150.639040407578
PA14_RS03440	654.236043193739	633.049857675145	676.422186491391	419.708838642234	485.106889238039	458.544187952531	316.063617661627	374.712504219743	316.341984855913
PA14_RS03445	1108.85282123978	952.034824819746	985.594953549324	966.421770301503	906.669425572692	999.909132319395	972.94282304272	982.076178641854	984.802726664539
PA14_RS03450	314.239359329276	229.603575322592	70.8876786348301	304.611379345546	402.189258010451	308.052813492339	173.263790404868	180.150242413338	224.075572606272
PA14_RS03455	0	0	0	0	0	0	0.63466589891893	0	0
PA14_RS03460	0	0	0	1.98443895339118	0.774931132968113	3.03002767369514	0	1.02942995664765	0
PA14_RS03465	10.3029298140746	5.74008938306479	3.41627366914844	5.95331686017353	2.32479339890434	3.03002767369514	7.61599078702716	2.05885991329529	1.88298800509472
PA14_RS03470	351.587479905297	299.304660688378	208.392693818055	226.226040686594	204.581819103582	191.901752667359	112.97053000757	79.2661066618687	90.3834242445466
PA14_RS03475	287.19416856733	404.266295121563	354.43839317415	280.798111904852	365.767494760949	329.263007208205	298.292972491897	298.534687427817	288.097164779492
PA14_RS03480	186.740602880103	214.843345480425	212.66303590449	224.241601733203	180.55895398157	185.841697319968	128.202511581624	131.767034450899	152.522028412672
PA14_RS03485	150.680348530841	186.142898565101	192.1653938896	155.778457841207	137.937741668324	133.321217642586	144.069159054597	111.178435317946	97.9153762649255
PA14_RS03490	1696.11982064203	1121.77746800466	866.879443546416	1585.56672375955	1286.38568072707	1445.32320035258	802.852362132446	608.393104378759	610.08811365069
PA14_RS03495	884.764097783658	702.750943040932	651.654202390064	985.27394035872	850.874383998988	1015.05927068787	602.932603972983	470.449490187974	621.386041681258
PA14_RS03500	500.979962209379	523.168146627905	629.4484235406	661.810390955958	610.645732778873	675.696171234015	736.847108644878	543.539017109957	519.704689406143
PA14_RS03505	4501.09246252385	5357.96343270648	5010.81940422347	3935.1424445747	4512.42398727332	4388.49008073512	3265.99071583681	3368.2948181511	3425.1551812673
PA14_RS03510	57.9539802041698	79.5412385938978	89.6771838151465	102.198606099646	99.9661161528866	122.21111617237	76.7945737691905	80.2955366185164	24.4788440662314
PA14_RS03515	1095.97415897219	1262.81966427425	1033.4227849174	1126.16910604949	1076.37934369271	1069.59976881438	924.708214724881	867.809453453965	666.577753803531
PA14_RS03520	4564.19790763506	4280.46665422831	3712.63540994706	3863.70264225262	4054.43968768917	4270.31900146101	3341.51595780817	3262.26353261639	3376.19749313484
PA14_RS03525	2844.89649491136	2669.14156312513	2986.67725525302	2120.37302169847	2406.16116786599	2238.18044163614	2228.94663700328	2212.24497683579	2560.86368692882
PA14_RS03530	3430.87562808685	3887.68053787288	3813.41548318694	3330.88078326709	3337.62838969366	3318.89031192074	3075.59094616113	3122.26105851231	3099.39825638591
PA14_RS03535	4767.68077146303	5256.28184934933	5466.0378706375	3869.6559591128	4333.41489555769	4003.67656617584	3799.11007092871	3930.36357448071	3692.53947799075
PA14_RS03540	8541.12881586786	6048.41418421227	4616.23979543683	6279.75706800638	5667.07137539581	5165.18717442564	3923.50458711682	3297.26415114241	3425.1551812673
PA14_RS03545	11653.9014859452	11197.2743608214	11947.5630894294	8422.95113766885	8239.84273684995	7747.78076163846	7045.42614389904	6789.09056409123	6739.21407023401
PA14_RS03550	9722.10214580617	10593.7449628306	12851.1674749191	5336.15634566888	6187.82509675038	5759.07259846989	5734.20639673253	5310.82914634521	6372.03140924054
PA14_RS03555	2772.77598621283	2701.12206111649	2824.40425596847	2107.47416850143	2310.84463851091	2305.851059682	2051.24018530598	2064.00706307853	2293.47939020537
PA14_RS03560	2203.53911398521	1942.61024978293	1961.79515450849	1617.31774701381	1631.23003489788	1585.71448256712	1564.45144083516	1395.90702121421	1481.91156000955
PA14_RS03565	9344.75734136568	8785.61680716516	9732.9636834039	6351.19687032846	6958.88157405366	7142.785236124	6982.59421990607	6613.05804150448	6859.72530256007
PA14_RS03570	2484.29395141874	2931.54564920809	2727.89452481503	2438.87547371776	2813.77494380722	2829.03583800669	2696.69540450653	2446.95500695145	2907.33347986625
PA14_RS03575	1676.80182724065	1266.09971535029	1001.82225347778	1004.12611041594	1260.81295333912	1126.16028539003	988.809470515693	737.071848959715	918.898146486224
PA14_RS03580	2522.92993822152	2898.74513844772	3041.3376339594	2720.6658050993	2599.11901997505	3153.24879909207	2926.44445991519	2709.4596458966	2912.98244388153
PA14_RS03585	1639.45370666462	1966.39062008419	2048.91013307178	1641.1310144545	1782.34160582666	1870.53708389446	1732.63790404868	1767.53123556401	1945.12660926285
PA14_RS03590	405.677861429188	444.446920803017	375.790103606328	329.416866262935	310.747384320213	366.633348517111	261.482350354599	259.416349075207	278.682224754019
PA14_RS03595	2544.82366407643	2302.59585537799	2487.04723114006	1844.5360071771	2018.69560138193	1840.23680715751	1850.6857612476	1847.82677218252	1884.87099309982
PA14_RS03600	292.345633474367	343.585350214878	204.976420148906	235.156015976855	268.901103139935	237.352167772786	141.530495458921	171.914802760157	212.777644575704
PA14_RS03605	625.902986205033	529.728248779979	544.895650229176	491.148640964316	501.380443030369	482.784409342092	380.164873452439	346.917895390257	386.012541044418
PA14_RS03610	2399.29478045263	2223.8746295531	2216.30754286005	2002.2989039717	1871.45868611799	1808.926521196	1766.9098625903	1546.20379488476	1619.36968438146
PA14_RS03615	692.872029996518	670.770445049571	557.706676488482	521.90744474188	585.073005390925	568.63519343012	441.727465647575	396.330533309344	480.161941299154
PA14_RS03620	34.7723881225019	11.4801787661296	21.3517104321777	18.8521700572162	25.5727273879477	22.220202940431	15.8666474729732	18.5297392196576	7.53195202037889
PA14_RS03625	472.646905220673	405.906320659582	371.519761519893	306.595818298937	305.322866389437	259.572370713217	203.727753552977	269.710648641683	218.426608590988
PA14_RS03630	633.630183565589	723.251262266163	678.984391743252	465.350934570231	537.027275146902	382.793496110152	423.956820477845	386.036233742867	393.544493064797
PA14_RS03635	815.219321538655	771.63201563771	675.568118074104	557.627345902921	619.169975241522	497.934547710567	469.018099301089	404.565972962525	451.917121222733
PA14_RS03640	2253.76589682882	2118.91299511992	2369.18578955444	1581.59784585277	1754.44408503981	1716.00567253601	1706.616602193	1461.79053843966	1536.51821215729
PA14_RS03645	3032.92496401822	2491.19879225012	1632.12474543567	2318.81691703759	2072.16584955673	1650.35507293928	1392.45698222813	1276.49314624308	1178.7504911893
PA14_RS03650	2959.51658909294	2109.07284189181	2138.58731688692	2005.27556240178	1947.40193714887	1926.08759124554	1986.50426361625	1715.03030777498	1431.07088387199
PA14_RS03655	3275.04381464897	3191.48969698402	2881.62683992671	2624.42051585983	2698.31020499497	2718.9448325291	2403.47975920599	2365.63004037629	2592.87448301543
PA14_RS03660	870.597569289306	770.8120028687	682.4006654124	642.958220898742	563.374933667818	532.274861345779	437.919470254062	378.830224046334	506.52377337048
PA14_RS03665	1385.74405999304	1562.12432496263	1373.34201499767	1210.50776156862	1312.73333924798	1350.38233324347	1104.95333001786	972.811309032025	1005.51559472058
PA14_RS03670	60.5297126576884	46.7407278335276	36.7249419433457	42.6654374979103	61.2195595044809	32.3202951860815	24.7519700578383	42.2066282225535	20.7128680560419
PA14_RS03675	1317.48714997479	1468.64286929558	1451.0622409708	1250.19654063644	1221.29146555775	1253.42144768522	1014.83077237137	981.046748685207	943.376990552456
PA14_RS03680	10175.4310576255	9339.94543901542	8674.77291438517	8072.69766239531	7666.39369845354	7113.49496861161	7287.23385138715	5801.86723566613	5986.01886819612
PA14_RS03685	714.765755851427	664.210342897497	350.168051087715	490.156421487621	492.85620056772	417.133809745364	293.850311199465	258.386919118559	248.554416672503
PA14_RS03690	1742.48300480537	1532.6038652783	1498.89007233888	1509.16582405399	1401.07548840635	1336.24220409956	1016.10010416921	971.781879075378	1056.35627085814
PA14_RS03695	1142.33734313552	1336.62081348509	1045.37974275942	951.53847815107	1017.48457758713	851.437776308333	748.271094825418	780.307907138916	819.099782216204
PA14_RS03700	2141.72153510076	2348.51657044251	2591.24357804909	1892.16254205849	1859.83471912347	1787.71632748013	1742.15789253246	1837.53247261605	1702.22115660563
PA14_RS03705	4409.65396042394	3834.37970788728	3910.77928275767	3090.76366990676	3253.93582733311	3064.36798733035	2845.84189075248	2500.48536469713	2950.64220398343
PA14_RS03710	3294.36180805036	2879.88484476051	2142.00359055607	3145.33574112502	2558.82260106071	2581.58357798826	2038.5468673276	1488.5557173125	1820.8494009266
PA14_RS03715	1099.83775765247	961.874978047857	1052.21229009772	1546.87016416842	1541.33802347358	1935.17767426663	1558.10478184597	1638.85249098305	2093.88266166533
PA14_RS03720	239.543118177235	239.443728550703	207.538625400768	296.673623531981	308.422590921309	368.653366966242	345.258249011898	458.096330708202	348.352780942524
PA14_RS03725	211.21006118853	261.584073313953	272.447825114588	279.805892428156	306.097797522405	311.082841166034	338.911590022709	351.035615216847	389.778517054607
PA14_RS03730	218.937258549086	214.843345480425	192.1653938896	265.914819754418	214.655923832167	227.252075527135	304.004965582167	263.534068901797	297.512104804966
PA14_RS03735	1256.9574373171	671.59045781858	415.077250801535	972.375087161677	995.786505864025	825.177536469642	1117.64664799624	1068.54829500026	783.323010119404
PA14_RS03740	24.4694583084272	36.9005746054165	56.3685155409492	32.7432427309544	44.9460057121506	37.3703413089067	52.6772696102712	39.1183383526105	58.3726281579364
PA14_RS03745	0	0	0	2.97665843008677	2.32479339890434	0	0.63466589891893	0	0
PA14_RS03750	9.0150635873153	7.3801149210833	5.12441050372266	0.992219476695589	3.09972453187245	2.02001844913009	6.98132488810823	6.17657973988588	5.64896401528417
PA14_RS03755	16.7422609478713	26.2404086082962	27.3301893531875	43.6576569746059	34.8719009835651	19.1901752667359	36.175956238379	63.8246573121541	35.7767720967997
PA14_RS03760	36.0602543492612	41.820651219472	42.7034208643555	22.8210479639985	30.9972453187245	25.2502306141261	36.8106221372979	39.1183383526105	28.2448200764208
PA14_RS03765	132.650221356211	139.402170731573	101.634141657166	110.13636191321	132.513223737547	124.231134621501	164.378467820003	154.414493497147	195.830752529851
PA14_RS03770	172.57407438575	158.262464418786	176.792162378432	63.5020465085177	96.8663916210141	115.141051600415	178.975783495138	138.973044147432	160.053980433051
PA14_RS03775	46.3631841633358	53.3008299856016	37.5790103606328	56.5565101716486	40.2964189143419	46.4604243299921	57.1199309027037	36.0300484826676	48.9576881324628
PA14_RS03780	63.1054451112071	63.9609959827219	53.8063102890879	24.8054869173897	33.3220387176289	39.3903597580368	29.8292972491897	19.5591691763053	7.53195202037889
PA14_RS03785	30.9087894422239	41.820651219472	50.3900366199395	25.7977063940853	30.9972453187245	49.4904520036872	24.7519700578383	39.1183383526105	60.2556161630311
PA14_RS03790	75.9841073788004	79.5412385938978	97.3637995707305	86.3230944725162	93.7666670891417	79.7907287406386	92.6612212421638	67.9423771387446	116.745256315873
PA14_RS03795	0	0	0.854068417287109	0	0.774931132968113	0	6.98132488810823	0	0
PA14_RS03800	43.7874517098172	48.3807533715461	46.973762950791	34.7276816843456	32.5471075846608	60.6005534739027	61.5625921951362	38.0889083959629	65.9045801783153
PA14_RS03805	46.3631841633358	35.260549067398	70.8876786348301	25.7977063940853	26.3476585209158	27.2702490632562	31.0986290470276	15.4414493497147	30.1278080815155
PA14_RS03810	186.740602880103	118.901851506342	153.73231511168	102.198606099646	100.741047285855	128.271171519761	82.5065668594609	113.237295231241	148.756052402483
PA14_RS03815	20.6058596281493	5.74008938306479	13.6650946765938	14.8832921504338	2.32479339890434	4.04003689826018	6.98132488810823	3.08828986994294	0
PA14_RS03820	0	0	0	0	0	0	0	0	0
PA14_RS03825	7.72719736055597	13.9402170731573	18.7895051803164	0	7.74931132968113	9.09008302108541	3.80799539351358	8.23543965318117	1.88298800509472
PA14_RS03830	9.0150635873153	3.28005107603702	8.54068417287109	0.992219476695589	0	1.01000922456505	4.44266129243251	3.08828986994294	0
PA14_RS03835	54.0903815238918	39.3606129124443	61.4929260446719	23.8132674406941	18.5983471912347	11.1101014702155	13.9626497762165	26.7651788728388	28.2448200764208
PA14_RS03840	87.5749034196343	56.5808810616386	66.6173365483945	43.6576569746059	32.5471075846608	37.3703413089067	30.4639631481086	66.912947182097	33.893784091705
PA14_RS03845	110.756495501302	115.621800430305	112.737031081898	60.5253880784309	51.1454547758955	46.4604243299921	33.6372926427033	36.0300484826676	3.76597601018944
PA14_RS03850	108.180763047784	101.681583357148	175.938093961145	82.3542165657339	98.4162538869504	126.251153070631	90.757223545407	101.913565708117	80.968484219073
PA14_RS03855	15.4543947211119	9.02014045910181	17.0813683457422	10.9144142436515	10.8490358615536	9.09008302108541	15.2319815740543	19.5591691763053	5.64896401528417
PA14_RS03860	25.7573245351866	50.0207789095646	41.8493524470684	37.7043401144324	27.122589653884	29.2902675123863	23.4826382600004	26.7651788728388	13.1809160356631
PA14_RS03865	7.72719736055597	13.1202043041481	27.3301893531875	17.8599505805206	14.7236915263941	17.1701568176058	12.6933179783786	26.7651788728388	5.64896401528417
PA14_RS03870	9.0150635873153	28.7004469153239	11.1028894247324	25.7977063940853	27.122589653884	29.2902675123863	34.9066244405411	37.0594784393153	52.7236641426522
PA14_RS03875	43.7874517098172	54.9408555236201	56.3685155409492	46.6343154046927	45.7209368451187	35.3503228597766	60.9279262962173	47.3537780057917	43.3087241171786
PA14_RS03880	3.86359868027798	5.74008938306479	5.97847892100977	10.9144142436515	6.97438019671302	13.1301199193456	14.5973156751354	8.23543965318117	18.8298800509472
PA14_RS03885	19.3179934013899	12.3001915351388	16.2272999284551	7.93775581356471	20.9231405901391	25.2502306141261	27.9252995524329	29.8534687427817	9.41494002547361
PA14_RS03890	96.5899670069496	88.5613790529996	89.6771838151465	96.2452892394721	92.2168048232055	80.8007379652036	121.855852592435	109.11957540465	116.745256315873
PA14_RS03895	33.4845218957425	62.3209704447034	95.6556627361563	27.7821453474765	33.3220387176289	23.230212164996	20.9439746643247	21.6180290896006	11.2979280305683
PA14_RS03900	227.952322136401	308.32480114748	244.263567344113	185.545042142075	110.040220881472	141.401291439106	104.085207422705	120.443304927775	94.1494002547361
PA14_RS03905	1177.10973125803	1099.63712324141	816.489406926477	904.904162746377	691.238570607557	628.225737679458	480.44208548163	502.361818844051	427.438277156502
PA14_RS03910	123.635157768895	95.1214812050736	76.0120891385527	71.4398023220824	51.9203859088636	71.7106549441182	64.7359216897309	67.9423771387446	84.7344602292625
PA14_RS03915	34.7723881225019	21.3203319942406	19.6435735976035	21.8288284873029	26.3476585209158	14.1401291439106	20.9439746643247	10.2942995664765	13.1809160356631
PA14_RS03920	64.3933113379664	58.2209065996571	83.6987048941367	99.2219476695589	86.0173557594606	87.8708025371589	99.642546130272	82.3543965318117	143.107088387199
PA14_RS03925	7.72719736055597	4.10006384504628	6.83254733829688	0.992219476695589	2.32479339890434	9.09008302108541	4.44266129243251	12.3531594797718	24.4788440662314
PA14_RS03930	6.43933113379664	0	2.56220525186133	0	1.54986226593623	4.04003689826018	0.63466589891893	0	0
PA14_RS03935	9.0150635873153	9.02014045910181	4.27034208643555	0.992219476695589	10.0741047285855	15.1501383684757	8.88532258486502	7.20600969653352	15.0639040407578
PA14_RS03940	34.7723881225019	22.9603575322592	22.2057788494648	22.8210479639985	23.2479339890434	8.08007379652036	25.3866359567572	26.7651788728388	11.2979280305683
PA14_RS03945	50.2267828436138	43.4606767574905	34.1627366914844	48.6187543580838	30.9972453187245	29.2902675123863	40.6186175308115	33.9711885693723	73.4365321986942
PA14_RS03950	32.1966556689832	28.7004469153239	34.1627366914844	50.603193311475	55.7950415737041	48.4804427791222	46.9652765200008	66.912947182097	52.7236641426522
PA14_RS03955	5.15146490703731	5.74008938306479	17.0813683457422	14.8832921504338	16.2735537923304	11.1101014702155	8.88532258486502	12.3531594797718	11.2979280305683
PA14_RS03960	32.1966556689832	29.5204596843332	41.8493524470684	41.6732180212147	33.3220387176289	36.3603320843416	29.8292972491897	49.412637919087	43.3087241171786
PA14_RS03965	7.72719736055597	10.6601659971203	35.8708735260586	11.9066337203471	21.6980717231072	17.1701568176058	28.5599654513518	18.5297392196576	26.3618320713261
PA14_RS03970	83.7113047393563	67.241047058759	90.5312522324336	72.432021798778	74.3933887649389	122.21111617237	93.2958871410827	111.178435317946	139.341112377009
PA14_RS03975	59.2418464309291	27.8804341463147	58.0766523755234	24.8054869173897	35.6468321165332	32.3202951860815	16.5013133718922	17.50030926301	28.2448200764208
PA14_RS03980	43.7874517098172	31.980497991361	29.0383261877617	29.7665843008677	13.1738292604579	21.210193715866	30.4639631481086	8.23543965318117	22.5958560611367
PA14_RS03985	29.6209232154645	4.10006384504628	17.9354367630293	11.9066337203471	6.1994490637449	10.1000922456505	0.63466589891893	3.08828986994294	0
PA14_RS03990	103.029298140746	61.5009576756942	107.612620578176	87.3153139492118	118.564463344121	113.121033151285	96.4692166356774	62.7952273555064	109.213304295494
PA14_RS03995	109.468629274543	100.041557819129	88.8231153978594	32.7432427309544	51.1454547758955	38.3803505334717	37.4452880362169	30.8828986994294	13.1809160356631
PA14_RS04000	11.590796040834	7.3801149210833	11.1028894247324	50.603193311475	8.52424246264924	9.09008302108541	22.2133064621625	7.20600969653352	3.76597601018944
PA14_RS04005	3.86359868027798	2.46003830702777	8.54068417287109	1.98443895339118	0	2.02001844913009	5.71199309027037	1.02942995664765	0
PA14_RS04010	3.86359868027798	3.28005107603702	10.2488210074453	3.96887790678235	1.54986226593623	3.03002767369514	5.07732719135144	0	0
PA14_RS04015	6.43933113379664	2.46003830702777	3.41627366914844	0	2.32479339890434	4.04003689826018	2.53866359567572	0	9.41494002547361
PA14_RS04020	12.8786622675933	14.7602298421666	6.83254733829688	8.9299752902603	12.3988981274898	15.1501383684757	13.9626497762165	9.26486960982881	0
PA14_RS04025	9.0150635873153	8.20012769009256	7.68661575558399	9.92219476695589	9.29917359561736	12.1201106947805	13.3279838772975	12.3531594797718	7.53195202037889
PA14_RS04030	20.6058596281493	12.3001915351388	10.2488210074453	17.8599505805206	9.29917359561736	28.2802582878213	17.1359792708111	9.26486960982881	0
PA14_RS04035	3.86359868027798	5.74008938306479	3.41627366914844	1.98443895339118	8.52424246264924	0	3.17332949459465	7.20600969653352	0
PA14_RS04040	9.0150635873153	13.9402170731573	8.54068417287109	3.96887790678235	10.8490358615536	9.09008302108541	7.61599078702716	10.2942995664765	16.9468920458525
PA14_RS04045	39.9238530295392	34.4405362983887	42.7034208643555	36.7121206377368	22.4730028560753	20.2001844913009	20.3093087654058	25.7357489161911	35.7767720967997
PA14_RS04050	2.57573245351866	9.02014045910181	26.4761209359004	10.9144142436515	25.5727273879477	21.210193715866	18.405311068649	15.4414493497147	7.53195202037889
PA14_RS04055	72.1205086985224	71.3411109038052	87.9690469805723	86.3230944725162	97.6413227539823	99.9909132319395	128.837177480543	153.385063540499	154.405016417767
PA14_RS04060	0	4.92007661405553	3.41627366914844	0	1.54986226593623	0	0	4.11771982659058	0
PA14_RS04065	5.15146490703731	6.56010215207404	4.27034208643555	3.96887790678235	0	6.06005534739027	1.26933179783786	3.08828986994294	0
PA14_RS04070	0	1.64002553801851	8.54068417287109	2.97665843008677	0.774931132968113	2.02001844913009	3.17332949459465	2.05885991329529	0
PA14_RS04075	6.43933113379664	14.7602298421666	31.6005314396231	15.8755116271294	17.8234160582666	8.08007379652036	14.5973156751354	20.5885991329529	28.2448200764208
PA14_RS04080	2.57573245351866	19.6803064562221	6.83254733829688	16.867731103825	10.0741047285855	5.05004612282523	12.0586520794597	22.6474590462482	16.9468920458525
PA14_RS04085	30.9087894422239	38.540600143435	34.1627366914844	35.7199011610412	26.3476585209158	31.3102859615164	34.9066244405411	48.3832079624394	20.7128680560419
PA14_RS04090	10.3029298140746	13.1202043041481	12.8110262593066	19.8443895339118	7.74931132968113	19.1901752667359	20.9439746643247	21.6180290896006	22.5958560611367
PA14_RS04095	0	2.46003830702777	0	0.992219476695589	0	0	0.63466589891893	2.05885991329529	3.76597601018944
PA14_RS04100	0	1.64002553801851	1.70813683457422	0.992219476695589	0.774931132968113	0	2.53866359567572	2.05885991329529	15.0639040407578
PA14_RS04105	6.43933113379664	2.46003830702777	0.854068417287109	8.9299752902603	3.87465566484057	6.06005534739027	3.17332949459465	3.08828986994294	0
PA14_RS04110	0	3.28005107603702	4.27034208643555	0.992219476695589	1.54986226593623	5.05004612282523	3.80799539351358	4.11771982659058	0
PA14_RS04115	54.0903815238918	28.7004469153239	47.8278313680781	49.6109738347794	79.0429755627475	68.6806272704231	95.1998848378395	74.1189568786305	82.8514722241678
PA14_RS04120	14.1665284943526	9.02014045910181	12.8110262593066	12.8988531970427	10.8490358615536	8.08007379652036	14.5973156751354	21.6180290896006	5.64896401528417
PA14_RS04125	9.0150635873153	0.820012769009256	2.56220525186133	3.96887790678235	3.09972453187245	3.03002767369514	0	3.08828986994294	0
PA14_RS04130	70.832642471763	77.9012130558793	93.947525901582	44.6498764513015	42.6212123132462	30.3002767369514	45.061278823244	50.4420678757347	48.9576881324628
PA14_RS04135	5.15146490703731	7.3801149210833	6.83254733829688	1.98443895339118	2.32479339890434	4.04003689826018	1.26933179783786	2.05885991329529	1.88298800509472
PA14_RS04140	2.57573245351866	1.64002553801851	0	0	2.32479339890434	0	1.26933179783786	1.02942995664765	0
PA14_RS04145	0	0.820012769009256	0.854068417287109	0.992219476695589	0	0	0.63466589891893	0	0
PA14_RS04150	0	1.64002553801851	5.97847892100977	4.96109738347794	10.8490358615536	0	1.26933179783786	2.05885991329529	0
PA14_RS04155	2.57573245351866	0.820012769009256	0.854068417287109	0	0	2.02001844913009	1.26933179783786	0	0
PA14_RS04160	0	0.820012769009256	2.56220525186133	0.992219476695589	1.54986226593623	2.02001844913009	0	7.20600969653352	0
PA14_RS04165	54.0903815238918	37.7205873744258	46.973762950791	81.3619970890383	77.4931132968113	45.450415105427	74.2559101735148	77.2072467485735	73.4365321986942
PA14_RS04170	5.15146490703731	9.84015322811107	1.70813683457422	3.96887790678235	7.74931132968113	8.08007379652036	1.26933179783786	0	0
PA14_RS04175	19.3179934013899	25.4203958392869	25.6220525186133	29.7665843008677	35.6468321165332	28.2802582878213	20.9439746643247	20.5885991329529	24.4788440662314
PA14_RS04180	9.0150635873153	8.20012769009256	0.854068417287109	1.98443895339118	7.74931132968113	12.1201106947805	4.44266129243251	8.23543965318117	0
PA14_RS04185	25.7573245351866	14.7602298421666	26.4761209359004	18.8521700572162	17.0484849252985	17.1701568176058	12.0586520794597	8.23543965318117	13.1809160356631
PA14_RS04190	25.7573245351866	33.6205235293795	15.373231511168	4.96109738347794	15.4986226593623	28.2802582878213	8.88532258486502	8.23543965318117	3.76597601018944
PA14_RS04195	471.359038993914	473.96738048735	694.35762325442	396.887790678235	563.374933667818	660.54603286554	492.50073756109	453.978610881612	670.343729813721
PA14_RS04200	16.7422609478713	55.7608682926294	24.7679841013262	28.7743648241721	26.3476585209158	22.220202940431	13.3279838772975	13.3825894364194	9.41494002547361
PA14_RS04205	79.8477060590783	82.8212896699348	79.4283628077012	33.73546220765	41.8462811802781	33.3303044106465	26.6559677545951	24.7063189595435	43.3087241171786
PA14_RS04210	122.347291542136	177.122758105999	144.337562521522	109.144142436515	100.741047285855	128.271171519761	95.8345507367584	112.207865274593	152.522028412672
PA14_RS04215	3.86359868027798	4.92007661405553	5.12441050372266	13.8910726737382	7.74931132968113	15.1501383684757	7.61599078702716	3.08828986994294	7.53195202037889
PA14_RS04220	12.8786622675933	32.8005107603702	17.9354367630293	17.8599505805206	25.5727273879477	22.220202940431	25.3866359567572	27.7946088294864	22.5958560611367
PA14_RS04225	100.453565687228	82.0012769009256	64.9091997138203	51.5954127881706	89.8920114243011	123.221125396936	72.9865783756769	47.3537780057917	82.8514722241678
PA14_RS04230	57.9539802041698	84.4613152079533	46.973762950791	111.128581389906	95.3165293550779	129.281180744326	83.1412327583798	58.6775075289158	111.096292300589
PA14_RS04235	291.057767247608	345.225375752897	326.254135403676	495.117518871099	472.707991110549	463.594234075356	420.148825084332	448.831461098374	572.428353548795
PA14_RS04240	825.522251352729	664.210342897497	614.075192029432	1000.15723250915	844.674934935243	1111.01014702155	839.028318370825	971.781879075378	886.887350399614
PA14_RS04245	1071.50470066376	991.39543773219	989.011227218473	1463.52372812599	1288.71047412597	1619.04478697777	1385.47565734002	1619.29332180675	1702.22115660563
PA14_RS04250	481.661968807989	530.548261548988	527.814281883434	579.456174390224	594.372178986543	645.395894497064	575.641970319469	560.009896416319	610.08811365069
PA14_RS04255	92.7263683266716	78.7212258248885	57.2225839582363	107.159703483124	68.193939701194	47.4704335545571	48.8692742167576	60.7363674422111	107.330316290399
PA14_RS04260	6.43933113379664	0	4.27034208643555	0	0.774931132968113	2.02001844913009	5.07732719135144	1.02942995664765	9.41494002547361
PA14_RS04265	0	1.64002553801851	5.12441050372266	0	0	1.01000922456505	1.26933179783786	1.02942995664765	0
PA14_RS04270	14.1665284943526	3.28005107603702	2.56220525186133	2.97665843008677	11.6239669945217	6.06005534739027	29.1946313502708	11.3237295231241	5.64896401528417
PA14_RS04275	2.57573245351866	0	3.41627366914844	0.992219476695589	2.32479339890434	4.04003689826018	1.26933179783786	3.08828986994294	0
PA14_RS04280	2.57573245351866	8.20012769009256	9.3947525901582	4.96109738347794	5.42451793077679	9.09008302108541	12.6933179783786	5.14714978323823	15.0639040407578
PA14_RS04285	6.43933113379664	6.56010215207404	7.68661575558399	17.8599505805206	4.64958679780868	11.1101014702155	8.88532258486502	1.02942995664765	18.8298800509472
PA14_RS04290	6.43933113379664	0	0	0	2.32479339890434	0	0	0	0
PA14_RS04295	1.28786622675933	1.64002553801851	3.41627366914844	0	6.97438019671302	6.06005534739027	2.53866359567572	0	0
PA14_RS04300	10.3029298140746	17.2202681491944	8.54068417287109	21.8288284873029	26.3476585209158	15.1501383684757	27.9252995524329	19.5591691763053	32.0107960866103
PA14_RS04305	28.3330569887052	21.3203319942406	54.660378706375	33.73546220765	44.9460057121506	49.4904520036872	53.3119355091901	35.00061852602	47.074700127368
PA14_RS04310	172.57407438575	189.422949641138	147.75383619067	164.708433131468	132.513223737547	157.561439032147	119.317188996759	117.355015057832	101.681352275115
PA14_RS04315	620.751521297996	518.24807001385	661.048954980223	448.483203466406	495.180993966624	582.775322574031	548.986002564874	623.834553728473	504.640785365385
PA14_RS04320	148.104616077323	123.001915351388	137.505015183225	198.443895339118	134.063086003484	126.251153070631	154.858479336219	145.149623887318	158.170992427957
PA14_RS04325	446.889580685487	386.226014203359	526.960213466147	368.113425854063	385.91570421812	281.792573653648	373.81821446325	481.773219711098	480.161941299154
PA14_RS04330	224.088723456123	212.383307173397	204.122351731619	239.124893883637	228.604684225593	225.232057078005	171.99445860703	195.591691763053	156.288004422862
PA14_RS04335	104.317164367506	150.882349497703	141.77535726966	151.809579934425	127.863636939739	140.391282214541	155.493145235138	193.532831849757	186.415812504377
PA14_RS04340	126.210890222414	113.981774892287	134.942809931363	125.019654063644	81.3677689616519	97.9708947828094	98.3732143324341	95.7369859682311	163.819956443241
PA14_RS04345	20.6058596281493	13.1202043041481	13.6650946765938	18.8521700572162	11.6239669945217	9.09008302108541	20.9439746643247	15.4414493497147	20.7128680560419
PA14_RS04350	3.86359868027798	9.02014045910181	11.9569578420195	7.93775581356471	10.0741047285855	10.1000922456505	12.0586520794597	2.05885991329529	1.88298800509472
PA14_RS04355	43.7874517098172	23.7803703012684	39.287147195207	57.5487296483441	68.193939701194	67.670618045858	56.4852650037848	74.1189568786305	90.3834242445466
PA14_RS04360	11.590796040834	37.7205873744258	32.4545998569102	29.7665843008677	20.1482094571709	50.5004612282523	30.4639631481086	38.0889083959629	28.2448200764208
PA14_RS04365	54.0903815238918	64.7810087517312	56.3685155409492	37.7043401144324	58.1198349726085	63.6305811475979	46.9652765200008	50.4420678757347	32.0107960866103
PA14_RS04370	16.7422609478713	46.7407278335276	47.8278313680781	37.7043401144324	36.4217632495013	36.3603320843416	41.2532834297304	42.2066282225535	28.2448200764208
PA14_RS04375	3.86359868027798	4.92007661405553	4.27034208643555	0	1.54986226593623	3.03002767369514	1.90399769675679	2.05885991329529	1.88298800509472
PA14_RS04380	1.28786622675933	1.64002553801851	2.56220525186133	0.992219476695589	4.64958679780868	0	0	1.02942995664765	0
PA14_RS04385	0	3.28005107603702	0	1.98443895339118	3.87465566484057	0	0	0	1.88298800509472
PA14_RS04390	0	0	0	0	3.09972453187245	0	3.17332949459465	1.02942995664765	0
PA14_RS04395	23.1815920816679	31.1604852223517	24.7679841013262	28.7743648241721	38.7465566484057	13.1301199193456	39.3492857329737	24.7063189595435	20.7128680560419
PA14_RS04400	0	0	2.56220525186133	4.96109738347794	6.97438019671302	0	0	0	0
PA14_RS04405	23.1815920816679	27.0604213773054	23.9139156840391	19.8443895339118	20.9231405901391	26.2602398386912	17.77064516973	9.26486960982881	11.2979280305683
PA14_RS04410	12.8786622675933	2.46003830702777	6.83254733829688	8.9299752902603	6.1994490637449	6.06005534739027	8.25065668594609	3.08828986994294	18.8298800509472
PA14_RS04415	3.86359868027798	3.28005107603702	1.70813683457422	0.992219476695589	1.54986226593623	2.02001844913009	7.61599078702716	0	1.88298800509472
PA14_RS04420	0	3.28005107603702	1.70813683457422	0.992219476695589	4.64958679780868	2.02001844913009	1.90399769675679	3.08828986994294	0
PA14_RS04425	11.590796040834	31.980497991361	27.3301893531875	33.73546220765	37.1966943824694	20.2001844913009	38.0799539351358	27.7946088294864	7.53195202037889
PA14_RS04430	6.43933113379664	0	4.27034208643555	1.98443895339118	1.54986226593623	3.03002767369514	2.53866359567572	3.08828986994294	3.76597601018944
PA14_RS04435	12.8786622675933	23.7803703012684	28.1842577704746	13.8910726737382	13.948760393426	19.1901752667359	19.6746428664868	24.7063189595435	11.2979280305683
PA14_RS04440	48.9389166168545	37.7205873744258	42.7034208643555	29.7665843008677	42.6212123132462	55.5505073510775	32.3679608448654	42.2066282225535	56.4896401528417
PA14_RS04445	0	0	0	2.97665843008677	0	0	0.63466589891893	1.02942995664765	0
PA14_RS04450	2.57573245351866	4.92007661405553	0.854068417287109	0	3.87465566484057	0	5.71199309027037	2.05885991329529	0
PA14_RS04455	7.72719736055597	7.3801149210833	3.41627366914844	1.98443895339118	3.87465566484057	9.09008302108541	5.71199309027037	0	0
PA14_RS04460	3.86359868027798	10.6601659971203	4.27034208643555	6.94553633686912	7.74931132968113	1.01000922456505	12.0586520794597	3.08828986994294	18.8298800509472
PA14_RS04465	0	1.64002553801851	0	2.97665843008677	2.32479339890434	6.06005534739027	2.53866359567572	10.2942995664765	0
PA14_RS04470	7.72719736055597	10.6601659971203	3.41627366914844	6.94553633686912	6.1994490637449	10.1000922456505	12.0586520794597	4.11771982659058	20.7128680560419
PA14_RS04475	1.28786622675933	0.820012769009256	0	0	0.774931132968113	0	1.26933179783786	3.08828986994294	0
PA14_RS04480	11.590796040834	11.4801787661296	17.0813683457422	19.8443895339118	10.8490358615536	11.1101014702155	12.6933179783786	16.4708793063623	7.53195202037889
PA14_RS04485	2.57573245351866	4.92007661405553	9.3947525901582	13.8910726737382	4.64958679780868	8.08007379652036	6.3466589891893	5.14714978323823	7.53195202037889
PA14_RS04490	45.0753179365765	19.6803064562221	41.8493524470684	16.867731103825	33.3220387176289	21.210193715866	20.9439746643247	21.6180290896006	20.7128680560419
PA14_RS04495	51.5146490703731	49.2007661405553	47.8278313680781	46.6343154046927	55.7950415737041	58.5805350247726	69.1785829821634	49.412637919087	45.1917121222733
PA14_RS04500	25.7573245351866	34.4405362983887	32.4545998569102	19.8443895339118	21.6980717231072	31.3102859615164	30.4639631481086	25.7357489161911	28.2448200764208
PA14_RS04505	7.72719736055597	7.3801149210833	10.2488210074453	5.95331686017353	1.54986226593623	2.02001844913009	4.44266129243251	5.14714978323823	1.88298800509472
PA14_RS04510	6.43933113379664	15.5802426111759	5.12441050372266	2.97665843008677	9.29917359561736	10.1000922456505	5.07732719135144	3.08828986994294	1.88298800509472
PA14_RS04515	64.3933113379664	46.7407278335276	83.6987048941367	74.4164607521691	49.5955925099592	79.7907287406386	88.8532258486502	98.825275838174	84.7344602292625
PA14_RS04520	2.57573245351866	4.10006384504628	3.41627366914844	9.92219476695589	5.42451793077679	4.04003689826018	7.61599078702716	11.3237295231241	20.7128680560419
PA14_RS04525	10.3029298140746	7.3801149210833	2.56220525186133	1.98443895339118	1.54986226593623	11.1101014702155	1.90399769675679	2.05885991329529	13.1809160356631
PA14_RS04530	2.57573245351866	7.3801149210833	5.12441050372266	6.94553633686912	6.1994490637449	14.1401291439106	15.2319815740543	7.20600969653352	5.64896401528417
PA14_RS04535	1.28786622675933	1.64002553801851	4.27034208643555	2.97665843008677	0.774931132968113	0	2.53866359567572	1.02942995664765	0
PA14_RS04540	9.0150635873153	7.3801149210833	17.0813683457422	22.8210479639985	10.8490358615536	6.06005534739027	6.98132488810823	8.23543965318117	13.1809160356631
PA14_RS04545	417.268657470022	346.865401290915	419.347592887971	401.848888061713	349.493940968619	390.873569906673	448.074124636765	448.831461098374	303.16106882025
PA14_RS04550	142.953151170285	100.041557819129	139.213152017799	141.887385167469	146.461984130973	139.381272989976	140.261163661084	121.472734884422	178.883860483999
PA14_RS04555	184.164870426584	152.522375035722	134.088741514076	128.988531970427	115.464738812249	132.311208418021	177.071785798381	168.826512890214	154.405016417767
PA14_RS04560	4270.56440793393	2601.90051606637	3386.38127454339	2226.5405057049	2627.0165407619	3378.48085617008	3564.91835422763	3913.89269517435	4406.19193192165
PA14_RS04565	38.6359868027798	57.4008938306479	47.8278313680781	32.7432427309544	33.3220387176289	46.4604243299921	22.2133064621625	25.7357489161911	30.1278080815155
PA14_RS04570	37.3481205760205	60.6809449066849	51.2441050372266	54.5720712182574	33.3220387176289	44.440405880862	29.1946313502708	37.0594784393153	13.1809160356631
PA14_RS04575	61.8175788844477	52.4808172165924	38.4330787779199	33.73546220765	40.2964189143419	64.6405903721629	25.3866359567572	19.5591691763053	15.0639040407578
PA14_RS04580	122.347291542136	166.462592108879	136.650946765938	62.5098270318221	87.5672180253968	118.17107927411	50.1386060145955	79.2661066618687	32.0107960866103
PA14_RS04585	41.2117192562985	17.2202681491944	15.373231511168	24.8054869173897	23.2479339890434	35.3503228597766	25.3866359567572	24.7063189595435	35.7767720967997
PA14_RS04590	274.315506299737	301.764698995406	457.780671665891	300.642501438763	432.411572196207	389.863560682108	442.996797445413	515.744408280471	563.013413523322
PA14_RS04595	21.8937258549086	36.9005746054165	35.0168051087715	25.7977063940853	29.4473830527883	42.4203874317319	20.9439746643247	24.7063189595435	11.2979280305683
PA14_RS04600	90.150635873153	91.0214173600274	78.5742943904141	78.3853386589515	79.0429755627475	73.7306733932483	63.466589891893	64.8540872688017	103.56434028021
PA14_RS04605	75.9841073788004	68.0610598277682	57.2225839582363	89.299752902603	75.9432510308751	102.01093168107	123.125184390272	109.11957540465	97.9153762649255
PA14_RS04610	169.998341932231	160.722502725814	193.873530724174	169.669530514946	175.909367183762	194.931780341054	233.557050802166	227.50402041913	242.905452657219
PA14_RS04615	315.527225556035	325.545069296674	322.837861734527	354.222353180325	319.271626782863	283.812592102778	335.103594629195	380.889083959629	293.746128794777
PA14_RS04620	220.225124775845	255.843983930888	287.821056625756	245.07821074381	255.727273879477	258.562361488652	222.133064621625	212.062571069415	312.576008845724
PA14_RS04625	191.89206778714	185.322885796092	171.667751874709	295.681404055285	248.752893682764	219.172001730615	308.4476268746	310.887846907589	352.118756952713
PA14_RS04630	51.5146490703731	72.1611236728145	99.0719364053047	62.5098270318221	55.020110440736	75.7506918423784	94.5652189389206	90.5898361849928	67.78756818341
PA14_RS04635	167.422609478713	159.902489956805	180.20843604758	207.373870629378	210.781268167327	190.891743442794	165.647799617841	150.296773670556	167.58593245343
PA14_RS04640	29.6209232154645	50.8407916785738	43.5574892816426	46.6343154046927	27.122589653884	35.3503228597766	33.0026267437844	15.4414493497147	26.3618320713261
PA14_RS04645	87.5749034196343	129.562017503462	113.591099499186	148.832921504338	113.139945413345	110.09100547759	90.122557646488	111.178435317946	129.926172351536
PA14_RS04650	50.2267828436138	71.3411109038052	54.660378706375	55.564290694953	34.8719009835651	41.4103782071669	52.0426037113523	22.6474590462482	88.5004362394519
PA14_RS04655	154.543947211119	145.142260114638	131.526536262215	183.560603188684	172.809642651889	223.212038628875	204.362419451895	214.12143098271	231.607524626651
PA14_RS04660	30.9087894422239	38.540600143435	17.0813683457422	40.6809985445191	50.3705236429274	78.7807195160735	28.5599654513518	56.6186476156205	52.7236641426522
PA14_RS04665	103.029298140746	116.441813199314	99.0719364053047	107.159703483124	113.914876546313	103.020940905635	125.029182087029	115.296155144536	90.3834242445466
PA14_RS04670	694.159896223278	722.431249497154	721.687812607607	792.783361879775	835.375761339626	793.867250508126	924.073548825962	913.104371546462	1052.59029484795
PA14_RS04675	148.104616077323	157.442451649777	140.921288852373	135.934068307296	154.211295460654	187.861715769098	150.415818043786	130.737604494251	192.064776519662
PA14_RS04680	34.7723881225019	40.1806256814535	40.1412156124941	37.7043401144324	33.3220387176289	31.3102859615164	45.695944722163	17.50030926301	48.9576881324628
PA14_RS04685	3.86359868027798	5.74008938306479	11.9569578420195	1.98443895339118	5.42451793077679	10.1000922456505	22.2133064621625	27.7946088294864	9.41494002547361
PA14_RS04690	0	7.3801149210833	8.54068417287109	6.94553633686912	14.7236915263941	4.04003689826018	3.17332949459465	1.02942995664765	1.88298800509472
PA14_RS04695	16.7422609478713	4.92007661405553	3.41627366914844	14.8832921504338	4.64958679780868	13.1301199193456	3.17332949459465	4.11771982659058	0
PA14_RS04700	0	3.28005107603702	3.41627366914844	0.992219476695589	3.09972453187245	0	0	2.05885991329529	11.2979280305683
PA14_RS04705	14.1665284943526	7.3801149210833	5.97847892100977	3.96887790678235	3.87465566484057	5.05004612282523	3.17332949459465	7.20600969653352	5.64896401528417
PA14_RS04710	87.5749034196343	72.1611236728145	94.8015943188691	49.6109738347794	43.3961434462143	65.6505995967279	52.0426037113523	54.5597877023252	45.1917121222733
PA14_RS04715	97.8778332337089	72.1611236728145	45.2656261162168	73.4242412754736	47.2707991110549	60.6005534739027	69.8132488810823	84.413256445107	64.0215921732205
PA14_RS04720	74.696241152041	66.4210342897497	101.634141657166	66.4787049386044	85.2424246264924	45.450415105427	84.4105645562177	88.5309762716976	139.341112377009
PA14_RS04725	46.3631841633358	31.980497991361	23.9139156840391	27.7821453474765	74.3933887649389	23.230212164996	26.6559677545951	16.4708793063623	22.5958560611367
PA14_RS04730	115.90796040834	136.122119655536	126.402125758492	74.4164607521691	108.490358615536	68.6806272704231	132.645172874056	124.561024754365	133.692148361725
PA14_RS04735	575.67620336142	660.93029182146	494.505613609236	720.351340080997	902.019838774884	926.178458926147	823.161670897852	767.954747659144	781.440022114309
PA14_RS04740	195.755666467418	196.803064562221	179.354367630293	154.786238364512	224.730028560753	135.341236091716	167.551797314598	208.974281199472	112.979280305683
PA14_RS04745	96.5899670069496	164.002553801851	210.954899069916	124.027434586949	145.687052998005	202.001844913009	185.322442484328	262.50463894515	267.38429672345
PA14_RS04750	3.86359868027798	9.02014045910181	10.2488210074453	12.8988531970427	9.29917359561736	17.1701568176058	17.1359792708111	17.50030926301	3.76597601018944
PA14_RS04755	50.2267828436138	65.6010215207404	59.7847892100977	41.6732180212147	44.9460057121506	62.6205719230328	41.2532834297304	45.2949180924964	56.4896401528417
PA14_RS04760	103.029298140746	79.5412385938978	70.8876786348301	64.4942659852133	64.3192840363534	54.5404981265124	68.5439170832444	94.7075560115834	48.9576881324628
PA14_RS04765	19.3179934013899	19.6803064562221	6.83254733829688	5.95331686017353	10.0741047285855	6.06005534739027	13.9626497762165	7.20600969653352	0
PA14_RS04770	15.4543947211119	15.5802426111759	24.7679841013262	5.95331686017353	6.97438019671302	2.02001844913009	10.7893202816218	17.50030926301	32.0107960866103
PA14_RS04775	19.3179934013899	27.0604213773054	34.1627366914844	7.93775581356471	12.3988981274898	10.1000922456505	15.2319815740543	11.3237295231241	5.64896401528417
PA14_RS04780	96.5899670069496	58.2209065996571	83.6987048941367	45.6420959279971	51.1454547758955	45.450415105427	50.7732719135144	53.5303577456776	82.8514722241678
PA14_RS04785	86.287037192875	62.3209704447034	66.6173365483945	89.299752902603	65.8691463022896	62.6205719230328	72.9865783756769	62.7952273555064	60.2556161630311
PA14_RS04790	157.119679664638	166.462592108879	185.332846551303	204.397212199291	182.883747380475	200.991835688444	208.170414845409	238.827749942254	250.437404677598
PA14_RS04795	48.9389166168545	59.0409193686664	66.6173365483945	67.4709244153	43.3961434462143	39.3903597580368	43.7919470254062	45.2949180924964	50.8406761375575
PA14_RS04800	12.8786622675933	22.9603575322592	20.4976420148906	15.8755116271294	28.6724519198202	39.3903597580368	24.7519700578383	15.4414493497147	1.88298800509472
PA14_RS04805	38.6359868027798	33.6205235293795	35.8708735260586	51.5954127881706	57.3449038396404	31.3102859615164	39.3492857329737	36.0300484826676	22.5958560611367
PA14_RS04810	101.741431913987	100.041557819129	111.882962664611	124.027434586949	137.162810535356	110.09100547759	132.645172874056	159.561643280385	90.3834242445466
PA14_RS04815	179.013405519547	112.341749354268	117.007373168334	120.058556680166	135.61294826942	137.361254540846	82.5065668594609	117.355015057832	169.468920458525
PA14_RS04820	19.3179934013899	51.6608044475831	34.1627366914844	37.7043401144324	27.8975207868521	43.4303966562969	44.4266129243251	39.1183383526105	15.0639040407578
PA14_RS04825	81.1355722858377	64.7810087517312	64.9091997138203	83.3464360424294	86.7922868924287	64.6405903721629	66.0052534875687	70.0012370520399	64.0215921732205
PA14_RS04830	55.3782477506511	51.6608044475831	51.2441050372266	68.4631438919956	74.3933887649389	76.7607010669434	64.7359216897309	72.0600969653352	33.893784091705
PA14_RS04835	126.210890222414	164.002553801851	262.199004107143	106.167484006428	136.387879402388	138.371263765411	135.183836469732	137.943614190785	86.6174482343572
PA14_RS04840	207.346462508252	215.663358249434	215.225241156352	221.264943303116	179.784022848602	185.841697319968	179.610449394057	142.061334017375	288.097164779492
PA14_RS04845	33.4845218957425	26.2404086082962	24.7679841013262	26.7899258707809	27.122589653884	27.2702490632562	24.1173041589193	40.1477683092582	39.5427481069892
PA14_RS04850	5.15146490703731	14.7602298421666	13.6650946765938	30.7588037775632	31.7721764516926	17.1701568176058	25.3866359567572	16.4708793063623	24.4788440662314
PA14_RS04855	168.710475705472	179.582796413027	175.938093961145	196.459456385727	193.732783242028	183.821678870838	200.554424058382	251.180909422026	257.969356697977
PA14_RS04860	193.179934013899	122.181902582379	143.483494104234	153.794018887816	161.960606790336	153.521402133887	172.629124505949	142.061334017375	160.053980433051
PA14_RS04865	66.9690437914851	84.4613152079533	82.8446364768496	97.2375087161677	120.889256743026	101.000922456505	91.3918894443259	78.2366767052211	111.096292300589
PA14_RS04870	82.423438512597	82.8212896699348	55.5144471236621	104.183045053037	161.185675657368	140.391282214541	116.778525401083	92.6486960982881	77.2025082088836
PA14_RS04875	346.436014998259	309.964826685499	357.000598426012	349.261255796847	306.097797522405	358.553274720591	329.391601538925	311.917276864237	393.544493064797
PA14_RS04880	185.452736653343	159.902489956805	148.607904607957	191.498359002249	156.536088859559	170.691558951493	170.725126809192	197.650551676348	182.649836494188
PA14_RS04885	251.133914218069	247.643856240795	216.079309573639	282.782550858243	214.655923832167	247.452260018436	325.583606145411	311.917276864237	259.852344703072
PA14_RS04890	254.997512898347	205.823205021323	208.392693818055	280.798111904852	252.627549347605	218.16199250605	274.810334231897	241.916039812197	180.766848489093
PA14_RS04895	618.175788844477	552.688606312238	534.646829221731	510.000811021533	583.523143124989	543.384962815994	563.58331824001	587.804505245806	621.386041681258
PA14_RS04900	37.3481205760205	31.980497991361	40.1412156124941	44.6498764513015	16.2735537923304	30.3002767369514	28.5599654513518	30.8828986994294	35.7767720967997
PA14_RS04905	215.073659868808	155.802426111759	145.191630938809	209.358309582769	161.185675657368	182.811669646273	143.434493155678	166.767652976919	124.277208336252
PA14_RS04910	708.32642471763	710.131057962015	604.680439439274	645.934879328828	719.911022527377	612.065590086418	586.431290601091	541.480157196662	647.747873752584
PA14_RS04915	16.7422609478713	33.6205235293795	17.0813683457422	22.8210479639985	31.7721764516926	21.210193715866	31.0986290470276	25.7357489161911	35.7767720967997
PA14_RS04920	12.8786622675933	19.6803064562221	17.9354367630293	5.95331686017353	9.29917359561736	16.1601475930407	16.5013133718922	17.50030926301	7.53195202037889
PA14_RS04925	397.950664068632	369.825758823174	433.866755981852	370.097864807455	351.818734367523	360.573293169721	394.127523228655	367.50649452321	374.71461301385
PA14_RS31355	1.28786622675933	0	0.854068417287109	0	3.87465566484057	4.04003689826018	1.90399769675679	1.02942995664765	5.64896401528417
PA14_RS04940	525.449420517806	359.985605595063	204.122351731619	353.23013370363	337.869973974097	294.922693572993	102.815875624867	141.031904060727	146.873064397388
PA14_RS04945	189.316335333621	212.383307173397	239.139156840391	191.498359002249	218.530579497008	176.751614298883	138.991831863246	169.855942846862	161.936968438146
PA14_RS04950	445.601714458727	405.086307890572	327.108203820963	342.315719459978	376.616530622503	388.853551457542	324.948940246492	306.770127080999	391.661505059702
PA14_RS04955	1336.80514337618	1435.84235853521	1516.82550910191	1479.39923975312	1585.50909805276	1648.33505449015	1755.48587640976	1819.00273339639	1854.7431850183
PA14_RS04960	37.3481205760205	26.2404086082962	27.3301893531875	37.7043401144324	27.122589653884	22.220202940431	29.8292972491897	22.6474590462482	33.893784091705
PA14_RS04965	79.8477060590783	86.1013407459718	80.2824312249883	97.2375087161677	98.4162538869504	77.7707102915085	78.6985714659473	98.825275838174	54.6066521477469
PA14_RS04970	394.087065388354	383.765975896332	438.137098068287	400.856668585018	402.964189143419	371.683394639937	383.338202947034	367.50649452321	446.268157207449
PA14_RS04975	950.445275348384	883.153752222968	882.252675057584	1053.73708425072	853.974108530861	866.587914676809	849.182972753528	834.867694841241	692.939585874858
PA14_RS04980	204.770730054733	159.902489956805	175.084025543857	179.591725281902	214.655923832167	170.691558951493	156.762477032976	171.914802760157	177.000872478904
PA14_RS04985	589.842731855772	523.168146627905	747.309865126221	590.370588633875	633.893666767917	690.846309602491	773.657730782176	831.779404971298	958.440894593213
PA14_RS04990	528.025152971324	522.348133858896	546.60378706375	568.541760146572	588.172729922798	634.285793026848	789.524378255149	696.924080650456	928.313086511698
PA14_RS04995	167.422609478713	213.203319942406	191.311325472313	227.21826016329	189.858127577188	202.001844913009	225.30639411622	216.180290896006	207.128680560419
PA14_RS05000	347.723881225019	353.425503442989	335.648887993834	401.848888061713	429.311847664335	368.653366966242	491.866071662171	512.656118410528	568.662377538606
PA14_RS05005	242.118850630754	325.545069296674	260.490867272568	311.556915682415	313.072177719118	373.703413089067	333.199596932438	339.711885693723	444.385169202354
PA14_RS05010	50.2267828436138	65.6010215207404	57.2225839582363	75.4086802288647	58.1198349726085	65.6505995967279	70.4479147800012	64.8540872688017	73.4365321986942
PA14_RS05015	151.968214757601	134.482094117518	100.780073239879	154.786238364512	135.61294826942	159.581457481277	161.839804224327	186.326822153224	212.777644575704
PA14_RS05020	452.041045592524	417.386499425711	429.596413895416	659.825952002567	617.620112975586	463.594234075356	717.172465778391	638.24657312154	709.88647792071
PA14_RS05025	12.8786622675933	20.5003192252314	23.9139156840391	34.7276816843456	24.0228651220115	29.2902675123863	36.8106221372979	11.3237295231241	9.41494002547361
PA14_RS05030	32.1966556689832	43.4606767574905	58.0766523755234	8.9299752902603	37.1966943824694	33.3303044106465	48.2346083178387	31.912328656077	39.5427481069892
PA14_RS05035	11.590796040834	12.3001915351388	13.6650946765938	15.8755116271294	10.8490358615536	17.1701568176058	2.53866359567572	1.02942995664765	13.1809160356631
PA14_RS05040	123.635157768895	136.122119655536	163.127067701838	117.081898250079	168.934986987049	118.17107927411	196.746428664868	160.591073237033	199.59672854004
PA14_RS05045	27.0451907619459	52.4808172165924	37.5790103606328	38.696559591128	43.3961434462143	44.440405880862	59.6585944983794	42.2066282225535	39.5427481069892
PA14_RS05050	61.8175788844477	74.6211619798423	64.9091997138203	73.4242412754736	78.2680444297794	85.8507840880288	81.237235061623	78.2366767052211	73.4365321986942
PA14_RS05055	74.696241152041	62.3209704447034	86.2609101459981	60.5253880784309	89.117080291333	69.6906364949881	69.8132488810823	89.5604062283452	60.2556161630311
PA14_RS05060	218.937258549086	264.04411162098	249.387977847836	227.21826016329	229.379615358561	260.582379937782	336.372926427033	328.388156170599	361.533696978187
PA14_RS05065	394.087065388354	373.105809899211	392.017403534783	547.705151135965	537.80220627987	514.094695303608	486.1540785719	512.656118410528	525.353653421427
PA14_RS05070	50.2267828436138	45.1007022955091	78.5742943904141	60.5253880784309	63.5443529033853	47.4704335545571	61.5625921951362	75.1483868352782	97.9153762649255
PA14_RS05075	3.86359868027798	2.46003830702777	7.68661575558399	6.94553633686912	10.0741047285855	2.02001844913009	8.88532258486502	8.23543965318117	35.7767720967997
PA14_RS05080	43.7874517098172	73.801149210833	73.4498838866914	50.603193311475	44.1710745791824	77.7707102915085	63.466589891893	51.4714978323823	88.5004362394519
PA14_RS05085	151.968214757601	198.44309010024	170.813683457422	189.513920048857	212.331130433263	183.821678870838	215.151739733517	192.50340189311	186.415812504377
PA14_RS05090	114.62009418158	122.181902582379	113.591099499186	165.700652608163	144.137190732069	175.741605074318	170.090460910273	169.855942846862	173.234896468714
PA14_RS05095	10.3029298140746	11.4801787661296	11.1028894247324	10.9144142436515	10.0741047285855	3.03002767369514	6.3466589891893	6.17657973988588	16.9468920458525
PA14_RS05100	155.831813437879	160.722502725814	127.256194175779	147.840702027643	136.387879402388	126.251153070631	145.338490852435	126.61988466766	103.56434028021
PA14_RS05105	126.210890222414	129.562017503462	117.007373168334	98.2297281928633	97.6413227539823	96.9608855582444	112.97053000757	105.00185557806	161.936968438146
PA14_RS05110	23.1815920816679	14.7602298421666	31.6005314396231	46.6343154046927	21.6980717231072	36.3603320843416	31.0986290470276	35.00061852602	11.2979280305683
PA14_RS05115	25.7573245351866	25.4203958392869	22.2057788494648	29.7665843008677	26.3476585209158	22.220202940431	26.6559677545951	36.0300484826676	22.5958560611367
PA14_RS05120	56.6661139774104	86.9213535149811	76.0120891385527	48.6187543580838	75.9432510308751	79.7907287406386	78.0639055670284	75.1483868352782	73.4365321986942
PA14_RS05125	14.1665284943526	16.4002553801851	11.1028894247324	14.8832921504338	13.1738292604579	20.2001844913009	10.1546543827029	16.4708793063623	3.76597601018944
PA14_RS05130	15.4543947211119	11.4801787661296	18.7895051803164	3.96887790678235	16.2735537923304	8.08007379652036	27.290633653514	16.4708793063623	52.7236641426522
PA14_RS05135	75.9841073788004	79.5412385938978	87.1149785632852	82.3542165657339	115.464738812249	128.271171519761	128.202511581624	192.50340189311	233.490512631746
PA14_RS05140	23.1815920816679	36.9005746054165	41.8493524470684	54.5720712182574	68.193939701194	49.4904520036872	55.2159332059469	88.5309762716976	107.330316290399
PA14_RS05145	137.801686263248	159.082477187796	170.813683457422	184.552822665379	194.507714374996	159.581457481277	228.479723610815	216.180290896006	288.097164779492
PA14_RS05150	136.513820036489	166.462592108879	160.564862449977	173.638408421728	179.784022848602	137.361254540846	236.730380296761	216.180290896006	201.479716545135
PA14_RS05155	159.695412118157	159.082477187796	223.765925329223	185.545042142075	205.35675023655	221.192020179745	250.058364174058	208.974281199472	338.93784091705
PA14_RS05160	32.1966556689832	27.8804341463147	28.1842577704746	48.6187543580838	33.3220387176289	29.2902675123863	39.3492857329737	40.1477683092582	16.9468920458525
PA14_RS05165	68.2569100182444	36.9005746054165	35.8708735260586	55.564290694953	49.5955925099592	39.3903597580368	64.1012557908119	48.3832079624394	56.4896401528417
PA14_RS05170	61.8175788844477	72.1611236728145	86.2609101459981	112.120800866602	111.590083147408	125.241143846066	103.450541523786	140.00247410408	141.224100382104
PA14_RS05175	30.9087894422239	22.1403447632499	36.7249419433457	36.7121206377368	31.7721764516926	10.1000922456505	30.4639631481086	27.7946088294864	9.41494002547361
PA14_RS05180	47.6510503900951	90.2014045910181	79.4283628077012	85.3308749958206	54.2451793077679	72.7206641686833	80.6025691627041	64.8540872688017	45.1917121222733
PA14_RS05185	70.832642471763	75.4411747488515	108.466688995463	67.4709244153	63.5443529033853	51.5104704528173	91.3918894443259	66.912947182097	97.9153762649255
PA14_RS05190	45.0753179365765	38.540600143435	23.9139156840391	46.6343154046927	44.9460057121506	41.4103782071669	43.1572811264872	38.0889083959629	32.0107960866103
PA14_RS05195	692.872029996518	856.093330845663	843.819596279664	781.868947636124	953.165293550779	871.637960799634	906.937569555151	972.811309032025	981.03675065435
PA14_RS05200	16.7422609478713	14.7602298421666	29.0383261877617	13.8910726737382	10.8490358615536	25.2502306141261	8.88532258486502	21.6180290896006	11.2979280305683
PA14_RS05205	34.7723881225019	35.260549067398	58.0766523755234	36.7121206377368	11.6239669945217	31.3102859615164	37.4452880362169	21.6180290896006	45.1917121222733
PA14_RS05210	5.15146490703731	11.4801787661296	14.5191630938809	7.93775581356471	10.0741047285855	8.08007379652036	8.25065668594609	8.23543965318117	9.41494002547361
PA14_RS05215	10.3029298140746	9.02014045910181	0.854068417287109	9.92219476695589	5.42451793077679	10.1000922456505	8.88532258486502	8.23543965318117	0
PA14_RS05220	1.28786622675933	0.820012769009256	11.9569578420195	7.93775581356471	9.29917359561736	8.08007379652036	14.5973156751354	20.5885991329529	11.2979280305683
PA14_RS05225	155.831813437879	130.382030272472	144.337562521522	253.015966557375	216.980717231072	230.28210320083	296.38897479514	294.416967601227	274.916248743829
PA14_RS05230	109.468629274543	74.6211619798423	90.5312522324336	56.5565101716486	61.2195595044809	48.4804427791222	56.4852650037848	52.5009277890299	22.5958560611367
PA14_RS05235	29.6209232154645	4.92007661405553	11.1028894247324	6.94553633686912	28.6724519198202	12.1201106947805	19.6746428664868	33.9711885693723	54.6066521477469
PA14_RS05240	10.3029298140746	22.9603575322592	33.3086682741973	17.8599505805206	24.7977962549796	15.1501383684757	15.8666474729732	21.6180290896006	20.7128680560419
PA14_RS05245	195.755666467418	193.523013486184	231.452541084807	231.187138070072	264.251516342127	284.822601327343	357.951566990276	287.210957904693	340.820828922145
PA14_RS05250	77.2719736055597	116.441813199314	134.088741514076	144.864043597556	158.860882258463	196.951798790184	140.261163661084	160.591073237033	158.170992427957
PA14_RS05255	61.8175788844477	101.681583357148	30.7464630223359	120.058556680166	119.339394477089	134.331226867151	66.6399193864876	55.5892176589729	94.1494002547361
PA14_RS05260	21.8937258549086	27.0604213773054	29.0383261877617	31.7510232542588	20.9231405901391	22.220202940431	20.9439746643247	25.7357489161911	28.2448200764208
PA14_RS05265	3.86359868027798	14.7602298421666	11.1028894247324	17.8599505805206	14.7236915263941	20.2001844913009	19.0399769675679	14.412019393067	16.9468920458525
PA14_RS05270	55.3782477506511	72.9811364418238	63.2010628792461	40.6809985445191	46.4958679780868	46.4604243299921	38.0799539351358	46.3243480491441	52.7236641426522
PA14_RS05275	74.696241152041	65.6010215207404	74.3039523039785	76.4008997055603	55.7950415737041	56.5605165756425	36.175956238379	40.1477683092582	52.7236641426522
PA14_RS05280	142.953151170285	76.2611875178608	100.780073239879	80.3697776123427	59.6696972385447	41.4103782071669	45.695944722163	42.2066282225535	45.1917121222733
PA14_RS05285	43.7874517098172	35.260549067398	49.5359682026523	58.5409491250397	35.6468321165332	38.3803505334717	27.9252995524329	23.6768890028959	41.4257361120839
PA14_RS05290	110.756495501302	150.882349497703	101.634141657166	125.019654063644	117.014601078185	109.080996253025	116.778525401083	103.972425621412	88.5004362394519
PA14_RS05295	41.2117192562985	74.6211619798423	87.9690469805723	65.4864854619089	70.5187331000983	86.8607933125939	50.7732719135144	64.8540872688017	135.57513636682
PA14_RS05300	233.103787043438	162.362528263833	193.019462306887	111.128581389906	182.883747380475	141.401291439106	149.146486245949	167.797082933566	241.022464652124
PA14_RS05305	46.3631841633358	63.1409832137127	51.2441050372266	21.8288284873029	23.2479339890434	45.450415105427	30.4639631481086	45.2949180924964	20.7128680560419
PA14_RS05310	5.15146490703731	1.64002553801851	5.97847892100977	0	1.54986226593623	3.03002767369514	3.80799539351358	2.05885991329529	18.8298800509472
PA14_RS05315	2.57573245351866	3.28005107603702	5.12441050372266	6.94553633686912	6.97438019671302	0	7.61599078702716	5.14714978323823	20.7128680560419
PA14_RS05320	24.4694583084272	41.0006384504628	32.4545998569102	35.7199011610412	46.4958679780868	26.2602398386912	56.4852650037848	36.0300484826676	7.53195202037889
PA14_RS05325	3.86359868027798	0.820012769009256	0	0	6.1994490637449	0	0.63466589891893	1.02942995664765	0
PA14_RS05330	33.4845218957425	20.5003192252314	33.3086682741973	35.7199011610412	25.5727273879477	25.2502306141261	22.2133064621625	16.4708793063623	16.9468920458525
PA14_RS05335	9.0150635873153	21.3203319942406	13.6650946765938	14.8832921504338	17.0484849252985	4.04003689826018	8.88532258486502	7.20600969653352	3.76597601018944
PA14_RS05340	3.86359868027798	7.3801149210833	8.54068417287109	15.8755116271294	9.29917359561736	9.09008302108541	8.88532258486502	7.20600969653352	1.88298800509472
PA14_RS05345	127.498756449173	59.8609321376757	70.8876786348301	48.6187543580838	47.2707991110549	41.4103782071669	21.5786405632436	61.7657973988588	69.6705561885047
PA14_RS05350	46.3631841633358	7.3801149210833	42.7034208643555	27.7821453474765	12.3988981274898	12.1201106947805	16.5013133718922	36.0300484826676	30.1278080815155
PA14_RS05355	50.2267828436138	27.0604213773054	40.9952840297813	47.6265348813883	27.8975207868521	33.3303044106465	21.5786405632436	21.6180290896006	9.41494002547361
PA14_RS05360	86.287037192875	42.6406639884813	109.32075741275	69.4553633686912	28.6724519198202	32.3202951860815	45.695944722163	53.5303577456776	52.7236641426522
PA14_RS05365	10.3029298140746	4.92007661405553	17.0813683457422	6.94553633686912	10.8490358615536	2.02001844913009	10.7893202816218	14.412019393067	1.88298800509472
PA14_RS05370	297.497098381405	281.264379770175	254.512388351559	348.269036320152	304.547935256468	320.172924187119	385.24220064379	385.00680378622	289.980152784587
PA14_RS30125	153.25608098436	110.701723816249	100.780073239879	127.996312493731	111.590083147408	112.11102392672	169.455795011354	168.826512890214	122.394220331157
PA14_RS05380	61.8175788844477	46.7407278335276	40.9952840297813	60.5253880784309	51.9203859088636	58.5805350247726	54.581267307028	31.912328656077	80.968484219073
PA14_RS05385	51.5146490703731	41.820651219472	65.7632681311074	47.6265348813883	50.3705236429274	56.5605165756425	58.3892627005416	63.8246573121541	56.4896401528417
PA14_RS05390	352.875346132056	384.585988665341	374.936035189041	394.903351724844	323.146282447703	369.663376190807	424.591486376764	407.654262832468	369.065648998565
PA14_RS05395	560.221808640308	501.027801864655	557.706676488482	506.03193311475	543.226724210647	508.034639956218	608.644597063254	658.835172254493	504.640785365385
PA14_RS05400	51.5146490703731	65.6010215207404	59.7847892100977	50.603193311475	62.7694217704172	69.6906364949881	46.3306106210819	41.1771982659058	52.7236641426522
PA14_RS05405	41.2117192562985	28.7004469153239	20.4976420148906	27.7821453474765	31.7721764516926	40.4003689826018	24.7519700578383	27.7946088294864	35.7767720967997
PA14_RS05410	1.28786622675933	6.56010215207404	2.56220525186133	5.95331686017353	4.64958679780868	2.02001844913009	8.88532258486502	3.08828986994294	3.76597601018944
PA14_RS05415	12.8786622675933	7.3801149210833	11.9569578420195	9.92219476695589	12.3988981274898	12.1201106947805	3.80799539351358	14.412019393067	1.88298800509472
PA14_RS05420	51.5146490703731	59.0409193686664	35.0168051087715	40.6809985445191	37.9716255154375	53.5304889019474	54.581267307028	31.912328656077	43.3087241171786
PA14_RS05425	6.43933113379664	21.3203319942406	10.2488210074453	14.8832921504338	6.97438019671302	8.08007379652036	4.44266129243251	22.6474590462482	9.41494002547361
PA14_RS05430	45.0753179365765	39.3606129124443	39.287147195207	14.8832921504338	42.6212123132462	43.4303966562969	25.3866359567572	32.9417586127247	47.074700127368
PA14_RS05435	69.5447762450037	73.801149210833	71.7417470521172	41.6732180212147	42.6212123132462	58.5805350247726	62.8319239929741	71.0306670086876	35.7767720967997
PA14_RS05440	45.0753179365765	68.0610598277682	49.5359682026523	40.6809985445191	58.8947661055766	60.6005534739027	76.1599078702716	65.8835172254493	48.9576881324628
PA14_RS05445	18.0301271746306	36.0805618364072	46.1196945335039	29.7665843008677	51.1454547758955	23.230212164996	45.061278823244	28.8240387861341	26.3618320713261
PA14_RS05450	0	0	0.854068417287109	0	0	0	0	0	0
PA14_RS05455	19.3179934013899	25.4203958392869	15.373231511168	11.9066337203471	19.3732783242028	22.220202940431	21.5786405632436	20.5885991329529	69.6705561885047
PA14_RS05460	45.0753179365765	41.0006384504628	53.8063102890879	24.8054869173897	33.3220387176289	35.3503228597766	26.0213018556761	18.5297392196576	18.8298800509472
PA14_RS05465	1.28786622675933	4.10006384504628	17.9354367630293	12.8988531970427	5.42451793077679	9.09008302108541	3.80799539351358	2.05885991329529	3.76597601018944
PA14_RS05470	5.15146490703731	9.84015322811107	13.6650946765938	12.8988531970427	6.97438019671302	7.07006457195532	7.61599078702716	13.3825894364194	15.0639040407578
PA14_RS05475	29.6209232154645	32.8005107603702	34.1627366914844	21.8288284873029	20.1482094571709	26.2602398386912	15.2319815740543	26.7651788728388	39.5427481069892
PA14_RS05480	87.5749034196343	82.0012769009256	84.5527733114238	53.5798517415618	70.5187331000983	66.660608821293	96.4692166356774	59.7069374855635	52.7236641426522
PA14_RS05485	6.43933113379664	27.0604213773054	15.373231511168	5.95331686017353	17.0484849252985	8.08007379652036	3.17332949459465	13.3825894364194	5.64896401528417
PA14_RS05490	45.0753179365765	44.2806895264998	30.7464630223359	30.7588037775632	42.6212123132462	40.4003689826018	26.6559677545951	33.9711885693723	41.4257361120839
PA14_RS05495	56.6661139774104	83.6413024389441	58.9307207928106	61.5176075551265	45.7209368451187	68.6806272704231	22.8479723610815	44.2654881358488	58.3726281579364
PA14_RS05500	15.4543947211119	11.4801787661296	5.97847892100977	13.8910726737382	5.42451793077679	3.03002767369514	10.1546543827029	3.08828986994294	5.64896401528417
PA14_RS05505	52.8025152971325	42.6406639884813	42.7034208643555	44.6498764513015	36.4217632495013	39.3903597580368	39.9839516318926	42.2066282225535	37.6597601018944
PA14_RS05510	48.9389166168545	26.2404086082962	38.4330787779199	20.8366090106074	18.5983471912347	41.4103782071669	19.0399769675679	10.2942995664765	26.3618320713261
PA14_RS05515	41.2117192562985	63.1409832137127	38.4330787779199	56.5565101716486	42.6212123132462	35.3503228597766	46.3306106210819	26.7651788728388	75.3195202037889
PA14_RS05520	128.786622675933	50.0207789095646	65.7632681311074	47.6265348813883	38.7465566484057	37.3703413089067	46.9652765200008	50.4420678757347	24.4788440662314
PA14_RS05525	60.5297126576884	59.0409193686664	79.4283628077012	39.6887790678235	69.7438019671302	82.8207564143337	70.4479147800012	74.1189568786305	64.0215921732205
PA14_RS05530	173.861940612509	113.981774892287	134.088741514076	118.074117726775	129.413499205675	113.121033151285	126.933179783786	156.473353410442	163.819956443241
PA14_RS05535	11.590796040834	9.02014045910181	8.54068417287109	9.92219476695589	11.6239669945217	16.1601475930407	11.4239861805407	16.4708793063623	9.41494002547361
PA14_RS05540	3.86359868027798	4.10006384504628	21.3517104321777	3.96887790678235	8.52424246264924	7.07006457195532	3.80799539351358	10.2942995664765	13.1809160356631
PA14_RS05545	61.8175788844477	35.260549067398	35.0168051087715	29.7665843008677	22.4730028560753	28.2802582878213	48.2346083178387	36.0300484826676	47.074700127368
PA14_RS05550	21.8937258549086	19.6803064562221	24.7679841013262	12.8988531970427	20.1482094571709	19.1901752667359	7.61599078702716	12.3531594797718	22.5958560611367
PA14_RS05555	9.0150635873153	0	5.97847892100977	2.97665843008677	1.54986226593623	1.01000922456505	3.80799539351358	5.14714978323823	5.64896401528417
PA14_RS05560	5.15146490703731	4.92007661405553	16.2272999284551	14.8832921504338	10.8490358615536	16.1601475930407	2.53866359567572	7.20600969653352	0
PA14_RS05565	10.3029298140746	7.3801149210833	11.9569578420195	9.92219476695589	5.42451793077679	5.05004612282523	1.26933179783786	9.26486960982881	1.88298800509472
PA14_RS05570	12.8786622675933	16.4002553801851	15.373231511168	7.93775581356471	12.3988981274898	11.1101014702155	7.61599078702716	9.26486960982881	13.1809160356631
PA14_RS05580	10.3029298140746	4.92007661405553	10.2488210074453	14.8832921504338	7.74931132968113	7.07006457195532	7.61599078702716	9.26486960982881	18.8298800509472
PA14_RS05585	25.7573245351866	36.0805618364072	25.6220525186133	27.7821453474765	35.6468321165332	33.3303044106465	39.9839516318926	27.7946088294864	28.2448200764208
PA14_RS05590	25.7573245351866	42.6406639884813	36.7249419433457	37.7043401144324	36.4217632495013	24.2402213895611	38.7146198340547	30.8828986994294	60.2556161630311
PA14_RS31360	66.9690437914851	70.521098134796	72.5958154694043	6298.6092380636	5051.00112468616	5275.27817990323	8956.40516554394	7088.65468147569	7213.72704751788
PA14_RS31740	104.317164367506	77.9012130558793	75.1580207212656	2944.90740683251	2178.33141477337	2310.90110580482	3938.73656869088	3067.70127080999	2673.8429672345
PA14_RS30135	148.104616077323	152.522375035722	109.32075741275	1835.60603188684	1450.67108091631	1363.51245316281	1803.7204847276	1257.96340702342	1206.99531126572
PA14_RS05600	75.9841073788004	117.261825968324	112.737031081898	531.829639508835	366.542425893917	305.022785818644	487.423410369738	428.242861965421	306.92704483044
PA14_RS05605	38.6359868027798	49.2007661405553	75.1580207212656	59.5331686017353	35.6468321165332	33.3303044106465	34.2719585416222	37.0594784393153	33.893784091705
PA14_RS05610	55.3782477506511	51.6608044475831	58.9307207928106	38.696559591128	26.3476585209158	49.4904520036872	22.8479723610815	28.8240387861341	39.5427481069892
PA14_RS05615	45.0753179365765	48.3807533715461	40.1412156124941	31.7510232542588	40.2964189143419	37.3703413089067	38.7146198340547	40.1477683092582	22.5958560611367
PA14_RS05620	1052.18670726237	1018.4558591095	1114.55928455968	878.114236875596	998.11129926293	825.177536469642	826.969666291366	787.513916835449	809.68484219073
PA14_RS05625	43.7874517098172	59.8609321376757	61.4929260446719	61.5176075551265	44.9460057121506	37.3703413089067	93.2958871410827	73.0895269219829	90.3834242445466
PA14_RS05630	84.9991709661157	49.2007661405553	55.5144471236621	73.4242412754736	52.6953170418317	74.7406826178133	60.2932603972983	102.942995664765	79.0854962139783
PA14_RS05635	68.2569100182444	65.6010215207404	63.2010628792461	80.3697776123427	81.3677689616519	54.5404981265124	72.9865783756769	73.0895269219829	101.681352275115
PA14_RS05640	118.483692861858	157.442451649777	153.73231511168	113.113020343297	179.009091715634	137.361254540846	154.2238134373	184.267962239929	144.990076392294
PA14_RS05645	64.3933113379664	50.0207789095646	40.9952840297813	42.6654374979103	43.3961434462143	50.5004612282523	42.5226152275683	51.4714978323823	35.7767720967997
PA14_RS05650	72.1205086985224	79.5412385938978	81.9905680595625	59.5331686017353	72.8435264990026	71.7106549441182	62.8319239929741	77.2072467485735	56.4896401528417
PA14_RS05655	6.43933113379664	16.4002553801851	17.0813683457422	11.9066337203471	19.3732783242028	3.03002767369514	15.2319815740543	19.5591691763053	16.9468920458525
PA14_RS05660	130.074488902692	105.781647202194	96.5097311534434	115.097459296688	111.590083147408	89.890820986289	116.143859502164	110.149005361298	141.224100382104
PA14_RS05665	38.6359868027798	50.0207789095646	56.3685155409492	44.6498764513015	62.7694217704172	55.5505073510775	66.0052534875687	54.5597877023252	103.56434028021
PA14_RS05670	24.4694583084272	25.4203958392869	48.6818997853652	28.7743648241721	33.3220387176289	15.1501383684757	33.0026267437844	29.8534687427817	26.3618320713261
PA14_RS05675	136.513820036489	127.921991965444	118.715510002908	203.404992722596	129.413499205675	147.461346786497	239.903709791356	206.915421286177	209.011668565514
PA14_RS05680	139.089552490007	174.662719798971	163.127067701838	174.630627898424	175.909367183762	193.921771116489	179.610449394057	163.679363106976	137.458124371915
PA14_RS05685	78.559839832319	52.4808172165924	47.8278313680781	25.7977063940853	53.4702481747998	54.5404981265124	74.8905760724337	54.5597877023252	64.0215921732205
PA14_RS05690	24.4694583084272	28.7004469153239	29.0383261877617	22.8210479639985	25.5727273879477	19.1901752667359	25.3866359567572	25.7357489161911	35.7767720967997
PA14_RS05695	45.0753179365765	98.4015322811107	69.1795418002559	64.4942659852133	58.1198349726085	80.8007379652036	78.0639055670284	94.7075560115834	62.1386041681258
PA14_RS05700	41.2117192562985	33.6205235293795	24.7679841013262	24.8054869173897	27.8975207868521	28.2802582878213	18.405311068649	25.7357489161911	37.6597601018944
PA14_RS05705	20.6058596281493	14.7602298421666	11.1028894247324	21.8288284873029	27.122589653884	39.3903597580368	31.7332949459465	21.6180290896006	32.0107960866103
PA14_RS05710	1.28786622675933	4.10006384504628	12.8110262593066	11.9066337203471	19.3732783242028	16.1601475930407	8.88532258486502	17.50030926301	11.2979280305683
PA14_RS05715	242.118850630754	238.623715781693	201.560146479758	290.720306671807	261.151791810254	227.252075527135	255.770357264329	154.414493497147	199.59672854004
PA14_RS05720	18.0301271746306	2.46003830702777	1.70813683457422	3.96887790678235	4.64958679780868	3.03002767369514	1.90399769675679	9.26486960982881	0
PA14_RS05730	34.7723881225019	14.7602298421666	18.7895051803164	19.8443895339118	20.9231405901391	24.2402213895611	31.0986290470276	28.8240387861341	62.1386041681258
PA14_RS05735	83.7113047393563	51.6608044475831	93.947525901582	54.5720712182574	52.6953170418317	74.7406826178133	59.0239285994605	45.2949180924964	73.4365321986942
PA14_RS05740	145.528883623804	83.6413024389441	129.818399427641	148.832921504338	137.937741668324	119.181088498675	163.743801921084	153.385063540499	156.288004422862
PA14_RS05745	122.347291542136	88.5613790529996	106.758552160889	69.4553633686912	51.9203859088636	39.3903597580368	45.695944722163	58.6775075289158	52.7236641426522
PA14_RS05750	70.832642471763	82.8212896699348	68.3254733829688	53.5798517415618	41.8462811802781	56.5605165756425	35.5412903394601	59.7069374855635	69.6705561885047
PA14_RS05755	288.482034794089	182.042834720055	223.765925329223	228.210479639985	174.359504917825	160.591466705842	168.821129112435	154.414493497147	173.234896468714
PA14_RS05760	21.8937258549086	15.5802426111759	21.3517104321777	36.7121206377368	28.6724519198202	37.3703413089067	32.3679608448654	24.7063189595435	35.7767720967997
PA14_RS31195	15.4543947211119	13.1202043041481	9.3947525901582	11.9066337203471	13.948760393426	16.1601475930407	15.8666474729732	15.4414493497147	24.4788440662314
PA14_RS31200	2.57573245351866	3.28005107603702	12.8110262593066	3.96887790678235	5.42451793077679	2.02001844913009	7.61599078702716	10.2942995664765	9.41494002547361
PA14_RS05765	11.590796040834	29.5204596843332	42.7034208643555	18.8521700572162	21.6980717231072	24.2402213895611	33.0026267437844	28.8240387861341	41.4257361120839
PA14_RS05770	1027.71724895394	1144.73782553692	1082.10468470277	955.507356057852	1104.27686447956	1164.5406359235	1096.06800743299	1198.25646953786	1110.96292300589
PA14_RS05775	81.1355722858377	50.8407916785738	53.8063102890879	61.5176075551265	61.2195595044809	67.670618045858	72.351912476758	73.0895269219829	105.447328285304
PA14_RS05780	72.1205086985224	44.2806895264998	38.4330787779199	61.5176075551265	57.3449038396404	48.4804427791222	35.5412903394601	36.0300484826676	69.6705561885047
PA14_RS05785	341.284550091222	390.326078048406	417.639456053397	479.242007243969	503.705236429273	421.173846643624	597.220610882713	640.305433034836	581.843293574269
PA14_RS05790	6.43933113379664	10.6601659971203	13.6650946765938	25.7977063940853	11.6239669945217	9.09008302108541	22.2133064621625	12.3531594797718	39.5427481069892
PA14_RS05795	25.7573245351866	11.4801787661296	18.7895051803164	12.8988531970427	20.1482094571709	19.1901752667359	27.290633653514	27.7946088294864	3.76597601018944
PA14_RS05800	310.375760648998	406.726333428591	362.125008929734	379.027840097715	330.895593777384	355.523247046896	380.799539351358	442.654881358488	491.459869329722
PA14_RS05805	349.011747451778	417.386499425711	380.914514110051	412.763302305365	423.887329733558	382.793496110152	350.335576203249	313.976136777532	355.884732962902
PA14_RS05810	43.7874517098172	63.9609959827219	49.5359682026523	90.2919723792986	80.5928378286838	67.670618045858	71.7172465778391	89.5604062283452	126.160196341346
PA14_RS05815	55.3782477506511	60.6809449066849	51.2441050372266	72.432021798778	74.3933887649389	37.3703413089067	78.0639055670284	76.1778167919258	32.0107960866103
PA14_RS30145	52.8025152971325	39.3606129124443	90.5312522324336	2422.00774261393	1833.48706060256	1577.6344087706	5958.24345905091	3502.12071251529	4451.38364404392
PA14_RS30150	287.19416856733	232.883626398629	230.59847266752	16283.3138320513	10360.8292477837	9876.88020702158	21894.0695150063	17076.1841208712	18472.1123299792
PA14_RS05820	614.312190164199	674.870508894617	507.316639868543	436.576569746059	303.7730041235	328.25299798364	157.397142931895	151.326203627204	124.277208336252
PA14_RS05825	288.482034794089	355.885541750017	342.481435332131	2516.26859290001	2243.42562994269	1937.19769271576	3466.5451398952	3051.23039150362	2956.29116799871
PA14_RS05830	337.420951410944	401.806256814535	413.369113966961	738.211290661518	766.406890505464	659.536023640975	1077.02803046542	1009.87078747134	1037.52639080719
PA14_RS05835	775.295468509115	874.133611763866	607.242644691135	1210.50776156862	1017.48457758713	1008.99921534048	1051.00672860975	830.74997501465	888.770338404709
PA14_RS05840	1010.97498800607	1151.29792768899	1293.91365218997	1225.39105371905	1158.52204378733	1295.84183511695	1262.98513884867	1318.69977446563	1171.21853916892
PA14_RS05845	819.082920218933	966.795054661912	769.515643975686	979.320623498546	812.127827350582	857.497831655724	766.041739995148	721.63039961	845.46161428753
PA14_RS05850	531.888751651602	403.446282352554	397.141814038506	457.413178756666	488.981544902879	536.314898244039	524.234032507036	558.980466459672	604.439149635406
PA14_RS05855	766.2804049218	814.272679626191	793.429559659725	913.834138036637	950.065569018907	1017.079289137	900.590910565962	923.398671112938	888.770338404709
PA14_RS05860	312.951493102517	377.205873744258	312.589040727082	350.253475273543	325.471075846608	316.132887288859	380.799539351358	295.446397557874	261.735332708166
PA14_RS05865	404.389995202429	366.545707747137	285.258851373895	333.385744169718	315.396971118022	266.642435285172	311.620956369195	252.210339378673	210.894656570609
PA14_RS05870	440.45024955169	532.188287087007	493.651545191949	339.339061029891	416.912949536845	423.193865092754	401.743514015683	468.390630274679	510.28974938067
PA14_RS05875	571.812604681142	686.350687660747	677.276254908678	451.459861896493	554.850691205169	595.905442493377	503.92472374163	469.420060231327	531.002617436711
PA14_RS05880	146.816749850563	120.541877044361	135.79687834865	115.097459296688	139.48760393426	136.351245316281	104.085207422705	94.7075560115834	112.979280305683
PA14_RS05885	55.3782477506511	74.6211619798423	73.4498838866914	68.4631438919956	65.0942151693215	63.6305811475979	50.1386060145955	28.8240387861341	79.0854962139783
PA14_RS05890	133.93808758297	122.181902582379	107.612620578176	126.01187354034	99.1911850199185	132.311208418021	102.815875624867	111.178435317946	120.511232326062
PA14_RS05895	415.980791243263	523.168146627905	400.558087707654	343.307938936674	369.64215042579	377.743449987327	313.524954065951	409.713122745763	344.586804932334
PA14_RS05900	48.9389166168545	57.4008938306479	46.1196945335039	46.6343154046927	38.7465566484057	33.3303044106465	30.4639631481086	25.7357489161911	30.1278080815155
PA14_RS05905	83.7113047393563	107.421672740212	76.0120891385527	92.2764113326897	73.6184576319707	68.6806272704231	53.3119355091901	54.5597877023252	84.7344602292625
PA14_RS05910	994.232727058201	1014.35579526445	1192.2795105328	1119.22356971262	1136.04904093125	1092.82998097938	1379.12899835083	1387.67158156103	1572.29498425409
PA14_RS05915	1389.60765867331	1241.49933228001	1149.57608966845	1247.21988220635	1396.42590160854	1348.36231479434	1303.60375637948	1197.22703958121	1120.37786303136
PA14_RS05920	634.918049792349	663.390330128488	555.144471236621	592.355027587266	531.602757216126	516.114713752738	469.018099301089	448.831461098374	451.917121222733
PA14_RS05925	302.648563288442	287.004469153239	315.151245978943	302.626940392155	263.476585209158	266.642435285172	229.749055408653	184.267962239929	276.799236748924
PA14_RS05930	436.586650871412	468.227291104285	464.613219004188	426.654374979103	420.787605201685	418.143818969929	357.951566990276	351.035615216847	384.129553039323
PA14_RS05935	594.99419676281	500.207789095646	560.268881740344	456.420959279971	351.818734367523	435.313975787535	374.452880362169	354.12390508679	269.267284728545
PA14_RS05940	216.361526095567	233.703639167638	225.474062163797	216.303845919638	179.009091715634	200.991835688444	163.109136022165	173.973662673452	175.117884473809
PA14_RS05945	804.91639172458	756.051773026534	724.250017859469	597.316124970744	518.428927955668	537.324907468604	495.039401156765	462.214050534793	525.353653421427
PA14_RS05950	609.160725257162	730.631377187247	808.802791170893	549.689590089356	520.753721354572	574.695248777511	503.290057842711	482.802649667746	412.374373115744
PA14_RS05955	139.089552490007	188.602936872129	154.586383528967	179.591725281902	142.587328466133	159.581457481277	137.087834166489	163.679363106976	124.277208336252
PA14_RS05960	72.1205086985224	63.1409832137127	63.2010628792461	51.5954127881706	76.7181821638432	71.7106549441182	69.1785829821634	60.7363674422111	80.968484219073
PA14_RS05965	33.4845218957425	34.4405362983887	35.8708735260586	42.6654374979103	28.6724519198202	52.5204796773824	34.9066244405411	41.1771982659058	54.6066521477469
PA14_RS05970	83.7113047393563	67.241047058759	116.153304751047	79.3775581356471	65.0942151693215	91.9108394354191	100.277212029191	78.2366767052211	129.926172351536
PA14_RS05975	34.7723881225019	47.5607406025368	51.2441050372266	25.7977063940853	39.5214877813738	59.5905442493377	66.6399193864876	49.412637919087	50.8406761375575
PA14_RS05980	68.2569100182444	28.7004469153239	40.9952840297813	47.6265348813883	62.7694217704172	50.5004612282523	69.8132488810823	78.2366767052211	54.6066521477469
PA14_RS05985	418.556523696782	381.305937589304	473.153903177059	347.276816843456	360.342976830173	354.513237822331	386.511532441628	398.389393222639	510.28974938067
PA14_RS05990	117.195826635099	95.1214812050736	70.8876786348301	140.895165690774	120.114325610058	102.01093168107	142.799827256759	151.326203627204	79.0854962139783
PA14_RS05995	292.345633474367	185.322885796092	268.177483028152	269.8836976612	223.955097427785	289.872647450168	311.620956369195	391.183383526105	370.94863700366
PA14_RS06000	114.62009418158	129.562017503462	128.110262593066	141.887385167469	112.365014280376	146.451337561932	151.050483942705	156.473353410442	112.979280305683
PA14_RS06005	21.8937258549086	32.8005107603702	26.4761209359004	29.7665843008677	21.6980717231072	38.3803505334717	27.9252995524329	22.6474590462482	11.2979280305683
PA14_RS06010	61.8175788844477	53.3008299856016	52.0981734545137	49.6109738347794	61.2195595044809	75.7506918423784	65.3705875886498	45.2949180924964	103.56434028021
PA14_RS06015	283.330569887052	302.584711764415	335.648887993834	220.272723826421	216.205786098104	251.492296916696	244.346371083788	295.446397557874	256.086368692882
PA14_RS06020	55.3782477506511	34.4405362983887	56.3685155409492	45.6420959279971	49.5955925099592	45.450415105427	42.5226152275683	44.2654881358488	45.1917121222733
PA14_RS06025	110.756495501302	88.5613790529996	115.29923633376	69.4553633686912	92.2168048232055	74.7406826178133	74.2559101735148	76.1778167919258	28.2448200764208
PA14_RS06030	3.86359868027798	8.20012769009256	14.5191630938809	9.92219476695589	11.6239669945217	14.1401291439106	12.6933179783786	11.3237295231241	24.4788440662314
PA14_RS06035	64.3933113379664	82.8212896699348	82.8446364768496	76.4008997055603	54.2451793077679	58.5805350247726	77.4292396681094	54.5597877023252	58.3726281579364
PA14_RS06040	37.3481205760205	54.9408555236201	93.947525901582	46.6343154046927	60.4446283715128	73.7306733932483	48.2346083178387	81.324966575164	96.0323882598308
PA14_RS06045	105.605030594265	59.0409193686664	88.8231153978594	32.7432427309544	63.5443529033853	80.8007379652036	48.2346083178387	91.6192661416405	73.4365321986942
PA14_RS06050	20.6058596281493	18.8602936872129	7.68661575558399	15.8755116271294	22.4730028560753	12.1201106947805	18.405311068649	20.5885991329529	3.76597601018944
PA14_RS06055	106.892896821024	116.441813199314	181.062504464867	171.653969468337	171.259780385953	193.921771116489	168.186463213516	256.328059205264	331.405888896671
PA14_RS06060	97.8778332337089	51.6608044475831	57.2225839582363	51.5954127881706	54.2451793077679	39.3903597580368	48.2346083178387	30.8828986994294	20.7128680560419
PA14_RS06065	82.423438512597	108.241685509222	126.402125758492	143.87182412086	96.8663916210141	109.080996253025	145.973156751354	190.444541979814	173.234896468714
PA14_RS06070	9.0150635873153	15.5802426111759	8.54068417287109	7.93775581356471	6.1994490637449	11.1101014702155	7.61599078702716	12.3531594797718	13.1809160356631
PA14_RS06075	0	2.46003830702777	5.12441050372266	5.95331686017353	6.97438019671302	0	5.07732719135144	4.11771982659058	0
PA14_RS06080	0	2.46003830702777	0.854068417287109	1.98443895339118	0	0	1.26933179783786	0	1.88298800509472
PA14_RS06085	0	0.820012769009256	0	1.98443895339118	0	0	0	0	0
PA14_RS06090	1.28786622675933	11.4801787661296	0.854068417287109	0	0.774931132968113	6.06005534739027	1.26933179783786	6.17657973988588	3.76597601018944
PA14_RS06095	16.7422609478713	9.02014045910181	8.54068417287109	20.8366090106074	20.9231405901391	10.1000922456505	17.1359792708111	29.8534687427817	18.8298800509472
PA14_RS06100	889.915562690696	926.614428980459	1013.7792113198	992.219476695589	1166.27135511701	1165.55064514806	1344.22237391029	1277.52257619973	1532.7522361471
PA14_RS06105	601.433527896606	672.41047058759	646.529791886342	606.246100261005	702.08760646911	684.786254255101	666.399193864876	723.689259523295	696.705561885047
PA14_RS06110	503.555694662897	459.207150645183	414.223182384248	391.926693294758	417.687880669813	462.584224850791	374.452880362169	447.802031141726	536.651581451996
PA14_RS06115	20.6058596281493	16.4002553801851	18.7895051803164	29.7665843008677	13.948760393426	23.230212164996	18.405311068649	29.8534687427817	18.8298800509472
PA14_RS06120	139.089552490007	141.862209038601	157.148588780828	145.856263074252	172.034711518921	116.15106082498	156.127811134057	193.532831849757	216.543620585893
PA14_RS06125	12.8786622675933	20.5003192252314	32.4545998569102	18.8521700572162	10.0741047285855	23.230212164996	22.8479723610815	16.4708793063623	0
PA14_RS06130	30.9087894422239	37.7205873744258	37.5790103606328	24.8054869173897	25.5727273879477	9.09008302108541	34.2719585416222	14.412019393067	13.1809160356631
PA14_RS06135	30.9087894422239	40.1806256814535	35.8708735260586	66.4787049386044	41.07135004731	24.2402213895611	50.1386060145955	44.2654881358488	39.5427481069892
PA14_RS06140	15.4543947211119	1.64002553801851	5.12441050372266	8.9299752902603	3.09972453187245	4.04003689826018	3.17332949459465	3.08828986994294	0
PA14_RS06145	0	0	2.56220525186133	0.992219476695589	0	0	2.53866359567572	1.02942995664765	0
PA14_RS06150	42.4995854830578	27.0604213773054	25.6220525186133	40.6809985445191	20.9231405901391	27.2702490632562	49.5039401156765	24.7063189595435	43.3087241171786
PA14_RS06155	23.1815920816679	22.1403447632499	29.0383261877617	5.95331686017353	10.0741047285855	28.2802582878213	10.7893202816218	11.3237295231241	5.64896401528417
PA14_RS06160	6.43933113379664	0	4.27034208643555	0	0	3.03002767369514	1.26933179783786	0	0
PA14_RS06165	10.3029298140746	8.20012769009256	7.68661575558399	6.94553633686912	3.09972453187245	9.09008302108541	6.3466589891893	9.26486960982881	11.2979280305683
PA14_RS06170	64.3933113379664	51.6608044475831	61.4929260446719	44.6498764513015	36.4217632495013	52.5204796773824	72.9865783756769	52.5009277890299	88.5004362394519
PA14_RS06175	5.15146490703731	5.74008938306479	9.3947525901582	3.96887790678235	5.42451793077679	6.06005534739027	3.80799539351358	7.20600969653352	24.4788440662314
PA14_RS06180	11.590796040834	24.6003830702777	23.059847266752	19.8443895339118	10.8490358615536	13.1301199193456	8.88532258486502	7.20600969653352	18.8298800509472
PA14_RS06185	303.936429515201	364.085669440109	365.541282598883	376.051181667628	421.562536334654	409.053735948843	472.826094694603	531.185857630185	483.927917309343
PA14_RS06190	72.1205086985224	65.6010215207404	98.2178679880176	49.6109738347794	71.2936642330664	54.5404981265124	49.5039401156765	56.6186476156205	39.5427481069892
PA14_RS06195	23.1815920816679	54.9408555236201	16.2272999284551	27.7821453474765	30.2223141857564	15.1501383684757	35.5412903394601	18.5297392196576	26.3618320713261
PA14_RS06200	95.3021007801903	72.1611236728145	70.033610217543	87.3153139492118	78.2680444297794	73.7306733932483	57.1199309027037	54.5597877023252	92.2664122496414
PA14_RS06205	3.86359868027798	0.820012769009256	0.854068417287109	1.98443895339118	0.774931132968113	0	4.44266129243251	0	0
PA14_RS06210	78.559839832319	77.08120028687	87.9690469805723	43.6576569746059	64.3192840363534	75.7506918423784	88.2185599497313	80.2955366185164	114.862268310778
PA14_RS06215	54.0903815238918	60.6809449066849	39.287147195207	36.7121206377368	58.1198349726085	56.5605165756425	45.061278823244	37.0594784393153	50.8406761375575
PA14_RS06220	131.362355129451	107.421672740212	81.1364996422754	117.081898250079	115.464738812249	78.7807195160735	101.546543827029	124.561024754365	79.0854962139783
PA14_RS06225	84.9991709661157	75.4411747488515	44.4115576989297	102.198606099646	103.065840684759	91.9108394354191	67.9092511843255	61.7657973988588	94.1494002547361
PA14_RS06230	855.143174568194	747.031632567432	836.13298052408	788.814483972993	739.28430085158	690.846309602491	924.708214724881	955.310999769015	864.291494338477
PA14_RS06235	412.117192562985	382.125950358313	513.295118789553	325.447988356153	361.892839096109	335.323062555595	375.087546261088	443.684311315135	286.214176774398
PA14_RS06240	802.340659271061	721.611236728145	754.142412464518	633.036026131786	615.295319576682	549.445018163385	701.305818305418	692.806360823866	717.418429941089
PA14_RS06245	291.057767247608	320.624992682619	402.266224542229	288.735867718416	249.527824815732	233.312130874525	250.693030072977	280.00494820816	397.310469074986
PA14_RS06250	29.6209232154645	25.4203958392869	11.9569578420195	18.8521700572162	19.3732783242028	30.3002767369514	17.1359792708111	23.6768890028959	1.88298800509472
PA14_RS06255	726.356551892261	660.93029182146	695.211691671707	539.7673953224	479.682371307262	581.765313349466	471.556762896765	533.244717543481	508.406761375575
PA14_RS06260	20.6058596281493	22.9603575322592	16.2272999284551	10.9144142436515	20.1482094571709	17.1701568176058	23.4826382600004	3.08828986994294	15.0639040407578
PA14_RS31205	18.0301271746306	26.2404086082962	42.7034208643555	34.7276816843456	20.1482094571709	27.2702490632562	29.1946313502708	48.3832079624394	56.4896401528417
PA14_RS06270	25.7573245351866	20.5003192252314	28.1842577704746	26.7899258707809	16.2735537923304	27.2702490632562	22.2133064621625	15.4414493497147	28.2448200764208
PA14_RS06275	16.7422609478713	18.8602936872129	21.3517104321777	18.8521700572162	26.3476585209158	18.1801660421708	27.290633653514	13.3825894364194	28.2448200764208
PA14_RS06280	41.2117192562985	38.540600143435	31.6005314396231	42.6654374979103	53.4702481747998	33.3303044106465	69.8132488810823	72.0600969653352	64.0215921732205
PA14_RS06285	21.8937258549086	14.7602298421666	32.4545998569102	18.8521700572162	24.7977962549796	30.3002767369514	23.4826382600004	14.412019393067	22.5958560611367
PA14_RS30155	2.57573245351866	13.9402170731573	9.3947525901582	6.94553633686912	13.1738292604579	5.05004612282523	7.61599078702716	5.14714978323823	5.64896401528417
PA14_RS06290	108.180763047784	168.922630415907	194.727599141461	133.949629353904	177.459229449698	94.9408671091143	151.685149841624	155.443923453795	137.458124371915
PA14_RS06295	43.7874517098172	42.6406639884813	39.287147195207	54.5720712182574	28.6724519198202	56.5605165756425	45.061278823244	41.1771982659058	69.6705561885047
PA14_RS06300	318.102958009554	352.60549067398	343.335503749418	416.732180212147	374.291737223599	375.723431538197	420.148825084332	421.036852268887	346.469792937429
PA14_RS06305	641.357380926145	599.429334145766	713.147128434736	888.036431642552	977.188158672791	921.128412803321	1213.48119873299	1289.8757356795	1280.43184346441
PA14_RS30160	36.0602543492612	47.5607406025368	35.0168051087715	33.73546220765	33.3220387176289	34.3403136352115	34.9066244405411	40.1477683092582	30.1278080815155
PA14_RS06310	74.696241152041	77.08120028687	68.3254733829688	74.4164607521691	61.994490637449	59.5905442493377	63.466589891893	64.8540872688017	50.8406761375575
PA14_RS06315	21.8937258549086	39.3606129124443	41.8493524470684	28.7743648241721	26.3476585209158	15.1501383684757	18.405311068649	11.3237295231241	13.1809160356631
PA14_RS06320	30.9087894422239	46.7407278335276	47.8278313680781	46.6343154046927	58.8947661055766	68.6806272704231	69.1785829821634	65.8835172254493	18.8298800509472
PA14_RS06325	14.1665284943526	13.1202043041481	12.8110262593066	15.8755116271294	19.3732783242028	9.09008302108541	14.5973156751354	23.6768890028959	0
PA14_RS06330	27.0451907619459	43.4606767574905	46.973762950791	41.6732180212147	35.6468321165332	43.4303966562969	31.7332949459465	35.00061852602	11.2979280305683
PA14_RS06335	65.6811775647257	77.9012130558793	102.488210074453	82.3542165657339	94.5415982221098	57.5705258002076	57.1199309027037	83.3838264884593	77.2025082088836
PA14_RS06340	334.845218957425	310.784839454508	245.971704178688	448.483203466406	425.437191999494	361.583302394286	533.75402099082	500.302958930756	532.885605441806
PA14_RS06345	32.1966556689832	34.4405362983887	51.2441050372266	63.5020465085177	67.4190085682258	52.5204796773824	70.4479147800012	63.8246573121541	75.3195202037889
PA14_RS06350	145.528883623804	117.261825968324	152.024178277105	164.708433131468	152.661433194718	126.251153070631	204.997085350814	177.061952543395	156.288004422862
PA14_RS06355	94.014234553431	86.1013407459718	61.4929260446719	109.144142436515	79.8179066957156	73.7306733932483	103.450541523786	126.61988466766	60.2556161630311
PA14_RS06360	0	5.74008938306479	1.70813683457422	3.96887790678235	3.09972453187245	3.03002767369514	0.63466589891893	7.20600969653352	7.53195202037889
PA14_RS06365	66.9690437914851	57.4008938306479	67.4714049656816	75.4086802288647	63.5443529033853	71.7106549441182	73.6212442745959	105.00185557806	137.458124371915
PA14_RS06370	23.1815920816679	58.2209065996571	52.0981734545137	42.6654374979103	48.045730244023	41.4103782071669	39.3492857329737	38.0889083959629	15.0639040407578
PA14_RS06375	41.2117192562985	67.241047058759	75.1580207212656	48.6187543580838	34.096969850597	29.2902675123863	57.7545968016226	57.6480775722682	13.1809160356631
PA14_RS06380	222.800857229364	180.402809182036	195.581667558748	207.373870629378	153.436364327686	226.24206630257	166.28246551676	171.914802760157	229.724536621556
PA14_RS06385	204.770730054733	209.10325609736	212.66303590449	181.576164235293	237.128926688243	203.011854137574	249.423698275139	238.827749942254	293.746128794777
PA14_RS06390	535.752350331881	571.548899999451	544.895650229176	783.853386589515	688.913777208653	803.967342753776	1005.9454497865	999.576487904864	1005.51559472058
PA14_RS06395	898.930626278011	1129.15758292574	1174.34407376978	935.66296652394	1032.20826911353	916.078366680496	1009.75344518002	986.193898468445	1272.89989144403
PA14_RS06400	1076.6561655708	929.074467287487	885.668948726733	779.884508682733	778.805788632954	773.667066016825	719.711129374067	697.953510607104	675.992693829005
PA14_RS06405	1844.22443671936	1760.56741506287	1697.88801356677	1495.27475138025	1588.60882258463	1601.87463016016	1410.86229329678	1295.02288546274	1566.64602023881
PA14_RS06410	1688.39262328148	2160.73364633939	1728.63447658911	1772.10398537832	1890.8319644422	2146.26960220072	1354.377028293	1231.19822815058	1527.10327213182
PA14_RS06415	252.421780444828	232.883626398629	210.100830652629	249.047088650593	200.707163438741	243.412223120176	175.167788101625	164.708793063623	135.57513636682
PA14_RS06420	46.3631841633358	78.7212258248885	53.8063102890879	68.4631438919956	74.3933887649389	61.6105626984678	84.4105645562177	85.4426864017546	79.0854962139783
PA14_RS06425	66.9690437914851	93.4814556670551	125.548057341205	99.2219476695589	96.091460488046	133.321217642586	83.7758986572988	111.178435317946	133.692148361725
PA14_RS06430	123.635157768895	76.2611875178608	95.6556627361563	108.151922959819	104.615702950695	105.040959354765	109.797200512975	111.178435317946	118.628244320967
PA14_RS06435	544.767413919196	492.007661405553	526.106145048859	648.911537758915	600.571628050288	578.735285675771	729.23111785785	658.835172254493	600.673173625216
PA14_RS06440	437.874517098172	473.14736771834	478.278313680781	482.218665674056	512.229478891923	444.40405880862	512.175380427576	499.273528974108	544.183533472375
PA14_RS06445	421.1322561503	368.185733285156	379.206377275477	263.930380801027	323.146282447703	396.933625254063	364.298225979466	466.331770361384	369.065648998565
PA14_RS06450	24.4694583084272	13.9402170731573	11.1028894247324	15.8755116271294	6.1994490637449	16.1601475930407	8.88532258486502	28.8240387861341	13.1809160356631
PA14_RS06455	64.3933113379664	77.9012130558793	58.9307207928106	51.5954127881706	78.2680444297794	63.6305811475979	73.6212442745959	61.7657973988588	67.78756818341
PA14_RS06460	135.225953809729	91.0214173600274	80.2824312249883	95.2530697627765	87.5672180253968	108.07098702846	118.68252309784	83.3838264884593	71.5535441935994
PA14_RS06465	78.559839832319	116.441813199314	75.1580207212656	200.428334292509	134.838017136452	145.441328337367	273.541002434059	179.12081245669	210.894656570609
PA14_RS06470	137.801686263248	74.6211619798423	91.3853206497207	178.599505805206	190.633058710156	193.921771116489	249.423698275139	251.180909422026	299.395092810061
PA14_RS06475	96.5899670069496	61.5009576756942	72.5958154694043	103.190825576341	84.4674934935243	89.890820986289	134.549170570813	118.384445014479	165.702944448336
PA14_RS06480	199.619265147696	234.523651936647	219.495583242787	376.051181667628	312.29724658615	340.37310867842	429.668813568116	370.594784393153	404.842421095365
PA14_RS06485	275.603372526496	324.725056527665	289.52919346033	471.304251430405	436.286227861048	386.833533008412	481.711417279468	418.977992355592	459.449073243112
PA14_RS06490	27.0451907619459	37.7205873744258	21.3517104321777	21.8288284873029	28.6724519198202	43.4303966562969	27.9252995524329	29.8534687427817	58.3726281579364
PA14_RS06495	42.4995854830578	52.4808172165924	26.4761209359004	48.6187543580838	54.2451793077679	59.5905442493377	48.2346083178387	53.5303577456776	16.9468920458525
PA14_RS06500	186.740602880103	269.784201004045	241.701362092252	223.249382256507	175.909367183762	216.14197405692	199.285092260544	226.474590462482	160.053980433051
PA14_RS06505	495.828497302341	399.346218507507	427.034208643555	332.393524693022	339.419836240034	370.673385415372	259.578352657842	265.592928815093	293.746128794777
PA14_RS06510	77.2719736055597	65.6010215207404	56.3685155409492	72.432021798778	40.2964189143419	62.6205719230328	65.3705875886498	88.5309762716976	75.3195202037889
PA14_RS06515	446.889580685487	455.927099569146	383.476719361912	502.063055207968	443.260608057761	427.233901991014	361.75956238379	452.949180924964	310.693020840629
PA14_RS06520	38.6359868027798	18.0402809182036	22.2057788494648	35.7199011610412	15.4986226593623	15.1501383684757	19.0399769675679	21.6180290896006	5.64896401528417
PA14_RS06525	51.5146490703731	63.1409832137127	53.8063102890879	100.214167146254	101.515978418823	69.6906364949881	116.778525401083	82.3543965318117	48.9576881324628
PA14_RS06530	0	2.46003830702777	3.41627366914844	7.93775581356471	3.09972453187245	2.02001844913009	6.98132488810823	4.11771982659058	0
PA14_RS06535	12.8786622675933	42.6406639884813	40.1412156124941	45.6420959279971	24.7977962549796	34.3403136352115	58.3892627005416	18.5297392196576	15.0639040407578
PA14_RS06540	36.0602543492612	24.6003830702777	31.6005314396231	25.7977063940853	35.6468321165332	25.2502306141261	33.0026267437844	24.7063189595435	37.6597601018944
PA14_RS06545	542.191681465677	478.887457101405	479.986450515356	515.954127881706	404.514051409355	513.084686079043	451.247454131359	433.390011748659	506.52377337048
PA14_RS06550	38.6359868027798	74.6211619798423	57.2225839582363	55.564290694953	68.9688708341621	78.7807195160735	85.0452304551366	64.8540872688017	88.5004362394519
PA14_RS06555	34.7723881225019	22.1403447632499	26.4761209359004	20.8366090106074	24.0228651220115	20.2001844913009	9.51998848378395	22.6474590462482	18.8298800509472
PA14_RS06560	59.2418464309291	95.9414939740829	99.0719364053047	48.6187543580838	47.2707991110549	68.6806272704231	36.8106221372979	46.3243480491441	71.5535441935994
PA14_RS06565	66.9690437914851	64.7810087517312	72.5958154694043	35.7199011610412	61.2195595044809	91.9108394354191	78.0639055670284	67.9423771387446	92.2664122496414
PA14_RS06570	28.3330569887052	13.9402170731573	21.3517104321777	11.9066337203471	18.5983471912347	11.1101014702155	16.5013133718922	21.6180290896006	24.4788440662314
PA14_RS06575	24.4694583084272	25.4203958392869	27.3301893531875	30.7588037775632	34.096969850597	18.1801660421708	45.061278823244	21.6180290896006	28.2448200764208
PA14_RS06580	5.15146490703731	9.02014045910181	11.1028894247324	7.93775581356471	3.87465566484057	12.1201106947805	4.44266129243251	12.3531594797718	0
PA14_RS06585	189.316335333621	167.282604877888	181.916572882154	163.716213654772	144.912121865037	99.9909132319395	188.495771978922	214.12143098271	169.468920458525
PA14_RS06590	18.0301271746306	21.3203319942406	17.0813683457422	13.8910726737382	24.0228651220115	19.1901752667359	22.2133064621625	22.6474590462482	33.893784091705
PA14_RS06595	78.559839832319	56.5808810616386	51.2441050372266	42.6654374979103	58.8947661055766	74.7406826178133	48.2346083178387	50.4420678757347	96.0323882598308
PA14_RS06600	41.2117192562985	82.0012769009256	55.5144471236621	56.5565101716486	52.6953170418317	48.4804427791222	39.3492857329737	46.3243480491441	26.3618320713261
PA14_RS06605	118.483692861858	126.281966427425	96.5097311534434	89.299752902603	92.2168048232055	112.11102392672	88.8532258486502	117.355015057832	52.7236641426522
PA14_RS06610	50.2267828436138	76.2611875178608	72.5958154694043	115.097459296688	70.5187331000983	89.890820986289	79.3332373648662	78.2366767052211	69.6705561885047
PA14_RS06615	142.953151170285	131.202043041481	87.9690469805723	123.035215110253	99.9661161528866	107.060977803895	89.4878917475691	53.5303577456776	107.330316290399
PA14_RS06620	592.418464309291	677.330547201645	691.795418002559	568.541760146572	624.594493172299	652.465959069019	707.652477294607	739.13070887301	711.769465925805
PA14_RS06625	473.934771447433	460.847176183202	581.620592172522	402.841107538409	444.035539190729	477.734363219266	437.919470254062	553.833316676433	506.52377337048
PA14_RS06630	150.680348530841	116.441813199314	128.964331010354	201.420553769205	153.436364327686	123.221125396936	184.687776585409	176.032522586747	122.394220331157
PA14_RS06635	95.3021007801903	75.4411747488515	87.9690469805723	54.5720712182574	68.193939701194	65.6505995967279	71.0825806789202	58.6775075289158	64.0215921732205
PA14_RS06640	168.710475705472	125.461953658416	185.332846551303	120.058556680166	107.715427482568	143.421309888236	102.181209725948	99.8547057948217	133.692148361725
PA14_RS06645	60.5297126576884	38.540600143435	66.6173365483945	27.7821453474765	29.4473830527883	44.440405880862	24.1173041589193	36.0300484826676	58.3726281579364
PA14_RS06650	87.5749034196343	85.2813279769626	98.2178679880176	99.2219476695589	88.3421491583649	65.6505995967279	63.466589891893	62.7952273555064	67.78756818341
PA14_RS06655	7.72719736055597	2.46003830702777	8.54068417287109	16.867731103825	14.7236915263941	11.1101014702155	3.17332949459465	18.5297392196576	3.76597601018944
PA14_RS06660	119.771559088618	148.422311190675	116.153304751047	119.066337203471	75.9432510308751	93.9308578845492	105.354539220542	67.9423771387446	112.979280305683
PA14_RS06665	282.042703660293	464.127227259239	416.785387636109	363.152328470585	557.175484604073	525.204796773824	329.391601538925	411.771982659058	534.768593446901
PA14_RS06670	254.997512898347	171.382668722934	212.66303590449	180.583944758597	205.35675023655	273.712499857127	208.805080744328	251.180909422026	256.086368692882
PA14_RS06675	126.210890222414	127.921991965444	134.088741514076	151.809579934425	159.635813391431	191.901752667359	170.725126809192	172.944232716805	167.58593245343
PA14_RS06680	23.1815920816679	23.7803703012684	30.7464630223359	28.7743648241721	31.7721764516926	20.2001844913009	33.6372926427033	47.3537780057917	28.2448200764208
PA14_RS06685	7.72719736055597	14.7602298421666	29.8923946050488	19.8443895339118	26.3476585209158	18.1801660421708	29.1946313502708	18.5297392196576	50.8406761375575
PA14_RS06690	94.014234553431	87.7413662839903	81.1364996422754	57.5487296483441	72.8435264990026	71.7106549441182	100.277212029191	121.472734884422	146.873064397388
PA14_RS06695	1043.17164367506	937.274594977579	942.891532684969	1117.23913075923	854.749039663829	1014.04926146331	1081.47069175786	842.073704537774	962.206870603403
PA14_RS06700	162.271144571675	189.422949641138	152.878246694393	197.451675862422	197.607438906869	214.12195560779	201.82375585622	210.00371115612	320.107960866103
PA14_RS06705	244.694583084272	204.183179483305	160.564862449977	238.132674406941	220.855372895912	209.071909484964	210.074412542166	194.562261806405	210.894656570609
PA14_RS06710	55.3782477506511	92.6614428980459	72.5958154694043	98.2297281928633	91.4418736902373	88.880811761724	86.3145622529745	86.4721163584023	96.0323882598308
PA14_RS06715	38.6359868027798	26.2404086082962	47.8278313680781	23.8132674406941	27.8975207868521	23.230212164996	36.8106221372979	33.9711885693723	56.4896401528417
PA14_RS06720	9.0150635873153	2.46003830702777	5.12441050372266	7.93775581356471	8.52424246264924	17.1701568176058	4.44266129243251	7.20600969653352	20.7128680560419
PA14_RS06725	55.3782477506511	43.4606767574905	54.660378706375	50.603193311475	55.020110440736	55.5505073510775	56.4852650037848	51.4714978323823	32.0107960866103
PA14_RS06730	32.1966556689832	41.820651219472	33.3086682741973	50.603193311475	42.6212123132462	51.5104704528173	46.9652765200008	50.4420678757347	22.5958560611367
PA14_RS06735	45.0753179365765	92.6614428980459	72.5958154694043	68.4631438919956	63.5443529033853	75.7506918423784	66.0052534875687	55.5892176589729	103.56434028021
PA14_RS06740	142.953151170285	148.422311190675	138.359083600512	143.87182412086	219.305510629976	188.871724993663	187.226440181084	156.473353410442	97.9153762649255
PA14_RS06745	226.664455909642	196.803064562221	172.521820291996	110.13636191321	142.587328466133	137.361254540846	139.626497762165	160.591073237033	158.170992427957
PA14_RS06750	245.982449311032	254.203958392869	233.160677919381	226.226040686594	227.829753092625	225.232057078005	241.173041589193	229.562880332425	237.256488641935
PA14_RS06755	168.710475705472	161.542515494823	172.521820291996	155.778457841207	160.410744524399	147.461346786497	150.415818043786	122.50216484107	146.873064397388
PA14_RS06760	361.890409719371	325.545069296674	420.201661305258	351.245694750238	302.998072990532	306.032795043209	330.660933336762	341.770745607018	293.746128794777
PA14_RS06765	70.832642471763	84.4613152079533	75.1580207212656	36.7121206377368	55.7950415737041	41.4103782071669	31.7332949459465	49.412637919087	73.4365321986942
PA14_RS06770	0	2.46003830702777	5.12441050372266	8.9299752902603	3.09972453187245	6.06005534739027	3.80799539351358	1.02942995664765	9.41494002547361
PA14_RS06775	21.8937258549086	28.7004469153239	22.2057788494648	23.8132674406941	10.0741047285855	15.1501383684757	10.1546543827029	17.50030926301	28.2448200764208
PA14_RS06780	24.4694583084272	18.8602936872129	17.9354367630293	14.8832921504338	5.42451793077679	23.230212164996	10.7893202816218	7.20600969653352	20.7128680560419
PA14_RS06785	34.7723881225019	27.0604213773054	26.4761209359004	50.603193311475	42.6212123132462	37.3703413089067	33.6372926427033	21.6180290896006	39.5427481069892
PA14_RS06790	68.2569100182444	86.1013407459718	100.780073239879	81.3619970890383	88.3421491583649	73.7306733932483	110.431866411894	108.090145448003	96.0323882598308
PA14_RS06795	378.632670667242	370.645771592184	371.519761519893	537.782956369009	520.753721354572	473.694326321006	643.551221503795	578.539635635977	708.003489915615
PA14_RS06800	97.8778332337089	77.08120028687	94.8015943188691	83.3464360424294	86.0173557594606	119.181088498675	132.645172874056	140.00247410408	105.447328285304
PA14_RS06805	69.5447762450037	68.0610598277682	72.5958154694043	95.2530697627765	92.9917359561736	129.281180744326	104.085207422705	119.413874971127	167.58593245343
PA14_RS06810	39.9238530295392	41.820651219472	24.7679841013262	63.5020465085177	61.2195595044809	43.4303966562969	53.3119355091901	71.0306670086876	43.3087241171786
PA14_RS06815	118.483692861858	153.342387804731	133.234673096789	144.864043597556	233.254271023402	205.031872586704	243.711705184869	210.00371115612	150.639040407578
PA14_RS06820	18.0301271746306	27.0604213773054	13.6650946765938	32.7432427309544	33.3220387176289	26.2602398386912	40.6186175308115	25.7357489161911	37.6597601018944
PA14_RS06825	154.543947211119	150.062336728694	161.418930867264	108.151922959819	86.0173557594606	107.060977803895	100.277212029191	101.913565708117	148.756052402483
PA14_RS06830	124.923023995655	145.962272883648	135.79687834865	136.926287783991	145.687052998005	103.020940905635	158.031808830814	165.738223020271	90.3834242445466
PA14_RS06835	435.298784644653	360.805618364072	442.407440154723	458.405398233362	473.482922243517	377.743449987327	552.159332059469	569.274766026148	497.108833345007
PA14_RS06840	794.613461910505	513.327993399794	461.196945335039	654.864854619089	766.406890505464	670.64612511119	818.71900960542	796.778786445278	745.66325001751
PA14_RS06845	4085.11167128059	4279.64664145931	4369.41402284085	2795.08226585147	3261.68513866279	3022.95760912318	3038.14565812492	3048.14210163368	3227.44144073235
PA14_RS06850	3442.46642412768	3366.15241678299	3380.40279562238	2478.56425278558	2586.72012184756	2413.92204671046	2267.02659093842	2326.51170202368	2432.82050258238
PA14_RS06855	470.071172767155	544.488478622146	564.539223826779	384.981156957888	324.696144713639	427.233901991014	291.311647603789	355.153335043438	389.778517054607
PA14_RS06860	385.072001801039	423.946601577785	433.866755981852	281.790331381547	331.670524910352	380.773477661022	278.61832962541	316.034996690827	224.075572606272
PA14_RS06865	422.42012237706	474.787393256359	481.69458734993	444.514325559624	389.015428749993	486.824446240352	349.70091030433	351.035615216847	305.044056825345
PA14_RS06870	154.543947211119	248.463869009804	203.268283314332	182.568383711988	134.063086003484	141.401291439106	171.99445860703	143.090763974023	152.522028412672
PA14_RS06875	300.072830834923	358.345580057045	333.94075115926	313.541354635806	250.302755948701	248.462269243001	201.189089957301	208.974281199472	146.873064397388
PA14_RS06880	1475.89469586619	1560.48429942461	1293.05958377268	1643.11545340789	1622.70579243523	1727.11577400623	1763.10186719679	1611.05788215357	1894.28593312529
PA14_RS06885	2203.53911398521	2122.19304619595	2118.08967487203	1852.47376299066	2037.29394857317	2143.23957452703	1834.18444787571	1905.47484975479	1662.67840849864
PA14_RS06890	346.436014998259	284.544430846212	314.297177561656	246.070430220506	261.151791810254	225.232057078005	239.903709791356	215.150860939358	259.852344703072
PA14_RS06895	875.749034196343	838.053049927459	914.707274914494	754.086802288647	779.580719765922	827.197554918772	767.945737691905	761.778167919258	770.142094083741
PA14_RS06900	533.176617878362	541.208427546109	441.553371737436	431.615472362581	434.736365595111	450.46411415601	354.778237495682	305.740697124351	386.012541044418
PA14_RS06905	705.750692264112	668.310406742543	666.173365483945	519.923005788488	587.39779878983	532.274861345779	486.1540785719	426.184002052125	498.991821350101
PA14_RS06910	646.508845833183	493.647686943572	526.106145048859	452.452081373188	382.04104855328	428.243911215579	347.796912607574	300.593547341113	282.448200764208
PA14_RS06915	251.133914218069	273.064252080082	241.701362092252	203.404992722596	166.610193588144	145.441328337367	118.68252309784	120.443304927775	129.926172351536
PA14_RS06920	1077.94403179756	1613.78512941021	1433.12680420777	938.639624954027	829.951243408849	842.347693287248	816.180346009744	800.896506271869	822.865758226393
PA14_RS06925	851.279575887916	906.934122524237	927.518301173801	985.27394035872	980.287883204663	930.218495824407	1160.80392912272	1196.19760962456	1173.10152717401
PA14_RS06930	1541.57587343092	1178.3583490663	1284.51889959981	1225.39105371905	1189.51928910605	1265.54155838	1223.00118721678	1210.60962901763	1237.12311934723
PA14_RS06935	374.769071986964	428.866678191841	425.32607180898	364.144547947281	313.072177719118	350.473200924071	331.9302651346	296.475827514522	257.969356697977
PA14_RS06940	1881.57255729538	1743.34714691368	2223.14009019835	2116.40414379169	2313.16943190982	2393.72186221916	3144.7695291433	3173.73255634469	3366.78255310936
PA14_RS06945	848.703843434397	687.170700429756	758.412754550953	795.760020309862	797.404135824188	935.268541947232	873.300276912448	885.309762716976	1045.05834282757
PA14_RS06950	1500.36415417462	1487.50316298279	1561.23706680084	1759.20513218128	1559.93637066481	1661.4651744095	1683.76862983192	1501.93830674892	1628.78462440693
PA14_RS06955	65.6811775647257	97.5815195121014	70.033610217543	117.081898250079	99.9661161528866	78.7807195160735	98.3732143324341	88.5309762716976	94.1494002547361
PA14_RS06960	217.649392322326	251.743920085841	210.954899069916	212.334968012856	172.034711518921	152.511392909322	203.093087654058	176.032522586747	126.160196341346
PA14_RS06965	45.0753179365765	36.0805618364072	35.8708735260586	48.6187543580838	55.7950415737041	49.4904520036872	39.9839516318926	44.2654881358488	32.0107960866103
PA14_RS06970	55.3782477506511	89.3813918220089	123.839920506631	78.3853386589515	95.3165293550779	125.241143846066	134.549170570813	128.678744580956	122.394220331157
PA14_RS06975	16.7422609478713	14.7602298421666	18.7895051803164	17.8599505805206	24.0228651220115	19.1901752667359	26.0213018556761	13.3825894364194	26.3618320713261
PA14_RS06980	160.983278344916	187.78292410312	143.483494104234	229.202699116681	268.126172006967	303.002767369514	339.546255921628	332.50587599719	365.299672988376
PA14_RS06985	109.468629274543	88.5613790529996	105.050415326314	131.965190400513	143.362259599101	180.791651197143	192.938433271355	176.032522586747	205.245692555325
PA14_RS06990	119.771559088618	78.7212258248885	73.4498838866914	86.3230944725162	56.5699727066723	78.7807195160735	126.298513884867	88.5309762716976	92.2664122496414
PA14_RS06995	121.059425315377	101.681583357148	117.007373168334	135.934068307296	156.536088859559	124.231134621501	145.973156751354	172.944232716805	120.511232326062
PA14_RS07000	114.62009418158	130.382030272472	126.402125758492	173.638408421728	179.009091715634	174.731595849753	178.975783495138	153.385063540499	182.649836494188
PA14_RS07005	64.3933113379664	88.5613790529996	99.0719364053047	107.159703483124	123.988981274898	97.9708947828094	118.68252309784	115.296155144536	158.170992427957
PA14_RS07010	637.493782245867	631.409832137127	489.381203105514	780.876728159428	568.024520465627	672.66614356032	790.159044154068	602.216524638873	636.449945722016
PA14_RS07015	861.58250570199	637.149921520192	475.71610842892	663.794829909349	606.771077114033	570.655211879251	663.225864370282	665.011751994379	655.279825772963
PA14_RS07020	354.163212358815	323.905043758656	183.624709716729	230.194918593377	361.117907963141	359.563283945156	175.802454000544	161.62050319368	188.298800509472
PA14_RS07025	230.52805458992	282.904405308193	296.361740798627	392.918912771453	373.51680609063	312.092850390599	463.306106210819	505.450108713994	538.53456945709
PA14_RS07030	20.6058596281493	17.2202681491944	29.8923946050488	40.6809985445191	31.7721764516926	21.210193715866	56.4852650037848	41.1771982659058	47.074700127368
PA14_RS07035	25.7573245351866	16.4002553801851	15.373231511168	29.7665843008677	29.4473830527883	16.1601475930407	51.4079378124333	17.50030926301	65.9045801783153
PA14_RS07040	212.497927415289	297.66463515036	280.134440870172	2799.05114375826	3033.85538557016	2905.79653907364	4501.68522103197	4170.22075437961	4178.35038330519
PA14_RS07045	59.2418464309291	63.9609959827219	66.6173365483945	804.689995600122	712.936642330664	690.846309602491	873.300276912448	714.424389913466	728.716357971657
PA14_RS07050	193.179934013899	114.801787661296	159.710794032689	89.299752902603	108.490358615536	109.080996253025	83.7758986572988	130.737604494251	101.681352275115
PA14_RS07055	197.043532694177	144.322247345629	169.105546622848	152.801799411121	145.687052998005	168.671540502363	126.298513884867	180.150242413338	163.819956443241
PA14_RS07060	338.708817637703	214.023332711416	351.876187922289	285.75920928833	285.949588065234	335.323062555595	305.274297380005	398.389393222639	448.151145212544
PA14_RS07065	64.3933113379664	55.7608682926294	51.2441050372266	53.5798517415618	64.3192840363534	77.7707102915085	60.9279262962173	67.9423771387446	69.6705561885047
PA14_RS07070	180.301271746306	147.602298421666	110.174825830037	176.615066851815	258.82699841135	217.151983281485	173.263790404868	214.12143098271	175.117884473809
PA14_RS07075	29.6209232154645	27.8804341463147	32.4545998569102	39.6887790678235	25.5727273879477	28.2802582878213	22.8479723610815	27.7946088294864	39.5427481069892
PA14_RS07080	15.4543947211119	18.8602936872129	19.6435735976035	10.9144142436515	20.9231405901391	16.1601475930407	12.0586520794597	18.5297392196576	16.9468920458525
PA14_RS07085	12.8786622675933	15.5802426111759	11.1028894247324	12.8988531970427	19.3732783242028	12.1201106947805	15.2319815740543	3.08828986994294	0
PA14_RS07090	45.0753179365765	46.7407278335276	45.2656261162168	28.7743648241721	41.07135004731	46.4604243299921	26.6559677545951	40.1477683092582	28.2448200764208
PA14_RS07095	77.2719736055597	81.1812641319163	105.050415326314	94.2608502860809	103.840771817727	105.040959354765	123.759850289191	132.796464407546	156.288004422862
PA14_RS07100	74.696241152041	54.9408555236201	78.5742943904141	74.4164607521691	49.5955925099592	63.6305811475979	53.946601408109	49.412637919087	99.7983642700202
PA14_RS07105	236.967385723716	273.064252080082	271.593756697301	182.568383711988	235.579064422306	188.871724993663	179.610449394057	170.885372803509	216.543620585893
PA14_RS07110	159.695412118157	268.144175466027	189.603188637738	185.545042142075	199.932232305773	228.2620847517	176.437119899463	190.444541979814	107.330316290399
PA14_RS07115	130.074488902692	105.781647202194	126.402125758492	108.151922959819	96.8663916210141	138.371263765411	109.797200512975	109.11957540465	75.3195202037889
PA14_RS07120	18.0301271746306	7.3801149210833	10.2488210074453	7.93775581356471	12.3988981274898	5.05004612282523	10.1546543827029	3.08828986994294	30.1278080815155
PA14_RS07125	5.15146490703731	4.92007661405553	5.12441050372266	9.92219476695589	8.52424246264924	2.02001844913009	3.17332949459465	5.14714978323823	5.64896401528417
PA14_RS07130	68.2569100182444	64.7810087517312	70.8876786348301	72.432021798778	71.2936642330664	39.3903597580368	72.9865783756769	73.0895269219829	75.3195202037889
PA14_RS07135	43.7874517098172	24.6003830702777	23.9139156840391	39.6887790678235	31.7721764516926	31.3102859615164	67.9092511843255	64.8540872688017	75.3195202037889
PA14_RS07140	1.28786622675933	9.02014045910181	5.12441050372266	11.9066337203471	9.29917359561736	12.1201106947805	11.4239861805407	20.5885991329529	1.88298800509472
PA14_RS07145	19.3179934013899	23.7803703012684	6.83254733829688	13.8910726737382	17.8234160582666	21.210193715866	8.88532258486502	15.4414493497147	0
PA14_RS07150	16.7422609478713	28.7004469153239	17.9354367630293	27.7821453474765	24.0228651220115	16.1601475930407	18.405311068649	25.7357489161911	13.1809160356631
PA14_RS07155	34.7723881225019	11.4801787661296	25.6220525186133	24.8054869173897	18.5983471912347	11.1101014702155	26.0213018556761	38.0889083959629	41.4257361120839
PA14_RS07160	14.1665284943526	8.20012769009256	2.56220525186133	3.96887790678235	6.1994490637449	3.03002767369514	7.61599078702716	6.17657973988588	1.88298800509472
PA14_RS07165	9.0150635873153	1.64002553801851	11.1028894247324	4.96109738347794	3.09972453187245	6.06005534739027	2.53866359567572	7.20600969653352	0
PA14_RS07170	1.28786622675933	0	0.854068417287109	0	2.32479339890434	0	2.53866359567572	2.05885991329529	0
PA14_RS07175	14.1665284943526	4.92007661405553	9.3947525901582	27.7821453474765	14.7236915263941	6.06005534739027	20.3093087654058	14.412019393067	3.76597601018944
PA14_RS07180	0	0	0	1.98443895339118	2.32479339890434	0	6.3466589891893	0	0
PA14_RS07185	10.3029298140746	7.3801149210833	2.56220525186133	4.96109738347794	7.74931132968113	17.1701568176058	12.0586520794597	5.14714978323823	11.2979280305683
PA14_RS07190	61.8175788844477	57.4008938306479	68.3254733829688	29.7665843008677	58.8947661055766	49.4904520036872	57.7545968016226	71.0306670086876	56.4896401528417
PA14_RS07195	1.28786622675933	3.28005107603702	5.97847892100977	5.95331686017353	4.64958679780868	8.08007379652036	5.07732719135144	9.26486960982881	0
PA14_RS07200	41.2117192562985	42.6406639884813	42.7034208643555	35.7199011610412	46.4958679780868	56.5605165756425	54.581267307028	54.5597877023252	71.5535441935994
PA14_RS07205	1135.89801200173	1198.03865552252	1306.72467844928	1124.1846670961	1227.49091462149	1080.7098702846	1099.87600282651	1353.70039299165	1252.18702338799
PA14_RS07210	248.55818176455	229.603575322592	184.478778134016	159.74733574799	169.709918120017	191.901752667359	158.031808830814	144.12019393067	116.745256315873
PA14_RS07215	703.174959810593	539.56840200809	592.723481597254	395.89557120154	352.593665500491	355.523247046896	462.036774412981	388.095093656163	399.193457080081
PA14_RS07220	341.284550091222	346.865401290915	337.357024828408	417.724399688843	362.667770229077	356.533256271461	410.628836600548	309.858416950941	374.71461301385
PA14_RS07225	213.785793642048	179.582796413027	195.581667558748	206.381651152682	199.932232305773	220.18201095518	287.503652210275	221.327440679244	301.278080815155
PA14_RS07230	227.952322136401	214.843345480425	184.478778134016	220.272723826421	190.633058710156	182.811669646273	244.981036982707	231.62174024572	227.841548616461
PA14_RS07235	88.8627696463936	109.88171104724	118.715510002908	78.3853386589515	79.8179066957156	124.231134621501	104.719873321623	101.913565708117	116.745256315873
PA14_RS07245	27.0451907619459	42.6406639884813	40.1412156124941	39.6887790678235	37.9716255154375	34.3403136352115	29.1946313502708	47.3537780057917	30.1278080815155
PA14_RS07250	64.3933113379664	93.4814556670551	94.8015943188691	76.4008997055603	81.3677689616519	83.8307656388988	81.237235061623	94.7075560115834	114.862268310778
PA14_RS07255	19.3179934013899	27.8804341463147	52.9522418718008	40.6809985445191	41.8462811802781	52.5204796773824	36.8106221372979	56.6186476156205	37.6597601018944
PA14_RS07260	135.225953809729	117.261825968324	122.985852089344	85.3308749958206	108.490358615536	115.141051600415	100.277212029191	126.61988466766	112.979280305683
PA14_RS07265	189.316335333621	191.882987948166	175.084025543857	197.451675862422	185.983471912347	156.551429807582	229.749055408653	236.768890028959	199.59672854004
PA14_RS07270	43.7874517098172	16.4002553801851	24.7679841013262	76.4008997055603	41.8462811802781	41.4103782071669	63.466589891893	53.5303577456776	52.7236641426522
PA14_RS07275	21.8937258549086	27.8804341463147	27.3301893531875	38.696559591128	23.2479339890434	35.3503228597766	28.5599654513518	58.6775075289158	18.8298800509472
PA14_RS07280	2.57573245351866	15.5802426111759	7.68661575558399	15.8755116271294	12.3988981274898	15.1501383684757	7.61599078702716	3.08828986994294	3.76597601018944
PA14_RS07285	6.43933113379664	4.10006384504628	1.70813683457422	0.992219476695589	0	2.02001844913009	3.80799539351358	0	5.64896401528417
PA14_RS07290	75.9841073788004	45.9207150645183	36.7249419433457	46.6343154046927	44.9460057121506	54.5404981265124	33.0026267437844	62.7952273555064	47.074700127368
PA14_RS07295	50.2267828436138	39.3606129124443	66.6173365483945	37.7043401144324	31.7721764516926	53.5304889019474	49.5039401156765	72.0600969653352	75.3195202037889
PA14_RS07300	28.3330569887052	13.1202043041481	34.1627366914844	21.8288284873029	25.5727273879477	20.2001844913009	36.8106221372979	21.6180290896006	41.4257361120839
PA14_RS07305	18.0301271746306	10.6601659971203	8.54068417287109	5.95331686017353	12.3988981274898	7.07006457195532	13.9626497762165	7.20600969653352	13.1809160356631
PA14_RS07310	0	0.820012769009256	0	5.95331686017353	0.774931132968113	0	1.90399769675679	0	0
PA14_RS07315	42.4995854830578	33.6205235293795	32.4545998569102	23.8132674406941	24.0228651220115	41.4103782071669	26.6559677545951	25.7357489161911	22.5958560611367
PA14_RS07320	61.8175788844477	67.241047058759	61.4929260446719	76.4008997055603	68.193939701194	45.450415105427	71.7172465778391	98.825275838174	92.2664122496414
PA14_RS07325	77.2719736055597	87.7413662839903	67.4714049656816	64.4942659852133	38.7465566484057	32.3202951860815	28.5599654513518	40.1477683092582	45.1917121222733
PA14_RS07330	19.3179934013899	31.980497991361	21.3517104321777	8.9299752902603	11.6239669945217	7.07006457195532	5.07732719135144	4.11771982659058	11.2979280305683
PA14_RS07335	47.6510503900951	64.7810087517312	53.8063102890879	32.7432427309544	27.8975207868521	32.3202951860815	24.7519700578383	23.6768890028959	30.1278080815155
PA14_RS07340	150.680348530841	132.842068579499	105.050415326314	54.5720712182574	61.994490637449	62.6205719230328	41.2532834297304	31.912328656077	32.0107960866103
PA14_RS07345	7.72719736055597	10.6601659971203	8.54068417287109	3.96887790678235	4.64958679780868	2.02001844913009	6.98132488810823	1.02942995664765	1.88298800509472
PA14_RS07350	16.7422609478713	19.6803064562221	12.8110262593066	9.92219476695589	0.774931132968113	0	0.63466589891893	2.05885991329529	7.53195202037889
PA14_RS07355	140.377418716767	148.422311190675	158.856725615402	76.4008997055603	46.4958679780868	58.5805350247726	50.7732719135144	90.5898361849928	35.7767720967997
PA14_RS07360	50.2267828436138	63.1409832137127	43.5574892816426	32.7432427309544	49.5955925099592	34.3403136352115	22.8479723610815	15.4414493497147	22.5958560611367
PA14_RS07365	175.149806839269	201.723141176277	205.830488566193	70.4475828453868	68.193939701194	68.6806272704231	75.5252419713527	71.0306670086876	90.3834242445466
PA14_RS07370	81.1355722858377	76.2611875178608	93.947525901582	52.5876322648662	38.7465566484057	60.6005534739027	44.4266129243251	57.6480775722682	52.7236641426522
PA14_RS07375	95.3021007801903	121.36188981337	133.234673096789	102.198606099646	88.3421491583649	51.5104704528173	66.0052534875687	64.8540872688017	80.968484219073
PA14_RS07380	18.0301271746306	15.5802426111759	11.9569578420195	27.7821453474765	17.8234160582666	13.1301199193456	20.9439746643247	21.6180290896006	5.64896401528417
PA14_RS07385	2.57573245351866	4.92007661405553	2.56220525186133	4.96109738347794	2.32479339890434	0	2.53866359567572	6.17657973988588	5.64896401528417
PA14_RS07390	3.86359868027798	0	0	6.94553633686912	0.774931132968113	0	0.63466589891893	3.08828986994294	0
PA14_RS07395	15.4543947211119	17.2202681491944	13.6650946765938	7.93775581356471	9.29917359561736	1.01000922456505	5.07732719135144	9.26486960982881	11.2979280305683
PA14_RS07400	7.72719736055597	0	2.56220525186133	3.96887790678235	3.87465566484057	3.03002767369514	1.26933179783786	3.08828986994294	13.1809160356631
PA14_RS07405	3.86359868027798	2.46003830702777	2.56220525186133	3.96887790678235	0	1.01000922456505	0.63466589891893	1.02942995664765	1.88298800509472
PA14_RS07410	6.43933113379664	2.46003830702777	5.12441050372266	0.992219476695589	2.32479339890434	0	1.90399769675679	1.02942995664765	9.41494002547361
PA14_RS07415	2.57573245351866	0	2.56220525186133	0	2.32479339890434	0	2.53866359567572	7.20600969653352	0
PA14_RS07420	0	0.820012769009256	0	0	0	0	0	2.05885991329529	0
PA14_RS07425	1.28786622675933	0.820012769009256	5.12441050372266	7.93775581356471	3.87465566484057	0	5.07732719135144	4.11771982659058	0
PA14_RS07430	12.8786622675933	7.3801149210833	10.2488210074453	8.9299752902603	6.1994490637449	10.1000922456505	4.44266129243251	1.02942995664765	3.76597601018944
PA14_RS07435	6.43933113379664	15.5802426111759	23.9139156840391	8.9299752902603	11.6239669945217	5.05004612282523	13.9626497762165	18.5297392196576	11.2979280305683
PA14_RS07440	155.831813437879	155.802426111759	175.938093961145	159.74733574799	210.006337034359	206.041881811269	187.226440181084	152.355633583852	124.277208336252
PA14_RS07445	305.224295741961	277.984328694138	320.275656482666	254.008186034071	268.901103139935	297.952721246688	239.903709791356	230.592310289073	286.214176774398
PA14_RS07450	109.468629274543	135.302106886527	117.007373168334	118.074117726775	132.513223737547	105.040959354765	108.527868715137	122.50216484107	116.745256315873
PA14_RS07455	36.0602543492612	42.6406639884813	43.5574892816426	79.3775581356471	98.4162538869504	82.8207564143337	103.450541523786	96.7664159248787	69.6705561885047
PA14_RS07460	144.241017397045	117.261825968324	135.79687834865	141.887385167469	155.761157726591	128.271171519761	169.455795011354	132.796464407546	222.192584601177
PA14_RS07465	19.3179934013899	15.5802426111759	14.5191630938809	11.9066337203471	7.74931132968113	5.05004612282523	15.8666474729732	8.23543965318117	16.9468920458525
PA14_RS07470	673.554036595129	578.109002151525	454.364397996742	840.409896761164	943.866119955162	696.906364949881	931.05487371407	853.397434060898	869.940458353761
PA14_RS07475	103.029298140746	159.082477187796	128.110262593066	95.2530697627765	113.139945413345	133.321217642586	151.050483942705	164.708793063623	103.56434028021
PA14_RS07480	2627.24710258903	1921.28991778869	1923.36207573057	2718.68136614591	2987.35951759208	2912.86660364559	3095.90025492654	3330.20590975513	3784.80589024039
PA14_RS07485	34.7723881225019	65.6010215207404	35.8708735260586	46.6343154046927	59.6696972385447	55.5505073510775	63.466589891893	36.0300484826676	58.3726281579364
PA14_RS07490	668.402571688091	706.030994116969	742.185454622498	1115.25469180584	1189.51928910605	1351.39234246803	1695.82728191138	1603.85187245703	1745.52988072281
PA14_RS07495	211.21006118853	182.042834720055	202.414214897045	171.653969468337	206.906612502486	189.881734218229	229.749055408653	233.680600159016	192.064776519662
PA14_RS07500	164.846877025194	203.363166714295	224.61999374651	265.914819754418	254.177411613541	230.28210320083	338.27692412379	379.859654002981	357.767720967997
PA14_RS07505	118.483692861858	106.601659971203	163.981136119125	154.786238364512	102.290909551791	82.8207564143337	147.877154448111	168.826512890214	126.160196341346
PA14_RS07510	498.40422975586	433.786754805896	406.536566628664	464.358715093536	471.933059977581	441.374031134925	572.468640824875	671.188331734265	628.917993701637
PA14_RS07515	182.877004199825	200.083115638258	121.27771525477	231.187138070072	258.052067278382	307.042804267774	316.063617661627	288.240387861341	335.17186490686
PA14_RS07520	6.43933113379664	13.1202043041481	4.27034208643555	4.96109738347794	20.1482094571709	9.09008302108541	13.3279838772975	7.20600969653352	24.4788440662314
PA14_RS07525	10.3029298140746	18.0402809182036	11.9569578420195	12.8988531970427	15.4986226593623	13.1301199193456	16.5013133718922	23.6768890028959	48.9576881324628
PA14_RS07530	6.43933113379664	8.20012769009256	1.70813683457422	0.992219476695589	10.0741047285855	12.1201106947805	3.17332949459465	8.23543965318117	1.88298800509472
PA14_RS31215	0	2.46003830702777	0	3.96887790678235	0.774931132968113	0	1.26933179783786	1.02942995664765	0
PA14_RS07535	11.590796040834	0.820012769009256	9.3947525901582	9.92219476695589	1.54986226593623	3.03002767369514	5.07732719135144	1.02942995664765	0
PA14_RS31370	5.15146490703731	4.10006384504628	13.6650946765938	2.97665843008677	4.64958679780868	2.02001844913009	2.53866359567572	8.23543965318117	0
PA14_RS07540	1.28786622675933	12.3001915351388	9.3947525901582	5.95331686017353	10.0741047285855	8.08007379652036	2.53866359567572	8.23543965318117	15.0639040407578
PA14_RS07545	1.28786622675933	1.64002553801851	4.27034208643555	0.992219476695589	0.774931132968113	2.02001844913009	1.26933179783786	7.20600969653352	9.41494002547361
PA14_RS07550	6.43933113379664	8.20012769009256	13.6650946765938	7.93775581356471	10.0741047285855	9.09008302108541	5.07732719135144	14.412019393067	20.7128680560419
PA14_RS07555	5.15146490703731	5.74008938306479	4.27034208643555	6.94553633686912	11.6239669945217	1.01000922456505	2.53866359567572	5.14714978323823	0
PA14_RS07560	18.0301271746306	16.4002553801851	8.54068417287109	23.8132674406941	30.2223141857564	15.1501383684757	12.6933179783786	15.4414493497147	33.893784091705
PA14_RS07565	668.402571688091	625.669742754062	305.756493388785	439.553228176146	446.360332589633	396.933625254063	260.213018556761	247.063189595435	305.044056825345
PA14_RS07570	92.7263683266716	63.1409832137127	85.4068417287109	67.4709244153	42.6212123132462	56.5605165756425	38.0799539351358	38.0889083959629	43.3087241171786
PA14_RS07575	33.4845218957425	28.7004469153239	34.1627366914844	23.8132674406941	14.7236915263941	20.2001844913009	17.77064516973	24.7063189595435	16.9468920458525
PA14_RS07580	25.7573245351866	36.0805618364072	12.8110262593066	17.8599505805206	21.6980717231072	18.1801660421708	8.25065668594609	12.3531594797718	15.0639040407578
PA14_RS07585	38.6359868027798	30.3404724533425	29.8923946050488	24.8054869173897	34.8719009835651	21.210193715866	41.8879493286494	25.7357489161911	28.2448200764208
PA14_RS07590	96.5899670069496	79.5412385938978	112.737031081898	80.3697776123427	86.0173557594606	81.8107471897687	84.4105645562177	85.4426864017546	60.2556161630311
PA14_RS07595	14.1665284943526	17.2202681491944	17.0813683457422	24.8054869173897	17.8234160582666	18.1801660421708	20.9439746643247	19.5591691763053	16.9468920458525
PA14_RS07600	70.832642471763	62.3209704447034	72.5958154694043	65.4864854619089	83.6925623605562	67.670618045858	90.757223545407	97.7958458815264	148.756052402483
PA14_RS07605	72.1205086985224	67.241047058759	67.4714049656816	48.6187543580838	89.117080291333	59.5905442493377	53.946601408109	72.0600969653352	69.6705561885047
PA14_RS07610	65.6811775647257	90.2014045910181	116.153304751047	85.3308749958206	96.8663916210141	123.221125396936	112.335864108651	122.50216484107	86.6174482343572
PA14_RS07615	30.9087894422239	25.4203958392869	32.4545998569102	32.7432427309544	27.122589653884	51.5104704528173	48.2346083178387	35.00061852602	16.9468920458525
PA14_RS07620	24.4694583084272	43.4606767574905	13.6650946765938	48.6187543580838	30.9972453187245	20.2001844913009	49.5039401156765	26.7651788728388	30.1278080815155
PA14_RS07625	162.271144571675	158.262464418786	128.964331010354	180.583944758597	189.08319644422	117.161070049545	188.495771978922	226.474590462482	175.117884473809
PA14_RS07630	188.028469106862	163.182541032842	111.882962664611	228.210479639985	214.655923832167	214.12195560779	229.749055408653	252.210339378673	289.980152784587
PA14_RS07635	686.432698862722	683.07063658471	681.546596995113	748.133485428474	781.130582031858	800.937315080081	1011.65744287677	1103.54891352628	1050.70730684285
PA14_RS07640	167.422609478713	145.962272883648	165.689272953699	186.537261618771	175.134436050794	208.061900260399	241.807707488112	214.12143098271	220.309596596082
PA14_RS07645	423.707988603819	428.866678191841	399.704019290367	461.382056663449	478.132509041326	532.274861345779	506.463387337306	477.655499884508	568.662377538606
PA14_RS07650	431.435185964375	337.845260831813	339.065161662982	283.774770334938	273.550689937744	342.39312712755	259.578352657842	237.798319985606	220.309596596082
PA14_RS07655	158.407545891397	109.061698278231	126.402125758492	69.4553633686912	73.6184576319707	77.7707102915085	64.1012557908119	94.7075560115834	48.9576881324628
PA14_RS07660	1323.92648110859	1053.71640817689	1030.86057966554	618.152733981352	685.81405267678	742.356780055308	691.785829821634	732.954129133124	598.790185620122
PA14_RS07665	1311.047818841	1432.56230745917	1254.62650499476	988.250598788806	974.088434140918	1091.81997175481	945.652189389206	1104.57834348292	1033.760414797
PA14_RS07670	240.830984403994	187.78292410312	154.586383528967	144.864043597556	141.812397333165	106.05096857933	120.586520794597	140.00247410408	126.160196341346
PA14_RS07675	51.5146490703731	77.08120028687	65.7632681311074	70.4475828453868	72.0685953660345	64.6405903721629	57.1199309027037	31.912328656077	35.7767720967997
PA14_RS07680	23.1815920816679	59.8609321376757	65.7632681311074	35.7199011610412	34.8719009835651	44.440405880862	55.8505991048658	45.2949180924964	41.4257361120839
PA14_RS07685	118.483692861858	141.862209038601	152.878246694393	185.545042142075	163.510469056272	168.671540502363	193.573099170274	220.298010722596	239.13947664703
PA14_RS07690	167.422609478713	167.282604877888	228.890335832945	133.949629353904	151.111570928782	176.751614298883	166.28246551676	188.385682066519	154.405016417767
PA14_RS07695	48.9389166168545	63.9609959827219	34.1627366914844	25.7977063940853	48.045730244023	46.4604243299921	22.8479723610815	46.3243480491441	28.2448200764208
PA14_RS07700	30.9087894422239	27.8804341463147	52.0981734545137	32.7432427309544	30.2223141857564	47.4704335545571	41.2532834297304	30.8828986994294	37.6597601018944
PA14_RS07705	113.332227954821	125.461953658416	142.629425686947	80.3697776123427	112.365014280376	97.9708947828094	94.5652189389206	124.561024754365	114.862268310778
PA14_RS07710	7.72719736055597	15.5802426111759	12.8110262593066	0.992219476695589	1.54986226593623	6.06005534739027	2.53866359567572	14.412019393067	3.76597601018944
PA14_RS07715	197.043532694177	142.68222180761	199.852009645184	186.537261618771	218.530579497008	218.16199250605	250.693030072977	287.210957904693	193.947764524756
PA14_RS07720	74.696241152041	62.3209704447034	64.0551312965332	77.3931191822559	68.9688708341621	80.8007379652036	121.855852592435	84.413256445107	90.3834242445466
PA14_RS07725	16.7422609478713	24.6003830702777	16.2272999284551	33.73546220765	13.948760393426	20.2001844913009	20.3093087654058	20.5885991329529	15.0639040407578
PA14_RS07730	70.832642471763	90.2014045910181	52.9522418718008	61.5176075551265	51.9203859088636	66.660608821293	72.351912476758	50.4420678757347	58.3726281579364
PA14_RS07735	50.2267828436138	58.2209065996571	64.9091997138203	74.4164607521691	43.3961434462143	59.5905442493377	56.4852650037848	45.2949180924964	105.447328285304
PA14_RS07740	51.5146490703731	64.7810087517312	63.2010628792461	25.7977063940853	35.6468321165332	32.3202951860815	29.1946313502708	38.0889083959629	50.8406761375575
PA14_RS07745	29.6209232154645	45.1007022955091	46.1196945335039	17.8599505805206	14.7236915263941	16.1601475930407	19.6746428664868	23.6768890028959	20.7128680560419
PA14_RS07750	37.3481205760205	52.4808172165924	63.2010628792461	51.5954127881706	55.7950415737041	38.3803505334717	68.5439170832444	71.0306670086876	32.0107960866103
PA14_RS07755	169.998341932231	130.382030272472	183.624709716729	80.3697776123427	86.0173557594606	118.17107927411	121.855852592435	144.12019393067	167.58593245343
PA14_RS07760	68.2569100182444	56.5808810616386	69.1795418002559	71.4398023220824	65.0942151693215	87.8708025371589	96.4692166356774	74.1189568786305	80.968484219073
PA14_RS07765	87.5749034196343	48.3807533715461	71.7417470521172	58.5409491250397	81.3677689616519	45.450415105427	96.4692166356774	72.0600969653352	141.224100382104
PA14_RS30210	0	0	3.41627366914844	0	0	0	0.63466589891893	0	0
PA14_RS07770	99.1656994604683	97.5815195121014	99.0719364053047	102.198606099646	87.5672180253968	115.141051600415	130.106509278381	80.2955366185164	82.8514722241678
PA14_RS07775	24.4694583084272	27.0604213773054	43.5574892816426	24.8054869173897	40.2964189143419	33.3303044106465	29.1946313502708	39.1183383526105	39.5427481069892
PA14_RS07780	41.2117192562985	47.5607406025368	58.9307207928106	40.6809985445191	46.4958679780868	49.4904520036872	55.8505991048658	30.8828986994294	37.6597601018944
PA14_RS07785	446.889580685487	456.747112338155	512.441050372266	395.89557120154	523.853445886444	423.193865092754	613.087258355686	606.334244465463	587.492257589553
PA14_RS07790	16.7422609478713	13.1202043041481	15.373231511168	7.93775581356471	15.4986226593623	12.1201106947805	8.88532258486502	1.02942995664765	5.64896401528417
PA14_RS07795	39.9238530295392	40.1806256814535	19.6435735976035	24.8054869173897	24.0228651220115	15.1501383684757	24.1173041589193	35.00061852602	26.3618320713261
PA14_RS07800	0	6.56010215207404	7.68661575558399	1.98443895339118	0.774931132968113	3.03002767369514	0	5.14714978323823	0
PA14_RS07805	0	0.820012769009256	10.2488210074453	4.96109738347794	2.32479339890434	5.05004612282523	3.17332949459465	5.14714978323823	16.9468920458525
PA14_RS07810	0	1.64002553801851	0.854068417287109	0.992219476695589	0	0	0	2.05885991329529	0
PA14_RS07815	7.72719736055597	2.46003830702777	5.12441050372266	3.96887790678235	13.1738292604579	8.08007379652036	9.51998848378395	7.20600969653352	22.5958560611367
PA14_RS07820	0	2.46003830702777	3.41627366914844	8.9299752902603	10.0741047285855	9.09008302108541	3.80799539351358	5.14714978323823	18.8298800509472
PA14_RS07825	0	0.820012769009256	0	2.97665843008677	2.32479339890434	1.01000922456505	0	1.02942995664765	0
PA14_RS07830	2.57573245351866	0	0.854068417287109	1.98443895339118	2.32479339890434	0	2.53866359567572	0	0
PA14_RS07835	0	0.820012769009256	0	1.98443895339118	0	1.01000922456505	1.90399769675679	0	0
PA14_RS07840	0	3.28005107603702	1.70813683457422	2.97665843008677	0	0	3.80799539351358	1.02942995664765	0
PA14_RS07845	370.905473306686	289.464507460267	288.675125043043	242.101552313724	325.471075846608	279.772555204518	281.791659120005	296.475827514522	306.92704483044
PA14_RS07850	99.1656994604683	107.421672740212	115.29923633376	93.2686308093853	110.81515201444	118.17107927411	111.701198209732	123.531594797718	99.7983642700202
PA14_RS07855	92.7263683266716	84.4613152079533	69.1795418002559	75.4086802288647	79.8179066957156	77.7707102915085	69.1785829821634	87.5015463150499	37.6597601018944
PA14_RS07860	56.6661139774104	28.7004469153239	55.5144471236621	61.5176075551265	31.7721764516926	39.3903597580368	27.9252995524329	40.1477683092582	56.4896401528417
PA14_RS07865	101.741431913987	113.161762123277	130.672467844928	53.5798517415618	61.994490637449	99.9909132319395	111.066532310813	84.413256445107	99.7983642700202
PA14_RS07870	21.8937258549086	38.540600143435	46.1196945335039	20.8366090106074	19.3732783242028	29.2902675123863	46.9652765200008	66.912947182097	37.6597601018944
PA14_RS07875	32.1966556689832	27.0604213773054	52.0981734545137	57.5487296483441	51.1454547758955	43.4303966562969	73.6212442745959	66.912947182097	128.043184346441
PA14_RS07880	23.1815920816679	28.7004469153239	14.5191630938809	22.8210479639985	24.0228651220115	22.220202940431	43.7919470254062	25.7357489161911	32.0107960866103
PA14_RS07885	12.8786622675933	18.8602936872129	23.9139156840391	12.8988531970427	27.8975207868521	32.3202951860815	26.0213018556761	53.5303577456776	26.3618320713261
PA14_RS07890	15.4543947211119	16.4002553801851	31.6005314396231	49.6109738347794	67.4190085682258	73.7306733932483	55.8505991048658	64.8540872688017	86.6174482343572
PA14_RS07895	5.15146490703731	13.1202043041481	16.2272999284551	15.8755116271294	20.9231405901391	30.3002767369514	25.3866359567572	15.4414493497147	13.1809160356631
PA14_RS07900	7.72719736055597	9.84015322811107	2.56220525186133	1.98443895339118	2.32479339890434	4.04003689826018	7.61599078702716	10.2942995664765	18.8298800509472
PA14_RS07905	5.15146490703731	1.64002553801851	4.27034208643555	0.992219476695589	4.64958679780868	11.1101014702155	10.1546543827029	12.3531594797718	0
PA14_RS07910	19.3179934013899	28.7004469153239	17.0813683457422	13.8910726737382	21.6980717231072	8.08007379652036	28.5599654513518	21.6180290896006	15.0639040407578
PA14_RS07915	20.6058596281493	46.7407278335276	41.8493524470684	43.6576569746059	19.3732783242028	29.2902675123863	39.3492857329737	40.1477683092582	9.41494002547361
PA14_RS07920	1.28786622675933	7.3801149210833	4.27034208643555	7.93775581356471	7.74931132968113	4.04003689826018	7.61599078702716	6.17657973988588	9.41494002547361
PA14_RS07925	29.6209232154645	29.5204596843332	32.4545998569102	32.7432427309544	14.7236915263941	20.2001844913009	19.6746428664868	17.50030926301	26.3618320713261
PA14_RS07930	57.9539802041698	54.1208427546109	63.2010628792461	35.7199011610412	42.6212123132462	47.4704335545571	41.2532834297304	40.1477683092582	62.1386041681258
PA14_RS07935	3.86359868027798	2.46003830702777	4.27034208643555	7.93775581356471	6.1994490637449	7.07006457195532	3.80799539351358	2.05885991329529	3.76597601018944
PA14_RS07940	6.43933113379664	0.820012769009256	7.68661575558399	6.94553633686912	3.09972453187245	2.02001844913009	4.44266129243251	8.23543965318117	3.76597601018944
PA14_RS07945	18.0301271746306	4.10006384504628	3.41627366914844	5.95331686017353	8.52424246264924	5.05004612282523	3.80799539351358	1.02942995664765	16.9468920458525
PA14_RS07950	45.0753179365765	37.7205873744258	38.4330787779199	47.6265348813883	37.1966943824694	37.3703413089067	45.061278823244	46.3243480491441	26.3618320713261
PA14_RS07955	28.3330569887052	20.5003192252314	24.7679841013262	30.7588037775632	30.2223141857564	32.3202951860815	43.1572811264872	36.0300484826676	32.0107960866103
PA14_RS07960	3.86359868027798	5.74008938306479	6.83254733829688	1.98443895339118	6.1994490637449	3.03002767369514	3.80799539351358	2.05885991329529	13.1809160356631
PA14_RS07965	27.0451907619459	13.1202043041481	17.9354367630293	3.96887790678235	3.09972453187245	7.07006457195532	5.07732719135144	4.11771982659058	16.9468920458525
PA14_RS07970	0	8.20012769009256	5.12441050372266	1.98443895339118	6.97438019671302	8.08007379652036	1.90399769675679	4.11771982659058	9.41494002547361
PA14_RS07975	25.7573245351866	26.2404086082962	26.4761209359004	171.653969468337	130.963361471611	101.000922456505	151.050483942705	133.825894364194	118.628244320967
PA14_RS07980	29.6209232154645	59.0409193686664	46.973762950791	963.445111871417	857.073833062733	776.69709369052	1165.88125631407	1091.1957540465	834.163686256962
PA14_RS07985	38.6359868027798	28.7004469153239	23.059847266752	658.833732525871	571.124244997499	585.805350247726	673.380518752985	612.510824205349	672.226717818816
PA14_RS07990	14.1665284943526	8.20012769009256	5.97847892100977	37.7043401144324	37.9716255154375	14.1401291439106	26.0213018556761	14.412019393067	16.9468920458525
PA14_RS07995	25.7573245351866	20.5003192252314	41.8493524470684	25.7977063940853	33.3220387176289	28.2802582878213	27.290633653514	35.00061852602	18.8298800509472
PA14_RS08000	23.1815920816679	26.2404086082962	17.0813683457422	19.8443895339118	13.948760393426	16.1601475930407	15.2319815740543	13.3825894364194	13.1809160356631
PA14_RS08005	9.0150635873153	16.4002553801851	6.83254733829688	12.8988531970427	8.52424246264924	16.1601475930407	5.71199309027037	10.2942995664765	30.1278080815155
PA14_RS08010	6.43933113379664	2.46003830702777	13.6650946765938	10.9144142436515	9.29917359561736	3.03002767369514	17.77064516973	5.14714978323823	1.88298800509472
PA14_RS08015	1.28786622675933	7.3801149210833	7.68661575558399	0	3.09972453187245	5.05004612282523	5.71199309027037	2.05885991329529	3.76597601018944
PA14_RS08020	5.15146490703731	3.28005107603702	0.854068417287109	0.992219476695589	1.54986226593623	0	0.63466589891893	3.08828986994294	0
PA14_RS08025	2.57573245351866	0	0	0	0	2.02001844913009	2.53866359567572	0	0
PA14_RS08030	0	0	0	0.992219476695589	0	0	0	0	0
PA14_RS08035	10.3029298140746	16.4002553801851	12.8110262593066	5.95331686017353	10.0741047285855	15.1501383684757	11.4239861805407	6.17657973988588	3.76597601018944
PA14_RS08040	59.2418464309291	63.1409832137127	49.5359682026523	29.7665843008677	51.1454547758955	28.2802582878213	24.7519700578383	29.8534687427817	11.2979280305683
PA14_RS08045	69.5447762450037	65.6010215207404	67.4714049656816	30.7588037775632	46.4958679780868	42.4203874317319	54.581267307028	41.1771982659058	16.9468920458525
PA14_RS08050	83.7113047393563	30.3404724533425	37.5790103606328	36.7121206377368	17.8234160582666	36.3603320843416	21.5786405632436	35.00061852602	18.8298800509472
PA14_RS08055	30.9087894422239	34.4405362983887	35.0168051087715	33.73546220765	30.2223141857564	9.09008302108541	20.9439746643247	16.4708793063623	45.1917121222733
PA14_RS08060	36.0602543492612	42.6406639884813	50.3900366199395	46.6343154046927	54.2451793077679	38.3803505334717	32.3679608448654	35.00061852602	62.1386041681258
PA14_RS08065	28.3330569887052	42.6406639884813	39.287147195207	78.3853386589515	46.4958679780868	53.5304889019474	58.3892627005416	63.8246573121541	50.8406761375575
PA14_RS08070	664.538973007813	576.468976613507	720.83374419032	747.141265951778	919.84325483315	815.077444223992	1068.77737377948	1132.37295231241	954.674918583024
PA14_RS08075	66.9690437914851	42.6406639884813	35.0168051087715	49.6109738347794	34.8719009835651	34.3403136352115	21.5786405632436	29.8534687427817	9.41494002547361
PA14_RS08080	113.332227954821	81.1812641319163	44.4115576989297	96.2452892394721	52.6953170418317	70.7006457195532	41.2532834297304	54.5597877023252	54.6066521477469
PA14_RS08085	190.604201560381	135.302106886527	105.904483743602	135.934068307296	109.265289748504	85.8507840880288	95.1998848378395	51.4714978323823	137.458124371915
PA14_RS08090	596.282062989569	405.086307890572	310.026835475221	302.626940392155	285.949588065234	253.512315365826	222.133064621625	267.651788728388	143.107088387199
PA14_RS08095	1359.98673545785	734.731441032293	942.037464267682	597.316124970744	671.865292283354	596.915451717942	588.335288297848	771.043037529087	805.918866180541
PA14_RS08100	1289.15409298609	739.651517646349	796.845833328873	494.125299394403	530.052894950189	471.674307871876	469.652765200008	586.775075289158	627.035005696542
PA14_RS08105	25.7573245351866	37.7205873744258	27.3301893531875	35.7199011610412	27.122589653884	28.2802582878213	33.6372926427033	37.0594784393153	41.4257361120839
PA14_RS08110	2.57573245351866	0.820012769009256	5.97847892100977	3.96887790678235	1.54986226593623	0	5.07732719135144	0	0
PA14_RS08115	38.6359868027798	90.2014045910181	72.5958154694043	97.2375087161677	65.8691463022896	70.7006457195532	74.2559101735148	90.5898361849928	45.1917121222733
PA14_RS08120	25.7573245351866	28.7004469153239	29.8923946050488	12.8988531970427	20.1482094571709	14.1401291439106	23.4826382600004	21.6180290896006	9.41494002547361
PA14_RS08125	86.287037192875	126.281966427425	133.234673096789	100.214167146254	104.615702950695	104.0309501302	93.2958871410827	131.767034450899	96.0323882598308
PA14_RS08130	763.704672468282	955.314875895783	963.389174699859	711.421364790737	889.620940647394	737.306733932483	919.63088753353	812.220235794993	1124.14383904155
PA14_RS08135	14.1665284943526	9.02014045910181	5.12441050372266	4.96109738347794	4.64958679780868	12.1201106947805	5.07732719135144	11.3237295231241	18.8298800509472
PA14_RS08140	2.57573245351866	0.820012769009256	1.70813683457422	0	6.1994490637449	4.04003689826018	1.90399769675679	1.02942995664765	0
PA14_RS08145	2.57573245351866	2.46003830702777	4.27034208643555	4.96109738347794	0.774931132968113	2.02001844913009	0.63466589891893	1.02942995664765	0
PA14_RS08150	0	2.46003830702777	1.70813683457422	2.97665843008677	0	0	0.63466589891893	12.3531594797718	0
PA14_RS08155	0	0	0	0	0	2.02001844913009	0	0	0
PA14_RS08160	0	0	0	0	0	0	1.26933179783786	0	0
PA14_RS08165	1.28786622675933	2.46003830702777	0.854068417287109	0	1.54986226593623	0	0	2.05885991329529	0
PA14_RS08170	5.15146490703731	4.10006384504628	1.70813683457422	2.97665843008677	2.32479339890434	6.06005534739027	1.26933179783786	2.05885991329529	0
PA14_RS08175	3.86359868027798	1.64002553801851	0	0	0	0	0	0	0
PA14_RS08180	0	0	0	0	0	0	0	0	3.76597601018944
PA14_RS08185	6.43933113379664	6.56010215207404	5.12441050372266	6.94553633686912	13.948760393426	1.01000922456505	6.3466589891893	7.20600969653352	3.76597601018944
PA14_RS08190	5.15146490703731	12.3001915351388	11.1028894247324	9.92219476695589	11.6239669945217	11.1101014702155	12.0586520794597	17.50030926301	33.893784091705
PA14_RS08195	25.7573245351866	19.6803064562221	14.5191630938809	27.7821453474765	12.3988981274898	5.05004612282523	16.5013133718922	18.5297392196576	33.893784091705
PA14_RS08200	1.28786622675933	8.20012769009256	11.9569578420195	7.93775581356471	12.3988981274898	13.1301199193456	6.3466589891893	6.17657973988588	18.8298800509472
PA14_RS08205	2.57573245351866	0	7.68661575558399	0.992219476695589	1.54986226593623	1.01000922456505	0.63466589891893	2.05885991329529	1.88298800509472
PA14_RS08210	18.0301271746306	22.9603575322592	7.68661575558399	4.96109738347794	18.5983471912347	27.2702490632562	3.17332949459465	33.9711885693723	9.41494002547361
PA14_RS08215	24.4694583084272	22.1403447632499	16.2272999284551	3.96887790678235	10.0741047285855	20.2001844913009	15.2319815740543	18.5297392196576	7.53195202037889
PA14_RS08220	583.403400721976	979.91525896606	433.012687564564	843.38655519125	743.933887649389	753.466881525524	588.969954196767	453.978610881612	785.205998124499
PA14_RS30215	229.24018836316	197.623077331231	162.272999284551	84.338655519125	87.5672180253968	51.5104704528173	75.5252419713527	78.2366767052211	58.3726281579364
PA14_RS08240	148.104616077323	163.182541032842	134.088741514076	51.5954127881706	57.3449038396404	94.9408671091143	50.1386060145955	39.1183383526105	69.6705561885047
PA14_RS08245	184.164870426584	149.242323959685	99.0719364053047	63.5020465085177	56.5699727066723	78.7807195160735	44.4266129243251	62.7952273555064	50.8406761375575
PA14_RS08250	39.9238530295392	34.4405362983887	35.0168051087715	11.9066337203471	21.6980717231072	18.1801660421708	36.175956238379	29.8534687427817	20.7128680560419
PA14_RS08255	101.741431913987	82.8212896699348	96.5097311534434	93.2686308093853	91.4418736902373	106.05096857933	129.471843379462	87.5015463150499	50.8406761375575
PA14_RS08260	23.1815920816679	20.5003192252314	25.6220525186133	26.7899258707809	11.6239669945217	9.09008302108541	21.5786405632436	16.4708793063623	15.0639040407578
PA14_RS08265	5.15146490703731	18.8602936872129	15.373231511168	22.8210479639985	14.7236915263941	14.1401291439106	23.4826382600004	12.3531594797718	11.2979280305683
PA14_RS08270	0	9.84015322811107	9.3947525901582	5.95331686017353	3.09972453187245	3.03002767369514	3.17332949459465	3.08828986994294	1.88298800509472
PA14_RS08275	157.119679664638	111.521736585259	116.153304751047	74.4164607521691	91.4418736902373	84.8407748634638	67.2745852854066	83.3838264884593	90.3834242445466
PA14_RS08280	145.528883623804	78.7212258248885	131.526536262215	115.097459296688	86.0173557594606	114.13104237585	119.317188996759	95.7369859682311	99.7983642700202
PA14_RS08285	6.43933113379664	13.9402170731573	10.2488210074453	10.9144142436515	13.1738292604579	14.1401291439106	19.0399769675679	14.412019393067	15.0639040407578
PA14_RS08290	7.72719736055597	5.74008938306479	7.68661575558399	9.92219476695589	12.3988981274898	8.08007379652036	4.44266129243251	2.05885991329529	1.88298800509472
PA14_RS08295	9.0150635873153	31.1604852223517	25.6220525186133	12.8988531970427	17.0484849252985	24.2402213895611	27.9252995524329	19.5591691763053	11.2979280305683
PA14_RS08300	61.8175788844477	46.7407278335276	51.2441050372266	67.4709244153	51.9203859088636	33.3303044106465	40.6186175308115	67.9423771387446	69.6705561885047
PA14_RS08305	311.663626875757	411.646410042646	401.412156124941	207.373870629378	254.177411613541	187.861715769098	265.290345748113	288.240387861341	318.224972861008
PA14_RS08310	84.9991709661157	80.361251362907	97.3637995707305	48.6187543580838	43.3961434462143	35.3503228597766	57.1199309027037	42.2066282225535	33.893784091705
PA14_RS08315	10.3029298140746	11.4801787661296	25.6220525186133	16.867731103825	11.6239669945217	5.05004612282523	11.4239861805407	22.6474590462482	30.1278080815155
PA14_RS08320	242.118850630754	198.44309010024	274.155961949162	194.475017432335	244.878238017924	206.041881811269	289.407649907032	296.475827514522	337.054852911955
PA14_RS08325	252.421780444828	175.482732567981	190.457257055025	164.708433131468	179.784022848602	158.571448256712	162.474470123246	180.150242413338	148.756052402483
PA14_RS08330	500.979962209379	469.867316642303	425.32607180898	413.75552178206	385.91570421812	413.093772847104	397.935518622169	379.859654002981	476.395965288965
PA14_RS08335	73.4083749252817	60.6809449066849	64.9091997138203	88.3075334259074	92.2168048232055	92.9208486599842	83.1412327583798	91.6192661416405	60.2556161630311
PA14_RS08340	789.461997003468	688.810725967775	833.570775272219	660.818171479262	651.717082826183	688.826291153361	880.916267699475	771.043037529087	858.642530323193
PA14_RS08345	444.313848231968	353.425503442989	544.041581811889	364.144547947281	354.918458899396	393.903597580368	446.804792838927	511.62668845388	583.726281579364
PA14_RS08350	121.059425315377	162.362528263833	109.32075741275	161.731774701381	112.365014280376	105.040959354765	118.047857198921	156.473353410442	167.58593245343
PA14_RS08355	114.62009418158	108.241685509222	114.445167916473	95.2530697627765	130.188430338643	119.181088498675	141.530495458921	107.060715491355	84.7344602292625
PA14_RS08360	63.1054451112071	64.7810087517312	45.2656261162168	37.7043401144324	69.7438019671302	63.6305811475979	57.1199309027037	31.912328656077	67.78756818341
PA14_RS08365	388.935600481317	486.267572022489	409.952840297813	498.094177301186	488.981544902879	540.354935142299	715.903133980553	704.13009034699	687.290621859573
PA14_RS08370	52.8025152971325	100.861570588138	79.4283628077012	92.2764113326897	74.3933887649389	79.7907287406386	107.258536917299	100.884135751469	99.7983642700202
PA14_RS08375	29.6209232154645	27.0604213773054	19.6435735976035	11.9066337203471	22.4730028560753	13.1301199193456	25.3866359567572	31.912328656077	35.7767720967997
PA14_RS08380	243.406716857513	149.242323959685	186.18691496859	141.887385167469	125.538843540834	128.271171519761	125.663847985948	98.825275838174	186.415812504377
PA14_RS08385	283.330569887052	270.604213773054	268.177483028152	268.891478184505	220.855372895912	258.562361488652	196.111762765949	220.298010722596	144.990076392294
PA14_RS08390	41.2117192562985	53.3008299856016	46.973762950791	50.603193311475	65.8691463022896	65.6505995967279	54.581267307028	68.9718070953923	69.6705561885047
PA14_RS08395	12.8786622675933	41.820651219472	33.3086682741973	39.6887790678235	50.3705236429274	42.4203874317319	41.8879493286494	35.00061852602	64.0215921732205
PA14_RS08400	114.62009418158	72.9811364418238	90.5312522324336	66.4787049386044	72.8435264990026	75.7506918423784	117.413191300002	117.355015057832	60.2556161630311
PA14_RS08405	74.696241152041	77.9012130558793	99.9260048225918	60.5253880784309	64.3192840363534	65.6505995967279	52.6772696102712	45.2949180924964	16.9468920458525
PA14_RS08410	91.4385020999123	84.4613152079533	76.0120891385527	57.5487296483441	72.0685953660345	61.6105626984678	36.8106221372979	51.4714978323823	41.4257361120839
PA14_RS08415	30.9087894422239	23.7803703012684	24.7679841013262	40.6809985445191	31.7721764516926	42.4203874317319	27.9252995524329	11.3237295231241	15.0639040407578
PA14_RS08420	72.1205086985224	68.8810725967775	87.9690469805723	62.5098270318221	68.9688708341621	75.7506918423784	47.5999424189197	38.0889083959629	26.3618320713261
PA14_RS08425	0	18.8602936872129	19.6435735976035	8.9299752902603	17.8234160582666	17.1701568176058	10.7893202816218	15.4414493497147	0
PA14_RS08430	74.696241152041	90.2014045910181	91.3853206497207	71.4398023220824	72.0685953660345	86.8607933125939	59.0239285994605	72.0600969653352	65.9045801783153
PA14_RS08435	69.5447762450037	42.6406639884813	58.0766523755234	56.5565101716486	34.096969850597	54.5404981265124	36.175956238379	30.8828986994294	37.6597601018944
PA14_RS08440	87.5749034196343	41.820651219472	40.1412156124941	51.5954127881706	45.7209368451187	45.450415105427	34.9066244405411	55.5892176589729	16.9468920458525
PA14_RS08445	39.9238530295392	32.8005107603702	39.287147195207	39.6887790678235	35.6468321165332	27.2702490632562	25.3866359567572	35.00061852602	37.6597601018944
PA14_RS08450	700.599227357074	498.567763557627	555.998539653908	512.977469451619	393.665015547801	495.914529261437	450.61278823244	455.008040838259	470.74700127368
PA14_RS08455	1004.53565687228	720.791223959136	800.262106998022	496.109738347794	505.25509869521	652.465959069019	653.705875886498	595.010514942339	506.52377337048
PA14_RS08460	7.72719736055597	6.56010215207404	9.3947525901582	3.96887790678235	10.8490358615536	7.07006457195532	8.25065668594609	0	0
PA14_RS08465	10.3029298140746	2.46003830702777	11.1028894247324	0.992219476695589	6.1994490637449	6.06005534739027	3.17332949459465	3.08828986994294	9.41494002547361
PA14_RS08470	0	3.28005107603702	18.7895051803164	6.94553633686912	3.87465566484057	12.1201106947805	5.07732719135144	3.08828986994294	3.76597601018944
PA14_RS08475	39.9238530295392	43.4606767574905	60.6388576273848	60.5253880784309	59.6696972385447	55.5505073510775	63.466589891893	40.1477683092582	56.4896401528417
PA14_RS08480	2.57573245351866	4.92007661405553	9.3947525901582	12.8988531970427	3.87465566484057	9.09008302108541	8.88532258486502	20.5885991329529	15.0639040407578
PA14_RS08485	3.86359868027798	4.10006384504628	4.27034208643555	6.94553633686912	3.09972453187245	2.02001844913009	1.90399769675679	8.23543965318117	16.9468920458525
PA14_RS08490	12.8786622675933	14.7602298421666	5.12441050372266	6.94553633686912	10.0741047285855	1.01000922456505	12.0586520794597	12.3531594797718	0
PA14_RS08495	27.0451907619459	28.7004469153239	16.2272999284551	17.8599505805206	27.122589653884	23.230212164996	19.0399769675679	21.6180290896006	0
PA14_RS08500	74.696241152041	62.3209704447034	64.9091997138203	48.6187543580838	54.2451793077679	73.7306733932483	81.237235061623	60.7363674422111	94.1494002547361
PA14_RS08505	15.4543947211119	44.2806895264998	14.5191630938809	15.8755116271294	24.7977962549796	21.210193715866	13.9626497762165	15.4414493497147	1.88298800509472
PA14_RS08510	12.8786622675933	20.5003192252314	5.97847892100977	23.8132674406941	13.1738292604579	23.230212164996	15.2319815740543	20.5885991329529	33.893784091705
PA14_RS08515	39.9238530295392	24.6003830702777	38.4330787779199	25.7977063940853	47.2707991110549	44.440405880862	38.0799539351358	22.6474590462482	33.893784091705
PA14_RS08520	206.058596281492	163.182541032842	140.067220435086	122.042995633557	138.712672801292	169.681549726928	128.202511581624	157.50278336709	129.926172351536
PA14_RS08525	23.1815920816679	27.0604213773054	40.1412156124941	41.6732180212147	23.2479339890434	29.2902675123863	51.4079378124333	35.00061852602	24.4788440662314
PA14_RS08530	75.9841073788004	62.3209704447034	47.8278313680781	26.7899258707809	58.8947661055766	47.4704335545571	43.7919470254062	41.1771982659058	77.2025082088836
PA14_RS08535	190.604201560381	267.324162697017	227.182198998371	180.583944758597	179.009091715634	255.532333814956	112.97053000757	113.237295231241	129.926172351536
PA14_RS08540	1056.05030594265	751.951709181487	857.484690956258	963.445111871417	1298.00964772159	1591.77453791451	1480.04087627894	1850.91506205247	2487.42715473013
PA14_RS08545	452.041045592524	472.327354949331	529.522418718008	519.923005788488	523.853445886444	537.324907468604	539.46601408109	564.12761624291	589.375245594648
PA14_RS08550	37.3481205760205	31.980497991361	36.7249419433457	48.6187543580838	15.4986226593623	49.4904520036872	35.5412903394601	39.1183383526105	30.1278080815155
PA14_RS08555	86.287037192875	74.6211619798423	81.1364996422754	69.4553633686912	117.014601078185	89.890820986289	88.8532258486502	100.884135751469	84.7344602292625
PA14_RS31375	25.7573245351866	23.7803703012684	27.3301893531875	44.6498764513015	15.4986226593623	39.3903597580368	18.405311068649	38.0889083959629	28.2448200764208
PA14_RS31690	1545.43947211119	633.049857675145	397.995882455793	696.538072640303	638.543253565725	663.576060539235	668.937857460552	575.451345766034	728.716357971657
PA14_RS08565	82.423438512597	77.08120028687	77.720225973127	34.7276816843456	57.3449038396404	44.440405880862	66.0052534875687	57.6480775722682	97.9153762649255
PA14_RS08570	0	0	0	0	0	0	0	2.05885991329529	0
PA14_RS08575	12.8786622675933	9.84015322811107	21.3517104321777	14.8832921504338	14.7236915263941	17.1701568176058	20.9439746643247	18.5297392196576	9.41494002547361
PA14_RS08580	126.210890222414	130.382030272472	134.088741514076	189.513920048857	210.781268167327	187.861715769098	205.631751249733	184.267962239929	190.181788514567
PA14_RS08585	135.225953809729	97.5815195121014	134.942809931363	158.755116271294	141.037466200197	92.9208486599842	145.973156751354	140.00247410408	158.170992427957
PA14_RS08590	87.5749034196343	58.2209065996571	66.6173365483945	79.3775581356471	81.3677689616519	79.7907287406386	130.106509278381	130.737604494251	112.979280305683
PA14_RS08595	84.9991709661157	82.0012769009256	81.1364996422754	81.3619970890383	82.14270009462	103.020940905635	83.7758986572988	66.912947182097	69.6705561885047
PA14_RS08600	552.494611279752	637.969934289201	684.962870664262	537.782956369009	545.551517609552	528.234824447519	504.559389640549	546.6273069799	570.545365543701
PA14_RS08605	9.0150635873153	9.02014045910181	5.12441050372266	0	2.32479339890434	19.1901752667359	4.44266129243251	4.11771982659058	0
PA14_RS08610	238.255251950476	291.104532998286	282.696646122033	256.984844464157	261.926722943222	231.292112425395	251.327695971896	261.475208988502	303.16106882025
PA14_RS08615	7.72719736055597	1.64002553801851	3.41627366914844	9.92219476695589	3.87465566484057	7.07006457195532	5.07732719135144	0	0
PA14_RS08620	175.149806839269	232.883626398629	176.792162378432	178.599505805206	216.205786098104	177.761623523448	187.861106080003	200.738841546291	171.35190846362
PA14_RS08625	54.0903815238918	36.0805618364072	40.1412156124941	52.5876322648662	46.4958679780868	67.670618045858	44.4266129243251	41.1771982659058	54.6066521477469
PA14_RS08630	7.72719736055597	17.2202681491944	17.0813683457422	7.93775581356471	15.4986226593623	27.2702490632562	15.8666474729732	20.5885991329529	1.88298800509472
PA14_RS31380	14.1665284943526	13.9402170731573	5.12441050372266	7.93775581356471	4.64958679780868	1.01000922456505	5.71199309027037	4.11771982659058	0
PA14_RS31635	9.0150635873153	2.46003830702777	0	1.98443895339118	6.1994490637449	4.04003689826018	4.44266129243251	0	0
PA14_RS08635	30.9087894422239	21.3203319942406	12.8110262593066	16.867731103825	10.0741047285855	19.1901752667359	27.290633653514	21.6180290896006	3.76597601018944
PA14_RS30250	153.25608098436	126.281966427425	140.921288852373	83.3464360424294	110.040220881472	113.121033151285	107.893202816218	105.00185557806	112.979280305683
PA14_RS08650	7.72719736055597	15.5802426111759	11.9569578420195	8.9299752902603	4.64958679780868	6.06005534739027	9.51998848378395	4.11771982659058	18.8298800509472
PA14_RS08655	52.8025152971325	41.0006384504628	67.4714049656816	58.5409491250397	72.8435264990026	84.8407748634638	82.5065668594609	81.324966575164	77.2025082088836
PA14_RS08660	9.0150635873153	9.84015322811107	7.68661575558399	2.97665843008677	6.97438019671302	5.05004612282523	8.88532258486502	14.412019393067	3.76597601018944
PA14_RS08665	332.269486503907	265.684137158999	307.464630223359	188.521700572162	230.15454649153	265.632426060607	246.250368780545	253.239769335321	256.086368692882
PA14_RS08670	57.9539802041698	54.9408555236201	52.0981734545137	65.4864854619089	42.6212123132462	95.9508763336793	62.8319239929741	51.4714978323823	58.3726281579364
PA14_RS08675	66.9690437914851	88.5613790529996	39.287147195207	91.2841918559942	95.3165293550779	96.9608855582444	50.7732719135144	45.2949180924964	92.2664122496414
PA14_RS08680	41.2117192562985	45.1007022955091	52.9522418718008	68.4631438919956	86.0173557594606	73.7306733932483	158.031808830814	113.237295231241	169.468920458525
PA14_RS08685	50.2267828436138	69.7010853657867	48.6818997853652	101.20638662295	70.5187331000983	64.6405903721629	117.413191300002	95.7369859682311	73.4365321986942
PA14_RS08690	7.72719736055597	9.84015322811107	17.0813683457422	17.8599505805206	19.3732783242028	28.2802582878213	28.5599654513518	25.7357489161911	20.7128680560419
PA14_RS08695	18.0301271746306	18.8602936872129	23.059847266752	28.7743648241721	20.1482094571709	14.1401291439106	26.6559677545951	39.1183383526105	16.9468920458525
PA14_RS08700	47.6510503900951	55.7608682926294	31.6005314396231	69.4553633686912	68.193939701194	47.4704335545571	46.9652765200008	44.2654881358488	47.074700127368
PA14_RS08705	0	4.10006384504628	5.12441050372266	1.98443895339118	5.42451793077679	0	4.44266129243251	4.11771982659058	1.88298800509472
PA14_RS08710	77.2719736055597	43.4606767574905	31.6005314396231	58.5409491250397	55.020110440736	66.660608821293	60.9279262962173	71.0306670086876	84.7344602292625
PA14_RS08715	33.4845218957425	23.7803703012684	55.5144471236621	57.5487296483441	39.5214877813738	37.3703413089067	46.3306106210819	47.3537780057917	82.8514722241678
PA14_RS08720	27.0451907619459	60.6809449066849	68.3254733829688	34.7276816843456	45.7209368451187	51.5104704528173	72.351912476758	49.412637919087	64.0215921732205
PA14_RS08725	77.2719736055597	63.1409832137127	58.0766523755234	79.3775581356471	56.5699727066723	60.6005534739027	48.8692742167576	55.5892176589729	60.2556161630311
PA14_RS08730	3.86359868027798	2.46003830702777	1.70813683457422	1.98443895339118	4.64958679780868	1.01000922456505	3.17332949459465	4.11771982659058	5.64896401528417
PA14_RS08735	16.7422609478713	9.84015322811107	15.373231511168	5.95331686017353	11.6239669945217	9.09008302108541	13.9626497762165	11.3237295231241	22.5958560611367
PA14_RS08740	74.696241152041	98.4015322811107	81.9905680595625	98.2297281928633	127.863636939739	91.9108394354191	105.989205119461	125.590454711013	133.692148361725
PA14_RS08745	264.012576485662	328.005107603702	250.242046265123	294.68918457859	292.923968261947	282.802582878213	250.058364174058	247.063189595435	282.448200764208
PA14_RS08750	242.118850630754	173.842707029962	160.564862449977	174.630627898424	213.880992699199	153.521402133887	161.205138325408	173.973662673452	165.702944448336
PA14_RS08755	82.423438512597	78.7212258248885	40.1412156124941	40.6809985445191	58.1198349726085	45.450415105427	54.581267307028	54.5597877023252	60.2556161630311
PA14_RS08760	51.5146490703731	79.5412385938978	79.4283628077012	68.4631438919956	62.7694217704172	78.7807195160735	62.1972580940551	78.2366767052211	58.3726281579364
PA14_RS08765	216.361526095567	195.163039024203	226.328130581084	162.723994178077	175.134436050794	198.971817239314	213.24774203676	197.650551676348	252.320392682693
PA14_RS08770	2461.11235933708	1938.51018593788	901.042180237901	2065.80095048022	1757.54380957168	1532.18399366517	1030.06275394542	982.076178641854	877.47241037414
PA14_RS08775	92.7263683266716	115.621800430305	103.34227849174	91.2841918559942	108.490358615536	113.121033151285	126.298513884867	100.884135751469	105.447328285304
PA14_RS08780	181.589137973065	142.68222180761	212.66303590449	143.87182412086	172.034711518921	152.511392909322	210.709078441085	165.738223020271	218.426608590988
PA14_RS08785	211.21006118853	172.202681491944	210.954899069916	209.358309582769	286.724519198202	211.091927934094	232.922384903247	258.386919118559	273.033260738735
PA14_RS08790	109.468629274543	91.8414301290366	58.9307207928106	48.6187543580838	65.8691463022896	88.880811761724	96.4692166356774	66.912947182097	84.7344602292625
PA14_RS08795	204.770730054733	199.263102869249	118.715510002908	129.980751447122	149.561708662846	148.471356011062	74.8905760724337	61.7657973988588	77.2025082088836
PA14_RS08800	1277.56329694525	1127.51755738773	1096.62384779665	1135.09908133975	1254.61350427538	1184.7408204148	1335.33705132543	1323.84692424887	1210.76128727591
PA14_RS08805	112.044361728062	127.921991965444	118.715510002908	131.965190400513	160.410744524399	139.381272989976	218.325069228112	168.826512890214	71.5535441935994
PA14_RS08810	96.5899670069496	59.8609321376757	59.7847892100977	70.4475828453868	55.020110440736	74.7406826178133	52.6772696102712	73.0895269219829	67.78756818341
PA14_RS08815	43.7874517098172	27.8804341463147	23.059847266752	28.7743648241721	41.8462811802781	29.2902675123863	35.5412903394601	33.9711885693723	24.4788440662314
PA14_RS08820	6.43933113379664	11.4801787661296	11.9569578420195	9.92219476695589	13.1738292604579	19.1901752667359	14.5973156751354	10.2942995664765	24.4788440662314
PA14_RS08825	59.2418464309291	29.5204596843332	26.4761209359004	40.6809985445191	24.7977962549796	31.3102859615164	31.7332949459465	29.8534687427817	30.1278080815155
PA14_RS08830	73.4083749252817	119.721864275351	102.488210074453	78.3853386589515	74.3933887649389	62.6205719230328	65.3705875886498	65.8835172254493	73.4365321986942
PA14_RS08835	2355.50732874281	1907.34970071553	1962.64922292578	1737.37630369398	1949.72673054777	1961.43791410532	1999.19758159463	2038.27131416234	2306.66030624103
PA14_RS08840	72.1205086985224	54.9408555236201	56.3685155409492	70.4475828453868	68.9688708341621	76.7607010669434	87.5838940508123	73.0895269219829	96.0323882598308
PA14_RS08845	74.696241152041	56.5808810616386	64.9091997138203	59.5331686017353	61.994490637449	59.5905442493377	74.8905760724337	81.324966575164	84.7344602292625
PA14_RS08850	20.6058596281493	12.3001915351388	13.6650946765938	16.867731103825	11.6239669945217	8.08007379652036	13.3279838772975	13.3825894364194	11.2979280305683
PA14_RS08855	9.0150635873153	5.74008938306479	9.3947525901582	2.97665843008677	1.54986226593623	24.2402213895611	10.1546543827029	2.05885991329529	3.76597601018944
PA14_RS08860	10.3029298140746	2.46003830702777	10.2488210074453	14.8832921504338	2.32479339890434	10.1000922456505	7.61599078702716	2.05885991329529	1.88298800509472
PA14_RS08865	16.7422609478713	5.74008938306479	5.97847892100977	2.97665843008677	3.09972453187245	2.02001844913009	5.71199309027037	2.05885991329529	0
PA14_RS08870	25.7573245351866	38.540600143435	38.4330787779199	40.6809985445191	13.948760393426	11.1101014702155	17.77064516973	18.5297392196576	30.1278080815155
PA14_RS08875	19.3179934013899	5.74008938306479	3.41627366914844	6.94553633686912	4.64958679780868	14.1401291439106	7.61599078702716	9.26486960982881	0
PA14_RS08880	11.590796040834	7.3801149210833	3.41627366914844	24.8054869173897	13.1738292604579	10.1000922456505	27.9252995524329	16.4708793063623	22.5958560611367
PA14_RS08885	231.815920816679	304.224737302434	373.227898354467	288.735867718416	326.246006979576	320.172924187119	375.087546261088	407.654262832468	436.853217181975
PA14_RS08890	126.210890222414	186.142898565101	176.792162378432	138.910726737382	147.236915263941	171.701568176058	141.530495458921	226.474590462482	184.532824499283
PA14_RS08895	410.829326336226	463.307214490229	198.997941227897	448.483203466406	480.45730244023	430.263929664709	206.266417148652	187.356252109872	207.128680560419
PA14_RS08900	786.886264549949	685.530674891738	757.558686133666	694.553633686912	869.472731190223	857.497831655724	917.092223937854	976.929028858616	988.568702674729
PA14_RS08905	234.391653270198	198.44309010024	168.251478205561	168.67731103825	154.986226593623	171.701568176058	204.997085350814	182.209102326633	190.181788514567
PA14_RS08910	126.210890222414	115.621800430305	122.985852089344	149.825140981034	160.410744524399	125.241143846066	199.285092260544	185.297392196576	133.692148361725
PA14_RS08915	61.8175788844477	66.4210342897497	86.2609101459981	74.4164607521691	80.5928378286838	80.8007379652036	105.989205119461	90.5898361849928	99.7983642700202
PA14_RS08920	345.1481487715	223.863485939527	311.734972309795	195.467236909031	189.858127577188	178.771632748013	170.725126809192	138.973044147432	141.224100382104
PA14_RS08935	34.7723881225019	47.5607406025368	40.9952840297813	28.7743648241721	24.7977962549796	42.4203874317319	27.9252995524329	64.8540872688017	43.3087241171786
PA14_RS08940	115.90796040834	135.302106886527	94.8015943188691	86.3230944725162	91.4418736902373	120.19109772324	112.335864108651	70.0012370520399	124.277208336252
PA14_RS31745	84.9991709661157	32.8005107603702	26.4761209359004	16.867731103825	31.7721764516926	14.1401291439106	20.3093087654058	19.5591691763053	33.893784091705
PA14_RS30260	12.8786622675933	27.8804341463147	5.12441050372266	0	11.6239669945217	2.02001844913009	5.07732719135144	13.3825894364194	7.53195202037889
PA14_RS08960	1.28786622675933	2.46003830702777	11.9569578420195	11.9066337203471	3.87465566484057	0	3.17332949459465	0	0
PA14_RS31220	0	3.28005107603702	0.854068417287109	7.93775581356471	0	2.02001844913009	0.63466589891893	0	3.76597601018944
PA14_RS08965	24.4694583084272	18.8602936872129	18.7895051803164	10.9144142436515	18.5983471912347	19.1901752667359	5.07732719135144	9.26486960982881	0
PA14_RS08970	12.8786622675933	10.6601659971203	6.83254733829688	0	2.32479339890434	4.04003689826018	2.53866359567572	3.08828986994294	5.64896401528417
PA14_RS31225	9.0150635873153	18.8602936872129	11.1028894247324	4.96109738347794	5.42451793077679	3.03002767369514	1.26933179783786	1.02942995664765	5.64896401528417
PA14_RS30265	12.8786622675933	8.20012769009256	10.2488210074453	3.96887790678235	11.6239669945217	0	6.3466589891893	5.14714978323823	11.2979280305683
PA14_RS30270	0	3.28005107603702	4.27034208643555	0.992219476695589	1.54986226593623	2.02001844913009	0	9.26486960982881	0
PA14_RS08985	7.72719736055597	4.10006384504628	13.6650946765938	0.992219476695589	2.32479339890434	8.08007379652036	9.51998848378395	6.17657973988588	0
PA14_RS08990	73.4083749252817	101.681583357148	115.29923633376	57.5487296483441	68.193939701194	65.6505995967279	64.7359216897309	48.3832079624394	43.3087241171786
PA14_RS08995	14.1665284943526	9.02014045910181	7.68661575558399	6.94553633686912	3.87465566484057	7.07006457195532	2.53866359567572	4.11771982659058	7.53195202037889
PA14_RS31230	7.72719736055597	13.9402170731573	14.5191630938809	8.9299752902603	2.32479339890434	1.01000922456505	6.98132488810823	9.26486960982881	13.1809160356631
PA14_RS09000	1.28786622675933	0	0	0	0	0	0	0	0
PA14_RS31235	2.57573245351866	2.46003830702777	3.41627366914844	0	3.87465566484057	1.01000922456505	3.17332949459465	0	0
PA14_RS30280	3.86359868027798	11.4801787661296	0	1.98443895339118	5.42451793077679	2.02001844913009	0.63466589891893	3.08828986994294	0
PA14_RS30285	3.86359868027798	7.3801149210833	10.2488210074453	2.97665843008677	1.54986226593623	3.03002767369514	8.25065668594609	14.412019393067	3.76597601018944
PA14_RS30290	2.57573245351866	4.10006384504628	16.2272999284551	9.92219476695589	2.32479339890434	2.02001844913009	12.0586520794597	9.26486960982881	0
PA14_RS09015	339.996683864463	386.226014203359	335.648887993834	206.381651152682	281.300001267425	304.012776594079	206.266417148652	202.797701459586	167.58593245343
PA14_RS09020	39.9238530295392	44.2806895264998	32.4545998569102	24.8054869173897	11.6239669945217	42.4203874317319	27.290633653514	18.5297392196576	15.0639040407578
PA14_RS09025	81.1355722858377	112.341749354268	98.2178679880176	72.432021798778	86.7922868924287	60.6005534739027	62.1972580940551	57.6480775722682	75.3195202037889
PA14_RS09030	194.467800240659	179.582796413027	186.18691496859	109.144142436515	124.763912407866	151.501383684757	133.914504671894	172.944232716805	143.107088387199
PA14_RS09035	1.28786622675933	2.46003830702777	0	2.97665843008677	6.1994490637449	2.02001844913009	5.07732719135144	0	0
PA14_RS09040	21.8937258549086	10.6601659971203	19.6435735976035	13.8910726737382	20.9231405901391	17.1701568176058	20.3093087654058	11.3237295231241	18.8298800509472
PA14_RS09045	65.6811775647257	52.4808172165924	86.2609101459981	43.6576569746059	44.1710745791824	41.4103782071669	38.7146198340547	41.1771982659058	33.893784091705
PA14_RS09050	140.377418716767	124.641940889407	64.0551312965332	93.2686308093853	85.2424246264924	46.4604243299921	58.3892627005416	57.6480775722682	43.3087241171786
PA14_RS09055	121.059425315377	171.382668722934	78.5742943904141	191.498359002249	151.88650206175	188.871724993663	166.917131415679	192.50340189311	184.532824499283
PA14_RS09060	12.8786622675933	12.3001915351388	15.373231511168	4.96109738347794	10.0741047285855	2.02001844913009	12.6933179783786	4.11771982659058	11.2979280305683
PA14_RS09065	5.15146490703731	8.20012769009256	0.854068417287109	10.9144142436515	6.97438019671302	4.04003689826018	1.26933179783786	0	0
PA14_RS09070	86.287037192875	68.8810725967775	59.7847892100977	97.2375087161677	75.9432510308751	80.8007379652036	97.7385484335152	83.3838264884593	79.0854962139783
PA14_RS09075	12.8786622675933	14.7602298421666	17.9354367630293	34.7276816843456	68.9688708341621	50.5004612282523	95.1998848378395	131.767034450899	109.213304295494
PA14_RS09080	211.21006118853	232.883626398629	239.139156840391	139.902946214078	184.433609646411	162.611485154972	164.378467820003	168.826512890214	180.766848489093
PA14_RS09085	169.998341932231	175.482732567981	236.576951588529	133.949629353904	157.311019992527	190.891743442794	120.586520794597	117.355015057832	216.543620585893
PA14_RS09090	72.1205086985224	64.7810087517312	86.2609101459981	27.7821453474765	42.6212123132462	41.4103782071669	40.6186175308115	70.0012370520399	33.893784091705
PA14_RS09095	88.8627696463936	97.5815195121014	134.942809931363	86.3230944725162	76.7181821638432	67.670618045858	92.0265553432448	97.7958458815264	120.511232326062
PA14_RS09100	59.2418464309291	74.6211619798423	34.1627366914844	85.3308749958206	75.168319897907	60.6005534739027	79.9679032637852	44.2654881358488	60.2556161630311
PA14_RS09105	15.4543947211119	24.6003830702777	11.9569578420195	24.8054869173897	17.8234160582666	9.09008302108541	26.6559677545951	16.4708793063623	26.3618320713261
PA14_RS09110	9.0150635873153	6.56010215207404	8.54068417287109	5.95331686017353	6.1994490637449	7.07006457195532	6.3466589891893	7.20600969653352	0
PA14_RS09115	2.57573245351866	1.64002553801851	0.854068417287109	1.98443895339118	3.87465566484057	3.03002767369514	1.90399769675679	0	1.88298800509472
PA14_RS09120	21.8937258549086	4.92007661405553	6.83254733829688	8.9299752902603	4.64958679780868	9.09008302108541	12.0586520794597	2.05885991329529	28.2448200764208
PA14_RS09125	1.28786622675933	18.8602936872129	11.9569578420195	7.93775581356471	8.52424246264924	4.04003689826018	6.3466589891893	7.20600969653352	7.53195202037889
PA14_RS09130	9.0150635873153	9.02014045910181	13.6650946765938	8.9299752902603	27.8975207868521	15.1501383684757	13.9626497762165	8.23543965318117	13.1809160356631
PA14_RS09135	39.9238530295392	41.820651219472	43.5574892816426	34.7276816843456	34.096969850597	45.450415105427	36.8106221372979	40.1477683092582	35.7767720967997
PA14_RS09140	99.1656994604683	60.6809449066849	122.131783672057	102.198606099646	94.5415982221098	136.351245316281	118.68252309784	141.031904060727	120.511232326062
PA14_RS09145	64.3933113379664	66.4210342897497	66.6173365483945	60.5253880784309	78.2680444297794	107.060977803895	95.8345507367584	94.7075560115834	107.330316290399
PA14_RS09150	73.4083749252817	66.4210342897497	45.2656261162168	71.4398023220824	82.14270009462	88.880811761724	91.3918894443259	86.4721163584023	120.511232326062
PA14_RS09155	10.3029298140746	2.46003830702777	5.12441050372266	2.97665843008677	1.54986226593623	3.03002767369514	0.63466589891893	6.17657973988588	0
PA14_RS09160	18.0301271746306	10.6601659971203	11.1028894247324	10.9144142436515	19.3732783242028	8.08007379652036	19.6746428664868	19.5591691763053	20.7128680560419
PA14_RS09165	260.148977805384	207.463230559342	295.50767238134	164.708433131468	248.752893682764	293.912684348428	248.789032376221	227.50402041913	308.810032835534
PA14_RS09170	43.7874517098172	29.5204596843332	49.5359682026523	23.8132674406941	30.2223141857564	53.5304889019474	33.0026267437844	25.7357489161911	33.893784091705
PA14_RS09175	88.8627696463936	58.2209065996571	56.3685155409492	92.2764113326897	82.14270009462	70.7006457195532	113.605195906488	72.0600969653352	107.330316290399
PA14_RS09180	60.5297126576884	88.5613790529996	81.9905680595625	76.4008997055603	55.020110440736	58.5805350247726	78.0639055670284	65.8835172254493	114.862268310778
PA14_RS09185	144.241017397045	77.08120028687	88.8231153978594	78.3853386589515	86.0173557594606	86.8607933125939	92.0265553432448	86.4721163584023	30.1278080815155
PA14_RS09190	73.4083749252817	56.5808810616386	57.2225839582363	56.5565101716486	58.8947661055766	46.4604243299921	54.581267307028	64.8540872688017	47.074700127368
PA14_RS09195	185.452736653343	181.222821951045	167.397409788273	154.786238364512	165.060331322208	132.311208418021	190.399769675679	207.944851242824	165.702944448336
PA14_RS09200	136.513820036489	205.003192252314	208.392693818055	196.459456385727	227.054821959657	285.832610551908	292.580979401627	315.00556673418	265.501308718356
PA14_RS09205	61.8175788844477	62.3209704447034	55.5144471236621	52.5876322648662	86.7922868924287	52.5204796773824	57.1199309027037	49.412637919087	60.2556161630311
PA14_RS09210	43.7874517098172	61.5009576756942	70.033610217543	87.3153139492118	73.6184576319707	94.9408671091143	119.951854895678	90.5898361849928	128.043184346441
PA14_RS09215	15.4543947211119	10.6601659971203	11.9569578420195	16.867731103825	6.1994490637449	13.1301199193456	8.88532258486502	10.2942995664765	15.0639040407578
PA14_RS09220	48.9389166168545	59.0409193686664	58.9307207928106	54.5720712182574	40.2964189143419	45.450415105427	38.0799539351358	48.3832079624394	33.893784091705
PA14_RS09225	75.9841073788004	81.1812641319163	84.5527733114238	60.5253880784309	63.5443529033853	81.8107471897687	57.1199309027037	79.2661066618687	79.0854962139783
PA14_RS09230	139.089552490007	127.101979196435	133.234673096789	118.074117726775	169.709918120017	177.761623523448	152.954481639462	159.561643280385	118.628244320967
PA14_RS09235	110.756495501302	121.36188981337	81.1364996422754	103.190825576341	123.988981274898	68.6806272704231	93.9305530400016	117.355015057832	129.926172351536
PA14_RS09240	82.423438512597	114.801787661296	99.9260048225918	108.151922959819	124.763912407866	113.121033151285	111.066532310813	97.7958458815264	109.213304295494
PA14_RS09245	280.754837433534	233.703639167638	304.902424971498	233.171577023463	251.077687081669	244.422232344741	282.426325018924	321.182146474066	318.224972861008
PA14_RS09250	57.9539802041698	96.7615067430922	95.6556627361563	128.988531970427	118.564463344121	96.9608855582444	159.93580652757	172.944232716805	112.979280305683
PA14_RS09255	60.5297126576884	59.0409193686664	70.8876786348301	58.5409491250397	83.6925623605562	79.7907287406386	91.3918894443259	86.4721163584023	103.56434028021
PA14_RS09260	68.2569100182444	59.0409193686664	63.2010628792461	60.5253880784309	65.8691463022896	49.4904520036872	57.7545968016226	55.5892176589729	97.9153762649255
PA14_RS09265	86.287037192875	118.081838737333	170.813683457422	149.825140981034	146.461984130973	90.9008302108541	139.626497762165	185.297392196576	144.990076392294
PA14_RS09270	50.2267828436138	37.7205873744258	48.6818997853652	68.4631438919956	58.1198349726085	69.6906364949881	69.8132488810823	65.8835172254493	54.6066521477469
PA14_RS09275	42.4995854830578	34.4405362983887	28.1842577704746	20.8366090106074	26.3476585209158	19.1901752667359	36.8106221372979	37.0594784393153	7.53195202037889
PA14_RS09280	243.406716857513	233.703639167638	259.636798855281	245.07821074381	219.305510629976	204.021863362139	335.738260528114	311.917276864237	429.321265161597
PA14_RS09285	426.283721057338	396.06616743147	440.699303320148	510.993030498228	541.676861944711	451.474123380575	625.145910435146	641.334862991483	632.683969711827
PA14_RS09290	154.543947211119	156.622438880768	171.667751874709	184.552822665379	173.584573784857	107.060977803895	195.47709686703	185.297392196576	118.628244320967
PA14_RS09295	113.332227954821	116.441813199314	110.174825830037	127.996312493731	92.2168048232055	74.7406826178133	82.5065668594609	74.1189568786305	122.394220331157
PA14_RS09300	70.832642471763	78.7212258248885	68.3254733829688	47.6265348813883	54.2451793077679	41.4103782071669	43.7919470254062	47.3537780057917	37.6597601018944
PA14_RS30295	14.1665284943526	19.6803064562221	10.2488210074453	4.96109738347794	5.42451793077679	10.1000922456505	3.80799539351358	6.17657973988588	0
PA14_RS09305	811.355722858377	665.030355666506	795.137696494299	624.106050841525	486.656751503975	522.174769100128	669.572523359471	439.566591488545	472.629989278775
PA14_RS09310	81.1355722858377	106.601659971203	87.9690469805723	55.564290694953	30.9972453187245	32.3202951860815	28.5599654513518	30.8828986994294	18.8298800509472
PA14_RS09315	52.8025152971325	75.4411747488515	96.5097311534434	32.7432427309544	30.2223141857564	17.1701568176058	17.1359792708111	33.9711885693723	20.7128680560419
PA14_RS09320	56.6661139774104	82.0012769009256	88.8231153978594	37.7043401144324	27.122589653884	26.2602398386912	37.4452880362169	31.912328656077	24.4788440662314
PA14_RS09325	73.4083749252817	86.1013407459718	60.6388576273848	61.5176075551265	53.4702481747998	54.5404981265124	55.2159332059469	55.5892176589729	50.8406761375575
PA14_RS09330	149.392482304082	150.882349497703	143.483494104234	205.389431675987	220.080441762944	232.30212164996	287.503652210275	223.386300592539	190.181788514567
PA14_RS09335	103.029298140746	107.421672740212	99.9260048225918	108.151922959819	81.3677689616519	82.8207564143337	72.9865783756769	83.3838264884593	80.968484219073
PA14_RS09340	886.051964010418	821.652794547274	924.102027504652	1340.48851301574	1379.37741668324	1145.35046065676	1931.92299630922	1731.50118708134	1811.43446090112
PA14_RS09345	106.892896821024	176.30274533699	165.689272953699	164.708433131468	204.581819103582	224.22204785344	201.82375585622	223.386300592539	178.883860483999
PA14_RS09350	188.028469106862	232.883626398629	244.263567344113	232.179357546768	294.473830527883	243.412223120176	305.274297380005	307.799557037646	244.788440662314
PA14_RS09355	25.7573245351866	27.0604213773054	30.7464630223359	27.7821453474765	30.2223141857564	42.4203874317319	39.3492857329737	48.3832079624394	18.8298800509472
PA14_RS09360	198.331398920937	212.383307173397	233.160677919381	182.568383711988	232.479339890434	212.10193715866	201.82375585622	179.12081245669	192.064776519662
PA14_RS09365	19.3179934013899	31.980497991361	29.8923946050488	44.6498764513015	45.7209368451187	32.3202951860815	55.2159332059469	64.8540872688017	90.3834242445466
PA14_RS09370	126.210890222414	118.081838737333	87.1149785632852	60.5253880784309	62.7694217704172	68.6806272704231	79.9679032637852	87.5015463150499	56.4896401528417
PA14_RS09375	33.4845218957425	63.9609959827219	41.8493524470684	36.7121206377368	38.7465566484057	27.2702490632562	20.9439746643247	21.6180290896006	26.3618320713261
PA14_RS09380	37.3481205760205	31.1604852223517	44.4115576989297	49.6109738347794	24.0228651220115	25.2502306141261	28.5599654513518	31.912328656077	24.4788440662314
PA14_RS09385	51.5146490703731	32.8005107603702	81.1364996422754	49.6109738347794	53.4702481747998	52.5204796773824	50.1386060145955	59.7069374855635	65.9045801783153
PA14_RS09390	244.694583084272	173.022694260953	252.804251516984	178.599505805206	198.382370039837	200.991835688444	209.439746643247	246.033759638787	225.958560611367
PA14_RS09395	229.24018836316	136.942132424546	128.110262593066	141.887385167469	186.758403045315	162.611485154972	177.7064516973	198.679981632996	171.35190846362
PA14_RS09400	160.983278344916	122.181902582379	138.359083600512	149.825140981034	141.037466200197	190.891743442794	202.458421755139	211.033141112767	233.490512631746
PA14_RS09405	177.725539292787	136.942132424546	177.646230795719	178.599505805206	146.461984130973	203.011854137574	282.426325018924	306.770127080999	284.331188769303
PA14_RS09410	86.287037192875	72.1611236728145	91.3853206497207	130.972970923818	97.6413227539823	117.161070049545	151.685149841624	102.942995664765	152.522028412672
PA14_RS09415	1317.48714997479	1276.75988134741	1693.61767148034	1530.0024330646	1547.53747253732	1563.49427962669	2168.01871070706	2124.74343052074	2285.94743818499
PA14_RS09420	385.072001801039	360.805618364072	437.283029651	382.004498527802	432.411572196207	344.41314557668	434.746140759467	456.037470794907	438.73620518707
PA14_RS09425	395.374931615114	343.585350214878	321.98379331724	309.572476729024	310.747384320213	320.172924187119	321.775610751897	301.62297729776	352.118756952713
PA14_RS09430	179.013405519547	186.142898565101	166.543341370986	159.74733574799	150.336639795814	107.060977803895	174.533122202706	198.679981632996	97.9153762649255
PA14_RS09435	437.874517098172	431.326716498868	521.835802962424	425.662155502408	382.815979686248	320.172924187119	363.663560080547	370.594784393153	342.703816927239
PA14_RS09440	200.907131374455	173.842707029962	210.954899069916	148.832921504338	110.81515201444	150.491374460192	161.839804224327	99.8547057948217	178.883860483999
PA14_RS09445	9226.27364850383	8527.31278492725	9202.58719626861	7290.82871475919	7846.17772130215	8332.57610266162	7610.91345983581	7502.48552404804	8094.96543390221
PA14_RS09450	615.600056390959	585.489117072608	460.342876917752	787.822264496297	690.463639474589	693.876337276186	724.788456565418	612.510824205349	489.576881324628
PA14_RS09455	273.027640072978	322.265018220637	312.589040727082	257.977063940853	254.177411613541	255.532333814956	213.24774203676	208.974281199472	190.181788514567
PA14_RS09460	1094.68629274543	1038.13616556572	1026.59023757911	690.58475578013	663.341049820705	788.8172043853	643.551221503795	636.187713208245	546.066521477469
PA14_RS09465	1760.51313198	1770.40756829098	2127.48442746219	947.569600244287	1053.13140970367	1186.76083886393	1016.73477006813	1116.9315029627	1073.30316290399
PA14_RS09470	1608.5449172224	1520.30367374316	1649.20611378141	878.114236875596	897.370251977075	859.517850104854	839.028318370825	836.926554754536	709.88647792071
PA14_RS09475	1323.92648110859	1230.83916628289	992.427500887621	564.57288223979	560.275209135946	695.896355725316	471.556762896765	445.743171228431	508.406761375575
PA14_RS09480	1483.62189322675	1441.58244791827	1316.97349945672	671.732585722914	670.315430017418	670.64612511119	558.505991048658	591.922225072396	434.970229176881
PA14_RS29910	694.159896223278	580.569040458553	409.952840297813	329.416866262935	292.923968261947	286.842619776473	178.975783495138	143.090763974023	139.341112377009
PA14_RS09485	2844.89649491136	2184.51401664066	2019.01773846673	1214.4766394754	1221.29146555775	1099.90004555133	813.641682414068	855.456293974194	730.599345976752
PA14_RS09490	1469.45536473239	1338.26083902311	1270.85380492322	689.592536303434	623.044630906363	673.676152784885	489.962073965414	442.654881358488	382.246565034229
PA14_RS29915	1210.59425315377	1071.7566890951	1118.82962664611	480.234226720665	471.933059977581	476.724353994701	366.202223676223	439.566591488545	335.17186490686
PA14_RS29920	888.627696463936	893.813918220089	839.549254193229	408.794424398583	407.613775941228	457.534178727966	329.391601538925	373.683074263095	434.970229176881
PA14_RS09495	655.523909420498	653.550176900377	597.847892100977	318.502452019284	258.052067278382	309.062822716904	223.402396419463	219.268580765949	190.181788514567
PA14_RS09500	1715.43781404343	1644.12560186356	1703.0124240705	1069.61259587784	977.963089805759	1022.12933525983	866.318952024339	763.837027832553	764.493130068457
PA14_RS09505	122.347291542136	154.982413342749	106.758552160889	115.097459296688	65.8691463022896	70.7006457195532	67.2745852854066	76.1778167919258	41.4257361120839
PA14_RS09510	109.468629274543	114.801787661296	93.0934574842949	74.4164607521691	74.3933887649389	65.6505995967279	55.8505991048658	65.8835172254493	82.8514722241678
PA14_RS09515	1385.74405999304	1210.33884705766	1323.80604679502	876.129797922205	972.538571874982	1082.72988873373	987.540138717855	1146.78497170548	1276.66586745422
PA14_RS09520	144.241017397045	123.001915351388	138.359083600512	123.035215110253	194.507714374996	188.871724993663	159.93580652757	231.62174024572	214.660632580798
PA14_RS09525	29.6209232154645	18.8602936872129	48.6818997853652	19.8443895339118	32.5471075846608	19.1901752667359	32.3679608448654	18.5297392196576	18.8298800509472
PA14_RS09530	48.9389166168545	13.1202043041481	20.4976420148906	13.8910726737382	16.2735537923304	14.1401291439106	8.25065668594609	30.8828986994294	18.8298800509472
PA14_RS09535	51.5146490703731	51.6608044475831	52.0981734545137	55.564290694953	45.7209368451187	42.4203874317319	47.5999424189197	43.2360581792011	47.074700127368
PA14_RS09540	542.191681465677	609.269487373877	572.225839582363	547.705151135965	628.46914883714	653.475968293584	794.6017054465	806.043656055107	675.992693829005
PA14_RS09545	271.739773846218	301.764698995406	257.928662020707	182.568383711988	185.983471912347	242.402213895611	211.978410238923	240.886609855549	163.819956443241
PA14_RS09550	273.027640072978	285.364443615221	175.938093961145	179.591725281902	216.205786098104	170.691558951493	175.802454000544	182.209102326633	148.756052402483
PA14_RS09555	1010.97498800607	1222.6390385928	581.620592172522	965.429550824808	769.506615037336	715.086530992052	553.428663857307	448.831461098374	423.672301146312
PA14_RS09560	269.1640413927	306.684775609462	229.744404250232	304.611379345546	273.550689937744	233.312130874525	181.514447090814	171.914802760157	122.394220331157
PA14_RS09565	16.7422609478713	23.7803703012684	17.9354367630293	16.867731103825	16.2735537923304	8.08007379652036	15.8666474729732	27.7946088294864	3.76597601018944
PA14_RS09570	30.9087894422239	25.4203958392869	20.4976420148906	26.7899258707809	19.3732783242028	29.2902675123863	16.5013133718922	33.9711885693723	18.8298800509472
PA14_RS09575	61.8175788844477	62.3209704447034	68.3254733829688	61.5176075551265	66.6440774352577	61.6105626984678	72.351912476758	88.5309762716976	97.9153762649255
PA14_RS09580	45.0753179365765	29.5204596843332	36.7249419433457	39.6887790678235	27.8975207868521	43.4303966562969	35.5412903394601	29.8534687427817	28.2448200764208
PA14_RS09585	101.741431913987	105.781647202194	146.045699356096	98.2297281928633	103.065840684759	110.09100547759	123.125184390272	95.7369859682311	135.57513636682
PA14_RS09590	30.9087894422239	18.0402809182036	19.6435735976035	5.95331686017353	21.6980717231072	34.3403136352115	15.8666474729732	22.6474590462482	7.53195202037889
PA14_RS09595	19.3179934013899	36.9005746054165	40.1412156124941	22.8210479639985	34.8719009835651	13.1301199193456	36.8106221372979	45.2949180924964	41.4257361120839
PA14_RS09600	428.859453510856	469.867316642303	445.823713823871	610.214978167787	719.136091394409	806.997370427471	860.606958934069	968.693589205435	1129.79280305683
PA14_RS09605	27.0451907619459	6.56010215207404	6.83254733829688	15.8755116271294	9.29917359561736	8.08007379652036	6.98132488810823	4.11771982659058	7.53195202037889
PA14_RS09610	28.3330569887052	18.8602936872129	15.373231511168	31.7510232542588	54.2451793077679	39.3903597580368	52.6772696102712	50.4420678757347	32.0107960866103
PA14_RS09615	3.86359868027798	16.4002553801851	24.7679841013262	13.8910726737382	16.2735537923304	19.1901752667359	20.9439746643247	56.6186476156205	45.1917121222733
PA14_RS09620	81.1355722858377	72.9811364418238	55.5144471236621	61.5176075551265	61.2195595044809	60.6005534739027	57.7545968016226	93.6781260549358	54.6066521477469
PA14_RS09625	63.1054451112071	68.0610598277682	43.5574892816426	87.3153139492118	70.5187331000983	85.8507840880288	86.3145622529745	102.942995664765	75.3195202037889
PA14_RS09630	69.5447762450037	43.4606767574905	40.9952840297813	86.3230944725162	85.2424246264924	54.5404981265124	92.0265553432448	66.912947182097	86.6174482343572
PA14_RS09635	36.0602543492612	27.8804341463147	17.0813683457422	20.8366090106074	32.5471075846608	24.2402213895611	35.5412903394601	41.1771982659058	65.9045801783153
PA14_RS09640	101.741431913987	100.861570588138	76.0120891385527	136.926287783991	114.689807679281	130.291189968891	197.381094563787	143.090763974023	182.649836494188
PA14_RS09645	493.252764848823	443.626908034007	356.146530008725	518.930786311793	460.309092983059	464.604243299921	542.004677676766	539.421297283366	468.864013268586
PA14_RS09650	227.952322136401	191.882987948166	172.521820291996	175.622847375119	182.883747380475	181.801660421708	204.362419451895	205.885991329529	161.936968438146
PA14_RS09655	1160.36747031015	930.714492825505	1039.40126383841	686.615877873347	777.255926367017	758.516927648349	867.588283822177	717.512679783409	917.015158481129
PA14_RS09660	145.528883623804	171.382668722934	217.787446408213	81.3619970890383	93.7666670891417	114.13104237585	84.4105645562177	93.6781260549358	118.628244320967
PA14_RS09665	217.649392322326	290.284520229276	278.426304035598	278.81367295146	291.374105996011	262.602398386912	342.719585416222	292.358107687931	289.980152784587
PA14_RS09670	709.61429094439	576.468976613507	609.804849942996	458.405398233362	546.32644874252	488.844464689482	555.332661554064	443.684311315135	510.28974938067
PA14_RS09675	439.162383324931	505.127865709701	581.620592172522	382.004498527802	330.120662644416	347.443173250376	371.279550867574	285.152097991398	355.884732962902
PA14_RS09680	245.982449311032	203.363166714295	180.20843604758	164.708433131468	147.236915263941	143.421309888236	114.239861805407	113.237295231241	135.57513636682
PA14_RS09685	169.998341932231	241.90376685773	202.414214897045	204.397212199291	183.658678513443	192.911761891924	184.687776585409	208.974281199472	184.532824499283
PA14_RS09690	321.966556689832	481.347495408433	563.685155409492	420.70105811893	472.707991110549	527.224815222954	500.751394247036	526.038707846947	576.194329558985
PA14_RS09695	150.680348530841	175.482732567981	173.375888709283	150.817360457729	136.387879402388	144.431319112801	151.050483942705	151.326203627204	105.447328285304
PA14_RS09700	90.150635873153	68.8810725967775	86.2609101459981	63.5020465085177	77.4931132968113	67.670618045858	44.4266129243251	53.5303577456776	62.1386041681258
PA14_RS09705	629.766584885311	608.449474604868	588.453139510818	392.918912771453	442.485676924793	437.333994236665	408.724838903791	409.713122745763	391.661505059702
PA14_RS09710	923.400084586438	909.394160831264	831.008570020358	851.324311004815	781.905513164826	824.167527245077	793.332373648662	762.807597875906	715.535441935994
PA14_RS09715	249.84604799131	275.52429038711	234.868814753955	208.366090106074	178.234160582666	153.521402133887	215.786405632436	210.00371115612	133.692148361725
PA14_RS09720	95.3021007801903	86.9213535149811	93.0934574842949	70.4475828453868	61.994490637449	64.6405903721629	86.9492281518934	64.8540872688017	71.5535441935994
PA14_RS09725	43.7874517098172	22.9603575322592	34.1627366914844	13.8910726737382	34.096969850597	29.2902675123863	16.5013133718922	17.50030926301	65.9045801783153
PA14_RS09730	90.150635873153	49.2007661405553	39.287147195207	29.7665843008677	48.045730244023	33.3303044106465	31.7332949459465	31.912328656077	26.3618320713261
PA14_RS09735	12.8786622675933	27.0604213773054	7.68661575558399	5.95331686017353	10.0741047285855	8.08007379652036	14.5973156751354	8.23543965318117	1.88298800509472
PA14_RS09740	82.423438512597	36.9005746054165	39.287147195207	51.5954127881706	30.2223141857564	37.3703413089067	24.7519700578383	18.5297392196576	26.3618320713261
PA14_RS09745	81.1355722858377	64.7810087517312	29.8923946050488	41.6732180212147	36.4217632495013	36.3603320843416	38.0799539351358	22.6474590462482	35.7767720967997
PA14_RS09750	73.4083749252817	63.1409832137127	77.720225973127	83.3464360424294	56.5699727066723	66.660608821293	66.0052534875687	45.2949180924964	24.4788440662314
PA14_RS09755	37.3481205760205	34.4405362983887	49.5359682026523	33.73546220765	39.5214877813738	40.4003689826018	35.5412903394601	24.7063189595435	0
PA14_RS09760	406.965727655948	665.850368435516	519.273597710563	296.673623531981	406.063913675291	384.813514559282	316.063617661627	445.743171228431	235.37350063684
PA14_RS09765	591.130598082532	687.990713198765	403.120292959516	360.175670040499	392.890084414833	393.903597580368	224.671728217301	281.034378164807	218.426608590988
PA14_RS09770	1137.18587822849	1649.86569124662	453.510329579455	877.1220173989	778.805788632954	761.546955322044	380.164873452439	393.242243439401	352.118756952713
PA14_RS09775	27.0451907619459	33.6205235293795	23.9139156840391	55.564290694953	29.4473830527883	40.4003689826018	39.3492857329737	50.4420678757347	22.5958560611367
PA14_RS09780	95.3021007801903	69.7010853657867	90.5312522324336	176.615066851815	154.211295460654	110.09100547759	161.205138325408	162.649933150328	135.57513636682
PA14_RS09785	21.8937258549086	28.7004469153239	19.6435735976035	20.8366090106074	37.9716255154375	37.3703413089067	46.3306106210819	45.2949180924964	26.3618320713261
PA14_RS09790	63.1054451112071	48.3807533715461	35.8708735260586	47.6265348813883	61.2195595044809	35.3503228597766	51.4079378124333	39.1183383526105	58.3726281579364
PA14_RS09795	37.3481205760205	31.1604852223517	36.7249419433457	34.7276816843456	41.8462811802781	43.4303966562969	44.4266129243251	26.7651788728388	47.074700127368
PA14_RS09800	10.3029298140746	9.84015322811107	18.7895051803164	9.92219476695589	7.74931132968113	3.03002767369514	16.5013133718922	7.20600969653352	3.76597601018944
PA14_RS09805	104.317164367506	71.3411109038052	105.050415326314	79.3775581356471	99.9661161528866	94.9408671091143	79.9679032637852	88.5309762716976	107.330316290399
PA14_RS09810	50.2267828436138	68.8810725967775	58.9307207928106	46.6343154046927	58.1198349726085	41.4103782071669	46.9652765200008	73.0895269219829	33.893784091705
PA14_RS09815	54.0903815238918	37.7205873744258	55.5144471236621	33.73546220765	31.7721764516926	43.4303966562969	64.7359216897309	46.3243480491441	60.2556161630311
PA14_RS09820	21.8937258549086	21.3203319942406	6.83254733829688	17.8599505805206	13.1738292604579	10.1000922456505	15.2319815740543	23.6768890028959	20.7128680560419
PA14_RS09825	72.1205086985224	93.4814556670551	81.1364996422754	88.3075334259074	94.5415982221098	93.9308578845492	119.317188996759	102.942995664765	94.1494002547361
PA14_RS09830	448.177446912246	537.928376470072	626.886218288738	485.195324104143	509.12975436005	552.47504583708	624.511244536227	682.512061257389	655.279825772963
PA14_RS09835	337.420951410944	305.864762840452	353.584324756863	224.241601733203	231.704408757466	212.10193715866	226.575725914058	274.857798424921	216.543620585893
PA14_RS09840	186.740602880103	205.823205021323	206.68455698348	173.638408421728	170.484849252985	152.511392909322	135.818502368651	151.326203627204	167.58593245343
PA14_RS09845	104.317164367506	120.541877044361	141.77535726966	160.739555224685	122.439119008962	121.201106947805	160.570472426489	190.444541979814	175.117884473809
PA14_RS09850	118.483692861858	195.163039024203	170.813683457422	140.895165690774	117.789532211153	85.8507840880288	112.97053000757	121.472734884422	90.3834242445466
PA14_RS09855	91.4385020999123	78.7212258248885	71.7417470521172	43.6576569746059	51.9203859088636	31.3102859615164	41.2532834297304	37.0594784393153	45.1917121222733
PA14_RS09860	43.7874517098172	55.7608682926294	54.660378706375	40.6809985445191	35.6468321165332	39.3903597580368	31.0986290470276	45.2949180924964	62.1386041681258
PA14_RS09865	34.7723881225019	56.5808810616386	35.8708735260586	50.603193311475	30.9972453187245	32.3202951860815	51.4079378124333	61.7657973988588	15.0639040407578
PA14_RS09870	46.3631841633358	47.5607406025368	29.8923946050488	27.7821453474765	29.4473830527883	27.2702490632562	26.6559677545951	28.8240387861341	39.5427481069892
PA14_RS09875	46.3631841633358	73.801149210833	33.3086682741973	64.4942659852133	46.4958679780868	37.3703413089067	27.290633653514	36.0300484826676	28.2448200764208
PA14_RS09880	88.8627696463936	93.4814556670551	113.591099499186	89.299752902603	101.515978418823	108.07098702846	81.237235061623	83.3838264884593	64.0215921732205
PA14_RS09885	37.3481205760205	40.1806256814535	42.7034208643555	34.7276816843456	21.6980717231072	14.1401291439106	28.5599654513518	22.6474590462482	30.1278080815155
PA14_RS09890	9.0150635873153	15.5802426111759	16.2272999284551	5.95331686017353	11.6239669945217	12.1201106947805	12.0586520794597	15.4414493497147	0
PA14_RS09895	32.1966556689832	60.6809449066849	41.8493524470684	57.5487296483441	59.6696972385447	41.4103782071669	60.9279262962173	68.9718070953923	114.862268310778
PA14_RS09900	122.347291542136	96.7615067430922	111.028894247324	132.957409877209	114.689807679281	106.05096857933	144.703824953516	179.12081245669	244.788440662314
PA14_RS09905	167.422609478713	182.042834720055	135.79687834865	132.957409877209	144.912121865037	132.311208418021	120.586520794597	134.855324320842	111.096292300589
PA14_RS09910	1432.10724415637	1141.45777446088	1619.31371917636	939.631844430722	988.812125667312	1185.75082963936	1207.1345397438	1312.52319472575	1203.22933525553
PA14_RS09915	33.4845218957425	54.1208427546109	73.4498838866914	70.4475828453868	39.5214877813738	42.4203874317319	43.7919470254062	45.2949180924964	56.4896401528417
PA14_RS09920	23.1815920816679	18.0402809182036	5.97847892100977	15.8755116271294	13.948760393426	5.05004612282523	8.88532258486502	17.50030926301	3.76597601018944
PA14_RS09925	0	5.74008938306479	2.56220525186133	0	0	3.03002767369514	3.80799539351358	0	5.64896401528417
PA14_RS09930	0	5.74008938306479	6.83254733829688	10.9144142436515	6.1994490637449	7.07006457195532	3.80799539351358	9.26486960982881	0
PA14_RS09935	10.3029298140746	0.820012769009256	3.41627366914844	3.96887790678235	3.87465566484057	0	0.63466589891893	3.08828986994294	0
PA14_RS09940	3.86359868027798	0.820012769009256	3.41627366914844	6.94553633686912	2.32479339890434	2.02001844913009	3.80799539351358	3.08828986994294	0
PA14_RS09945	28.3330569887052	9.84015322811107	33.3086682741973	9.92219476695589	24.0228651220115	11.1101014702155	11.4239861805407	18.5297392196576	7.53195202037889
PA14_RS09950	23.1815920816679	22.1403447632499	18.7895051803164	12.8988531970427	19.3732783242028	6.06005534739027	13.3279838772975	7.20600969653352	5.64896401528417
PA14_RS09955	82.423438512597	22.1403447632499	51.2441050372266	51.5954127881706	39.5214877813738	34.3403136352115	33.6372926427033	37.0594784393153	58.3726281579364
PA14_RS09960	154.543947211119	100.861570588138	127.256194175779	99.2219476695589	109.265289748504	114.13104237585	98.3732143324341	86.4721163584023	167.58593245343
PA14_RS09965	194.467800240659	121.36188981337	178.500299213006	140.895165690774	107.715427482568	143.421309888236	222.767730520544	238.827749942254	233.490512631746
PA14_RS09970	54.0903815238918	55.7608682926294	76.8661575558398	48.6187543580838	55.7950415737041	53.5304889019474	60.9279262962173	60.7363674422111	64.0215921732205
PA14_RS09975	83.7113047393563	67.241047058759	75.1580207212656	71.4398023220824	59.6696972385447	84.8407748634638	88.8532258486502	82.3543965318117	67.78756818341
PA14_RS09980	45.0753179365765	22.9603575322592	17.0813683457422	31.7510232542588	37.9716255154375	32.3202951860815	33.6372926427033	24.7063189595435	32.0107960866103
PA14_RS09985	227.952322136401	222.223460401508	219.495583242787	230.194918593377	270.450965405872	235.332149323656	392.858191430818	343.829605520314	378.480589024039
PA14_RS09990	382.49626934752	173.022694260953	213.517104321777	365.136767423977	373.51680609063	453.494141829705	303.370299683249	338.682455737076	532.885605441806
PA14_RS09995	207.346462508252	170.562655953925	167.397409788273	226.226040686594	215.430854965135	207.051891035834	291.311647603789	239.857179898902	263.618320713261
PA14_RS10000	354.163212358815	373.105809899211	455.218466414029	327.432427309544	345.619285303778	308.052813492339	417.610161488656	369.565354436505	301.278080815155
PA14_RS10005	807.492124178099	744.571594260404	654.216407641926	594.339466540658	545.551517609552	567.625184205555	519.156705315685	390.153953569458	434.970229176881
PA14_RS10010	47.6510503900951	59.0409193686664	65.7632681311074	27.7821453474765	27.8975207868521	40.4003689826018	22.8479723610815	13.3825894364194	9.41494002547361
PA14_RS10015	88.8627696463936	100.861570588138	73.4498838866914	63.5020465085177	42.6212123132462	40.4003689826018	39.3492857329737	31.912328656077	26.3618320713261
PA14_RS10020	200.907131374455	296.024609612341	187.895051803164	152.801799411121	165.835262455176	174.731595849753	218.959735127031	188.385682066519	267.38429672345
PA14_RS10025	240.830984403994	170.562655953925	156.294520363541	234.163796500159	203.031956837646	247.452260018436	206.901083047571	153.385063540499	227.841548616461
PA14_RS10030	24.4694583084272	52.4808172165924	59.7847892100977	48.6187543580838	52.6953170418317	55.5505073510775	45.695944722163	68.9718070953923	64.0215921732205
PA14_RS10035	90.150635873153	50.0207789095646	52.9522418718008	58.5409491250397	68.9688708341621	101.000922456505	76.7945737691905	91.6192661416405	47.074700127368
PA14_RS10040	18.0301271746306	33.6205235293795	12.8110262593066	9.92219476695589	3.09972453187245	12.1201106947805	19.6746428664868	15.4414493497147	30.1278080815155
PA14_RS10045	367.041874626409	426.406639884813	313.443109144369	324.455768879457	265.026447475095	304.012776594079	250.693030072977	233.680600159016	254.203380687787
PA14_RS10050	5.15146490703731	9.02014045910181	0.854068417287109	0.992219476695589	3.09972453187245	8.08007379652036	1.26933179783786	3.08828986994294	1.88298800509472
PA14_RS10055	14.1665284943526	11.4801787661296	8.54068417287109	3.96887790678235	5.42451793077679	5.05004612282523	4.44266129243251	9.26486960982881	5.64896401528417
PA14_RS10060	5.15146490703731	7.3801149210833	12.8110262593066	7.93775581356471	5.42451793077679	7.07006457195532	5.71199309027037	4.11771982659058	1.88298800509472
PA14_RS10065	69.5447762450037	45.9207150645183	76.8661575558398	82.3542165657339	79.8179066957156	97.9708947828094	116.778525401083	113.237295231241	128.043184346441
PA14_RS10070	38.6359868027798	41.820651219472	50.3900366199395	55.564290694953	68.193939701194	58.5805350247726	52.6772696102712	40.1477683092582	71.5535441935994
PA14_RS10075	82.423438512597	41.0006384504628	38.4330787779199	56.5565101716486	37.9716255154375	29.2902675123863	56.4852650037848	41.1771982659058	11.2979280305683
PA14_RS10080	221.512991002604	108.241685509222	84.5527733114238	190.506139525553	112.365014280376	131.301199193456	88.8532258486502	54.5597877023252	26.3618320713261
PA14_RS10085	1580.2118602337	1500.62336728694	1729.4885450064	1228.36771214914	1323.58237510954	1489.76360623344	1481.9448739757	1453.55509878648	1705.98713261582
PA14_RS10090	51.5146490703731	31.980497991361	41.8493524470684	32.7432427309544	37.1966943824694	41.4103782071669	22.8479723610815	33.9711885693723	64.0215921732205
PA14_RS10095	34.7723881225019	62.3209704447034	47.8278313680781	60.5253880784309	54.2451793077679	59.5905442493377	64.7359216897309	78.2366767052211	62.1386041681258
PA14_RS10100	144.241017397045	119.721864275351	117.007373168334	123.035215110253	148.786777529878	125.241143846066	123.125184390272	142.061334017375	105.447328285304
PA14_RS10105	73.4083749252817	65.6010215207404	97.3637995707305	62.5098270318221	81.3677689616519	62.6205719230328	83.1412327583798	91.6192661416405	116.745256315873
PA14_RS10110	23.1815920816679	27.0604213773054	21.3517104321777	15.8755116271294	24.7977962549796	25.2502306141261	18.405311068649	18.5297392196576	22.5958560611367
PA14_RS10115	19.3179934013899	12.3001915351388	22.2057788494648	18.8521700572162	11.6239669945217	15.1501383684757	20.3093087654058	12.3531594797718	18.8298800509472
PA14_RS10120	18.0301271746306	4.92007661405553	23.059847266752	19.8443895339118	3.09972453187245	17.1701568176058	15.8666474729732	18.5297392196576	11.2979280305683
PA14_RS10125	21.8937258549086	29.5204596843332	32.4545998569102	21.8288284873029	23.2479339890434	11.1101014702155	20.3093087654058	19.5591691763053	30.1278080815155
PA14_RS10130	131.362355129451	78.7212258248885	93.947525901582	96.2452892394721	93.7666670891417	92.9208486599842	126.933179783786	155.443923453795	167.58593245343
PA14_RS10135	148.104616077323	135.302106886527	124.693988923918	187.529481095466	241.778513486051	185.841697319968	206.266417148652	243.974899725492	233.490512631746
PA14_RS10140	222.800857229364	232.063613629619	259.636798855281	209.358309582769	247.977962549796	249.472278467566	244.346371083788	280.00494820816	254.203380687787
PA14_RS10145	266.588308939181	288.644494691258	260.490867272568	304.611379345546	324.696144713639	336.33307178016	409.35950480271	401.477683092582	455.683097232923
PA14_RS10150	70.832642471763	73.801149210833	80.2824312249883	88.3075334259074	69.7438019671302	86.8607933125939	105.989205119461	135.884754277489	122.394220331157
PA14_RS10155	84.9991709661157	72.1611236728145	62.346994461959	57.5487296483441	61.2195595044809	107.060977803895	83.1412327583798	65.8835172254493	112.979280305683
PA14_RS10160	23.1815920816679	59.0409193686664	46.973762950791	57.5487296483441	41.07135004731	64.6405903721629	57.1199309027037	50.4420678757347	67.78756818341
PA14_RS10165	61.8175788844477	55.7608682926294	76.0120891385527	65.4864854619089	72.8435264990026	59.5905442493377	53.3119355091901	54.5597877023252	56.4896401528417
PA14_RS10170	454.616778046043	598.609321376757	696.919828506281	299.650281962068	402.964189143419	373.703413089067	441.727465647575	567.215906112853	483.927917309343
PA14_RS10175	233.103787043438	299.304660688378	434.720824399139	169.669530514946	199.932232305773	173.721586625188	213.882407935679	231.62174024572	325.756924881387
PA14_RS10180	83.7113047393563	82.8212896699348	107.612620578176	53.5798517415618	58.8947661055766	102.01093168107	50.1386060145955	56.6186476156205	50.8406761375575
PA14_RS10185	1559.60600060555	1490.78321405883	1481.80870399313	908.873040653159	1002.76088606074	1115.05018391981	832.046993482717	878.103753020442	935.845038532077
PA14_RS10190	181.589137973065	224.683498708536	164.835204536412	141.887385167469	119.339394477089	178.771632748013	113.605195906488	92.6486960982881	118.628244320967
PA14_RS10195	202.194997601215	207.463230559342	193.873530724174	121.050776156862	130.188430338643	85.8507840880288	151.685149841624	100.884135751469	154.405016417767
PA14_RS10200	59.2418464309291	77.08120028687	59.7847892100977	1275.00202755383	1273.21185146661	1330.18214875216	1454.65424032219	1531.7917754917	1796.37055686036
PA14_RS10205	81.1355722858377	82.0012769009256	76.8661575558398	1371.2473167933	1525.83940081421	1496.8336708054	1803.7204847276	1894.15112023167	1943.24362125775
PA14_RS10210	464.919707860117	550.22856800521	569.663634330502	672.724805199609	650.942151693215	573.685239552946	665.129862067039	631.040563425007	563.013413523322
PA14_RS10215	157.119679664638	229.603575322592	179.354367630293	234.163796500159	251.077687081669	188.871724993663	281.791659120005	289.269817817988	301.278080815155
PA14_RS10220	148.104616077323	164.002553801851	139.213152017799	210.350529059465	169.709918120017	200.991835688444	141.530495458921	122.50216484107	173.234896468714
PA14_RS10225	154.543947211119	173.022694260953	93.947525901582	151.809579934425	108.490358615536	167.661531277798	111.066532310813	103.972425621412	175.117884473809
PA14_RS10230	320.678690463073	357.525567288035	333.086682741973	266.907039231113	351.818734367523	295.932702797558	357.316901091358	340.741315650371	468.864013268586
PA14_RS10235	1374.1532639522	1229.19914074487	1243.52361557003	829.495482517512	990.361987933249	897.898200638325	932.958871410827	884.280332760328	1024.34547477153
PA14_RS10240	515.146490703731	587.949155379636	680.692528577826	354.222353180325	402.189258010451	444.40405880862	401.108848116764	376.771364133038	519.704689406143
PA14_RS10245	388.935600481317	480.527482639424	581.620592172522	425.662155502408	544.001655343615	545.404981265124	718.441797576229	860.603443757432	770.142094083741
PA14_RS10250	181.589137973065	219.76342209448	268.177483028152	203.404992722596	204.581819103582	215.131964832355	274.175668332978	302.652407254408	239.13947664703
PA14_RS10255	141.665284943526	146.782285652657	93.0934574842949	104.183045053037	123.21405014193	92.9208486599842	123.125184390272	137.943614190785	118.628244320967
PA14_RS10260	109.468629274543	128.742004734453	112.737031081898	89.299752902603	81.3677689616519	98.9809040073744	95.8345507367584	77.2072467485735	101.681352275115
PA14_RS10265	94.014234553431	91.0214173600274	114.445167916473	64.4942659852133	57.3449038396404	68.6806272704231	65.3705875886498	71.0306670086876	80.968484219073
PA14_RS10270	171.286208158991	216.483371018443	216.079309573639	165.700652608163	209.231405901391	176.751614298883	176.437119899463	210.00371115612	156.288004422862
PA14_RS10275	155.831813437879	172.202681491944	167.397409788273	137.918507260687	148.01184639691	112.11102392672	157.397142931895	142.061334017375	131.809160356631
PA14_RS10280	90.150635873153	80.361251362907	53.8063102890879	44.6498764513015	63.5443529033853	23.230212164996	45.061278823244	22.6474590462482	33.893784091705
PA14_RS10285	567.949006000864	564.988797847377	565.393292244067	498.094177301186	499.055649631465	466.624261749051	478.538087784873	470.449490187974	564.896401528417
PA14_RS10290	83.7113047393563	41.0006384504628	64.0551312965332	45.6420959279971	67.4190085682258	92.9208486599842	62.1972580940551	71.0306670086876	60.2556161630311
PA14_RS10295	23.1815920816679	10.6601659971203	11.9569578420195	2.97665843008677	6.97438019671302	6.06005534739027	8.25065668594609	9.26486960982881	15.0639040407578
PA14_RS10300	12.8786622675933	31.1604852223517	23.059847266752	28.7743648241721	32.5471075846608	25.2502306141261	30.4639631481086	43.2360581792011	5.64896401528417
PA14_RS10305	204.770730054733	282.904405308193	317.713451230805	245.07821074381	272.775758804776	275.732518306257	332.564931033519	309.858416950941	406.72540910046
PA14_RS10310	153.25608098436	168.102617646897	153.73231511168	172.646188945032	150.336639795814	206.041881811269	164.378467820003	179.12081245669	94.1494002547361
PA14_RS10315	251.133914218069	401.806256814535	335.648887993834	315.525793589197	351.818734367523	342.39312712755	253.231693668653	289.269817817988	312.576008845724
PA14_RS10320	167.422609478713	197.623077331231	140.067220435086	187.529481095466	166.610193588144	154.531411358452	144.703824953516	159.561643280385	190.181788514567
PA14_RS10325	20.6058596281493	34.4405362983887	26.4761209359004	56.5565101716486	28.6724519198202	24.2402213895611	34.2719585416222	29.8534687427817	28.2448200764208
PA14_RS10330	46.3631841633358	96.7615067430922	76.8661575558398	61.5176075551265	71.2936642330664	82.8207564143337	66.0052534875687	74.1189568786305	82.8514722241678
PA14_RS10335	20.6058596281493	23.7803703012684	28.1842577704746	31.7510232542588	27.122589653884	13.1301199193456	20.3093087654058	12.3531594797718	15.0639040407578
PA14_RS10340	150.680348530841	194.343026255194	158.002657198115	173.638408421728	174.359504917825	193.921771116489	191.034435574598	129.708174537603	227.841548616461
PA14_RS10345	20.6058596281493	11.4801787661296	20.4976420148906	25.7977063940853	10.8490358615536	10.1000922456505	9.51998848378395	11.3237295231241	0
PA14_RS10350	151.968214757601	149.242323959685	161.418930867264	158.755116271294	143.362259599101	114.13104237585	139.626497762165	218.239150809301	122.394220331157
PA14_RS10355	30.9087894422239	63.9609959827219	51.2441050372266	57.5487296483441	71.2936642330664	39.3903597580368	52.0426037113523	50.4420678757347	69.6705561885047
PA14_RS10360	227.952322136401	210.743281635379	196.435735976035	255.992624987462	192.182920976092	205.031872586704	208.170414845409	187.356252109872	158.170992427957
PA14_RS10365	2953.07725795914	3206.24992682619	3672.49419433457	3032.22272078172	2775.02838715881	2599.76374403043	3163.17484021195	3382.70683754416	3148.35594451837
PA14_RS10370	204.770730054733	235.343664705656	257.07459360342	199.436114815813	195.282645507965	166.651522053232	243.07703928595	257.357489161911	340.820828922145
PA14_RS10375	79.8477060590783	90.2014045910181	67.4714049656816	62.5098270318221	69.7438019671302	48.4804427791222	79.9679032637852	83.3838264884593	97.9153762649255
PA14_RS10380	436.586650871412	567.448836154405	392.017403534783	537.782956369009	546.32644874252	553.485055061645	451.247454131359	478.684929841155	519.704689406143
PA14_RS10385	19.3179934013899	47.5607406025368	28.1842577704746	12.8988531970427	24.7977962549796	25.2502306141261	34.9066244405411	55.5892176589729	33.893784091705
PA14_RS10390	1047.03524235533	1038.95617833473	1248.64802607375	691.576975256825	833.82589907369	844.367711736378	955.17217787299	848.25028427766	900.068266435277
PA14_RS10395	94.014234553431	104.961634433185	84.5527733114238	63.5020465085177	87.5672180253968	93.9308578845492	48.8692742167576	70.0012370520399	124.277208336252
PA14_RS10400	1053.47457348913	1100.45713601042	997.551911391344	778.892289206037	607.546008247001	650.445940619889	560.409988745415	510.597258497232	416.140349125933
PA14_RS10405	673.554036595129	702.750943040932	624.324013036877	389.942254341366	358.018183431268	469.654289422746	377.626209856763	372.653644306448	338.93784091705
PA14_RS10410	745.674545293651	735.551453801302	963.389174699859	596.323905494049	619.944906374491	640.345848374239	734.943110948121	696.924080650456	647.747873752584
PA14_RS10415	3803.0689676203	2745.40275064299	2696.2939933754	3210.82222658692	3143.12067531867	3145.16872529555	3288.83868819789	2597.25178062201	2822.59901963699
PA14_RS10420	1541.57587343092	1767.12751721495	2166.7715746574	1337.51185458565	1539.01323007467	1530.16397521604	1552.3927887557	1546.20379488476	1431.07088387199
PA14_RS10425	643.933113379664	710.951070731025	726.81222311133	540.759614799096	521.52865248754	546.41499048969	404.916843510277	410.742552702411	448.151145212544
PA14_RS10430	450.753179365765	540.388414777099	494.505613609236	409.786643875278	347.944078702683	332.2930348819	316.698283560546	293.387537644579	212.777644575704
PA14_RS10435	137.801686263248	140.222183500583	177.646230795719	97.2375087161677	102.290909551791	135.341236091716	73.6212442745959	126.61988466766	86.6174482343572
PA14_RS10440	159.695412118157	202.543153945286	161.418930867264	183.560603188684	152.661433194718	162.611485154972	118.047857198921	91.6192661416405	71.5535441935994
PA14_RS10445	91.4385020999123	102.501596126157	58.0766523755234	88.3075334259074	46.4958679780868	79.7907287406386	60.2932603972983	38.0889083959629	67.78756818341
PA14_RS10450	217.649392322326	201.723141176277	209.246762235342	197.451675862422	171.259780385953	117.161070049545	156.762477032976	152.355633583852	246.671428667409
PA14_RS10455	70.832642471763	63.9609959827219	42.7034208643555	45.6420959279971	52.6953170418317	47.4704335545571	55.8505991048658	43.2360581792011	77.2025082088836
PA14_RS10460	319.390824236313	261.584073313953	314.297177561656	222.257162779812	203.806887970614	220.18201095518	166.28246551676	166.767652976919	169.468920458525
PA14_RS10465	118.483692861858	155.802426111759	143.483494104234	114.105239819993	79.8179066957156	77.7707102915085	93.2958871410827	74.1189568786305	101.681352275115
PA14_RS10470	51.5146490703731	56.5808810616386	32.4545998569102	25.7977063940853	38.7465566484057	19.1901752667359	42.5226152275683	48.3832079624394	5.64896401528417
PA14_RS10475	46.3631841633358	69.7010853657867	38.4330787779199	32.7432427309544	57.3449038396404	38.3803505334717	43.1572811264872	36.0300484826676	69.6705561885047
PA14_RS10480	376.056938213724	446.086946341035	500.484092530246	297.665843008677	323.921213580671	370.673385415372	330.660933336762	330.447016083894	344.586804932334
PA14_RS10485	860.294639475231	779.832143327802	983.88681671475	595.331686017353	663.341049820705	658.52601441641	821.892339100014	926.486960982881	875.589422369046
PA14_RS10490	567.949006000864	471.507342180322	585.890934258957	387.957815387975	482.007164706166	437.333994236665	477.268755987035	494.12637919087	611.971101655785
PA14_RS10495	1040.59591122154	1006.15566757436	1040.2553322557	676.693683106392	802.828653754965	744.376798504438	717.80713167731	682.512061257389	634.566957716921
PA14_RS10500	95.3021007801903	63.9609959827219	63.2010628792461	49.6109738347794	48.8206613769911	41.4103782071669	71.7172465778391	36.0300484826676	58.3726281579364
PA14_RS10505	6.43933113379664	23.7803703012684	19.6435735976035	24.8054869173897	11.6239669945217	24.2402213895611	19.6746428664868	11.3237295231241	24.4788440662314
PA14_RS10510	9.0150635873153	19.6803064562221	23.059847266752	18.8521700572162	14.7236915263941	5.05004612282523	6.3466589891893	28.8240387861341	43.3087241171786
PA14_RS10515	75.9841073788004	86.9213535149811	81.9905680595625	53.5798517415618	72.8435264990026	104.0309501302	83.1412327583798	88.5309762716976	86.6174482343572
PA14_RS10520	173.861940612509	135.302106886527	167.397409788273	109.144142436515	116.239669945217	136.351245316281	182.783778888652	184.267962239929	109.213304295494
PA14_RS10525	101.741431913987	132.842068579499	147.75383619067	125.019654063644	87.5672180253968	94.9408671091143	102.181209725948	126.61988466766	56.4896401528417
PA14_RS10530	90.150635873153	75.4411747488515	105.050415326314	51.5954127881706	61.994490637449	55.5505073510775	67.2745852854066	68.9718070953923	64.0215921732205
PA14_RS10535	74.696241152041	83.6413024389441	79.4283628077012	125.019654063644	99.1911850199185	91.9108394354191	180.879781191895	177.061952543395	175.117884473809
PA14_RS10540	72.1205086985224	34.4405362983887	55.5144471236621	79.3775581356471	77.4931132968113	40.4003689826018	88.2185599497313	77.2072467485735	56.4896401528417
PA14_RS10545	45.0753179365765	24.6003830702777	20.4976420148906	35.7199011610412	24.0228651220115	48.4804427791222	40.6186175308115	47.3537780057917	79.0854962139783
PA14_RS10550	29.6209232154645	23.7803703012684	21.3517104321777	21.8288284873029	11.6239669945217	17.1701568176058	25.3866359567572	14.412019393067	28.2448200764208
PA14_RS10555	349.011747451778	241.90376685773	420.201661305258	237.140454930246	203.031956837646	255.532333814956	181.514447090814	183.238532283281	224.075572606272
PA14_RS10560	70.832642471763	61.5009576756942	59.7847892100977	62.5098270318221	45.7209368451187	56.5605165756425	57.7545968016226	35.00061852602	39.5427481069892
PA14_RS10565	10.3029298140746	10.6601659971203	20.4976420148906	12.8988531970427	8.52424246264924	12.1201106947805	12.6933179783786	1.02942995664765	13.1809160356631
PA14_RS10570	11.590796040834	21.3203319942406	24.7679841013262	3.96887790678235	13.948760393426	6.06005534739027	8.25065668594609	7.20600969653352	1.88298800509472
PA14_RS31645	9.0150635873153	13.1202043041481	1.70813683457422	2.97665843008677	3.09972453187245	2.02001844913009	4.44266129243251	4.11771982659058	0
PA14_RS10585	39.9238530295392	256.663996699897	41.8493524470684	19.8443895339118	24.7977962549796	51.5104704528173	13.9626497762165	36.0300484826676	16.9468920458525
PA14_RS10590	6.43933113379664	12.3001915351388	22.2057788494648	2.97665843008677	10.0741047285855	8.08007379652036	1.90399769675679	19.5591691763053	50.8406761375575
PA14_RS10595	32.1966556689832	34.4405362983887	23.059847266752	7.93775581356471	15.4986226593623	17.1701568176058	21.5786405632436	26.7651788728388	0
PA14_RS10600	16.7422609478713	36.9005746054165	39.287147195207	33.73546220765	29.4473830527883	38.3803505334717	33.0026267437844	51.4714978323823	101.681352275115
PA14_RS10605	21.8937258549086	11.4801787661296	11.9569578420195	10.9144142436515	20.1482094571709	26.2602398386912	16.5013133718922	15.4414493497147	15.0639040407578
PA14_RS10610	1.28786622675933	18.8602936872129	5.97847892100977	8.9299752902603	9.29917359561736	8.08007379652036	3.80799539351358	8.23543965318117	20.7128680560419
PA14_RS10615	30.9087894422239	38.540600143435	40.9952840297813	31.7510232542588	61.994490637449	44.440405880862	42.5226152275683	52.5009277890299	47.074700127368
PA14_RS10620	18.0301271746306	17.2202681491944	23.059847266752	8.9299752902603	19.3732783242028	20.2001844913009	12.0586520794597	6.17657973988588	16.9468920458525
PA14_RS10625	9.0150635873153	7.3801149210833	3.41627366914844	8.9299752902603	4.64958679780868	5.05004612282523	6.3466589891893	6.17657973988588	20.7128680560419
PA14_RS10630	0	0	0	0.992219476695589	0	1.01000922456505	1.26933179783786	1.02942995664765	0
PA14_RS10635	0	1.64002553801851	0	1.98443895339118	3.09972453187245	1.01000922456505	3.80799539351358	0	0
PA14_RS10640	2.57573245351866	4.10006384504628	0	0.992219476695589	0.774931132968113	0	0	0	0
PA14_RS10645	0	0.820012769009256	0	0	0	0	1.90399769675679	0	1.88298800509472
PA14_RS10650	0	3.28005107603702	1.70813683457422	0	0.774931132968113	1.01000922456505	3.17332949459465	0	1.88298800509472
PA14_RS10655	24.4694583084272	8.20012769009256	10.2488210074453	8.9299752902603	9.29917359561736	9.09008302108541	12.0586520794597	22.6474590462482	30.1278080815155
PA14_RS10660	21.8937258549086	45.1007022955091	39.287147195207	37.7043401144324	36.4217632495013	15.1501383684757	29.8292972491897	25.7357489161911	62.1386041681258
PA14_RS10665	1.28786622675933	1.64002553801851	0.854068417287109	0	0	0	0.63466589891893	5.14714978323823	0
PA14_RS10670	1.28786622675933	3.28005107603702	4.27034208643555	2.97665843008677	3.87465566484057	4.04003689826018	7.61599078702716	5.14714978323823	0
PA14_RS10675	90.150635873153	82.0012769009256	64.0551312965332	71.4398023220824	78.2680444297794	57.5705258002076	81.871900960542	88.5309762716976	71.5535441935994
PA14_RS10680	25.7573245351866	8.20012769009256	27.3301893531875	18.8521700572162	21.6980717231072	17.1701568176058	20.9439746643247	22.6474590462482	26.3618320713261
PA14_RS10685	32.1966556689832	37.7205873744258	24.7679841013262	27.7821453474765	50.3705236429274	62.6205719230328	45.061278823244	35.00061852602	64.0215921732205
PA14_RS10690	1.28786622675933	4.92007661405553	5.12441050372266	0.992219476695589	4.64958679780868	6.06005534739027	4.44266129243251	2.05885991329529	0
PA14_RS10695	3.86359868027798	7.3801149210833	2.56220525186133	1.98443895339118	3.87465566484057	2.02001844913009	0.63466589891893	5.14714978323823	0
PA14_RS10700	1.28786622675933	4.10006384504628	3.41627366914844	4.96109738347794	2.32479339890434	11.1101014702155	8.25065668594609	5.14714978323823	13.1809160356631
PA14_RS10705	34.7723881225019	96.7615067430922	105.904483743602	54.5720712182574	48.8206613769911	60.6005534739027	40.6186175308115	52.5009277890299	65.9045801783153
PA14_RS10710	47.6510503900951	25.4203958392869	29.0383261877617	38.696559591128	34.8719009835651	31.3102859615164	36.8106221372979	22.6474590462482	30.1278080815155
PA14_RS10715	38.6359868027798	17.2202681491944	31.6005314396231	20.8366090106074	37.9716255154375	14.1401291439106	25.3866359567572	15.4414493497147	18.8298800509472
PA14_RS10720	46.3631841633358	27.8804341463147	14.5191630938809	34.7276816843456	24.0228651220115	24.2402213895611	21.5786405632436	27.7946088294864	7.53195202037889
PA14_RS10725	56.6661139774104	80.361251362907	56.3685155409492	97.2375087161677	58.8947661055766	52.5204796773824	83.7758986572988	43.2360581792011	99.7983642700202
PA14_RS10730	81.1355722858377	78.7212258248885	99.9260048225918	122.042995633557	118.564463344121	71.7106549441182	120.586520794597	132.796464407546	165.702944448336
PA14_RS10735	5.15146490703731	6.56010215207404	4.27034208643555	9.92219476695589	11.6239669945217	5.05004612282523	12.6933179783786	4.11771982659058	11.2979280305683
PA14_RS10740	21.8937258549086	9.02014045910181	17.0813683457422	9.92219476695589	13.948760393426	6.06005534739027	17.1359792708111	16.4708793063623	0
PA14_RS10745	32.1966556689832	46.7407278335276	70.033610217543	73.4242412754736	34.8719009835651	54.5404981265124	34.9066244405411	48.3832079624394	32.0107960866103
PA14_RS10750	84.9991709661157	68.8810725967775	62.346994461959	65.4864854619089	59.6696972385447	50.5004612282523	88.2185599497313	79.2661066618687	88.5004362394519
PA14_RS10755	34.7723881225019	36.9005746054165	17.0813683457422	25.7977063940853	41.8462811802781	26.2602398386912	38.7146198340547	38.0889083959629	33.893784091705
PA14_RS10760	154.543947211119	151.702362266712	181.062504464867	123.035215110253	117.789532211153	173.721586625188	196.746428664868	223.386300592539	161.936968438146
PA14_RS10765	126.210890222414	82.0012769009256	88.8231153978594	111.128581389906	123.21405014193	101.000922456505	118.047857198921	91.6192661416405	146.873064397388
PA14_RS10770	28.3330569887052	38.540600143435	49.5359682026523	57.5487296483441	47.2707991110549	28.2802582878213	64.7359216897309	62.7952273555064	65.9045801783153
PA14_RS10775	274.315506299737	303.404724533425	392.87147195207	211.34274853616	243.328375751988	259.572370713217	282.426325018924	343.829605520314	423.672301146312
PA14_RS10780	115.90796040834	100.041557819129	72.5958154694043	120.058556680166	96.091460488046	64.6405903721629	86.9492281518934	60.7363674422111	99.7983642700202
PA14_RS10785	54.0903815238918	40.1806256814535	55.5144471236621	47.6265348813883	48.8206613769911	55.5505073510775	60.2932603972983	42.2066282225535	22.5958560611367
PA14_RS10790	82.423438512597	68.0610598277682	120.423646837482	45.6420959279971	68.193939701194	57.5705258002076	102.181209725948	109.11957540465	80.968484219073
PA14_RS10795	5.15146490703731	14.7602298421666	11.9569578420195	12.8988531970427	10.8490358615536	1.01000922456505	5.07732719135144	7.20600969653352	22.5958560611367
PA14_RS10800	5.15146490703731	4.10006384504628	3.41627366914844	1.98443895339118	2.32479339890434	14.1401291439106	1.26933179783786	0	0
PA14_RS10805	0	6.56010215207404	8.54068417287109	5.95331686017353	3.09972453187245	21.210193715866	5.07732719135144	13.3825894364194	1.88298800509472
PA14_RS10810	0	2.46003830702777	4.27034208643555	1.98443895339118	2.32479339890434	2.02001844913009	1.26933179783786	0	0
PA14_RS10815	6.43933113379664	9.84015322811107	8.54068417287109	0	2.32479339890434	8.08007379652036	1.90399769675679	7.20600969653352	0
PA14_RS10820	9.0150635873153	3.28005107603702	0.854068417287109	1.98443895339118	0	0	3.17332949459465	9.26486960982881	0
PA14_RS10825	0	0.820012769009256	3.41627366914844	0	0	0	1.26933179783786	2.05885991329529	5.64896401528417
PA14_RS10830	5.15146490703731	5.74008938306479	5.12441050372266	18.8521700572162	12.3988981274898	16.1601475930407	15.2319815740543	10.2942995664765	5.64896401528417
PA14_RS10835	42.4995854830578	11.4801787661296	23.059847266752	15.8755116271294	25.5727273879477	27.2702490632562	20.9439746643247	20.5885991329529	15.0639040407578
PA14_RS10840	55.3782477506511	91.8414301290366	88.8231153978594	68.4631438919956	65.8691463022896	92.9208486599842	83.7758986572988	83.3838264884593	99.7983642700202
PA14_RS10845	95.3021007801903	79.5412385938978	41.8493524470684	54.5720712182574	33.3220387176289	39.3903597580368	33.0026267437844	46.3243480491441	9.41494002547361
PA14_RS10850	6.43933113379664	15.5802426111759	6.83254733829688	6.94553633686912	6.97438019671302	20.2001844913009	6.98132488810823	13.3825894364194	22.5958560611367
PA14_RS10855	7.72719736055597	4.92007661405553	11.1028894247324	0.992219476695589	2.32479339890434	9.09008302108541	1.90399769675679	0	0
PA14_RS10860	7.72719736055597	11.4801787661296	14.5191630938809	5.95331686017353	13.1738292604579	8.08007379652036	12.0586520794597	10.2942995664765	3.76597601018944
PA14_RS10865	74.696241152041	80.361251362907	76.0120891385527	59.5331686017353	53.4702481747998	84.8407748634638	87.5838940508123	74.1189568786305	107.330316290399
PA14_RS10870	2.57573245351866	1.64002553801851	0	3.96887790678235	2.32479339890434	3.03002767369514	1.90399769675679	2.05885991329529	0
PA14_RS10875	81.1355722858377	61.5009576756942	64.9091997138203	69.4553633686912	55.7950415737041	34.3403136352115	77.4292396681094	63.8246573121541	67.78756818341
PA14_RS10880	82.423438512597	94.3014684360644	92.2393890670078	97.2375087161677	86.0173557594606	77.7707102915085	107.258536917299	80.2955366185164	80.968484219073
PA14_RS10885	47.6510503900951	57.4008938306479	64.0551312965332	46.6343154046927	51.1454547758955	62.6205719230328	58.3892627005416	72.0600969653352	33.893784091705
PA14_RS10890	7.72719736055597	21.3203319942406	9.3947525901582	20.8366090106074	3.87465566484057	17.1701568176058	10.7893202816218	14.412019393067	33.893784091705
PA14_RS10895	43.7874517098172	31.980497991361	32.4545998569102	17.8599505805206	23.2479339890434	22.220202940431	13.3279838772975	16.4708793063623	33.893784091705
PA14_RS10900	33.4845218957425	27.8804341463147	5.12441050372266	19.8443895339118	26.3476585209158	23.230212164996	12.6933179783786	4.11771982659058	9.41494002547361
PA14_RS10905	37.3481205760205	35.260549067398	47.8278313680781	50.603193311475	31.7721764516926	44.440405880862	67.9092511843255	72.0600969653352	80.968484219073
PA14_RS10910	47.6510503900951	41.820651219472	76.0120891385527	30.7588037775632	27.8975207868521	45.450415105427	36.8106221372979	32.9417586127247	16.9468920458525
PA14_RS10915	60.5297126576884	64.7810087517312	72.5958154694043	43.6576569746059	55.020110440736	40.4003689826018	34.2719585416222	38.0889083959629	47.074700127368
PA14_RS10920	25.7573245351866	24.6003830702777	19.6435735976035	8.9299752902603	15.4986226593623	22.220202940431	15.8666474729732	15.4414493497147	1.88298800509472
PA14_RS10925	328.405887823629	341.12531190785	400.558087707654	315.525793589197	304.547935256468	299.972739695818	329.391601538925	405.595402919172	374.71461301385
PA14_RS10930	69.5447762450037	44.2806895264998	58.0766523755234	85.3308749958206	53.4702481747998	41.4103782071669	80.6025691627041	94.7075560115834	77.2025082088836
PA14_RS10935	154.543947211119	193.523013486184	158.856725615402	193.48279795564	173.584573784857	175.741605074318	213.882407935679	197.650551676348	233.490512631746
PA14_RS10940	96.5899670069496	79.5412385938978	63.2010628792461	85.3308749958206	76.7181821638432	55.5505073510775	107.893202816218	50.4420678757347	56.4896401528417
PA14_RS10945	3.86359868027798	3.28005107603702	1.70813683457422	2.97665843008677	1.54986226593623	7.07006457195532	0.63466589891893	0	0
PA14_RS10950	32.1966556689832	34.4405362983887	17.9354367630293	11.9066337203471	19.3732783242028	7.07006457195532	5.07732719135144	19.5591691763053	0
PA14_RS10955	3.86359868027798	13.9402170731573	11.1028894247324	5.95331686017353	3.09972453187245	24.2402213895611	19.6746428664868	22.6474590462482	22.5958560611367
PA14_RS10960	234.391653270198	215.663358249434	196.435735976035	206.381651152682	180.55895398157	164.631503604102	164.378467820003	169.855942846862	165.702944448336
PA14_RS10965	52.8025152971325	54.9408555236201	70.033610217543	103.190825576341	50.3705236429274	56.5605165756425	54.581267307028	65.8835172254493	41.4257361120839
PA14_RS10970	91.4385020999123	126.281966427425	110.174825830037	90.2919723792986	105.390634083663	74.7406826178133	82.5065668594609	96.7664159248787	107.330316290399
PA14_RS10975	74.696241152041	88.5613790529996	94.8015943188691	77.3931191822559	72.0685953660345	66.660608821293	88.2185599497313	86.4721163584023	79.0854962139783
PA14_RS10980	75.9841073788004	59.0409193686664	47.8278313680781	80.3697776123427	67.4190085682258	59.5905442493377	69.1785829821634	59.7069374855635	86.6174482343572
PA14_RS10985	33.4845218957425	31.1604852223517	72.5958154694043	40.6809985445191	48.045730244023	37.3703413089067	21.5786405632436	28.8240387861341	20.7128680560419
PA14_RS10990	388.935600481317	360.805618364072	367.249419433457	355.214572657021	403.739120276387	527.224815222954	461.402108514062	405.595402919172	451.917121222733
PA14_RS10995	10878.606017436	7913.94323370833	6674.54468109876	10059.1210547399	8903.18378667065	7095.31480256944	7698.49735388662	5660.83533160541	6420.989097373
PA14_RS11000	1061.20177084969	975.815195121014	573.933976416938	1285.91644179748	1032.98320024649	1645.30502681646	550.890000261631	523.979847933652	755.078190042983
PA14_RS11005	52.8025152971325	38.540600143435	42.7034208643555	25.7977063940853	48.8206613769911	24.2402213895611	59.0239285994605	51.4714978323823	60.2556161630311
PA14_RS11010	2115.96421056558	1857.32892180596	1638.95729277396	1954.67236909031	2049.69284670066	1765.4961245397	1874.80306540652	1830.32646291951	1713.5190846362
PA14_RS11015	32.1966556689832	57.4008938306479	44.4115576989297	38.696559591128	58.1198349726085	52.5204796773824	71.7172465778391	96.7664159248787	39.5427481069892
PA14_RS11020	34.7723881225019	36.9005746054165	24.7679841013262	16.867731103825	35.6468321165332	13.1301199193456	17.77064516973	33.9711885693723	41.4257361120839
PA14_RS11025	3.86359868027798	5.74008938306479	10.2488210074453	3.96887790678235	1.54986226593623	1.01000922456505	1.26933179783786	7.20600969653352	0
PA14_RS11030	33.4845218957425	18.0402809182036	20.4976420148906	15.8755116271294	31.7721764516926	30.3002767369514	27.290633653514	40.1477683092582	30.1278080815155
PA14_RS11035	7.72719736055597	9.84015322811107	11.1028894247324	13.8910726737382	11.6239669945217	15.1501383684757	20.3093087654058	18.5297392196576	18.8298800509472
PA14_RS11040	0	1.64002553801851	2.56220525186133	2.97665843008677	3.09972453187245	0	0	0	0
PA14_RS11045	32.1966556689832	17.2202681491944	7.68661575558399	14.8832921504338	11.6239669945217	24.2402213895611	27.290633653514	22.6474590462482	18.8298800509472
PA14_RS11050	154.543947211119	161.542515494823	182.770641299441	131.965190400513	144.912121865037	157.561439032147	161.205138325408	165.738223020271	114.862268310778
PA14_RS11055	46.3631841633358	41.0006384504628	44.4115576989297	48.6187543580838	30.2223141857564	59.5905442493377	54.581267307028	44.2654881358488	58.3726281579364
PA14_RS11060	15.4543947211119	44.2806895264998	32.4545998569102	23.8132674406941	10.8490358615536	15.1501383684757	26.0213018556761	26.7651788728388	35.7767720967997
PA14_RS11065	1429.53151170285	2044.29183314007	2430.67871559911	1481.38367870651	1519.63995175047	1447.34321880171	1315.02774256002	1401.05417099745	1400.94307579047
PA14_RS11070	6.43933113379664	20.5003192252314	4.27034208643555	16.867731103825	26.3476585209158	6.06005534739027	19.0399769675679	20.5885991329529	1.88298800509472
PA14_RS11075	0	4.10006384504628	6.83254733829688	0.992219476695589	6.1994490637449	0	0.63466589891893	2.05885991329529	0
PA14_RS11080	1.28786622675933	9.02014045910181	2.56220525186133	8.9299752902603	1.54986226593623	1.01000922456505	0.63466589891893	1.02942995664765	0
PA14_RS11085	9.0150635873153	3.28005107603702	5.12441050372266	1.98443895339118	1.54986226593623	4.04003689826018	1.90399769675679	5.14714978323823	0
PA14_RS11090	11.590796040834	12.3001915351388	13.6650946765938	11.9066337203471	9.29917359561736	15.1501383684757	3.80799539351358	10.2942995664765	0
PA14_RS11095	48.9389166168545	53.3008299856016	55.5144471236621	23.8132674406941	37.9716255154375	28.2802582878213	22.2133064621625	36.0300484826676	22.5958560611367
PA14_RS11100	19.3179934013899	9.84015322811107	10.2488210074453	8.9299752902603	3.87465566484057	7.07006457195532	13.9626497762165	15.4414493497147	22.5958560611367
PA14_RS11105	42.4995854830578	36.0805618364072	47.8278313680781	40.6809985445191	29.4473830527883	45.450415105427	24.1173041589193	28.8240387861341	15.0639040407578
PA14_RS11110	216.361526095567	219.76342209448	269.03155144544	163.716213654772	207.681543635454	162.611485154972	172.629124505949	210.00371115612	195.830752529851
PA14_RS11115	920.82435213292	1257.8995876602	1186.30103161179	781.868947636124	870.247662323191	991.829058522875	761.599078702716	856.485723930841	1016.81352275115
PA14_RS11120	140.377418716767	147.602298421666	145.191630938809	135.934068307296	126.313774673802	117.161070049545	107.893202816218	108.090145448003	77.2025082088836
PA14_RS11125	432.723052191134	364.085669440109	354.43839317415	343.307938936674	404.514051409355	406.023708275148	443.631463344332	416.919132442297	431.204253166691
PA14_RS11130	127.498756449173	122.181902582379	122.131783672057	132.957409877209	106.165565216631	149.481365235627	140.261163661084	108.090145448003	90.3834242445466
PA14_RS11135	6.43933113379664	35.260549067398	22.2057788494648	17.8599505805206	16.2735537923304	13.1301199193456	14.5973156751354	25.7357489161911	13.1809160356631
PA14_RS11140	19.3179934013899	16.4002553801851	19.6435735976035	12.8988531970427	14.7236915263941	14.1401291439106	21.5786405632436	19.5591691763053	16.9468920458525
PA14_RS11145	87.5749034196343	92.6614428980459	56.3685155409492	87.3153139492118	90.6669425572692	54.5404981265124	64.1012557908119	76.1778167919258	41.4257361120839
PA14_RS11150	46.3631841633358	54.9408555236201	46.1196945335039	51.5954127881706	52.6953170418317	65.6505995967279	99.642546130272	72.0600969653352	62.1386041681258
PA14_RS11155	19.3179934013899	37.7205873744258	23.9139156840391	31.7510232542588	37.9716255154375	28.2802582878213	43.1572811264872	33.9711885693723	65.9045801783153
PA14_RS11160	101.741431913987	87.7413662839903	74.3039523039785	49.6109738347794	58.1198349726085	77.7707102915085	70.4479147800012	64.8540872688017	64.0215921732205
PA14_RS11165	122.347291542136	148.422311190675	122.985852089344	133.949629353904	143.362259599101	108.07098702846	158.666474729732	113.237295231241	165.702944448336
PA14_RS11170	260.148977805384	331.285158679739	155.440451946254	212.334968012856	218.530579497008	243.412223120176	74.2559101735148	87.5015463150499	77.2025082088836
PA14_RS11175	144.241017397045	168.102617646897	68.3254733829688	116.089678773384	89.8920114243011	57.5705258002076	57.7545968016226	33.9711885693723	60.2556161630311
PA14_RS11180	181.589137973065	223.863485939527	129.818399427641	150.817360457729	155.761157726591	145.441328337367	85.6798963540555	89.5604062283452	107.330316290399
PA14_RS11185	10.3029298140746	8.20012769009256	5.12441050372266	16.867731103825	17.8234160582666	21.210193715866	17.77064516973	15.4414493497147	7.53195202037889
PA14_RS11190	1.28786622675933	0.820012769009256	3.41627366914844	5.95331686017353	0.774931132968113	0	4.44266129243251	1.02942995664765	20.7128680560419
PA14_RS11195	0	0.820012769009256	2.56220525186133	3.96887790678235	5.42451793077679	7.07006457195532	1.26933179783786	1.02942995664765	0
PA14_RS11200	0	0	0	1.98443895339118	0	3.03002767369514	1.90399769675679	2.05885991329529	0
PA14_RS11205	0	0	0	0	0	0	0	0	0
PA14_RS11210	12.8786622675933	6.56010215207404	2.56220525186133	3.96887790678235	2.32479339890434	5.05004612282523	3.80799539351358	14.412019393067	0
PA14_RS11215	1.28786622675933	0	0.854068417287109	0	1.54986226593623	0	0	2.05885991329529	0
PA14_RS11220	0	0	0	0	0	0	0	1.02942995664765	0
PA14_RS11225	0	0	0.854068417287109	1.98443895339118	0	0	0	1.02942995664765	0
PA14_RS11230	9.0150635873153	20.5003192252314	14.5191630938809	12.8988531970427	10.8490358615536	18.1801660421708	5.07732719135144	18.5297392196576	1.88298800509472
PA14_RS11235	148.104616077323	136.942132424546	155.440451946254	125.019654063644	164.28540018924	179.781641972578	152.954481639462	124.561024754365	144.990076392294
PA14_RS11240	20.6058596281493	36.0805618364072	36.7249419433457	33.73546220765	30.9972453187245	27.2702490632562	19.0399769675679	23.6768890028959	18.8298800509472
PA14_RS11245	96.5899670069496	119.721864275351	135.79687834865	80.3697776123427	75.9432510308751	112.11102392672	94.5652189389206	109.11957540465	105.447328285304
PA14_RS11250	6.43933113379664	5.74008938306479	6.83254733829688	8.9299752902603	9.29917359561736	11.1101014702155	6.98132488810823	6.17657973988588	0
PA14_RS11255	63.1054451112071	97.5815195121014	82.8446364768496	87.3153139492118	51.1454547758955	94.9408671091143	107.258536917299	99.8547057948217	67.78756818341
PA14_RS11260	136.513820036489	64.7810087517312	89.6771838151465	70.4475828453868	81.3677689616519	76.7607010669434	93.9305530400016	84.413256445107	158.170992427957
PA14_RS11265	109.468629274543	145.142260114638	134.942809931363	120.058556680166	123.21405014193	108.07098702846	145.973156751354	106.031285534708	116.745256315873
PA14_RS11270	30.9087894422239	42.6406639884813	34.1627366914844	46.6343154046927	38.7465566484057	30.3002767369514	26.6559677545951	36.0300484826676	30.1278080815155
PA14_RS11275	37.3481205760205	16.4002553801851	21.3517104321777	26.7899258707809	19.3732783242028	28.2802582878213	31.0986290470276	32.9417586127247	9.41494002547361
PA14_RS11280	14.1665284943526	7.3801149210833	6.83254733829688	8.9299752902603	9.29917359561736	9.09008302108541	6.98132488810823	7.20600969653352	7.53195202037889
PA14_RS11285	0	3.28005107603702	0.854068417287109	0	1.54986226593623	5.05004612282523	1.26933179783786	0	3.76597601018944
PA14_RS11290	189.316335333621	174.662719798971	162.272999284551	180.583944758597	206.906612502486	149.481365235627	151.050483942705	160.591073237033	116.745256315873
PA14_RS11295	95.3021007801903	123.821928120398	104.196346909027	175.622847375119	176.68429831673	313.102859615164	195.47709686703	195.591691763053	229.724536621556
PA14_RS11300	3.86359868027798	4.10006384504628	0	3.96887790678235	6.97438019671302	6.06005534739027	1.90399769675679	0	9.41494002547361
PA14_RS11305	5.15146490703731	0	4.27034208643555	7.93775581356471	3.87465566484057	1.01000922456505	2.53866359567572	0	0
PA14_RS11310	33.4845218957425	100.861570588138	87.1149785632852	81.3619970890383	102.290909551791	81.8107471897687	107.258536917299	156.473353410442	96.0323882598308
PA14_RS11315	52.8025152971325	67.241047058759	70.8876786348301	27.7821453474765	41.8462811802781	44.440405880862	27.9252995524329	47.3537780057917	45.1917121222733
PA14_RS11320	464.919707860117	461.667188952211	450.948124327594	479.242007243969	478.132509041326	470.664298647311	467.748767503251	435.448871661954	470.74700127368
PA14_RS11325	29.6209232154645	32.8005107603702	21.3517104321777	17.8599505805206	23.2479339890434	9.09008302108541	35.5412903394601	43.2360581792011	13.1809160356631
PA14_RS11330	734.083749252817	820.832781778265	812.219064840041	661.810390955958	815.227551882455	847.397739410073	740.655104038391	743.2484286996	698.588549890142
PA14_RS11335	307.800028195479	280.444367001165	275.864098783736	264.922600277722	290.599174863042	289.872647450168	262.117016253518	214.12143098271	286.214176774398
PA14_RS11340	494.540631075582	305.864762840452	386.038924613773	387.957815387975	386.690635351088	402.993680601453	507.732719135144	455.008040838259	508.406761375575
PA14_RS11345	146.816749850563	150.062336728694	171.667751874709	186.537261618771	141.037466200197	147.461346786497	219.59440102595	195.591691763053	248.554416672503
PA14_RS11350	110.756495501302	100.041557819129	94.8015943188691	81.3619970890383	82.14270009462	47.4704335545571	81.871900960542	88.5309762716976	96.0323882598308
PA14_RS11355	283.330569887052	232.063613629619	214.371172739064	259.961502894244	247.203031416828	245.432241569306	304.639631481086	238.827749942254	263.618320713261
PA14_RS11360	61.8175788844477	54.1208427546109	26.4761209359004	76.4008997055603	68.193939701194	76.7607010669434	82.5065668594609	68.9718070953923	52.7236641426522
PA14_RS11365	5.15146490703731	16.4002553801851	19.6435735976035	33.73546220765	13.1738292604579	27.2702490632562	19.0399769675679	13.3825894364194	1.88298800509472
PA14_RS11370	66.9690437914851	59.8609321376757	91.3853206497207	85.3308749958206	57.3449038396404	69.6906364949881	96.4692166356774	76.1778167919258	101.681352275115
PA14_RS11375	38.6359868027798	63.1409832137127	48.6818997853652	55.564290694953	35.6468321165332	42.4203874317319	76.7945737691905	60.7363674422111	43.3087241171786
PA14_RS11380	70.832642471763	74.6211619798423	94.8015943188691	55.564290694953	45.7209368451187	66.660608821293	88.8532258486502	87.5015463150499	112.979280305683
PA14_RS11385	15.4543947211119	6.56010215207404	10.2488210074453	10.9144142436515	7.74931132968113	8.08007379652036	3.80799539351358	10.2942995664765	0
PA14_RS11390	11.590796040834	9.84015322811107	3.41627366914844	0	2.32479339890434	0	1.26933179783786	7.20600969653352	0
PA14_RS11395	1.28786622675933	0	0	0	0	0	0	0	5.64896401528417
PA14_RS11400	0	2.46003830702777	0.854068417287109	9.92219476695589	2.32479339890434	7.07006457195532	1.90399769675679	0	0
PA14_RS11405	10.3029298140746	7.3801149210833	6.83254733829688	7.93775581356471	6.1994490637449	3.03002767369514	11.4239861805407	1.02942995664765	7.53195202037889
PA14_RS11410	23.1815920816679	9.84015322811107	17.0813683457422	18.8521700572162	25.5727273879477	16.1601475930407	36.8106221372979	27.7946088294864	26.3618320713261
PA14_RS31750	0	0	0.854068417287109	1.98443895339118	1.54986226593623	0	3.17332949459465	0	0
PA14_RS11420	12.8786622675933	17.2202681491944	23.9139156840391	35.7199011610412	22.4730028560753	26.2602398386912	52.0426037113523	44.2654881358488	11.2979280305683
PA14_RS11425	6.43933113379664	0.820012769009256	2.56220525186133	8.9299752902603	0	3.03002767369514	4.44266129243251	3.08828986994294	0
PA14_RS11430	7.72719736055597	9.84015322811107	1.70813683457422	2.97665843008677	6.1994490637449	5.05004612282523	7.61599078702716	9.26486960982881	1.88298800509472
PA14_RS11435	20.6058596281493	15.5802426111759	14.5191630938809	15.8755116271294	19.3732783242028	17.1701568176058	24.7519700578383	23.6768890028959	18.8298800509472
PA14_RS11440	274.315506299737	216.483371018443	211.808967487203	155.778457841207	137.162810535356	144.431319112801	241.807707488112	201.768271502939	192.064776519662
PA14_RS11445	115.90796040834	50.0207789095646	43.5574892816426	108.151922959819	58.1198349726085	53.5304889019474	44.4266129243251	53.5303577456776	60.2556161630311
PA14_RS11450	151.968214757601	123.821928120398	110.174825830037	136.926287783991	106.165565216631	113.121033151285	105.989205119461	130.737604494251	84.7344602292625
PA14_RS11455	99.1656994604683	105.781647202194	117.861441585621	139.902946214078	101.515978418823	180.791651197143	163.109136022165	127.649314624308	163.819956443241
PA14_RS11460	54.0903815238918	77.9012130558793	52.0981734545137	54.5720712182574	68.193939701194	45.450415105427	88.8532258486502	71.0306670086876	107.330316290399
PA14_RS11465	54.0903815238918	45.1007022955091	55.5144471236621	44.6498764513015	65.8691463022896	51.5104704528173	43.1572811264872	59.7069374855635	58.3726281579364
PA14_RS11470	43.7874517098172	29.5204596843332	64.9091997138203	27.7821453474765	30.2223141857564	48.4804427791222	53.3119355091901	45.2949180924964	30.1278080815155
PA14_RS11475	146.816749850563	141.042196269592	124.693988923918	101.20638662295	77.4931132968113	72.7206641686833	71.0825806789202	82.3543965318117	79.0854962139783
PA14_RS11480	36.0602543492612	27.0604213773054	30.7464630223359	13.8910726737382	26.3476585209158	8.08007379652036	36.175956238379	52.5009277890299	24.4788440662314
PA14_RS11485	104.317164367506	97.5815195121014	99.0719364053047	83.3464360424294	53.4702481747998	85.8507840880288	84.4105645562177	110.149005361298	71.5535441935994
PA14_RS11490	38.6359868027798	31.1604852223517	23.9139156840391	36.7121206377368	31.7721764516926	31.3102859615164	15.2319815740543	21.6180290896006	69.6705561885047
PA14_RS11495	0	1.64002553801851	7.68661575558399	8.9299752902603	6.97438019671302	7.07006457195532	8.88532258486502	4.11771982659058	3.76597601018944
PA14_RS11500	3.86359868027798	2.46003830702777	2.56220525186133	3.96887790678235	6.1994490637449	0	3.80799539351358	3.08828986994294	7.53195202037889
PA14_RS11505	47.6510503900951	41.0006384504628	58.0766523755234	50.603193311475	44.9460057121506	28.2802582878213	45.061278823244	44.2654881358488	86.6174482343572
PA14_RS11510	235.679519496957	231.24360086061	267.323414610865	305.603598822241	264.251516342127	265.632426060607	270.367672939464	289.269817817988	201.479716545135
PA14_RS11515	83.7113047393563	50.8407916785738	52.0981734545137	79.3775581356471	55.7950415737041	46.4604243299921	66.6399193864876	43.2360581792011	73.4365321986942
PA14_RS11520	141.665284943526	166.462592108879	193.019462306887	155.778457841207	165.060331322208	219.172001730615	216.421071531355	211.033141112767	205.245692555325
PA14_RS11525	0	0.820012769009256	0	0	3.09972453187245	1.01000922456505	3.80799539351358	1.02942995664765	1.88298800509472
PA14_RS11530	28.3330569887052	31.1604852223517	47.8278313680781	39.6887790678235	45.7209368451187	12.1201106947805	43.7919470254062	38.0889083959629	58.3726281579364
PA14_RS11535	43.7874517098172	50.0207789095646	35.8708735260586	36.7121206377368	46.4958679780868	34.3403136352115	37.4452880362169	29.8534687427817	48.9576881324628
PA14_RS11540	37.3481205760205	50.8407916785738	41.8493524470684	24.8054869173897	14.7236915263941	18.1801660421708	17.1359792708111	13.3825894364194	33.893784091705
PA14_RS11545	1578.92399400694	1250.51947273911	1432.27273579048	810.643312460296	907.44435670566	771.647047567695	974.846820739476	877.074323063794	841.695638277341
PA14_RS11550	23.1815920816679	27.0604213773054	19.6435735976035	34.7276816843456	30.2223141857564	28.2802582878213	52.0426037113523	57.6480775722682	56.4896401528417
PA14_RS11555	15.4543947211119	36.0805618364072	38.4330787779199	27.7821453474765	26.3476585209158	31.3102859615164	30.4639631481086	24.7063189595435	41.4257361120839
PA14_RS11560	63.1054451112071	60.6809449066849	68.3254733829688	74.4164607521691	87.5672180253968	86.8607933125939	93.2958871410827	96.7664159248787	137.458124371915
PA14_RS11565	354.163212358815	227.963549784573	166.543341370986	284.766989811634	268.126172006967	223.212038628875	284.330322715681	242.945469768844	231.607524626651
PA14_RS11570	177.725539292787	253.38394562386	232.306609502094	174.630627898424	296.798623926787	273.712499857127	333.199596932438	322.211576430713	291.863140789682
PA14_RS11575	74.696241152041	75.4411747488515	122.131783672057	84.338655519125	59.6696972385447	89.890820986289	71.7172465778391	102.942995664765	109.213304295494
PA14_RS11580	12.8786622675933	16.4002553801851	17.0813683457422	15.8755116271294	14.7236915263941	15.1501383684757	24.1173041589193	12.3531594797718	28.2448200764208
PA14_RS11585	123.635157768895	91.0214173600274	105.050415326314	64.4942659852133	83.6925623605562	65.6505995967279	85.0452304551366	103.972425621412	111.096292300589
PA14_RS11590	33.4845218957425	32.8005107603702	18.7895051803164	20.8366090106074	28.6724519198202	25.2502306141261	14.5973156751354	31.912328656077	18.8298800509472
PA14_RS11595	28.3330569887052	32.8005107603702	28.1842577704746	25.7977063940853	34.096969850597	62.6205719230328	48.2346083178387	57.6480775722682	69.6705561885047
PA14_RS11600	12.8786622675933	42.6406639884813	48.6818997853652	31.7510232542588	37.9716255154375	32.3202951860815	36.8106221372979	22.6474590462482	58.3726281579364
PA14_RS11605	27.0451907619459	37.7205873744258	44.4115576989297	28.7743648241721	44.1710745791824	20.2001844913009	26.6559677545951	28.8240387861341	56.4896401528417
PA14_RS11610	1.28786622675933	4.92007661405553	0.854068417287109	6.94553633686912	3.09972453187245	5.05004612282523	0.63466589891893	2.05885991329529	5.64896401528417
PA14_RS11615	1.28786622675933	4.10006384504628	6.83254733829688	14.8832921504338	11.6239669945217	18.1801660421708	22.8479723610815	24.7063189595435	0
PA14_RS11620	10.3029298140746	4.10006384504628	7.68661575558399	18.8521700572162	6.97438019671302	10.1000922456505	20.3093087654058	12.3531594797718	39.5427481069892
PA14_RS11625	15.4543947211119	13.1202043041481	23.059847266752	14.8832921504338	6.97438019671302	10.1000922456505	11.4239861805407	12.3531594797718	11.2979280305683
PA14_RS11630	1.28786622675933	5.74008938306479	9.3947525901582	9.92219476695589	11.6239669945217	6.06005534739027	9.51998848378395	1.02942995664765	0
PA14_RS11635	14.1665284943526	23.7803703012684	28.1842577704746	16.867731103825	18.5983471912347	11.1101014702155	22.2133064621625	27.7946088294864	20.7128680560419
PA14_RS11640	27.0451907619459	31.1604852223517	56.3685155409492	47.6265348813883	53.4702481747998	48.4804427791222	56.4852650037848	40.1477683092582	32.0107960866103
PA14_RS11645	37.3481205760205	32.8005107603702	50.3900366199395	32.7432427309544	36.4217632495013	69.6906364949881	50.7732719135144	57.6480775722682	65.9045801783153
PA14_RS11650	104.317164367506	79.5412385938978	70.033610217543	74.4164607521691	73.6184576319707	80.8007379652036	62.1972580940551	60.7363674422111	97.9153762649255
PA14_RS11655	0	9.02014045910181	14.5191630938809	2.97665843008677	10.0741047285855	7.07006457195532	1.90399769675679	7.20600969653352	5.64896401528417
PA14_RS11660	92.7263683266716	65.6010215207404	69.1795418002559	57.5487296483441	59.6696972385447	44.440405880862	77.4292396681094	51.4714978323823	67.78756818341
PA14_RS11665	1514.53068266897	1785.16779813315	1864.43135493776	1482.37589818321	1580.85951125495	1621.0648054269	1879.24572669895	2035.1830242924	1988.43533338003
PA14_RS11670	2152.02446491484	1850.76881965389	1673.97409788273	1876.28703043136	1792.41571055525	1992.74820006683	1719.30992017138	1506.05602657551	1608.07175635089
PA14_RS11675	741.810946613373	794.592373169969	668.735570735807	771.946752869168	730.760058388931	808.007379652036	830.777661684879	765.895887745849	804.035878175446
PA14_RS11680	3783.75097421891	3331.71188048461	2664.69346193578	3750.58962190933	4081.56227734305	3751.17426003458	3432.90784725249	3092.40758976953	3283.93108088519
PA14_RS11685	607.872859030403	568.268848923414	653.362339224639	489.164202010925	554.850691205169	569.645202654686	486.788744470819	592.951655029044	465.098037258396
PA14_RS11690	566.661139774104	705.21098134796	771.22378081026	547.705151135965	542.451793077679	541.364944366864	557.871325149739	528.097567760242	517.821701401048
PA14_RS11695	310.375760648998	263.224098851971	129.818399427641	237.140454930246	194.507714374996	182.811669646273	149.146486245949	85.4426864017546	129.926172351536
PA14_RS11700	403.10212897567	419.02652496373	446.677782241158	417.724399688843	396.764740079674	496.924538486002	346.527580809736	317.064426647475	327.639912886482
PA14_RS11705	851.279575887916	701.110917502913	536.354966056305	924.748552280289	957.814880348588	961.528781785923	590.873951893524	523.979847933652	463.215049253302
PA14_RS30345	27.0451907619459	30.3404724533425	27.3301893531875	10.9144142436515	23.2479339890434	19.1901752667359	15.8666474729732	12.3531594797718	3.76597601018944
PA14_RS31525	1.28786622675933	3.28005107603702	1.70813683457422	0	0.774931132968113	0	0.63466589891893	0	0
PA14_RS11720	495.828497302341	646.990074748303	557.706676488482	386.96559591128	378.941324021407	347.443173250376	362.394228282709	426.184002052125	297.512104804966
PA14_RS31650	19.3179934013899	44.2806895264998	26.4761209359004	26.7899258707809	22.4730028560753	12.1201106947805	16.5013133718922	38.0889083959629	24.4788440662314
PA14_RS31400	56.6661139774104	50.0207789095646	35.8708735260586	25.7977063940853	19.3732783242028	11.1101014702155	12.6933179783786	17.50030926301	3.76597601018944
PA14_RS11725	284.618436113812	353.425503442989	211.808967487203	173.638408421728	156.536088859559	133.321217642586	123.125184390272	137.943614190785	143.107088387199
PA14_RS11730	1224.76078164812	1188.19850229441	1368.21760449395	654.864854619089	695.113226272397	718.116558665747	700.03648650758	656.776312341198	732.482333981847
PA14_RS11735	1104.9892225595	963.515003585875	952.286285275127	412.763302305365	446.360332589633	511.064667629913	373.183548564331	355.153335043438	418.023337131028
PA14_RS11740	682.569100182444	514.968018937813	544.041581811889	217.296065396334	225.504959693721	239.372186221916	229.114389509734	238.827749942254	184.532824499283
PA14_RS11745	826.810117579489	807.712577474117	784.888875486854	364.144547947281	340.96969850597	386.833533008412	250.693030072977	299.564117384465	325.756924881387
PA14_RS31150	388.935600481317	293.564571305314	273.301893531875	155.778457841207	131.738292604579	131.301199193456	84.4105645562177	112.207865274593	112.979280305683
PA14_RS11760	9.0150635873153	22.9603575322592	15.373231511168	10.9144142436515	4.64958679780868	18.1801660421708	11.4239861805407	6.17657973988588	7.53195202037889
PA14_RS11765	114.62009418158	147.602298421666	183.624709716729	110.13636191321	140.262535067228	135.341236091716	141.530495458921	129.708174537603	118.628244320967
PA14_RS11770	20.6058596281493	8.20012769009256	11.9569578420195	31.7510232542588	16.2735537923304	16.1601475930407	16.5013133718922	23.6768890028959	24.4788440662314
PA14_RS11775	99.1656994604683	77.08120028687	122.131783672057	135.934068307296	89.8920114243011	96.9608855582444	117.413191300002	126.61988466766	129.926172351536
PA14_RS11780	5.15146490703731	10.6601659971203	6.83254733829688	5.95331686017353	6.1994490637449	14.1401291439106	12.6933179783786	21.6180290896006	1.88298800509472
PA14_RS11785	1.28786622675933	19.6803064562221	8.54068417287109	5.95331686017353	1.54986226593623	1.01000922456505	5.71199309027037	5.14714978323823	3.76597601018944
PA14_RS11790	2.57573245351866	3.28005107603702	1.70813683457422	7.93775581356471	0	1.01000922456505	1.26933179783786	0	0
PA14_RS11795	5.15146490703731	3.28005107603702	10.2488210074453	1.98443895339118	5.42451793077679	11.1101014702155	6.3466589891893	2.05885991329529	1.88298800509472
PA14_RS11800	0	3.28005107603702	0	1.98443895339118	0	0	1.90399769675679	0	0
PA14_RS11805	1.28786622675933	0	3.41627366914844	0	0	2.02001844913009	0.63466589891893	4.11771982659058	13.1809160356631
PA14_RS11810	43.7874517098172	73.801149210833	73.4498838866914	80.3697776123427	65.8691463022896	62.6205719230328	88.2185599497313	74.1189568786305	48.9576881324628
PA14_RS11815	28.3330569887052	12.3001915351388	16.2272999284551	5.95331686017353	11.6239669945217	8.08007379652036	18.405311068649	11.3237295231241	1.88298800509472
PA14_RS11820	21.8937258549086	32.8005107603702	15.373231511168	22.8210479639985	23.2479339890434	35.3503228597766	22.2133064621625	40.1477683092582	37.6597601018944
PA14_RS11825	19.3179934013899	15.5802426111759	23.059847266752	20.8366090106074	17.0484849252985	23.230212164996	17.1359792708111	38.0889083959629	24.4788440662314
PA14_RS11830	7.72719736055597	21.3203319942406	8.54068417287109	6.94553633686912	7.74931132968113	14.1401291439106	12.6933179783786	17.50030926301	13.1809160356631
PA14_RS11835	0	0.820012769009256	0	0	1.54986226593623	0	1.90399769675679	0	0
PA14_RS11840	12.8786622675933	18.0402809182036	20.4976420148906	10.9144142436515	9.29917359561736	10.1000922456505	10.7893202816218	31.912328656077	13.1809160356631
PA14_RS11845	10.3029298140746	5.74008938306479	10.2488210074453	15.8755116271294	11.6239669945217	16.1601475930407	20.9439746643247	16.4708793063623	22.5958560611367
PA14_RS11850	78.559839832319	136.122119655536	160.564862449977	117.081898250079	107.715427482568	112.11102392672	128.837177480543	138.973044147432	120.511232326062
PA14_RS11855	36.0602543492612	23.7803703012684	20.4976420148906	32.7432427309544	18.5983471912347	11.1101014702155	12.6933179783786	25.7357489161911	20.7128680560419
PA14_RS11860	63.1054451112071	72.1611236728145	49.5359682026523	45.6420959279971	58.1198349726085	66.660608821293	53.3119355091901	75.1483868352782	116.745256315873
PA14_RS11865	110.756495501302	94.3014684360644	142.629425686947	95.2530697627765	89.8920114243011	106.05096857933	149.146486245949	123.531594797718	118.628244320967
PA14_RS11870	25.7573245351866	28.7004469153239	24.7679841013262	20.8366090106074	21.6980717231072	18.1801660421708	21.5786405632436	18.5297392196576	16.9468920458525
PA14_RS11875	127.498756449173	63.9609959827219	60.6388576273848	47.6265348813883	53.4702481747998	59.5905442493377	60.2932603972983	36.0300484826676	50.8406761375575
PA14_RS11880	30.9087894422239	40.1806256814535	33.3086682741973	19.8443895339118	26.3476585209158	27.2702490632562	14.5973156751354	22.6474590462482	30.1278080815155
PA14_RS11885	70.832642471763	63.9609959827219	64.0551312965332	22.8210479639985	25.5727273879477	24.2402213895611	38.0799539351358	32.9417586127247	48.9576881324628
PA14_RS11890	51.5146490703731	40.1806256814535	58.9307207928106	26.7899258707809	17.0484849252985	19.1901752667359	22.2133064621625	29.8534687427817	3.76597601018944
PA14_RS31535	24.4694583084272	7.3801149210833	2.56220525186133	7.93775581356471	13.1738292604579	19.1901752667359	24.1173041589193	16.4708793063623	11.2979280305683
PA14_RS11895	2.57573245351866	10.6601659971203	9.3947525901582	32.7432427309544	11.6239669945217	5.05004612282523	13.3279838772975	22.6474590462482	18.8298800509472
PA14_RS11900	37.3481205760205	53.3008299856016	65.7632681311074	71.4398023220824	86.0173557594606	66.660608821293	114.874527704326	113.237295231241	169.468920458525
PA14_RS11905	6.43933113379664	4.10006384504628	3.41627366914844	4.96109738347794	0	6.06005534739027	1.26933179783786	3.08828986994294	0
PA14_RS11910	5.15146490703731	2.46003830702777	5.12441050372266	2.97665843008677	2.32479339890434	3.03002767369514	1.90399769675679	7.20600969653352	0
PA14_RS11915	14.1665284943526	17.2202681491944	18.7895051803164	11.9066337203471	19.3732783242028	8.08007379652036	17.1359792708111	15.4414493497147	11.2979280305683
PA14_RS11920	32.1966556689832	31.1604852223517	27.3301893531875	10.9144142436515	12.3988981274898	25.2502306141261	12.0586520794597	13.3825894364194	20.7128680560419
PA14_RS11925	23.1815920816679	6.56010215207404	18.7895051803164	12.8988531970427	5.42451793077679	6.06005534739027	8.25065668594609	2.05885991329529	15.0639040407578
PA14_RS11930	23.1815920816679	18.8602936872129	18.7895051803164	14.8832921504338	7.74931132968113	4.04003689826018	11.4239861805407	21.6180290896006	9.41494002547361
PA14_RS11935	41.2117192562985	37.7205873744258	47.8278313680781	41.6732180212147	38.7465566484057	41.4103782071669	50.1386060145955	81.324966575164	18.8298800509472
PA14_RS11940	28.3330569887052	13.9402170731573	15.373231511168	21.8288284873029	27.8975207868521	16.1601475930407	24.7519700578383	15.4414493497147	9.41494002547361
PA14_RS11945	24.4694583084272	27.8804341463147	17.0813683457422	21.8288284873029	9.29917359561736	12.1201106947805	31.7332949459465	18.5297392196576	22.5958560611367
PA14_RS11950	43.7874517098172	45.9207150645183	52.9522418718008	53.5798517415618	43.3961434462143	34.3403136352115	59.6585944983794	29.8534687427817	41.4257361120839
PA14_RS11955	11.590796040834	20.5003192252314	17.9354367630293	14.8832921504338	14.7236915263941	8.08007379652036	26.0213018556761	27.7946088294864	43.3087241171786
PA14_RS11960	39.9238530295392	25.4203958392869	39.287147195207	24.8054869173897	33.3220387176289	38.3803505334717	19.6746428664868	21.6180290896006	24.4788440662314
PA14_RS11965	5.15146490703731	0	0.854068417287109	0.992219476695589	0.774931132968113	6.06005534739027	0	1.02942995664765	0
PA14_RS11970	1.28786622675933	7.3801149210833	5.97847892100977	3.96887790678235	5.42451793077679	3.03002767369514	5.71199309027037	0	0
PA14_RS11975	18.0301271746306	21.3203319942406	14.5191630938809	5.95331686017353	11.6239669945217	5.05004612282523	11.4239861805407	8.23543965318117	9.41494002547361
PA14_RS11980	2.57573245351866	12.3001915351388	5.97847892100977	8.9299752902603	12.3988981274898	11.1101014702155	6.98132488810823	13.3825894364194	0
PA14_RS11985	194.467800240659	190.242962410147	177.646230795719	179.591725281902	155.761157726591	173.721586625188	200.554424058382	192.50340189311	154.405016417767
PA14_RS11990	87.5749034196343	111.521736585259	132.380604679502	102.198606099646	150.336639795814	94.9408671091143	136.45316826757	135.884754277489	133.692148361725
PA14_RS11995	5.15146490703731	6.56010215207404	6.83254733829688	3.96887790678235	4.64958679780868	2.02001844913009	5.07732719135144	7.20600969653352	7.53195202037889
PA14_RS12000	36.0602543492612	38.540600143435	33.3086682741973	47.6265348813883	27.8975207868521	40.4003689826018	33.6372926427033	40.1477683092582	30.1278080815155
PA14_RS12005	23.1815920816679	28.7004469153239	28.1842577704746	28.7743648241721	26.3476585209158	15.1501383684757	37.4452880362169	21.6180290896006	41.4257361120839
PA14_RS12010	15.4543947211119	18.8602936872129	17.9354367630293	25.7977063940853	24.0228651220115	9.09008302108541	19.6746428664868	23.6768890028959	32.0107960866103
PA14_RS12015	18.0301271746306	14.7602298421666	25.6220525186133	4.96109738347794	11.6239669945217	15.1501383684757	6.98132488810823	4.11771982659058	3.76597601018944
PA14_RS12020	217.649392322326	269.784201004045	172.521820291996	257.977063940853	196.832507773901	214.12195560779	143.434493155678	201.768271502939	80.968484219073
PA14_RS12025	30.9087894422239	18.8602936872129	7.68661575558399	12.8988531970427	21.6980717231072	13.1301199193456	4.44266129243251	17.50030926301	24.4788440662314
PA14_RS12030	7.72719736055597	10.6601659971203	12.8110262593066	9.92219476695589	15.4986226593623	13.1301199193456	10.1546543827029	10.2942995664765	20.7128680560419
PA14_RS12035	5.15146490703731	3.28005107603702	3.41627366914844	5.95331686017353	2.32479339890434	1.01000922456505	2.53866359567572	8.23543965318117	15.0639040407578
PA14_RS12040	3.86359868027798	2.46003830702777	0	0	0.774931132968113	2.02001844913009	0	0	0
PA14_RS12045	1.28786622675933	3.28005107603702	2.56220525186133	0.992219476695589	0	9.09008302108541	0	2.05885991329529	0
PA14_RS12050	0	2.46003830702777	0	0.992219476695589	0	4.04003689826018	1.26933179783786	1.02942995664765	0
PA14_RS12055	6.43933113379664	0	0.854068417287109	3.96887790678235	2.32479339890434	3.03002767369514	0	1.02942995664765	0
PA14_RS12060	3.86359868027798	5.74008938306479	16.2272999284551	8.9299752902603	5.42451793077679	9.09008302108541	13.3279838772975	11.3237295231241	7.53195202037889
PA14_RS31405	2.57573245351866	8.20012769009256	1.70813683457422	7.93775581356471	7.74931132968113	6.06005534739027	5.71199309027037	1.02942995664765	3.76597601018944
PA14_RS12070	10.3029298140746	11.4801787661296	9.3947525901582	1.98443895339118	4.64958679780868	5.05004612282523	6.98132488810823	1.02942995664765	0
PA14_RS12075	51.5146490703731	36.0805618364072	40.9952840297813	12.8988531970427	17.0484849252985	15.1501383684757	14.5973156751354	22.6474590462482	32.0107960866103
PA14_RS12080	835.825181166804	847.073190386561	865.171306711842	215.311626442943	285.174656932266	279.772555204518	148.51182034703	182.209102326633	173.234896468714
PA14_RS12085	171.286208158991	194.343026255194	222.911856911936	224.241601733203	217.75564836404	216.14197405692	231.018387206491	221.327440679244	190.181788514567
PA14_RS12090	36.0602543492612	18.8602936872129	26.4761209359004	36.7121206377368	29.4473830527883	33.3303044106465	29.8292972491897	30.8828986994294	45.1917121222733
PA14_RS12095	10.3029298140746	12.3001915351388	14.5191630938809	5.95331686017353	6.97438019671302	7.07006457195532	5.07732719135144	15.4414493497147	3.76597601018944
PA14_RS12100	0	0	0	0	0	0	0	0	0
PA14_RS12105	23.1815920816679	26.2404086082962	19.6435735976035	40.6809985445191	27.122589653884	22.220202940431	31.7332949459465	20.5885991329529	5.64896401528417
PA14_RS12110	3.86359868027798	2.46003830702777	2.56220525186133	0	8.52424246264924	7.07006457195532	6.98132488810823	2.05885991329529	5.64896401528417
PA14_RS12115	23.1815920816679	29.5204596843332	31.6005314396231	30.7588037775632	9.29917359561736	34.3403136352115	25.3866359567572	24.7063189595435	16.9468920458525
PA14_RS12120	66.9690437914851	85.2813279769626	80.2824312249883	56.5565101716486	72.8435264990026	65.6505995967279	99.0078802313531	85.4426864017546	118.628244320967
PA14_RS12125	68.2569100182444	49.2007661405553	29.0383261877617	41.6732180212147	62.7694217704172	44.440405880862	55.2159332059469	55.5892176589729	43.3087241171786
PA14_RS12130	32.1966556689832	21.3203319942406	27.3301893531875	17.8599505805206	13.948760393426	29.2902675123863	15.2319815740543	18.5297392196576	22.5958560611367
PA14_RS12135	51.5146490703731	47.5607406025368	39.287147195207	50.603193311475	51.1454547758955	70.7006457195532	36.175956238379	39.1183383526105	26.3618320713261
PA14_RS12140	73.4083749252817	82.0012769009256	109.32075741275	45.6420959279971	65.8691463022896	38.3803505334717	55.2159332059469	52.5009277890299	52.7236641426522
PA14_RS12145	45.0753179365765	18.0402809182036	11.1028894247324	31.7510232542588	29.4473830527883	20.2001844913009	15.2319815740543	21.6180290896006	5.64896401528417
PA14_RS31755	72.1205086985224	45.9207150645183	59.7847892100977	47.6265348813883	33.3220387176289	37.3703413089067	38.0799539351358	37.0594784393153	22.5958560611367
PA14_RS31760	109.468629274543	122.181902582379	135.79687834865	121.050776156862	125.538843540834	76.7607010669434	157.397142931895	149.267343713909	101.681352275115
PA14_RS12155	95.3021007801903	126.281966427425	150.316041442531	130.972970923818	111.590083147408	134.331226867151	100.91187792811	108.090145448003	114.862268310778
PA14_RS12160	403.10212897567	353.425503442989	413.369113966961	223.249382256507	211.556199300295	261.592389162347	253.231693668653	268.681218685036	227.841548616461
PA14_RS12165	265.300442712422	279.624354232156	306.610561806072	191.498359002249	244.103306884956	303.002767369514	255.13569136541	253.239769335321	229.724536621556
PA14_RS12170	45.0753179365765	41.820651219472	21.3517104321777	21.8288284873029	34.8719009835651	27.2702490632562	27.9252995524329	23.6768890028959	20.7128680560419
PA14_RS12175	506.131427116416	517.42805724484	498.775955695672	258.969283417549	308.422590921309	357.543265496026	183.418444787571	172.944232716805	250.437404677598
PA14_RS12180	334.845218957425	445.266933572026	565.393292244067	211.34274853616	297.573555059755	278.762545979953	178.975783495138	195.591691763053	299.395092810061
PA14_RS12185	497.116363529101	653.550176900377	775.494122896695	324.455768879457	350.268872101587	414.103782071669	299.562304289735	398.389393222639	446.268157207449
PA14_RS12190	29.6209232154645	42.6406639884813	34.1627366914844	28.7743648241721	43.3961434462143	19.1901752667359	10.1546543827029	12.3531594797718	22.5958560611367
PA14_RS12195	137.801686263248	115.621800430305	128.964331010354	65.4864854619089	65.8691463022896	71.7106549441182	35.5412903394601	60.7363674422111	82.8514722241678
PA14_RS12200	90.150635873153	94.3014684360644	108.466688995463	52.5876322648662	45.7209368451187	50.5004612282523	48.2346083178387	32.9417586127247	48.9576881324628
PA14_RS12205	296.209232154645	246.003830702777	352.730256339576	189.513920048857	173.584573784857	144.431319112801	135.818502368651	162.649933150328	137.458124371915
PA14_RS12210	942.718077987828	728.991351649228	816.489406926477	598.30834444744	487.431682636943	462.584224850791	522.964700709198	508.538398583937	482.044929304249
PA14_RS12215	448.177446912246	387.046026972369	408.244703463238	339.339061029891	300.673279591628	295.932702797558	278.61832962541	281.034378164807	289.980152784587
PA14_RS12220	130.074488902692	118.081838737333	121.27771525477	102.198606099646	110.81515201444	97.9708947828094	64.1012557908119	94.7075560115834	88.5004362394519
PA14_RS12225	725.068685665502	710.951070731025	754.996480881805	549.689590089356	540.901930811743	658.52601441641	578.180633915145	599.12823476893	666.577753803531
PA14_RS12230	1059.91390462293	985.655348349125	852.360280452535	972.375087161677	884.196422716617	828.207564143337	860.606958934069	791.63163666204	822.865758226393
PA14_RS12235	615.600056390959	717.511172883099	625.178081454164	523.891883695271	581.973280859053	607.015543963592	603.567269871902	561.039326372967	495.225845339912
PA14_RS12240	0	0.820012769009256	0	4.96109738347794	2.32479339890434	1.01000922456505	1.26933179783786	2.05885991329529	0
PA14_RS12245	28.3330569887052	55.7608682926294	40.1412156124941	28.7743648241721	41.8462811802781	48.4804427791222	42.5226152275683	46.3243480491441	67.78756818341
PA14_RS12250	667.114705461332	511.687967861775	637.989107713471	449.475422943102	594.372178986543	545.404981265124	582.623295207578	827.661685144707	753.195202037889
PA14_RS12255	92.7263683266716	67.241047058759	94.8015943188691	74.4164607521691	60.4446283715128	44.440405880862	43.1572811264872	53.5303577456776	52.7236641426522
PA14_RS12260	50.2267828436138	60.6809449066849	72.5958154694043	89.299752902603	54.2451793077679	62.6205719230328	49.5039401156765	46.3243480491441	30.1278080815155
PA14_RS12265	110.756495501302	100.861570588138	67.4714049656816	102.198606099646	107.715427482568	105.040959354765	81.871900960542	62.7952273555064	122.394220331157
PA14_RS12270	220.225124775845	240.263741319712	295.50767238134	191.498359002249	252.627549347605	213.111946383225	260.213018556761	237.798319985606	331.405888896671
PA14_RS12275	439.162383324931	428.046665422831	422.763866557119	324.455768879457	400.639395744515	452.48413260514	327.487603842168	331.476446040542	393.544493064797
PA14_RS12280	43.7874517098172	85.2813279769626	60.6388576273848	58.5409491250397	68.193939701194	59.5905442493377	50.7732719135144	63.8246573121541	22.5958560611367
PA14_RS12285	82.423438512597	109.061698278231	99.0719364053047	126.01187354034	111.590083147408	109.080996253025	138.991831863246	102.942995664765	128.043184346441
PA14_RS12290	260.148977805384	226.323524246555	233.160677919381	165.700652608163	206.906612502486	299.972739695818	298.927638390816	269.710648641683	297.512104804966
PA14_RS12295	52.8025152971325	91.0214173600274	87.9690469805723	78.3853386589515	81.3677689616519	75.7506918423784	52.6772696102712	71.0306670086876	69.6705561885047
PA14_RS12300	1513.24281644221	1408.7819371579	1573.19402464286	1731.4229868338	1736.62066898154	1769.53616143796	2297.49055408653	2422.24868799191	2368.79891040916
PA14_RS12305	1381.88046131276	1053.71640817689	996.697842974057	1141.05239819993	1531.26391874499	1631.16489767255	1681.22996623625	1801.50242413338	2003.49923742078
PA14_RS12310	256.285379125106	195.163039024203	154.586383528967	137.918507260687	163.510469056272	168.671540502363	148.51182034703	136.914184234137	139.341112377009
PA14_RS12315	172.57407438575	210.743281635379	178.500299213006	147.840702027643	218.530579497008	214.12195560779	240.538375690274	222.356870635892	207.128680560419
PA14_RS12320	1189.98839352562	1073.39671463312	1094.06164254479	937.647405477331	1035.3079936454	965.568818684183	1101.78000052326	1211.63905897428	1248.4210473778
PA14_RS12325	605.297126576884	760.15183687158	381.768582527338	482.218665674056	626.144355438235	531.264852121214	370.644884968655	434.419441705307	355.884732962902
PA14_RS12330	118.483692861858	119.721864275351	108.466688995463	125.019654063644	92.9917359561736	77.7707102915085	130.7411751773	117.355015057832	80.968484219073
PA14_RS12335	59.2418464309291	69.7010853657867	93.0934574842949	69.4553633686912	111.590083147408	73.7306733932483	90.122557646488	117.355015057832	88.5004362394519
PA14_RS12340	434.010918417894	395.246154662461	421.909798139832	472.2964709071	535.477412880966	593.885424044247	663.860530269201	787.513916835449	728.716357971657
PA14_RS12345	953.021007801903	945.474722667672	1169.21966326605	947.569600244287	977.963089805759	873.657979248764	1243.31049598218	1141.63782192224	1397.17709978028
PA14_RS12350	135.225953809729	145.142260114638	191.311325472313	137.918507260687	129.413499205675	148.471356011062	133.914504671894	152.355633583852	160.053980433051
PA14_RS12355	339.996683864463	306.684775609462	351.022119505002	314.533574112502	303.7730041235	300.982748920384	328.122269741087	255.298629248616	259.852344703072
PA14_RS12360	410.829326336226	482.167508177442	459.488808500465	342.315719459978	349.493940968619	379.763468436457	440.458133849737	376.771364133038	491.459869329722
PA14_RS12365	383.78413557428	364.085669440109	337.357024828408	279.805892428156	261.151791810254	311.082841166034	264.655679849194	249.12204950873	305.044056825345
PA14_RS12370	66.9690437914851	86.1013407459718	67.4714049656816	56.5565101716486	70.5187331000983	45.450415105427	57.7545968016226	52.5009277890299	58.3726281579364
PA14_RS12375	113.332227954821	127.921991965444	130.672467844928	100.214167146254	99.1911850199185	94.9408671091143	78.6985714659473	146.179053843966	139.341112377009
PA14_RS12380	15.4543947211119	13.9402170731573	16.2272999284551	5.95331686017353	17.8234160582666	20.2001844913009	19.0399769675679	10.2942995664765	20.7128680560419
PA14_RS12385	9.0150635873153	11.4801787661296	22.2057788494648	12.8988531970427	17.0484849252985	17.1701568176058	13.9626497762165	19.5591691763053	22.5958560611367
PA14_RS12390	27.0451907619459	19.6803064562221	6.83254733829688	28.7743648241721	24.0228651220115	25.2502306141261	8.25065668594609	12.3531594797718	18.8298800509472
PA14_RS12395	73.4083749252817	63.1409832137127	56.3685155409492	57.5487296483441	46.4958679780868	39.3903597580368	53.946601408109	21.6180290896006	88.5004362394519
PA14_RS12400	529.313019198084	774.912066713747	900.188111820613	501.070835731272	701.312675336142	699.936392623576	768.580403590824	886.339192673623	875.589422369046
PA14_RS12405	182.877004199825	152.522375035722	79.4283628077012	127.004093017035	135.61294826942	127.261162295196	57.7545968016226	53.5303577456776	54.6066521477469
PA14_RS12410	27.0451907619459	33.6205235293795	40.9952840297813	22.8210479639985	23.2479339890434	23.230212164996	31.7332949459465	29.8534687427817	30.1278080815155
PA14_RS12415	21.8937258549086	19.6803064562221	17.9354367630293	13.8910726737382	15.4986226593623	10.1000922456505	21.5786405632436	14.412019393067	52.7236641426522
PA14_RS12420	69.5447762450037	40.1806256814535	28.1842577704746	29.7665843008677	34.096969850597	45.450415105427	55.2159332059469	40.1477683092582	30.1278080815155
PA14_RS12425	6.43933113379664	21.3203319942406	18.7895051803164	17.8599505805206	7.74931132968113	25.2502306141261	34.9066244405411	21.6180290896006	35.7767720967997
PA14_RS12430	11.590796040834	5.74008938306479	18.7895051803164	0	9.29917359561736	7.07006457195532	10.7893202816218	3.08828986994294	0
PA14_RS12435	5.15146490703731	9.02014045910181	5.97847892100977	12.8988531970427	8.52424246264924	12.1201106947805	6.3466589891893	5.14714978323823	11.2979280305683
PA14_RS12440	0	1.64002553801851	5.12441050372266	5.95331686017353	11.6239669945217	6.06005534739027	5.07732719135144	7.20600969653352	1.88298800509472
PA14_RS12445	3.86359868027798	4.92007661405553	0.854068417287109	2.97665843008677	1.54986226593623	3.03002767369514	10.1546543827029	4.11771982659058	0
PA14_RS12450	3.86359868027798	1.64002553801851	3.41627366914844	0.992219476695589	3.09972453187245	2.02001844913009	0	15.4414493497147	1.88298800509472
PA14_RS12455	1.28786622675933	7.3801149210833	5.97847892100977	14.8832921504338	10.8490358615536	12.1201106947805	17.1359792708111	9.26486960982881	1.88298800509472
PA14_RS12460	199.619265147696	123.001915351388	127.256194175779	133.949629353904	142.587328466133	102.01093168107	151.685149841624	106.031285534708	64.0215921732205
PA14_RS12465	1066.35323575672	758.511811333561	819.051612178338	632.04380665509	605.996145981065	576.715267226641	542.639343575685	615.599114075292	649.630861757679
PA14_RS12470	307.800028195479	276.344303156119	254.512388351559	122.042995633557	136.387879402388	139.381272989976	152.319815740543	97.7958458815264	111.096292300589
PA14_RS12475	34.7723881225019	53.3008299856016	39.287147195207	32.7432427309544	24.0228651220115	35.3503228597766	39.3492857329737	30.8828986994294	41.4257361120839
PA14_RS12480	2.57573245351866	13.1202043041481	0.854068417287109	3.96887790678235	7.74931132968113	8.08007379652036	5.71199309027037	4.11771982659058	0
PA14_RS12485	77.2719736055597	85.2813279769626	65.7632681311074	86.3230944725162	84.4674934935243	85.8507840880288	78.0639055670284	82.3543965318117	96.0323882598308
PA14_RS12490	279.466971206774	203.363166714295	329.670409072824	287.743648241721	289.824243730074	288.862638225603	363.663560080547	322.211576430713	350.235768947618
PA14_RS12495	374.769071986964	352.60549067398	312.589040727082	312.54913515911	351.818734367523	348.453182474941	442.362131546494	447.802031141726	478.278953294059
PA14_RS12500	361.890409719371	301.764698995406	303.194288136924	290.720306671807	292.149037128979	287.852629001038	317.967615358384	336.62359582378	291.863140789682
PA14_RS12505	136.513820036489	118.081838737333	145.191630938809	148.832921504338	154.986226593623	160.591466705842	159.93580652757	163.679363106976	224.075572606272
PA14_RS12510	75.9841073788004	100.861570588138	52.0981734545137	76.4008997055603	52.6953170418317	60.6005534739027	62.8319239929741	30.8828986994294	48.9576881324628
PA14_RS12515	37.3481205760205	60.6809449066849	40.9952840297813	20.8366090106074	24.0228651220115	20.2001844913009	29.1946313502708	16.4708793063623	11.2979280305683
PA14_RS12520	230.52805458992	227.143537015564	312.589040727082	203.404992722596	174.359504917825	153.521402133887	227.210391812977	237.798319985606	152.522028412672
PA14_RS12525	399.238530295392	375.565848206239	411.660977132387	452.452081373188	458.759230717123	477.734363219266	504.559389640549	473.537780057917	517.821701401048
PA14_RS12530	689.00843131624	603.529397990812	269.03155144544	681.654780489869	424.662260866526	512.074676854478	349.066244405411	213.092001026063	278.682224754019
PA14_RS12535	271.739773846218	246.823843471786	198.997941227897	382.004498527802	368.092288159854	352.493219373201	491.231405763252	528.097567760242	427.438277156502
PA14_RS12540	14.1665284943526	19.6803064562221	14.5191630938809	17.8599505805206	10.8490358615536	16.1601475930407	26.6559677545951	16.4708793063623	13.1809160356631
PA14_RS12545	269.1640413927	252.563932854851	280.134440870172	225.233821209899	265.801378608063	293.912684348428	342.084919517303	344.859035476961	297.512104804966
PA14_RS12550	11.590796040834	15.5802426111759	8.54068417287109	8.9299752902603	9.29917359561736	5.05004612282523	17.77064516973	6.17657973988588	15.0639040407578
PA14_RS12555	16.7422609478713	9.84015322811107	2.56220525186133	4.96109738347794	14.7236915263941	16.1601475930407	22.2133064621625	17.50030926301	15.0639040407578
PA14_RS12560	33.4845218957425	18.8602936872129	21.3517104321777	51.5954127881706	27.122589653884	42.4203874317319	53.946601408109	57.6480775722682	43.3087241171786
PA14_RS12565	69.5447762450037	59.0409193686664	95.6556627361563	60.5253880784309	68.9688708341621	104.0309501302	113.605195906488	119.413874971127	107.330316290399
PA14_RS12570	15.4543947211119	17.2202681491944	16.2272999284551	12.8988531970427	12.3988981274898	22.220202940431	28.5599654513518	18.5297392196576	22.5958560611367
PA14_RS12575	32.1966556689832	38.540600143435	46.1196945335039	36.7121206377368	37.1966943824694	41.4103782071669	45.061278823244	61.7657973988588	41.4257361120839
PA14_RS12580	29.6209232154645	44.2806895264998	35.0168051087715	13.8910726737382	17.0484849252985	17.1701568176058	19.0399769675679	31.912328656077	13.1809160356631
PA14_RS12585	9.0150635873153	22.9603575322592	36.7249419433457	32.7432427309544	27.8975207868521	48.4804427791222	38.7146198340547	57.6480775722682	33.893784091705
PA14_RS12590	0	0	0	1.98443895339118	0	0	0	0	0
PA14_RS12595	9.0150635873153	2.46003830702777	0	0	1.54986226593623	2.02001844913009	1.26933179783786	0	0
PA14_RS12600	0	0	1.70813683457422	0	0	0	1.26933179783786	3.08828986994294	3.76597601018944
PA14_RS12605	0	3.28005107603702	0	0	0.774931132968113	0	0	0	0
PA14_RS12610	0	1.64002553801851	0	0	0.774931132968113	2.02001844913009	1.90399769675679	6.17657973988588	0
PA14_RS12615	5.15146490703731	2.46003830702777	0	0	0	0	0	0	5.64896401528417
PA14_RS12620	0	0	1.70813683457422	4.96109738347794	0.774931132968113	3.03002767369514	0	0	0
PA14_RS12625	3.86359868027798	0.820012769009256	0.854068417287109	1.98443895339118	2.32479339890434	3.03002767369514	1.26933179783786	2.05885991329529	13.1809160356631
PA14_RS12630	0	0	0	0	0	0	0	0	0
PA14_RS12635	0	0	0	1.98443895339118	0	0	0	0	0
PA14_RS12640	1.28786622675933	0.820012769009256	0	1.98443895339118	0	2.02001844913009	1.26933179783786	0	0
PA14_RS12645	0	0	0	0	0	0	0	0	0
PA14_RS12650	11.590796040834	9.84015322811107	13.6650946765938	2.97665843008677	6.1994490637449	8.08007379652036	5.71199309027037	5.14714978323823	11.2979280305683
PA14_RS12655	280.754837433534	212.383307173397	223.765925329223	255.000405510766	263.476585209158	322.192942636249	217.055737430274	159.561643280385	193.947764524756
PA14_RS12660	69.5447762450037	104.961634433185	115.29923633376	66.4787049386044	96.091460488046	88.880811761724	70.4479147800012	96.7664159248787	90.3834242445466
PA14_RS12665	119.771559088618	120.541877044361	99.9260048225918	97.2375087161677	138.712672801292	105.040959354765	105.989205119461	85.4426864017546	107.330316290399
PA14_RS12670	48.9389166168545	45.9207150645183	31.6005314396231	28.7743648241721	32.5471075846608	47.4704335545571	32.3679608448654	37.0594784393153	37.6597601018944
PA14_RS12675	15.4543947211119	33.6205235293795	27.3301893531875	21.8288284873029	51.1454547758955	14.1401291439106	27.290633653514	23.6768890028959	45.1917121222733
PA14_RS12680	148.104616077323	123.821928120398	148.607904607957	83.3464360424294	88.3421491583649	123.221125396936	112.335864108651	112.207865274593	99.7983642700202
PA14_RS12685	32.1966556689832	30.3404724533425	29.0383261877617	13.8910726737382	35.6468321165332	41.4103782071669	19.0399769675679	39.1183383526105	39.5427481069892
PA14_RS12690	52.8025152971325	32.8005107603702	29.0383261877617	34.7276816843456	30.2223141857564	26.2602398386912	34.9066244405411	32.9417586127247	11.2979280305683
PA14_RS12695	278.179104980015	275.52429038711	261.344935689856	241.109332837028	233.254271023402	286.842619776473	267.829009343788	323.241006387361	252.320392682693
PA14_RS12700	81.1355722858377	66.4210342897497	55.5144471236621	76.4008997055603	59.6696972385447	57.5705258002076	71.0825806789202	71.0306670086876	52.7236641426522
PA14_RS12705	0	0.820012769009256	0.854068417287109	2.97665843008677	0	0	2.53866359567572	2.05885991329529	0
PA14_RS12710	0	0.820012769009256	0	0	0	0	2.53866359567572	3.08828986994294	0
PA14_RS12715	0	0	0	0	0	0	1.90399769675679	0	0
PA14_RS12720	0	1.64002553801851	0	0	0	0	0	0	0
PA14_RS12725	2.57573245351866	4.10006384504628	0	0	3.09972453187245	0	10.7893202816218	6.17657973988588	9.41494002547361
PA14_RS12730	0	0	1.70813683457422	3.96887790678235	0	0	0	0	0
PA14_RS12735	0	0	0.854068417287109	0	0	0	1.90399769675679	4.11771982659058	0
PA14_RS12740	29.6209232154645	51.6608044475831	40.9952840297813	45.6420959279971	35.6468321165332	33.3303044106465	34.9066244405411	49.412637919087	18.8298800509472
PA14_RS12745	160.983278344916	188.602936872129	175.938093961145	184.552822665379	189.08319644422	172.711577400623	214.517073834598	221.327440679244	73.4365321986942
PA14_RS12750	32.1966556689832	27.8804341463147	11.1028894247324	16.867731103825	13.1738292604579	10.1000922456505	13.3279838772975	13.3825894364194	24.4788440662314
PA14_RS12755	20.6058596281493	9.02014045910181	11.1028894247324	12.8988531970427	13.948760393426	12.1201106947805	16.5013133718922	15.4414493497147	35.7767720967997
PA14_RS12760	1.28786622675933	0	0	0.992219476695589	0.774931132968113	2.02001844913009	1.26933179783786	0	0
PA14_RS12765	3.86359868027798	2.46003830702777	3.41627366914844	7.93775581356471	4.64958679780868	2.02001844913009	4.44266129243251	6.17657973988588	0
PA14_RS12770	1.28786622675933	0	0	3.96887790678235	4.64958679780868	2.02001844913009	3.17332949459465	4.11771982659058	1.88298800509472
PA14_RS12775	10.3029298140746	8.20012769009256	6.83254733829688	0.992219476695589	4.64958679780868	0	3.17332949459465	12.3531594797718	11.2979280305683
PA14_RS12780	3.86359868027798	2.46003830702777	7.68661575558399	1.98443895339118	2.32479339890434	6.06005534739027	3.80799539351358	11.3237295231241	7.53195202037889
PA14_RS12785	64.3933113379664	114.801787661296	90.5312522324336	46.6343154046927	43.3961434462143	63.6305811475979	69.8132488810823	71.0306670086876	60.2556161630311
PA14_RS12790	6.43933113379664	7.3801149210833	10.2488210074453	4.96109738347794	2.32479339890434	5.05004612282523	3.80799539351358	7.20600969653352	20.7128680560419
PA14_RS12795	2.57573245351866	0.820012769009256	0.854068417287109	0.992219476695589	0	0	0	1.02942995664765	9.41494002547361
PA14_RS12800	2.57573245351866	4.10006384504628	0	2.97665843008677	2.32479339890434	4.04003689826018	5.71199309027037	3.08828986994294	1.88298800509472
PA14_RS12805	10.3029298140746	18.0402809182036	4.27034208643555	12.8988531970427	20.1482094571709	16.1601475930407	7.61599078702716	10.2942995664765	16.9468920458525
PA14_RS12810	14.1665284943526	17.2202681491944	22.2057788494648	4.96109738347794	7.74931132968113	22.220202940431	9.51998848378395	20.5885991329529	22.5958560611367
PA14_RS12815	7.72719736055597	10.6601659971203	11.9569578420195	2.97665843008677	8.52424246264924	6.06005534739027	8.88532258486502	9.26486960982881	22.5958560611367
PA14_RS12820	15.4543947211119	32.8005107603702	25.6220525186133	9.92219476695589	24.0228651220115	13.1301199193456	26.0213018556761	14.412019393067	9.41494002547361
PA14_RS12825	60.5297126576884	102.501596126157	65.7632681311074	50.603193311475	59.6696972385447	65.6505995967279	73.6212442745959	53.5303577456776	52.7236641426522
PA14_RS12830	70.832642471763	67.241047058759	73.4498838866914	82.3542165657339	95.3165293550779	79.7907287406386	72.9865783756769	78.2366767052211	32.0107960866103
PA14_RS12835	6.43933113379664	2.46003830702777	13.6650946765938	16.867731103825	0.774931132968113	8.08007379652036	9.51998848378395	4.11771982659058	0
PA14_RS12840	32.1966556689832	47.5607406025368	49.5359682026523	39.6887790678235	35.6468321165332	30.3002767369514	39.3492857329737	29.8534687427817	28.2448200764208
PA14_RS12845	11.590796040834	9.84015322811107	7.68661575558399	3.96887790678235	4.64958679780868	5.05004612282523	13.3279838772975	7.20600969653352	13.1809160356631
PA14_RS12850	19.3179934013899	16.4002553801851	25.6220525186133	29.7665843008677	17.0484849252985	12.1201106947805	27.9252995524329	17.50030926301	37.6597601018944
PA14_RS12855	99.1656994604683	145.142260114638	191.311325472313	118.074117726775	97.6413227539823	125.241143846066	160.570472426489	142.061334017375	156.288004422862
PA14_RS12860	38.6359868027798	13.9402170731573	8.54068417287109	32.7432427309544	19.3732783242028	15.1501383684757	34.9066244405411	28.8240387861341	15.0639040407578
PA14_RS12865	60.5297126576884	54.9408555236201	72.5958154694043	36.7121206377368	36.4217632495013	35.3503228597766	36.8106221372979	41.1771982659058	26.3618320713261
PA14_RS12870	194.467800240659	198.44309010024	172.521820291996	186.537261618771	151.111570928782	168.671540502363	258.943686758923	218.239150809301	186.415812504377
PA14_RS12875	95.3021007801903	118.081838737333	108.466688995463	47.6265348813883	61.2195595044809	93.9308578845492	34.9066244405411	63.8246573121541	18.8298800509472
PA14_RS12880	227.952322136401	223.863485939527	181.916572882154	215.311626442943	193.732783242028	182.811669646273	248.154366477302	266.62235877174	378.480589024039
PA14_RS31410	7.72719736055597	11.4801787661296	7.68661575558399	16.867731103825	11.6239669945217	18.1801660421708	15.8666474729732	7.20600969653352	7.53195202037889
PA14_RS12885	33.4845218957425	36.0805618364072	31.6005314396231	40.6809985445191	46.4958679780868	38.3803505334717	30.4639631481086	33.9711885693723	26.3618320713261
PA14_RS12890	276.891238753256	232.063613629619	231.452541084807	129.980751447122	185.208540779379	137.361254540846	142.799827256759	155.443923453795	154.405016417767
PA14_RS12895	47.6510503900951	39.3606129124443	47.8278313680781	47.6265348813883	38.7465566484057	46.4604243299921	46.9652765200008	32.9417586127247	32.0107960866103
PA14_RS12900	195.755666467418	218.123396556462	142.629425686947	138.910726737382	176.68429831673	130.291189968891	138.991831863246	127.649314624308	137.458124371915
PA14_RS12905	21.8937258549086	14.7602298421666	10.2488210074453	12.8988531970427	12.3988981274898	8.08007379652036	2.53866359567572	2.05885991329529	15.0639040407578
PA14_RS12910	34.7723881225019	36.9005746054165	44.4115576989297	15.8755116271294	20.9231405901391	20.2001844913009	17.1359792708111	14.412019393067	13.1809160356631
PA14_RS12915	55.3782477506511	38.540600143435	51.2441050372266	12.8988531970427	12.3988981274898	27.2702490632562	24.1173041589193	18.5297392196576	22.5958560611367
PA14_RS12920	88.8627696463936	92.6614428980459	81.1364996422754	112.120800866602	82.9176312275881	104.0309501302	87.5838940508123	93.6781260549358	56.4896401528417
PA14_RS12925	20.6058596281493	35.260549067398	39.287147195207	23.8132674406941	17.8234160582666	18.1801660421708	22.8479723610815	16.4708793063623	41.4257361120839
PA14_RS12930	61.8175788844477	52.4808172165924	36.7249419433457	25.7977063940853	38.7465566484057	45.450415105427	17.1359792708111	21.6180290896006	3.76597601018944
PA14_RS12935	188.028469106862	150.882349497703	180.20843604758	88.3075334259074	106.165565216631	104.0309501302	135.818502368651	167.797082933566	201.479716545135
PA14_RS12940	3.86359868027798	9.02014045910181	6.83254733829688	3.96887790678235	11.6239669945217	2.02001844913009	6.3466589891893	14.412019393067	3.76597601018944
PA14_RS12945	20.6058596281493	36.9005746054165	47.8278313680781	14.8832921504338	25.5727273879477	30.3002767369514	21.5786405632436	19.5591691763053	24.4788440662314
PA14_RS12950	3.86359868027798	7.3801149210833	7.68661575558399	2.97665843008677	5.42451793077679	12.1201106947805	5.71199309027037	3.08828986994294	5.64896401528417
PA14_RS12955	217.649392322326	176.30274533699	125.548057341205	154.786238364512	149.561708662846	128.271171519761	146.607822650273	143.090763974023	154.405016417767
PA14_RS12960	128.786622675933	161.542515494823	168.251478205561	98.2297281928633	86.7922868924287	102.01093168107	130.106509278381	80.2955366185164	116.745256315873
PA14_RS12965	86.287037192875	86.9213535149811	104.196346909027	114.105239819993	89.8920114243011	108.07098702846	114.239861805407	113.237295231241	99.7983642700202
PA14_RS12970	105.605030594265	89.3813918220089	87.9690469805723	87.3153139492118	103.840771817727	89.890820986289	93.2958871410827	109.11957540465	82.8514722241678
PA14_RS12975	175.149806839269	218.943409325471	181.062504464867	182.568383711988	181.333885114538	155.541420583017	203.727753552977	186.326822153224	192.064776519662
PA14_RS12980	84.9991709661157	108.241685509222	122.985852089344	93.2686308093853	96.8663916210141	78.7807195160735	144.069159054597	125.590454711013	120.511232326062
PA14_RS12985	50.2267828436138	50.8407916785738	51.2441050372266	62.5098270318221	64.3192840363534	51.5104704528173	69.8132488810823	44.2654881358488	62.1386041681258
PA14_RS12990	25.7573245351866	25.4203958392869	17.0813683457422	17.8599505805206	10.8490358615536	8.08007379652036	15.8666474729732	7.20600969653352	9.41494002547361
PA14_RS12995	25.7573245351866	16.4002553801851	17.9354367630293	32.7432427309544	32.5471075846608	10.1000922456505	16.5013133718922	30.8828986994294	18.8298800509472
PA14_RS13000	25.7573245351866	70.521098134796	66.6173365483945	63.5020465085177	55.020110440736	69.6906364949881	57.1199309027037	57.6480775722682	73.4365321986942
PA14_RS13005	3.86359868027798	2.46003830702777	5.12441050372266	16.867731103825	3.87465566484057	5.05004612282523	6.3466589891893	14.412019393067	16.9468920458525
PA14_RS13010	23.1815920816679	23.7803703012684	17.9354367630293	18.8521700572162	13.1738292604579	20.2001844913009	19.6746428664868	28.8240387861341	15.0639040407578
PA14_RS13015	145.528883623804	178.762783644018	154.586383528967	125.019654063644	170.484849252985	118.17107927411	135.183836469732	175.0030926301	148.756052402483
PA14_RS13020	234.391653270198	204.183179483305	231.452541084807	209.358309582769	194.507714374996	210.081918709529	224.671728217301	206.915421286177	244.788440662314
PA14_RS13025	18.0301271746306	11.4801787661296	14.5191630938809	7.93775581356471	3.87465566484057	7.07006457195532	4.44266129243251	7.20600969653352	9.41494002547361
PA14_RS13030	68.2569100182444	50.0207789095646	69.1795418002559	36.7121206377368	54.2451793077679	72.7206641686833	44.4266129243251	43.2360581792011	13.1809160356631
PA14_RS13035	73.4083749252817	70.521098134796	60.6388576273848	72.432021798778	34.096969850597	53.5304889019474	65.3705875886498	55.5892176589729	45.1917121222733
PA14_RS13040	112.044361728062	132.02205581049	152.878246694393	155.778457841207	91.4418736902373	121.201106947805	120.586520794597	126.61988466766	154.405016417767
PA14_RS13045	105.605030594265	151.702362266712	185.332846551303	126.01187354034	119.339394477089	136.351245316281	104.085207422705	127.649314624308	88.5004362394519
PA14_RS13050	103.029298140746	104.961634433185	80.2824312249883	70.4475828453868	62.7694217704172	83.8307656388988	59.0239285994605	58.6775075289158	97.9153762649255
PA14_RS13055	24.4694583084272	29.5204596843332	31.6005314396231	27.7821453474765	30.2223141857564	28.2802582878213	24.7519700578383	22.6474590462482	16.9468920458525
PA14_RS13060	2.57573245351866	16.4002553801851	20.4976420148906	1.98443895339118	2.32479339890434	10.1000922456505	8.25065668594609	3.08828986994294	7.53195202037889
PA14_RS13065	7.72719736055597	6.56010215207404	15.373231511168	17.8599505805206	16.2735537923304	4.04003689826018	6.98132488810823	6.17657973988588	13.1809160356631
PA14_RS13070	6.43933113379664	6.56010215207404	9.3947525901582	4.96109738347794	6.1994490637449	7.07006457195532	8.25065668594609	6.17657973988588	47.074700127368
PA14_RS13075	0	5.74008938306479	2.56220525186133	0.992219476695589	0	1.01000922456505	0.63466589891893	2.05885991329529	0
PA14_RS13080	1.28786622675933	0	0	0	0	0	0	2.05885991329529	0
PA14_RS13085	7.72719736055597	15.5802426111759	14.5191630938809	5.95331686017353	10.8490358615536	21.210193715866	6.98132488810823	15.4414493497147	9.41494002547361
PA14_RS13090	6.43933113379664	11.4801787661296	0	14.8832921504338	2.32479339890434	7.07006457195532	5.07732719135144	3.08828986994294	1.88298800509472
PA14_RS13095	14.1665284943526	2.46003830702777	1.70813683457422	7.93775581356471	7.74931132968113	8.08007379652036	9.51998848378395	4.11771982659058	7.53195202037889
PA14_RS13100	0	0	0	0	0	0	1.26933179783786	0	0
PA14_RS13105	0	1.64002553801851	1.70813683457422	0	0	0	0	3.08828986994294	0
PA14_RS13110	0	0	0.854068417287109	0.992219476695589	0	0	0	0	0
PA14_RS13115	0	0	0	0	0	0	1.90399769675679	0	0
PA14_RS13120	2.57573245351866	0	0	0.992219476695589	0	0	0.63466589891893	0	0
PA14_RS13125	9.0150635873153	10.6601659971203	6.83254733829688	8.9299752902603	3.87465566484057	4.04003689826018	5.71199309027037	7.20600969653352	32.0107960866103
PA14_RS13130	2.57573245351866	12.3001915351388	5.97847892100977	20.8366090106074	6.1994490637449	2.02001844913009	13.9626497762165	17.50030926301	3.76597601018944
PA14_RS13135	9.0150635873153	12.3001915351388	13.6650946765938	7.93775581356471	3.09972453187245	5.05004612282523	5.71199309027037	12.3531594797718	0
PA14_RS13140	0	4.92007661405553	4.27034208643555	0	6.97438019671302	0	0.63466589891893	1.02942995664765	3.76597601018944
PA14_RS13145	0	0.820012769009256	0	1.98443895339118	0	1.01000922456505	0	0	9.41494002547361
PA14_RS13150	0	0.820012769009256	2.56220525186133	0	4.64958679780868	1.01000922456505	1.90399769675679	0	0
PA14_RS13155	7.72719736055597	8.20012769009256	8.54068417287109	5.95331686017353	6.1994490637449	5.05004612282523	8.88532258486502	6.17657973988588	0
PA14_RS13160	14.1665284943526	13.1202043041481	17.0813683457422	17.8599505805206	10.0741047285855	11.1101014702155	21.5786405632436	17.50030926301	24.4788440662314
PA14_RS13165	25.7573245351866	24.6003830702777	35.8708735260586	27.7821453474765	20.9231405901391	20.2001844913009	14.5973156751354	18.5297392196576	35.7767720967997
PA14_RS13170	87.5749034196343	97.5815195121014	58.9307207928106	82.3542165657339	102.290909551791	85.8507840880288	117.413191300002	77.2072467485735	96.0323882598308
PA14_RS13175	38.6359868027798	38.540600143435	46.1196945335039	46.6343154046927	32.5471075846608	35.3503228597766	31.0986290470276	54.5597877023252	7.53195202037889
PA14_RS13180	23.1815920816679	18.8602936872129	42.7034208643555	34.7276816843456	27.122589653884	27.2702490632562	34.2719585416222	52.5009277890299	50.8406761375575
PA14_RS13185	15.4543947211119	23.7803703012684	27.3301893531875	36.7121206377368	16.2735537923304	28.2802582878213	41.2532834297304	33.9711885693723	39.5427481069892
PA14_RS13190	0	0	0	0	0	0	0.63466589891893	0	0
PA14_RS13195	0	0	1.70813683457422	3.96887790678235	1.54986226593623	0	2.53866359567572	0	0
PA14_RS13200	10.3029298140746	3.28005107603702	7.68661575558399	13.8910726737382	11.6239669945217	13.1301199193456	19.6746428664868	13.3825894364194	11.2979280305683
PA14_RS13205	9.0150635873153	14.7602298421666	22.2057788494648	27.7821453474765	17.0484849252985	35.3503228597766	26.0213018556761	21.6180290896006	26.3618320713261
PA14_RS13210	21.8937258549086	13.1202043041481	22.2057788494648	17.8599505805206	27.122589653884	25.2502306141261	32.3679608448654	13.3825894364194	20.7128680560419
PA14_RS13215	28.3330569887052	35.260549067398	51.2441050372266	45.6420959279971	48.045730244023	42.4203874317319	75.5252419713527	74.1189568786305	84.7344602292625
PA14_RS13220	43.7874517098172	52.4808172165924	39.287147195207	40.6809985445191	58.8947661055766	24.2402213895611	61.5625921951362	72.0600969653352	96.0323882598308
PA14_RS13225	133.93808758297	113.981774892287	140.921288852373	78.3853386589515	96.091460488046	102.01093168107	104.719873321623	111.178435317946	135.57513636682
PA14_RS13230	189.316335333621	193.523013486184	117.861441585621	157.762896794599	159.635813391431	180.791651197143	199.285092260544	206.915421286177	207.128680560419
PA14_RS13235	20.6058596281493	6.56010215207404	4.27034208643555	5.95331686017353	12.3988981274898	13.1301199193456	8.88532258486502	10.2942995664765	7.53195202037889
PA14_RS13240	19.3179934013899	26.2404086082962	16.2272999284551	11.9066337203471	26.3476585209158	29.2902675123863	15.8666474729732	31.912328656077	9.41494002547361
PA14_RS13245	15.4543947211119	26.2404086082962	18.7895051803164	16.867731103825	34.8719009835651	12.1201106947805	29.1946313502708	28.8240387861341	26.3618320713261
PA14_RS13250	6.43933113379664	3.28005107603702	0	0.992219476695589	1.54986226593623	4.04003689826018	8.88532258486502	4.11771982659058	13.1809160356631
PA14_RS13255	14.1665284943526	36.0805618364072	15.373231511168	23.8132674406941	9.29917359561736	40.4003689826018	16.5013133718922	42.2066282225535	5.64896401528417
PA14_RS31695	19.3179934013899	29.5204596843332	23.9139156840391	26.7899258707809	17.8234160582666	24.2402213895611	17.77064516973	20.5885991329529	16.9468920458525
PA14_RS13260	48.9389166168545	81.1812641319163	78.5742943904141	69.4553633686912	99.1911850199185	72.7206641686833	88.2185599497313	82.3543965318117	103.56434028021
PA14_RS13265	29.6209232154645	31.1604852223517	14.5191630938809	39.6887790678235	18.5983471912347	22.220202940431	26.6559677545951	35.00061852602	26.3618320713261
PA14_RS13270	155.831813437879	153.342387804731	114.445167916473	75.4086802288647	89.117080291333	94.9408671091143	75.5252419713527	83.3838264884593	75.3195202037889
PA14_RS13275	56.6661139774104	99.2215450501199	72.5958154694043	66.4787049386044	51.1454547758955	62.6205719230328	41.8879493286494	52.5009277890299	47.074700127368
PA14_RS13280	14.1665284943526	40.1806256814535	17.0813683457422	20.8366090106074	13.948760393426	11.1101014702155	15.8666474729732	19.5591691763053	28.2448200764208
PA14_RS13285	18.0301271746306	2.46003830702777	7.68661575558399	6.94553633686912	13.1738292604579	19.1901752667359	8.88532258486502	9.26486960982881	9.41494002547361
PA14_RS13290	33.4845218957425	41.820651219472	51.2441050372266	19.8443895339118	40.2964189143419	31.3102859615164	47.5999424189197	40.1477683092582	43.3087241171786
PA14_RS13295	32.1966556689832	19.6803064562221	18.7895051803164	17.8599505805206	16.2735537923304	14.1401291439106	7.61599078702716	9.26486960982881	0
PA14_RS13300	20.6058596281493	16.4002553801851	13.6650946765938	24.8054869173897	16.2735537923304	10.1000922456505	11.4239861805407	13.3825894364194	15.0639040407578
PA14_RS13305	72.1205086985224	53.3008299856016	50.3900366199395	37.7043401144324	32.5471075846608	55.5505073510775	35.5412903394601	29.8534687427817	30.1278080815155
PA14_RS13310	0	0.820012769009256	0	0	0.774931132968113	4.04003689826018	0	6.17657973988588	0
PA14_RS13315	1.28786622675933	0	0	0	0	0	0	0	0
PA14_RS13320	5.15146490703731	3.28005107603702	0	1.98443895339118	4.64958679780868	0	0	0	0
PA14_RS13325	0	0.820012769009256	0.854068417287109	2.97665843008677	2.32479339890434	1.01000922456505	0.63466589891893	0	0
PA14_RS13330	3.86359868027798	4.10006384504628	3.41627366914844	4.96109738347794	3.09972453187245	3.03002767369514	2.53866359567572	4.11771982659058	1.88298800509472
PA14_RS13335	6.43933113379664	6.56010215207404	8.54068417287109	0.992219476695589	4.64958679780868	5.05004612282523	13.9626497762165	5.14714978323823	0
PA14_RS13340	3.86359868027798	1.64002553801851	5.12441050372266	4.96109738347794	9.29917359561736	1.01000922456505	5.07732719135144	6.17657973988588	0
PA14_RS13345	5.15146490703731	3.28005107603702	8.54068417287109	9.92219476695589	5.42451793077679	14.1401291439106	6.3466589891893	6.17657973988588	16.9468920458525
PA14_RS13350	9.0150635873153	6.56010215207404	2.56220525186133	2.97665843008677	8.52424246264924	8.08007379652036	4.44266129243251	1.02942995664765	0
PA14_RS13355	0	0.820012769009256	0.854068417287109	3.96887790678235	2.32479339890434	2.02001844913009	3.17332949459465	0	1.88298800509472
PA14_RS13360	114.62009418158	101.681583357148	90.5312522324336	161.731774701381	161.185675657368	130.291189968891	143.434493155678	138.973044147432	229.724536621556
PA14_RS13365	101.741431913987	164.002553801851	115.29923633376	157.762896794599	160.410744524399	141.401291439106	165.013133718922	176.032522586747	124.277208336252
PA14_RS13370	1200.29132333969	1250.51947273911	1170.07373168334	949.554039197678	1000.43609266183	1046.36955664939	916.457558038935	921.339811199643	992.334678684918
PA14_RS31765	2.57573245351866	0.820012769009256	0	0	0	0	0	0	0
PA14_RS31265	1.28786622675933	2.46003830702777	0	0	0	1.01000922456505	1.26933179783786	0	9.41494002547361
PA14_RS13375	28.3330569887052	31.1604852223517	25.6220525186133	17.8599505805206	18.5983471912347	12.1201106947805	14.5973156751354	15.4414493497147	5.64896401528417
PA14_RS13380	211.21006118853	182.862847489064	146.045699356096	91.2841918559942	110.040220881472	115.141051600415	48.2346083178387	61.7657973988588	28.2448200764208
PA14_RS30445	34.7723881225019	26.2404086082962	20.4976420148906	16.867731103825	15.4986226593623	8.08007379652036	6.3466589891893	5.14714978323823	0
PA14_RS13385	158.407545891397	173.022694260953	163.127067701838	160.739555224685	113.139945413345	126.251153070631	62.1972580940551	73.0895269219829	28.2448200764208
PA14_RS31770	0	4.10006384504628	5.97847892100977	2.97665843008677	3.09972453187245	2.02001844913009	1.90399769675679	4.11771982659058	0
PA14_RS30455	52.8025152971325	40.1806256814535	35.0168051087715	27.7821453474765	19.3732783242028	29.2902675123863	16.5013133718922	23.6768890028959	28.2448200764208
PA14_RS31775	34.7723881225019	27.8804341463147	11.1028894247324	9.92219476695589	19.3732783242028	27.2702490632562	6.98132488810823	8.23543965318117	13.1809160356631
PA14_RS30465	157.119679664638	164.002553801851	128.964331010354	101.20638662295	78.2680444297794	63.6305811475979	51.4079378124333	57.6480775722682	64.0215921732205
PA14_RS30470	418.556523696782	341.12531190785	266.469346193578	187.529481095466	185.208540779379	228.2620847517	236.095714397842	135.884754277489	242.905452657219
PA14_RS13390	29.6209232154645	46.7407278335276	15.373231511168	25.7977063940853	36.4217632495013	25.2502306141261	35.5412903394601	19.5591691763053	11.2979280305683
PA14_RS13395	95.3021007801903	97.5815195121014	99.0719364053047	50.603193311475	46.4958679780868	56.5605165756425	46.9652765200008	50.4420678757347	37.6597601018944
PA14_RS31545	65.6811775647257	91.8414301290366	87.9690469805723	60.5253880784309	59.6696972385447	44.440405880862	66.0052534875687	113.237295231241	56.4896401528417
PA14_RS31550	60.5297126576884	40.1806256814535	57.2225839582363	32.7432427309544	46.4958679780868	45.450415105427	56.4852650037848	50.4420678757347	58.3726281579364
PA14_RS13410	38.6359868027798	16.4002553801851	16.2272999284551	14.8832921504338	14.7236915263941	12.1201106947805	19.0399769675679	7.20600969653352	3.76597601018944
PA14_RS13415	70.832642471763	54.9408555236201	58.0766523755234	85.3308749958206	71.2936642330664	70.7006457195532	63.466589891893	96.7664159248787	124.277208336252
PA14_RS13420	172.57407438575	210.743281635379	195.581667558748	183.560603188684	196.832507773901	215.131964832355	190.399769675679	196.6211217197	152.522028412672
PA14_RS13425	6.43933113379664	4.10006384504628	6.83254733829688	0	3.87465566484057	0	3.17332949459465	4.11771982659058	15.0639040407578
PA14_RS13430	64.3933113379664	73.801149210833	65.7632681311074	82.3542165657339	83.6925623605562	77.7707102915085	84.4105645562177	82.3543965318117	54.6066521477469
PA14_RS13435	94.014234553431	58.2209065996571	64.9091997138203	72.432021798778	77.4931132968113	64.6405903721629	102.815875624867	99.8547057948217	77.2025082088836
PA14_RS13440	9.0150635873153	13.9402170731573	17.0813683457422	2.97665843008677	9.29917359561736	9.09008302108541	12.0586520794597	19.5591691763053	20.7128680560419
PA14_RS13445	11.590796040834	15.5802426111759	14.5191630938809	7.93775581356471	8.52424246264924	23.230212164996	17.77064516973	9.26486960982881	3.76597601018944
PA14_RS13450	29.6209232154645	7.3801149210833	6.83254733829688	11.9066337203471	12.3988981274898	0	24.7519700578383	8.23543965318117	0
PA14_RS13455	101.741431913987	53.3008299856016	114.445167916473	33.73546220765	52.6953170418317	36.3603320843416	63.466589891893	68.9718070953923	52.7236641426522
PA14_RS13460	37.3481205760205	31.1604852223517	4.27034208643555	5.95331686017353	10.8490358615536	26.2602398386912	8.25065668594609	9.26486960982881	11.2979280305683
PA14_RS13465	42.4995854830578	41.0006384504628	36.7249419433457	19.8443895339118	10.0741047285855	26.2602398386912	22.8479723610815	8.23543965318117	7.53195202037889
PA14_RS13470	25.7573245351866	27.0604213773054	20.4976420148906	17.8599505805206	9.29917359561736	33.3303044106465	6.3466589891893	9.26486960982881	13.1809160356631
PA14_RS13475	2.57573245351866	16.4002553801851	8.54068417287109	7.93775581356471	7.74931132968113	4.04003689826018	3.80799539351358	15.4414493497147	3.76597601018944
PA14_RS13480	15.4543947211119	38.540600143435	14.5191630938809	34.7276816843456	21.6980717231072	12.1201106947805	10.1546543827029	10.2942995664765	5.64896401528417
PA14_RS13485	63.1054451112071	41.820651219472	39.287147195207	45.6420959279971	27.8975207868521	10.1000922456505	24.1173041589193	8.23543965318117	16.9468920458525
PA14_RS13490	1.28786622675933	10.6601659971203	4.27034208643555	9.92219476695589	15.4986226593623	4.04003689826018	5.71199309027037	6.17657973988588	5.64896401528417
PA14_RS13495	21.8937258549086	8.20012769009256	6.83254733829688	6.94553633686912	7.74931132968113	8.08007379652036	3.80799539351358	11.3237295231241	3.76597601018944
PA14_RS13500	25.7573245351866	9.84015322811107	9.3947525901582	7.93775581356471	8.52424246264924	9.09008302108541	19.0399769675679	23.6768890028959	9.41494002547361
PA14_RS13505	30.9087894422239	42.6406639884813	35.0168051087715	36.7121206377368	31.7721764516926	20.2001844913009	31.7332949459465	18.5297392196576	62.1386041681258
PA14_RS13510	3.86359868027798	8.20012769009256	5.97847892100977	10.9144142436515	11.6239669945217	4.04003689826018	8.25065668594609	3.08828986994294	18.8298800509472
PA14_RS13515	82.423438512597	54.9408555236201	45.2656261162168	34.7276816843456	44.9460057121506	29.2902675123863	22.8479723610815	22.6474590462482	45.1917121222733
PA14_RS13520	19.3179934013899	32.8005107603702	32.4545998569102	23.8132674406941	30.9972453187245	18.1801660421708	38.7146198340547	44.2654881358488	26.3618320713261
PA14_RS13525	19.3179934013899	8.20012769009256	8.54068417287109	0.992219476695589	5.42451793077679	10.1000922456505	8.25065668594609	7.20600969653352	0
PA14_RS13530	0	0	0	0	0	0	0	0	0
PA14_RS13535	7.72719736055597	8.20012769009256	6.83254733829688	1.98443895339118	6.1994490637449	2.02001844913009	6.3466589891893	12.3531594797718	0
PA14_RS13540	3.86359868027798	4.10006384504628	16.2272999284551	9.92219476695589	4.64958679780868	2.02001844913009	1.90399769675679	0	7.53195202037889
PA14_RS13545	27.0451907619459	15.5802426111759	5.97847892100977	5.95331686017353	3.09972453187245	2.02001844913009	8.88532258486502	7.20600969653352	0
PA14_RS13550	0	3.28005107603702	0	3.96887790678235	4.64958679780868	5.05004612282523	4.44266129243251	5.14714978323823	11.2979280305683
PA14_RS13555	0	5.74008938306479	0.854068417287109	0	8.52424246264924	4.04003689826018	1.90399769675679	3.08828986994294	0
PA14_RS13560	9.0150635873153	4.10006384504628	5.12441050372266	4.96109738347794	8.52424246264924	0	1.90399769675679	2.05885991329529	0
PA14_RS13565	18.0301271746306	19.6803064562221	39.287147195207	11.9066337203471	16.2735537923304	32.3202951860815	24.1173041589193	7.20600969653352	20.7128680560419
PA14_RS13570	199.619265147696	200.903128407268	168.251478205561	183.560603188684	123.21405014193	117.161070049545	143.434493155678	187.356252109872	75.3195202037889
PA14_RS13575	318.102958009554	259.124035006925	299.778014467775	367.121206377368	320.046557915831	397.943634478628	368.740887271898	369.565354436505	378.480589024039
PA14_RS13580	221.512991002604	173.842707029962	266.469346193578	277.821453474765	253.402480480573	274.722509081692	287.503652210275	421.036852268887	465.098037258396
PA14_RS13585	200.907131374455	170.562655953925	206.68455698348	167.685091561554	180.55895398157	176.751614298883	184.687776585409	278.975518251512	331.405888896671
PA14_RS13590	365.754008399649	282.084392539184	263.907140941717	227.21826016329	288.274381464138	252.502306141261	295.119642997302	338.682455737076	237.256488641935
PA14_RS13595	310.375760648998	266.504149928008	363.833145764309	264.922600277722	264.251516342127	210.081918709529	284.330322715681	286.181527948046	286.214176774398
PA14_RS13600	169.998341932231	134.482094117518	162.272999284551	129.980751447122	123.988981274898	105.040959354765	145.338490852435	155.443923453795	112.979280305683
PA14_RS13605	9.0150635873153	4.92007661405553	9.3947525901582	6.94553633686912	10.0741047285855	1.01000922456505	2.53866359567572	7.20600969653352	16.9468920458525
PA14_RS13610	6.43933113379664	9.02014045910181	0.854068417287109	6.94553633686912	0	2.02001844913009	2.53866359567572	0	9.41494002547361
PA14_RS13615	23.1815920816679	11.4801787661296	17.9354367630293	8.9299752902603	10.8490358615536	8.08007379652036	11.4239861805407	4.11771982659058	5.64896401528417
PA14_RS13620	6.43933113379664	1.64002553801851	9.3947525901582	16.867731103825	10.8490358615536	18.1801660421708	8.88532258486502	6.17657973988588	0
PA14_RS13625	10.3029298140746	7.3801149210833	5.97847892100977	15.8755116271294	9.29917359561736	5.05004612282523	13.9626497762165	11.3237295231241	5.64896401528417
PA14_RS13630	24.4694583084272	33.6205235293795	37.5790103606328	32.7432427309544	24.7977962549796	37.3703413089067	52.6772696102712	46.3243480491441	43.3087241171786
PA14_RS13635	12.8786622675933	14.7602298421666	5.97847892100977	0	10.8490358615536	5.05004612282523	8.25065668594609	11.3237295231241	7.53195202037889
PA14_RS13640	28.3330569887052	2.46003830702777	7.68661575558399	0	5.42451793077679	13.1301199193456	4.44266129243251	6.17657973988588	0
PA14_RS13645	6.43933113379664	9.02014045910181	12.8110262593066	8.9299752902603	6.97438019671302	9.09008302108541	3.17332949459465	5.14714978323823	3.76597601018944
PA14_RS13650	5.15146490703731	3.28005107603702	8.54068417287109	0.992219476695589	2.32479339890434	0	1.90399769675679	5.14714978323823	1.88298800509472
PA14_RS13655	5.15146490703731	1.64002553801851	0	0	0	2.02001844913009	0.63466589891893	0	0
PA14_RS13660	16.7422609478713	16.4002553801851	15.373231511168	12.8988531970427	3.09972453187245	4.04003689826018	13.3279838772975	10.2942995664765	7.53195202037889
PA14_RS13665	20.6058596281493	28.7004469153239	16.2272999284551	1.98443895339118	11.6239669945217	6.06005534739027	12.0586520794597	4.11771982659058	11.2979280305683
PA14_RS13670	14.1665284943526	12.3001915351388	19.6435735976035	0.992219476695589	5.42451793077679	3.03002767369514	2.53866359567572	1.02942995664765	7.53195202037889
PA14_RS13675	9.0150635873153	10.6601659971203	20.4976420148906	9.92219476695589	6.1994490637449	4.04003689826018	1.26933179783786	0	1.88298800509472
PA14_RS13680	28.3330569887052	22.1403447632499	18.7895051803164	6.94553633686912	11.6239669945217	1.01000922456505	1.90399769675679	8.23543965318117	0
PA14_RS13685	2.57573245351866	13.1202043041481	10.2488210074453	4.96109738347794	4.64958679780868	1.01000922456505	1.90399769675679	2.05885991329529	0
PA14_RS13690	2.57573245351866	6.56010215207404	4.27034208643555	1.98443895339118	0	0	1.90399769675679	1.02942995664765	0
PA14_RS13695	9.0150635873153	6.56010215207404	20.4976420148906	1.98443895339118	0	0	3.17332949459465	0	0
PA14_RS13700	66.9690437914851	115.621800430305	101.634141657166	42.6654374979103	37.9716255154375	47.4704335545571	29.8292972491897	31.912328656077	47.074700127368
PA14_RS13705	79.8477060590783	67.241047058759	98.2178679880176	77.3931191822559	98.4162538869504	78.7807195160735	85.6798963540555	113.237295231241	64.0215921732205
PA14_RS13710	47.6510503900951	36.9005746054165	58.0766523755234	31.7510232542588	34.8719009835651	61.6105626984678	58.3892627005416	62.7952273555064	39.5427481069892
PA14_RS13715	70.832642471763	68.8810725967775	69.1795418002559	46.6343154046927	61.2195595044809	68.6806272704231	43.7919470254062	56.6186476156205	56.4896401528417
PA14_RS13720	86.287037192875	102.501596126157	87.9690469805723	43.6576569746059	75.9432510308751	26.2602398386912	37.4452880362169	35.00061852602	45.1917121222733
PA14_RS13725	18.0301271746306	9.84015322811107	10.2488210074453	8.9299752902603	6.1994490637449	5.05004612282523	6.3466589891893	7.20600969653352	0
PA14_RS13735	46.3631841633358	50.8407916785738	56.3685155409492	66.4787049386044	46.4958679780868	40.4003689826018	46.3306106210819	53.5303577456776	16.9468920458525
PA14_RS13740	5.15146490703731	2.46003830702777	1.70813683457422	0	5.42451793077679	4.04003689826018	0.63466589891893	5.14714978323823	0
PA14_RS13745	7.72719736055597	8.20012769009256	9.3947525901582	0	0.774931132968113	3.03002767369514	0	5.14714978323823	0
PA14_RS13750	5.15146490703731	7.3801149210833	10.2488210074453	0.992219476695589	2.32479339890434	0	5.71199309027037	8.23543965318117	9.41494002547361
PA14_RS13755	12.8786622675933	9.02014045910181	12.8110262593066	14.8832921504338	4.64958679780868	15.1501383684757	17.1359792708111	6.17657973988588	1.88298800509472
PA14_RS13760	29.6209232154645	32.8005107603702	25.6220525186133	14.8832921504338	27.122589653884	17.1701568176058	16.5013133718922	19.5591691763053	18.8298800509472
PA14_RS13765	50.2267828436138	54.1208427546109	52.0981734545137	35.7199011610412	33.3220387176289	27.2702490632562	33.0026267437844	26.7651788728388	24.4788440662314
PA14_RS13770	25.7573245351866	68.0610598277682	34.1627366914844	22.8210479639985	45.7209368451187	28.2802582878213	43.7919470254062	27.7946088294864	73.4365321986942
PA14_RS13775	131.362355129451	188.602936872129	199.852009645184	153.794018887816	148.01184639691	165.641512828667	165.647799617841	182.209102326633	124.277208336252
PA14_RS13780	39.9238530295392	48.3807533715461	31.6005314396231	42.6654374979103	27.122589653884	16.1601475930407	36.8106221372979	18.5297392196576	41.4257361120839
PA14_RS13785	14.1665284943526	20.5003192252314	20.4976420148906	7.93775581356471	17.0484849252985	14.1401291439106	13.9626497762165	17.50030926301	20.7128680560419
PA14_RS13790	1.28786622675933	6.56010215207404	5.97847892100977	2.97665843008677	0.774931132968113	9.09008302108541	5.71199309027037	8.23543965318117	13.1809160356631
PA14_RS13795	21.8937258549086	3.28005107603702	8.54068417287109	10.9144142436515	6.97438019671302	10.1000922456505	9.51998848378395	9.26486960982881	9.41494002547361
PA14_RS13800	30.9087894422239	22.9603575322592	41.8493524470684	29.7665843008677	33.3220387176289	17.1701568176058	23.4826382600004	12.3531594797718	43.3087241171786
PA14_RS13805	69.5447762450037	51.6608044475831	40.9952840297813	34.7276816843456	36.4217632495013	43.4303966562969	33.0026267437844	39.1183383526105	82.8514722241678
PA14_RS13810	184.164870426584	79.5412385938978	105.904483743602	96.2452892394721	79.0429755627475	188.871724993663	137.722500065408	138.973044147432	114.862268310778
PA14_RS13815	96.5899670069496	71.3411109038052	58.0766523755234	60.5253880784309	54.2451793077679	85.8507840880288	94.5652189389206	74.1189568786305	109.213304295494
PA14_RS13820	48.9389166168545	59.0409193686664	42.7034208643555	52.5876322648662	34.096969850597	43.4303966562969	66.6399193864876	49.412637919087	52.7236641426522
PA14_RS13825	96.5899670069496	105.781647202194	118.715510002908	140.895165690774	125.538843540834	144.431319112801	170.725126809192	125.590454711013	167.58593245343
PA14_RS13830	14.1665284943526	9.02014045910181	1.70813683457422	1.98443895339118	3.09972453187245	5.05004612282523	7.61599078702716	6.17657973988588	11.2979280305683
PA14_RS13835	27.0451907619459	22.9603575322592	15.373231511168	30.7588037775632	29.4473830527883	11.1101014702155	29.8292972491897	11.3237295231241	26.3618320713261
PA14_RS13840	0	9.84015322811107	3.41627366914844	6.94553633686912	3.09972453187245	6.06005534739027	6.98132488810823	4.11771982659058	0
PA14_RS13845	1.28786622675933	6.56010215207404	1.70813683457422	5.95331686017353	8.52424246264924	4.04003689826018	3.80799539351358	6.17657973988588	15.0639040407578
PA14_RS13850	18.0301271746306	4.10006384504628	14.5191630938809	2.97665843008677	9.29917359561736	4.04003689826018	2.53866359567572	6.17657973988588	16.9468920458525
PA14_RS13855	12.8786622675933	9.84015322811107	20.4976420148906	14.8832921504338	17.8234160582666	22.220202940431	14.5973156751354	13.3825894364194	11.2979280305683
PA14_RS13860	0	0.820012769009256	7.68661575558399	6.94553633686912	6.1994490637449	3.03002767369514	6.98132488810823	3.08828986994294	0
PA14_RS13865	9.0150635873153	11.4801787661296	7.68661575558399	7.93775581356471	6.97438019671302	9.09008302108541	14.5973156751354	2.05885991329529	16.9468920458525
PA14_RS13870	12.8786622675933	11.4801787661296	5.97847892100977	0	6.1994490637449	0	1.90399769675679	2.05885991329529	9.41494002547361
PA14_RS13875	19.3179934013899	9.02014045910181	22.2057788494648	5.95331686017353	3.87465566484057	5.05004612282523	5.07732719135144	5.14714978323823	13.1809160356631
PA14_RS13880	0	0	1.70813683457422	1.98443895339118	0	0	0	0	0
PA14_RS13885	12.8786622675933	2.46003830702777	3.41627366914844	0	0.774931132968113	0	3.17332949459465	0	3.76597601018944
PA14_RS13890	19.3179934013899	11.4801787661296	12.8110262593066	14.8832921504338	9.29917359561736	14.1401291439106	5.07732719135144	4.11771982659058	0
PA14_RS13895	37.3481205760205	22.9603575322592	15.373231511168	18.8521700572162	6.97438019671302	17.1701568176058	9.51998848378395	8.23543965318117	24.4788440662314
PA14_RS13900	20.6058596281493	13.1202043041481	16.2272999284551	7.93775581356471	5.42451793077679	2.02001844913009	20.3093087654058	6.17657973988588	3.76597601018944
PA14_RS13905	15.4543947211119	28.7004469153239	40.9952840297813	21.8288284873029	21.6980717231072	22.220202940431	22.2133064621625	37.0594784393153	33.893784091705
PA14_RS13910	11.590796040834	4.10006384504628	17.9354367630293	2.97665843008677	3.09972453187245	4.04003689826018	7.61599078702716	4.11771982659058	5.64896401528417
PA14_RS13915	48.9389166168545	31.1604852223517	67.4714049656816	26.7899258707809	24.7977962549796	36.3603320843416	16.5013133718922	28.8240387861341	56.4896401528417
PA14_RS13920	11.590796040834	13.1202043041481	23.9139156840391	20.8366090106074	12.3988981274898	29.2902675123863	22.2133064621625	13.3825894364194	16.9468920458525
PA14_RS13925	2.57573245351866	15.5802426111759	11.9569578420195	0.992219476695589	13.1738292604579	0	5.71199309027037	6.17657973988588	13.1809160356631
PA14_RS13930	56.6661139774104	42.6406639884813	60.6388576273848	41.6732180212147	61.994490637449	26.2602398386912	57.7545968016226	41.1771982659058	54.6066521477469
PA14_RS13935	6.43933113379664	6.56010215207404	7.68661575558399	1.98443895339118	5.42451793077679	7.07006457195532	5.71199309027037	7.20600969653352	11.2979280305683
PA14_RS13940	9.0150635873153	8.20012769009256	12.8110262593066	0	1.54986226593623	4.04003689826018	1.90399769675679	2.05885991329529	0
PA14_RS13945	1.28786622675933	4.10006384504628	3.41627366914844	3.96887790678235	2.32479339890434	0	0.63466589891893	6.17657973988588	0
PA14_RS13950	1.28786622675933	6.56010215207404	5.97847892100977	4.96109738347794	2.32479339890434	3.03002767369514	11.4239861805407	2.05885991329529	3.76597601018944
PA14_RS13955	41.2117192562985	34.4405362983887	35.8708735260586	43.6576569746059	18.5983471912347	22.220202940431	23.4826382600004	32.9417586127247	22.5958560611367
PA14_RS13960	51.5146490703731	41.0006384504628	32.4545998569102	17.8599505805206	29.4473830527883	24.2402213895611	23.4826382600004	33.9711885693723	35.7767720967997
PA14_RS13965	6.43933113379664	3.28005107603702	1.70813683457422	0	0.774931132968113	2.02001844913009	0	0	0
PA14_RS13970	0	0	1.70813683457422	0.992219476695589	2.32479339890434	0	0	0	0
PA14_RS13975	0	0.820012769009256	4.27034208643555	0	0	0	0	0	0
PA14_RS13980	6.43933113379664	4.10006384504628	0	0	0	2.02001844913009	0.63466589891893	0	15.0639040407578
PA14_RS13985	0	4.92007661405553	0	0.992219476695589	0.774931132968113	0	0.63466589891893	0	0
PA14_RS13990	9.0150635873153	11.4801787661296	2.56220525186133	1.98443895339118	0.774931132968113	3.03002767369514	2.53866359567572	1.02942995664765	0
PA14_RS13995	34.7723881225019	15.5802426111759	31.6005314396231	18.8521700572162	9.29917359561736	33.3303044106465	24.7519700578383	22.6474590462482	20.7128680560419
PA14_RS14000	7.72719736055597	16.4002553801851	6.83254733829688	8.9299752902603	7.74931132968113	4.04003689826018	1.90399769675679	3.08828986994294	5.64896401528417
PA14_RS14005	0	0	5.12441050372266	0	1.54986226593623	0	0	1.02942995664765	0
PA14_RS14010	0	0.820012769009256	0	1.98443895339118	0	0	0.63466589891893	2.05885991329529	0
PA14_RS14015	7.72719736055597	7.3801149210833	0	2.97665843008677	0	1.01000922456505	0	0	0
PA14_RS14020	2.57573245351866	0.820012769009256	0.854068417287109	0	1.54986226593623	1.01000922456505	2.53866359567572	0	0
PA14_RS14025	2.57573245351866	13.9402170731573	9.3947525901582	19.8443895339118	13.948760393426	10.1000922456505	12.6933179783786	2.05885991329529	5.64896401528417
PA14_RS14030	2.57573245351866	9.02014045910181	4.27034208643555	6.94553633686912	5.42451793077679	1.01000922456505	10.1546543827029	5.14714978323823	0
PA14_RS14035	27.0451907619459	11.4801787661296	20.4976420148906	21.8288284873029	10.8490358615536	4.04003689826018	24.7519700578383	10.2942995664765	0
PA14_RS14040	57.9539802041698	65.6010215207404	43.5574892816426	28.7743648241721	34.8719009835651	39.3903597580368	27.290633653514	36.0300484826676	48.9576881324628
PA14_RS14045	10.3029298140746	8.20012769009256	9.3947525901582	4.96109738347794	3.87465566484057	3.03002767369514	6.98132488810823	8.23543965318117	1.88298800509472
PA14_RS14050	6.43933113379664	6.56010215207404	8.54068417287109	4.96109738347794	0.774931132968113	9.09008302108541	3.17332949459465	6.17657973988588	15.0639040407578
PA14_RS14055	0	2.46003830702777	10.2488210074453	1.98443895339118	0.774931132968113	0	0	3.08828986994294	7.53195202037889
PA14_RS14060	10.3029298140746	5.74008938306479	2.56220525186133	0	2.32479339890434	2.02001844913009	0	2.05885991329529	0
PA14_RS14065	11.590796040834	3.28005107603702	9.3947525901582	0.992219476695589	3.09972453187245	8.08007379652036	3.80799539351358	9.26486960982881	30.1278080815155
PA14_RS14070	7.72719736055597	8.20012769009256	6.83254733829688	1.98443895339118	3.09972453187245	0	3.17332949459465	10.2942995664765	0
PA14_RS14075	2.57573245351866	14.7602298421666	10.2488210074453	4.96109738347794	1.54986226593623	8.08007379652036	11.4239861805407	7.20600969653352	1.88298800509472
PA14_RS14080	27.0451907619459	7.3801149210833	11.1028894247324	2.97665843008677	11.6239669945217	1.01000922456505	7.61599078702716	18.5297392196576	9.41494002547361
PA14_RS14085	242.118850630754	92.6614428980459	205.830488566193	88.3075334259074	101.515978418823	98.9809040073744	122.490518491353	187.356252109872	184.532824499283
PA14_RS31415	0	0	0	5.95331686017353	4.64958679780868	1.01000922456505	0	0	0
PA14_RS14090	2.57573245351866	9.02014045910181	5.12441050372266	5.95331686017353	6.97438019671302	6.06005534739027	3.17332949459465	1.02942995664765	0
PA14_RS14095	88.8627696463936	82.0012769009256	47.8278313680781	44.6498764513015	48.045730244023	34.3403136352115	26.6559677545951	51.4714978323823	39.5427481069892
PA14_RS14100	45.0753179365765	50.0207789095646	32.4545998569102	37.7043401144324	40.2964189143419	35.3503228597766	39.3492857329737	45.2949180924964	54.6066521477469
PA14_RS14105	19.3179934013899	25.4203958392869	18.7895051803164	28.7743648241721	13.948760393426	16.1601475930407	13.3279838772975	15.4414493497147	33.893784091705
PA14_RS14110	5.15146490703731	9.02014045910181	5.12441050372266	5.95331686017353	5.42451793077679	2.02001844913009	5.71199309027037	13.3825894364194	5.64896401528417
PA14_RS14115	21.8937258549086	21.3203319942406	38.4330787779199	5.95331686017353	10.0741047285855	24.2402213895611	10.7893202816218	30.8828986994294	26.3618320713261
PA14_RS14120	0	2.46003830702777	5.12441050372266	6.94553633686912	5.42451793077679	0	1.26933179783786	3.08828986994294	1.88298800509472
PA14_RS14125	7.72719736055597	0	5.97847892100977	0	0	0	0.63466589891893	0	0
PA14_RS14130	28.3330569887052	33.6205235293795	27.3301893531875	21.8288284873029	27.122589653884	41.4103782071669	25.3866359567572	21.6180290896006	77.2025082088836
PA14_RS14135	5.15146490703731	0.820012769009256	0.854068417287109	0.992219476695589	2.32479339890434	1.01000922456505	0	4.11771982659058	0
PA14_RS14140	0	0	0	1.98443895339118	0	2.02001844913009	0	1.02942995664765	0
PA14_RS14145	6.43933113379664	4.92007661405553	5.97847892100977	5.95331686017353	3.09972453187245	6.06005534739027	5.07732719135144	1.02942995664765	0
PA14_RS14150	0	3.28005107603702	0.854068417287109	3.96887790678235	0	0	0.63466589891893	4.11771982659058	1.88298800509472
PA14_RS14155	1.28786622675933	3.28005107603702	0.854068417287109	0	0	0	1.90399769675679	0	9.41494002547361
PA14_RS14160	0	4.10006384504628	0	2.97665843008677	0.774931132968113	1.01000922456505	2.53866359567572	8.23543965318117	0
PA14_RS14165	149.392482304082	154.16240057374	144.337562521522	137.918507260687	143.362259599101	237.352167772786	207.53574894649	211.033141112767	203.36270455023
PA14_RS14170	320.678690463073	277.984328694138	275.864098783736	293.696965101894	266.576309741031	274.722509081692	294.484977098383	317.064426647475	286.214176774398
PA14_RS14175	16.7422609478713	36.9005746054165	28.1842577704746	10.9144142436515	22.4730028560753	22.220202940431	12.6933179783786	25.7357489161911	9.41494002547361
PA14_RS14180	3.86359868027798	4.92007661405553	9.3947525901582	0.992219476695589	13.948760393426	4.04003689826018	11.4239861805407	14.412019393067	9.41494002547361
PA14_RS14185	171.286208158991	112.341749354268	156.294520363541	125.019654063644	131.738292604579	115.141051600415	105.989205119461	98.825275838174	75.3195202037889
PA14_RS14190	41.2117192562985	27.0604213773054	43.5574892816426	24.8054869173897	39.5214877813738	39.3903597580368	22.8479723610815	30.8828986994294	41.4257361120839
PA14_RS14195	73.4083749252817	103.321608895166	80.2824312249883	65.4864854619089	37.9716255154375	80.8007379652036	58.3892627005416	51.4714978323823	60.2556161630311
PA14_RS14200	10.3029298140746	6.56010215207404	5.97847892100977	1.98443895339118	3.09972453187245	7.07006457195532	5.07732719135144	5.14714978323823	11.2979280305683
PA14_RS14205	18.0301271746306	13.9402170731573	18.7895051803164	10.9144142436515	20.9231405901391	16.1601475930407	13.3279838772975	23.6768890028959	1.88298800509472
PA14_RS14210	0	0	0	2.97665843008677	1.54986226593623	3.03002767369514	0	0	0
PA14_RS14215	0	2.46003830702777	0	0	0	0	1.26933179783786	0	0
PA14_RS14220	7.72719736055597	9.02014045910181	2.56220525186133	0	2.32479339890434	0	0	3.08828986994294	0
PA14_RS14225	2.57573245351866	12.3001915351388	4.27034208643555	0	0	1.01000922456505	0	2.05885991329529	0
PA14_RS14230	68.2569100182444	55.7608682926294	45.2656261162168	27.7821453474765	50.3705236429274	36.3603320843416	53.946601408109	29.8534687427817	37.6597601018944
PA14_RS14235	180.301271746306	186.142898565101	234.014746336668	120.058556680166	159.635813391431	126.251153070631	158.666474729732	189.415112023167	203.36270455023
PA14_RS14240	48.9389166168545	51.6608044475831	49.5359682026523	40.6809985445191	38.7465566484057	28.2802582878213	48.2346083178387	23.6768890028959	45.1917121222733
PA14_RS14245	18.0301271746306	22.1403447632499	17.9354367630293	585.409491250397	579.648487460149	495.914529261437	816.815011908663	760.74873796261	613.854089660879
PA14_RS14250	2.57573245351866	4.10006384504628	0	0.992219476695589	0	0	0	0	0
PA14_RS14255	1.28786622675933	5.74008938306479	8.54068417287109	0	0	3.03002767369514	0.63466589891893	0	0
PA14_RS14260	1.28786622675933	0	1.70813683457422	0	3.09972453187245	0	0	0	0
PA14_RS14265	0	0	1.70813683457422	0	0	0	0.63466589891893	0	0
PA14_RS14270	6.43933113379664	4.10006384504628	1.70813683457422	1.98443895339118	1.54986226593623	5.05004612282523	3.17332949459465	3.08828986994294	7.53195202037889
PA14_RS14275	0	0	0	0	3.09972453187245	0	3.80799539351358	5.14714978323823	0
PA14_RS14280	86.287037192875	123.001915351388	117.861441585621	52.5876322648662	70.5187331000983	92.9208486599842	74.2559101735148	105.00185557806	94.1494002547361
PA14_RS14285	14.1665284943526	4.10006384504628	6.83254733829688	3.96887790678235	8.52424246264924	1.01000922456505	3.17332949459465	1.02942995664765	5.64896401528417
PA14_RS14290	0	1.64002553801851	0.854068417287109	0	0	4.04003689826018	0	0	0
PA14_RS14295	11.590796040834	13.9402170731573	6.83254733829688	12.8988531970427	6.97438019671302	3.03002767369514	6.98132488810823	4.11771982659058	9.41494002547361
PA14_RS14300	1.28786622675933	5.74008938306479	6.83254733829688	0	2.32479339890434	5.05004612282523	0	8.23543965318117	0
PA14_RS14305	10.3029298140746	6.56010215207404	11.1028894247324	4.96109738347794	4.64958679780868	12.1201106947805	3.80799539351358	5.14714978323823	9.41494002547361
PA14_RS14310	0	0	6.83254733829688	6.94553633686912	3.09972453187245	0	8.88532258486502	10.2942995664765	9.41494002547361
PA14_RS14315	15.4543947211119	13.1202043041481	14.5191630938809	14.8832921504338	2.32479339890434	4.04003689826018	7.61599078702716	9.26486960982881	3.76597601018944
PA14_RS14320	10.3029298140746	0.820012769009256	17.0813683457422	7.93775581356471	4.64958679780868	6.06005534739027	5.07732719135144	17.50030926301	15.0639040407578
PA14_RS14325	41.2117192562985	39.3606129124443	63.2010628792461	26.7899258707809	39.5214877813738	60.6005534739027	33.0026267437844	54.5597877023252	13.1809160356631
PA14_RS14330	14.1665284943526	22.1403447632499	21.3517104321777	8.9299752902603	11.6239669945217	14.1401291439106	21.5786405632436	14.412019393067	9.41494002547361
PA14_RS14335	42.4995854830578	14.7602298421666	13.6650946765938	26.7899258707809	16.2735537923304	18.1801660421708	26.6559677545951	19.5591691763053	15.0639040407578
PA14_RS14340	7.72719736055597	11.4801787661296	15.373231511168	13.8910726737382	6.97438019671302	8.08007379652036	16.5013133718922	19.5591691763053	20.7128680560419
PA14_RS14345	15.4543947211119	4.92007661405553	9.3947525901582	22.8210479639985	4.64958679780868	5.05004612282523	5.07732719135144	6.17657973988588	16.9468920458525
PA14_RS14350	48.9389166168545	21.3203319942406	34.1627366914844	17.8599505805206	24.0228651220115	24.2402213895611	26.0213018556761	17.50030926301	32.0107960866103
PA14_RS14355	36.0602543492612	37.7205873744258	38.4330787779199	30.7588037775632	25.5727273879477	33.3303044106465	23.4826382600004	37.0594784393153	24.4788440662314
PA14_RS14360	47.6510503900951	50.8407916785738	60.6388576273848	21.8288284873029	18.5983471912347	17.1701568176058	36.8106221372979	28.8240387861341	41.4257361120839
PA14_RS14365	11.590796040834	27.0604213773054	22.2057788494648	11.9066337203471	25.5727273879477	1.01000922456505	20.3093087654058	13.3825894364194	16.9468920458525
PA14_RS14370	10.3029298140746	0.820012769009256	7.68661575558399	0	3.09972453187245	3.03002767369514	0.63466589891893	4.11771982659058	0
PA14_RS14375	1.28786622675933	6.56010215207404	11.1028894247324	3.96887790678235	0.774931132968113	0	0	2.05885991329529	0
PA14_RS14380	2.57573245351866	7.3801149210833	1.70813683457422	3.96887790678235	1.54986226593623	5.05004612282523	0	3.08828986994294	0
PA14_RS14385	1.28786622675933	8.20012769009256	0.854068417287109	0	2.32479339890434	0	2.53866359567572	1.02942995664765	0
PA14_RS14390	59.2418464309291	56.5808810616386	52.0981734545137	44.6498764513015	63.5443529033853	71.7106549441182	63.466589891893	60.7363674422111	69.6705561885047
PA14_RS14395	28.3330569887052	22.9603575322592	42.7034208643555	14.8832921504338	18.5983471912347	7.07006457195532	10.7893202816218	4.11771982659058	7.53195202037889
PA14_RS14400	2.57573245351866	5.74008938306479	1.70813683457422	2.97665843008677	3.09972453187245	0	3.80799539351358	2.05885991329529	0
PA14_RS14405	1.28786622675933	2.46003830702777	2.56220525186133	3.96887790678235	1.54986226593623	0	1.90399769675679	1.02942995664765	0
PA14_RS14410	2.57573245351866	0.820012769009256	3.41627366914844	3.96887790678235	2.32479339890434	0	1.90399769675679	0	0
PA14_RS14415	10.3029298140746	12.3001915351388	7.68661575558399	10.9144142436515	4.64958679780868	2.02001844913009	5.71199309027037	2.05885991329529	1.88298800509472
PA14_RS14420	151.968214757601	171.382668722934	164.835204536412	122.042995633557	112.365014280376	76.7607010669434	88.2185599497313	96.7664159248787	97.9153762649255
PA14_RS14425	382.49626934752	505.127865709701	457.780671665891	370.097864807455	293.698899394915	371.683394639937	232.287719004328	248.092619552083	227.841548616461
PA14_RS14430	11.590796040834	29.5204596843332	12.8110262593066	13.8910726737382	12.3988981274898	26.2602398386912	17.77064516973	15.4414493497147	3.76597601018944
PA14_RS14435	137.801686263248	267.324162697017	335.648887993834	42.6654374979103	99.9661161528866	103.020940905635	69.1785829821634	95.7369859682311	141.224100382104
PA14_RS14440	59.2418464309291	57.4008938306479	92.2393890670078	22.8210479639985	29.4473830527883	23.230212164996	40.6186175308115	36.0300484826676	37.6597601018944
PA14_RS14445	39.9238530295392	54.9408555236201	69.1795418002559	17.8599505805206	22.4730028560753	16.1601475930407	32.3679608448654	23.6768890028959	52.7236641426522
PA14_RS14450	113.332227954821	197.623077331231	198.997941227897	84.338655519125	88.3421491583649	106.05096857933	120.586520794597	149.267343713909	126.160196341346
PA14_RS14455	41.2117192562985	32.8005107603702	33.3086682741973	23.8132674406941	18.5983471912347	11.1101014702155	43.1572811264872	25.7357489161911	20.7128680560419
PA14_RS14460	19.3179934013899	21.3203319942406	15.373231511168	13.8910726737382	13.1738292604579	14.1401291439106	17.77064516973	18.5297392196576	0
PA14_RS14465	0	2.46003830702777	0	2.97665843008677	0.774931132968113	4.04003689826018	1.90399769675679	5.14714978323823	0
PA14_RS14470	3.86359868027798	4.10006384504628	0	5.95331686017353	3.87465566484057	2.02001844913009	5.71199309027037	2.05885991329529	0
PA14_RS14475	11.590796040834	5.74008938306479	14.5191630938809	13.8910726737382	6.97438019671302	9.09008302108541	11.4239861805407	10.2942995664765	13.1809160356631
PA14_RS14480	0	8.20012769009256	4.27034208643555	2.97665843008677	3.87465566484057	7.07006457195532	3.17332949459465	12.3531594797718	0
PA14_RS14485	3.86359868027798	3.28005107603702	11.1028894247324	1.98443895339118	6.1994490637449	2.02001844913009	3.80799539351358	6.17657973988588	0
PA14_RS14490	3.86359868027798	9.02014045910181	2.56220525186133	0.992219476695589	0.774931132968113	3.03002767369514	1.90399769675679	0	0
PA14_RS14495	0	9.84015322811107	11.9569578420195	1.98443895339118	0	0	8.25065668594609	0	0
PA14_RS14500	7.72719736055597	29.5204596843332	11.1028894247324	2.97665843008677	6.1994490637449	16.1601475930407	5.71199309027037	8.23543965318117	13.1809160356631
PA14_RS14505	6.43933113379664	7.3801149210833	13.6650946765938	0.992219476695589	4.64958679780868	2.02001844913009	1.26933179783786	6.17657973988588	0
PA14_RS14510	32.1966556689832	33.6205235293795	37.5790103606328	16.867731103825	14.7236915263941	15.1501383684757	20.9439746643247	17.50030926301	13.1809160356631
PA14_RS30505	23.1815920816679	13.9402170731573	18.7895051803164	13.8910726737382	14.7236915263941	16.1601475930407	13.9626497762165	6.17657973988588	3.76597601018944
PA14_RS14515	136.513820036489	134.482094117518	71.7417470521172	108.151922959819	107.715427482568	73.7306733932483	69.8132488810823	53.5303577456776	47.074700127368
PA14_RS14520	235.679519496957	114.801787661296	104.196346909027	96.2452892394721	102.290909551791	116.15106082498	86.9492281518934	101.913565708117	118.628244320967
PA14_RS14525	59.2418464309291	78.7212258248885	58.9307207928106	36.7121206377368	35.6468321165332	30.3002767369514	32.3679608448654	50.4420678757347	43.3087241171786
PA14_RS14530	90.150635873153	84.4613152079533	83.6987048941367	25.7977063940853	40.2964189143419	29.2902675123863	23.4826382600004	15.4414493497147	33.893784091705
PA14_RS14535	30.9087894422239	16.4002553801851	11.1028894247324	8.9299752902603	2.32479339890434	6.06005534739027	2.53866359567572	2.05885991329529	0
PA14_RS14540	385.072001801039	328.825120372711	334.794819576547	218.28828487303	203.031956837646	212.10193715866	163.109136022165	151.326203627204	107.330316290399
PA14_RS14545	269.1640413927	278.804341463147	360.41687209516	109.144142436515	179.784022848602	183.821678870838	175.802454000544	255.298629248616	126.160196341346
PA14_RS14550	400.526396522151	293.564571305314	351.876187922289	158.755116271294	165.835262455176	191.901752667359	214.517073834598	175.0030926301	163.819956443241
PA14_RS30515	983.929797244127	783.932207172848	737.915112536063	444.514325559624	476.58264677539	489.854473914047	521.69536891136	437.50773157525	472.629989278775
PA14_RS14555	379.920536894002	273.884264849091	259.636798855281	195.467236909031	213.880992699199	207.051891035834	208.805080744328	207.944851242824	306.92704483044
PA14_RS14560	195.755666467418	232.883626398629	241.701362092252	167.685091561554	209.231405901391	160.591466705842	215.786405632436	208.974281199472	180.766848489093
PA14_RS14565	162.271144571675	141.862209038601	140.921288852373	65.4864854619089	108.490358615536	102.01093168107	147.877154448111	121.472734884422	139.341112377009
PA14_RS14570	101.741431913987	100.041557819129	140.921288852373	77.3931191822559	81.3677689616519	125.241143846066	96.4692166356774	101.913565708117	99.7983642700202
PA14_RS14575	61.8175788844477	74.6211619798423	56.3685155409492	65.4864854619089	51.9203859088636	76.7607010669434	60.9279262962173	37.0594784393153	79.0854962139783
PA14_RS14580	229.24018836316	213.203319942406	213.517104321777	134.9418488306	165.835262455176	179.781641972578	200.554424058382	157.50278336709	144.990076392294
PA14_RS14585	56.6661139774104	101.681583357148	84.5527733114238	41.6732180212147	48.8206613769911	20.2001844913009	34.2719585416222	27.7946088294864	32.0107960866103
PA14_RS14590	12.8786622675933	30.3404724533425	19.6435735976035	4.96109738347794	4.64958679780868	8.08007379652036	9.51998848378395	7.20600969653352	7.53195202037889
PA14_RS14595	19.3179934013899	18.0402809182036	20.4976420148906	11.9066337203471	10.8490358615536	14.1401291439106	11.4239861805407	7.20600969653352	11.2979280305683
PA14_RS14600	15.4543947211119	10.6601659971203	23.059847266752	4.96109738347794	8.52424246264924	4.04003689826018	14.5973156751354	4.11771982659058	1.88298800509472
PA14_RS14610	14.1665284943526	9.02014045910181	17.9354367630293	14.8832921504338	6.1994490637449	21.210193715866	13.9626497762165	16.4708793063623	18.8298800509472
PA14_RS14615	0	8.20012769009256	2.56220525186133	1.98443895339118	0	0	4.44266129243251	3.08828986994294	7.53195202037889
PA14_RS14620	2.57573245351866	1.64002553801851	0.854068417287109	0	6.97438019671302	0	0	0	0
PA14_RS14625	0	3.28005107603702	0	0	0	0	2.53866359567572	1.02942995664765	1.88298800509472
PA14_RS14630	3.86359868027798	0	0	0.992219476695589	0	0	0	0	0
PA14_RS14635	1.28786622675933	3.28005107603702	0	1.98443895339118	3.87465566484057	1.01000922456505	5.07732719135144	0	3.76597601018944
PA14_RS14640	75.9841073788004	69.7010853657867	93.947525901582	49.6109738347794	32.5471075846608	23.230212164996	25.3866359567572	39.1183383526105	54.6066521477469
PA14_RS14645	43.7874517098172	27.8804341463147	44.4115576989297	21.8288284873029	10.0741047285855	18.1801660421708	12.0586520794597	24.7063189595435	13.1809160356631
PA14_RS14650	23.1815920816679	17.2202681491944	17.9354367630293	10.9144142436515	27.122589653884	14.1401291439106	17.77064516973	24.7063189595435	32.0107960866103
PA14_RS14655	34.7723881225019	30.3404724533425	40.9952840297813	29.7665843008677	31.7721764516926	30.3002767369514	34.2719585416222	19.5591691763053	13.1809160356631
PA14_RS14660	0	4.92007661405553	1.70813683457422	5.95331686017353	0	1.01000922456505	3.17332949459465	6.17657973988588	5.64896401528417
PA14_RS14665	0	0	3.41627366914844	5.95331686017353	1.54986226593623	1.01000922456505	5.07732719135144	4.11771982659058	1.88298800509472
PA14_RS14670	6.43933113379664	2.46003830702777	1.70813683457422	4.96109738347794	1.54986226593623	0	1.90399769675679	6.17657973988588	0
PA14_RS14675	0	2.46003830702777	3.41627366914844	0	0	2.02001844913009	0	1.02942995664765	0
PA14_RS14680	15.4543947211119	1.64002553801851	6.83254733829688	0.992219476695589	4.64958679780868	1.01000922456505	3.17332949459465	1.02942995664765	0
PA14_RS14685	9.0150635873153	11.4801787661296	0.854068417287109	0.992219476695589	5.42451793077679	2.02001844913009	0.63466589891893	0	1.88298800509472
PA14_RS14690	0	2.46003830702777	10.2488210074453	1.98443895339118	1.54986226593623	1.01000922456505	0	4.11771982659058	0
PA14_RS14695	9.0150635873153	8.20012769009256	5.97847892100977	2.97665843008677	6.97438019671302	7.07006457195532	16.5013133718922	3.08828986994294	3.76597601018944
PA14_RS14700	6.43933113379664	13.9402170731573	11.1028894247324	6.94553633686912	13.948760393426	2.02001844913009	3.80799539351358	14.412019393067	11.2979280305683
PA14_RS14705	0	4.92007661405553	0	2.97665843008677	0	1.01000922456505	0	0	0
PA14_RS14710	3.86359868027798	6.56010215207404	0	0	2.32479339890434	2.02001844913009	6.3466589891893	0	0
PA14_RS14715	20.6058596281493	0.820012769009256	14.5191630938809	8.9299752902603	6.1994490637449	10.1000922456505	3.80799539351358	3.08828986994294	0
PA14_RS14720	29.6209232154645	22.1403447632499	17.0813683457422	30.7588037775632	24.0228651220115	15.1501383684757	25.3866359567572	19.5591691763053	15.0639040407578
PA14_RS14725	28.3330569887052	50.0207789095646	41.8493524470684	24.8054869173897	35.6468321165332	43.4303966562969	37.4452880362169	45.2949180924964	43.3087241171786
PA14_RS14730	0	13.9402170731573	7.68661575558399	4.96109738347794	10.8490358615536	6.06005534739027	5.07732719135144	5.14714978323823	0
PA14_RS14735	3.86359868027798	17.2202681491944	9.3947525901582	11.9066337203471	4.64958679780868	13.1301199193456	2.53866359567572	9.26486960982881	0
PA14_RS14740	48.9389166168545	34.4405362983887	21.3517104321777	20.8366090106074	16.2735537923304	21.210193715866	21.5786405632436	19.5591691763053	22.5958560611367
PA14_RS14745	32.1966556689832	43.4606767574905	44.4115576989297	31.7510232542588	12.3988981274898	41.4103782071669	32.3679608448654	24.7063189595435	39.5427481069892
PA14_RS14750	51.5146490703731	48.3807533715461	21.3517104321777	17.8599505805206	21.6980717231072	11.1101014702155	34.9066244405411	28.8240387861341	28.2448200764208
PA14_RS14755	0	4.92007661405553	4.27034208643555	0.992219476695589	2.32479339890434	4.04003689826018	1.90399769675679	1.02942995664765	3.76597601018944
PA14_RS14760	32.1966556689832	38.540600143435	56.3685155409492	29.7665843008677	50.3705236429274	24.2402213895611	22.8479723610815	27.7946088294864	26.3618320713261
PA14_RS14765	208.634328735011	125.461953658416	151.170109859818	139.902946214078	157.311019992527	143.421309888236	92.0265553432448	113.237295231241	71.5535441935994
PA14_RS14770	410.829326336226	209.923268866369	330.524477490111	274.844795044678	289.824243730074	261.592389162347	312.255622268114	352.065045173495	306.92704483044
PA14_RS14775	160.983278344916	110.701723816249	128.110262593066	120.058556680166	142.587328466133	142.411300663671	156.127811134057	168.826512890214	205.245692555325
PA14_RS14780	41.2117192562985	24.6003830702777	54.660378706375	42.6654374979103	35.6468321165332	30.3002767369514	33.0026267437844	39.1183383526105	30.1278080815155
PA14_RS14785	33.4845218957425	21.3203319942406	17.9354367630293	22.8210479639985	30.9972453187245	31.3102859615164	15.2319815740543	20.5885991329529	20.7128680560419
PA14_RS14790	1.28786622675933	5.74008938306479	5.97847892100977	2.97665843008677	0	3.03002767369514	2.53866359567572	2.05885991329529	0
PA14_RS14795	0	0	0	0.992219476695589	0	0	1.90399769675679	2.05885991329529	0
PA14_RS14800	11.590796040834	5.74008938306479	0.854068417287109	0	0.774931132968113	3.03002767369514	0	0	0
PA14_RS14805	5.15146490703731	0	0	2.97665843008677	0	2.02001844913009	3.80799539351358	5.14714978323823	0
PA14_RS14810	5.15146490703731	1.64002553801851	5.12441050372266	1.98443895339118	3.09972453187245	0	3.17332949459465	8.23543965318117	5.64896401528417
PA14_RS14815	0	0	0	0	1.54986226593623	1.01000922456505	0	0	0
PA14_RS14820	7.72719736055597	0.820012769009256	5.97847892100977	0	0	1.01000922456505	0	1.02942995664765	15.0639040407578
PA14_RS14825	23.1815920816679	17.2202681491944	19.6435735976035	16.867731103825	6.97438019671302	14.1401291439106	20.9439746643247	6.17657973988588	15.0639040407578
PA14_RS14830	15.4543947211119	13.9402170731573	11.9569578420195	3.96887790678235	6.97438019671302	11.1101014702155	3.80799539351358	13.3825894364194	0
PA14_RS14835	0	0.820012769009256	3.41627366914844	0	3.09972453187245	2.02001844913009	0.63466589891893	4.11771982659058	5.64896401528417
PA14_RS14840	14.1665284943526	37.7205873744258	23.9139156840391	29.7665843008677	10.8490358615536	25.2502306141261	15.2319815740543	5.14714978323823	33.893784091705
PA14_RS14845	0	0	0.854068417287109	0	0	2.02001844913009	0	0	0
PA14_RS14850	2.57573245351866	2.46003830702777	0.854068417287109	1.98443895339118	3.09972453187245	1.01000922456505	2.53866359567572	2.05885991329529	3.76597601018944
PA14_RS14855	9.0150635873153	2.46003830702777	5.97847892100977	3.96887790678235	6.97438019671302	6.06005534739027	3.80799539351358	1.02942995664765	0
PA14_RS14860	5.15146490703731	0	1.70813683457422	0	1.54986226593623	0	1.26933179783786	0	0
PA14_RS14865	5.15146490703731	0	4.27034208643555	1.98443895339118	1.54986226593623	5.05004612282523	1.26933179783786	3.08828986994294	18.8298800509472
PA14_RS14870	2.57573245351866	4.92007661405553	0.854068417287109	0	0	4.04003689826018	0.63466589891893	0	0
PA14_RS14875	1.28786622675933	1.64002553801851	8.54068417287109	1.98443895339118	2.32479339890434	4.04003689826018	4.44266129243251	0	18.8298800509472
PA14_RS14880	37.3481205760205	40.1806256814535	21.3517104321777	10.9144142436515	21.6980717231072	20.2001844913009	20.3093087654058	25.7357489161911	30.1278080815155
PA14_RS14885	14.1665284943526	36.0805618364072	10.2488210074453	12.8988531970427	20.9231405901391	6.06005534739027	10.1546543827029	8.23543965318117	1.88298800509472
PA14_RS14890	5.15146490703731	2.46003830702777	3.41627366914844	0.992219476695589	2.32479339890434	4.04003689826018	3.17332949459465	1.02942995664765	0
PA14_RS14895	0	0.820012769009256	0.854068417287109	0.992219476695589	0	1.01000922456505	0	7.20600969653352	9.41494002547361
PA14_RS14900	1.28786622675933	1.64002553801851	1.70813683457422	2.97665843008677	2.32479339890434	3.03002767369514	3.17332949459465	4.11771982659058	0
PA14_RS14905	0	0	0	0	0	0	0	0	0
PA14_RS14910	2.57573245351866	4.10006384504628	3.41627366914844	0.992219476695589	4.64958679780868	6.06005534739027	3.80799539351358	4.11771982659058	3.76597601018944
PA14_RS14915	1.28786622675933	0	1.70813683457422	2.97665843008677	1.54986226593623	0	3.17332949459465	3.08828986994294	1.88298800509472
PA14_RS14920	0	4.92007661405553	0	2.97665843008677	2.32479339890434	1.01000922456505	0.63466589891893	2.05885991329529	0
PA14_RS14925	1.28786622675933	0.820012769009256	0	0	3.09972453187245	0	1.90399769675679	0	0
PA14_RS14930	0	0	0	0.992219476695589	3.09972453187245	0	0	1.02942995664765	1.88298800509472
PA14_RS14935	0	0.820012769009256	0.854068417287109	0	0.774931132968113	0	2.53866359567572	1.02942995664765	0
PA14_RS14940	0	0	0	0.992219476695589	0.774931132968113	0	1.26933179783786	3.08828986994294	0
PA14_RS14945	3.86359868027798	5.74008938306479	5.97847892100977	11.9066337203471	6.1994490637449	0	3.17332949459465	1.02942995664765	0
PA14_RS14950	15.4543947211119	4.92007661405553	9.3947525901582	5.95331686017353	5.42451793077679	3.03002767369514	3.17332949459465	2.05885991329529	0
PA14_RS14955	5.15146490703731	4.92007661405553	5.12441050372266	3.96887790678235	0.774931132968113	16.1601475930407	4.44266129243251	2.05885991329529	3.76597601018944
PA14_RS14960	6.43933113379664	7.3801149210833	0	0	2.32479339890434	0	0	1.02942995664765	0
PA14_RS14965	0	0	2.56220525186133	0	0	0	0	0	0
PA14_RS14970	0	1.64002553801851	0	2.97665843008677	0	1.01000922456505	2.53866359567572	0	0
PA14_RS31655	0	0	0	0	0	0	0	0	0
PA14_RS14980	6.43933113379664	0	9.3947525901582	5.95331686017353	3.09972453187245	3.03002767369514	1.26933179783786	17.50030926301	0
PA14_RS14985	9.0150635873153	12.3001915351388	3.41627366914844	3.96887790678235	6.97438019671302	1.01000922456505	5.71199309027037	6.17657973988588	7.53195202037889
PA14_RS14990	1.28786622675933	5.74008938306479	11.1028894247324	0.992219476695589	6.97438019671302	4.04003689826018	1.90399769675679	9.26486960982881	13.1809160356631
PA14_RS14995	7.72719736055597	11.4801787661296	5.97847892100977	6.94553633686912	3.87465566484057	4.04003689826018	3.80799539351358	18.5297392196576	7.53195202037889
PA14_RS15000	25.7573245351866	12.3001915351388	10.2488210074453	1.98443895339118	14.7236915263941	14.1401291439106	1.26933179783786	9.26486960982881	3.76597601018944
PA14_RS15005	3.86359868027798	0	5.97847892100977	10.9144142436515	2.32479339890434	7.07006457195532	0.63466589891893	3.08828986994294	0
PA14_RS15010	5.15146490703731	0	2.56220525186133	0.992219476695589	0	0	0	0	0
PA14_RS15015	0	0	1.70813683457422	0	0	0	0	0	0
PA14_RS15020	0	0	0	0	0	0	0	0	0
PA14_RS15025	0	0	0	0	0	0	0	0	0
PA14_RS15030	1.28786622675933	4.10006384504628	2.56220525186133	0.992219476695589	4.64958679780868	1.01000922456505	5.71199309027037	2.05885991329529	0
PA14_RS15035	6.43933113379664	0	1.70813683457422	0	0.774931132968113	0	2.53866359567572	0	0
PA14_RS15040	0	0	2.56220525186133	0	1.54986226593623	0	2.53866359567572	0	0
PA14_RS15045	2.57573245351866	3.28005107603702	3.41627366914844	3.96887790678235	0.774931132968113	5.05004612282523	3.80799539351358	0	0
PA14_RS15050	0	3.28005107603702	0	6.94553633686912	1.54986226593623	0	5.07732719135144	3.08828986994294	0
PA14_RS15055	0	0	4.27034208643555	0.992219476695589	1.54986226593623	4.04003689826018	1.90399769675679	0	0
PA14_RS15060	5.15146490703731	0.820012769009256	1.70813683457422	0	2.32479339890434	0	0	0	3.76597601018944
PA14_RS15065	2.57573245351866	1.64002553801851	1.70813683457422	0	0	0	0	2.05885991329529	0
PA14_RS15070	6.43933113379664	4.10006384504628	0	0	1.54986226593623	1.01000922456505	1.26933179783786	4.11771982659058	3.76597601018944
PA14_RS15075	6.43933113379664	6.56010215207404	11.9569578420195	4.96109738347794	6.1994490637449	4.04003689826018	10.1546543827029	4.11771982659058	7.53195202037889
PA14_RS15080	1.28786622675933	0	3.41627366914844	2.97665843008677	5.42451793077679	3.03002767369514	3.80799539351358	5.14714978323823	0
PA14_RS15085	43.7874517098172	49.2007661405553	36.7249419433457	23.8132674406941	29.4473830527883	36.3603320843416	25.3866359567572	38.0889083959629	47.074700127368
PA14_RS15090	247.270315537791	262.404086082962	335.648887993834	170.661749991641	166.610193588144	170.691558951493	193.573099170274	157.50278336709	256.086368692882
PA14_RS15095	42.4995854830578	29.5204596843332	24.7679841013262	19.8443895339118	19.3732783242028	20.2001844913009	9.51998848378395	19.5591691763053	1.88298800509472
PA14_RS15100	113.332227954821	100.041557819129	121.27771525477	53.5798517415618	55.7950415737041	51.5104704528173	50.7732719135144	80.2955366185164	24.4788440662314
PA14_RS15105	9.0150635873153	7.3801149210833	9.3947525901582	0	10.0741047285855	4.04003689826018	3.80799539351358	2.05885991329529	0
PA14_RS15110	12.8786622675933	10.6601659971203	6.83254733829688	4.96109738347794	1.54986226593623	10.1000922456505	5.71199309027037	8.23543965318117	0
PA14_RS15115	28.3330569887052	18.8602936872129	15.373231511168	14.8832921504338	31.7721764516926	12.1201106947805	27.290633653514	20.5885991329529	9.41494002547361
PA14_RS15120	10.3029298140746	2.46003830702777	6.83254733829688	3.96887790678235	0.774931132968113	5.05004612282523	8.25065668594609	3.08828986994294	0
PA14_RS15125	2.57573245351866	1.64002553801851	4.27034208643555	7.93775581356471	3.09972453187245	3.03002767369514	3.17332949459465	3.08828986994294	1.88298800509472
PA14_RS15130	2.57573245351866	1.64002553801851	0.854068417287109	0	0	0	0	2.05885991329529	0
PA14_RS15135	0	7.3801149210833	3.41627366914844	13.8910726737382	1.54986226593623	20.2001844913009	5.71199309027037	4.11771982659058	5.64896401528417
PA14_RS15140	60.5297126576884	46.7407278335276	24.7679841013262	56.5565101716486	46.4958679780868	39.3903597580368	33.6372926427033	33.9711885693723	28.2448200764208
PA14_RS15145	43.7874517098172	49.2007661405553	22.2057788494648	47.6265348813883	33.3220387176289	37.3703413089067	34.9066244405411	33.9711885693723	24.4788440662314
PA14_RS15150	25.7573245351866	21.3203319942406	29.8923946050488	24.8054869173897	38.7465566484057	13.1301199193456	17.1359792708111	25.7357489161911	20.7128680560419
PA14_RS15155	33.4845218957425	27.0604213773054	34.1627366914844	25.7977063940853	17.8234160582666	19.1901752667359	15.2319815740543	25.7357489161911	7.53195202037889
PA14_RS15160	32.1966556689832	37.7205873744258	35.8708735260586	23.8132674406941	24.0228651220115	25.2502306141261	22.8479723610815	31.912328656077	3.76597601018944
PA14_RS15165	59.2418464309291	59.0409193686664	78.5742943904141	41.6732180212147	38.7465566484057	35.3503228597766	48.8692742167576	46.3243480491441	32.0107960866103
PA14_RS15170	46.3631841633358	23.7803703012684	29.8923946050488	12.8988531970427	13.1738292604579	17.1701568176058	12.6933179783786	6.17657973988588	20.7128680560419
PA14_RS15175	12.8786622675933	15.5802426111759	11.9569578420195	2.97665843008677	6.97438019671302	0	3.80799539351358	1.02942995664765	22.5958560611367
PA14_RS15180	2.57573245351866	5.74008938306479	6.83254733829688	0.992219476695589	1.54986226593623	0	5.07732719135144	1.02942995664765	0
PA14_RS15185	10.3029298140746	9.02014045910181	3.41627366914844	0.992219476695589	0.774931132968113	0	0	5.14714978323823	0
PA14_RS15190	2.57573245351866	3.28005107603702	0	0.992219476695589	0.774931132968113	0	1.90399769675679	0	0
PA14_RS15195	6.43933113379664	12.3001915351388	3.41627366914844	4.96109738347794	0.774931132968113	10.1000922456505	4.44266129243251	1.02942995664765	0
PA14_RS15200	2.57573245351866	0	4.27034208643555	1.98443895339118	0	0	0	0	1.88298800509472
PA14_RS15205	1.28786622675933	17.2202681491944	25.6220525186133	18.8521700572162	17.0484849252985	6.06005534739027	13.9626497762165	10.2942995664765	0
PA14_RS15210	18.0301271746306	13.1202043041481	14.5191630938809	4.96109738347794	6.1994490637449	2.02001844913009	3.80799539351358	2.05885991329529	0
PA14_RS15215	37.3481205760205	45.1007022955091	67.4714049656816	49.6109738347794	74.3933887649389	25.2502306141261	56.4852650037848	80.2955366185164	22.5958560611367
PA14_RS15220	2.57573245351866	9.84015322811107	14.5191630938809	3.96887790678235	1.54986226593623	4.04003689826018	3.80799539351358	1.02942995664765	0
PA14_RS15225	0	5.74008938306479	2.56220525186133	0.992219476695589	10.0741047285855	0	0	7.20600969653352	0
PA14_RS15230	1.28786622675933	5.74008938306479	9.3947525901582	0	6.97438019671302	0	5.07732719135144	3.08828986994294	9.41494002547361
PA14_RS15235	0	2.46003830702777	6.83254733829688	0	3.09972453187245	0	2.53866359567572	10.2942995664765	0
PA14_RS15240	0	5.74008938306479	1.70813683457422	3.96887790678235	0.774931132968113	2.02001844913009	1.90399769675679	1.02942995664765	0
PA14_RS15245	0	4.10006384504628	2.56220525186133	0	0	0	3.80799539351358	0	0
PA14_RS15250	3.86359868027798	2.46003830702777	1.70813683457422	0	0.774931132968113	1.01000922456505	0	1.02942995664765	0
PA14_RS15255	10.3029298140746	11.4801787661296	3.41627366914844	9.92219476695589	13.948760393426	2.02001844913009	10.7893202816218	3.08828986994294	15.0639040407578
PA14_RS15260	2.57573245351866	0.820012769009256	3.41627366914844	0	1.54986226593623	0	0	0	0
PA14_RS15265	0	0	3.41627366914844	1.98443895339118	0.774931132968113	0	0	0	0
PA14_RS15270	0	4.10006384504628	0	0.992219476695589	1.54986226593623	1.01000922456505	1.90399769675679	0	1.88298800509472
PA14_RS15275	0	0.820012769009256	2.56220525186133	0	0	0	0	0	0
PA14_RS15280	5.15146490703731	4.10006384504628	1.70813683457422	0	4.64958679780868	5.05004612282523	6.98132488810823	5.14714978323823	7.53195202037889
PA14_RS15285	41.2117192562985	55.7608682926294	51.2441050372266	50.603193311475	58.8947661055766	49.4904520036872	60.9279262962173	57.6480775722682	82.8514722241678
PA14_RS15290	30.9087894422239	54.9408555236201	43.5574892816426	31.7510232542588	41.07135004731	66.660608821293	40.6186175308115	43.2360581792011	69.6705561885047
PA14_RS15295	137.801686263248	95.1214812050736	115.29923633376	67.4709244153	77.4931132968113	68.6806272704231	68.5439170832444	96.7664159248787	116.745256315873
PA14_RS15300	158.407545891397	104.141621664175	124.693988923918	40.6809985445191	86.0173557594606	80.8007379652036	76.1599078702716	111.178435317946	75.3195202037889
PA14_RS15305	64.3933113379664	110.701723816249	135.79687834865	47.6265348813883	57.3449038396404	42.4203874317319	52.6772696102712	55.5892176589729	52.7236641426522
PA14_RS15310	5.15146490703731	15.5802426111759	9.3947525901582	4.96109738347794	3.09972453187245	0	5.07732719135144	2.05885991329529	13.1809160356631
PA14_RS15315	0	0.820012769009256	2.56220525186133	0	0	0	1.90399769675679	3.08828986994294	5.64896401528417
PA14_RS15320	79.8477060590783	63.9609959827219	82.8446364768496	88.3075334259074	70.5187331000983	76.7607010669434	95.8345507367584	116.325585101184	41.4257361120839
PA14_RS15325	3.86359868027798	0	13.6650946765938	0.992219476695589	6.1994490637449	0	3.80799539351358	5.14714978323823	0
PA14_RS15330	30.9087894422239	50.8407916785738	22.2057788494648	15.8755116271294	20.1482094571709	21.210193715866	29.8292972491897	29.8534687427817	13.1809160356631
PA14_RS31420	18.0301271746306	5.74008938306479	10.2488210074453	8.9299752902603	5.42451793077679	1.01000922456505	5.07732719135144	1.02942995664765	0
PA14_RS15335	52.8025152971325	23.7803703012684	41.8493524470684	18.8521700572162	11.6239669945217	33.3303044106465	16.5013133718922	23.6768890028959	26.3618320713261
PA14_RS15340	50.2267828436138	86.1013407459718	66.6173365483945	51.5954127881706	41.07135004731	63.6305811475979	57.7545968016226	59.7069374855635	35.7767720967997
PA14_RS15345	10.3029298140746	10.6601659971203	12.8110262593066	5.95331686017353	5.42451793077679	5.05004612282523	5.07732719135144	12.3531594797718	3.76597601018944
PA14_RS15350	55.3782477506511	58.2209065996571	58.9307207928106	48.6187543580838	61.2195595044809	89.890820986289	50.1386060145955	40.1477683092582	52.7236641426522
PA14_RS15355	46.3631841633358	22.1403447632499	25.6220525186133	27.7821453474765	21.6980717231072	29.2902675123863	13.9626497762165	26.7651788728388	5.64896401528417
PA14_RS15360	9.0150635873153	14.7602298421666	9.3947525901582	7.93775581356471	13.948760393426	8.08007379652036	13.3279838772975	3.08828986994294	0
PA14_RS15365	20.6058596281493	10.6601659971203	15.373231511168	16.867731103825	15.4986226593623	17.1701568176058	10.1546543827029	12.3531594797718	5.64896401528417
PA14_RS15370	2.57573245351866	5.74008938306479	6.83254733829688	2.97665843008677	4.64958679780868	7.07006457195532	5.07732719135144	3.08828986994294	0
PA14_RS15375	0	0	0	0	0	0	0.63466589891893	3.08828986994294	0
PA14_RS15380	52.8025152971325	91.0214173600274	96.5097311534434	66.4787049386044	50.3705236429274	67.670618045858	50.7732719135144	50.4420678757347	11.2979280305683
PA14_RS15385	6.43933113379664	3.28005107603702	3.41627366914844	3.96887790678235	3.09972453187245	7.07006457195532	3.17332949459465	3.08828986994294	0
PA14_RS15390	9.0150635873153	4.92007661405553	6.83254733829688	12.8988531970427	17.8234160582666	7.07006457195532	11.4239861805407	4.11771982659058	5.64896401528417
PA14_RS15395	0	2.46003830702777	0	0.992219476695589	0	0	1.26933179783786	1.02942995664765	0
PA14_RS15400	0	0.820012769009256	0	0	0	1.01000922456505	1.26933179783786	0	0
PA14_RS15405	9.0150635873153	2.46003830702777	4.27034208643555	8.9299752902603	5.42451793077679	1.01000922456505	6.98132488810823	2.05885991329529	15.0639040407578
PA14_RS15410	5.15146490703731	9.02014045910181	12.8110262593066	2.97665843008677	6.97438019671302	4.04003689826018	20.3093087654058	7.20600969653352	7.53195202037889
PA14_RS15415	30.9087894422239	15.5802426111759	10.2488210074453	18.8521700572162	13.1738292604579	12.1201106947805	20.3093087654058	15.4414493497147	9.41494002547361
PA14_RS15420	2.57573245351866	9.02014045910181	8.54068417287109	4.96109738347794	0	1.01000922456505	6.3466589891893	8.23543965318117	15.0639040407578
PA14_RS15425	6.43933113379664	11.4801787661296	12.8110262593066	11.9066337203471	8.52424246264924	12.1201106947805	5.07732719135144	16.4708793063623	33.893784091705
PA14_RS15430	9.0150635873153	9.84015322811107	2.56220525186133	0	0.774931132968113	9.09008302108541	3.80799539351358	2.05885991329529	0
PA14_RS15435	10.3029298140746	4.92007661405553	0	3.96887790678235	4.64958679780868	4.04003689826018	5.71199309027037	2.05885991329529	0
PA14_RS15440	2.57573245351866	0.820012769009256	0	2.97665843008677	0.774931132968113	0	1.90399769675679	1.02942995664765	7.53195202037889
PA14_RS15445	0	0	0	4.96109738347794	1.54986226593623	0	0.63466589891893	0	0
PA14_RS15455	103.029298140746	104.961634433185	102.488210074453	80.3697776123427	90.6669425572692	103.020940905635	95.1998848378395	129.708174537603	126.160196341346
PA14_RS15460	5.15146490703731	11.4801787661296	5.12441050372266	10.9144142436515	13.1738292604579	4.04003689826018	6.98132488810823	3.08828986994294	9.41494002547361
PA14_RS15465	50.2267828436138	45.9207150645183	23.059847266752	17.8599505805206	37.9716255154375	38.3803505334717	26.0213018556761	19.5591691763053	41.4257361120839
PA14_RS15470	5.15146490703731	7.3801149210833	13.6650946765938	12.8988531970427	8.52424246264924	7.07006457195532	12.6933179783786	10.2942995664765	1.88298800509472
PA14_RS15475	39.9238530295392	57.4008938306479	59.7847892100977	62.5098270318221	76.7181821638432	60.6005534739027	74.8905760724337	80.2955366185164	77.2025082088836
PA14_RS15480	245.982449311032	229.603575322592	217.787446408213	154.786238364512	183.658678513443	177.761623523448	198.650426361625	173.973662673452	173.234896468714
PA14_RS15485	112.044361728062	133.662081348509	137.505015183225	128.988531970427	118.564463344121	95.9508763336793	104.719873321623	70.0012370520399	48.9576881324628
PA14_RS15490	524.161554291047	626.489755523071	629.4484235406	585.409491250397	523.853445886444	517.124722977303	565.487315936767	525.009277890299	589.375245594648
PA14_RS15495	92.7263683266716	111.521736585259	99.0719364053047	43.6576569746059	24.0228651220115	27.2702490632562	17.1359792708111	35.00061852602	33.893784091705
PA14_RS15500	500.979962209379	487.087584791498	402.266224542229	151.809579934425	166.610193588144	159.581457481277	120.586520794597	141.031904060727	158.170992427957
PA14_RS15505	110.756495501302	173.022694260953	134.088741514076	103.190825576341	79.8179066957156	97.9708947828094	54.581267307028	72.0600969653352	103.56434028021
PA14_RS15510	45.0753179365765	36.0805618364072	65.7632681311074	35.7199011610412	24.7977962549796	37.3703413089067	32.3679608448654	20.5885991329529	35.7767720967997
PA14_RS15515	73.4083749252817	57.4008938306479	75.1580207212656	31.7510232542588	37.9716255154375	23.230212164996	15.8666474729732	27.7946088294864	30.1278080815155
PA14_RS15520	2.57573245351866	6.56010215207404	1.70813683457422	5.95331686017353	0	1.01000922456505	2.53866359567572	0	11.2979280305683
PA14_RS15525	15.4543947211119	21.3203319942406	17.0813683457422	14.8832921504338	10.0741047285855	15.1501383684757	11.4239861805407	26.7651788728388	33.893784091705
PA14_RS15530	3.86359868027798	5.74008938306479	3.41627366914844	4.96109738347794	6.1994490637449	2.02001844913009	0.63466589891893	1.02942995664765	0
PA14_RS15535	2.57573245351866	5.74008938306479	9.3947525901582	2.97665843008677	3.09972453187245	4.04003689826018	5.71199309027037	6.17657973988588	0
PA14_RS15540	21.8937258549086	50.8407916785738	42.7034208643555	31.7510232542588	51.9203859088636	42.4203874317319	55.2159332059469	56.6186476156205	48.9576881324628
PA14_RS15545	3.86359868027798	3.28005107603702	2.56220525186133	6.94553633686912	1.54986226593623	15.1501383684757	10.7893202816218	22.6474590462482	22.5958560611367
PA14_RS15550	5.15146490703731	9.02014045910181	5.97847892100977	12.8988531970427	19.3732783242028	13.1301199193456	13.3279838772975	21.6180290896006	5.64896401528417
PA14_RS15555	14.1665284943526	6.56010215207404	19.6435735976035	8.9299752902603	6.97438019671302	18.1801660421708	14.5973156751354	14.412019393067	15.0639040407578
PA14_RS15560	20.6058596281493	12.3001915351388	23.059847266752	4.96109738347794	6.1994490637449	12.1201106947805	13.3279838772975	18.5297392196576	18.8298800509472
PA14_RS15565	11.590796040834	3.28005107603702	12.8110262593066	0.992219476695589	4.64958679780868	5.05004612282523	6.98132488810823	3.08828986994294	1.88298800509472
PA14_RS15570	108.180763047784	104.961634433185	79.4283628077012	54.5720712182574	113.139945413345	104.0309501302	83.7758986572988	100.884135751469	64.0215921732205
PA14_RS15575	150.680348530841	158.262464418786	192.1653938896	166.692872084859	170.484849252985	192.911761891924	203.727753552977	226.474590462482	178.883860483999
PA14_RS15580	11.590796040834	13.9402170731573	28.1842577704746	14.8832921504338	11.6239669945217	16.1601475930407	39.9839516318926	32.9417586127247	15.0639040407578
PA14_RS15585	539.615949012158	524.808172165924	526.960213466147	400.856668585018	521.52865248754	562.57513808273	451.247454131359	465.302340404736	645.86488574749
PA14_RS15590	23.1815920816679	10.6601659971203	8.54068417287109	8.9299752902603	14.7236915263941	7.07006457195532	12.0586520794597	15.4414493497147	22.5958560611367
PA14_RS15595	6.43933113379664	0	0.854068417287109	0.992219476695589	1.54986226593623	2.02001844913009	0.63466589891893	10.2942995664765	0
PA14_RS15600	119.771559088618	103.321608895166	76.0120891385527	133.949629353904	85.2424246264924	93.9308578845492	99.642546130272	78.2366767052211	103.56434028021
PA14_RS15605	45.0753179365765	50.0207789095646	45.2656261162168	68.4631438919956	65.8691463022896	73.7306733932483	93.2958871410827	54.5597877023252	71.5535441935994
PA14_RS15610	105.605030594265	133.662081348509	97.3637995707305	180.583944758597	149.561708662846	120.19109772324	133.914504671894	123.531594797718	96.0323882598308
PA14_RS15615	41.2117192562985	39.3606129124443	45.2656261162168	32.7432427309544	31.7721764516926	36.3603320843416	38.0799539351358	53.5303577456776	26.3618320713261
PA14_RS15620	207.346462508252	128.742004734453	140.921288852373	62.5098270318221	68.193939701194	77.7707102915085	57.1199309027037	93.6781260549358	154.405016417767
PA14_RS15625	619.463655071237	493.647686943572	472.299834759772	217.296065396334	220.855372895912	277.752536755387	159.301140628651	170.885372803509	316.341984855913
PA14_RS15630	279.466971206774	267.324162697017	327.96227223825	117.081898250079	129.413499205675	133.321217642586	85.6798963540555	93.6781260549358	82.8514722241678
PA14_RS15635	91.4385020999123	105.781647202194	99.9260048225918	41.6732180212147	23.2479339890434	29.2902675123863	14.5973156751354	22.6474590462482	24.4788440662314
PA14_RS15640	131.362355129451	207.463230559342	125.548057341205	57.5487296483441	41.07135004731	48.4804427791222	24.7519700578383	45.2949180924964	75.3195202037889
PA14_RS15645	60.5297126576884	45.9207150645183	36.7249419433457	30.7588037775632	41.07135004731	19.1901752667359	20.9439746643247	33.9711885693723	5.64896401528417
PA14_RS15650	23.1815920816679	27.0604213773054	61.4929260446719	19.8443895339118	20.9231405901391	23.230212164996	24.1173041589193	15.4414493497147	41.4257361120839
PA14_RS15655	191.89206778714	287.004469153239	277.572235618311	43.6576569746059	74.3933887649389	66.660608821293	60.2932603972983	68.9718070953923	52.7236641426522
PA14_RS15660	92.7263683266716	135.302106886527	235.722883171242	22.8210479639985	30.2223141857564	42.4203874317319	33.6372926427033	56.6186476156205	30.1278080815155
PA14_RS15665	95.3021007801903	159.902489956805	140.067220435086	41.6732180212147	32.5471075846608	38.3803505334717	19.6746428664868	29.8534687427817	50.8406761375575
PA14_RS15670	42.4995854830578	133.662081348509	93.0934574842949	12.8988531970427	10.8490358615536	11.1101014702155	19.6746428664868	9.26486960982881	32.0107960866103
PA14_RS15675	56.6661139774104	100.041557819129	59.7847892100977	45.6420959279971	42.6212123132462	63.6305811475979	53.3119355091901	64.8540872688017	65.9045801783153
PA14_RS15680	1.28786622675933	13.9402170731573	8.54068417287109	9.92219476695589	8.52424246264924	0	6.3466589891893	14.412019393067	9.41494002547361
PA14_RS15685	25.7573245351866	5.74008938306479	3.41627366914844	6.94553633686912	0.774931132968113	7.07006457195532	4.44266129243251	2.05885991329529	0
PA14_RS15690	36.0602543492612	109.061698278231	124.693988923918	18.8521700572162	20.9231405901391	26.2602398386912	31.7332949459465	26.7651788728388	7.53195202037889
PA14_RS15695	136.513820036489	178.762783644018	215.225241156352	56.5565101716486	55.020110440736	62.6205719230328	49.5039401156765	59.7069374855635	32.0107960866103
PA14_RS15700	74.696241152041	113.981774892287	130.672467844928	5.95331686017353	6.97438019671302	26.2602398386912	11.4239861805407	16.4708793063623	33.893784091705
PA14_RS15705	144.241017397045	86.9213535149811	116.153304751047	15.8755116271294	24.7977962549796	28.2802582878213	20.3093087654058	23.6768890028959	37.6597601018944
PA14_RS15710	28.3330569887052	13.9402170731573	27.3301893531875	28.7743648241721	23.2479339890434	18.1801660421708	22.2133064621625	12.3531594797718	28.2448200764208
PA14_RS15715	19.3179934013899	30.3404724533425	30.7464630223359	30.7588037775632	29.4473830527883	30.3002767369514	33.6372926427033	27.7946088294864	45.1917121222733
PA14_RS15720	16.7422609478713	10.6601659971203	15.373231511168	14.8832921504338	14.7236915263941	9.09008302108541	12.6933179783786	20.5885991329529	7.53195202037889
PA14_RS15725	1.28786622675933	2.46003830702777	2.56220525186133	3.96887790678235	3.09972453187245	7.07006457195532	7.61599078702716	2.05885991329529	0
PA14_RS15730	23.1815920816679	10.6601659971203	11.1028894247324	28.7743648241721	7.74931132968113	7.07006457195532	26.6559677545951	22.6474590462482	0
PA14_RS15735	42.4995854830578	72.1611236728145	69.1795418002559	44.6498764513015	44.1710745791824	65.6505995967279	59.0239285994605	64.8540872688017	39.5427481069892
PA14_RS15740	36.0602543492612	25.4203958392869	21.3517104321777	38.696559591128	21.6980717231072	15.1501383684757	21.5786405632436	15.4414493497147	32.0107960866103
PA14_RS15745	83.7113047393563	127.101979196435	79.4283628077012	129.980751447122	70.5187331000983	102.01093168107	111.066532310813	90.5898361849928	90.3834242445466
PA14_RS15750	10.3029298140746	4.92007661405553	3.41627366914844	5.95331686017353	0.774931132968113	1.01000922456505	6.98132488810823	7.20600969653352	5.64896401528417
PA14_RS15755	16.7422609478713	13.1202043041481	11.9569578420195	10.9144142436515	6.97438019671302	5.05004612282523	5.71199309027037	5.14714978323823	9.41494002547361
PA14_RS15760	0	3.28005107603702	2.56220525186133	4.96109738347794	0	2.02001844913009	1.26933179783786	0	0
PA14_RS15765	2.57573245351866	4.10006384504628	8.54068417287109	3.96887790678235	4.64958679780868	2.02001844913009	4.44266129243251	1.02942995664765	1.88298800509472
PA14_RS15770	25.7573245351866	22.1403447632499	27.3301893531875	4.96109738347794	15.4986226593623	14.1401291439106	12.6933179783786	21.6180290896006	13.1809160356631
PA14_RS15775	136.513820036489	135.302106886527	107.612620578176	123.035215110253	81.3677689616519	116.15106082498	85.6798963540555	75.1483868352782	47.074700127368
PA14_RS15780	0	6.56010215207404	0	5.95331686017353	3.87465566484057	5.05004612282523	3.17332949459465	4.11771982659058	0
PA14_RS15785	0	1.64002553801851	0	0	2.32479339890434	0	5.07732719135144	1.02942995664765	0
PA14_RS15790	2.57573245351866	0.820012769009256	5.12441050372266	0	3.09972453187245	1.01000922456505	5.71199309027037	4.11771982659058	0
PA14_RS15795	1.28786622675933	0	2.56220525186133	0	0	1.01000922456505	1.26933179783786	0	11.2979280305683
PA14_RS15800	1.28786622675933	0	0.854068417287109	1.98443895339118	0	0	1.26933179783786	0	0
PA14_RS15805	0	0	0.854068417287109	0	0	0	0	0	0
PA14_RS31425	1.28786622675933	0	0	0	3.09972453187245	3.03002767369514	0	0	0
PA14_RS15810	32.1966556689832	36.0805618364072	29.8923946050488	24.8054869173897	17.8234160582666	10.1000922456505	13.3279838772975	26.7651788728388	7.53195202037889
PA14_RS15815	6.43933113379664	14.7602298421666	11.1028894247324	16.867731103825	3.09972453187245	7.07006457195532	10.7893202816218	9.26486960982881	5.64896401528417
PA14_RS15820	0	8.20012769009256	1.70813683457422	0	3.09972453187245	1.01000922456505	1.26933179783786	2.05885991329529	0
PA14_RS15825	2.57573245351866	2.46003830702777	5.12441050372266	4.96109738347794	6.1994490637449	9.09008302108541	2.53866359567572	2.05885991329529	1.88298800509472
PA14_RS15830	5.15146490703731	5.74008938306479	8.54068417287109	0	0.774931132968113	5.05004612282523	5.07732719135144	9.26486960982881	7.53195202037889
PA14_RS15835	41.2117192562985	22.1403447632499	39.287147195207	26.7899258707809	30.9972453187245	27.2702490632562	27.9252995524329	20.5885991329529	22.5958560611367
PA14_RS15840	14.1665284943526	16.4002553801851	11.1028894247324	12.8988531970427	12.3988981274898	12.1201106947805	14.5973156751354	14.412019393067	20.7128680560419
PA14_RS15845	173.861940612509	260.764060544943	207.538625400768	205.389431675987	189.858127577188	238.362176997351	169.455795011354	175.0030926301	146.873064397388
PA14_RS15850	63.1054451112071	55.7608682926294	41.8493524470684	30.7588037775632	44.9460057121506	42.4203874317319	31.0986290470276	35.00061852602	15.0639040407578
PA14_RS15855	96.5899670069496	78.7212258248885	62.346994461959	77.3931191822559	109.265289748504	91.9108394354191	79.3332373648662	84.413256445107	96.0323882598308
PA14_RS15860	11.590796040834	19.6803064562221	17.0813683457422	7.93775581356471	9.29917359561736	10.1000922456505	8.88532258486502	17.50030926301	9.41494002547361
PA14_RS15865	27.0451907619459	9.02014045910181	15.373231511168	10.9144142436515	13.1738292604579	8.08007379652036	26.0213018556761	29.8534687427817	5.64896401528417
PA14_RS15870	91.4385020999123	99.2215450501199	85.4068417287109	112.120800866602	87.5672180253968	106.05096857933	93.9305530400016	76.1778167919258	86.6174482343572
PA14_RS15875	38.6359868027798	21.3203319942406	29.8923946050488	26.7899258707809	31.7721764516926	29.2902675123863	24.1173041589193	32.9417586127247	41.4257361120839
PA14_RS15885	417.268657470022	485.447559253479	495.359682026524	501.070835731272	402.964189143419	447.434086482315	575.641970319469	563.098186286262	498.991821350101
PA14_RS15890	15.4543947211119	50.0207789095646	29.0383261877617	33.73546220765	61.994490637449	32.3202951860815	39.9839516318926	37.0594784393153	48.9576881324628
PA14_RS15895	23.1815920816679	12.3001915351388	1.70813683457422	5.95331686017353	16.2735537923304	12.1201106947805	10.1546543827029	13.3825894364194	0
PA14_RS15900	55.3782477506511	54.9408555236201	58.0766523755234	85.3308749958206	49.5955925099592	73.7306733932483	51.4079378124333	52.5009277890299	52.7236641426522
PA14_RS15905	41.2117192562985	58.2209065996571	62.346994461959	44.6498764513015	60.4446283715128	38.3803505334717	57.7545968016226	37.0594784393153	45.1917121222733
PA14_RS15910	238.255251950476	231.24360086061	240.847293674965	136.926287783991	164.28540018924	145.441328337367	128.837177480543	121.472734884422	143.107088387199
PA14_RS15915	51.5146490703731	30.3404724533425	39.287147195207	35.7199011610412	36.4217632495013	21.210193715866	55.2159332059469	33.9711885693723	56.4896401528417
PA14_RS15920	11.590796040834	8.20012769009256	11.9569578420195	9.92219476695589	17.8234160582666	16.1601475930407	18.405311068649	6.17657973988588	16.9468920458525
PA14_RS15925	1.28786622675933	13.9402170731573	6.83254733829688	5.95331686017353	10.8490358615536	4.04003689826018	8.88532258486502	9.26486960982881	7.53195202037889
PA14_RS15930	0	0	0	0	0	0	0	0	0
PA14_RS15935	0	1.64002553801851	5.12441050372266	2.97665843008677	1.54986226593623	5.05004612282523	5.07732719135144	6.17657973988588	0
PA14_RS15940	0	0.820012769009256	0	2.97665843008677	0	0	0	0	0
PA14_RS15945	0	0	0.854068417287109	0	0	0	0	0	0
PA14_RS15950	9.0150635873153	15.5802426111759	5.12441050372266	7.93775581356471	10.0741047285855	13.1301199193456	6.98132488810823	10.2942995664765	11.2979280305683
PA14_RS15955	42.4995854830578	42.6406639884813	51.2441050372266	31.7510232542588	14.7236915263941	23.230212164996	13.9626497762165	16.4708793063623	32.0107960866103
PA14_RS15960	43.7874517098172	54.1208427546109	44.4115576989297	26.7899258707809	26.3476585209158	26.2602398386912	22.2133064621625	26.7651788728388	15.0639040407578
PA14_RS15965	9.0150635873153	19.6803064562221	38.4330787779199	14.8832921504338	3.87465566484057	17.1701568176058	16.5013133718922	13.3825894364194	16.9468920458525
PA14_RS15970	64.3933113379664	31.1604852223517	62.346994461959	32.7432427309544	42.6212123132462	51.5104704528173	38.0799539351358	46.3243480491441	73.4365321986942
PA14_RS15975	188.028469106862	127.921991965444	110.174825830037	85.3308749958206	92.2168048232055	89.890820986289	102.815875624867	134.855324320842	75.3195202037889
PA14_RS15980	10.3029298140746	21.3203319942406	15.373231511168	20.8366090106074	25.5727273879477	32.3202951860815	8.88532258486502	11.3237295231241	16.9468920458525
PA14_RS15985	38.6359868027798	40.1806256814535	64.0551312965332	37.7043401144324	28.6724519198202	26.2602398386912	37.4452880362169	25.7357489161911	30.1278080815155
PA14_RS15990	70.832642471763	70.521098134796	102.488210074453	45.6420959279971	53.4702481747998	25.2502306141261	33.0026267437844	73.0895269219829	88.5004362394519
PA14_RS31660	12.8786622675933	9.02014045910181	17.9354367630293	18.8521700572162	28.6724519198202	32.3202951860815	64.1012557908119	64.8540872688017	80.968484219073
PA14_RS15995	94.014234553431	117.261825968324	87.9690469805723	54.5720712182574	66.6440774352577	83.8307656388988	61.5625921951362	75.1483868352782	109.213304295494
PA14_RS16000	65.6811775647257	68.0610598277682	61.4929260446719	44.6498764513015	48.8206613769911	64.6405903721629	59.0239285994605	44.2654881358488	64.0215921732205
PA14_RS30595	489.389166168545	330.46514591073	310.026835475221	293.696965101894	219.305510629976	222.20202940431	214.517073834598	252.210339378673	188.298800509472
PA14_RS16005	509.995025796694	393.606129124443	457.780671665891	315.525793589197	277.425345602585	281.792573653648	283.695656816762	237.798319985606	193.947764524756
PA14_RS16010	24.4694583084272	8.20012769009256	17.0813683457422	16.867731103825	17.8234160582666	26.2602398386912	24.1173041589193	17.50030926301	15.0639040407578
PA14_RS16015	10.3029298140746	13.1202043041481	17.0813683457422	11.9066337203471	11.6239669945217	6.06005534739027	19.0399769675679	12.3531594797718	16.9468920458525
PA14_RS16020	2.57573245351866	1.64002553801851	7.68661575558399	4.96109738347794	2.32479339890434	4.04003689826018	2.53866359567572	13.3825894364194	1.88298800509472
PA14_RS16025	2.57573245351866	0	4.27034208643555	0	1.54986226593623	5.05004612282523	3.80799539351358	3.08828986994294	0
PA14_RS31780	10.3029298140746	0	2.56220525186133	4.96109738347794	0	5.05004612282523	2.53866359567572	1.02942995664765	0
PA14_RS31785	6.43933113379664	18.0402809182036	20.4976420148906	23.8132674406941	12.3988981274898	17.1701568176058	12.0586520794597	13.3825894364194	0
PA14_RS16035	5.15146490703731	8.20012769009256	0	6.94553633686912	8.52424246264924	8.08007379652036	1.90399769675679	8.23543965318117	0
PA14_RS16040	11.590796040834	1.64002553801851	7.68661575558399	6.94553633686912	6.1994490637449	0	4.44266129243251	7.20600969653352	13.1809160356631
PA14_RS16045	48.9389166168545	51.6608044475831	41.8493524470684	36.7121206377368	30.2223141857564	23.230212164996	36.175956238379	26.7651788728388	13.1809160356631
PA14_RS16050	167.422609478713	207.463230559342	172.521820291996	127.004093017035	145.687052998005	183.821678870838	136.45316826757	163.679363106976	163.819956443241
PA14_RS16055	0	0	0	0	0.774931132968113	2.02001844913009	0	0	0
PA14_RS16060	0	2.46003830702777	0	0	0	0	0	0	0
PA14_RS16065	9.0150635873153	8.20012769009256	2.56220525186133	4.96109738347794	6.97438019671302	5.05004612282523	7.61599078702716	2.05885991329529	0
PA14_RS16070	3.86359868027798	4.10006384504628	0	0	6.1994490637449	0	0.63466589891893	3.08828986994294	3.76597601018944
PA14_RS16075	0	4.92007661405553	5.97847892100977	5.95331686017353	0.774931132968113	4.04003689826018	6.3466589891893	3.08828986994294	0
PA14_RS16080	41.2117192562985	31.980497991361	40.9952840297813	19.8443895339118	28.6724519198202	23.230212164996	23.4826382600004	21.6180290896006	18.8298800509472
PA14_RS16085	11.590796040834	4.92007661405553	0.854068417287109	0	3.09972453187245	0	0	0	1.88298800509472
PA14_RS16090	21.8937258549086	24.6003830702777	24.7679841013262	23.8132674406941	13.948760393426	9.09008302108541	10.7893202816218	24.7063189595435	13.1809160356631
PA14_RS16095	2.57573245351866	2.46003830702777	5.97847892100977	11.9066337203471	6.1994490637449	9.09008302108541	12.0586520794597	6.17657973988588	0
PA14_RS16100	0	0	0.854068417287109	1.98443895339118	0	5.05004612282523	0.63466589891893	0	0
PA14_RS16105	0	1.64002553801851	5.97847892100977	1.98443895339118	0.774931132968113	6.06005534739027	0.63466589891893	0	0
PA14_RS16110	32.1966556689832	34.4405362983887	40.9952840297813	27.7821453474765	18.5983471912347	20.2001844913009	40.6186175308115	26.7651788728388	18.8298800509472
PA14_RS16115	10.3029298140746	9.84015322811107	23.059847266752	1.98443895339118	4.64958679780868	7.07006457195532	7.61599078702716	5.14714978323823	7.53195202037889
PA14_RS16120	128.786622675933	164.82256657086	176.792162378432	161.731774701381	198.382370039837	177.761623523448	170.725126809192	172.944232716805	139.341112377009
PA14_RS16125	42.4995854830578	30.3404724533425	38.4330787779199	45.6420959279971	58.8947661055766	28.2802582878213	44.4266129243251	25.7357489161911	32.0107960866103
PA14_RS16130	23.1815920816679	18.0402809182036	14.5191630938809	22.8210479639985	37.9716255154375	25.2502306141261	14.5973156751354	18.5297392196576	5.64896401528417
PA14_RS16135	15.4543947211119	6.56010215207404	5.97847892100977	13.8910726737382	7.74931132968113	1.01000922456505	8.25065668594609	0	16.9468920458525
PA14_RS16140	0	4.10006384504628	0	0.992219476695589	0	1.01000922456505	0.63466589891893	2.05885991329529	0
PA14_RS16145	0	0	0	0	0	0	0	0	0
PA14_RS16150	0	0.820012769009256	1.70813683457422	0	2.32479339890434	6.06005534739027	2.53866359567572	5.14714978323823	0
PA14_RS16155	0	2.46003830702777	5.97847892100977	0	3.09972453187245	1.01000922456505	0.63466589891893	3.08828986994294	0
PA14_RS16160	14.1665284943526	6.56010215207404	14.5191630938809	2.97665843008677	6.97438019671302	11.1101014702155	11.4239861805407	19.5591691763053	5.64896401528417
PA14_RS16165	11.590796040834	1.64002553801851	1.70813683457422	6.94553633686912	6.1994490637449	5.05004612282523	1.26933179783786	3.08828986994294	13.1809160356631
PA14_RS16170	0	0	0	0	0	0	0	0	0
PA14_RS16175	0	0	0	0	0	0	0	0	0
PA14_RS16180	0	0	0	0	0	0	0	0	0
PA14_RS16185	9.0150635873153	12.3001915351388	15.373231511168	14.8832921504338	5.42451793077679	18.1801660421708	13.9626497762165	6.17657973988588	9.41494002547361
PA14_RS16190	27.0451907619459	17.2202681491944	11.9569578420195	11.9066337203471	21.6980717231072	17.1701568176058	6.98132488810823	6.17657973988588	52.7236641426522
PA14_RS16195	11.590796040834	17.2202681491944	8.54068417287109	6.94553633686912	2.32479339890434	13.1301199193456	5.71199309027037	11.3237295231241	9.41494002547361
PA14_RS16200	16.7422609478713	27.8804341463147	40.1412156124941	14.8832921504338	15.4986226593623	21.210193715866	24.7519700578383	16.4708793063623	20.7128680560419
PA14_RS16205	23.1815920816679	18.8602936872129	10.2488210074453	7.93775581356471	10.8490358615536	13.1301199193456	8.25065668594609	6.17657973988588	1.88298800509472
PA14_RS16210	5.15146490703731	0.820012769009256	7.68661575558399	15.8755116271294	7.74931132968113	12.1201106947805	7.61599078702716	3.08828986994294	5.64896401528417
PA14_RS16215	9.0150635873153	11.4801787661296	5.12441050372266	1.98443895339118	3.09972453187245	7.07006457195532	5.07732719135144	4.11771982659058	0
PA14_RS16220	20.6058596281493	4.10006384504628	9.3947525901582	5.95331686017353	0	17.1701568176058	5.07732719135144	1.02942995664765	7.53195202037889
PA14_RS16225	27.0451907619459	16.4002553801851	21.3517104321777	13.8910726737382	18.5983471912347	21.210193715866	18.405311068649	26.7651788728388	5.64896401528417
PA14_RS16230	11.590796040834	9.02014045910181	5.12441050372266	3.96887790678235	1.54986226593623	4.04003689826018	0.63466589891893	3.08828986994294	1.88298800509472
PA14_RS16235	0	0.820012769009256	2.56220525186133	0	0	0	1.26933179783786	2.05885991329529	0
PA14_RS16240	43.7874517098172	31.1604852223517	31.6005314396231	26.7899258707809	19.3732783242028	20.2001844913009	27.290633653514	39.1183383526105	16.9468920458525
PA14_RS31705	36.0602543492612	25.4203958392869	62.346994461959	44.6498764513015	28.6724519198202	22.220202940431	26.0213018556761	25.7357489161911	13.1809160356631
PA14_RS31710	43.7874517098172	55.7608682926294	60.6388576273848	28.7743648241721	35.6468321165332	33.3303044106465	34.2719585416222	40.1477683092582	60.2556161630311
PA14_RS16255	30.9087894422239	41.820651219472	40.1412156124941	20.8366090106074	19.3732783242028	32.3202951860815	19.0399769675679	20.5885991329529	41.4257361120839
PA14_RS16260	12.8786622675933	3.28005107603702	6.83254733829688	1.98443895339118	1.54986226593623	0	0	7.20600969653352	15.0639040407578
PA14_RS16265	78.559839832319	69.7010853657867	61.4929260446719	80.3697776123427	54.2451793077679	59.5905442493377	74.2559101735148	50.4420678757347	67.78756818341
PA14_RS16270	18.0301271746306	9.84015322811107	5.12441050372266	6.94553633686912	7.74931132968113	4.04003689826018	8.88532258486502	5.14714978323823	18.8298800509472
PA14_RS16275	21.8937258549086	15.5802426111759	18.7895051803164	11.9066337203471	10.0741047285855	11.1101014702155	18.405311068649	13.3825894364194	16.9468920458525
PA14_RS16280	11.590796040834	9.02014045910181	7.68661575558399	20.8366090106074	22.4730028560753	27.2702490632562	23.4826382600004	8.23543965318117	28.2448200764208
PA14_RS16285	55.3782477506511	77.08120028687	78.5742943904141	51.5954127881706	62.7694217704172	59.5905442493377	70.4479147800012	65.8835172254493	69.6705561885047
PA14_RS16290	10.3029298140746	9.84015322811107	17.0813683457422	0.992219476695589	7.74931132968113	8.08007379652036	16.5013133718922	15.4414493497147	0
PA14_RS16295	47.6510503900951	51.6608044475831	46.1196945335039	21.8288284873029	42.6212123132462	23.230212164996	29.8292972491897	36.0300484826676	37.6597601018944
PA14_RS16300	37.3481205760205	17.2202681491944	17.0813683457422	10.9144142436515	13.1738292604579	10.1000922456505	12.6933179783786	15.4414493497147	18.8298800509472
PA14_RS16305	24.4694583084272	16.4002553801851	21.3517104321777	17.8599505805206	15.4986226593623	14.1401291439106	8.88532258486502	12.3531594797718	1.88298800509472
PA14_RS16310	11.590796040834	1.64002553801851	1.70813683457422	0.992219476695589	0	0	3.17332949459465	3.08828986994294	0
PA14_RS16315	7.72719736055597	13.1202043041481	6.83254733829688	4.96109738347794	6.1994490637449	1.01000922456505	3.17332949459465	2.05885991329529	0
PA14_RS16320	27.0451907619459	11.4801787661296	17.0813683457422	10.9144142436515	13.1738292604579	9.09008302108541	11.4239861805407	6.17657973988588	13.1809160356631
PA14_RS16325	74.696241152041	54.1208427546109	73.4498838866914	31.7510232542588	26.3476585209158	22.220202940431	32.3679608448654	31.912328656077	18.8298800509472
PA14_RS16330	10.3029298140746	19.6803064562221	5.97847892100977	0.992219476695589	1.54986226593623	6.06005534739027	1.90399769675679	0	0
PA14_RS16335	28.3330569887052	19.6803064562221	18.7895051803164	16.867731103825	17.0484849252985	26.2602398386912	30.4639631481086	20.5885991329529	20.7128680560419
PA14_RS16340	52.8025152971325	85.2813279769626	94.8015943188691	41.6732180212147	44.9460057121506	28.2802582878213	38.7146198340547	42.2066282225535	41.4257361120839
PA14_RS16345	37.3481205760205	50.8407916785738	55.5144471236621	21.8288284873029	15.4986226593623	25.2502306141261	15.2319815740543	16.4708793063623	67.78756818341
PA14_RS16350	511.282892023453	579.749027689544	436.428961233713	354.222353180325	330.895593777384	516.114713752738	187.226440181084	226.474590462482	254.203380687787
PA14_RS16355	5.15146490703731	13.1202043041481	11.9569578420195	5.95331686017353	4.64958679780868	6.06005534739027	11.4239861805407	5.14714978323823	11.2979280305683
PA14_RS16360	19.3179934013899	12.3001915351388	3.41627366914844	15.8755116271294	11.6239669945217	17.1701568176058	10.7893202816218	15.4414493497147	1.88298800509472
PA14_RS16365	59.2418464309291	36.9005746054165	24.7679841013262	45.6420959279971	31.7721764516926	39.3903597580368	29.8292972491897	20.5885991329529	20.7128680560419
PA14_RS16370	25.7573245351866	40.1806256814535	40.1412156124941	221.264943303116	218.530579497008	231.292112425395	217.055737430274	196.6211217197	244.788440662314
PA14_RS16375	24.4694583084272	45.9207150645183	46.1196945335039	362.16010899389	327.020938112544	357.543265496026	420.148825084332	436.478301618602	502.757797360291
PA14_RS16380	10.3029298140746	5.74008938306479	9.3947525901582	0.992219476695589	2.32479339890434	6.06005534739027	13.9626497762165	12.3531594797718	0
PA14_RS16385	20.6058596281493	9.84015322811107	18.7895051803164	11.9066337203471	20.9231405901391	17.1701568176058	26.6559677545951	29.8534687427817	45.1917121222733
PA14_RS16390	34.7723881225019	25.4203958392869	17.9354367630293	23.8132674406941	24.0228651220115	44.440405880862	30.4639631481086	25.7357489161911	30.1278080815155
PA14_RS16395	33.4845218957425	34.4405362983887	40.1412156124941	35.7199011610412	41.8462811802781	20.2001844913009	35.5412903394601	35.00061852602	52.7236641426522
PA14_RS16400	15.4543947211119	15.5802426111759	26.4761209359004	18.8521700572162	21.6980717231072	12.1201106947805	17.77064516973	19.5591691763053	11.2979280305683
PA14_RS16405	20.6058596281493	9.84015322811107	27.3301893531875	15.8755116271294	9.29917359561736	10.1000922456505	15.2319815740543	13.3825894364194	13.1809160356631
PA14_RS16410	14.1665284943526	7.3801149210833	19.6435735976035	3.96887790678235	6.1994490637449	4.04003689826018	8.25065668594609	1.02942995664765	16.9468920458525
PA14_RS16415	215.073659868808	195.163039024203	196.435735976035	148.832921504338	158.085951125495	172.711577400623	241.173041589193	204.856561372882	218.426608590988
PA14_RS16420	220.225124775845	201.723141176277	198.997941227897	188.521700572162	243.328375751988	161.601475930407	165.013133718922	156.473353410442	129.926172351536
PA14_RS16425	38.6359868027798	47.5607406025368	44.4115576989297	35.7199011610412	20.9231405901391	41.4103782071669	35.5412903394601	37.0594784393153	41.4257361120839
PA14_RS16430	14.1665284943526	7.3801149210833	0.854068417287109	6.94553633686912	7.74931132968113	10.1000922456505	11.4239861805407	6.17657973988588	45.1917121222733
PA14_RS16435	1.28786622675933	20.5003192252314	16.2272999284551	5.95331686017353	3.87465566484057	16.1601475930407	10.1546543827029	10.2942995664765	11.2979280305683
PA14_RS16440	82.423438512597	135.302106886527	100.780073239879	114.105239819993	99.1911850199185	70.7006457195532	112.335864108651	126.61988466766	111.096292300589
PA14_RS16445	1215.74571806081	735.551453801302	720.83374419032	429.63103340919	420.012674068717	510.054658405348	368.106221372979	346.917895390257	348.352780942524
PA14_RS16450	10.3029298140746	27.8804341463147	23.059847266752	27.7821453474765	16.2735537923304	22.220202940431	35.5412903394601	25.7357489161911	7.53195202037889
PA14_RS16455	52.8025152971325	31.980497991361	31.6005314396231	36.7121206377368	38.7465566484057	16.1601475930407	23.4826382600004	51.4714978323823	45.1917121222733
PA14_RS16460	0	0	0	1.98443895339118	0	0	0	0	0
PA14_RS16465	19.3179934013899	17.2202681491944	8.54068417287109	4.96109738347794	17.0484849252985	12.1201106947805	8.88532258486502	9.26486960982881	5.64896401528417
PA14_RS16470	494.540631075582	442.806895264998	357.000598426012	383.988937481193	426.98705426543	467.634270973616	427.13014997244	443.684311315135	506.52377337048
PA14_RS16475	370.905473306686	347.685414059924	388.601129865635	303.61915986885	378.941324021407	342.39312712755	340.815587719465	366.477064566562	305.044056825345
PA14_RS16480	16.7422609478713	11.4801787661296	33.3086682741973	14.8832921504338	21.6980717231072	23.230212164996	44.4266129243251	48.3832079624394	26.3618320713261
PA14_RS16485	9.0150635873153	17.2202681491944	10.2488210074453	19.8443895339118	10.8490358615536	14.1401291439106	15.8666474729732	18.5297392196576	15.0639040407578
PA14_RS16490	260.148977805384	280.444367001165	303.194288136924	273.852575567982	251.077687081669	215.131964832355	310.351624571357	336.62359582378	250.437404677598
PA14_RS16495	36.0602543492612	31.980497991361	32.4545998569102	37.7043401144324	30.9972453187245	48.4804427791222	33.0026267437844	27.7946088294864	24.4788440662314
PA14_RS16500	122.347291542136	158.262464418786	189.603188637738	175.622847375119	151.111570928782	181.801660421708	187.226440181084	225.445160505834	161.936968438146
PA14_RS16505	43.7874517098172	42.6406639884813	23.059847266752	36.7121206377368	40.2964189143419	32.3202951860815	59.6585944983794	36.0300484826676	77.2025082088836
PA14_RS16510	57.9539802041698	106.601659971203	52.9522418718008	68.4631438919956	74.3933887649389	85.8507840880288	69.1785829821634	52.5009277890299	52.7236641426522
PA14_RS16515	29.6209232154645	40.1806256814535	38.4330787779199	52.5876322648662	53.4702481747998	51.5104704528173	60.9279262962173	59.7069374855635	47.074700127368
PA14_RS16525	180.301271746306	218.123396556462	236.576951588529	212.334968012856	213.880992699199	214.12195560779	151.050483942705	186.326822153224	209.011668565514
PA14_RS16530	29.6209232154645	37.7205873744258	46.973762950791	15.8755116271294	35.6468321165332	45.450415105427	38.0799539351358	27.7946088294864	30.1278080815155
PA14_RS16535	21.8937258549086	22.1403447632499	25.6220525186133	5.95331686017353	22.4730028560753	33.3303044106465	19.0399769675679	37.0594784393153	11.2979280305683
PA14_RS16540	24.4694583084272	14.7602298421666	26.4761209359004	25.7977063940853	18.5983471912347	30.3002767369514	11.4239861805407	28.8240387861341	20.7128680560419
PA14_RS16545	11.590796040834	5.74008938306479	7.68661575558399	23.8132674406941	6.1994490637449	5.05004612282523	6.98132488810823	12.3531594797718	16.9468920458525
PA14_RS16550	166.134743251953	177.942770875008	164.835204536412	161.731774701381	140.262535067228	222.20202940431	189.130437877841	202.797701459586	165.702944448336
PA14_RS16555	160.983278344916	104.961634433185	111.882962664611	80.3697776123427	124.763912407866	117.161070049545	118.047857198921	101.913565708117	92.2664122496414
PA14_RS16560	96.5899670069496	120.541877044361	95.6556627361563	107.159703483124	98.4162538869504	85.8507840880288	90.757223545407	101.913565708117	111.096292300589
PA14_RS16565	160.983278344916	136.122119655536	129.818399427641	144.864043597556	188.308265311251	164.631503604102	142.799827256759	135.884754277489	139.341112377009
PA14_RS16570	55.3782477506511	41.0006384504628	46.973762950791	30.7588037775632	38.7465566484057	34.3403136352115	39.3492857329737	59.7069374855635	54.6066521477469
PA14_RS16575	124.923023995655	66.4210342897497	77.720225973127	56.5565101716486	79.8179066957156	82.8207564143337	64.7359216897309	72.0600969653352	88.5004362394519
PA14_RS16580	11.590796040834	7.3801149210833	6.83254733829688	25.7977063940853	5.42451793077679	4.04003689826018	15.2319815740543	18.5297392196576	16.9468920458525
PA14_RS16585	16.7422609478713	9.02014045910181	18.7895051803164	11.9066337203471	11.6239669945217	21.210193715866	17.77064516973	18.5297392196576	26.3618320713261
PA14_RS16590	38.6359868027798	54.1208427546109	39.287147195207	43.6576569746059	40.2964189143419	47.4704335545571	34.9066244405411	33.9711885693723	58.3726281579364
PA14_RS16595	81.1355722858377	96.7615067430922	92.2393890670078	72.432021798778	68.9688708341621	95.9508763336793	85.0452304551366	55.5892176589729	32.0107960866103
PA14_RS16600	109.468629274543	98.4015322811107	94.8015943188691	81.3619970890383	92.9917359561736	127.261162295196	77.4292396681094	81.324966575164	80.968484219073
PA14_RS16605	298.784964608164	280.444367001165	282.696646122033	324.455768879457	282.849863533361	304.012776594079	328.122269741087	339.711885693723	320.107960866103
PA14_RS16610	325.83015537011	309.144813916489	271.593756697301	241.109332837028	249.527824815732	270.682472183432	260.213018556761	298.534687427817	305.044056825345
PA14_RS16615	54.0903815238918	59.8609321376757	52.0981734545137	33.73546220765	55.7950415737041	67.670618045858	50.1386060145955	59.7069374855635	84.7344602292625
PA14_RS16620	126.210890222414	124.641940889407	127.256194175779	115.097459296688	114.689807679281	129.281180744326	152.954481639462	131.767034450899	116.745256315873
PA14_RS16625	243.406716857513	193.523013486184	244.263567344113	190.506139525553	180.55895398157	139.381272989976	234.191716701085	221.327440679244	135.57513636682
PA14_RS16630	42.4995854830578	27.8804341463147	38.4330787779199	34.7276816843456	33.3220387176289	40.4003689826018	48.2346083178387	28.8240387861341	18.8298800509472
PA14_RS16635	204.770730054733	233.703639167638	188.749120220451	181.576164235293	253.402480480573	217.151983281485	274.810334231897	239.857179898902	286.214176774398
PA14_RS16640	70.832642471763	54.9408555236201	79.4283628077012	81.3619970890383	59.6696972385447	85.8507840880288	68.5439170832444	56.6186476156205	47.074700127368
PA14_RS16645	119.771559088618	134.482094117518	140.067220435086	129.980751447122	151.88650206175	148.471356011062	168.821129112435	192.50340189311	156.288004422862
PA14_RS16650	56.6661139774104	64.7810087517312	108.466688995463	40.6809985445191	58.8947661055766	66.660608821293	95.8345507367584	79.2661066618687	116.745256315873
PA14_RS16655	562.797541093826	740.471530415358	784.034807069566	436.576569746059	478.907440174294	510.054658405348	356.682235192439	425.154572095478	457.566085238017
PA14_RS16660	247.270315537791	237.803703012684	258.782730437994	179.591725281902	194.507714374996	200.991835688444	226.575725914058	206.915421286177	329.522900891576
PA14_RS16665	379.920536894002	353.425503442989	386.038924613773	168.67731103825	208.456474768422	246.442250793871	173.263790404868	267.651788728388	265.501308718356
PA14_RS16670	130.074488902692	188.602936872129	163.981136119125	100.214167146254	104.615702950695	113.121033151285	95.8345507367584	101.913565708117	48.9576881324628
PA14_RS16675	128.786622675933	151.702362266712	116.153304751047	81.3619970890383	90.6669425572692	99.9909132319395	72.9865783756769	43.2360581792011	45.1917121222733
PA14_RS16680	162.271144571675	126.281966427425	111.028894247324	82.3542165657339	99.1911850199185	77.7707102915085	46.3306106210819	95.7369859682311	103.56434028021
PA14_RS16685	88.8627696463936	70.521098134796	61.4929260446719	78.3853386589515	52.6953170418317	58.5805350247726	48.8692742167576	51.4714978323823	16.9468920458525
PA14_RS16690	1828.77004199825	1921.28991778869	1933.61089673802	1137.08352029314	1218.19174102587	1165.55064514806	882.820265396232	857.515153887489	903.834242445466
PA14_RS16695	358.026811039093	392.786116355433	323.691930151814	405.817765968496	354.143527766428	374.713422313632	264.655679849194	225.445160505834	224.075572606272
PA14_RS16700	2190.66045171762	2461.67833256579	2375.16426847545	1462.5315086493	1681.60055854081	1649.34506371472	1518.755496113	1291.9345955928	1316.20861556121
PA14_RS16705	3640.79782304862	3828.63961850421	3675.05639958643	2827.82550858243	3137.69615738789	3197.68920497293	2724.62070405897	2688.87104676365	2986.41897608023
PA14_RS16710	6034.94113859421	5376.82372639369	4772.53431580037	4971.0195782449	4938.63611040579	4914.70488673351	4688.27699531414	4446.10798276118	4690.52312069095
PA14_RS16715	1336.80514337618	1171.79824691423	1111.14301089053	1188.67893308132	1146.12314565984	1183.73081119023	1234.42517339732	1159.13813118525	1114.72889901608
PA14_RS16720	1902.17841692353	1849.12879411587	1986.56313860982	1921.92912635936	2147.33416945464	2435.13224042632	2317.79986285193	2276.06963414795	2397.04373048558
PA14_RS16725	32.1966556689832	60.6809449066849	46.1196945335039	46.6343154046927	52.6953170418317	60.6005534739027	70.4479147800012	52.5009277890299	96.0323882598308
PA14_RS16730	101.741431913987	73.801149210833	87.1149785632852	76.4008997055603	69.7438019671302	107.060977803895	72.9865783756769	72.0600969653352	111.096292300589
PA14_RS16735	78.559839832319	100.041557819129	76.0120891385527	71.4398023220824	86.0173557594606	74.7406826178133	86.9492281518934	74.1189568786305	60.2556161630311
PA14_RS16745	128.786622675933	110.701723816249	94.8015943188691	88.3075334259074	86.7922868924287	68.6806272704231	58.3892627005416	43.2360581792011	64.0215921732205
PA14_RS16750	431.435185964375	532.188287087007	351.022119505002	367.121206377368	244.878238017924	331.283025657335	310.351624571357	226.474590462482	146.873064397388
PA14_RS16755	315.527225556035	359.985605595063	253.658319934272	387.957815387975	270.450965405872	250.482287692131	207.53574894649	183.238532283281	154.405016417767
PA14_RS16760	376.056938213724	441.986882495989	389.455198282922	318.502452019284	285.949588065234	257.552352264087	383.338202947034	295.446397557874	274.916248743829
PA14_RS16765	189.316335333621	229.603575322592	218.6415148255	230.194918593377	188.308265311251	207.051891035834	140.895829560002	112.207865274593	139.341112377009
PA14_RS16770	248.55818176455	207.463230559342	180.20843604758	238.132674406941	291.374105996011	326.23297953451	285.599654513518	318.093856604123	301.278080815155
PA14_RS16775	427.571587284097	365.725694978128	410.8069087151	313.541354635806	351.818734367523	417.133809745364	340.180921820546	280.00494820816	306.92704483044
PA14_RS16780	372.193339533446	350.145452366952	489.381203105514	369.105645330759	419.237742935749	378.753459211892	486.788744470819	530.156427673538	418.023337131028
PA14_RS16785	148.104616077323	145.962272883648	187.895051803164	148.832921504338	171.259780385953	225.232057078005	289.407649907032	240.886609855549	338.93784091705
PA14_RS16790	220.225124775845	212.383307173397	187.040983385877	236.14823545355	254.177411613541	253.512315365826	265.925011647032	227.50402041913	165.702944448336
PA14_RS16795	283.330569887052	205.003192252314	181.062504464867	191.498359002249	197.607438906869	173.721586625188	206.266417148652	211.033141112767	269.267284728545
PA14_RS16800	94.014234553431	69.7010853657867	68.3254733829688	80.3697776123427	66.6440774352577	55.5505073510775	81.871900960542	87.5015463150499	99.7983642700202
PA14_RS16805	257.573245351866	123.821928120398	193.873530724174	153.794018887816	158.085951125495	215.131964832355	210.074412542166	235.739460072311	323.873936876292
PA14_RS16810	50.2267828436138	67.241047058759	50.3900366199395	61.5176075551265	78.2680444297794	60.6005534739027	72.9865783756769	59.7069374855635	90.3834242445466
PA14_RS16815	1979.45039052909	1685.94625308303	1824.29013932527	1359.34068307296	1546.76254140435	1355.43237936629	1328.99039233624	1630.61705132987	1600.53980433051
PA14_RS16820	52.8025152971325	35.260549067398	25.6220525186133	45.6420959279971	23.2479339890434	33.3303044106465	39.9839516318926	37.0594784393153	18.8298800509472
PA14_RS16825	7.72719736055597	11.4801787661296	17.0813683457422	14.8832921504338	19.3732783242028	6.06005534739027	11.4239861805407	11.3237295231241	13.1809160356631
PA14_RS16830	28.3330569887052	37.7205873744258	30.7464630223359	18.8521700572162	24.0228651220115	15.1501383684757	13.9626497762165	30.8828986994294	13.1809160356631
PA14_RS16835	5.15146490703731	2.46003830702777	5.12441050372266	0	2.32479339890434	2.02001844913009	3.17332949459465	0	3.76597601018944
PA14_RS16840	7.72719736055597	16.4002553801851	7.68661575558399	3.96887790678235	4.64958679780868	3.03002767369514	10.1546543827029	2.05885991329529	1.88298800509472
PA14_RS16845	5.15146490703731	0.820012769009256	9.3947525901582	0.992219476695589	1.54986226593623	1.01000922456505	6.98132488810823	4.11771982659058	0
PA14_RS16850	0	0	0	0	0	0	0	1.02942995664765	0
PA14_RS16855	7.72719736055597	2.46003830702777	0	2.97665843008677	1.54986226593623	2.02001844913009	3.17332949459465	6.17657973988588	13.1809160356631
PA14_RS16860	0	0.820012769009256	1.70813683457422	0	3.87465566484057	4.04003689826018	4.44266129243251	3.08828986994294	0
PA14_RS16865	13907.667382774	13039.0230400162	14293.6890317171	10841.9822218527	12558.5339408812	12056.4801136329	14788.35011071	13634.7997757981	14161.9527863174
PA14_RS16870	1551.87880324499	1249.69945997011	1045.37974275942	1097.39474122532	1116.67576260705	1156.46056212698	1042.12140602488	1045.90083595401	1167.45256315873
PA14_RS16875	461.056109179839	427.226652653822	440.699303320148	325.447988356153	298.348486192724	310.072831941469	286.234320412437	373.683074263095	316.341984855913
PA14_RS16880	190.604201560381	156.622438880768	139.213152017799	102.198606099646	82.9176312275881	105.040959354765	86.3145622529745	67.9423771387446	47.074700127368
PA14_RS16885	163.559010798435	184.502873027083	239.139156840391	165.700652608163	130.188430338643	144.431319112801	167.551797314598	190.444541979814	167.58593245343
PA14_RS16890	352.875346132056	345.225375752897	351.876187922289	289.728087195112	267.351240873999	264.622416836042	257.039689062167	271.769508554979	321.990948871197
PA14_RS16895	171.286208158991	145.142260114638	171.667751874709	104.183045053037	96.091460488046	130.291189968891	107.893202816218	115.296155144536	90.3834242445466
PA14_RS16900	1325.21434733535	1333.34076240905	1378.46642550139	995.196135125675	1312.73333924798	1171.61070049545	1285.19844531083	1486.4968573992	1263.48495141856
PA14_RS16910	235.679519496957	232.063613629619	164.835204536412	189.513920048857	198.382370039837	240.382195446481	225.30639411622	249.12204950873	182.649836494188
PA14_RS16915	324.542289143351	292.744558536304	321.98379331724	221.264943303116	278.975207868521	215.131964832355	281.156993221086	317.064426647475	365.299672988376
PA14_RS16920	561.509674867067	636.329908751182	734.498838866914	463.36649561684	548.651242141424	581.765313349466	573.103306723794	593.981084985692	538.53456945709
PA14_RS16925	607.872859030403	568.268848923414	464.613219004188	431.615472362581	416.912949536845	462.584224850791	417.610161488656	348.976755303552	338.93784091705
PA14_RS16930	34.7723881225019	6.56010215207404	25.6220525186133	14.8832921504338	10.0741047285855	17.1701568176058	15.8666474729732	8.23543965318117	26.3618320713261
PA14_RS16935	15.4543947211119	12.3001915351388	7.68661575558399	1.98443895339118	4.64958679780868	7.07006457195532	10.1546543827029	11.3237295231241	5.64896401528417
PA14_RS16940	9.0150635873153	9.02014045910181	8.54068417287109	9.92219476695589	6.1994490637449	12.1201106947805	10.7893202816218	7.20600969653352	0
PA14_RS16945	16.7422609478713	27.8804341463147	12.8110262593066	12.8988531970427	13.1738292604579	16.1601475930407	15.8666474729732	11.3237295231241	32.0107960866103
PA14_RS16950	66.9690437914851	47.5607406025368	43.5574892816426	23.8132674406941	24.7977962549796	38.3803505334717	36.175956238379	30.8828986994294	11.2979280305683
PA14_RS16955	83.7113047393563	109.88171104724	140.067220435086	67.4709244153	79.8179066957156	98.9809040073744	93.9305530400016	71.0306670086876	84.7344602292625
PA14_RS16960	419.844389923541	376.385860975248	339.91923008027	315.525793589197	312.29724658615	327.242988759075	305.908963278924	303.681837211056	344.586804932334
PA14_RS16965	163.559010798435	162.362528263833	234.014746336668	198.443895339118	171.259780385953	215.131964832355	206.901083047571	252.210339378673	320.107960866103
PA14_RS16970	213.785793642048	182.862847489064	173.375888709283	111.128581389906	160.410744524399	112.11102392672	100.277212029191	100.884135751469	105.447328285304
PA14_RS16975	29.6209232154645	53.3008299856016	53.8063102890879	60.5253880784309	65.8691463022896	66.660608821293	73.6212442745959	72.0600969653352	45.1917121222733
PA14_RS16980	36.0602543492612	37.7205873744258	15.373231511168	45.6420959279971	27.8975207868521	26.2602398386912	32.3679608448654	20.5885991329529	26.3618320713261
PA14_RS16985	432.723052191134	435.426780343915	451.802192744881	378.035620621019	383.590910819216	434.303966562969	332.564931033519	316.034996690827	297.512104804966
PA14_RS16990	101.741431913987	57.4008938306479	86.2609101459981	69.4553633686912	71.2936642330664	76.7607010669434	79.3332373648662	101.913565708117	52.7236641426522
PA14_RS16995	128.786622675933	100.041557819129	74.3039523039785	87.3153139492118	102.290909551791	70.7006457195532	104.719873321623	99.8547057948217	120.511232326062
PA14_RS17000	46.3631841633358	33.6205235293795	42.7034208643555	27.7821453474765	26.3476585209158	39.3903597580368	57.1199309027037	42.2066282225535	48.9576881324628
PA14_RS17010	444.313848231968	435.426780343915	463.7591505869	333.385744169718	336.320111708161	362.593311618851	363.028894181628	444.713741271783	442.50218119726
PA14_RS31430	467.495440313636	381.305937589304	409.098771880525	441.537667129537	456.434437318219	502.984593833393	453.786117727035	461.184620578145	544.183533472375
PA14_RS17020	159.695412118157	158.262464418786	161.418930867264	109.144142436515	134.063086003484	125.241143846066	101.546543827029	116.325585101184	105.447328285304
PA14_RS17025	36.0602543492612	36.0805618364072	21.3517104321777	22.8210479639985	27.8975207868521	40.4003689826018	17.1359792708111	14.412019393067	22.5958560611367
PA14_RS17030	980.066198563849	738.831504877339	907.02065915891	1630.21660021085	1236.01515708414	1492.79363390714	2032.83487423733	1823.12045322298	1834.03031696226
PA14_RS17035	36.0602543492612	33.6205235293795	20.4976420148906	30.7588037775632	27.8975207868521	19.1901752667359	23.4826382600004	30.8828986994294	60.2556161630311
PA14_RS17040	0	0	0	0.992219476695589	1.54986226593623	0	0.63466589891893	1.02942995664765	0
PA14_RS17045	0	1.64002553801851	0	2.97665843008677	5.42451793077679	0	0.63466589891893	2.05885991329529	0
PA14_RS17050	269.1640413927	235.343664705656	275.010030366449	131.965190400513	186.758403045315	223.212038628875	187.226440181084	226.474590462482	331.405888896671
PA14_RS17055	24.4694583084272	35.260549067398	37.5790103606328	29.7665843008677	48.8206613769911	46.4604243299921	51.4079378124333	67.9423771387446	62.1386041681258
PA14_RS17060	1.28786622675933	3.28005107603702	0	2.97665843008677	3.09972453187245	4.04003689826018	2.53866359567572	0	7.53195202037889
PA14_RS17065	2.57573245351866	9.02014045910181	5.97847892100977	9.92219476695589	9.29917359561736	4.04003689826018	5.07732719135144	9.26486960982881	7.53195202037889
PA14_RS17070	18.0301271746306	14.7602298421666	14.5191630938809	4.96109738347794	6.97438019671302	4.04003689826018	6.98132488810823	8.23543965318117	13.1809160356631
PA14_RS17075	12.8786622675933	14.7602298421666	18.7895051803164	12.8988531970427	21.6980717231072	9.09008302108541	24.7519700578383	15.4414493497147	26.3618320713261
PA14_RS17080	7.72719736055597	23.7803703012684	10.2488210074453	14.8832921504338	19.3732783242028	5.05004612282523	13.3279838772975	17.50030926301	30.1278080815155
PA14_RS17090	29.6209232154645	50.8407916785738	61.4929260446719	33.73546220765	35.6468321165332	36.3603320843416	45.695944722163	31.912328656077	20.7128680560419
PA14_RS17095	60.5297126576884	21.3203319942406	23.9139156840391	24.8054869173897	22.4730028560753	25.2502306141261	26.6559677545951	21.6180290896006	39.5427481069892
PA14_RS17100	23.1815920816679	20.5003192252314	10.2488210074453	12.8988531970427	11.6239669945217	7.07006457195532	12.6933179783786	26.7651788728388	35.7767720967997
PA14_RS17105	7.72719736055597	12.3001915351388	8.54068417287109	5.95331686017353	9.29917359561736	15.1501383684757	14.5973156751354	11.3237295231241	13.1809160356631
PA14_RS17110	14.1665284943526	11.4801787661296	8.54068417287109	5.95331686017353	10.8490358615536	11.1101014702155	4.44266129243251	5.14714978323823	24.4788440662314
PA14_RS17115	42.4995854830578	46.7407278335276	54.660378706375	63.5020465085177	48.8206613769911	40.4003689826018	43.7919470254062	53.5303577456776	80.968484219073
PA14_RS17120	63.1054451112071	165.64257933987	128.964331010354	143.87182412086	152.661433194718	146.451337561932	173.263790404868	171.914802760157	242.905452657219
PA14_RS17125	168.710475705472	191.882987948166	211.808967487203	228.210479639985	219.305510629976	218.16199250605	234.826382600004	215.150860939358	218.426608590988
PA14_RS17130	287.19416856733	359.985605595063	320.275656482666	379.027840097715	305.322866389437	355.523247046896	357.316901091358	368.535924479857	320.107960866103
PA14_RS17135	234.391653270198	298.484647919369	269.03155144544	198.443895339118	215.430854965135	244.422232344741	225.30639411622	214.12143098271	193.947764524756
PA14_RS17140	16.7422609478713	16.4002553801851	13.6650946765938	7.93775581356471	12.3988981274898	6.06005534739027	3.17332949459465	4.11771982659058	9.41494002547361
PA14_RS17145	11.590796040834	5.74008938306479	5.12441050372266	9.92219476695589	11.6239669945217	6.06005534739027	13.9626497762165	1.02942995664765	0
PA14_RS17150	34.7723881225019	35.260549067398	27.3301893531875	27.7821453474765	21.6980717231072	17.1701568176058	16.5013133718922	6.17657973988588	11.2979280305683
PA14_RS17155	10.3029298140746	8.20012769009256	8.54068417287109	3.96887790678235	0.774931132968113	8.08007379652036	2.53866359567572	2.05885991329529	1.88298800509472
PA14_RS17160	5.15146490703731	16.4002553801851	13.6650946765938	9.92219476695589	9.29917359561736	25.2502306141261	4.44266129243251	8.23543965318117	28.2448200764208
PA14_RS17165	9.0150635873153	4.10006384504628	2.56220525186133	1.98443895339118	6.1994490637449	9.09008302108541	1.26933179783786	2.05885991329529	0
PA14_RS17170	2.57573245351866	2.46003830702777	4.27034208643555	0	2.32479339890434	0	4.44266129243251	0	0
PA14_RS17175	0	0	0	0	0	0	0	0	0
PA14_RS17180	30.9087894422239	33.6205235293795	29.0383261877617	52.5876322648662	30.2223141857564	25.2502306141261	29.8292972491897	40.1477683092582	52.7236641426522
PA14_RS17185	101.741431913987	114.801787661296	109.32075741275	78.3853386589515	88.3421491583649	99.9909132319395	74.2559101735148	70.0012370520399	50.8406761375575
PA14_RS17190	19.3179934013899	13.1202043041481	20.4976420148906	19.8443895339118	17.8234160582666	8.08007379652036	19.6746428664868	21.6180290896006	5.64896401528417
PA14_RS17195	182.877004199825	217.303383787453	133.234673096789	111.128581389906	154.986226593623	139.381272989976	138.991831863246	77.2072467485735	143.107088387199
PA14_RS17200	215.073659868808	232.063613629619	217.787446408213	145.856263074252	173.584573784857	128.271171519761	121.221186693516	131.767034450899	99.7983642700202
PA14_RS17205	117.195826635099	118.081838737333	111.882962664611	95.2530697627765	75.168319897907	69.6906364949881	105.354539220542	61.7657973988588	54.6066521477469
PA14_RS17210	7.72719736055597	10.6601659971203	2.56220525186133	13.8910726737382	17.0484849252985	4.04003689826018	13.9626497762165	6.17657973988588	22.5958560611367
PA14_RS17215	90.150635873153	73.801149210833	78.5742943904141	60.5253880784309	76.7181821638432	64.6405903721629	68.5439170832444	109.11957540465	41.4257361120839
PA14_RS17220	47.6510503900951	64.7810087517312	44.4115576989297	39.6887790678235	57.3449038396404	54.5404981265124	50.7732719135144	73.0895269219829	20.7128680560419
PA14_RS17225	41.2117192562985	61.5009576756942	67.4714049656816	68.4631438919956	59.6696972385447	60.6005534739027	72.351912476758	82.3543965318117	94.1494002547361
PA14_RS17230	12.8786622675933	17.2202681491944	10.2488210074453	21.8288284873029	24.0228651220115	22.220202940431	10.1546543827029	13.3825894364194	11.2979280305683
PA14_RS17235	86.287037192875	65.6010215207404	45.2656261162168	50.603193311475	70.5187331000983	69.6906364949881	60.2932603972983	84.413256445107	41.4257361120839
PA14_RS17240	12.8786622675933	6.56010215207404	5.12441050372266	5.95331686017353	9.29917359561736	7.07006457195532	3.17332949459465	10.2942995664765	1.88298800509472
PA14_RS17245	3.86359868027798	3.28005107603702	1.70813683457422	3.96887790678235	6.1994490637449	3.03002767369514	12.6933179783786	0	0
PA14_RS17250	24.4694583084272	43.4606767574905	35.0168051087715	61.5176075551265	24.0228651220115	36.3603320843416	35.5412903394601	29.8534687427817	11.2979280305683
PA14_RS17255	3.86359868027798	1.64002553801851	3.41627366914844	1.98443895339118	6.1994490637449	0	1.26933179783786	2.05885991329529	5.64896401528417
PA14_RS17260	0	0	0.854068417287109	3.96887790678235	2.32479339890434	3.03002767369514	1.26933179783786	3.08828986994294	0
PA14_RS17265	0	0	2.56220525186133	0.992219476695589	0	4.04003689826018	3.80799539351358	1.02942995664765	0
PA14_RS17270	0	0	4.27034208643555	0	0	4.04003689826018	5.71199309027037	1.02942995664765	0
PA14_RS17275	6.43933113379664	19.6803064562221	20.4976420148906	14.8832921504338	18.5983471912347	28.2802582878213	22.8479723610815	26.7651788728388	48.9576881324628
PA14_RS17280	77.2719736055597	93.4814556670551	65.7632681311074	64.4942659852133	89.117080291333	54.5404981265124	81.237235061623	70.0012370520399	84.7344602292625
PA14_RS17285	9.0150635873153	7.3801149210833	5.12441050372266	1.98443895339118	2.32479339890434	0	3.17332949459465	4.11771982659058	3.76597601018944
PA14_RS30640	10.3029298140746	9.02014045910181	11.9569578420195	19.8443895339118	20.1482094571709	9.09008302108541	9.51998848378395	12.3531594797718	7.53195202037889
PA14_RS17295	16.7422609478713	13.9402170731573	27.3301893531875	11.9066337203471	12.3988981274898	25.2502306141261	8.25065668594609	13.3825894364194	32.0107960866103
PA14_RS17300	3.86359868027798	16.4002553801851	9.3947525901582	1.98443895339118	4.64958679780868	3.03002767369514	8.88532258486502	8.23543965318117	0
PA14_RS17305	1.28786622675933	2.46003830702777	2.56220525186133	1.98443895339118	0	4.04003689826018	4.44266129243251	3.08828986994294	0
PA14_RS17310	12.8786622675933	18.0402809182036	7.68661575558399	10.9144142436515	3.09972453187245	9.09008302108541	9.51998848378395	8.23543965318117	0
PA14_RS17315	18.0301271746306	30.3404724533425	11.9569578420195	18.8521700572162	6.97438019671302	5.05004612282523	18.405311068649	5.14714978323823	24.4788440662314
PA14_RS17320	314.239359329276	455.107086800137	452.656261162168	264.922600277722	295.248761660851	342.39312712755	224.037062318382	224.415730549187	286.214176774398
PA14_RS17325	191.89206778714	132.02205581049	141.77535726966	113.113020343297	128.638568072707	121.201106947805	76.1599078702716	94.7075560115834	101.681352275115
PA14_RS17330	279.466971206774	232.063613629619	214.371172739064	155.778457841207	163.510469056272	229.272093976265	116.143859502164	132.796464407546	105.447328285304
PA14_RS17335	60.5297126576884	54.9408555236201	63.2010628792461	75.4086802288647	63.5443529033853	70.7006457195532	80.6025691627041	88.5309762716976	67.78756818341
PA14_RS17340	23.1815920816679	41.820651219472	30.7464630223359	31.7510232542588	35.6468321165332	27.2702490632562	33.6372926427033	52.5009277890299	52.7236641426522
PA14_RS17345	79.8477060590783	66.4210342897497	76.0120891385527	63.5020465085177	61.994490637449	58.5805350247726	62.8319239929741	55.5892176589729	73.4365321986942
PA14_RS17350	100.453565687228	109.88171104724	94.8015943188691	107.159703483124	122.439119008962	127.261162295196	121.221186693516	118.384445014479	124.277208336252
PA14_RS17355	84.9991709661157	64.7810087517312	64.0551312965332	56.5565101716486	51.1454547758955	42.4203874317319	61.5625921951362	50.4420678757347	45.1917121222733
PA14_RS17360	64.3933113379664	88.5613790529996	108.466688995463	98.2297281928633	70.5187331000983	70.7006457195532	86.9492281518934	103.972425621412	79.0854962139783
PA14_RS17365	222.800857229364	239.443728550703	263.05307252443	236.14823545355	271.22589653884	263.612407611477	379.53020755352	383.977373829572	329.522900891576
PA14_RS17370	23.1815920816679	45.1007022955091	46.973762950791	32.7432427309544	24.7977962549796	46.4604243299921	49.5039401156765	22.6474590462482	35.7767720967997
PA14_RS17375	86.287037192875	100.041557819129	93.0934574842949	74.4164607521691	55.020110440736	68.6806272704231	75.5252419713527	72.0600969653352	65.9045801783153
PA14_RS17380	105.605030594265	113.161762123277	152.024178277105	89.299752902603	128.638568072707	138.371263765411	115.509193603245	99.8547057948217	137.458124371915
PA14_RS17385	121.059425315377	155.802426111759	121.27771525477	129.980751447122	165.835262455176	148.471356011062	178.975783495138	191.473971936462	241.022464652124
PA14_RS17390	51.5146490703731	41.0006384504628	38.4330787779199	50.603193311475	31.7721764516926	21.210193715866	29.1946313502708	41.1771982659058	5.64896401528417
PA14_RS17395	83.7113047393563	58.2209065996571	44.4115576989297	61.5176075551265	67.4190085682258	73.7306733932483	60.2932603972983	51.4714978323823	58.3726281579364
PA14_RS17400	637.493782245867	586.309129841618	531.230555552582	572.510638053355	526.953170418317	617.115636209243	515.98337582109	472.50835010127	444.385169202354
PA14_RS17405	276.891238753256	190.242962410147	198.143872810609	185.545042142075	198.382370039837	208.061900260399	241.807707488112	289.269817817988	359.650708973092
PA14_RS17410	55.3782477506511	57.4008938306479	75.1580207212656	59.5331686017353	61.994490637449	39.3903597580368	88.2185599497313	74.1189568786305	41.4257361120839
PA14_RS17415	20.6058596281493	13.1202043041481	21.3517104321777	20.8366090106074	22.4730028560753	29.2902675123863	25.3866359567572	29.8534687427817	7.53195202037889
PA14_RS17420	6.43933113379664	7.3801149210833	17.9354367630293	18.8521700572162	5.42451793077679	15.1501383684757	12.6933179783786	4.11771982659058	0
PA14_RS17425	108.180763047784	107.421672740212	103.34227849174	67.4709244153	71.2936642330664	93.9308578845492	72.9865783756769	61.7657973988588	41.4257361120839
PA14_RS17430	19.3179934013899	16.4002553801851	20.4976420148906	17.8599505805206	15.4986226593623	17.1701568176058	10.1546543827029	9.26486960982881	11.2979280305683
PA14_RS17435	16.7422609478713	50.0207789095646	52.0981734545137	33.73546220765	10.8490358615536	33.3303044106465	26.6559677545951	19.5591691763053	26.3618320713261
PA14_RS17440	3.86359868027798	7.3801149210833	8.54068417287109	14.8832921504338	2.32479339890434	1.01000922456505	2.53866359567572	3.08828986994294	5.64896401528417
PA14_RS17445	16.7422609478713	23.7803703012684	29.8923946050488	21.8288284873029	19.3732783242028	23.230212164996	41.8879493286494	33.9711885693723	24.4788440662314
PA14_RS17450	0	5.74008938306479	0.854068417287109	0	0	0	0	3.08828986994294	0
PA14_RS17455	12.8786622675933	16.4002553801851	16.2272999284551	41.6732180212147	20.9231405901391	8.08007379652036	20.9439746643247	18.5297392196576	20.7128680560419
PA14_RS17460	61.8175788844477	34.4405362983887	40.9952840297813	36.7121206377368	19.3732783242028	30.3002767369514	46.9652765200008	39.1183383526105	41.4257361120839
PA14_RS17465	47.6510503900951	29.5204596843332	26.4761209359004	21.8288284873029	35.6468321165332	18.1801660421708	26.0213018556761	21.6180290896006	20.7128680560419
PA14_RS17470	133.93808758297	126.281966427425	116.153304751047	90.2919723792986	109.265289748504	111.101014702155	90.757223545407	78.2366767052211	109.213304295494
PA14_RS31155	9.0150635873153	16.4002553801851	6.83254733829688	7.93775581356471	4.64958679780868	10.1000922456505	8.88532258486502	7.20600969653352	0
PA14_RS17475	33.4845218957425	15.5802426111759	25.6220525186133	8.9299752902603	24.0228651220115	19.1901752667359	24.7519700578383	28.8240387861341	43.3087241171786
PA14_RS17480	252.421780444828	184.502873027083	228.036267415658	175.622847375119	150.336639795814	215.131964832355	204.362419451895	197.650551676348	188.298800509472
PA14_RS17485	145.528883623804	86.9213535149811	99.0719364053047	71.4398023220824	75.168319897907	47.4704335545571	72.9865783756769	43.2360581792011	88.5004362394519
PA14_RS17490	857.718907021713	512.507980630785	662.757091814797	359.183450563803	378.166392888439	405.013699050583	350.335576203249	327.358726213951	451.917121222733
PA14_RS17495	23.1815920816679	18.8602936872129	22.2057788494648	6.94553633686912	13.948760393426	13.1301199193456	8.88532258486502	12.3531594797718	13.1809160356631
PA14_RS17500	3.86359868027798	5.74008938306479	0	0	8.52424246264924	2.02001844913009	1.90399769675679	4.11771982659058	0
PA14_RS17505	6.43933113379664	1.64002553801851	3.41627366914844	0.992219476695589	0	2.02001844913009	3.80799539351358	0	7.53195202037889
PA14_RS17510	179.013405519547	138.582157962564	119.569578420195	97.2375087161677	91.4418736902373	56.5605165756425	95.8345507367584	95.7369859682311	107.330316290399
PA14_RS30650	204.770730054733	127.921991965444	75.1580207212656	99.2219476695589	91.4418736902373	92.9208486599842	85.0452304551366	70.0012370520399	32.0107960866103
PA14_RS17515	204.770730054733	145.962272883648	228.036267415658	118.074117726775	163.510469056272	167.661531277798	130.7411751773	212.062571069415	165.702944448336
PA14_RS17520	294.921365927886	270.604213773054	369.811624685318	221.264943303116	292.923968261947	228.2620847517	357.316901091358	342.800175563666	365.299672988376
PA14_RS17525	34.7723881225019	20.5003192252314	28.1842577704746	22.8210479639985	13.948760393426	20.2001844913009	41.2532834297304	17.50030926301	26.3618320713261
PA14_RS17530	37.3481205760205	32.8005107603702	44.4115576989297	30.7588037775632	40.2964189143419	28.2802582878213	47.5999424189197	45.2949180924964	33.893784091705
PA14_RS17535	181.589137973065	172.202681491944	204.976420148906	209.358309582769	173.584573784857	174.731595849753	255.770357264329	256.328059205264	305.044056825345
PA14_RS17540	57.9539802041698	65.6010215207404	63.2010628792461	51.5954127881706	38.7465566484057	63.6305811475979	49.5039401156765	53.5303577456776	32.0107960866103
PA14_RS17545	9.0150635873153	9.02014045910181	8.54068417287109	3.96887790678235	6.1994490637449	12.1201106947805	10.1546543827029	9.26486960982881	5.64896401528417
PA14_RS17550	25.7573245351866	22.9603575322592	17.9354367630293	7.93775581356471	14.7236915263941	10.1000922456505	21.5786405632436	21.6180290896006	43.3087241171786
PA14_RS17555	25.7573245351866	32.8005107603702	25.6220525186133	21.8288284873029	14.7236915263941	14.1401291439106	24.7519700578383	18.5297392196576	52.7236641426522
PA14_RS17560	24.4694583084272	34.4405362983887	23.059847266752	45.6420959279971	24.0228651220115	31.3102859615164	38.7146198340547	50.4420678757347	15.0639040407578
PA14_RS17565	25.7573245351866	19.6803064562221	13.6650946765938	45.6420959279971	20.9231405901391	17.1701568176058	15.2319815740543	9.26486960982881	22.5958560611367
PA14_RS17570	59.2418464309291	57.4008938306479	49.5359682026523	53.5798517415618	55.020110440736	44.440405880862	55.8505991048658	43.2360581792011	37.6597601018944
PA14_RS17575	20.6058596281493	11.4801787661296	18.7895051803164	14.8832921504338	7.74931132968113	15.1501383684757	12.6933179783786	26.7651788728388	20.7128680560419
PA14_RS17580	33.4845218957425	45.1007022955091	59.7847892100977	61.5176075551265	56.5699727066723	73.7306733932483	59.6585944983794	56.6186476156205	58.3726281579364
PA14_RS17585	77.2719736055597	85.2813279769626	77.720225973127	74.4164607521691	65.0942151693215	86.8607933125939	69.1785829821634	80.2955366185164	126.160196341346
PA14_RS17590	15.4543947211119	30.3404724533425	26.4761209359004	20.8366090106074	19.3732783242028	38.3803505334717	15.2319815740543	19.5591691763053	26.3618320713261
PA14_RS17595	38.6359868027798	67.241047058759	36.7249419433457	64.4942659852133	68.193939701194	48.4804427791222	59.6585944983794	83.3838264884593	28.2448200764208
PA14_RS17600	46.3631841633358	62.3209704447034	64.9091997138203	67.4709244153	65.0942151693215	58.5805350247726	87.5838940508123	81.324966575164	112.979280305683
PA14_RS17605	57.9539802041698	28.7004469153239	30.7464630223359	25.7977063940853	37.9716255154375	21.210193715866	26.0213018556761	51.4714978323823	32.0107960866103
PA14_RS17610	5.15146490703731	9.84015322811107	21.3517104321777	9.92219476695589	17.8234160582666	27.2702490632562	5.71199309027037	13.3825894364194	15.0639040407578
PA14_RS17615	43.7874517098172	29.5204596843332	23.059847266752	17.8599505805206	37.1966943824694	34.3403136352115	28.5599654513518	35.00061852602	7.53195202037889
PA14_RS17620	1.28786622675933	1.64002553801851	2.56220525186133	1.98443895339118	0	0	2.53866359567572	1.02942995664765	0
PA14_RS17625	20.6058596281493	16.4002553801851	11.9569578420195	5.95331686017353	9.29917359561736	2.02001844913009	3.17332949459465	8.23543965318117	1.88298800509472
PA14_RS17630	10.3029298140746	8.20012769009256	11.9569578420195	5.95331686017353	7.74931132968113	10.1000922456505	11.4239861805407	8.23543965318117	1.88298800509472
PA14_RS17635	0	4.92007661405553	0	2.97665843008677	0	0	0	0	0
PA14_RS17640	48.9389166168545	68.8810725967775	44.4115576989297	51.5954127881706	55.7950415737041	52.5204796773824	59.6585944983794	44.2654881358488	22.5958560611367
PA14_RS17645	29.6209232154645	31.980497991361	42.7034208643555	24.8054869173897	10.8490358615536	24.2402213895611	36.175956238379	8.23543965318117	24.4788440662314
PA14_RS17650	10.3029298140746	11.4801787661296	5.12441050372266	6.94553633686912	3.87465566484057	7.07006457195532	8.88532258486502	2.05885991329529	20.7128680560419
PA14_RS17655	5.15146490703731	6.56010215207404	4.27034208643555	0	1.54986226593623	5.05004612282523	8.25065668594609	2.05885991329529	9.41494002547361
PA14_RS17660	34.7723881225019	41.0006384504628	35.8708735260586	7.93775581356471	25.5727273879477	27.2702490632562	19.0399769675679	13.3825894364194	64.0215921732205
PA14_RS17665	33.4845218957425	33.6205235293795	22.2057788494648	27.7821453474765	13.1738292604579	30.3002767369514	29.1946313502708	26.7651788728388	48.9576881324628
PA14_RS17670	90.150635873153	185.322885796092	146.899767773383	112.120800866602	137.162810535356	128.271171519761	147.877154448111	144.12019393067	212.777644575704
PA14_RS17675	122.347291542136	154.16240057374	181.916572882154	101.20638662295	144.137190732069	155.541420583017	135.183836469732	154.414493497147	163.819956443241
PA14_RS17680	118.483692861858	87.7413662839903	114.445167916473	87.3153139492118	92.9917359561736	101.000922456505	111.066532310813	172.944232716805	169.468920458525
PA14_RS17685	14.1665284943526	27.0604213773054	22.2057788494648	27.7821453474765	10.0741047285855	2.02001844913009	23.4826382600004	21.6180290896006	43.3087241171786
PA14_RS17690	34.7723881225019	45.1007022955091	40.9952840297813	28.7743648241721	19.3732783242028	30.3002767369514	41.8879493286494	32.9417586127247	33.893784091705
PA14_RS17695	11.590796040834	8.20012769009256	18.7895051803164	14.8832921504338	15.4986226593623	8.08007379652036	14.5973156751354	7.20600969653352	9.41494002547361
PA14_RS17700	34.7723881225019	50.0207789095646	52.9522418718008	26.7899258707809	27.8975207868521	32.3202951860815	49.5039401156765	39.1183383526105	43.3087241171786
PA14_RS17705	3.86359868027798	15.5802426111759	11.9569578420195	5.95331686017353	13.948760393426	17.1701568176058	10.7893202816218	7.20600969653352	28.2448200764208
PA14_RS17710	69.5447762450037	111.521736585259	83.6987048941367	125.019654063644	127.863636939739	114.13104237585	121.221186693516	84.413256445107	124.277208336252
PA14_RS17715	29.6209232154645	36.0805618364072	37.5790103606328	19.8443895339118	40.2964189143419	37.3703413089067	34.9066244405411	45.2949180924964	96.0323882598308
PA14_RS17720	0	7.3801149210833	15.373231511168	15.8755116271294	0.774931132968113	8.08007379652036	8.25065668594609	7.20600969653352	1.88298800509472
PA14_RS17725	92.7263683266716	127.101979196435	115.29923633376	114.105239819993	157.311019992527	156.551429807582	223.402396419463	226.474590462482	241.022464652124
PA14_RS17730	130.074488902692	156.622438880768	148.607904607957	126.01187354034	151.111570928782	135.341236091716	154.2238134373	210.00371115612	139.341112377009
PA14_RS17735	137.801686263248	114.801787661296	110.174825830037	54.5720712182574	62.7694217704172	71.7106549441182	57.7545968016226	71.0306670086876	82.8514722241678
PA14_RS17740	282.042703660293	263.224098851971	181.062504464867	268.891478184505	201.482094571709	188.871724993663	130.106509278381	130.737604494251	160.053980433051
PA14_RS17745	1019.99005159339	891.353879913061	886.52301714402	689.592536303434	634.668597900885	641.355857598804	647.359216897309	687.659211040627	766.376118073552
PA14_RS17750	2461.11235933708	2059.05206298224	1984.00093335796	1454.59375283573	1389.45152141183	1520.06388297039	1339.77971261786	1340.31780355524	1463.0816799586
PA14_RS17755	293.633499701127	342.765337445869	357.854666843299	202.4127732459	293.698899394915	268.662453734302	202.458421755139	236.768890028959	257.969356697977
PA14_RS17760	146.816749850563	122.181902582379	88.8231153978594	86.3230944725162	97.6413227539823	102.01093168107	88.2185599497313	62.7952273555064	62.1386041681258
PA14_RS17765	6.43933113379664	8.20012769009256	5.97847892100977	0	3.09972453187245	6.06005534739027	4.44266129243251	6.17657973988588	0
PA14_RS17770	33.4845218957425	22.9603575322592	21.3517104321777	21.8288284873029	13.1738292604579	14.1401291439106	14.5973156751354	10.2942995664765	35.7767720967997
PA14_RS17775	20.6058596281493	28.7004469153239	15.373231511168	32.7432427309544	47.2707991110549	20.2001844913009	34.2719585416222	36.0300484826676	52.7236641426522
PA14_RS17780	28.3330569887052	15.5802426111759	30.7464630223359	39.6887790678235	20.9231405901391	14.1401291439106	18.405311068649	23.6768890028959	20.7128680560419
PA14_RS17785	42.4995854830578	52.4808172165924	42.7034208643555	31.7510232542588	41.8462811802781	38.3803505334717	31.0986290470276	21.6180290896006	20.7128680560419
PA14_RS17790	32.1966556689832	49.2007661405553	68.3254733829688	30.7588037775632	42.6212123132462	25.2502306141261	38.7146198340547	26.7651788728388	20.7128680560419
PA14_RS17795	18.0301271746306	24.6003830702777	27.3301893531875	14.8832921504338	7.74931132968113	25.2502306141261	7.61599078702716	7.20600969653352	24.4788440662314
PA14_RS17800	32.1966556689832	22.9603575322592	43.5574892816426	17.8599505805206	37.9716255154375	29.2902675123863	38.7146198340547	19.5591691763053	24.4788440662314
PA14_RS17805	11.590796040834	5.74008938306479	2.56220525186133	2.97665843008677	10.0741047285855	1.01000922456505	13.9626497762165	6.17657973988588	0
PA14_RS17810	130.074488902692	143.50223457662	158.856725615402	88.3075334259074	104.615702950695	126.251153070631	133.914504671894	117.355015057832	173.234896468714
PA14_RS17815	962.036071389218	1249.69945997011	1305.87061003199	864.223164201858	1261.58788447209	1104.95009167416	1195.07588766435	1508.1148864888	1585.47590028976
PA14_RS17820	41.2117192562985	96.7615067430922	79.4283628077012	70.4475828453868	73.6184576319707	73.7306733932483	59.6585944983794	45.2949180924964	52.7236641426522
PA14_RS17825	6.43933113379664	18.8602936872129	17.9354367630293	29.7665843008677	15.4986226593623	23.230212164996	13.3279838772975	13.3825894364194	43.3087241171786
PA14_RS17830	32.1966556689832	54.9408555236201	77.720225973127	41.6732180212147	30.2223141857564	40.4003689826018	49.5039401156765	39.1183383526105	43.3087241171786
PA14_RS17835	785.59839832319	1011.07574418841	706.314581096439	859.26206681838	943.866119955162	979.708947828094	892.974919778934	887.368622630271	1150.50567111288
PA14_RS17840	124.923023995655	154.16240057374	190.457257055025	104.183045053037	110.81515201444	99.9909132319395	90.757223545407	84.413256445107	120.511232326062
PA14_RS17845	570.524738454382	751.131696412478	788.305149156002	731.265754324649	640.093115831661	768.617019893999	758.425749208121	772.072467485734	713.652453930899
PA14_RS17850	1030.29298140746	1252.97951104614	1298.18399427641	953.522917104461	1094.97769088394	1233.22126319392	1172.86258120218	1062.37171526037	1502.62442806559
PA14_RS17855	1420.51644811554	1274.29984304038	1644.93577169497	992.219476695589	1206.56777403135	1249.38141078696	1507.33150993246	1506.05602657551	1321.85757957649
PA14_RS17860	999.384191965239	939.734633284607	1225.588178807	655.857074095784	767.9567527714	719.126567890312	813.007016515149	747.366148526191	883.121374389424
PA14_RS17865	924.687950813198	748.67165810545	920.685753835504	575.487296483441	544.776586476583	486.824446240352	564.852650037848	532.215287586833	546.066521477469
PA14_RS17870	2159.75166227539	1965.57060731519	2335.02305286296	1373.23175574669	1473.14408377238	1483.70355088605	1415.93962048813	1517.37975609863	1363.28331568858
PA14_RS17875	1616.27211458296	1715.46671276736	1710.69903982608	1704.63306096302	1474.69394603832	1575.61439032147	1322.00906744813	1313.5526246824	1250.3040353829
PA14_RS17880	2556.41446011727	2692.10192065739	2930.30873971207	2323.77801442107	2537.89946047057	2358.37153935938	2336.20517392058	2436.66070738498	2570.2786269543
PA14_RS17885	361.890409719371	295.204596843332	345.043640583992	315.525793589197	291.374105996011	327.242988759075	322.410276650816	345.888465433609	397.310469074986
PA14_RS17890	1242.79090882275	1191.47855337045	1310.14095211843	949.554039197678	1022.13416438494	950.418680315708	1196.9798853611	1252.81625724019	1222.05921530647
PA14_RS17895	1712.86208158991	1842.5686919638	1662.871208458	1532.97909149468	1534.36364327686	1658.4351467358	1379.12899835083	1476.20255783272	1329.38953159687
PA14_RS17900	379.920536894002	446.086946341035	337.357024828408	356.206792133716	374.291737223599	446.42407725775	366.202223676223	352.065045173495	314.458996850819
PA14_RS17905	48.9389166168545	72.9811364418238	46.973762950791	60.5253880784309	65.0942151693215	48.4804427791222	36.8106221372979	35.00061852602	30.1278080815155
PA14_RS17910	41.2117192562985	52.4808172165924	25.6220525186133	26.7899258707809	32.5471075846608	35.3503228597766	37.4452880362169	43.2360581792011	9.41494002547361
PA14_RS17915	32.1966556689832	36.0805618364072	38.4330787779199	29.7665843008677	30.2223141857564	21.210193715866	31.0986290470276	21.6180290896006	22.5958560611367
PA14_RS17920	105.605030594265	59.0409193686664	56.3685155409492	62.5098270318221	61.994490637449	64.6405903721629	55.8505991048658	57.6480775722682	75.3195202037889
PA14_RS17925	30.9087894422239	29.5204596843332	45.2656261162168	29.7665843008677	40.2964189143419	38.3803505334717	52.0426037113523	52.5009277890299	41.4257361120839
PA14_RS17930	146.816749850563	106.601659971203	108.466688995463	101.20638662295	134.063086003484	156.551429807582	92.6612212421638	107.060715491355	112.979280305683
PA14_RS17935	48.9389166168545	49.2007661405553	51.2441050372266	61.5176075551265	48.045730244023	54.5404981265124	41.2532834297304	40.1477683092582	67.78756818341
PA14_RS17940	64.3933113379664	55.7608682926294	46.1196945335039	54.5720712182574	57.3449038396404	82.8207564143337	68.5439170832444	60.7363674422111	99.7983642700202
PA14_RS17945	68.2569100182444	86.1013407459718	43.5574892816426	46.6343154046927	55.020110440736	61.6105626984678	69.8132488810823	60.7363674422111	77.2025082088836
PA14_RS17950	19.3179934013899	18.0402809182036	18.7895051803164	50.603193311475	36.4217632495013	35.3503228597766	31.7332949459465	41.1771982659058	33.893784091705
PA14_RS17955	5.15146490703731	12.3001915351388	11.1028894247324	5.95331686017353	1.54986226593623	3.03002767369514	6.3466589891893	2.05885991329529	13.1809160356631
PA14_RS17960	0	0	0	0	0	1.01000922456505	0	0	0
PA14_RS17965	3.86359868027798	15.5802426111759	13.6650946765938	22.8210479639985	15.4986226593623	19.1901752667359	31.0986290470276	28.8240387861341	15.0639040407578
PA14_RS30665	38.6359868027798	33.6205235293795	29.8923946050488	29.7665843008677	30.2223141857564	43.4303966562969	24.7519700578383	42.2066282225535	7.53195202037889
PA14_RS17970	45.0753179365765	24.6003830702777	44.4115576989297	39.6887790678235	44.1710745791824	40.4003689826018	32.3679608448654	37.0594784393153	62.1386041681258
PA14_RS17975	29.6209232154645	11.4801787661296	20.4976420148906	39.6887790678235	27.8975207868521	39.3903597580368	38.0799539351358	26.7651788728388	18.8298800509472
PA14_RS17980	112.044361728062	134.482094117518	136.650946765938	97.2375087161677	125.538843540834	150.491374460192	112.97053000757	130.737604494251	103.56434028021
PA14_RS17985	92.7263683266716	101.681583357148	141.77535726966	96.2452892394721	132.513223737547	112.11102392672	104.719873321623	83.3838264884593	71.5535441935994
PA14_RS17990	300.072830834923	276.344303156119	456.072534831316	187.529481095466	278.200276735553	285.832610551908	323.044942549735	353.094475130143	436.853217181975
PA14_RS17995	807.492124178099	822.472807316283	925.810164339227	506.03193311475	639.318184698693	604.995525514462	602.932603972983	646.482012774722	811.567830195825
PA14_RS18000	297.497098381405	276.344303156119	311.734972309795	284.766989811634	255.727273879477	272.702490632562	363.028894181628	344.859035476961	295.629116799871
PA14_RS18005	18.0301271746306	19.6803064562221	24.7679841013262	12.8988531970427	21.6980717231072	29.2902675123863	10.1546543827029	20.5885991329529	13.1809160356631
PA14_RS18010	1047.03524235533	829.852922237367	1359.67692032108	549.689590089356	770.281546170304	883.758071494415	985.001475122179	1202.37418936445	1434.83685988218
PA14_RS18015	346.436014998259	211.563294404388	306.610561806072	120.058556680166	203.806887970614	199.981826463879	215.151739733517	277.946088294864	265.501308718356
PA14_RS18020	73.4083749252817	37.7205873744258	30.7464630223359	25.7977063940853	22.4730028560753	64.6405903721629	13.3279838772975	15.4414493497147	18.8298800509472
PA14_RS18025	2672.32242052561	1820.42834720055	2048.91013307178	1485.3525566133	1512.66557155376	2115.96932546377	1331.52905593192	1535.90949531829	1749.295856733
PA14_RS18030	977.49046611033	1175.89831075927	1244.37768398732	653.872635142393	688.913777208653	784.77716748704	647.359216897309	663.982322037732	596.907197615027
PA14_RS18035	151.968214757601	223.043473170518	204.976420148906	97.2375087161677	148.01184639691	124.231134621501	115.509193603245	98.825275838174	99.7983642700202
PA14_RS18040	23.1815920816679	12.3001915351388	18.7895051803164	6.94553633686912	5.42451793077679	7.07006457195532	5.07732719135144	12.3531594797718	0
PA14_RS18045	1013.55072045959	1024.19594849256	714.855265269311	536.790736892313	557.175484604073	517.124722977303	371.279550867574	414.860272529001	295.629116799871
PA14_RS18050	597.569929216328	428.046665422831	617.49146569858	405.817765968496	392.115153281865	460.564206401661	440.458133849737	484.861509581041	512.172737385764
PA14_RS18055	75.9841073788004	64.7810087517312	70.8876786348301	55.564290694953	47.2707991110549	49.4904520036872	53.946601408109	47.3537780057917	37.6597601018944
PA14_RS18060	467.495440313636	345.225375752897	433.866755981852	206.381651152682	254.952342746509	230.28210320083	186.591774282165	177.061952543395	224.075572606272
PA14_RS18065	7.72719736055597	4.10006384504628	5.12441050372266	0	0	0	2.53866359567572	4.11771982659058	0
PA14_RS18070	87.5749034196343	95.9414939740829	83.6987048941367	56.5565101716486	50.3705236429274	73.7306733932483	46.9652765200008	51.4714978323823	84.7344602292625
PA14_RS18075	705.750692264112	332.925184217758	486.818997853652	234.163796500159	351.818734367523	329.263007208205	354.143571596763	424.12514213883	399.193457080081
PA14_RS18080	124.923023995655	111.521736585259	97.3637995707305	79.3775581356471	94.5415982221098	85.8507840880288	119.951854895678	101.913565708117	96.0323882598308
PA14_RS18085	1223.47291542136	1120.13744246664	1219.60969988599	1292.86197813435	1432.07273372507	1474.61346786497	1608.87805375949	1649.14679054953	1882.98800509472
PA14_RS18090	613.02432393744	700.290904733904	770.369712392973	645.934879328828	664.115980953673	708.016466420097	731.769781453526	686.62978108398	591.258233599743
PA14_RS18095	194.467800240659	300.124673457388	245.1176357614	182.568383711988	178.234160582666	189.881734218229	220.863732823788	226.474590462482	175.117884473809
PA14_RS18100	23.1815920816679	35.260549067398	32.4545998569102	37.7043401144324	31.7721764516926	12.1201106947805	34.2719585416222	10.2942995664765	33.893784091705
PA14_RS30675	94.014234553431	119.721864275351	68.3254733829688	56.5565101716486	60.4446283715128	50.5004612282523	37.4452880362169	33.9711885693723	62.1386041681258
PA14_RS31555	32.1966556689832	9.02014045910181	19.6435735976035	13.8910726737382	9.29917359561736	13.1301199193456	12.6933179783786	13.3825894364194	0
PA14_RS18115	19.3179934013899	18.0402809182036	16.2272999284551	17.8599505805206	6.97438019671302	15.1501383684757	13.9626497762165	3.08828986994294	11.2979280305683
PA14_RS18120	10.3029298140746	9.02014045910181	12.8110262593066	4.96109738347794	9.29917359561736	7.07006457195532	1.26933179783786	3.08828986994294	0
PA14_RS18125	27.0451907619459	22.9603575322592	19.6435735976035	38.696559591128	37.1966943824694	25.2502306141261	33.6372926427033	17.50030926301	26.3618320713261
PA14_RS18130	78.559839832319	114.801787661296	129.818399427641	114.105239819993	95.3165293550779	63.6305811475979	95.1998848378395	76.1778167919258	47.074700127368
PA14_RS18135	141.665284943526	147.602298421666	128.110262593066	154.786238364512	103.065840684759	138.371263765411	121.221186693516	99.8547057948217	47.074700127368
PA14_RS18140	319.390824236313	229.603575322592	231.452541084807	347.276816843456	274.325621070712	258.562361488652	236.730380296761	199.709411589643	160.053980433051
PA14_RS18145	633.630183565589	493.647686943572	632.864697209748	626.090489794916	557.950415737041	580.755304124901	663.225864370282	642.364292948131	570.545365543701
PA14_RS18150	38.6359868027798	46.7407278335276	23.9139156840391	21.8288284873029	21.6980717231072	20.2001844913009	17.1359792708111	19.5591691763053	11.2979280305683
PA14_RS30680	146.816749850563	267.324162697017	177.646230795719	184.552822665379	176.68429831673	140.391282214541	111.066532310813	134.855324320842	101.681352275115
PA14_RS30690	1614.9842483562	1658.88583170572	1535.61501428222	1706.61749991641	1363.10386289091	1841.24681638208	1280.12111811948	1212.66848893093	1657.02944448336
PA14_RS18155	105.605030594265	165.64257933987	94.8015943188691	83.3464360424294	86.7922868924287	95.9508763336793	38.0799539351358	67.9423771387446	28.2448200764208
PA14_RS18160	538.328082785399	592.049219224682	650.800133972777	352.237914226934	332.445456043321	367.643357741676	307.178295076762	364.418204653267	295.629116799871
PA14_RS18165	597.569929216328	666.670381204525	637.135039296184	373.074523237541	435.51129672808	407.033717499713	399.204850420007	323.241006387361	497.108833345007
PA14_RS18170	408.253593882707	368.185733285156	402.266224542229	336.362402599805	352.593665500491	364.613330067981	378.260875755682	378.830224046334	241.022464652124
PA14_RS18175	100.453565687228	110.701723816249	120.423646837482	78.3853386589515	108.490358615536	78.7807195160735	121.221186693516	126.61988466766	120.511232326062
PA14_RS18180	11.590796040834	10.6601659971203	20.4976420148906	14.8832921504338	13.1738292604579	6.06005534739027	13.3279838772975	16.4708793063623	58.3726281579364
PA14_RS18185	37.3481205760205	41.0006384504628	23.9139156840391	53.5798517415618	51.9203859088636	53.5304889019474	51.4079378124333	63.8246573121541	30.1278080815155
PA14_RS18190	63.1054451112071	31.1604852223517	54.660378706375	22.8210479639985	34.8719009835651	38.3803505334717	44.4266129243251	47.3537780057917	28.2448200764208
PA14_RS18195	45.0753179365765	45.1007022955091	52.0981734545137	39.6887790678235	31.7721764516926	49.4904520036872	43.7919470254062	39.1183383526105	26.3618320713261
PA14_RS18200	61.8175788844477	61.5009576756942	90.5312522324336	32.7432427309544	48.045730244023	59.5905442493377	66.6399193864876	53.5303577456776	82.8514722241678
PA14_RS18205	172.57407438575	183.682860258073	169.105546622848	124.027434586949	165.835262455176	134.331226867151	142.16516135784	133.825894364194	101.681352275115
PA14_RS18210	24.4694583084272	21.3203319942406	11.1028894247324	17.8599505805206	19.3732783242028	8.08007379652036	7.61599078702716	10.2942995664765	7.53195202037889
PA14_RS18215	61.8175788844477	43.4606767574905	35.8708735260586	46.6343154046927	41.8462811802781	38.3803505334717	45.061278823244	18.5297392196576	39.5427481069892
PA14_RS18220	34.7723881225019	31.1604852223517	38.4330787779199	11.9066337203471	23.2479339890434	43.4303966562969	29.8292972491897	11.3237295231241	32.0107960866103
PA14_RS18225	12.8786622675933	2.46003830702777	7.68661575558399	3.96887790678235	6.97438019671302	0	1.26933179783786	6.17657973988588	1.88298800509472
PA14_RS18230	30.9087894422239	44.2806895264998	20.4976420148906	11.9066337203471	12.3988981274898	10.1000922456505	17.77064516973	24.7063189595435	3.76597601018944
PA14_RS18235	16.7422609478713	9.02014045910181	12.8110262593066	6.94553633686912	9.29917359561736	3.03002767369514	8.88532258486502	3.08828986994294	5.64896401528417
PA14_RS18240	55.3782477506511	82.0012769009256	144.337562521522	33.73546220765	26.3476585209158	47.4704335545571	24.7519700578383	32.9417586127247	45.1917121222733
PA14_RS18245	14.1665284943526	9.84015322811107	8.54068417287109	3.96887790678235	2.32479339890434	3.03002767369514	5.07732719135144	3.08828986994294	3.76597601018944
PA14_RS18250	34.7723881225019	43.4606767574905	31.6005314396231	43.6576569746059	48.045730244023	22.220202940431	52.0426037113523	49.412637919087	58.3726281579364
PA14_RS18255	77.2719736055597	108.241685509222	105.050415326314	80.3697776123427	74.3933887649389	75.7506918423784	106.62387101838	61.7657973988588	84.7344602292625
PA14_RS18260	110.756495501302	148.422311190675	131.526536262215	80.3697776123427	89.117080291333	87.8708025371589	69.8132488810823	100.884135751469	62.1386041681258
PA14_RS18265	23.1815920816679	28.7004469153239	33.3086682741973	8.9299752902603	9.29917359561736	7.07006457195532	14.5973156751354	3.08828986994294	18.8298800509472
PA14_RS18270	84.9991709661157	127.921991965444	104.196346909027	114.105239819993	98.4162538869504	96.9608855582444	78.0639055670284	89.5604062283452	80.968484219073
PA14_RS18275	39.9238530295392	51.6608044475831	37.5790103606328	35.7199011610412	31.7721764516926	20.2001844913009	25.3866359567572	32.9417586127247	22.5958560611367
PA14_RS18280	278.179104980015	282.084392539184	327.108203820963	258.969283417549	281.300001267425	250.482287692131	338.27692412379	328.388156170599	344.586804932334
PA14_RS18285	176.437673066028	150.062336728694	136.650946765938	139.902946214078	120.889256743026	101.000922456505	119.317188996759	165.738223020271	97.9153762649255
PA14_RS18290	15.4543947211119	7.3801149210833	2.56220525186133	4.96109738347794	3.09972453187245	13.1301199193456	5.07732719135144	2.05885991329529	1.88298800509472
PA14_RS18295	9.0150635873153	10.6601659971203	20.4976420148906	4.96109738347794	7.74931132968113	17.1701568176058	17.1359792708111	14.412019393067	32.0107960866103
PA14_RS18300	0	0.820012769009256	4.27034208643555	1.98443895339118	0	2.02001844913009	0	6.17657973988588	13.1809160356631
PA14_RS18305	14.1665284943526	21.3203319942406	19.6435735976035	19.8443895339118	16.2735537923304	16.1601475930407	17.1359792708111	19.5591691763053	15.0639040407578
PA14_RS18310	9.0150635873153	1.64002553801851	4.27034208643555	0.992219476695589	3.09972453187245	10.1000922456505	2.53866359567572	0	7.53195202037889
PA14_RS18315	5.15146490703731	4.92007661405553	3.41627366914844	9.92219476695589	5.42451793077679	4.04003689826018	7.61599078702716	0	7.53195202037889
PA14_RS18320	10.3029298140746	11.4801787661296	10.2488210074453	1.98443895339118	6.1994490637449	14.1401291439106	5.07732719135144	1.02942995664765	0
PA14_RS18325	63.1054451112071	30.3404724533425	21.3517104321777	40.6809985445191	21.6980717231072	37.3703413089067	25.3866359567572	35.00061852602	32.0107960866103
PA14_RS18330	29.6209232154645	18.8602936872129	28.1842577704746	22.8210479639985	22.4730028560753	28.2802582878213	15.2319815740543	12.3531594797718	7.53195202037889
PA14_RS18335	121.059425315377	93.4814556670551	103.34227849174	63.5020465085177	56.5699727066723	95.9508763336793	78.0639055670284	92.6486960982881	71.5535441935994
PA14_RS18340	260.148977805384	244.363805164758	280.134440870172	159.74733574799	151.111570928782	170.691558951493	184.05311068649	202.797701459586	222.192584601177
PA14_RS18345	9.0150635873153	9.02014045910181	3.41627366914844	9.92219476695589	1.54986226593623	8.08007379652036	10.7893202816218	2.05885991329529	5.64896401528417
PA14_RS18350	10.3029298140746	12.3001915351388	1.70813683457422	10.9144142436515	4.64958679780868	5.05004612282523	11.4239861805407	16.4708793063623	3.76597601018944
PA14_RS18355	39.9238530295392	37.7205873744258	35.0168051087715	21.8288284873029	20.9231405901391	36.3603320843416	33.0026267437844	17.50030926301	18.8298800509472
PA14_RS18360	19.3179934013899	29.5204596843332	18.7895051803164	20.8366090106074	12.3988981274898	18.1801660421708	8.25065668594609	16.4708793063623	9.41494002547361
PA14_RS18365	15.4543947211119	9.02014045910181	8.54068417287109	2.97665843008677	13.1738292604579	8.08007379652036	3.80799539351358	2.05885991329529	0
PA14_RS18370	29.6209232154645	12.3001915351388	10.2488210074453	5.95331686017353	10.0741047285855	12.1201106947805	12.6933179783786	15.4414493497147	11.2979280305683
PA14_RS18375	12.8786622675933	7.3801149210833	9.3947525901582	7.93775581356471	3.87465566484057	7.07006457195532	3.17332949459465	0	9.41494002547361
PA14_RS18380	3.86359868027798	21.3203319942406	10.2488210074453	5.95331686017353	0.774931132968113	10.1000922456505	7.61599078702716	8.23543965318117	26.3618320713261
PA14_RS18385	21.8937258549086	8.20012769009256	17.9354367630293	21.8288284873029	4.64958679780868	3.03002767369514	8.88532258486502	20.5885991329529	26.3618320713261
PA14_RS18390	82.423438512597	100.861570588138	67.4714049656816	87.3153139492118	68.193939701194	61.6105626984678	41.2532834297304	32.9417586127247	26.3618320713261
PA14_RS18395	135.225953809729	131.202043041481	152.024178277105	118.074117726775	110.040220881472	110.09100547759	104.085207422705	89.5604062283452	58.3726281579364
PA14_RS18400	29.6209232154645	36.0805618364072	24.7679841013262	48.6187543580838	40.2964189143419	61.6105626984678	16.5013133718922	22.6474590462482	16.9468920458525
PA14_RS18405	48.9389166168545	71.3411109038052	33.3086682741973	54.5720712182574	36.4217632495013	74.7406826178133	42.5226152275683	29.8534687427817	28.2448200764208
PA14_RS18410	517.72222315725	423.946601577785	484.256792601791	314.533574112502	354.918458899396	408.043726724278	344.623583112979	393.242243439401	348.352780942524
PA14_RS18415	78.559839832319	53.3008299856016	40.1412156124941	47.6265348813883	44.1710745791824	63.6305811475979	49.5039401156765	33.9711885693723	71.5535441935994
PA14_RS18420	0	0.820012769009256	0.854068417287109	7.93775581356471	6.1994490637449	2.02001844913009	0.63466589891893	6.17657973988588	0
PA14_RS18425	257.573245351866	179.582796413027	227.182198998371	189.513920048857	157.311019992527	175.741605074318	197.381094563787	223.386300592539	237.256488641935
PA14_RS18430	162.271144571675	148.422311190675	133.234673096789	161.731774701381	124.763912407866	129.281180744326	119.317188996759	98.825275838174	65.9045801783153
PA14_RS18435	132.650221356211	144.322247345629	169.105546622848	125.019654063644	141.037466200197	178.771632748013	214.517073834598	156.473353410442	222.192584601177
PA14_RS18440	99.1656994604683	124.641940889407	133.234673096789	73.4242412754736	90.6669425572692	87.8708025371589	102.181209725948	121.472734884422	139.341112377009
PA14_RS18445	19.3179934013899	17.2202681491944	19.6435735976035	11.9066337203471	8.52424246264924	7.07006457195532	13.3279838772975	5.14714978323823	0
PA14_RS18450	24.4694583084272	36.0805618364072	36.7249419433457	30.7588037775632	23.2479339890434	22.220202940431	18.405311068649	31.912328656077	26.3618320713261
PA14_RS18455	0	23.7803703012684	7.68661575558399	0.992219476695589	10.0741047285855	15.1501383684757	20.3093087654058	8.23543965318117	1.88298800509472
PA14_RS18460	34.7723881225019	34.4405362983887	16.2272999284551	29.7665843008677	18.5983471912347	26.2602398386912	27.9252995524329	20.5885991329529	45.1917121222733
PA14_RS18465	9.0150635873153	13.9402170731573	10.2488210074453	10.9144142436515	10.0741047285855	6.06005534739027	12.6933179783786	12.3531594797718	0
PA14_RS18470	83.7113047393563	92.6614428980459	96.5097311534434	59.5331686017353	61.994490637449	61.6105626984678	61.5625921951362	81.324966575164	47.074700127368
PA14_RS18475	1.28786622675933	0.820012769009256	5.97847892100977	100.214167146254	80.5928378286838	76.7607010669434	173.898456303787	159.561643280385	177.000872478904
PA14_RS18480	472.646905220673	420.666550501748	376.644172023615	339.339061029891	312.29724658615	315.122878064294	291.311647603789	265.592928815093	192.064776519662
PA14_RS18485	180.301271746306	161.542515494823	140.067220435086	131.965190400513	130.188430338643	174.731595849753	135.818502368651	135.884754277489	167.58593245343
PA14_RS18490	197.043532694177	205.003192252314	194.727599141461	185.545042142075	172.034711518921	160.591466705842	171.359792708111	160.591073237033	116.745256315873
PA14_RS18495	209.92219496177	209.10325609736	184.478778134016	130.972970923818	132.513223737547	160.591466705842	144.703824953516	146.179053843966	141.224100382104
PA14_RS18500	226.664455909642	257.484009468906	211.808967487203	194.475017432335	163.510469056272	185.841697319968	113.605195906488	99.8547057948217	118.628244320967
PA14_RS18505	173.861940612509	171.382668722934	176.792162378432	144.864043597556	100.741047285855	116.15106082498	128.202511581624	163.679363106976	133.692148361725
PA14_RS18510	388.935600481317	345.225375752897	386.038924613773	308.580257252328	293.698899394915	319.162914962554	273.541002434059	286.181527948046	346.469792937429
PA14_RS18515	830.673716259767	778.192117789784	776.348191313983	718.366901127606	547.876311008456	587.825368696856	675.284516449741	652.658592514608	681.641657844289
PA14_RS18520	426.283721057338	396.88618020048	453.510329579455	305.603598822241	368.092288159854	385.823523783847	389.050196037304	408.683692789115	327.639912886482
PA14_RS18525	185.452736653343	136.942132424546	134.942809931363	111.128581389906	144.137190732069	98.9809040073744	128.837177480543	99.8547057948217	101.681352275115
PA14_RS18530	452.041045592524	359.165592826054	353.584324756863	275.837014521374	306.097797522405	305.022785818644	339.546255921628	348.976755303552	239.13947664703
PA14_RS18535	351.587479905297	264.04411162098	284.404782956607	179.591725281902	213.106061566231	238.362176997351	294.484977098383	299.564117384465	207.128680560419
PA14_RS18540	254.997512898347	211.563294404388	258.782730437994	272.860356091287	262.70165407619	271.692481407997	292.580979401627	275.887228381569	314.458996850819
PA14_RS18545	197.043532694177	164.002553801851	175.938093961145	206.381651152682	179.009091715634	187.861715769098	193.573099170274	177.061952543395	199.59672854004
PA14_RS18550	149.392482304082	89.3813918220089	104.196346909027	94.2608502860809	55.7950415737041	72.7206641686833	65.3705875886498	66.912947182097	92.2664122496414
PA14_RS18555	47.6510503900951	103.321608895166	113.591099499186	97.2375087161677	96.8663916210141	67.670618045858	159.301140628651	96.7664159248787	111.096292300589
PA14_RS18560	39.9238530295392	36.9005746054165	34.1627366914844	22.8210479639985	27.8975207868521	39.3903597580368	27.290633653514	16.4708793063623	56.4896401528417
PA14_RS18565	45.0753179365765	41.0006384504628	66.6173365483945	54.5720712182574	49.5955925099592	53.5304889019474	45.061278823244	44.2654881358488	45.1917121222733
PA14_RS18570	10.3029298140746	10.6601659971203	18.7895051803164	3.96887790678235	8.52424246264924	0	3.80799539351358	7.20600969653352	16.9468920458525
PA14_RS18575	21.8937258549086	60.6809449066849	46.1196945335039	51.5954127881706	37.1966943824694	34.3403136352115	34.2719585416222	35.00061852602	35.7767720967997
PA14_RS18580	24.4694583084272	38.540600143435	40.9952840297813	25.7977063940853	37.9716255154375	44.440405880862	34.9066244405411	26.7651788728388	28.2448200764208
PA14_RS18585	47.6510503900951	26.2404086082962	28.1842577704746	17.8599505805206	25.5727273879477	26.2602398386912	16.5013133718922	13.3825894364194	11.2979280305683
PA14_RS18590	215.073659868808	199.263102869249	209.246762235342	212.334968012856	182.883747380475	186.851706544533	177.071785798381	144.12019393067	227.841548616461
PA14_RS18595	78.559839832319	92.6614428980459	73.4498838866914	92.2764113326897	66.6440774352577	68.6806272704231	67.2745852854066	68.9718070953923	79.0854962139783
PA14_RS18600	207.346462508252	156.622438880768	149.461973025244	124.027434586949	93.7666670891417	115.141051600415	135.183836469732	142.061334017375	167.58593245343
PA14_RS18605	200.907131374455	221.403447632499	286.966988208469	265.914819754418	319.271626782863	259.572370713217	403.012845813521	400.448253135934	327.639912886482
PA14_RS18610	177.725539292787	235.343664705656	215.225241156352	339.339061029891	309.972453187245	269.672462958867	311.620956369195	266.62235877174	184.532824499283
PA14_RS18615	15.4543947211119	26.2404086082962	16.2272999284551	26.7899258707809	28.6724519198202	20.2001844913009	31.0986290470276	25.7357489161911	32.0107960866103
PA14_RS18620	10.3029298140746	17.2202681491944	15.373231511168	6.94553633686912	6.97438019671302	15.1501383684757	12.0586520794597	19.5591691763053	11.2979280305683
PA14_RS18625	11.590796040834	8.20012769009256	8.54068417287109	10.9144142436515	17.8234160582666	6.06005534739027	14.5973156751354	17.50030926301	9.41494002547361
PA14_RS18630	2.57573245351866	4.10006384504628	5.97847892100977	7.93775581356471	7.74931132968113	5.05004612282523	2.53866359567572	12.3531594797718	5.64896401528417
PA14_RS18635	37.3481205760205	31.980497991361	25.6220525186133	22.8210479639985	45.7209368451187	44.440405880862	24.1173041589193	41.1771982659058	22.5958560611367
PA14_RS18640	48.9389166168545	35.260549067398	35.8708735260586	34.7276816843456	41.8462811802781	40.4003689826018	30.4639631481086	32.9417586127247	56.4896401528417
PA14_RS18645	1575.06039532666	1773.68761936702	1808.9169078141	1556.79235893538	1979.17411360056	2122.02938081116	1811.97114141354	2092.83110186466	2041.15899752268
PA14_RS31560	1021.27791782015	846.253177617552	790.867354407863	676.693683106392	650.942151693215	747.406826178134	582.623295207578	507.508968627289	691.056597869763
PA14_RS18655	834.537314940045	697.830866426876	710.584923182875	413.75552178206	495.180993966624	546.41499048969	519.791371214604	450.890321011669	425.555289151407
PA14_RS18660	213.785793642048	205.823205021323	263.05307252443	240.117113360332	237.903857821211	290.882656674733	250.693030072977	333.535305953837	502.757797360291
PA14_RS18665	121.059425315377	159.902489956805	150.316041442531	165.700652608163	130.188430338643	125.241143846066	123.759850289191	126.61988466766	205.245692555325
PA14_RS18670	41.2117192562985	48.3807533715461	50.3900366199395	23.8132674406941	34.096969850597	39.3903597580368	35.5412903394601	52.5009277890299	48.9576881324628
PA14_RS18675	92.7263683266716	142.68222180761	135.79687834865	93.2686308093853	96.8663916210141	91.9108394354191	105.354539220542	116.325585101184	133.692148361725
PA14_RS18680	19.3179934013899	14.7602298421666	2.56220525186133	11.9066337203471	7.74931132968113	14.1401291439106	6.3466589891893	19.5591691763053	11.2979280305683
PA14_RS18685	18.0301271746306	35.260549067398	35.8708735260586	71.4398023220824	37.1966943824694	22.220202940431	39.9839516318926	32.9417586127247	86.6174482343572
PA14_RS18690	28.3330569887052	45.9207150645183	56.3685155409492	31.7510232542588	43.3961434462143	46.4604243299921	49.5039401156765	49.412637919087	16.9468920458525
PA14_RS18695	70.832642471763	51.6608044475831	83.6987048941367	44.6498764513015	43.3961434462143	32.3202951860815	41.2532834297304	36.0300484826676	26.3618320713261
PA14_RS18700	70.832642471763	94.3014684360644	129.818399427641	59.5331686017353	61.2195595044809	37.3703413089067	52.0426037113523	56.6186476156205	50.8406761375575
PA14_RS18705	29.6209232154645	28.7004469153239	32.4545998569102	13.8910726737382	6.1994490637449	22.220202940431	17.1359792708111	8.23543965318117	15.0639040407578
PA14_RS18710	55.3782477506511	61.5009576756942	58.9307207928106	46.6343154046927	45.7209368451187	42.4203874317319	24.7519700578383	33.9711885693723	28.2448200764208
PA14_RS18715	38.6359868027798	36.0805618364072	49.5359682026523	8.9299752902603	16.2735537923304	11.1101014702155	13.9626497762165	4.11771982659058	5.64896401528417
PA14_RS18720	18.0301271746306	36.9005746054165	18.7895051803164	12.8988531970427	9.29917359561736	6.06005534739027	11.4239861805407	4.11771982659058	5.64896401528417
PA14_RS18725	11.590796040834	12.3001915351388	21.3517104321777	16.867731103825	6.1994490637449	4.04003689826018	3.17332949459465	8.23543965318117	16.9468920458525
PA14_RS18730	9.0150635873153	10.6601659971203	11.9569578420195	9.92219476695589	1.54986226593623	3.03002767369514	8.88532258486502	19.5591691763053	0
PA14_RS31665	261.436844032144	142.68222180761	123.839920506631	141.887385167469	141.812397333165	130.291189968891	110.431866411894	98.825275838174	137.458124371915
PA14_RS18735	16.7422609478713	6.56010215207404	23.059847266752	33.73546220765	20.9231405901391	26.2602398386912	21.5786405632436	25.7357489161911	1.88298800509472
PA14_RS18740	0	5.74008938306479	1.70813683457422	1.98443895339118	3.09972453187245	3.03002767369514	5.71199309027037	5.14714978323823	0
PA14_RS18745	38.6359868027798	39.3606129124443	47.8278313680781	41.6732180212147	35.6468321165332	43.4303966562969	43.7919470254062	56.6186476156205	60.2556161630311
PA14_RS18750	5.15146490703731	3.28005107603702	5.12441050372266	3.96887790678235	9.29917359561736	3.03002767369514	7.61599078702716	7.20600969653352	3.76597601018944
PA14_RS18755	10.3029298140746	18.0402809182036	3.41627366914844	6.94553633686912	6.1994490637449	3.03002767369514	12.6933179783786	4.11771982659058	22.5958560611367
PA14_RS18760	21.8937258549086	32.8005107603702	17.0813683457422	26.7899258707809	41.8462811802781	27.2702490632562	20.9439746643247	29.8534687427817	24.4788440662314
PA14_RS18765	29.6209232154645	25.4203958392869	20.4976420148906	13.8910726737382	19.3732783242028	23.230212164996	12.6933179783786	20.5885991329529	9.41494002547361
PA14_RS18770	9.0150635873153	23.7803703012684	22.2057788494648	21.8288284873029	11.6239669945217	6.06005534739027	13.3279838772975	15.4414493497147	0
PA14_RS18775	41.2117192562985	44.2806895264998	48.6818997853652	55.564290694953	48.8206613769911	39.3903597580368	49.5039401156765	59.7069374855635	35.7767720967997
PA14_RS18780	10.3029298140746	17.2202681491944	21.3517104321777	17.8599505805206	21.6980717231072	22.220202940431	31.0986290470276	28.8240387861341	20.7128680560419
PA14_RS18785	6.43933113379664	9.84015322811107	11.1028894247324	6.94553633686912	4.64958679780868	15.1501383684757	9.51998848378395	14.412019393067	20.7128680560419
PA14_RS18790	12.8786622675933	23.7803703012684	17.0813683457422	4.96109738347794	6.97438019671302	12.1201106947805	19.6746428664868	19.5591691763053	3.76597601018944
PA14_RS18795	20.6058596281493	12.3001915351388	22.2057788494648	28.7743648241721	26.3476585209158	5.05004612282523	16.5013133718922	15.4414493497147	3.76597601018944
PA14_RS18800	7.72719736055597	12.3001915351388	8.54068417287109	20.8366090106074	5.42451793077679	12.1201106947805	15.2319815740543	14.412019393067	20.7128680560419
PA14_RS18805	7.72719736055597	2.46003830702777	2.56220525186133	0.992219476695589	2.32479339890434	4.04003689826018	2.53866359567572	3.08828986994294	3.76597601018944
PA14_RS18810	28.3330569887052	38.540600143435	29.8923946050488	41.6732180212147	38.7465566484057	37.3703413089067	49.5039401156765	35.00061852602	20.7128680560419
PA14_RS18815	43.7874517098172	41.0006384504628	23.059847266752	40.6809985445191	34.096969850597	42.4203874317319	33.6372926427033	40.1477683092582	24.4788440662314
PA14_RS18820	86.287037192875	95.1214812050736	128.110262593066	129.980751447122	103.840771817727	103.020940905635	126.933179783786	106.031285534708	122.394220331157
PA14_RS18825	14.1665284943526	14.7602298421666	7.68661575558399	13.8910726737382	12.3988981274898	3.03002767369514	12.0586520794597	18.5297392196576	15.0639040407578
PA14_RS18830	20.6058596281493	13.9402170731573	7.68661575558399	15.8755116271294	13.948760393426	19.1901752667359	15.8666474729732	8.23543965318117	16.9468920458525
PA14_RS18835	27.0451907619459	11.4801787661296	8.54068417287109	11.9066337203471	10.8490358615536	15.1501383684757	7.61599078702716	27.7946088294864	18.8298800509472
PA14_RS18840	1.28786622675933	4.10006384504628	7.68661575558399	8.9299752902603	3.87465566484057	4.04003689826018	5.71199309027037	8.23543965318117	0
PA14_RS18845	55.3782477506511	47.5607406025368	54.660378706375	33.73546220765	36.4217632495013	36.3603320843416	32.3679608448654	44.2654881358488	11.2979280305683
PA14_RS18850	38.6359868027798	39.3606129124443	27.3301893531875	22.8210479639985	24.0228651220115	31.3102859615164	33.0026267437844	18.5297392196576	9.41494002547361
PA14_RS18855	83.7113047393563	72.9811364418238	63.2010628792461	45.6420959279971	61.994490637449	65.6505995967279	57.7545968016226	63.8246573121541	65.9045801783153
PA14_RS18860	266.588308939181	251.743920085841	229.744404250232	132.957409877209	119.339394477089	159.581457481277	125.029182087029	121.472734884422	139.341112377009
PA14_RS18865	78.559839832319	95.9414939740829	100.780073239879	88.3075334259074	102.290909551791	101.000922456505	121.855852592435	112.207865274593	99.7983642700202
PA14_RS18870	18.0301271746306	12.3001915351388	10.2488210074453	11.9066337203471	13.948760393426	4.04003689826018	6.3466589891893	11.3237295231241	0
PA14_RS18875	27.0451907619459	45.1007022955091	36.7249419433457	25.7977063940853	25.5727273879477	19.1901752667359	23.4826382600004	24.7063189595435	18.8298800509472
PA14_RS18880	169.998341932231	86.1013407459718	143.483494104234	48.6187543580838	41.07135004731	46.4604243299921	40.6186175308115	54.5597877023252	56.4896401528417
PA14_RS18885	54.0903815238918	36.0805618364072	27.3301893531875	12.8988531970427	21.6980717231072	23.230212164996	15.2319815740543	5.14714978323823	18.8298800509472
PA14_RS18890	55.3782477506511	72.9811364418238	53.8063102890879	7.93775581356471	11.6239669945217	13.1301199193456	5.07732719135144	15.4414493497147	3.76597601018944
PA14_RS18895	96.5899670069496	63.1409832137127	76.0120891385527	18.8521700572162	20.1482094571709	29.2902675123863	14.5973156751354	23.6768890028959	45.1917121222733
PA14_RS18900	68.2569100182444	60.6809449066849	100.780073239879	12.8988531970427	34.8719009835651	18.1801660421708	20.3093087654058	8.23543965318117	3.76597601018944
PA14_RS18905	1.28786622675933	3.28005107603702	0	0	0.774931132968113	0	2.53866359567572	5.14714978323823	11.2979280305683
PA14_RS30715	0	0	0	0	0	0	0	0	0
PA14_RS18910	150.680348530841	141.862209038601	176.792162378432	226.226040686594	197.607438906869	281.792573653648	260.84768445568	238.827749942254	252.320392682693
PA14_RS18915	39.9238530295392	56.5808810616386	63.2010628792461	72.432021798778	67.4190085682258	51.5104704528173	50.1386060145955	62.7952273555064	69.6705561885047
PA14_RS18920	47.6510503900951	58.2209065996571	41.8493524470684	67.4709244153	44.9460057121506	55.5505073510775	36.8106221372979	53.5303577456776	88.5004362394519
PA14_RS18925	29.6209232154645	28.7004469153239	17.9354367630293	18.8521700572162	11.6239669945217	9.09008302108541	7.61599078702716	4.11771982659058	28.2448200764208
PA14_RS18930	18.0301271746306	20.5003192252314	19.6435735976035	10.9144142436515	10.8490358615536	9.09008302108541	11.4239861805407	13.3825894364194	28.2448200764208
PA14_RS18935	27.0451907619459	55.7608682926294	44.4115576989297	40.6809985445191	38.7465566484057	44.440405880862	48.2346083178387	24.7063189595435	43.3087241171786
PA14_RS18940	28.3330569887052	27.0604213773054	12.8110262593066	30.7588037775632	20.1482094571709	39.3903597580368	37.4452880362169	21.6180290896006	11.2979280305683
PA14_RS18945	24.4694583084272	24.6003830702777	20.4976420148906	9.92219476695589	20.9231405901391	33.3303044106465	18.405311068649	25.7357489161911	20.7128680560419
PA14_RS18950	24.4694583084272	35.260549067398	43.5574892816426	17.8599505805206	13.1738292604579	13.1301199193456	33.0026267437844	28.8240387861341	3.76597601018944
PA14_RS18955	11.590796040834	20.5003192252314	25.6220525186133	15.8755116271294	27.122589653884	9.09008302108541	15.8666474729732	22.6474590462482	16.9468920458525
PA14_RS18960	9.0150635873153	35.260549067398	17.9354367630293	23.8132674406941	27.122589653884	13.1301199193456	22.8479723610815	7.20600969653352	15.0639040407578
PA14_RS18965	6.43933113379664	9.84015322811107	9.3947525901582	8.9299752902603	6.97438019671302	12.1201106947805	8.25065668594609	2.05885991329529	7.53195202037889
PA14_RS18970	103.029298140746	104.141621664175	122.131783672057	154.786238364512	106.165565216631	124.231134621501	175.167788101625	143.090763974023	203.36270455023
PA14_RS18975	104.317164367506	91.0214173600274	94.8015943188691	106.167484006428	93.7666670891417	85.8507840880288	133.279838772975	78.2366767052211	112.979280305683
PA14_RS18980	48.9389166168545	53.3008299856016	47.8278313680781	38.696559591128	37.9716255154375	43.4303966562969	38.7146198340547	24.7063189595435	43.3087241171786
PA14_RS18985	10.3029298140746	26.2404086082962	22.2057788494648	12.8988531970427	19.3732783242028	21.210193715866	23.4826382600004	9.26486960982881	18.8298800509472
PA14_RS18990	21.8937258549086	9.84015322811107	20.4976420148906	45.6420959279971	24.7977962549796	21.210193715866	20.3093087654058	19.5591691763053	35.7767720967997
PA14_RS18995	1.28786622675933	12.3001915351388	4.27034208643555	6.94553633686912	6.1994490637449	4.04003689826018	5.07732719135144	2.05885991329529	0
PA14_RS19000	0	0.820012769009256	0	0.992219476695589	0	0	8.88532258486502	2.05885991329529	3.76597601018944
PA14_RS19005	6.43933113379664	6.56010215207404	2.56220525186133	3.96887790678235	17.8234160582666	1.01000922456505	14.5973156751354	10.2942995664765	0
PA14_RS19010	5.15146490703731	2.46003830702777	1.70813683457422	9.92219476695589	2.32479339890434	6.06005534739027	8.25065668594609	6.17657973988588	7.53195202037889
PA14_RS19015	19.3179934013899	4.10006384504628	4.27034208643555	4.96109738347794	5.42451793077679	6.06005534739027	9.51998848378395	6.17657973988588	3.76597601018944
PA14_RS19020	5.15146490703731	4.92007661405553	7.68661575558399	10.9144142436515	2.32479339890434	2.02001844913009	3.17332949459465	1.02942995664765	0
PA14_RS19025	27.0451907619459	15.5802426111759	28.1842577704746	10.9144142436515	17.8234160582666	20.2001844913009	21.5786405632436	20.5885991329529	26.3618320713261
PA14_RS19030	9.0150635873153	5.74008938306479	15.373231511168	8.9299752902603	10.0741047285855	15.1501383684757	5.07732719135144	17.50030926301	3.76597601018944
PA14_RS31435	7.72719736055597	4.92007661405553	7.68661575558399	7.93775581356471	6.97438019671302	3.03002767369514	9.51998848378395	10.2942995664765	13.1809160356631
PA14_RS19040	0	0	0	0.992219476695589	3.87465566484057	0	0.63466589891893	0	0
PA14_RS19045	0	8.20012769009256	4.27034208643555	3.96887790678235	0	0	6.3466589891893	1.02942995664765	0
PA14_RS19050	50.2267828436138	38.540600143435	41.8493524470684	41.6732180212147	19.3732783242028	26.2602398386912	31.0986290470276	28.8240387861341	18.8298800509472
PA14_RS19055	41.2117192562985	61.5009576756942	65.7632681311074	41.6732180212147	44.1710745791824	41.4103782071669	39.3492857329737	42.2066282225535	32.0107960866103
PA14_RS19060	30.9087894422239	46.7407278335276	37.5790103606328	21.8288284873029	33.3220387176289	25.2502306141261	27.290633653514	41.1771982659058	64.0215921732205
PA14_RS19065	358.026811039093	322.265018220637	322.837861734527	144.864043597556	214.655923832167	171.701568176058	159.93580652757	177.061952543395	201.479716545135
PA14_RS19070	64.3933113379664	86.9213535149811	76.8661575558398	24.8054869173897	34.096969850597	22.220202940431	46.3306106210819	37.0594784393153	39.5427481069892
PA14_RS19075	70.832642471763	50.8407916785738	81.9905680595625	20.8366090106074	17.0484849252985	17.1701568176058	19.0399769675679	22.6474590462482	9.41494002547361
PA14_RS19080	131.362355129451	153.342387804731	140.067220435086	103.190825576341	77.4931132968113	59.5905442493377	72.9865783756769	58.6775075289158	90.3834242445466
PA14_RS19085	103.029298140746	159.082477187796	151.170109859818	85.3308749958206	70.5187331000983	51.5104704528173	72.9865783756769	44.2654881358488	26.3618320713261
PA14_RS19090	216.361526095567	168.922630415907	236.576951588529	108.151922959819	94.5415982221098	94.9408671091143	101.546543827029	91.6192661416405	133.692148361725
PA14_RS19095	97.8778332337089	87.7413662839903	102.488210074453	63.5020465085177	65.8691463022896	64.6405903721629	69.1785829821634	63.8246573121541	71.5535441935994
PA14_RS19100	36.0602543492612	79.5412385938978	69.1795418002559	36.7121206377368	37.9716255154375	30.3002767369514	22.8479723610815	36.0300484826676	26.3618320713261
PA14_RS19105	34.7723881225019	29.5204596843332	12.8110262593066	13.8910726737382	4.64958679780868	10.1000922456505	6.98132488810823	6.17657973988588	5.64896401528417
PA14_RS19110	66.9690437914851	95.9414939740829	52.9522418718008	49.6109738347794	61.994490637449	49.4904520036872	60.2932603972983	66.912947182097	35.7767720967997
PA14_RS19115	11.590796040834	6.56010215207404	9.3947525901582	21.8288284873029	4.64958679780868	6.06005534739027	11.4239861805407	13.3825894364194	11.2979280305683
PA14_RS19120	209.92219496177	331.285158679739	392.017403534783	135.934068307296	217.75564836404	170.691558951493	191.034435574598	229.562880332425	178.883860483999
PA14_RS19125	3.86359868027798	2.46003830702777	5.12441050372266	4.96109738347794	8.52424246264924	9.09008302108541	5.07732719135144	23.6768890028959	30.1278080815155
PA14_RS19130	0	1.64002553801851	0	0	1.54986226593623	1.01000922456505	1.26933179783786	1.02942995664765	0
PA14_RS19135	7.72719736055597	22.9603575322592	19.6435735976035	10.9144142436515	16.2735537923304	9.09008302108541	9.51998848378395	11.3237295231241	1.88298800509472
PA14_RS19140	23.1815920816679	21.3203319942406	25.6220525186133	23.8132674406941	25.5727273879477	10.1000922456505	27.9252995524329	15.4414493497147	26.3618320713261
PA14_RS19145	28.3330569887052	29.5204596843332	40.9952840297813	45.6420959279971	28.6724519198202	33.3303044106465	31.0986290470276	40.1477683092582	16.9468920458525
PA14_RS19150	50.2267828436138	93.4814556670551	46.1196945335039	49.6109738347794	38.7465566484057	41.4103782071669	34.9066244405411	33.9711885693723	13.1809160356631
PA14_RS19155	166.134743251953	205.823205021323	165.689272953699	81.3619970890383	162.735537923304	163.621494379537	133.914504671894	129.708174537603	139.341112377009
PA14_RS19160	154.543947211119	123.821928120398	114.445167916473	52.5876322648662	101.515978418823	99.9909132319395	81.237235061623	108.090145448003	146.873064397388
PA14_RS19165	9.0150635873153	4.10006384504628	5.12441050372266	3.96887790678235	8.52424246264924	11.1101014702155	25.3866359567572	21.6180290896006	1.88298800509472
PA14_RS19170	57.9539802041698	43.4606767574905	42.7034208643555	27.7821453474765	34.096969850597	38.3803505334717	50.1386060145955	60.7363674422111	37.6597601018944
PA14_RS19175	10.3029298140746	3.28005107603702	5.97847892100977	1.98443895339118	9.29917359561736	0	3.17332949459465	0	1.88298800509472
PA14_RS19180	19.3179934013899	13.9402170731573	16.2272999284551	10.9144142436515	9.29917359561736	4.04003689826018	12.6933179783786	2.05885991329529	28.2448200764208
PA14_RS19185	70.832642471763	67.241047058759	105.904483743602	60.5253880784309	69.7438019671302	55.5505073510775	92.0265553432448	112.207865274593	148.756052402483
PA14_RS19190	33.4845218957425	31.1604852223517	29.8923946050488	28.7743648241721	48.8206613769911	43.4303966562969	88.8532258486502	103.972425621412	120.511232326062
PA14_RS19195	11.590796040834	22.1403447632499	8.54068417287109	1.98443895339118	13.948760393426	13.1301199193456	6.98132488810823	4.11771982659058	16.9468920458525
PA14_RS19200	18.0301271746306	22.1403447632499	32.4545998569102	45.6420959279971	24.0228651220115	28.2802582878213	36.8106221372979	33.9711885693723	82.8514722241678
PA14_RS19205	0	10.6601659971203	2.56220525186133	3.96887790678235	0.774931132968113	5.05004612282523	8.88532258486502	0	5.64896401528417
PA14_RS19210	0	5.74008938306479	3.41627366914844	2.97665843008677	10.8490358615536	11.1101014702155	7.61599078702716	13.3825894364194	3.76597601018944
PA14_RS19215	11.590796040834	10.6601659971203	17.0813683457422	9.92219476695589	21.6980717231072	40.4003689826018	23.4826382600004	26.7651788728388	69.6705561885047
PA14_RS19220	18.0301271746306	15.5802426111759	7.68661575558399	22.8210479639985	3.09972453187245	16.1601475930407	18.405311068649	18.5297392196576	11.2979280305683
PA14_RS19225	20.6058596281493	13.9402170731573	8.54068417287109	12.8988531970427	16.2735537923304	22.220202940431	7.61599078702716	13.3825894364194	5.64896401528417
PA14_RS19230	12.8786622675933	33.6205235293795	26.4761209359004	19.8443895339118	17.0484849252985	25.2502306141261	15.2319815740543	8.23543965318117	9.41494002547361
PA14_RS19235	66.9690437914851	87.7413662839903	74.3039523039785	80.3697776123427	68.9688708341621	58.5805350247726	74.8905760724337	75.1483868352782	94.1494002547361
PA14_RS19240	55.3782477506511	52.4808172165924	80.2824312249883	61.5176075551265	59.6696972385447	77.7707102915085	60.2932603972983	83.3838264884593	111.096292300589
PA14_RS19245	65.6811775647257	91.0214173600274	87.9690469805723	102.198606099646	85.2424246264924	95.9508763336793	101.546543827029	93.6781260549358	90.3834242445466
PA14_RS19250	106.892896821024	102.501596126157	109.32075741275	92.2764113326897	163.510469056272	106.05096857933	126.298513884867	132.796464407546	112.979280305683
PA14_RS19255	103.029298140746	97.5815195121014	140.921288852373	97.2375087161677	89.117080291333	130.291189968891	126.298513884867	144.12019393067	120.511232326062
PA14_RS19260	55.3782477506511	63.1409832137127	49.5359682026523	38.696559591128	45.7209368451187	33.3303044106465	33.6372926427033	27.7946088294864	35.7767720967997
PA14_RS19265	12.8786622675933	13.1202043041481	11.1028894247324	16.867731103825	10.0741047285855	4.04003689826018	12.0586520794597	8.23543965318117	0
PA14_RS19270	5.15146490703731	5.74008938306479	0.854068417287109	4.96109738347794	4.64958679780868	6.06005534739027	7.61599078702716	7.20600969653352	7.53195202037889
PA14_RS19275	45.0753179365765	36.9005746054165	46.1196945335039	50.603193311475	35.6468321165332	65.6505995967279	22.2133064621625	28.8240387861341	22.5958560611367
PA14_RS19280	60.5297126576884	77.9012130558793	62.346994461959	60.5253880784309	65.0942151693215	58.5805350247726	45.695944722163	63.8246573121541	20.7128680560419
PA14_RS19285	6.43933113379664	16.4002553801851	11.9569578420195	8.9299752902603	6.1994490637449	5.05004612282523	8.25065668594609	5.14714978323823	1.88298800509472
PA14_RS19290	34.7723881225019	27.0604213773054	24.7679841013262	19.8443895339118	20.1482094571709	37.3703413089067	29.1946313502708	21.6180290896006	18.8298800509472
PA14_RS19295	181.589137973065	191.062975179157	169.105546622848	150.817360457729	154.211295460654	153.521402133887	123.759850289191	150.296773670556	120.511232326062
PA14_RS19300	29.6209232154645	57.4008938306479	33.3086682741973	29.7665843008677	42.6212123132462	42.4203874317319	45.695944722163	36.0300484826676	30.1278080815155
PA14_RS19305	112.044361728062	111.521736585259	119.569578420195	120.058556680166	127.863636939739	76.7607010669434	130.7411751773	132.796464407546	148.756052402483
PA14_RS19310	195.755666467418	162.362528263833	174.22995712657	112.120800866602	171.259780385953	160.591466705842	167.551797314598	215.150860939358	122.394220331157
PA14_RS19315	226.664455909642	207.463230559342	231.452541084807	140.895165690774	168.934986987049	138.371263765411	190.399769675679	190.444541979814	214.660632580798
PA14_RS19320	20.6058596281493	31.1604852223517	17.9354367630293	20.8366090106074	11.6239669945217	7.07006457195532	13.9626497762165	21.6180290896006	1.88298800509472
PA14_RS19325	18.0301271746306	24.6003830702777	20.4976420148906	18.8521700572162	24.7977962549796	22.220202940431	27.290633653514	32.9417586127247	7.53195202037889
PA14_RS19330	14.1665284943526	19.6803064562221	20.4976420148906	11.9066337203471	17.0484849252985	6.06005534739027	23.4826382600004	18.5297392196576	26.3618320713261
PA14_RS19335	2258.91736173586	2719.16234203469	2785.97117719055	1437.72602173191	1728.87135765186	1464.51337561932	1434.34493155678	1616.2050319368	1525.22028412672
PA14_RS19340	51.5146490703731	46.7407278335276	41.8493524470684	68.4631438919956	63.5443529033853	64.6405903721629	92.6612212421638	63.8246573121541	75.3195202037889
PA14_RS19345	3.86359868027798	29.5204596843332	23.9139156840391	8.9299752902603	8.52424246264924	13.1301199193456	8.88532258486502	14.412019393067	28.2448200764208
PA14_RS19350	16.7422609478713	31.980497991361	26.4761209359004	24.8054869173897	24.7977962549796	20.2001844913009	21.5786405632436	21.6180290896006	26.3618320713261
PA14_RS19355	7.72719736055597	9.02014045910181	1.70813683457422	0.992219476695589	5.42451793077679	29.2902675123863	4.44266129243251	14.412019393067	1.88298800509472
PA14_RS19360	10.3029298140746	34.4405362983887	24.7679841013262	20.8366090106074	10.0741047285855	22.220202940431	26.6559677545951	25.7357489161911	22.5958560611367
PA14_RS19365	20.6058596281493	9.02014045910181	21.3517104321777	14.8832921504338	17.0484849252985	13.1301199193456	18.405311068649	16.4708793063623	11.2979280305683
PA14_RS19370	30.9087894422239	28.7004469153239	23.9139156840391	3.96887790678235	6.1994490637449	15.1501383684757	5.07732719135144	4.11771982659058	16.9468920458525
PA14_RS19375	7.72719736055597	15.5802426111759	11.9569578420195	0.992219476695589	5.42451793077679	1.01000922456505	4.44266129243251	7.20600969653352	0
PA14_RS19380	46.3631841633358	49.2007661405553	31.6005314396231	29.7665843008677	17.8234160582666	13.1301199193456	12.6933179783786	13.3825894364194	9.41494002547361
PA14_RS19385	12.8786622675933	8.20012769009256	8.54068417287109	8.9299752902603	3.09972453187245	7.07006457195532	0.63466589891893	3.08828986994294	3.76597601018944
PA14_RS19390	29.6209232154645	61.5009576756942	49.5359682026523	32.7432427309544	32.5471075846608	37.3703413089067	15.2319815740543	26.7651788728388	11.2979280305683
PA14_RS19395	11.590796040834	15.5802426111759	17.9354367630293	12.8988531970427	25.5727273879477	9.09008302108541	19.6746428664868	12.3531594797718	24.4788440662314
PA14_RS19400	27.0451907619459	35.260549067398	34.1627366914844	20.8366090106074	14.7236915263941	28.2802582878213	6.98132488810823	32.9417586127247	16.9468920458525
PA14_RS19405	0	0.820012769009256	2.56220525186133	7.93775581356471	6.97438019671302	15.1501383684757	2.53866359567572	7.20600969653352	0
PA14_RS19410	45.0753179365765	31.980497991361	40.1412156124941	22.8210479639985	20.9231405901391	35.3503228597766	19.6746428664868	25.7357489161911	15.0639040407578
PA14_RS19415	2.57573245351866	15.5802426111759	17.9354367630293	14.8832921504338	17.8234160582666	3.03002767369514	12.0586520794597	14.412019393067	5.64896401528417
PA14_RS19420	172.57407438575	198.44309010024	205.830488566193	105.175264529732	134.063086003484	142.411300663671	156.127811134057	113.237295231241	141.224100382104
PA14_RS19425	6.43933113379664	9.02014045910181	0	3.96887790678235	3.87465566484057	3.03002767369514	3.80799539351358	4.11771982659058	0
PA14_RS19430	61.8175788844477	61.5009576756942	69.1795418002559	33.73546220765	36.4217632495013	42.4203874317319	35.5412903394601	38.0889083959629	58.3726281579364
PA14_RS19435	1.28786622675933	4.10006384504628	1.70813683457422	3.96887790678235	5.42451793077679	5.05004612282523	3.17332949459465	3.08828986994294	1.88298800509472
PA14_RS19440	1.28786622675933	4.92007661405553	0.854068417287109	7.93775581356471	11.6239669945217	1.01000922456505	1.26933179783786	4.11771982659058	9.41494002547361
PA14_RS19445	0	0	0	0	0	0	0	0	0
PA14_RS19450	6.43933113379664	6.56010215207404	5.97847892100977	18.8521700572162	15.4986226593623	30.3002767369514	9.51998848378395	20.5885991329529	1.88298800509472
PA14_RS19455	5.15146490703731	4.92007661405553	1.70813683457422	4.96109738347794	5.42451793077679	3.03002767369514	4.44266129243251	5.14714978323823	9.41494002547361
PA14_RS19460	14.1665284943526	4.92007661405553	12.8110262593066	18.8521700572162	9.29917359561736	6.06005534739027	17.1359792708111	4.11771982659058	9.41494002547361
PA14_RS30740	1.28786622675933	1.64002553801851	5.12441050372266	1.98443895339118	3.09972453187245	4.04003689826018	5.71199309027037	6.17657973988588	0
PA14_RS19465	41.2117192562985	28.7004469153239	52.0981734545137	30.7588037775632	30.2223141857564	26.2602398386912	38.7146198340547	33.9711885693723	24.4788440662314
PA14_RS19470	7.72719736055597	12.3001915351388	14.5191630938809	6.94553633686912	10.0741047285855	8.08007379652036	17.77064516973	4.11771982659058	11.2979280305683
PA14_RS19475	28.3330569887052	28.7004469153239	23.059847266752	17.8599505805206	13.1738292604579	22.220202940431	23.4826382600004	25.7357489161911	16.9468920458525
PA14_RS19480	1.28786622675933	4.92007661405553	1.70813683457422	5.95331686017353	0	3.03002767369514	0.63466589891893	5.14714978323823	0
PA14_RS19485	2.57573245351866	0.820012769009256	2.56220525186133	1.98443895339118	3.09972453187245	0	2.53866359567572	3.08828986994294	0
PA14_RS19490	1.28786622675933	0	0	0	0	0	0	0	0
PA14_RS19495	0	0	0	0.992219476695589	0.774931132968113	0	0	0	0
PA14_RS19500	0	1.64002553801851	1.70813683457422	0	0.774931132968113	0	3.17332949459465	0	9.41494002547361
PA14_RS19505	0	0	6.83254733829688	0.992219476695589	0.774931132968113	0	0	2.05885991329529	5.64896401528417
PA14_RS19510	0	0.820012769009256	0	1.98443895339118	1.54986226593623	0	5.07732719135144	3.08828986994294	0
PA14_RS19515	14.1665284943526	9.84015322811107	7.68661575558399	5.95331686017353	9.29917359561736	5.05004612282523	5.07732719135144	7.20600969653352	0
PA14_RS19520	27.0451907619459	20.5003192252314	17.9354367630293	7.93775581356471	5.42451793077679	1.01000922456505	16.5013133718922	21.6180290896006	37.6597601018944
PA14_RS19525	0	4.92007661405553	1.70813683457422	0.992219476695589	3.87465566484057	0	3.80799539351358	1.02942995664765	1.88298800509472
PA14_RS19530	74.696241152041	64.7810087517312	88.8231153978594	82.3542165657339	44.1710745791824	45.450415105427	97.1038825345963	88.5309762716976	45.1917121222733
PA14_RS19535	609.160725257162	412.466422811656	491.089339940088	195.467236909031	215.430854965135	242.402213895611	121.221186693516	140.00247410408	152.522028412672
PA14_RS19540	84.9991709661157	99.2215450501199	103.34227849174	50.603193311475	36.4217632495013	56.5605165756425	28.5599654513518	47.3537780057917	80.968484219073
PA14_RS19545	41.2117192562985	42.6406639884813	65.7632681311074	22.8210479639985	12.3988981274898	21.210193715866	17.1359792708111	14.412019393067	7.53195202037889
PA14_RS19550	46.3631841633358	62.3209704447034	91.3853206497207	39.6887790678235	27.122589653884	42.4203874317319	23.4826382600004	23.6768890028959	32.0107960866103
PA14_RS19555	345.1481487715	275.52429038711	226.328130581084	124.027434586949	130.188430338643	119.181088498675	91.3918894443259	81.324966575164	71.5535441935994
PA14_RS19560	113.332227954821	104.141621664175	81.9905680595625	82.3542165657339	99.9661161528866	74.7406826178133	81.871900960542	107.060715491355	82.8514722241678
PA14_RS19565	46.3631841633358	57.4008938306479	68.3254733829688	38.696559591128	42.6212123132462	48.4804427791222	32.3679608448654	39.1183383526105	16.9468920458525
PA14_RS19570	32.1966556689832	38.540600143435	26.4761209359004	20.8366090106074	12.3988981274898	14.1401291439106	12.6933179783786	31.912328656077	22.5958560611367
PA14_RS19575	3.86359868027798	12.3001915351388	5.97847892100977	1.98443895339118	13.948760393426	3.03002767369514	12.6933179783786	6.17657973988588	0
PA14_RS19580	1.28786622675933	0.820012769009256	6.83254733829688	2.97665843008677	7.74931132968113	9.09008302108541	3.80799539351358	3.08828986994294	24.4788440662314
PA14_RS19585	2.57573245351866	6.56010215207404	5.12441050372266	8.9299752902603	6.1994490637449	0	4.44266129243251	8.23543965318117	0
PA14_RS19590	2.57573245351866	1.64002553801851	0.854068417287109	0.992219476695589	0	0	2.53866359567572	0	0
PA14_RS19595	7.72719736055597	4.92007661405553	1.70813683457422	5.95331686017353	3.09972453187245	8.08007379652036	1.26933179783786	0	0
PA14_RS19600	6.43933113379664	2.46003830702777	0.854068417287109	5.95331686017353	3.09972453187245	7.07006457195532	3.17332949459465	4.11771982659058	11.2979280305683
PA14_RS19605	28.3330569887052	22.9603575322592	36.7249419433457	17.8599505805206	19.3732783242028	18.1801660421708	16.5013133718922	24.7063189595435	35.7767720967997
PA14_RS19610	21.8937258549086	34.4405362983887	17.0813683457422	24.8054869173897	19.3732783242028	32.3202951860815	18.405311068649	22.6474590462482	5.64896401528417
PA14_RS19615	0	0	0	1.98443895339118	0	0	3.17332949459465	0	0
PA14_RS19620	12.8786622675933	10.6601659971203	9.3947525901582	2.97665843008677	6.1994490637449	1.01000922456505	7.61599078702716	8.23543965318117	3.76597601018944
PA14_RS19625	1.28786622675933	0	2.56220525186133	2.97665843008677	6.1994490637449	2.02001844913009	0.63466589891893	0	0
PA14_RS19630	1.28786622675933	2.46003830702777	3.41627366914844	1.98443895339118	3.87465566484057	12.1201106947805	1.26933179783786	1.02942995664765	0
PA14_RS19635	2.57573245351866	7.3801149210833	6.83254733829688	14.8832921504338	5.42451793077679	10.1000922456505	8.88532258486502	14.412019393067	11.2979280305683
PA14_RS19640	21.8937258549086	27.0604213773054	19.6435735976035	6.94553633686912	18.5983471912347	13.1301199193456	20.3093087654058	18.5297392196576	11.2979280305683
PA14_RS19645	29.6209232154645	28.7004469153239	41.8493524470684	33.73546220765	27.122589653884	32.3202951860815	40.6186175308115	33.9711885693723	35.7767720967997
PA14_RS19650	34.7723881225019	12.3001915351388	5.97847892100977	13.8910726737382	6.97438019671302	16.1601475930407	17.77064516973	12.3531594797718	18.8298800509472
PA14_RS19655	15.4543947211119	11.4801787661296	14.5191630938809	8.9299752902603	19.3732783242028	20.2001844913009	24.1173041589193	33.9711885693723	58.3726281579364
PA14_RS19660	2.57573245351866	10.6601659971203	11.1028894247324	3.96887790678235	13.948760393426	3.03002767369514	5.07732719135144	4.11771982659058	16.9468920458525
PA14_RS19665	0	4.92007661405553	0	0	0	0	10.7893202816218	6.17657973988588	0
PA14_RS19670	0	9.02014045910181	5.12441050372266	3.96887790678235	3.87465566484057	4.04003689826018	6.3466589891893	9.26486960982881	9.41494002547361
PA14_RS19675	7.72719736055597	4.92007661405553	0	3.96887790678235	6.97438019671302	9.09008302108541	5.71199309027037	3.08828986994294	0
PA14_RS19680	16.7422609478713	22.9603575322592	22.2057788494648	9.92219476695589	7.74931132968113	6.06005534739027	11.4239861805407	10.2942995664765	11.2979280305683
PA14_RS31565	12.8786622675933	0	1.70813683457422	8.9299752902603	0.774931132968113	2.02001844913009	0.63466589891893	2.05885991329529	0
PA14_RS31440	6.43933113379664	22.1403447632499	9.3947525901582	6.94553633686912	14.7236915263941	4.04003689826018	6.98132488810823	4.11771982659058	3.76597601018944
PA14_RS19690	77.2719736055597	77.08120028687	83.6987048941367	101.20638662295	78.2680444297794	73.7306733932483	93.9305530400016	114.266725187889	80.968484219073
PA14_RS19700	3.86359868027798	14.7602298421666	22.2057788494648	7.93775581356471	9.29917359561736	5.05004612282523	5.71199309027037	5.14714978323823	0
PA14_RS19705	0	1.64002553801851	3.41627366914844	0	5.42451793077679	7.07006457195532	0	5.14714978323823	18.8298800509472
PA14_RS19710	0	0.820012769009256	5.97847892100977	0	0	0	0	3.08828986994294	0
PA14_RS19715	12.8786622675933	2.46003830702777	3.41627366914844	1.98443895339118	4.64958679780868	5.05004612282523	2.53866359567572	2.05885991329529	0
PA14_RS19720	14.1665284943526	3.28005107603702	6.83254733829688	11.9066337203471	6.1994490637449	3.03002767369514	5.71199309027037	2.05885991329529	0
PA14_RS19725	2.57573245351866	4.92007661405553	1.70813683457422	5.95331686017353	6.1994490637449	1.01000922456505	4.44266129243251	2.05885991329529	7.53195202037889
PA14_RS19730	3.86359868027798	2.46003830702777	9.3947525901582	0	0	2.02001844913009	5.07732719135144	0	15.0639040407578
PA14_RS19735	1.28786622675933	4.10006384504628	1.70813683457422	4.96109738347794	3.09972453187245	4.04003689826018	0	2.05885991329529	1.88298800509472
PA14_RS19740	0	0	2.56220525186133	0	0.774931132968113	0	0	1.02942995664765	0
PA14_RS19745	3.86359868027798	0	7.68661575558399	1.98443895339118	1.54986226593623	2.02001844913009	1.90399769675679	1.02942995664765	0
PA14_RS19750	1.28786622675933	1.64002553801851	0	1.98443895339118	0.774931132968113	3.03002767369514	0.63466589891893	4.11771982659058	0
PA14_RS19755	7.72719736055597	4.92007661405553	6.83254733829688	10.9144142436515	12.3988981274898	3.03002767369514	11.4239861805407	9.26486960982881	5.64896401528417
PA14_RS19760	29.6209232154645	21.3203319942406	23.059847266752	23.8132674406941	18.5983471912347	28.2802582878213	27.9252995524329	23.6768890028959	32.0107960866103
PA14_RS19765	61.8175788844477	80.361251362907	73.4498838866914	48.6187543580838	38.7465566484057	66.660608821293	50.1386060145955	21.6180290896006	32.0107960866103
PA14_RS19770	173.861940612509	145.142260114638	157.148588780828	103.190825576341	60.4446283715128	111.101014702155	79.3332373648662	116.325585101184	150.639040407578
PA14_RS19775	28.3330569887052	46.7407278335276	50.3900366199395	41.6732180212147	28.6724519198202	30.3002767369514	27.9252995524329	19.5591691763053	30.1278080815155
PA14_RS19780	37.3481205760205	44.2806895264998	69.1795418002559	37.7043401144324	47.2707991110549	30.3002767369514	62.8319239929741	35.00061852602	67.78756818341
PA14_RS19785	16.7422609478713	15.5802426111759	23.9139156840391	20.8366090106074	15.4986226593623	22.220202940431	13.9626497762165	25.7357489161911	18.8298800509472
PA14_RS19790	23.1815920816679	18.0402809182036	19.6435735976035	26.7899258707809	23.2479339890434	32.3202951860815	37.4452880362169	31.912328656077	26.3618320713261
PA14_RS19795	48.9389166168545	39.3606129124443	30.7464630223359	66.4787049386044	58.1198349726085	105.040959354765	78.6985714659473	83.3838264884593	114.862268310778
PA14_RS19800	21.8937258549086	18.0402809182036	9.3947525901582	16.867731103825	17.0484849252985	36.3603320843416	17.77064516973	21.6180290896006	35.7767720967997
PA14_RS19805	144.241017397045	168.922630415907	120.423646837482	75.4086802288647	94.5415982221098	74.7406826178133	64.7359216897309	64.8540872688017	52.7236641426522
PA14_RS19810	509.995025796694	427.226652653822	470.591697925197	274.844795044678	313.072177719118	271.692481407997	247.519700578383	236.768890028959	329.522900891576
PA14_RS19815	291.057767247608	266.504149928008	268.177483028152	328.42464678624	246.42810028386	204.021863362139	228.479723610815	207.944851242824	193.947764524756
PA14_RS19820	51.5146490703731	22.1403447632499	18.7895051803164	27.7821453474765	14.7236915263941	28.2802582878213	24.7519700578383	41.1771982659058	47.074700127368
PA14_RS19825	21.8937258549086	31.1604852223517	31.6005314396231	29.7665843008677	16.2735537923304	29.2902675123863	26.0213018556761	14.412019393067	39.5427481069892
PA14_RS19830	9.0150635873153	14.7602298421666	15.373231511168	12.8988531970427	20.1482094571709	21.210193715866	16.5013133718922	9.26486960982881	15.0639040407578
PA14_RS19835	9.0150635873153	4.92007661405553	11.1028894247324	9.92219476695589	9.29917359561736	17.1701568176058	12.6933179783786	12.3531594797718	3.76597601018944
PA14_RS19840	82.423438512597	91.0214173600274	69.1795418002559	67.4709244153	67.4190085682258	110.09100547759	86.3145622529745	66.912947182097	65.9045801783153
PA14_RS19845	267.87617516594	238.623715781693	214.371172739064	233.171577023463	200.707163438741	221.192020179745	209.439746643247	217.209720852653	209.011668565514
PA14_RS19850	43.7874517098172	33.6205235293795	17.9354367630293	36.7121206377368	25.5727273879477	27.2702490632562	27.290633653514	8.23543965318117	47.074700127368
PA14_RS19855	14.1665284943526	6.56010215207404	10.2488210074453	3.96887790678235	8.52424246264924	1.01000922456505	8.88532258486502	8.23543965318117	7.53195202037889
PA14_RS19860	25.7573245351866	4.92007661405553	15.373231511168	4.96109738347794	2.32479339890434	8.08007379652036	2.53866359567572	3.08828986994294	1.88298800509472
PA14_RS19865	0	0	0	0.992219476695589	0.774931132968113	2.02001844913009	0	0	0
PA14_RS19870	20.6058596281493	14.7602298421666	4.27034208643555	3.96887790678235	1.54986226593623	7.07006457195532	4.44266129243251	10.2942995664765	5.64896401528417
PA14_RS19875	66.9690437914851	39.3606129124443	33.3086682741973	67.4709244153	88.3421491583649	39.3903597580368	41.2532834297304	46.3243480491441	37.6597601018944
PA14_RS19880	18.0301271746306	31.1604852223517	31.6005314396231	14.8832921504338	16.2735537923304	26.2602398386912	21.5786405632436	33.9711885693723	9.41494002547361
PA14_RS19890	16.7422609478713	22.1403447632499	4.27034208643555	22.8210479639985	7.74931132968113	0	23.4826382600004	10.2942995664765	0
PA14_RS19900	9.0150635873153	3.28005107603702	15.373231511168	0.992219476695589	3.09972453187245	5.05004612282523	6.3466589891893	6.17657973988588	1.88298800509472
PA14_RS19905	2.57573245351866	0	0	0	0.774931132968113	0	1.90399769675679	8.23543965318117	3.76597601018944
PA14_RS19910	3.86359868027798	3.28005107603702	8.54068417287109	1.98443895339118	2.32479339890434	2.02001844913009	5.07732719135144	1.02942995664765	0
PA14_RS30760	632.34231733883	500.207789095646	535.500897639018	490.156421487621	457.984299584155	473.694326321006	528.676693799469	521.920988020357	459.449073243112
PA14_RS31160	453.328911819283	323.085030989647	222.057788494648	252.02374708068	261.926722943222	228.2620847517	253.866359567572	199.709411589643	128.043184346441
PA14_RS19915	113.332227954821	94.3014684360644	86.2609101459981	63.5020465085177	74.3933887649389	60.6005534739027	45.695944722163	67.9423771387446	26.3618320713261
PA14_RS19920	65.6811775647257	53.3008299856016	40.1412156124941	50.603193311475	37.1966943824694	36.3603320843416	38.7146198340547	36.0300484826676	47.074700127368
PA14_RS19925	32.1966556689832	26.2404086082962	35.0168051087715	60.5253880784309	52.6953170418317	40.4003689826018	48.8692742167576	29.8534687427817	45.1917121222733
PA14_RS19930	12.8786622675933	8.20012769009256	7.68661575558399	12.8988531970427	13.948760393426	4.04003689826018	3.80799539351358	13.3825894364194	13.1809160356631
PA14_RS19935	1.28786622675933	4.92007661405553	10.2488210074453	14.8832921504338	13.1738292604579	2.02001844913009	5.07732719135144	4.11771982659058	20.7128680560419
PA14_RS19940	1.28786622675933	3.28005107603702	4.27034208643555	0	1.54986226593623	0	1.90399769675679	2.05885991329529	0
PA14_RS19945	2.57573245351866	7.3801149210833	4.27034208643555	0	3.09972453187245	3.03002767369514	0.63466589891893	8.23543965318117	13.1809160356631
PA14_RS19950	21.8937258549086	15.5802426111759	32.4545998569102	12.8988531970427	12.3988981274898	7.07006457195532	21.5786405632436	28.8240387861341	0
PA14_RS19955	1101.12562387923	1202.95873213658	1088.08316362378	733.25019327804	670.315430017418	702.966420297271	579.449965712983	611.481394248702	536.651581451996
PA14_RS19960	10.3029298140746	36.0805618364072	22.2057788494648	20.8366090106074	30.9972453187245	21.210193715866	28.5599654513518	28.8240387861341	22.5958560611367
PA14_RS19965	264.012576485662	350.145452366952	429.596413895416	128.988531970427	164.28540018924	184.831688095403	191.669101473517	186.326822153224	248.554416672503
PA14_RS19970	614.312190164199	599.429334145766	712.293060017449	349.261255796847	368.867219292822	366.633348517111	325.583606145411	331.476446040542	457.566085238017
PA14_RS19975	489.389166168545	455.927099569146	481.69458734993	285.75920928833	310.747384320213	307.042804267774	288.138318109194	362.359344739971	344.586804932334
PA14_RS19980	3519.73839773324	3464.5539490641	3587.94142102315	2985.58840537703	3271.75924339137	3148.19875296925	3119.38289318654	3918.01041500094	4287.56368760068
PA14_RS19985	32.1966556689832	12.3001915351388	23.059847266752	41.6732180212147	48.8206613769911	40.4003689826018	21.5786405632436	24.7063189595435	50.8406761375575
PA14_RS19990	1.28786622675933	9.02014045910181	9.3947525901582	9.92219476695589	16.2735537923304	10.1000922456505	23.4826382600004	14.412019393067	22.5958560611367
PA14_RS19995	9.0150635873153	0.820012769009256	0.854068417287109	1.98443895339118	4.64958679780868	0	7.61599078702716	7.20600969653352	0
PA14_RS20000	100.453565687228	53.3008299856016	111.882962664611	51.5954127881706	41.07135004731	68.6806272704231	69.8132488810823	71.0306670086876	122.394220331157
PA14_RS20005	15.4543947211119	3.28005107603702	5.97847892100977	5.95331686017353	3.87465566484057	5.05004612282523	8.25065668594609	16.4708793063623	0
PA14_RS20010	19.3179934013899	35.260549067398	38.4330787779199	10.9144142436515	28.6724519198202	29.2902675123863	21.5786405632436	17.50030926301	37.6597601018944
PA14_RS20015	104.317164367506	124.641940889407	123.839920506631	140.895165690774	108.490358615536	170.691558951493	223.402396419463	192.50340189311	197.713740534946
PA14_RS20020	257.573245351866	368.185733285156	392.017403534783	143.87182412086	171.259780385953	162.611485154972	175.802454000544	183.238532283281	129.926172351536
PA14_RS20025	79.8477060590783	44.2806895264998	69.1795418002559	34.7276816843456	35.6468321165332	27.2702490632562	34.2719585416222	28.8240387861341	35.7767720967997
PA14_RS20030	24.4694583084272	33.6205235293795	25.6220525186133	0.992219476695589	12.3988981274898	7.07006457195532	10.1546543827029	17.50030926301	1.88298800509472
PA14_RS20035	59.2418464309291	60.6809449066849	58.0766523755234	47.6265348813883	74.3933887649389	47.4704335545571	55.2159332059469	38.0889083959629	107.330316290399
PA14_RS20040	36.0602543492612	24.6003830702777	22.2057788494648	18.8521700572162	10.0741047285855	31.3102859615164	22.8479723610815	37.0594784393153	28.2448200764208
PA14_RS20045	28.3330569887052	52.4808172165924	55.5144471236621	48.6187543580838	34.8719009835651	62.6205719230328	57.1199309027037	45.2949180924964	48.9576881324628
PA14_RS20050	68.2569100182444	68.0610598277682	109.32075741275	113.113020343297	109.265289748504	140.391282214541	169.455795011354	228.533450375777	186.415812504377
PA14_RS20055	48.9389166168545	44.2806895264998	30.7464630223359	43.6576569746059	33.3220387176289	49.4904520036872	19.6746428664868	29.8534687427817	13.1809160356631
PA14_RS20060	104.317164367506	100.041557819129	117.007373168334	113.113020343297	119.339394477089	97.9708947828094	135.183836469732	146.179053843966	135.57513636682
PA14_RS20065	42.4995854830578	43.4606767574905	30.7464630223359	53.5798517415618	50.3705236429274	50.5004612282523	42.5226152275683	53.5303577456776	103.56434028021
PA14_RS20070	92.7263683266716	68.0610598277682	47.8278313680781	92.2764113326897	77.4931132968113	104.0309501302	83.1412327583798	92.6486960982881	69.6705561885047
PA14_RS20075	892.491295144214	602.709385221803	418.493524470684	704.475828453868	711.386780064728	658.52601441641	630.857903525416	599.12823476893	627.035005696542
PA14_RS20080	33.4845218957425	45.1007022955091	38.4330787779199	44.6498764513015	48.8206613769911	68.6806272704231	62.1972580940551	78.2366767052211	73.4365321986942
PA14_RS20085	45.0753179365765	56.5808810616386	46.1196945335039	62.5098270318221	82.9176312275881	76.7607010669434	82.5065668594609	82.3543965318117	60.2556161630311
PA14_RS20090	1174.53399880451	1142.27778722989	1284.51889959981	3627.55440679907	3901.77825449445	3619.87306084112	7136.18336744445	7179.24451766068	6948.22573879952
PA14_RS20095	772.719736055597	583.84909153459	609.804849942996	1681.81201299902	1612.63168770664	1454.41328337367	2466.31168319896	2680.63560711047	2395.16074248049
PA14_RS30770	1384.45619376628	1180.81838737333	1048.79601642857	1190.66337203471	1085.67851728833	1149.39049755502	1349.29970110165	1242.52195767371	1024.34547477153
PA14_RS20100	100.453565687228	159.082477187796	96.5097311534434	94.2608502860809	51.1454547758955	43.4303966562969	43.7919470254062	81.324966575164	50.8406761375575
PA14_RS30775	750.826010200688	496.927738019609	424.472003391693	9691.99984836251	7516.8319897907	7910.39224679344	14243.8067694375	10640.1880319101	10458.1153802961
PA14_RS20105	280.754837433534	241.083754088721	251.09611468241	10820.1533933654	9481.28241186486	9197.1439988893	22445.5941811669	19288.4290977069	17078.7012062091
PA14_RS20110	16.7422609478713	8.20012769009256	16.2272999284551	7.93775581356471	13.948760393426	11.1101014702155	13.3279838772975	14.412019393067	9.41494002547361
PA14_RS20115	66.9690437914851	63.1409832137127	87.1149785632852	67.4709244153	58.8947661055766	66.660608821293	72.351912476758	57.6480775722682	22.5958560611367
PA14_RS20120	21.8937258549086	19.6803064562221	30.7464630223359	10.9144142436515	16.2735537923304	5.05004612282523	13.3279838772975	6.17657973988588	3.76597601018944
PA14_RS20125	7.72719736055597	28.7004469153239	32.4545998569102	22.8210479639985	24.0228651220115	37.3703413089067	38.0799539351358	32.9417586127247	35.7767720967997
PA14_RS20130	14.1665284943526	9.02014045910181	6.83254733829688	3.96887790678235	8.52424246264924	2.02001844913009	5.07732719135144	9.26486960982881	5.64896401528417
PA14_RS20135	19.3179934013899	22.9603575322592	27.3301893531875	21.8288284873029	17.8234160582666	24.2402213895611	20.3093087654058	25.7357489161911	30.1278080815155
PA14_RS20140	1.28786622675933	6.56010215207404	5.97847892100977	0.992219476695589	3.09972453187245	1.01000922456505	1.90399769675679	4.11771982659058	0
PA14_RS20145	0	0.820012769009256	0.854068417287109	0	0	1.01000922456505	0	4.11771982659058	0
PA14_RS20150	39.9238530295392	76.2611875178608	62.346994461959	51.5954127881706	60.4446283715128	65.6505995967279	76.7945737691905	59.7069374855635	47.074700127368
PA14_RS20155	48.9389166168545	30.3404724533425	14.5191630938809	30.7588037775632	21.6980717231072	38.3803505334717	26.0213018556761	36.0300484826676	26.3618320713261
PA14_RS20160	70.832642471763	23.7803703012684	40.9952840297813	36.7121206377368	48.045730244023	31.3102859615164	45.695944722163	46.3243480491441	45.1917121222733
PA14_RS20165	57.9539802041698	42.6406639884813	43.5574892816426	29.7665843008677	45.7209368451187	47.4704335545571	42.5226152275683	45.2949180924964	50.8406761375575
PA14_RS20170	10.3029298140746	16.4002553801851	11.9569578420195	7.93775581356471	3.09972453187245	13.1301199193456	9.51998848378395	20.5885991329529	13.1809160356631
PA14_RS20175	41.2117192562985	90.2014045910181	98.2178679880176	25.7977063940853	85.2424246264924	63.6305811475979	48.2346083178387	87.5015463150499	96.0323882598308
PA14_RS20180	20.6058596281493	16.4002553801851	17.9354367630293	11.9066337203471	15.4986226593623	19.1901752667359	24.1173041589193	14.412019393067	24.4788440662314
PA14_RS20185	46.3631841633358	69.7010853657867	29.0383261877617	24.8054869173897	55.020110440736	46.4604243299921	35.5412903394601	54.5597877023252	60.2556161630311
PA14_RS20190	0	8.20012769009256	7.68661575558399	0.992219476695589	3.09972453187245	1.01000922456505	3.17332949459465	0	3.76597601018944
PA14_RS20195	2.57573245351866	10.6601659971203	9.3947525901582	16.867731103825	1.54986226593623	5.05004612282523	6.3466589891893	14.412019393067	0
PA14_RS20200	336.133085184185	375.565848206239	353.584324756863	429.63103340919	413.813225004972	440.36402191036	543.274009474604	583.686785419215	495.225845339912
PA14_RS20205	66.9690437914851	50.8407916785738	38.4330787779199	68.4631438919956	54.2451793077679	36.3603320843416	29.1946313502708	41.1771982659058	26.3618320713261
PA14_RS20210	0	4.10006384504628	5.12441050372266	0	3.87465566484057	2.02001844913009	3.17332949459465	4.11771982659058	9.41494002547361
PA14_RS20215	3.86359868027798	9.84015322811107	0	9.92219476695589	13.1738292604579	7.07006457195532	7.61599078702716	2.05885991329529	7.53195202037889
PA14_RS20220	14.1665284943526	22.1403447632499	22.2057788494648	14.8832921504338	12.3988981274898	9.09008302108541	24.7519700578383	28.8240387861341	9.41494002547361
PA14_RS20225	32.1966556689832	32.8005107603702	36.7249419433457	80.3697776123427	53.4702481747998	81.8107471897687	119.951854895678	95.7369859682311	96.0323882598308
PA14_RS20230	39.9238530295392	30.3404724533425	46.973762950791	41.6732180212147	86.0173557594606	63.6305811475979	64.1012557908119	74.1189568786305	67.78756818341
PA14_RS20235	24.4694583084272	11.4801787661296	5.97847892100977	1.98443895339118	12.3988981274898	16.1601475930407	8.88532258486502	8.23543965318117	39.5427481069892
PA14_RS20240	83.7113047393563	77.9012130558793	86.2609101459981	80.3697776123427	67.4190085682258	85.8507840880288	82.5065668594609	90.5898361849928	48.9576881324628
PA14_RS20245	94.014234553431	69.7010853657867	64.0551312965332	143.87182412086	96.8663916210141	96.9608855582444	130.7411751773	103.972425621412	158.170992427957
PA14_RS31670	42.4995854830578	13.9402170731573	11.9569578420195	34.7276816843456	40.2964189143419	25.2502306141261	39.9839516318926	53.5303577456776	20.7128680560419
PA14_RS20250	59.2418464309291	44.2806895264998	68.3254733829688	52.5876322648662	60.4446283715128	61.6105626984678	68.5439170832444	54.5597877023252	48.9576881324628
PA14_RS20255	39.9238530295392	60.6809449066849	59.7847892100977	53.5798517415618	51.1454547758955	78.7807195160735	53.946601408109	70.0012370520399	60.2556161630311
PA14_RS20260	87.5749034196343	73.801149210833	52.9522418718008	56.5565101716486	68.193939701194	45.450415105427	58.3892627005416	50.4420678757347	86.6174482343572
PA14_RS20265	139.089552490007	109.88171104724	87.1149785632852	129.980751447122	117.014601078185	107.060977803895	83.7758986572988	135.884754277489	56.4896401528417
PA14_RS20270	43.7874517098172	56.5808810616386	52.0981734545137	54.5720712182574	34.096969850597	68.6806272704231	88.8532258486502	62.7952273555064	64.0215921732205
PA14_RS20275	110.756495501302	136.942132424546	134.088741514076	139.902946214078	143.362259599101	120.19109772324	224.671728217301	168.826512890214	144.990076392294
PA14_RS20280	59.2418464309291	65.6010215207404	69.1795418002559	104.183045053037	104.615702950695	71.7106549441182	80.6025691627041	88.5309762716976	92.2664122496414
PA14_RS20285	198.331398920937	232.063613629619	316.859382813518	166.692872084859	154.211295460654	215.131964832355	222.767730520544	220.298010722596	190.181788514567
PA14_RS20290	54.0903815238918	41.820651219472	34.1627366914844	31.7510232542588	30.9972453187245	30.3002767369514	35.5412903394601	45.2949180924964	22.5958560611367
PA14_RS20295	28.3330569887052	26.2404086082962	45.2656261162168	34.7276816843456	29.4473830527883	43.4303966562969	39.9839516318926	23.6768890028959	60.2556161630311
PA14_RS20300	511.282892023453	624.029717216044	534.646829221731	827.511043564121	804.378516020901	821.137499571382	859.97229303515	588.833935202454	753.195202037889
PA14_RS20305	60.5297126576884	120.541877044361	79.4283628077012	96.2452892394721	83.6925623605562	76.7607010669434	100.277212029191	109.11957540465	137.458124371915
PA14_RS20310	25.7573245351866	25.4203958392869	22.2057788494648	17.8599505805206	17.8234160582666	17.1701568176058	33.0026267437844	19.5591691763053	20.7128680560419
PA14_RS20315	10.3029298140746	4.10006384504628	5.97847892100977	3.96887790678235	8.52424246264924	3.03002767369514	3.80799539351358	8.23543965318117	7.53195202037889
PA14_RS20320	30.9087894422239	31.1604852223517	40.9952840297813	36.7121206377368	59.6696972385447	66.660608821293	79.3332373648662	75.1483868352782	48.9576881324628
PA14_RS20325	29.6209232154645	34.4405362983887	54.660378706375	39.6887790678235	47.2707991110549	40.4003689826018	67.9092511843255	54.5597877023252	65.9045801783153
PA14_RS20330	12.8786622675933	9.02014045910181	9.3947525901582	10.9144142436515	11.6239669945217	4.04003689826018	5.07732719135144	5.14714978323823	11.2979280305683
PA14_RS20335	42.4995854830578	73.801149210833	46.973762950791	70.4475828453868	62.7694217704172	78.7807195160735	83.1412327583798	68.9718070953923	107.330316290399
PA14_RS20340	45.0753179365765	62.3209704447034	42.7034208643555	60.5253880784309	77.4931132968113	70.7006457195532	88.8532258486502	118.384445014479	116.745256315873
PA14_RS20345	56.6661139774104	29.5204596843332	23.059847266752	49.6109738347794	35.6468321165332	27.2702490632562	27.290633653514	25.7357489161911	43.3087241171786
PA14_RS20350	118.483692861858	133.662081348509	175.084025543857	102.198606099646	137.937741668324	142.411300663671	137.722500065408	185.297392196576	163.819956443241
PA14_RS20355	197.043532694177	140.222183500583	138.359083600512	77.3931191822559	105.390634083663	122.21111617237	108.527868715137	136.914184234137	131.809160356631
PA14_RS20360	140.377418716767	83.6413024389441	154.586383528967	130.972970923818	148.786777529878	122.21111617237	158.031808830814	197.650551676348	175.117884473809
PA14_RS20365	186.740602880103	178.762783644018	200.706078062471	179.591725281902	184.433609646411	182.811669646273	220.229066924869	205.885991329529	214.660632580798
PA14_RS20370	45.0753179365765	27.0604213773054	14.5191630938809	30.7588037775632	35.6468321165332	11.1101014702155	30.4639631481086	29.8534687427817	71.5535441935994
PA14_RS20375	109.468629274543	105.781647202194	138.359083600512	93.2686308093853	101.515978418823	87.8708025371589	127.567845682705	140.00247410408	171.35190846362
PA14_RS20380	265.300442712422	214.843345480425	224.61999374651	231.187138070072	235.579064422306	236.342158548221	322.410276650816	261.475208988502	241.022464652124
PA14_RS20385	421.1322561503	404.266295121563	483.402724184504	330.409085739631	337.095042841129	363.603320843416	516.618041720009	412.801412615706	433.087241171786
PA14_RS20390	293.633499701127	255.023971161878	274.155961949162	255.000405510766	296.798623926787	376.733440762762	322.410276650816	268.681218685036	423.672301146312
PA14_RS20395	266.588308939181	232.063613629619	269.885619862727	238.132674406941	254.952342746509	274.722509081692	279.887661423248	269.710648641683	372.831625008755
PA14_RS20400	2028.38930714594	1754.0073129108	1691.90953464576	1121.20800866602	1286.38568072707	1293.82181666782	1217.92386002543	1282.66972598297	1536.51821215729
PA14_RS20405	826.810117579489	724.891287804182	727.666291528617	514.96190840501	621.494768640427	642.365866823369	437.284804355143	373.683074263095	408.608397105555
PA14_RS20410	6194.63655071237	5667.10824662297	7696.01050817414	4929.34636022368	5392.7457543251	5396.47928685104	6135.94991074821	6458.64354800733	6466.18080949527
PA14_RS20415	594.99419676281	523.168146627905	614.929260446719	371.09008428415	381.266117420312	398.953643703193	362.394228282709	403.536543005877	434.970229176881
PA14_RS20420	45.0753179365765	54.1208427546109	46.1196945335039	37.7043401144324	32.5471075846608	28.2802582878213	31.0986290470276	55.5892176589729	18.8298800509472
PA14_RS20425	45.0753179365765	34.4405362983887	35.8708735260586	37.7043401144324	34.8719009835651	40.4003689826018	27.9252995524329	32.9417586127247	18.8298800509472
PA14_RS20430	91.4385020999123	116.441813199314	113.591099499186	84.338655519125	97.6413227539823	72.7206641686833	73.6212442745959	102.942995664765	120.511232326062
PA14_RS20435	209.92219496177	225.503511477545	218.6415148255	128.988531970427	149.561708662846	167.661531277798	154.858479336219	193.532831849757	148.756052402483
PA14_RS20440	338.708817637703	214.023332711416	312.589040727082	173.638408421728	173.584573784857	242.402213895611	202.458421755139	238.827749942254	220.309596596082
PA14_RS20445	140.377418716767	76.2611875178608	99.9260048225918	63.5020465085177	75.9432510308751	51.5104704528173	74.8905760724337	63.8246573121541	73.4365321986942
PA14_RS20450	92.7263683266716	82.8212896699348	66.6173365483945	50.603193311475	57.3449038396404	65.6505995967279	62.1972580940551	62.7952273555064	33.893784091705
PA14_RS20455	36.0602543492612	25.4203958392869	35.0168051087715	12.8988531970427	32.5471075846608	27.2702490632562	42.5226152275683	51.4714978323823	47.074700127368
PA14_RS20460	166.134743251953	127.921991965444	156.294520363541	118.074117726775	130.963361471611	105.040959354765	134.549170570813	148.237913757261	120.511232326062
PA14_RS20465	118.483692861858	91.8414301290366	78.5742943904141	45.6420959279971	68.193939701194	64.6405903721629	52.0426037113523	68.9718070953923	60.2556161630311
PA14_RS20470	645.220979606423	481.347495408433	655.070476059213	343.307938936674	371.192012691726	385.823523783847	350.970242102168	379.859654002981	399.193457080081
PA14_RS20475	139.089552490007	98.4015322811107	119.569578420195	64.4942659852133	80.5928378286838	53.5304889019474	64.7359216897309	77.2072467485735	65.9045801783153
PA14_RS20480	27.0451907619459	29.5204596843332	25.6220525186133	25.7977063940853	17.0484849252985	24.2402213895611	11.4239861805407	22.6474590462482	16.9468920458525
PA14_RS20485	139.089552490007	113.981774892287	113.591099499186	74.4164607521691	78.2680444297794	99.9909132319395	83.1412327583798	89.5604062283452	99.7983642700202
PA14_RS20490	235.679519496957	204.183179483305	262.199004107143	207.373870629378	330.895593777384	331.283025657335	411.898168398386	442.654881358488	600.673173625216
PA14_RS20495	92.7263683266716	55.7608682926294	81.1364996422754	70.4475828453868	71.2936642330664	49.4904520036872	63.466589891893	85.4426864017546	50.8406761375575
PA14_RS20500	732.795883026058	636.329908751182	658.486749728361	464.358715093536	513.004410024891	449.454104931445	465.210103907576	478.684929841155	425.555289151407
PA14_RS20505	126.210890222414	156.622438880768	165.689272953699	64.4942659852133	51.9203859088636	69.6906364949881	50.7732719135144	48.3832079624394	69.6705561885047
PA14_RS20510	99.1656994604683	181.222821951045	172.521820291996	47.6265348813883	55.020110440736	48.4804427791222	48.2346083178387	66.912947182097	79.0854962139783
PA14_RS20515	27.0451907619459	71.3411109038052	94.8015943188691	26.7899258707809	14.7236915263941	28.2802582878213	16.5013133718922	23.6768890028959	20.7128680560419
PA14_RS20520	66.9690437914851	85.2813279769626	57.2225839582363	32.7432427309544	47.2707991110549	40.4003689826018	24.1173041589193	27.7946088294864	50.8406761375575
PA14_RS20525	202.194997601215	152.522375035722	186.18691496859	229.202699116681	196.832507773901	167.661531277798	299.562304289735	274.857798424921	220.309596596082
PA14_RS20530	126.210890222414	197.623077331231	169.105546622848	156.770677317903	189.858127577188	158.571448256712	224.671728217301	238.827749942254	184.532824499283
PA14_RS20535	34.7723881225019	30.3404724533425	39.287147195207	16.867731103825	27.8975207868521	27.2702490632562	26.0213018556761	13.3825894364194	16.9468920458525
PA14_RS20540	3.86359868027798	6.56010215207404	7.68661575558399	1.98443895339118	4.64958679780868	13.1301199193456	15.2319815740543	6.17657973988588	35.7767720967997
PA14_RS20545	14.1665284943526	9.84015322811107	20.4976420148906	28.7743648241721	28.6724519198202	22.220202940431	35.5412903394601	32.9417586127247	7.53195202037889
PA14_RS20550	194.467800240659	160.722502725814	165.689272953699	211.34274853616	195.282645507965	192.911761891924	199.285092260544	194.562261806405	261.735332708166
PA14_RS20555	38.6359868027798	59.0409193686664	61.4929260446719	54.5720712182574	27.122589653884	37.3703413089067	42.5226152275683	49.412637919087	18.8298800509472
PA14_RS20560	27.0451907619459	28.7004469153239	22.2057788494648	27.7821453474765	35.6468321165332	30.3002767369514	48.8692742167576	38.0889083959629	112.979280305683
PA14_RS20565	27.0451907619459	20.5003192252314	50.3900366199395	57.5487296483441	43.3961434462143	53.5304889019474	71.0825806789202	62.7952273555064	92.2664122496414
PA14_RS20570	141.665284943526	139.402170731573	138.359083600512	141.887385167469	130.963361471611	144.431319112801	221.498398722707	219.268580765949	203.36270455023
PA14_RS20575	57.9539802041698	45.1007022955091	37.5790103606328	38.696559591128	35.6468321165332	46.4604243299921	21.5786405632436	35.00061852602	43.3087241171786
PA14_RS20580	11.590796040834	12.3001915351388	9.3947525901582	3.96887790678235	4.64958679780868	1.01000922456505	0.63466589891893	4.11771982659058	11.2979280305683
PA14_RS20585	73.4083749252817	57.4008938306479	64.9091997138203	70.4475828453868	55.020110440736	41.4103782071669	49.5039401156765	52.5009277890299	32.0107960866103
PA14_RS20590	177.725539292787	200.083115638258	196.435735976035	189.513920048857	144.137190732069	141.401291439106	181.514447090814	150.296773670556	190.181788514567
PA14_RS20595	10.3029298140746	22.1403447632499	7.68661575558399	8.9299752902603	9.29917359561736	11.1101014702155	8.25065668594609	4.11771982659058	0
PA14_RS20600	491.964898622063	637.969934289201	719.979675773033	498.094177301186	549.426173274392	606.005534739027	584.527292904334	625.893413641769	764.493130068457
PA14_RS20605	759.841073788004	826.57287116133	804.532449084457	693.561414210217	747.808543314229	799.927305855516	806.66035752596	757.660448092667	981.03675065435
PA14_RS20610	38.6359868027798	36.9005746054165	43.5574892816426	40.6809985445191	60.4446283715128	50.5004612282523	44.4266129243251	36.0300484826676	50.8406761375575
PA14_RS20615	133.93808758297	148.422311190675	156.294520363541	136.926287783991	126.313774673802	112.11102392672	109.797200512975	124.561024754365	163.819956443241
PA14_RS20620	226.664455909642	229.603575322592	290.383261877617	258.969283417549	233.254271023402	263.612407611477	248.789032376221	296.475827514522	312.576008845724
PA14_RS20625	163.559010798435	109.061698278231	99.0719364053047	139.902946214078	113.914876546313	139.381272989976	102.815875624867	120.443304927775	137.458124371915
PA14_RS20630	275.603372526496	169.742643184916	130.672467844928	162.723994178077	158.860882258463	145.441328337367	149.146486245949	136.914184234137	112.979280305683
PA14_RS20635	538.328082785399	620.749666140007	555.144471236621	441.537667129537	456.434437318219	427.233901991014	408.090173004872	471.478920144622	525.353653421427
PA14_RS20640	110.756495501302	80.361251362907	93.947525901582	135.934068307296	136.387879402388	125.241143846066	125.663847985948	147.208483800613	122.394220331157
PA14_RS20645	60.5297126576884	110.701723816249	89.6771838151465	232.179357546768	192.95785210906	188.871724993663	222.767730520544	217.209720852653	188.298800509472
PA14_RS20650	186.740602880103	191.062975179157	189.603188637738	470.312031953709	463.408817514932	433.293957338404	586.431290601091	472.50835010127	455.683097232923
PA14_RS20655	20.6058596281493	31.980497991361	32.4545998569102	65.4864854619089	85.2424246264924	69.6906364949881	116.143859502164	108.090145448003	67.78756818341
PA14_RS20660	75.9841073788004	67.241047058759	46.973762950791	55.564290694953	65.0942151693215	61.6105626984678	63.466589891893	51.4714978323823	75.3195202037889
PA14_RS20665	11.590796040834	7.3801149210833	11.9569578420195	1.98443895339118	7.74931132968113	8.08007379652036	1.26933179783786	2.05885991329529	0
PA14_RS20670	79.8477060590783	67.241047058759	78.5742943904141	78.3853386589515	70.5187331000983	71.7106549441182	83.7758986572988	53.5303577456776	107.330316290399
PA14_RS20675	39.9238530295392	63.9609959827219	70.8876786348301	51.5954127881706	48.8206613769911	67.670618045858	52.0426037113523	68.9718070953923	58.3726281579364
PA14_RS20680	27.0451907619459	23.7803703012684	13.6650946765938	9.92219476695589	30.9972453187245	13.1301199193456	15.2319815740543	16.4708793063623	5.64896401528417
PA14_RS20685	2.57573245351866	8.20012769009256	0	6.94553633686912	7.74931132968113	8.08007379652036	5.71199309027037	4.11771982659058	13.1809160356631
PA14_RS20690	88.8627696463936	86.1013407459718	82.8446364768496	78.3853386589515	82.14270009462	41.4103782071669	79.9679032637852	78.2366767052211	56.4896401528417
PA14_RS20695	59.2418464309291	27.0604213773054	26.4761209359004	42.6654374979103	29.4473830527883	58.5805350247726	72.9865783756769	61.7657973988588	52.7236641426522
PA14_RS20700	94.014234553431	94.3014684360644	143.483494104234	105.175264529732	96.8663916210141	137.361254540846	134.549170570813	127.649314624308	143.107088387199
PA14_RS20705	144.241017397045	168.102617646897	68.3254733829688	241.109332837028	213.106061566231	239.372186221916	130.7411751773	119.413874971127	112.979280305683
PA14_RS20710	81.1355722858377	106.601659971203	94.8015943188691	99.2219476695589	118.564463344121	93.9308578845492	120.586520794597	111.178435317946	154.405016417767
PA14_RS20715	494.540631075582	545.308491391155	468.029492673336	505.039713638055	546.32644874252	549.445018163385	493.135403460009	476.62606992786	498.991821350101
PA14_RS20720	95.3021007801903	121.36188981337	126.402125758492	177.60728632851	178.234160582666	166.651522053232	211.343744340004	161.62050319368	180.766848489093
PA14_RS20725	48.9389166168545	63.9609959827219	93.0934574842949	115.097459296688	124.763912407866	106.05096857933	186.591774282165	171.914802760157	161.936968438146
PA14_RS20730	14.1665284943526	14.7602298421666	28.1842577704746	40.6809985445191	30.9972453187245	61.6105626984678	60.9279262962173	31.912328656077	26.3618320713261
PA14_RS20735	12.8786622675933	4.10006384504628	22.2057788494648	10.9144142436515	6.1994490637449	5.05004612282523	8.88532258486502	9.26486960982881	9.41494002547361
PA14_RS20740	14.1665284943526	7.3801149210833	5.12441050372266	9.92219476695589	4.64958679780868	25.2502306141261	23.4826382600004	16.4708793063623	28.2448200764208
PA14_RS20745	86.287037192875	73.801149210833	62.346994461959	75.4086802288647	77.4931132968113	83.8307656388988	107.893202816218	73.0895269219829	48.9576881324628
PA14_RS31445	3.86359868027798	1.64002553801851	7.68661575558399	19.8443895339118	4.64958679780868	12.1201106947805	10.1546543827029	14.412019393067	30.1278080815155
PA14_RS20750	5.15146490703731	6.56010215207404	1.70813683457422	4.96109738347794	3.87465566484057	13.1301199193456	0	3.08828986994294	0
PA14_RS20755	0	0.820012769009256	9.3947525901582	11.9066337203471	6.1994490637449	3.03002767369514	12.0586520794597	5.14714978323823	5.64896401528417
PA14_RS20760	0	0	4.27034208643555	0.992219476695589	0	0	6.98132488810823	2.05885991329529	1.88298800509472
PA14_RS20765	2.57573245351866	4.92007661405553	4.27034208643555	7.93775581356471	0	4.04003689826018	0.63466589891893	6.17657973988588	11.2979280305683
PA14_RS20770	0	1.64002553801851	1.70813683457422	5.95331686017353	1.54986226593623	0	1.90399769675679	4.11771982659058	0
PA14_RS20775	7.72719736055597	1.64002553801851	0	0	0.774931132968113	0	8.88532258486502	2.05885991329529	3.76597601018944
PA14_RS20780	0	0	0	0	1.54986226593623	4.04003689826018	0.63466589891893	0	0
PA14_RS20785	5.15146490703731	9.84015322811107	9.3947525901582	7.93775581356471	2.32479339890434	11.1101014702155	4.44266129243251	16.4708793063623	7.53195202037889
PA14_RS20790	5.15146490703731	5.74008938306479	6.83254733829688	4.96109738347794	3.87465566484057	2.02001844913009	3.17332949459465	4.11771982659058	0
PA14_RS20795	18.0301271746306	22.1403447632499	19.6435735976035	26.7899258707809	24.0228651220115	19.1901752667359	28.5599654513518	23.6768890028959	15.0639040407578
PA14_RS20800	47.6510503900951	41.0006384504628	33.3086682741973	48.6187543580838	61.994490637449	57.5705258002076	46.9652765200008	43.2360581792011	15.0639040407578
PA14_RS20805	50.2267828436138	50.0207789095646	40.9952840297813	42.6654374979103	24.7977962549796	38.3803505334717	31.0986290470276	36.0300484826676	33.893784091705
PA14_RS20810	75.9841073788004	72.9811364418238	82.8446364768496	79.3775581356471	65.0942151693215	62.6205719230328	51.4079378124333	60.7363674422111	109.213304295494
PA14_RS20815	605.297126576884	625.669742754062	690.087281167984	433.599911315972	506.030029828178	465.614252524486	542.004677676766	478.684929841155	502.757797360291
PA14_RS20820	1387.0319262198	1214.43891090271	946.307806354117	1630.21660021085	1263.91267787099	1789.73634592926	793.967039547581	715.453819870114	984.802726664539
PA14_RS20825	509.995025796694	505.127865709701	592.723481597254	551.674029042747	602.896421449192	530.254842896649	554.697995655145	599.12823476893	483.927917309343
PA14_RS20830	261.436844032144	244.363805164758	216.079309573639	257.977063940853	250.302755948701	227.252075527135	201.82375585622	192.50340189311	129.926172351536
PA14_RS20835	458.480376726321	363.2656566711	432.158619147277	317.510232542588	351.818734367523	384.813514559282	396.031520925412	369.565354436505	438.73620518707
PA14_RS20840	499.692095982619	505.127865709701	548.311923898324	541.751834275791	633.893666767917	594.895433268812	663.225864370282	667.070611907675	595.024209609932
PA14_RS20845	136.513820036489	200.903128407268	259.636798855281	223.249382256507	247.203031416828	257.552352264087	291.311647603789	257.357489161911	418.023337131028
PA14_RS20850	507.419293343175	405.086307890572	265.615277776291	457.413178756666	447.910194855569	473.694326321006	330.660933336762	346.917895390257	350.235768947618
PA14_RS20855	292.345633474367	259.124035006925	297.215809215914	236.14823545355	260.376860677286	301.992758144949	281.156993221086	313.976136777532	295.629116799871
PA14_RS20860	43.7874517098172	36.0805618364072	38.4330787779199	75.4086802288647	48.045730244023	30.3002767369514	42.5226152275683	41.1771982659058	54.6066521477469
PA14_RS20865	189.316335333621	170.562655953925	201.560146479758	147.840702027643	155.761157726591	169.681549726928	213.24774203676	162.649933150328	241.022464652124
PA14_RS20870	359.314677265853	349.325439597943	332.232614324686	299.650281962068	294.473830527883	294.922693572993	273.541002434059	300.593547341113	337.054852911955
PA14_RS20875	576.964069588179	669.130419511553	809.65685958818	460.389837186753	500.605511897401	454.50415105427	425.860818174602	506.479538670642	433.087241171786
PA14_RS20880	194.467800240659	196.803064562221	240.847293674965	98.2297281928633	119.339394477089	124.231134621501	141.530495458921	127.649314624308	118.628244320967
PA14_RS20885	410.829326336226	431.326716498868	649.94606555549	241.109332837028	267.351240873999	274.722509081692	302.100967885411	264.563498858445	323.873936876292
PA14_RS20890	531.888751651602	545.308491391155	468.883561090623	284.766989811634	285.174656932266	254.522324590391	282.426325018924	268.681218685036	318.224972861008
PA14_RS20895	449.465313139006	479.707469870415	542.333444977314	230.194918593377	280.525070134457	257.552352264087	324.314274347573	299.564117384465	350.235768947618
PA14_RS20900	289.769901020849	313.244877761536	420.201661305258	182.568383711988	197.607438906869	168.671540502363	241.173041589193	259.416349075207	276.799236748924
PA14_RS20905	484.237701261507	487.907597560507	652.508270807352	306.595818298937	289.824243730074	298.962730471253	387.146198340547	372.653644306448	305.044056825345
PA14_RS20910	1106.27708878626	1344.00092840617	1620.16778759365	694.553633686912	823.751794345104	674.68616200945	1091.62534614056	1012.95907734128	1054.47328285304
PA14_RS20915	96.5899670069496	68.8810725967775	63.2010628792461	67.4709244153	96.091460488046	102.01093168107	89.4878917475691	114.266725187889	58.3726281579364
PA14_RS20920	264.012576485662	284.544430846212	229.744404250232	376.051181667628	358.018183431268	319.162914962554	290.042315805951	259.416349075207	259.852344703072
PA14_RS20925	6.43933113379664	4.92007661405553	11.1028894247324	2.97665843008677	6.1994490637449	4.04003689826018	4.44266129243251	3.08828986994294	15.0639040407578
PA14_RS20930	37.3481205760205	53.3008299856016	41.8493524470684	36.7121206377368	35.6468321165332	35.3503228597766	33.0026267437844	31.912328656077	50.8406761375575
PA14_RS20935	38.6359868027798	32.8005107603702	36.7249419433457	18.8521700572162	18.5983471912347	38.3803505334717	38.7146198340547	38.0889083959629	43.3087241171786
PA14_RS20940	10.3029298140746	4.10006384504628	7.68661575558399	15.8755116271294	13.1738292604579	9.09008302108541	8.25065668594609	16.4708793063623	13.1809160356631
PA14_RS20945	46.3631841633358	27.8804341463147	32.4545998569102	22.8210479639985	42.6212123132462	46.4604243299921	63.466589891893	52.5009277890299	16.9468920458525
PA14_RS20950	221.512991002604	170.562655953925	145.191630938809	98.2297281928633	103.840771817727	155.541420583017	102.815875624867	83.3838264884593	75.3195202037889
PA14_RS20955	127.498756449173	118.901851506342	97.3637995707305	79.3775581356471	68.9688708341621	106.05096857933	85.0452304551366	65.8835172254493	84.7344602292625
PA14_RS20960	365.754008399649	282.904405308193	308.318698640647	261.945941847635	294.473830527883	332.2930348819	345.892914910817	325.299866300656	333.288876901766
PA14_RS20965	132.650221356211	164.82256657086	134.088741514076	145.856263074252	165.835262455176	146.451337561932	147.242488549192	143.090763974023	229.724536621556
PA14_RS20970	18.0301271746306	41.820651219472	23.9139156840391	38.696559591128	30.2223141857564	26.2602398386912	32.3679608448654	27.7946088294864	37.6597601018944
PA14_RS20975	191.89206778714	160.722502725814	163.981136119125	76.4008997055603	92.2168048232055	89.890820986289	85.6798963540555	123.531594797718	86.6174482343572
PA14_RS31575	5.15146490703731	1.64002553801851	2.56220525186133	0	1.54986226593623	0	1.26933179783786	2.05885991329529	0
PA14_RS20985	166.134743251953	149.242323959685	104.196346909027	82.3542165657339	70.5187331000983	94.9408671091143	76.7945737691905	86.4721163584023	65.9045801783153
PA14_RS21005	11.590796040834	6.56010215207404	8.54068417287109	9.92219476695589	4.64958679780868	1.01000922456505	9.51998848378395	5.14714978323823	1.88298800509472
PA14_RS21010	1.28786622675933	3.28005107603702	0	1.98443895339118	2.32479339890434	2.02001844913009	6.98132488810823	3.08828986994294	0
PA14_RS21015	15.4543947211119	22.1403447632499	17.0813683457422	10.9144142436515	10.0741047285855	9.09008302108541	20.9439746643247	9.26486960982881	16.9468920458525
PA14_RS21020	113.332227954821	208.283243328351	124.693988923918	239.124893883637	202.257025704678	169.681549726928	210.709078441085	153.385063540499	129.926172351536
PA14_RS21025	109.468629274543	136.942132424546	130.672467844928	115.097459296688	82.9176312275881	81.8107471897687	127.567845682705	78.2366767052211	101.681352275115
PA14_RS21030	296.209232154645	302.584711764415	307.464630223359	319.49467149598	256.502205012445	263.612407611477	250.058364174058	233.680600159016	227.841548616461
PA14_RS21035	1800.43698500954	1865.52904949606	1290.49737852082	2023.13551298231	1869.13389271909	1751.35599539579	1506.69684403354	1492.67343713909	1476.26259599426
PA14_RS21040	1515.81854889573	1304.64031549373	1382.73676758783	1187.68671360462	1314.28320151392	1383.71263765411	1707.25126809192	1531.7917754917	1634.43358842222
PA14_RS21045	696.735628676797	709.311045193006	605.534507856561	582.432832820311	585.073005390925	546.41499048969	416.340829690818	463.243480491441	446.268157207449
PA14_RS21050	620.751521297996	510.047942323757	421.909798139832	439.553228176146	351.043803234555	425.213883541884	310.351624571357	305.740697124351	308.810032835534
PA14_RS21055	90.150635873153	117.261825968324	60.6388576273848	71.4398023220824	72.8435264990026	73.7306733932483	53.3119355091901	40.1477683092582	35.7767720967997
PA14_RS21060	265.300442712422	268.964188235036	309.172767057934	234.163796500159	251.077687081669	207.051891035834	202.458421755139	206.915421286177	137.458124371915
PA14_RS21065	127.498756449173	131.202043041481	104.196346909027	154.786238364512	102.290909551791	128.271171519761	110.431866411894	112.207865274593	80.968484219073
PA14_RS21070	350.299613678537	391.146090817415	385.184856196486	348.269036320152	274.325621070712	366.633348517111	356.04756929352	340.741315650371	293.746128794777
PA14_RS21075	158.407545891397	179.582796413027	150.316041442531	153.794018887816	182.108816247507	189.881734218229	175.802454000544	188.385682066519	165.702944448336
PA14_RS21080	202.194997601215	208.283243328351	217.787446408213	194.475017432335	162.735537923304	170.691558951493	201.189089957301	160.591073237033	182.649836494188
PA14_RS21085	395.374931615114	339.485286369832	352.730256339576	400.856668585018	378.941324021407	455.514160278835	475.999424189197	408.683692789115	359.650708973092
PA14_RS21090	877.036900423102	1057.81647202194	1039.40126383841	1115.25469180584	1184.09477117528	1250.39142001153	1657.11266207733	1687.23569894549	1773.77470079923
PA14_RS21095	1430.81937792961	1256.25956212218	1394.69372542985	1657.00652608163	1549.08733480326	2186.66997118332	2600.86085376977	2226.65699622886	2624.88527910204
PA14_RS31715	360.602543492612	432.966742036887	433.866755981852	382.996718004497	441.710745791824	442.38404035949	501.386060145955	547.656736936548	504.640785365385
PA14_RS21105	24.4694583084272	22.9603575322592	16.2272999284551	23.8132674406941	12.3988981274898	19.1901752667359	15.8666474729732	14.412019393067	3.76597601018944
PA14_RS21110	91.4385020999123	55.7608682926294	53.8063102890879	61.5176075551265	68.193939701194	68.6806272704231	64.7359216897309	66.912947182097	56.4896401528417
PA14_RS21115	2689.06468147348	2497.75889440219	3065.25154964344	995.196135125675	1082.57879275645	1074.64981493721	927.881544219476	1081.93088443668	962.206870603403
PA14_RS21120	24.4694583084272	18.0402809182036	4.27034208643555	21.8288284873029	10.8490358615536	29.2902675123863	21.5786405632436	27.7946088294864	35.7767720967997
PA14_RS21125	990.369128377923	938.914620515598	1092.35350571021	1053.73708425072	1108.1515201444	1139.29040530937	1290.27577250218	1411.34847056392	1412.24100382104
PA14_RS21130	453.328911819283	471.507342180322	463.7591505869	444.514325559624	495.955925099592	450.46411415601	428.399481770278	428.242861965421	482.044929304249
PA14_RS21135	56.6661139774104	50.0207789095646	59.7847892100977	51.5954127881706	34.8719009835651	43.4303966562969	38.0799539351358	35.00061852602	48.9576881324628
PA14_RS21140	65.6811775647257	77.9012130558793	65.7632681311074	46.6343154046927	51.9203859088636	53.5304889019474	64.7359216897309	84.413256445107	54.6066521477469
PA14_RS21145	12.8786622675933	7.3801149210833	18.7895051803164	5.95331686017353	20.9231405901391	15.1501383684757	5.07732719135144	8.23543965318117	16.9468920458525
PA14_RS21150	392.799199161595	330.46514591073	327.108203820963	206.381651152682	255.727273879477	293.912684348428	335.103594629195	293.387537644579	359.650708973092
PA14_RS21155	137.801686263248	153.342387804731	151.170109859818	217.296065396334	145.687052998005	140.391282214541	228.479723610815	200.738841546291	112.979280305683
PA14_RS21160	60.5297126576884	91.0214173600274	63.2010628792461	65.4864854619089	102.290909551791	73.7306733932483	83.1412327583798	106.031285534708	94.1494002547361
PA14_RS21165	63.1054451112071	52.4808172165924	52.0981734545137	70.4475828453868	86.7922868924287	88.880811761724	83.1412327583798	123.531594797718	109.213304295494
PA14_RS21170	41.2117192562985	73.801149210833	46.1196945335039	70.4475828453868	58.1198349726085	65.6505995967279	56.4852650037848	74.1189568786305	103.56434028021
PA14_RS21175	461.056109179839	644.530036441275	517.565460875988	688.600316826739	651.717082826183	698.926383399011	724.788456565418	583.686785419215	621.386041681258
PA14_RS21180	171.286208158991	192.703000717175	204.976420148906	169.669530514946	196.057576640933	169.681549726928	206.901083047571	240.886609855549	180.766848489093
PA14_RS21185	321.966556689832	291.924545767295	386.892993031061	343.307938936674	400.639395744515	386.833533008412	388.415530138385	428.242861965421	438.73620518707
PA14_RS21190	70.832642471763	71.3411109038052	103.34227849174	94.2608502860809	89.8920114243011	121.201106947805	70.4479147800012	81.324966575164	143.107088387199
PA14_RS21195	323.254422916591	337.025248062804	269.885619862727	272.860356091287	343.294491904874	352.493219373201	271.002338838383	281.034378164807	269.267284728545
PA14_RS21200	52.8025152971325	95.9414939740829	76.8661575558398	109.144142436515	85.2424246264924	70.7006457195532	96.4692166356774	88.5309762716976	67.78756818341
PA14_RS21205	18.0301271746306	39.3606129124443	45.2656261162168	28.7743648241721	27.122589653884	23.230212164996	36.8106221372979	36.0300484826676	50.8406761375575
PA14_RS21210	10.3029298140746	18.8602936872129	8.54068417287109	10.9144142436515	14.7236915263941	15.1501383684757	9.51998848378395	14.412019393067	0
PA14_RS21215	25.7573245351866	8.20012769009256	2.56220525186133	6.94553633686912	8.52424246264924	20.2001844913009	6.3466589891893	4.11771982659058	13.1809160356631
PA14_RS21220	14.1665284943526	38.540600143435	24.7679841013262	45.6420959279971	34.096969850597	26.2602398386912	11.4239861805407	16.4708793063623	11.2979280305683
PA14_RS21225	1031.58084763422	1051.25636986987	1076.98027419904	1217.45329790549	1151.54766359062	1194.84091266045	1355.64636009083	1146.78497170548	1152.38865911797
PA14_RS21230	243.406716857513	159.082477187796	104.196346909027	184.552822665379	187.533334178283	190.891743442794	229.114389509734	148.237913757261	188.298800509472
PA14_RS21235	440.45024955169	461.667188952211	435.574892816426	586.401710727093	650.942151693215	714.076521767487	824.43100269569	840.014844624479	770.142094083741
PA14_RS21240	142.953151170285	150.882349497703	125.548057341205	160.739555224685	136.387879402388	142.411300663671	138.991831863246	109.11957540465	107.330316290399
PA14_RS21245	414.692925016504	429.68669096085	474.862040011633	528.852981078749	418.462811802781	515.104704528173	514.079378124333	468.390630274679	495.225845339912
PA14_RS21250	186.740602880103	261.584073313953	269.03155144544	267.899258707809	290.599174863042	304.012776594079	321.140944852979	338.682455737076	372.831625008755
PA14_RS21255	151.968214757601	159.082477187796	245.1176357614	238.132674406941	188.308265311251	211.091927934094	288.772984008113	299.564117384465	293.746128794777
PA14_RS21260	15.4543947211119	28.7004469153239	34.1627366914844	48.6187543580838	38.7465566484057	29.2902675123863	52.0426037113523	44.2654881358488	62.1386041681258
PA14_RS21265	23.1815920816679	18.8602936872129	18.7895051803164	38.696559591128	29.4473830527883	23.230212164996	38.7146198340547	42.2066282225535	50.8406761375575
PA14_RS21270	0	20.5003192252314	11.9569578420195	12.8988531970427	20.1482094571709	10.1000922456505	21.5786405632436	11.3237295231241	39.5427481069892
PA14_RS21275	130.074488902692	148.422311190675	128.964331010354	150.817360457729	207.681543635454	180.791651197143	222.767730520544	240.886609855549	186.415812504377
PA14_RS21280	46.3631841633358	43.4606767574905	39.287147195207	39.6887790678235	24.7977962549796	45.450415105427	28.5599654513518	39.1183383526105	37.6597601018944
PA14_RS21285	79.8477060590783	102.501596126157	132.380604679502	133.949629353904	149.561708662846	76.7607010669434	139.626497762165	135.884754277489	99.7983642700202
PA14_RS21290	148.104616077323	218.123396556462	204.976420148906	171.653969468337	241.003582353083	248.462269243001	183.418444787571	210.00371115612	175.117884473809
PA14_RS21295	114.62009418158	207.463230559342	189.603188637738	99.2219476695589	137.937741668324	130.291189968891	82.5065668594609	111.178435317946	103.56434028021
PA14_RS21300	119.771559088618	109.061698278231	104.196346909027	238.132674406941	228.604684225593	218.16199250605	350.335576203249	318.093856604123	231.607524626651
PA14_RS21305	709.61429094439	615.829589525951	239.139156840391	880.098675828987	509.904685493018	688.826291153361	303.370299683249	185.297392196576	201.479716545135
PA14_RS21310	79.8477060590783	101.681583357148	104.196346909027	1084.49588802828	921.393117099086	1001.92915076853	1172.22791530326	1034.57710643088	922.664122496414
PA14_RS21315	220.225124775845	257.484009468906	271.593756697301	126.01187354034	116.239669945217	157.561439032147	136.45316826757	114.266725187889	148.756052402483
PA14_RS21320	256.285379125106	335.385222524786	488.527134688227	239.124893883637	256.502205012445	277.752536755387	264.021013950275	292.358107687931	216.543620585893
PA14_RS21325	151.968214757601	209.10325609736	210.954899069916	161.731774701381	127.863636939739	122.21111617237	85.6798963540555	103.972425621412	96.0323882598308
PA14_RS21330	81.1355722858377	43.4606767574905	37.5790103606328	54.5720712182574	37.9716255154375	45.450415105427	27.290633653514	24.7063189595435	24.4788440662314
PA14_RS21335	193.179934013899	194.343026255194	181.916572882154	362.16010899389	291.374105996011	319.162914962554	477.903421885954	430.301721878716	325.756924881387
PA14_RS21340	158.407545891397	127.921991965444	152.878246694393	116.089678773384	115.464738812249	112.11102392672	69.1785829821634	64.8540872688017	84.7344602292625
PA14_RS21345	28.3330569887052	25.4203958392869	31.6005314396231	7.93775581356471	16.2735537923304	22.220202940431	9.51998848378395	12.3531594797718	9.41494002547361
PA14_RS21350	32.1966556689832	38.540600143435	28.1842577704746	25.7977063940853	32.5471075846608	18.1801660421708	6.3466589891893	18.5297392196576	22.5958560611367
PA14_RS21355	480.374102581229	508.407916785738	385.184856196486	933.678527570549	898.920114243011	782.75714903791	1396.89964352056	1231.19822815058	1090.25005494984
PA14_RS21360	1.28786622675933	2.46003830702777	5.97847892100977	0.992219476695589	7.74931132968113	3.03002767369514	4.44266129243251	6.17657973988588	0
PA14_RS21365	39.9238530295392	74.6211619798423	56.3685155409492	1627.23994178077	1646.72865755724	1537.234039788	3973.64319313142	3860.36233742867	3101.28124439101
PA14_RS21370	19.3179934013899	35.260549067398	43.5574892816426	831.479921470903	767.181821638432	793.867250508126	1875.43773130544	1761.35465582412	1721.05103665658
PA14_RS21375	16.7422609478713	10.6601659971203	7.68661575558399	204.397212199291	221.63030402888	231.292112425395	498.847396550279	461.184620578145	444.385169202354
PA14_RS21380	2.57573245351866	17.2202681491944	6.83254733829688	264.922600277722	224.730028560753	213.111946383225	627.684574030822	482.802649667746	610.08811365069
PA14_RS21385	28.3330569887052	59.8609321376757	45.2656261162168	527.860761602053	541.676861944711	521.164759875563	1283.929113513	1005.75306764475	1133.55877906702
PA14_RS21390	75.9841073788004	74.6211619798423	74.3039523039785	774.923411299255	685.81405267678	602.975507065332	1346.76103750597	1083.98974434997	1259.71897540837
PA14_RS21395	1080.51976425108	1607.22502725814	556.852608071195	1267.06427174027	1301.88430338643	1149.39049755502	546.447338969199	532.215287586833	515.938713395954
PA14_RS21400	48.9389166168545	68.8810725967775	52.0981734545137	73.4242412754736	60.4446283715128	65.6505995967279	50.1386060145955	67.9423771387446	39.5427481069892
PA14_RS21405	4474.04727176191	2520.71925193445	2413.59734725337	4502.69198524458	3010.60745158112	3240.10959240467	2845.84189075248	1978.56437667678	2442.23544260785
PA14_RS21410	571.812604681142	601.069359683784	663.611160232084	571.518418576659	603.67135258216	756.496909199219	831.412327583798	750.454438396134	915.132170476035
PA14_RS21415	303.936429515201	273.064252080082	351.876187922289	233.171577023463	206.131681369518	234.322140099091	191.034435574598	179.12081245669	161.936968438146
PA14_RS21420	480.374102581229	516.608044475831	547.457855481037	376.051181667628	437.836090126984	440.36402191036	388.415530138385	418.977992355592	357.767720967997
PA14_RS21425	92.7263683266716	96.7615067430922	93.947525901582	137.918507260687	113.914876546313	125.241143846066	100.91187792811	98.825275838174	82.8514722241678
PA14_RS21430	300.072830834923	286.18445638423	286.966988208469	336.362402599805	375.841599489535	298.962730471253	368.106221372979	306.770127080999	359.650708973092
PA14_RS21435	21.8937258549086	31.980497991361	14.5191630938809	27.7821453474765	24.7977962549796	28.2802582878213	12.6933179783786	12.3531594797718	30.1278080815155
PA14_RS21440	231.815920816679	170.562655953925	231.452541084807	212.334968012856	180.55895398157	156.551429807582	180.879781191895	217.209720852653	276.799236748924
PA14_RS21445	247.270315537791	173.842707029962	207.538625400768	176.615066851815	162.735537923304	170.691558951493	193.573099170274	204.856561372882	216.543620585893
PA14_RS21450	181.589137973065	132.842068579499	162.272999284551	105.175264529732	137.162810535356	120.19109772324	130.106509278381	171.914802760157	116.745256315873
PA14_RS21455	180.301271746306	179.582796413027	192.1653938896	181.576164235293	204.581819103582	187.861715769098	239.269043892437	251.180909422026	246.671428667409
PA14_RS21460	604.009260350125	517.42805724484	520.981734545137	636.012684561872	640.86804696463	657.516005191845	814.276348312987	829.720545058003	898.185278430182
PA14_RS21465	15.4543947211119	0	5.12441050372266	4.96109738347794	0.774931132968113	2.02001844913009	3.80799539351358	10.2942995664765	0
PA14_RS21470	149.392482304082	239.443728550703	166.543341370986	137.918507260687	166.610193588144	150.491374460192	151.685149841624	173.973662673452	169.468920458525
PA14_RS21475	94.014234553431	76.2611875178608	95.6556627361563	78.3853386589515	62.7694217704172	81.8107471897687	76.1599078702716	79.2661066618687	114.862268310778
PA14_RS21480	184.164870426584	210.743281635379	204.976420148906	183.560603188684	194.507714374996	170.691558951493	106.62387101838	123.531594797718	137.458124371915
PA14_RS21485	203.482863827974	191.882987948166	199.852009645184	184.552822665379	129.413499205675	157.561439032147	132.645172874056	162.649933150328	122.394220331157
PA14_RS21490	203.482863827974	228.783562553582	229.744404250232	212.334968012856	175.134436050794	161.601475930407	185.322442484328	160.591073237033	214.660632580798
PA14_RS21495	1240.21517636923	1306.28034103174	1159.82491067589	1124.1846670961	1119.00055600596	1202.92098645697	1224.90518491353	1186.93274001474	1438.60283589237
PA14_RS21500	1408.9256520747	1253.79952381515	1072.70993211261	809.6510929836	698.987881937238	695.896355725316	573.103306723794	561.039326372967	465.098037258396
PA14_RS21505	28.3330569887052	14.7602298421666	11.1028894247324	35.7199011610412	8.52424246264924	5.05004612282523	22.8479723610815	13.3825894364194	7.53195202037889
PA14_RS21510	9.0150635873153	25.4203958392869	9.3947525901582	8.9299752902603	13.1738292604579	7.07006457195532	19.0399769675679	11.3237295231241	15.0639040407578
PA14_RS21515	10.3029298140746	5.74008938306479	4.27034208643555	3.96887790678235	5.42451793077679	0	5.07732719135144	5.14714978323823	1.88298800509472
PA14_RS21520	0	2.46003830702777	1.70813683457422	0	0.774931132968113	3.03002767369514	0	4.11771982659058	0
PA14_RS21525	1.28786622675933	0.820012769009256	0.854068417287109	0.992219476695589	0	0	0.63466589891893	2.05885991329529	0
PA14_RS21530	0	0.820012769009256	2.56220525186133	0	2.32479339890434	0	1.90399769675679	2.05885991329529	1.88298800509472
PA14_RS21535	0	0.820012769009256	0	2.97665843008677	0	0	0	0	0
PA14_RS21540	0	4.10006384504628	0	1.98443895339118	0.774931132968113	0	0.63466589891893	0	11.2979280305683
PA14_RS21545	1.28786622675933	1.64002553801851	4.27034208643555	6.94553633686912	6.1994490637449	2.02001844913009	2.53866359567572	0	3.76597601018944
PA14_RS21550	18.0301271746306	11.4801787661296	3.41627366914844	15.8755116271294	4.64958679780868	12.1201106947805	9.51998848378395	20.5885991329529	7.53195202037889
PA14_RS21555	61.8175788844477	44.2806895264998	40.1412156124941	20.8366090106074	34.8719009835651	45.450415105427	39.9839516318926	38.0889083959629	41.4257361120839
PA14_RS21560	24.4694583084272	21.3203319942406	17.0813683457422	7.93775581356471	10.0741047285855	10.1000922456505	14.5973156751354	15.4414493497147	5.64896401528417
PA14_RS21565	30.9087894422239	17.2202681491944	34.1627366914844	16.867731103825	19.3732783242028	7.07006457195532	23.4826382600004	15.4414493497147	13.1809160356631
PA14_RS21570	127.498756449173	145.962272883648	128.964331010354	126.01187354034	80.5928378286838	79.7907287406386	76.7945737691905	84.413256445107	67.78756818341
PA14_RS21575	860.294639475231	794.592373169969	849.798075200674	620.137172934743	599.021765784351	579.745294900336	613.721924254605	676.335481517503	708.003489915615
PA14_RS21580	121.059425315377	82.0012769009256	117.861441585621	69.4553633686912	106.9404963496	46.4604243299921	101.546543827029	131.767034450899	103.56434028021
PA14_RS21585	529.313019198084	569.088861692423	661.048954980223	428.638813932494	406.838844808259	467.634270973616	441.727465647575	461.184620578145	708.003489915615
PA14_RS21590	258.861111578625	299.304660688378	335.648887993834	203.404992722596	218.530579497008	249.472278467566	307.812960975681	315.00556673418	248.554416672503
PA14_RS21595	18.0301271746306	38.540600143435	37.5790103606328	32.7432427309544	20.1482094571709	24.2402213895611	39.9839516318926	37.0594784393153	13.1809160356631
PA14_RS21600	191.89206778714	229.603575322592	234.014746336668	298.658062485372	302.223141857564	303.002767369514	320.50627895406	327.358726213951	299.395092810061
PA14_RS21605	189.316335333621	274.704277618101	278.426304035598	162.723994178077	106.9404963496	108.07098702846	110.431866411894	103.972425621412	103.56434028021
PA14_RS21610	1084.38336293135	1178.3583490663	1050.50415326314	870.176481062031	808.253171685742	767.607010669434	724.788456565418	777.219617268973	773.908070093931
PA14_RS21615	6.43933113379664	9.84015322811107	5.12441050372266	14.8832921504338	11.6239669945217	11.1101014702155	13.3279838772975	21.6180290896006	1.88298800509472
PA14_RS21620	11.590796040834	1.64002553801851	1.70813683457422	0	0.774931132968113	0	0	0	0
PA14_RS21625	7.72719736055597	4.92007661405553	14.5191630938809	15.8755116271294	15.4986226593623	3.03002767369514	14.5973156751354	3.08828986994294	22.5958560611367
PA14_RS21630	131.362355129451	173.842707029962	99.9260048225918	137.918507260687	126.313774673802	131.301199193456	144.069159054597	162.649933150328	158.170992427957
PA14_RS21635	282.042703660293	246.823843471786	231.452541084807	199.436114815813	183.658678513443	183.821678870838	217.055737430274	172.944232716805	126.160196341346
PA14_RS21640	396.662797841873	523.988159396914	470.591697925197	372.082303760846	338.644905107065	317.142896513424	296.38897479514	353.094475130143	354.001744957808
PA14_RS21645	124.923023995655	165.64257933987	153.73231511168	122.042995633557	140.262535067228	172.711577400623	134.549170570813	142.061334017375	156.288004422862
PA14_RS21650	337.420951410944	372.285797130202	525.252076631572	337.3546220765	363.442701362045	397.943634478628	466.479435705413	441.62545140184	365.299672988376
PA14_RS21655	674.841902821888	478.887457101405	415.077250801535	521.90744474188	656.366669623992	596.915451717942	639.743226110281	598.098804812282	416.140349125933
PA14_RS21660	610.448591483922	574.828951075488	889.939290813168	674.709244153	797.404135824188	770.63703834313	1150.0146088411	1161.19699109854	1176.8675031842
PA14_RS21665	267.87617516594	200.903128407268	208.392693818055	273.852575567982	202.257025704678	215.131964832355	265.290345748113	237.798319985606	224.075572606272
PA14_RS21670	78.559839832319	110.701723816249	86.2609101459981	87.3153139492118	106.9404963496	109.080996253025	114.874527704326	129.708174537603	92.2664122496414
PA14_RS21675	72.1205086985224	78.7212258248885	78.5742943904141	57.5487296483441	75.9432510308751	65.6505995967279	68.5439170832444	114.266725187889	73.4365321986942
PA14_RS21680	302.648563288442	240.263741319712	339.91923008027	257.977063940853	301.448210724596	328.25299798364	314.794285863789	397.359963265991	342.703816927239
PA14_RS21685	48.9389166168545	36.0805618364072	50.3900366199395	79.3775581356471	66.6440774352577	59.5905442493377	107.893202816218	144.12019393067	90.3834242445466
PA14_RS21690	42.4995854830578	18.8602936872129	40.1412156124941	25.7977063940853	21.6980717231072	27.2702490632562	45.061278823244	45.2949180924964	30.1278080815155
PA14_RS21695	54.0903815238918	74.6211619798423	52.9522418718008	107.159703483124	127.088705806771	144.431319112801	133.279838772975	108.090145448003	109.213304295494
PA14_RS21700	33.4845218957425	27.8804341463147	30.7464630223359	27.7821453474765	30.9972453187245	18.1801660421708	31.0986290470276	14.412019393067	30.1278080815155
PA14_RS21705	64.3933113379664	36.9005746054165	45.2656261162168	34.7276816843456	53.4702481747998	53.5304889019474	43.1572811264872	53.5303577456776	60.2556161630311
PA14_RS21710	204.770730054733	229.603575322592	186.18691496859	191.498359002249	188.308265311251	181.801660421708	225.941060015139	219.268580765949	195.830752529851
PA14_RS21715	68.2569100182444	44.2806895264998	42.7034208643555	36.7121206377368	24.0228651220115	35.3503228597766	20.9439746643247	25.7357489161911	41.4257361120839
PA14_RS21720	9.0150635873153	6.56010215207404	10.2488210074453	5.95331686017353	7.74931132968113	3.03002767369514	6.3466589891893	4.11771982659058	1.88298800509472
PA14_RS21725	1.28786622675933	6.56010215207404	5.12441050372266	0.992219476695589	4.64958679780868	5.05004612282523	5.71199309027037	3.08828986994294	0
PA14_RS21730	5.15146490703731	4.10006384504628	2.56220525186133	0	0.774931132968113	0	0	2.05885991329529	0
PA14_RS21735	25.7573245351866	28.7004469153239	31.6005314396231	25.7977063940853	13.1738292604579	33.3303044106465	12.6933179783786	24.7063189595435	28.2448200764208
PA14_RS21740	60.5297126576884	60.6809449066849	36.7249419433457	52.5876322648662	32.5471075846608	49.4904520036872	41.2532834297304	44.2654881358488	52.7236641426522
PA14_RS21745	30.9087894422239	28.7004469153239	45.2656261162168	41.6732180212147	34.096969850597	33.3303044106465	43.7919470254062	48.3832079624394	13.1809160356631
PA14_RS21750	598.857795443088	565.808810616386	563.685155409492	681.654780489869	748.583474447197	728.216650911398	854.894965843799	861.63287371408	762.610142063362
PA14_RS21755	484.237701261507	429.68669096085	368.103487850744	692.569194733521	643.192840363534	646.405903721629	840.932316067582	652.658592514608	785.205998124499
PA14_RS30825	15.4543947211119	16.4002553801851	8.54068417287109	8.9299752902603	12.3988981274898	18.1801660421708	15.2319815740543	2.05885991329529	1.88298800509472
PA14_RS21760	110.756495501302	70.521098134796	75.1580207212656	105.175264529732	89.117080291333	86.8607933125939	137.722500065408	96.7664159248787	133.692148361725
PA14_RS21765	556.35820996003	448.546984648063	574.788044834225	368.113425854063	463.408817514932	438.34400346123	521.060703012441	555.892176589729	640.215921732205
PA14_RS21770	144.241017397045	189.422949641138	269.03155144544	133.949629353904	158.085951125495	185.841697319968	144.069159054597	175.0030926301	169.468920458525
PA14_RS21775	537.04021655864	497.747750788618	572.225839582363	402.841107538409	531.602757216126	441.374031134925	542.004677676766	546.6273069799	583.726281579364
PA14_RS21780	34.7723881225019	64.7810087517312	76.0120891385527	46.6343154046927	47.2707991110549	65.6505995967279	44.4266129243251	90.5898361849928	80.968484219073
PA14_RS21785	145.528883623804	147.602298421666	152.878246694393	106.167484006428	114.689807679281	98.9809040073744	130.106509278381	135.884754277489	152.522028412672
PA14_RS21790	23.1815920816679	28.7004469153239	26.4761209359004	11.9066337203471	34.8719009835651	34.3403136352115	36.8106221372979	32.9417586127247	47.074700127368
PA14_RS21795	14.1665284943526	5.74008938306479	11.9569578420195	8.9299752902603	4.64958679780868	21.210193715866	19.6746428664868	18.5297392196576	15.0639040407578
PA14_RS21800	21.8937258549086	11.4801787661296	5.97847892100977	21.8288284873029	13.1738292604579	22.220202940431	25.3866359567572	22.6474590462482	22.5958560611367
PA14_RS21805	29.6209232154645	29.5204596843332	31.6005314396231	31.7510232542588	26.3476585209158	27.2702490632562	25.3866359567572	29.8534687427817	20.7128680560419
PA14_RS30830	160444.950262131	130367.270042629	93181.4265312755	198133.330642912	176285.208783251	173766.027031069	180745.232021324	136663.003324715	142730.49078618
PA14_RS21810	645.220979606423	558.428695695303	433.012687564564	477.257568290578	551.750966673296	634.285793026848	438.554136152981	431.331151835364	647.747873752584
PA14_RS21815	7.72719736055597	11.4801787661296	14.5191630938809	24.8054869173897	34.8719009835651	24.2402213895611	65.3705875886498	63.8246573121541	64.0215921732205
PA14_RS21820	172.57407438575	196.803064562221	148.607904607957	142.879604644165	168.160055854081	164.631503604102	109.162534614056	111.178435317946	97.9153762649255
PA14_RS30840	515.146490703731	353.425503442989	287.821056625756	247.062649697202	220.855372895912	215.131964832355	286.868986311356	255.298629248616	229.724536621556
PA14_RS30845	131.362355129451	102.501596126157	104.196346909027	48.6187543580838	80.5928378286838	83.8307656388988	67.2745852854066	83.3838264884593	88.5004362394519
PA14_RS30850	94.014234553431	82.0012769009256	121.27771525477	66.4787049386044	50.3705236429274	35.3503228597766	46.9652765200008	51.4714978323823	77.2025082088836
PA14_RS30855	216.361526095567	154.982413342749	154.586383528967	80.3697776123427	92.9917359561736	86.8607933125939	96.4692166356774	95.7369859682311	88.5004362394519
PA14_RS21825	21.8937258549086	22.9603575322592	25.6220525186133	19.8443895339118	10.8490358615536	11.1101014702155	3.80799539351358	10.2942995664765	20.7128680560419
PA14_RS21830	9.0150635873153	9.84015322811107	8.54068417287109	0.992219476695589	0.774931132968113	2.02001844913009	5.07732719135144	3.08828986994294	0
PA14_RS21835	1.28786622675933	3.28005107603702	0	9.92219476695589	0	3.03002767369514	3.80799539351358	1.02942995664765	1.88298800509472
PA14_RS21840	3.86359868027798	1.64002553801851	3.41627366914844	0.992219476695589	5.42451793077679	0	1.26933179783786	0	0
PA14_RS21845	73.4083749252817	59.8609321376757	36.7249419433457	21.8288284873029	27.122589653884	33.3303044106465	22.8479723610815	19.5591691763053	7.53195202037889
PA14_RS21850	145.528883623804	102.501596126157	122.131783672057	117.081898250079	158.860882258463	132.311208418021	224.671728217301	203.827131416234	205.245692555325
PA14_RS21855	0	9.02014045910181	1.70813683457422	86.3230944725162	40.2964189143419	39.3903597580368	112.97053000757	135.884754277489	96.0323882598308
PA14_RS21860	0	2.46003830702777	6.83254733829688	0.992219476695589	0.774931132968113	4.04003689826018	1.26933179783786	1.02942995664765	0
PA14_RS21865	1.28786622675933	4.92007661405553	9.3947525901582	82.3542165657339	64.3192840363534	78.7807195160735	222.767730520544	143.090763974023	227.841548616461
PA14_RS21870	7.72719736055597	12.3001915351388	23.9139156840391	8.9299752902603	8.52424246264924	9.09008302108541	23.4826382600004	20.5885991329529	32.0107960866103
PA14_RS21875	87.5749034196343	82.8212896699348	113.591099499186	266.907039231113	204.581819103582	182.811669646273	455.690115423792	407.654262832468	406.72540910046
PA14_RS21880	3.86359868027798	4.92007661405553	0.854068417287109	6.94553633686912	1.54986226593623	2.02001844913009	3.17332949459465	2.05885991329529	11.2979280305683
PA14_RS21885	14.1665284943526	1.64002553801851	6.83254733829688	0	6.97438019671302	1.01000922456505	8.25065668594609	5.14714978323823	3.76597601018944
PA14_RS21890	7.72719736055597	12.3001915351388	6.83254733829688	1.98443895339118	3.87465566484057	6.06005534739027	5.71199309027037	5.14714978323823	1.88298800509472
PA14_RS21895	3.86359868027798	4.10006384504628	10.2488210074453	0.992219476695589	10.0741047285855	3.03002767369514	3.80799539351358	1.02942995664765	45.1917121222733
PA14_RS21900	9.0150635873153	13.9402170731573	16.2272999284551	14.8832921504338	11.6239669945217	17.1701568176058	18.405311068649	5.14714978323823	13.1809160356631
PA14_RS21905	19.3179934013899	33.6205235293795	19.6435735976035	29.7665843008677	21.6980717231072	25.2502306141261	20.9439746643247	12.3531594797718	37.6597601018944
PA14_RS21910	27.0451907619459	26.2404086082962	11.1028894247324	389.942254341366	342.519560771906	294.922693572993	610.548594760011	495.155809147518	380.363577029134
PA14_RS21915	189.316335333621	232.063613629619	234.014746336668	3416.21165826291	3353.90194348599	2734.09497089758	7983.46234250122	8144.84981699617	7889.71974134688
PA14_RS21920	18.0301271746306	4.10006384504628	7.68661575558399	7.93775581356471	12.3988981274898	8.08007379652036	11.4239861805407	9.26486960982881	13.1809160356631
PA14_RS21925	1286.57836053257	2075.45231836243	1687.63919255933	1270.04093017035	1176.3454598456	1077.6798426109	1087.81735074705	998.547057948217	1043.17535482248
PA14_RS21930	24.4694583084272	31.980497991361	25.6220525186133	29.7665843008677	34.096969850597	37.3703413089067	36.175956238379	42.2066282225535	45.1917121222733
PA14_RS21935	2.57573245351866	4.92007661405553	2.56220525186133	7.93775581356471	7.74931132968113	2.02001844913009	1.90399769675679	3.08828986994294	3.76597601018944
PA14_RS21940	0	0	2.56220525186133	6.94553633686912	0	0	3.80799539351358	1.02942995664765	15.0639040407578
PA14_RS21945	5.15146490703731	31.980497991361	24.7679841013262	44.6498764513015	20.1482094571709	39.3903597580368	22.2133064621625	18.5297392196576	37.6597601018944
PA14_RS31450	0	12.3001915351388	1.70813683457422	9.92219476695589	1.54986226593623	8.08007379652036	8.88532258486502	4.11771982659058	7.53195202037889
PA14_RS21955	95.3021007801903	79.5412385938978	92.2393890670078	84.338655519125	73.6184576319707	105.040959354765	114.874527704326	112.207865274593	96.0323882598308
PA14_RS21960	7.72719736055597	18.0402809182036	11.1028894247324	17.8599505805206	16.2735537923304	9.09008302108541	18.405311068649	23.6768890028959	16.9468920458525
PA14_RS21965	240.830984403994	216.483371018443	176.792162378432	200.428334292509	134.838017136452	127.261162295196	104.719873321623	112.207865274593	96.0323882598308
PA14_RS21970	209.92219496177	144.322247345629	167.397409788273	168.67731103825	126.313774673802	166.651522053232	97.1038825345963	131.767034450899	101.681352275115
PA14_RS21975	296.209232154645	238.623715781693	214.371172739064	214.319406966247	171.259780385953	197.961808014749	126.933179783786	135.884754277489	101.681352275115
PA14_RS21980	106.892896821024	161.542515494823	134.088741514076	93.2686308093853	68.193939701194	60.6005534739027	78.0639055670284	56.6186476156205	67.78756818341
PA14_RS21985	27.0451907619459	39.3606129124443	38.4330787779199	23.8132674406941	15.4986226593623	24.2402213895611	15.2319815740543	10.2942995664765	41.4257361120839
PA14_RS21990	29.6209232154645	59.0409193686664	55.5144471236621	31.7510232542588	34.8719009835651	24.2402213895611	26.0213018556761	18.5297392196576	30.1278080815155
PA14_RS21995	34.7723881225019	41.0006384504628	32.4545998569102	46.6343154046927	11.6239669945217	33.3303044106465	33.6372926427033	46.3243480491441	30.1278080815155
PA14_RS22000	1.28786622675933	2.46003830702777	6.83254733829688	1.98443895339118	4.64958679780868	1.01000922456505	5.07732719135144	1.02942995664765	0
PA14_RS22005	676.129769048647	876.593650070894	833.570775272219	856.285408388293	854.749039663829	809.017388876601	809.833687020555	817.367385578231	734.365321986941
PA14_RS22010	33.4845218957425	20.5003192252314	15.373231511168	37.7043401144324	32.5471075846608	25.2502306141261	23.4826382600004	41.1771982659058	45.1917121222733
PA14_RS22015	27.0451907619459	12.3001915351388	5.97847892100977	11.9066337203471	30.9972453187245	11.1101014702155	19.6746428664868	15.4414493497147	18.8298800509472
PA14_RS22020	41.2117192562985	36.0805618364072	34.1627366914844	53.5798517415618	36.4217632495013	36.3603320843416	37.4452880362169	48.3832079624394	7.53195202037889
PA14_RS22025	32.1966556689832	23.7803703012684	30.7464630223359	26.7899258707809	14.7236915263941	18.1801660421708	33.0026267437844	44.2654881358488	28.2448200764208
PA14_RS22030	0	0	0.854068417287109	0	2.32479339890434	0	3.17332949459465	0	0
PA14_RS22035	10.3029298140746	4.92007661405553	10.2488210074453	3.96887790678235	8.52424246264924	13.1301199193456	9.51998848378395	11.3237295231241	11.2979280305683
PA14_RS22040	45.0753179365765	31.1604852223517	31.6005314396231	7.93775581356471	17.8234160582666	9.09008302108541	17.1359792708111	29.8534687427817	18.8298800509472
PA14_RS22045	430.147319737616	657.650240745423	664.465228649371	385.973376434584	325.471075846608	341.383117902985	426.495484073521	378.830224046334	340.820828922145
PA14_RS22050	941.430211761069	966.795054661912	977.054269376453	799.728898216644	777.255926367017	802.957333529211	1014.19610647245	879.13318297709	869.940458353761
PA14_RS22055	20.6058596281493	26.2404086082962	18.7895051803164	4.96109738347794	13.1738292604579	12.1201106947805	26.0213018556761	31.912328656077	22.5958560611367
PA14_RS22060	51.5146490703731	48.3807533715461	42.7034208643555	61.5176075551265	56.5699727066723	38.3803505334717	46.9652765200008	47.3537780057917	77.2025082088836
PA14_RS22065	668.402571688091	873.313598994857	1165.8033895969	646.927098805524	955.490086949683	1001.92915076853	953.268180176233	1346.49438329512	1491.32650003502
PA14_RS22070	96.5899670069496	141.042196269592	137.505015183225	100.214167146254	123.988981274898	134.331226867151	122.490518491353	101.913565708117	137.458124371915
PA14_RS22075	94.014234553431	82.0012769009256	104.196346909027	100.214167146254	67.4190085682258	85.8507840880288	46.3306106210819	73.0895269219829	101.681352275115
PA14_RS22080	23.1815920816679	15.5802426111759	16.2272999284551	9.92219476695589	11.6239669945217	22.220202940431	19.6746428664868	22.6474590462482	16.9468920458525
PA14_RS22085	95.3021007801903	157.442451649777	114.445167916473	105.175264529732	158.085951125495	125.241143846066	143.434493155678	112.207865274593	120.511232326062
PA14_RS22090	29.6209232154645	64.7810087517312	57.2225839582363	49.6109738347794	78.2680444297794	36.3603320843416	55.2159332059469	65.8835172254493	43.3087241171786
PA14_RS22095	110.756495501302	123.821928120398	99.0719364053047	88.3075334259074	76.7181821638432	92.9208486599842	74.2559101735148	80.2955366185164	18.8298800509472
PA14_RS22100	258.861111578625	184.502873027083	129.818399427641	132.957409877209	140.262535067228	124.231134621501	104.719873321623	106.031285534708	86.6174482343572
PA14_RS22105	485.525567488267	452.647048493109	404.82842979409	450.467642419797	384.365841952184	355.523247046896	331.295599235681	326.329296257304	295.629116799871
PA14_RS22110	292.345633474367	313.244877761536	289.52919346033	253.015966557375	250.302755948701	226.24206630257	240.538375690274	221.327440679244	256.086368692882
PA14_RS22115	334.845218957425	241.083754088721	227.182198998371	206.381651152682	159.635813391431	192.911761891924	152.954481639462	165.738223020271	161.936968438146
PA14_RS22120	731.508016799298	707.671019654988	634.572834044322	662.802610432653	668.765567751482	739.326752381613	528.676693799469	490.008659364279	514.055725390859
PA14_RS22125	1197.71559088618	1439.94242238025	1491.20345658329	1275.00202755383	1272.43692033364	1489.76360623344	1431.80626796111	1456.64338865642	1527.10327213182
PA14_RS22130	936.278746854032	1040.59620387275	1099.18605304851	745.156826998387	827.626450009945	783.767158262475	859.97229303515	845.161994407717	918.898146486224
PA14_RS22135	251.133914218069	362.445643902091	255.366456768846	224.241601733203	211.556199300295	276.742527530822	182.783778888652	268.681218685036	305.044056825345
PA14_RS22140	500.979962209379	651.910151362358	668.735570735807	480.234226720665	517.6539968227	475.714344770136	613.721924254605	659.864602211141	691.056597869763
PA14_RS22145	298.784964608164	389.506065279396	399.704019290367	377.043401144324	361.117907963141	469.654289422746	462.036774412981	509.567828540585	544.183533472375
PA14_RS22150	699.311361130315	669.130419511553	642.259449799906	533.814078462227	597.471903518415	645.395894497064	661.321866673525	689.718070953923	815.333806206015
PA14_RS22155	230.52805458992	224.683498708536	214.371172739064	246.070430220506	221.63030402888	205.031872586704	331.295599235681	338.682455737076	359.650708973092
PA14_RS22160	96.5899670069496	93.4814556670551	93.947525901582	161.731774701381	115.464738812249	137.361254540846	146.607822650273	114.266725187889	73.4365321986942
PA14_RS22165	48.9389166168545	66.4210342897497	33.3086682741973	66.4787049386044	66.6440774352577	72.7206641686833	52.6772696102712	49.412637919087	64.0215921732205
PA14_RS22170	172.57407438575	182.042834720055	198.997941227897	301.634720915459	206.906612502486	328.25299798364	377.626209856763	361.329914783324	448.151145212544
PA14_RS22175	278.179104980015	190.242962410147	256.220525186133	268.891478184505	260.376860677286	233.312130874525	306.543629177843	347.947325346904	337.054852911955
PA14_RS22180	30.9087894422239	27.0604213773054	27.3301893531875	29.7665843008677	37.9716255154375	24.2402213895611	41.8879493286494	30.8828986994294	26.3618320713261
PA14_RS22185	6.43933113379664	14.7602298421666	16.2272999284551	31.7510232542588	20.9231405901391	10.1000922456505	16.5013133718922	28.8240387861341	3.76597601018944
PA14_RS22190	18.0301271746306	14.7602298421666	8.54068417287109	9.92219476695589	13.1738292604579	12.1201106947805	10.7893202816218	11.3237295231241	22.5958560611367
PA14_RS22195	6.43933113379664	4.92007661405553	15.373231511168	3.96887790678235	7.74931132968113	10.1000922456505	3.80799539351358	13.3825894364194	7.53195202037889
PA14_RS22200	0	1.64002553801851	0	0	1.54986226593623	0	0.63466589891893	0	0
PA14_RS22205	1.28786622675933	7.3801149210833	8.54068417287109	1.98443895339118	7.74931132968113	3.03002767369514	1.90399769675679	3.08828986994294	0
PA14_RS22210	6.43933113379664	8.20012769009256	10.2488210074453	18.8521700572162	9.29917359561736	4.04003689826018	7.61599078702716	11.3237295231241	13.1809160356631
PA14_RS22215	292.345633474367	247.643856240795	214.371172739064	157.762896794599	187.533334178283	231.292112425395	201.82375585622	172.944232716805	146.873064397388
PA14_RS22220	68.2569100182444	68.0610598277682	38.4330787779199	57.5487296483441	61.2195595044809	71.7106549441182	54.581267307028	57.6480775722682	56.4896401528417
PA14_RS22225	6.43933113379664	14.7602298421666	11.9569578420195	4.96109738347794	6.97438019671302	4.04003689826018	17.1359792708111	11.3237295231241	3.76597601018944
PA14_RS22230	41.2117192562985	22.9603575322592	13.6650946765938	16.867731103825	9.29917359561736	11.1101014702155	11.4239861805407	13.3825894364194	41.4257361120839
PA14_RS22235	11.590796040834	13.9402170731573	22.2057788494648	2.97665843008677	13.1738292604579	9.09008302108541	13.9626497762165	20.5885991329529	26.3618320713261
PA14_RS22240	14.1665284943526	41.820651219472	63.2010628792461	27.7821453474765	37.9716255154375	30.3002767369514	64.7359216897309	50.4420678757347	26.3618320713261
PA14_RS22245	33.4845218957425	22.9603575322592	30.7464630223359	28.7743648241721	27.8975207868521	19.1901752667359	23.4826382600004	39.1183383526105	33.893784091705
PA14_RS22250	21.8937258549086	14.7602298421666	35.0168051087715	14.8832921504338	26.3476585209158	11.1101014702155	27.9252995524329	11.3237295231241	20.7128680560419
PA14_RS22255	12.8786622675933	34.4405362983887	16.2272999284551	17.8599505805206	24.7977962549796	6.06005534739027	13.9626497762165	23.6768890028959	33.893784091705
PA14_RS22260	30.9087894422239	21.3203319942406	35.8708735260586	15.8755116271294	24.0228651220115	17.1701568176058	27.9252995524329	42.2066282225535	11.2979280305683
PA14_RS22265	11.590796040834	16.4002553801851	6.83254733829688	15.8755116271294	15.4986226593623	11.1101014702155	25.3866359567572	7.20600969653352	0
PA14_RS22270	11.590796040834	16.4002553801851	17.0813683457422	16.867731103825	14.7236915263941	8.08007379652036	14.5973156751354	6.17657973988588	15.0639040407578
PA14_RS22275	2.57573245351866	0.820012769009256	1.70813683457422	0	3.09972453187245	0	0.63466589891893	1.02942995664765	0
PA14_RS22280	0	2.46003830702777	5.12441050372266	0.992219476695589	9.29917359561736	3.03002767369514	3.80799539351358	7.20600969653352	1.88298800509472
PA14_RS22285	1.28786622675933	18.0402809182036	6.83254733829688	7.93775581356471	13.948760393426	9.09008302108541	15.8666474729732	19.5591691763053	5.64896401528417
PA14_RS22290	10.3029298140746	19.6803064562221	19.6435735976035	21.8288284873029	37.9716255154375	49.4904520036872	14.5973156751354	12.3531594797718	15.0639040407578
PA14_RS22295	74.696241152041	51.6608044475831	56.3685155409492	33.73546220765	51.9203859088636	38.3803505334717	47.5999424189197	50.4420678757347	45.1917121222733
PA14_RS22300	51.5146490703731	47.5607406025368	39.287147195207	25.7977063940853	28.6724519198202	34.3403136352115	32.3679608448654	21.6180290896006	26.3618320713261
PA14_RS22305	3.86359868027798	4.10006384504628	5.12441050372266	7.93775581356471	2.32479339890434	3.03002767369514	8.88532258486502	4.11771982659058	0
PA14_RS22310	23.1815920816679	34.4405362983887	32.4545998569102	31.7510232542588	34.096969850597	43.4303966562969	23.4826382600004	24.7063189595435	28.2448200764208
PA14_RS22315	64.3933113379664	33.6205235293795	64.9091997138203	45.6420959279971	40.2964189143419	33.3303044106465	51.4079378124333	54.5597877023252	28.2448200764208
PA14_RS22320	202.194997601215	214.843345480425	169.959615040135	159.74733574799	124.763912407866	143.421309888236	110.431866411894	132.796464407546	143.107088387199
PA14_RS22325	292.345633474367	224.683498708536	249.387977847836	210.350529059465	196.057576640933	236.342158548221	194.842430968112	171.914802760157	224.075572606272
PA14_RS22330	567.949006000864	535.468338163044	276.718167201023	625.098270318221	383.590910819216	478.744372443831	333.834262831357	253.239769335321	308.810032835534
PA14_RS30865	195.755666467418	257.484009468906	183.624709716729	199.436114815813	161.185675657368	169.681549726928	142.16516135784	163.679363106976	163.819956443241
PA14_RS22340	21.8937258549086	35.260549067398	25.6220525186133	14.8832921504338	36.4217632495013	21.210193715866	24.1173041589193	40.1477683092582	7.53195202037889
PA14_RS22345	28.3330569887052	36.0805618364072	43.5574892816426	44.6498764513015	33.3220387176289	17.1701568176058	33.0026267437844	33.9711885693723	7.53195202037889
PA14_RS22350	30.9087894422239	22.1403447632499	29.8923946050488	18.8521700572162	37.1966943824694	33.3303044106465	26.6559677545951	38.0889083959629	11.2979280305683
PA14_RS22355	65.6811775647257	62.3209704447034	59.7847892100977	73.4242412754736	48.045730244023	41.4103782071669	46.9652765200008	40.1477683092582	50.8406761375575
PA14_RS22360	36.0602543492612	57.4008938306479	50.3900366199395	46.6343154046927	46.4958679780868	44.440405880862	41.2532834297304	30.8828986994294	43.3087241171786
PA14_RS22365	18.0301271746306	11.4801787661296	15.373231511168	0	16.2735537923304	6.06005534739027	4.44266129243251	8.23543965318117	15.0639040407578
PA14_RS22370	60.5297126576884	89.3813918220089	94.8015943188691	56.5565101716486	72.0685953660345	40.4003689826018	65.3705875886498	53.5303577456776	56.4896401528417
PA14_RS22375	45.0753179365765	44.2806895264998	65.7632681311074	17.8599505805206	14.7236915263941	22.220202940431	41.8879493286494	29.8534687427817	30.1278080815155
PA14_RS31720	27.0451907619459	54.9408555236201	47.8278313680781	33.73546220765	20.9231405901391	38.3803505334717	62.1972580940551	58.6775075289158	30.1278080815155
PA14_RS22385	23.1815920816679	28.7004469153239	37.5790103606328	12.8988531970427	17.8234160582666	34.3403136352115	33.0026267437844	66.912947182097	45.1917121222733
PA14_RS22390	2.57573245351866	15.5802426111759	17.0813683457422	6.94553633686912	12.3988981274898	10.1000922456505	8.25065668594609	13.3825894364194	24.4788440662314
PA14_RS22395	16.7422609478713	14.7602298421666	27.3301893531875	13.8910726737382	6.1994490637449	5.05004612282523	15.2319815740543	21.6180290896006	5.64896401528417
PA14_RS22400	2.57573245351866	11.4801787661296	11.9569578420195	21.8288284873029	17.0484849252985	24.2402213895611	19.6746428664868	14.412019393067	5.64896401528417
PA14_RS22405	6.43933113379664	13.1202043041481	3.41627366914844	3.96887790678235	4.64958679780868	0	6.3466589891893	2.05885991329529	5.64896401528417
PA14_RS22410	3.86359868027798	0	0.854068417287109	0	0.774931132968113	4.04003689826018	5.71199309027037	12.3531594797718	7.53195202037889
PA14_RS22415	2.57573245351866	1.64002553801851	0.854068417287109	14.8832921504338	5.42451793077679	2.02001844913009	7.61599078702716	3.08828986994294	1.88298800509472
PA14_RS22420	5.15146490703731	0.820012769009256	0.854068417287109	0.992219476695589	0	5.05004612282523	2.53866359567572	0	0
PA14_RS22425	273.027640072978	326.365082065684	327.96227223825	376.051181667628	331.670524910352	303.002767369514	349.70091030433	313.976136777532	274.916248743829
PA14_RS22430	75.9841073788004	81.1812641319163	69.1795418002559	27.7821453474765	48.8206613769911	41.4103782071669	33.0026267437844	50.4420678757347	30.1278080815155
PA14_RS22440	280.754837433534	237.803703012684	214.371172739064	116.089678773384	153.436364327686	150.491374460192	133.914504671894	162.649933150328	154.405016417767
PA14_RS31595	190.604201560381	174.662719798971	186.18691496859	115.097459296688	127.088705806771	136.351245316281	77.4292396681094	101.913565708117	128.043184346441
PA14_RS22450	12.8786622675933	17.2202681491944	24.7679841013262	15.8755116271294	8.52424246264924	16.1601475930407	30.4639631481086	22.6474590462482	15.0639040407578
PA14_RS22455	6.43933113379664	9.02014045910181	11.9569578420195	17.8599505805206	11.6239669945217	23.230212164996	12.6933179783786	25.7357489161911	33.893784091705
PA14_RS22460	189.316335333621	142.68222180761	147.75383619067	96.2452892394721	122.439119008962	108.07098702846	128.837177480543	105.00185557806	97.9153762649255
PA14_RS22465	19.3179934013899	12.3001915351388	11.1028894247324	14.8832921504338	11.6239669945217	24.2402213895611	10.1546543827029	16.4708793063623	5.64896401528417
PA14_RS22470	2.57573245351866	0.820012769009256	5.12441050372266	0	7.74931132968113	6.06005534739027	2.53866359567572	1.02942995664765	3.76597601018944
PA14_RS22475	2.57573245351866	1.64002553801851	7.68661575558399	4.96109738347794	0	0	0.63466589891893	4.11771982659058	0
PA14_RS22480	21.8937258549086	50.0207789095646	57.2225839582363	34.7276816843456	25.5727273879477	23.230212164996	22.2133064621625	12.3531594797718	47.074700127368
PA14_RS22485	6.43933113379664	17.2202681491944	21.3517104321777	6.94553633686912	11.6239669945217	9.09008302108541	15.2319815740543	19.5591691763053	1.88298800509472
PA14_RS22490	103.029298140746	92.6614428980459	99.0719364053047	124.027434586949	120.889256743026	96.9608855582444	147.242488549192	123.531594797718	133.692148361725
PA14_RS22495	314.239359329276	298.484647919369	368.103487850744	356.206792133716	358.018183431268	353.503228597766	383.338202947034	362.359344739971	301.278080815155
PA14_RS22500	47.6510503900951	77.9012130558793	80.2824312249883	100.214167146254	84.4674934935243	117.161070049545	85.0452304551366	107.060715491355	124.277208336252
PA14_RS22505	56.6661139774104	28.7004469153239	50.3900366199395	30.7588037775632	52.6953170418317	22.220202940431	54.581267307028	22.6474590462482	26.3618320713261
PA14_RS22510	27.0451907619459	27.8804341463147	24.7679841013262	2.97665843008677	17.8234160582666	1.01000922456505	9.51998848378395	9.26486960982881	28.2448200764208
PA14_RS22515	27.0451907619459	15.5802426111759	10.2488210074453	19.8443895339118	20.9231405901391	23.230212164996	19.0399769675679	23.6768890028959	13.1809160356631
PA14_RS22520	2.57573245351866	6.56010215207404	11.1028894247324	5.95331686017353	3.87465566484057	6.06005534739027	3.17332949459465	8.23543965318117	0
PA14_RS22525	3.86359868027798	2.46003830702777	0	1.98443895339118	3.87465566484057	0	0	0	0
PA14_RS22530	3.86359868027798	0.820012769009256	1.70813683457422	0.992219476695589	5.42451793077679	4.04003689826018	1.26933179783786	4.11771982659058	16.9468920458525
PA14_RS22535	0	1.64002553801851	0.854068417287109	2.97665843008677	0	0	0	0	0
PA14_RS22540	3.86359868027798	0	0	0	0	0	0	1.02942995664765	0
PA14_RS22545	0	6.56010215207404	0	0	2.32479339890434	4.04003689826018	5.71199309027037	10.2942995664765	3.76597601018944
PA14_RS22550	0	0	1.70813683457422	2.97665843008677	2.32479339890434	0	3.17332949459465	2.05885991329529	0
PA14_RS22555	0	0	0	0	0	0	0	0	0
PA14_RS22560	1.28786622675933	2.46003830702777	5.12441050372266	5.95331686017353	3.87465566484057	12.1201106947805	4.44266129243251	7.20600969653352	15.0639040407578
PA14_RS22565	5.15146490703731	3.28005107603702	6.83254733829688	5.95331686017353	5.42451793077679	4.04003689826018	3.80799539351358	9.26486960982881	1.88298800509472
PA14_RS31790	0	9.02014045910181	0	6.94553633686912	1.54986226593623	1.01000922456505	6.98132488810823	2.05885991329529	0
PA14_RS22575	118.483692861858	71.3411109038052	62.346994461959	96.2452892394721	80.5928378286838	87.8708025371589	107.893202816218	127.649314624308	120.511232326062
PA14_RS22580	5.15146490703731	10.6601659971203	5.12441050372266	1.98443895339118	3.87465566484057	0	4.44266129243251	8.23543965318117	0
PA14_RS22585	10.3029298140746	4.92007661405553	0	0.992219476695589	0	2.02001844913009	5.07732719135144	5.14714978323823	0
PA14_RS22590	7.72719736055597	2.46003830702777	4.27034208643555	14.8832921504338	11.6239669945217	3.03002767369514	6.3466589891893	17.50030926301	15.0639040407578
PA14_RS22595	0	0	0	0	3.09972453187245	0	5.71199309027037	5.14714978323823	15.0639040407578
PA14_RS22600	0	0	0	0	2.32479339890434	0	0	0	0
PA14_RS22605	2.57573245351866	6.56010215207404	2.56220525186133	7.93775581356471	0.774931132968113	1.01000922456505	2.53866359567572	7.20600969653352	7.53195202037889
PA14_RS22610	0	1.64002553801851	0.854068417287109	0	0	0	3.80799539351358	1.02942995664765	7.53195202037889
PA14_RS22615	5.15146490703731	5.74008938306479	0	0.992219476695589	1.54986226593623	1.01000922456505	1.90399769675679	3.08828986994294	0
PA14_RS22620	2.57573245351866	3.28005107603702	0.854068417287109	2.97665843008677	4.64958679780868	5.05004612282523	0	1.02942995664765	0
PA14_RS22625	0	0.820012769009256	2.56220525186133	1.98443895339118	5.42451793077679	3.03002767369514	6.3466589891893	0	1.88298800509472
PA14_RS22630	0	0	0	0.992219476695589	0.774931132968113	4.04003689826018	0	0	0
PA14_RS22635	12.8786622675933	23.7803703012684	13.6650946765938	20.8366090106074	29.4473830527883	9.09008302108541	22.8479723610815	23.6768890028959	75.3195202037889
PA14_RS22640	3.86359868027798	8.20012769009256	7.68661575558399	8.9299752902603	3.87465566484057	7.07006457195532	6.98132488810823	14.412019393067	7.53195202037889
PA14_RS22645	1.28786622675933	2.46003830702777	0	0	0.774931132968113	4.04003689826018	0.63466589891893	2.05885991329529	0
PA14_RS22650	3.86359868027798	0	5.97847892100977	1.98443895339118	2.32479339890434	8.08007379652036	5.07732719135144	1.02942995664765	0
PA14_RS22655	5.15146490703731	2.46003830702777	1.70813683457422	3.96887790678235	10.8490358615536	5.05004612282523	4.44266129243251	4.11771982659058	13.1809160356631
PA14_RS22660	1.28786622675933	7.3801149210833	2.56220525186133	6.94553633686912	3.09972453187245	3.03002767369514	4.44266129243251	13.3825894364194	16.9468920458525
PA14_RS22665	7.72719736055597	7.3801149210833	1.70813683457422	143.87182412086	161.185675657368	155.541420583017	201.82375585622	177.061952543395	146.873064397388
PA14_RS22670	14.1665284943526	9.02014045910181	1.70813683457422	250.039308127288	204.581819103582	207.051891035834	241.807707488112	292.358107687931	207.128680560419
PA14_RS22675	32.1966556689832	19.6803064562221	16.2272999284551	319.49467149598	318.496695649894	324.21296108538	346.527580809736	401.477683092582	425.555289151407
PA14_RS22680	206.058596281492	200.903128407268	90.5312522324336	121.050776156862	105.390634083663	111.101014702155	65.3705875886498	57.6480775722682	67.78756818341
PA14_RS22685	173.861940612509	117.261825968324	107.612620578176	143.87182412086	114.689807679281	147.461346786497	180.245115292976	186.326822153224	261.735332708166
PA14_RS22690	0	0	0	0	0	0	0	0	0
PA14_RS22695	0	0	0	0	0	0	0	0	0
PA14_RS22700	1.28786622675933	6.56010215207404	7.68661575558399	2.97665843008677	2.32479339890434	1.01000922456505	9.51998848378395	4.11771982659058	7.53195202037889
PA14_RS22705	66.9690437914851	45.9207150645183	53.8063102890879	60.5253880784309	60.4446283715128	41.4103782071669	46.3306106210819	77.2072467485735	58.3726281579364
PA14_RS22710	84.9991709661157	99.2215450501199	116.153304751047	87.3153139492118	78.2680444297794	91.9108394354191	92.6612212421638	64.8540872688017	90.3834242445466
PA14_RS22715	45.0753179365765	58.2209065996571	47.8278313680781	34.7276816843456	51.9203859088636	49.4904520036872	59.6585944983794	47.3537780057917	24.4788440662314
PA14_RS22720	154.543947211119	139.402170731573	110.174825830037	133.949629353904	88.3421491583649	95.9508763336793	101.546543827029	94.7075560115834	96.0323882598308
PA14_RS22725	168.710475705472	139.402170731573	187.040983385877	164.708433131468	149.561708662846	104.0309501302	204.997085350814	193.532831849757	197.713740534946
PA14_RS22730	127.498756449173	91.8414301290366	103.34227849174	133.949629353904	154.986226593623	119.181088498675	182.149112989733	154.414493497147	90.3834242445466
PA14_RS22735	6.43933113379664	9.02014045910181	6.83254733829688	8.9299752902603	19.3732783242028	2.02001844913009	12.0586520794597	8.23543965318117	0
PA14_RS22740	10.3029298140746	11.4801787661296	11.1028894247324	14.8832921504338	12.3988981274898	3.03002767369514	12.6933179783786	5.14714978323823	16.9468920458525
PA14_RS22745	5.15146490703731	20.5003192252314	25.6220525186133	21.8288284873029	17.8234160582666	4.04003689826018	29.8292972491897	28.8240387861341	20.7128680560419
PA14_RS22750	226.664455909642	216.483371018443	168.251478205561	210.350529059465	206.906612502486	186.851706544533	173.263790404868	188.385682066519	231.607524626651
PA14_RS31455	139.089552490007	79.5412385938978	68.3254733829688	81.3619970890383	77.4931132968113	101.000922456505	81.237235061623	78.2366767052211	65.9045801783153
PA14_RS22760	573.100470907901	615.009576756942	860.046896208119	506.03193311475	661.0162564218	595.905442493377	690.516498023796	690.74750091057	734.365321986941
PA14_RS22765	3.86359868027798	23.7803703012684	24.7679841013262	19.8443895339118	17.0484849252985	20.2001844913009	13.3279838772975	19.5591691763053	13.1809160356631
PA14_RS22770	6.43933113379664	2.46003830702777	2.56220525186133	2.97665843008677	5.42451793077679	4.04003689826018	4.44266129243251	5.14714978323823	0
PA14_RS22775	20.6058596281493	11.4801787661296	8.54068417287109	12.8988531970427	11.6239669945217	15.1501383684757	18.405311068649	2.05885991329529	0
PA14_RS22780	86.287037192875	162.362528263833	155.440451946254	49.6109738347794	58.1198349726085	61.6105626984678	50.7732719135144	59.7069374855635	103.56434028021
PA14_RS22785	20.6058596281493	26.2404086082962	15.373231511168	6.94553633686912	4.64958679780868	8.08007379652036	10.1546543827029	6.17657973988588	5.64896401528417
PA14_RS22790	0	0	4.27034208643555	3.96887790678235	0.774931132968113	0	0	0	0
PA14_RS22795	1.28786622675933	11.4801787661296	8.54068417287109	0.992219476695589	4.64958679780868	2.02001844913009	0.63466589891893	4.11771982659058	9.41494002547361
PA14_RS22800	0	9.84015322811107	13.6650946765938	7.93775581356471	2.32479339890434	12.1201106947805	5.07732719135144	3.08828986994294	0
PA14_RS22805	3.86359868027798	8.20012769009256	18.7895051803164	0.992219476695589	4.64958679780868	7.07006457195532	3.17332949459465	1.02942995664765	0
PA14_RS22810	11.590796040834	18.8602936872129	16.2272999284551	1.98443895339118	4.64958679780868	9.09008302108541	4.44266129243251	2.05885991329529	0
PA14_RS22815	5.15146490703731	18.8602936872129	11.9569578420195	7.93775581356471	6.97438019671302	1.01000922456505	3.17332949459465	0	0
PA14_RS22820	5.15146490703731	13.1202043041481	17.9354367630293	2.97665843008677	5.42451793077679	5.05004612282523	11.4239861805407	9.26486960982881	7.53195202037889
PA14_RS22825	51.5146490703731	23.7803703012684	40.9952840297813	18.8521700572162	9.29917359561736	20.2001844913009	8.25065668594609	15.4414493497147	9.41494002547361
PA14_RS22830	333.557352730666	213.203319942406	156.294520363541	70.4475828453868	62.7694217704172	45.450415105427	33.0026267437844	46.3243480491441	28.2448200764208
PA14_RS22835	173.861940612509	199.263102869249	187.895051803164	78.3853386589515	113.139945413345	83.8307656388988	94.5652189389206	124.561024754365	129.926172351536
PA14_RS22840	95.3021007801903	109.061698278231	104.196346909027	90.2919723792986	73.6184576319707	119.181088498675	126.933179783786	155.443923453795	175.117884473809
PA14_RS22845	149.392482304082	119.721864275351	147.75383619067	125.019654063644	88.3421491583649	99.9909132319395	93.9305530400016	117.355015057832	126.160196341346
PA14_RS22850	350.299613678537	317.344941606582	367.249419433457	200.428334292509	213.106061566231	232.30212164996	238.634377993518	259.416349075207	222.192584601177
PA14_RS22855	33.4845218957425	68.8810725967775	76.0120891385527	59.5331686017353	43.3961434462143	40.4003689826018	56.4852650037848	59.7069374855635	43.3087241171786
PA14_RS22860	63.1054451112071	54.1208427546109	64.9091997138203	36.7121206377368	49.5955925099592	32.3202951860815	41.2532834297304	49.412637919087	67.78756818341
PA14_RS22865	115.90796040834	79.5412385938978	105.050415326314	57.5487296483441	51.9203859088636	74.7406826178133	54.581267307028	55.5892176589729	24.4788440662314
PA14_RS22870	79.8477060590783	50.8407916785738	50.3900366199395	58.5409491250397	53.4702481747998	39.3903597580368	27.290633653514	43.2360581792011	71.5535441935994
PA14_RS22875	323.254422916591	302.584711764415	397.141814038506	232.179357546768	234.02920215637	175.741605074318	251.962361870815	298.534687427817	273.033260738735
PA14_RS22880	1665.21103119981	1796.64797689928	1650.0601821987	672.724805199609	710.61184893176	812.047416550296	528.04202790055	500.302958930756	593.141221604837
PA14_RS22885	256.285379125106	232.883626398629	195.581667558748	318.502452019284	322.371351314735	319.162914962554	342.084919517303	391.183383526105	331.405888896671
PA14_RS22890	679.993367728925	724.071275035173	652.508270807352	910.85747960655	833.050967940722	909.008302108541	1264.88913654543	1245.61024754365	1045.05834282757
PA14_RS22895	137.801686263248	133.662081348509	96.5097311534434	179.591725281902	214.655923832167	139.381272989976	182.149112989733	177.061952543395	161.936968438146
PA14_RS22900	94.014234553431	102.501596126157	118.715510002908	125.019654063644	120.114325610058	58.5805350247726	114.874527704326	135.884754277489	111.096292300589
PA14_RS22905	202.194997601215	168.922630415907	186.18691496859	205.389431675987	161.960606790336	213.111946383225	212.613076137842	202.797701459586	293.746128794777
PA14_RS22910	159.695412118157	154.982413342749	119.569578420195	147.840702027643	126.313774673802	94.9408671091143	123.125184390272	159.561643280385	129.926172351536
PA14_RS22915	75.9841073788004	67.241047058759	81.1364996422754	111.128581389906	73.6184576319707	55.5505073510775	81.237235061623	87.5015463150499	56.4896401528417
PA14_RS22920	155.831813437879	110.701723816249	120.423646837482	146.848482550947	126.313774673802	69.6906364949881	94.5652189389206	88.5309762716976	146.873064397388
PA14_RS22925	159.695412118157	159.082477187796	157.148588780828	237.140454930246	266.576309741031	287.852629001038	336.372926427033	330.447016083894	402.95943309027
PA14_RS22930	112.044361728062	132.02205581049	111.882962664611	197.451675862422	141.812397333165	195.941789565619	226.575725914058	196.6211217197	173.234896468714
PA14_RS22935	47.6510503900951	54.9408555236201	65.7632681311074	29.7665843008677	40.2964189143419	51.5104704528173	41.2532834297304	58.6775075289158	37.6597601018944
PA14_RS22940	63.1054451112071	31.980497991361	34.1627366914844	25.7977063940853	24.7977962549796	19.1901752667359	31.0986290470276	42.2066282225535	37.6597601018944
PA14_RS22945	83.7113047393563	35.260549067398	40.1412156124941	57.5487296483441	58.1198349726085	38.3803505334717	59.6585944983794	66.912947182097	41.4257361120839
PA14_RS22950	558.933942413548	477.247431563387	475.71610842892	546.712931659269	530.052894950189	568.63519343012	750.809758421094	653.688022471255	775.791058099025
PA14_RS22955	64.3933113379664	58.2209065996571	62.346994461959	48.6187543580838	55.7950415737041	72.7206641686833	54.581267307028	40.1477683092582	45.1917121222733
PA14_RS22960	72.1205086985224	51.6608044475831	57.2225839582363	119.066337203471	72.8435264990026	88.880811761724	69.1785829821634	57.6480775722682	84.7344602292625
PA14_RS22965	190.604201560381	156.622438880768	179.354367630293	293.696965101894	217.75564836404	255.532333814956	252.597027769734	234.710030115663	192.064776519662
PA14_RS22970	579.539802041698	579.749027689544	545.749718646463	512.977469451619	534.702481747998	556.51508273534	464.575438008657	510.597258497232	643.981897742395
PA14_RS22975	77.2719736055597	59.8609321376757	81.1364996422754	44.6498764513015	49.5955925099592	64.6405903721629	69.1785829821634	72.0600969653352	62.1386041681258
PA14_RS22980	19.3179934013899	21.3203319942406	12.8110262593066	24.8054869173897	20.1482094571709	20.2001844913009	25.3866359567572	29.8534687427817	35.7767720967997
PA14_RS22985	47.6510503900951	28.7004469153239	42.7034208643555	54.5720712182574	44.9460057121506	42.4203874317319	54.581267307028	51.4714978323823	50.8406761375575
PA14_RS22990	3.86359868027798	9.84015322811107	18.7895051803164	6.94553633686912	21.6980717231072	11.1101014702155	5.71199309027037	11.3237295231241	3.76597601018944
PA14_RS22995	30.9087894422239	91.8414301290366	72.5958154694043	35.7199011610412	56.5699727066723	59.5905442493377	36.8106221372979	45.2949180924964	64.0215921732205
PA14_RS23000	27.0451907619459	54.9408555236201	45.2656261162168	65.4864854619089	60.4446283715128	80.8007379652036	43.1572811264872	70.0012370520399	26.3618320713261
PA14_RS23005	86.287037192875	68.0610598277682	93.947525901582	92.2764113326897	104.615702950695	131.301199193456	136.45316826757	106.031285534708	180.766848489093
PA14_RS23010	7.72719736055597	5.74008938306479	5.12441050372266	9.92219476695589	6.97438019671302	12.1201106947805	5.07732719135144	11.3237295231241	9.41494002547361
PA14_RS23015	28.3330569887052	5.74008938306479	9.3947525901582	12.8988531970427	10.8490358615536	8.08007379652036	11.4239861805407	9.26486960982881	9.41494002547361
PA14_RS23020	1.28786622675933	0	2.56220525186133	16.867731103825	8.52424246264924	2.02001844913009	3.80799539351358	4.11771982659058	0
PA14_RS23025	10.3029298140746	17.2202681491944	7.68661575558399	19.8443895339118	12.3988981274898	13.1301199193456	17.1359792708111	8.23543965318117	1.88298800509472
PA14_RS23030	33.4845218957425	28.7004469153239	28.1842577704746	23.8132674406941	41.07135004731	26.2602398386912	41.2532834297304	31.912328656077	39.5427481069892
PA14_RS23035	12.8786622675933	1.64002553801851	0.854068417287109	2.97665843008677	3.87465566484057	1.01000922456505	3.17332949459465	1.02942995664765	0
PA14_RS23040	119.771559088618	65.6010215207404	78.5742943904141	49.6109738347794	65.0942151693215	48.4804427791222	69.8132488810823	56.6186476156205	9.41494002547361
PA14_RS23045	126.210890222414	59.8609321376757	60.6388576273848	59.5331686017353	52.6953170418317	53.5304889019474	81.237235061623	108.090145448003	148.756052402483
PA14_RS23050	66.9690437914851	49.2007661405553	61.4929260446719	51.5954127881706	47.2707991110549	34.3403136352115	64.7359216897309	50.4420678757347	77.2025082088836
PA14_RS23055	1.28786622675933	0	0.854068417287109	0.992219476695589	1.54986226593623	9.09008302108541	5.07732719135144	6.17657973988588	0
PA14_RS23060	0	0.820012769009256	0.854068417287109	0.992219476695589	0	0	1.90399769675679	0	0
PA14_RS23065	321.966556689832	214.023332711416	237.431020005816	251.031527603984	281.300001267425	266.642435285172	342.084919517303	378.830224046334	331.405888896671
PA14_RS23070	61.8175788844477	50.8407916785738	40.1412156124941	51.5954127881706	48.8206613769911	47.4704335545571	67.9092511843255	49.412637919087	54.6066521477469
PA14_RS23075	10.3029298140746	13.9402170731573	15.373231511168	15.8755116271294	15.4986226593623	8.08007379652036	13.3279838772975	21.6180290896006	18.8298800509472
PA14_RS23080	15.4543947211119	18.0402809182036	8.54068417287109	22.8210479639985	32.5471075846608	39.3903597580368	50.1386060145955	42.2066282225535	35.7767720967997
PA14_RS23085	28.3330569887052	45.1007022955091	81.1364996422754	66.4787049386044	95.3165293550779	94.9408671091143	130.7411751773	173.973662673452	101.681352275115
PA14_RS23090	16.7422609478713	9.84015322811107	6.83254733829688	0.992219476695589	0	3.03002767369514	4.44266129243251	3.08828986994294	0
PA14_RS23095	113.332227954821	60.6809449066849	90.5312522324336	57.5487296483441	48.8206613769911	36.3603320843416	62.8319239929741	67.9423771387446	24.4788440662314
PA14_RS23100	11.590796040834	33.6205235293795	31.6005314396231	20.8366090106074	26.3476585209158	24.2402213895611	40.6186175308115	31.912328656077	30.1278080815155
PA14_RS23105	261.436844032144	205.003192252314	324.545998569102	298.658062485372	272.000827671808	337.343081004725	416.340829690818	388.095093656163	329.522900891576
PA14_RS23110	0	0	0.854068417287109	3.96887790678235	0.774931132968113	1.01000922456505	5.07732719135144	0	3.76597601018944
PA14_RS23115	42.4995854830578	40.1806256814535	34.1627366914844	66.4787049386044	53.4702481747998	33.3303044106465	41.2532834297304	38.0889083959629	22.5958560611367
PA14_RS23120	5.15146490703731	0	13.6650946765938	6.94553633686912	12.3988981274898	19.1901752667359	10.7893202816218	18.5297392196576	20.7128680560419
PA14_RS23125	12.8786622675933	17.2202681491944	15.373231511168	21.8288284873029	14.7236915263941	2.02001844913009	16.5013133718922	9.26486960982881	56.4896401528417
PA14_RS23130	7.72719736055597	4.92007661405553	6.83254733829688	8.9299752902603	3.87465566484057	4.04003689826018	5.71199309027037	0	0
PA14_RS23135	5.15146490703731	4.92007661405553	4.27034208643555	14.8832921504338	9.29917359561736	12.1201106947805	6.98132488810823	8.23543965318117	0
PA14_RS23140	1249.23023995655	1234.93923012794	1500.59820917345	1509.16582405399	1724.22177085405	1882.65719458924	2333.66651032491	2350.18859102658	2259.58560611367
PA14_RS23145	141.665284943526	116.441813199314	134.942809931363	164.708433131468	156.536088859559	137.361254540846	169.455795011354	200.738841546291	250.437404677598
PA14_RS23150	32.1966556689832	23.7803703012684	26.4761209359004	25.7977063940853	31.7721764516926	29.2902675123863	46.9652765200008	20.5885991329529	60.2556161630311
PA14_RS23155	24.4694583084272	35.260549067398	45.2656261162168	28.7743648241721	34.8719009835651	33.3303044106465	42.5226152275683	38.0889083959629	26.3618320713261
PA14_RS23160	186.740602880103	195.983051793212	215.225241156352	111.128581389906	127.088705806771	141.401291439106	215.151739733517	189.415112023167	114.862268310778
PA14_RS23165	37.3481205760205	52.4808172165924	39.287147195207	55.564290694953	55.7950415737041	59.5905442493377	43.7919470254062	44.2654881358488	54.6066521477469
PA14_RS23170	51.5146490703731	41.0006384504628	46.973762950791	49.6109738347794	41.07135004731	34.3403136352115	48.2346083178387	64.8540872688017	97.9153762649255
PA14_RS23175	51.5146490703731	83.6413024389441	59.7847892100977	67.4709244153	58.1198349726085	44.440405880862	68.5439170832444	42.2066282225535	41.4257361120839
PA14_RS23180	142.953151170285	141.042196269592	173.375888709283	116.089678773384	151.88650206175	153.521402133887	151.685149841624	188.385682066519	118.628244320967
PA14_RS23185	200.907131374455	149.242323959685	207.538625400768	153.794018887816	139.48760393426	123.221125396936	131.375841076219	143.090763974023	182.649836494188
PA14_RS23190	195.755666467418	117.261825968324	156.294520363541	131.965190400513	161.185675657368	142.411300663671	155.493145235138	191.473971936462	143.107088387199
PA14_RS23195	57.9539802041698	46.7407278335276	17.0813683457422	68.4631438919956	61.2195595044809	70.7006457195532	26.0213018556761	49.412637919087	35.7767720967997
PA14_RS23200	104.317164367506	140.222183500583	122.131783672057	113.113020343297	126.313774673802	145.441328337367	128.202511581624	98.825275838174	129.926172351536
PA14_RS23205	222.800857229364	310.784839454508	254.512388351559	256.984844464157	279.750139001489	278.762545979953	219.59440102595	177.061952543395	178.883860483999
PA14_RS23210	51.5146490703731	69.7010853657867	62.346994461959	62.5098270318221	56.5699727066723	52.5204796773824	64.7359216897309	60.7363674422111	65.9045801783153
PA14_RS23215	112.044361728062	136.122119655536	78.5742943904141	84.338655519125	95.3165293550779	98.9809040073744	81.871900960542	98.825275838174	47.074700127368
PA14_RS23220	3.86359868027798	4.10006384504628	1.70813683457422	4.96109738347794	5.42451793077679	5.05004612282523	6.98132488810823	6.17657973988588	13.1809160356631
PA14_RS23225	12.8786622675933	27.8804341463147	18.7895051803164	22.8210479639985	14.7236915263941	37.3703413089067	31.7332949459465	21.6180290896006	54.6066521477469
PA14_RS23230	127.498756449173	114.801787661296	117.861441585621	116.089678773384	131.738292604579	119.181088498675	118.68252309784	134.855324320842	137.458124371915
PA14_RS23235	43.7874517098172	16.4002553801851	25.6220525186133	29.7665843008677	24.7977962549796	36.3603320843416	25.3866359567572	39.1183383526105	22.5958560611367
PA14_RS23240	4100.5660660017	4367.3880077433	5434.43733919788	6098.18090377109	6954.23198725585	6404.46849296695	10539.8965833467	11076.6663335287	12570.8279220124
PA14_RS23245	717.341488304946	805.252539167089	878.836401388436	963.445111871417	1220.51653442478	1101.92006400046	1566.99010443084	1677.97082933566	1875.45605307434
PA14_RS23250	212.497927415289	238.623715781693	314.297177561656	271.868136614591	342.519560771906	341.383117902985	443.631463344332	491.038089320927	466.981025263491
PA14_RS23255	42.4995854830578	72.9811364418238	109.32075741275	70.4475828453868	89.8920114243011	56.5605165756425	90.757223545407	98.825275838174	77.2025082088836
PA14_RS23260	160.983278344916	135.302106886527	187.040983385877	141.887385167469	134.838017136452	136.351245316281	126.933179783786	171.914802760157	154.405016417767
PA14_RS23265	128.786622675933	174.662719798971	135.79687834865	118.074117726775	141.037466200197	133.321217642586	138.357165964327	115.296155144536	88.5004362394519
PA14_RS23270	51.5146490703731	71.3411109038052	60.6388576273848	55.564290694953	34.096969850597	63.6305811475979	62.1972580940551	52.5009277890299	47.074700127368
PA14_RS23275	24.4694583084272	28.7004469153239	16.2272999284551	19.8443895339118	13.948760393426	46.4604243299921	26.0213018556761	47.3537780057917	33.893784091705
PA14_RS23280	229.24018836316	246.823843471786	356.146530008725	289.728087195112	258.82699841135	281.792573653648	288.138318109194	332.50587599719	397.310469074986
PA14_RS23285	261.436844032144	273.064252080082	198.997941227897	316.518013065893	339.419836240034	370.673385415372	365.567557777304	274.857798424921	314.458996850819
PA14_RS23290	222.800857229364	196.803064562221	212.66303590449	283.774770334938	279.750139001489	311.082841166034	384.607534744872	311.917276864237	316.341984855913
PA14_RS23295	59.2418464309291	36.0805618364072	49.5359682026523	46.6343154046927	62.7694217704172	70.7006457195532	64.1012557908119	63.8246573121541	96.0323882598308
PA14_RS23300	30.9087894422239	40.1806256814535	25.6220525186133	28.7743648241721	44.9460057121506	42.4203874317319	33.6372926427033	44.2654881358488	20.7128680560419
PA14_RS23305	88.8627696463936	102.501596126157	74.3039523039785	99.2219476695589	77.4931132968113	88.880811761724	71.0825806789202	73.0895269219829	71.5535441935994
PA14_RS23310	36.0602543492612	37.7205873744258	50.3900366199395	20.8366090106074	18.5983471912347	41.4103782071669	19.6746428664868	24.7063189595435	30.1278080815155
PA14_RS23315	176.437673066028	183.682860258073	138.359083600512	188.521700572162	174.359504917825	145.441328337367	144.703824953516	155.443923453795	169.468920458525
PA14_RS23320	119.771559088618	136.122119655536	121.27771525477	127.996312493731	113.139945413345	120.19109772324	107.258536917299	84.413256445107	73.4365321986942
PA14_RS23325	374.769071986964	392.786116355433	402.266224542229	296.673623531981	326.246006979576	308.052813492339	306.543629177843	285.152097991398	273.033260738735
PA14_RS23330	2386.41611818503	2556.79981377086	2686.04517236796	2443.83657110123	2715.35868992027	2722.98486942736	3111.13223650059	3138.73193781867	2986.41897608023
PA14_RS23335	458.480376726321	538.748389239081	598.701960518264	547.705151135965	398.31460234561	422.183855868189	440.458133849737	452.949180924964	482.044929304249
PA14_RS23340	179.013405519547	111.521736585259	94.8015943188691	223.249382256507	210.781268167327	218.16199250605	233.557050802166	168.826512890214	175.117884473809
PA14_RS23345	6615.76880686267	6621.60310974974	5317.42996602954	6464.30989067176	6176.97606088883	7014.51406460424	5552.0572837428	4980.38213026131	5430.53740669318
PA14_RS23350	1320.06288242831	1210.33884705766	1378.46642550139	471.304251430405	546.32644874252	568.63519343012	422.687488680007	491.038089320927	563.013413523322
PA14_RS23355	655.523909420498	563.348772309359	667.027433901232	282.782550858243	254.177411613541	306.032795043209	237.999712094599	197.650551676348	242.905452657219
PA14_RS23360	252.421780444828	265.684137158999	244.263567344113	119.066337203471	114.689807679281	105.040959354765	71.7172465778391	126.61988466766	141.224100382104
PA14_RS23365	346.436014998259	301.764698995406	266.469346193578	131.965190400513	179.009091715634	124.231134621501	98.3732143324341	84.413256445107	131.809160356631
PA14_RS23370	618.175788844477	515.788031706822	678.984391743252	276.829233998069	291.374105996011	309.062822716904	231.653053105409	293.387537644579	237.256488641935
PA14_RS23375	345.1481487715	280.444367001165	293.799535546766	144.864043597556	141.037466200197	125.241143846066	135.183836469732	154.414493497147	152.522028412672
PA14_RS23380	315.527225556035	285.364443615221	375.790103606328	178.599505805206	201.482094571709	210.081918709529	116.143859502164	166.767652976919	94.1494002547361
PA14_RS23385	547.343146372714	523.988159396914	573.933976416938	206.381651152682	222.405235161848	281.792573653648	195.47709686703	241.916039812197	224.075572606272
PA14_RS23390	377.344804440483	467.407278335276	485.110861019078	221.264943303116	213.880992699199	231.292112425395	215.786405632436	200.738841546291	195.830752529851
PA14_RS23395	500.979962209379	573.18892553747	515.003255624127	366.128986900672	340.194767373002	344.41314557668	300.831636087573	202.797701459586	267.38429672345
PA14_RS23400	443.025982005209	459.207150645183	538.063102890879	250.039308127288	256.502205012445	254.522324590391	189.76510377676	260.445779031854	227.841548616461
PA14_RS23405	754.689608880966	715.051134576071	703.752375844578	436.576569746059	414.588156137941	360.573293169721	392.858191430818	382.947943872924	442.50218119726
PA14_RS23410	7.72719736055597	8.20012769009256	17.0813683457422	11.9066337203471	7.74931132968113	6.06005534739027	3.17332949459465	3.08828986994294	5.64896401528417
PA14_RS23415	409.541460109466	409.186371735619	457.780671665891	359.183450563803	333.995318309257	269.672462958867	335.738260528114	262.50463894515	269.267284728545
PA14_RS23420	423.707988603819	364.905682209119	321.129724899953	267.899258707809	325.471075846608	243.412223120176	273.541002434059	219.268580765949	186.415812504377
PA14_RS29940	164827.559031793	116823.939149673	86319.8408667909	208340.29239968	181518.318724185	186808.276147877	171288.710127432	135444.158256044	138510.714666763
PA14_RS23425	66.9690437914851	81.1812641319163	67.4714049656816	104.183045053037	93.7666670891417	109.080996253025	118.047857198921	115.296155144536	112.979280305683
PA14_RS23430	352.875346132056	399.346218507507	408.244703463238	469.319812477013	515.329203423795	493.894510812307	626.415242232984	625.893413641769	657.162813778058
PA14_RS23435	57.9539802041698	56.5808810616386	46.1196945335039	59.5331686017353	40.2964189143419	22.220202940431	52.6772696102712	71.0306670086876	52.7236641426522
PA14_RS23440	189.316335333621	191.882987948166	280.988509287459	186.537261618771	203.806887970614	220.18201095518	247.519700578383	266.62235877174	282.448200764208
PA14_RS23445	359.314677265853	338.665273600823	284.404782956607	261.945941847635	281.300001267425	335.323062555595	231.018387206491	272.798938511626	252.320392682693
PA14_RS23450	450.753179365765	432.146729267878	206.68455698348	314.533574112502	314.622039985054	351.483210148636	144.069159054597	163.679363106976	171.35190846362
PA14_RS23455	267.87617516594	280.444367001165	290.383261877617	162.723994178077	196.057576640933	179.781641972578	159.301140628651	190.444541979814	160.053980433051
PA14_RS23460	1900.89055069677	1481.76307359972	1680.80664522103	1544.88572521503	1335.20634210406	1928.10760969467	1282.02511581624	992.370478208331	1481.91156000955
PA14_RS23465	1258.24530354386	1134.89767230881	1448.50003571894	1014.04830518289	1040.73251157618	1276.65165985022	1148.74527704326	1219.87449862746	1127.90981505174
PA14_RS23470	1023.85365027367	939.734633284607	851.506212035248	819.573287750556	819.102207547296	769.627029118565	769.849735388662	829.720545058003	726.833369966563
PA14_RS23475	2649.14082844394	3051.26751348344	2360.64510538157	3097.70920624363	2872.6697099128	2688.64455579215	2539.93292747356	1981.65266654672	2229.45779803215
PA14_RS23480	2623.38350390875	2948.76591735728	3910.77928275767	2292.02699116681	2520.0760444123	2564.41342117065	2600.86085376977	2567.39831187923	2781.1732835249
PA14_RS23485	103.029298140746	115.621800430305	155.440451946254	109.144142436515	98.4162538869504	106.05096857933	185.957108383246	167.797082933566	154.405016417767
PA14_RS23490	32.1966556689832	13.9402170731573	35.8708735260586	22.8210479639985	17.0484849252985	27.2702490632562	50.1386060145955	49.412637919087	33.893784091705
PA14_RS23495	236.967385723716	200.903128407268	234.868814753955	211.34274853616	223.955097427785	136.351245316281	213.24774203676	235.739460072311	214.660632580798
PA14_RS23500	32.1966556689832	29.5204596843332	28.1842577704746	16.867731103825	26.3476585209158	20.2001844913009	22.2133064621625	28.8240387861341	5.64896401528417
PA14_RS23505	548.631012599474	396.06616743147	368.103487850744	327.432427309544	359.568045697204	386.833533008412	322.410276650816	287.210957904693	378.480589024039
PA14_RS23510	388.935600481317	410.006384504628	497.067818861098	319.49467149598	452.559781653378	386.833533008412	496.943398853522	521.920988020357	519.704689406143
PA14_RS23515	109.468629274543	82.8212896699348	90.5312522324336	104.183045053037	72.8435264990026	102.01093168107	98.3732143324341	107.060715491355	122.394220331157
PA14_RS23520	575.67620336142	440.34685695797	438.991166485574	365.136767423977	379.716255154375	425.213883541884	428.399481770278	412.801412615706	514.055725390859
PA14_RS23525	185.452736653343	239.443728550703	288.675125043043	256.984844464157	290.599174863042	281.792573653648	285.599654513518	310.887846907589	451.917121222733
PA14_RS23530	148.104616077323	184.502873027083	206.68455698348	214.319406966247	208.456474768422	215.131964832355	249.423698275139	285.152097991398	299.395092810061
PA14_RS23535	83.7113047393563	78.7212258248885	96.5097311534434	150.817360457729	159.635813391431	169.681549726928	179.610449394057	185.297392196576	152.522028412672
PA14_RS23540	106.892896821024	87.7413662839903	95.6556627361563	95.2530697627765	102.290909551791	107.060977803895	115.509193603245	107.060715491355	137.458124371915
PA14_RS23545	273.027640072978	307.504788378471	334.794819576547	381.012279051106	437.061158994016	479.754381668397	462.036774412981	440.596021445192	563.013413523322
PA14_RS23550	265.300442712422	305.044750071443	296.361740798627	279.805892428156	281.300001267425	268.662453734302	240.538375690274	254.269199291969	280.565212759114
PA14_RS23555	349.011747451778	402.626269583545	485.964929436365	361.167889517194	404.514051409355	426.223892766449	373.183548564331	430.301721878716	337.054852911955
PA14_RS23560	500.979962209379	626.489755523071	597.847892100977	529.845200555444	630.793942236044	527.224815222954	507.732719135144	433.390011748659	514.055725390859
PA14_RS23565	761.128940014763	788.852283786904	903.604385489762	837.433238331077	938.441602024385	808.007379652036	1012.92677467461	912.074941589814	943.376990552456
PA14_RS23570	244.694583084272	340.305299138841	193.019462306887	564.57288223979	441.710745791824	324.21296108538	486.1540785719	399.418823179287	393.544493064797
PA14_RS23575	169.998341932231	172.202681491944	79.4283628077012	163.716213654772	89.117080291333	125.241143846066	66.0052534875687	56.6186476156205	41.4257361120839
PA14_RS23580	149.392482304082	231.24360086061	199.852009645184	99.2219476695589	136.387879402388	139.381272989976	104.085207422705	130.737604494251	165.702944448336
PA14_RS23585	146.816749850563	113.161762123277	90.5312522324336	58.5409491250397	77.4931132968113	47.4704335545571	48.2346083178387	77.2072467485735	77.2025082088836
PA14_RS23590	160.983278344916	176.30274533699	197.289804393322	168.67731103825	138.712672801292	134.331226867151	139.626497762165	116.325585101184	111.096292300589
PA14_RS23595	410.829326336226	469.867316642303	574.788044834225	396.887790678235	344.84435417081	438.34400346123	418.244827387575	335.594165867133	342.703816927239
PA14_RS23600	342.572416317981	435.426780343915	552.58226598476	429.63103340919	495.955925099592	436.3239850121	533.119355091901	596.039944898987	585.609269584459
PA14_RS23605	124.923023995655	163.182541032842	130.672467844928	120.058556680166	159.635813391431	159.581457481277	163.109136022165	176.032522586747	175.117884473809
PA14_RS23610	257.573245351866	206.643217790332	188.749120220451	184.552822665379	202.257025704678	172.711577400623	147.242488549192	163.679363106976	163.819956443241
PA14_RS23615	238.255251950476	168.922630415907	190.457257055025	194.475017432335	188.308265311251	188.871724993663	182.783778888652	183.238532283281	112.979280305683
PA14_RS23620	691.584163769759	717.511172883099	695.211691671707	636.012684561872	652.492013959151	658.52601441641	701.940484204336	691.776930867218	617.620065671069
PA14_RS23625	1059.91390462293	1024.19594849256	930.934574842949	924.748552280289	862.49835099351	821.137499571382	852.356302248123	994.429338121626	950.908942572834
PA14_RS23630	924.687950813198	722.431249497154	884.814880309445	900.935284839594	986.487332268408	963.548800235053	1160.80392912272	1155.02041135866	1220.17622730138
PA14_RS23635	419.844389923541	397.706192969489	467.175424256049	373.074523237541	444.035539190729	433.293957338404	459.498110817305	461.184620578145	587.492257589553
PA14_RS23640	785.59839832319	729.811364418237	922.393890670078	752.102363335256	736.959507452676	650.445940619889	840.932316067582	855.456293974194	845.46161428753
PA14_RS23645	660.675374327535	529.728248779979	363.833145764309	567.549540669877	527.728101551285	505.004612282523	413.802166095142	510.597258497232	382.246565034229
PA14_RS23650	1.28786622675933	10.6601659971203	2.56220525186133	6.94553633686912	9.29917359561736	11.1101014702155	7.61599078702716	11.3237295231241	0
PA14_RS23655	1.28786622675933	5.74008938306479	2.56220525186133	12.8988531970427	2.32479339890434	4.04003689826018	1.90399769675679	2.05885991329529	0
PA14_RS23660	1.28786622675933	2.46003830702777	1.70813683457422	3.96887790678235	3.87465566484057	7.07006457195532	3.17332949459465	0	0
PA14_RS23665	23.1815920816679	31.1604852223517	20.4976420148906	23.8132674406941	27.8975207868521	19.1901752667359	11.4239861805407	22.6474590462482	9.41494002547361
PA14_RS23670	10.3029298140746	35.260549067398	34.1627366914844	12.8988531970427	9.29917359561736	14.1401291439106	8.88532258486502	10.2942995664765	7.53195202037889
PA14_RS23675	258.861111578625	311.604852223517	364.687214181596	281.790331381547	346.394216436747	309.062822716904	202.458421755139	219.268580765949	295.629116799871
PA14_RS23680	191.89206778714	212.383307173397	255.366456768846	251.031527603984	235.579064422306	249.472278467566	324.314274347573	350.0061852602	216.543620585893
PA14_RS23685	208.634328735011	179.582796413027	216.079309573639	261.945941847635	251.852618214637	232.30212164996	267.829009343788	312.946706820884	386.012541044418
PA14_RS23690	78.559839832319	102.501596126157	102.488210074453	169.669530514946	189.08319644422	176.751614298883	223.402396419463	259.416349075207	286.214176774398
PA14_RS23695	195.755666467418	313.244877761536	279.280372452885	251.031527603984	209.231405901391	198.971817239314	216.421071531355	168.826512890214	218.426608590988
PA14_RS23700	140.377418716767	155.802426111759	168.251478205561	149.825140981034	131.738292604579	154.531411358452	130.106509278381	161.62050319368	184.532824499283
PA14_RS23705	117.195826635099	153.342387804731	128.110262593066	126.01187354034	92.2168048232055	106.05096857933	69.1785829821634	80.2955366185164	35.7767720967997
PA14_RS23710	184.164870426584	217.303383787453	243.409498926826	176.615066851815	154.986226593623	149.481365235627	99.642546130272	137.943614190785	114.862268310778
PA14_RS23715	422.42012237706	515.788031706822	468.883561090623	362.16010899389	327.020938112544	458.544187952531	283.060990917843	315.00556673418	321.990948871197
PA14_RS23720	892.491295144214	1042.23622941076	1069.29365844346	919.787454896811	947.740775620002	1042.32951975113	951.998848378395	1060.31285534708	1054.47328285304
PA14_RS23725	96.5899670069496	79.5412385938978	93.947525901582	120.058556680166	111.590083147408	93.9308578845492	93.2958871410827	77.2072467485735	199.59672854004
PA14_RS23730	485.525567488267	482.987520946452	411.660977132387	477.257568290578	498.280718498497	450.46411415601	510.906048629739	503.391248800699	410.491385110649
PA14_RS23735	578.251935814938	536.288350932053	486.818997853652	561.596223809703	482.782095839134	508.034639956218	524.234032507036	520.891558063709	523.470665416333
PA14_RS23740	42.4995854830578	41.820651219472	36.7249419433457	37.7043401144324	22.4730028560753	47.4704335545571	18.405311068649	36.0300484826676	48.9576881324628
PA14_RS23745	64.3933113379664	59.0409193686664	58.0766523755234	73.4242412754736	37.9716255154375	56.5605165756425	53.946601408109	36.0300484826676	80.968484219073
PA14_RS23750	43.7874517098172	46.7407278335276	48.6818997853652	42.6654374979103	49.5955925099592	58.5805350247726	37.4452880362169	55.5892176589729	77.2025082088836
PA14_RS23755	99.1656994604683	143.50223457662	81.1364996422754	108.151922959819	94.5415982221098	75.7506918423784	128.202511581624	74.1189568786305	73.4365321986942
PA14_RS23760	417.268657470022	361.625631133082	425.32607180898	438.56100869945	385.140773085152	339.363099453855	516.618041720009	514.714978323823	536.651581451996
PA14_RS23765	57.9539802041698	46.7407278335276	57.2225839582363	48.6187543580838	56.5699727066723	62.6205719230328	41.2532834297304	46.3243480491441	39.5427481069892
PA14_RS23770	166.134743251953	182.042834720055	187.040983385877	336.362402599805	319.271626782863	209.071909484964	326.852937943249	301.62297729776	288.097164779492
PA14_RS23775	265.300442712422	344.405362983887	263.05307252443	325.447988356153	295.248761660851	297.952721246688	344.623583112979	293.387537644579	329.522900891576
PA14_RS23780	853.855308341434	570.728887230442	544.895650229176	605.253880784309	471.158128844613	634.285793026848	424.591486376764	418.977992355592	514.055725390859
PA14_RS23785	413.405058789744	318.164954375591	414.223182384248	363.152328470585	309.972453187245	397.943634478628	380.799539351358	481.773219711098	523.470665416333
PA14_RS23790	128.786622675933	174.662719798971	208.392693818055	144.864043597556	168.934986987049	205.031872586704	236.730380296761	224.415730549187	207.128680560419
PA14_RS23795	231.815920816679	185.322885796092	187.040983385877	124.027434586949	123.21405014193	143.421309888236	137.087834166489	133.825894364194	96.0323882598308
PA14_RS23800	100.453565687228	58.2209065996571	52.9522418718008	30.7588037775632	37.9716255154375	54.5404981265124	24.7519700578383	45.2949180924964	35.7767720967997
PA14_RS23805	399.238530295392	355.885541750017	267.323414610865	229.202699116681	164.28540018924	196.951798790184	231.018387206491	162.649933150328	167.58593245343
PA14_RS23810	137.801686263248	146.782285652657	117.007373168334	92.2764113326897	98.4162538869504	135.341236091716	91.3918894443259	95.7369859682311	73.4365321986942
PA14_RS23815	4805.02889203905	4395.26844188961	3509.36712663273	1898.11585891866	1804.03967754977	1702.87555261667	1492.73419425732	1532.82120544834	1299.26172351536
PA14_RS23820	604.009260350125	811.812641319163	573.07990799965	193.48279795564	165.835262455176	92.9208486599842	136.45316826757	112.207865274593	80.968484219073
PA14_RS23825	270.451907619459	364.085669440109	320.275656482666	90.2919723792986	89.8920114243011	98.9809040073744	72.351912476758	67.9423771387446	69.6705561885047
PA14_RS23830	105.605030594265	139.402170731573	134.088741514076	52.5876322648662	44.1710745791824	44.440405880862	29.8292972491897	17.50030926301	35.7767720967997
PA14_RS23835	29.6209232154645	69.7010853657867	63.2010628792461	23.8132674406941	15.4986226593623	27.2702490632562	23.4826382600004	15.4414493497147	26.3618320713261
PA14_RS23840	74.696241152041	67.241047058759	79.4283628077012	31.7510232542588	20.9231405901391	18.1801660421708	24.1173041589193	32.9417586127247	18.8298800509472
PA14_RS23845	87.5749034196343	99.2215450501199	140.921288852373	47.6265348813883	50.3705236429274	70.7006457195532	53.946601408109	70.0012370520399	116.745256315873
PA14_RS23850	121.059425315377	111.521736585259	76.0120891385527	217.296065396334	183.658678513443	116.15106082498	204.362419451895	171.914802760157	261.735332708166
PA14_RS23855	45.0753179365765	43.4606767574905	24.7679841013262	25.7977063940853	20.9231405901391	23.230212164996	26.6559677545951	23.6768890028959	41.4257361120839
PA14_RS23860	23.1815920816679	10.6601659971203	17.0813683457422	24.8054869173897	15.4986226593623	18.1801660421708	22.8479723610815	25.7357489161911	33.893784091705
PA14_RS23865	11.590796040834	12.3001915351388	21.3517104321777	7.93775581356471	12.3988981274898	15.1501383684757	14.5973156751354	15.4414493497147	60.2556161630311
PA14_RS23870	96.5899670069496	80.361251362907	82.8446364768496	109.144142436515	92.2168048232055	94.9408671091143	103.450541523786	100.884135751469	90.3834242445466
PA14_RS23875	262.724710258903	328.005107603702	295.50767238134	249.047088650593	257.277136145414	232.30212164996	283.695656816762	317.064426647475	254.203380687787
PA14_RS23880	48.9389166168545	49.2007661405553	27.3301893531875	39.6887790678235	31.7721764516926	38.3803505334717	35.5412903394601	47.3537780057917	48.9576881324628
PA14_RS23885	32.1966556689832	41.0006384504628	21.3517104321777	46.6343154046927	37.9716255154375	32.3202951860815	35.5412903394601	55.5892176589729	48.9576881324628
PA14_RS23890	5.15146490703731	11.4801787661296	17.0813683457422	18.8521700572162	11.6239669945217	7.07006457195532	31.7332949459465	15.4414493497147	5.64896401528417
PA14_RS23895	11.590796040834	17.2202681491944	1.70813683457422	3.96887790678235	17.0484849252985	9.09008302108541	19.6746428664868	7.20600969653352	0
PA14_RS23900	296.209232154645	454.287074031128	336.502956411121	337.3546220765	388.240497617025	422.183855868189	293.850311199465	361.329914783324	427.438277156502
PA14_RS23905	48.9389166168545	62.3209704447034	49.5359682026523	55.564290694953	46.4958679780868	35.3503228597766	33.0026267437844	33.9711885693723	37.6597601018944
PA14_RS23910	664.538973007813	583.029078765581	653.362339224639	525.876322648662	476.58264677539	575.705258002076	506.463387337306	492.067519277575	512.172737385764
PA14_RS23915	220.225124775845	268.964188235036	231.452541084807	425.662155502408	283.624794666329	326.23297953451	397.30085272325	418.977992355592	352.118756952713
PA14_RS23920	63.1054451112071	63.1409832137127	102.488210074453	73.4242412754736	66.6440774352577	71.7106549441182	74.2559101735148	92.6486960982881	135.57513636682
PA14_RS23925	19.3179934013899	10.6601659971203	16.2272999284551	16.867731103825	29.4473830527883	15.1501383684757	31.0986290470276	31.912328656077	52.7236641426522
PA14_RS23930	253.709646671588	273.884264849091	316.859382813518	230.194918593377	286.724519198202	255.532333814956	281.156993221086	298.534687427817	291.863140789682
PA14_RS23935	90.150635873153	91.8414301290366	77.720225973127	104.183045053037	92.9917359561736	130.291189968891	138.991831863246	165.738223020271	116.745256315873
PA14_RS23940	100.453565687228	63.1409832137127	46.973762950791	68.4631438919956	64.3192840363534	66.660608821293	47.5999424189197	31.912328656077	33.893784091705
PA14_RS23945	685.144832635963	585.489117072608	586.745002676244	295.681404055285	415.363087270909	414.103782071669	338.27692412379	399.418823179287	303.16106882025
PA14_RS30890	3602.16183624584	3256.27070573575	3089.16546532747	3210.82222658692	2882.74381464138	3293.64008130661	3595.38231737574	2996.6706038013	3526.83653354241
PA14_RS23955	649.084578286701	452.647048493109	573.933976416938	269.8836976612	351.818734367523	385.823523783847	337.007592325952	395.301103352696	470.74700127368
PA14_RS23960	506.131427116416	477.247431563387	587.599071093531	266.907039231113	346.394216436747	345.423154801246	271.637004737302	359.271054870028	519.704689406143
PA14_RS23965	159.695412118157	234.523651936647	264.761209359004	104.183045053037	122.439119008962	161.601475930407	121.221186693516	148.237913757261	190.181788514567
PA14_RS23970	285.906302340571	300.944686226397	271.593756697301	243.093771790419	229.379615358561	218.16199250605	204.997085350814	229.562880332425	224.075572606272
PA14_RS23975	110.756495501302	114.801787661296	130.672467844928	113.113020343297	103.840771817727	134.331226867151	88.2185599497313	83.3838264884593	48.9576881324628
PA14_RS23980	42.4995854830578	16.4002553801851	7.68661575558399	35.7199011610412	16.2735537923304	28.2802582878213	31.7332949459465	33.9711885693723	30.1278080815155
PA14_RS23985	32.1966556689832	13.1202043041481	19.6435735976035	14.8832921504338	11.6239669945217	19.1901752667359	41.2532834297304	35.00061852602	28.2448200764208
PA14_RS23990	11.590796040834	9.84015322811107	4.27034208643555	4.96109738347794	7.74931132968113	11.1101014702155	7.61599078702716	13.3825894364194	13.1809160356631
PA14_RS23995	16.7422609478713	11.4801787661296	27.3301893531875	18.8521700572162	28.6724519198202	11.1101014702155	25.3866359567572	22.6474590462482	24.4788440662314
PA14_RS24000	42.4995854830578	54.9408555236201	50.3900366199395	64.4942659852133	66.6440774352577	50.5004612282523	76.1599078702716	54.5597877023252	96.0323882598308
PA14_RS24005	19.3179934013899	9.02014045910181	18.7895051803164	23.8132674406941	10.8490358615536	10.1000922456505	11.4239861805407	15.4414493497147	1.88298800509472
PA14_RS24010	142.953151170285	93.4814556670551	54.660378706375	124.027434586949	71.2936642330664	88.880811761724	76.1599078702716	60.7363674422111	109.213304295494
PA14_RS24015	261.436844032144	222.223460401508	299.778014467775	271.868136614591	254.952342746509	251.492296916696	321.775610751897	303.681837211056	265.501308718356
PA14_RS24020	117.195826635099	107.421672740212	133.234673096789	94.2608502860809	111.590083147408	112.11102392672	121.855852592435	145.149623887318	156.288004422862
PA14_RS24025	14.1665284943526	10.6601659971203	1.70813683457422	8.9299752902603	3.09972453187245	3.03002767369514	5.71199309027037	5.14714978323823	22.5958560611367
PA14_RS24030	77.2719736055597	99.2215450501199	68.3254733829688	53.5798517415618	65.8691463022896	76.7607010669434	91.3918894443259	77.2072467485735	75.3195202037889
PA14_RS31290	28.3330569887052	17.2202681491944	26.4761209359004	18.8521700572162	26.3476585209158	22.220202940431	21.5786405632436	26.7651788728388	50.8406761375575
PA14_RS24035	34.7723881225019	36.9005746054165	38.4330787779199	20.8366090106074	30.2223141857564	31.3102859615164	20.9439746643247	33.9711885693723	9.41494002547361
PA14_RS24040	14.1665284943526	3.28005107603702	11.1028894247324	3.96887790678235	6.1994490637449	4.04003689826018	10.1546543827029	13.3825894364194	11.2979280305683
PA14_RS24045	2.57573245351866	3.28005107603702	0.854068417287109	6.94553633686912	2.32479339890434	9.09008302108541	7.61599078702716	1.02942995664765	0
PA14_RS31460	0	0	0	0	0	0	0	0	0
PA14_RS24050	15.4543947211119	8.20012769009256	12.8110262593066	1.98443895339118	5.42451793077679	10.1000922456505	9.51998848378395	12.3531594797718	0
PA14_RS24055	10.3029298140746	4.92007661405553	5.12441050372266	7.93775581356471	3.87465566484057	4.04003689826018	3.17332949459465	4.11771982659058	1.88298800509472
PA14_RS24060	5.15146490703731	1.64002553801851	0	6.94553633686912	3.87465566484057	6.06005534739027	1.90399769675679	1.02942995664765	0
PA14_RS24065	0	0	0	1.98443895339118	0.774931132968113	0	0.63466589891893	0	0
PA14_RS24070	9.0150635873153	3.28005107603702	14.5191630938809	11.9066337203471	12.3988981274898	20.2001844913009	15.2319815740543	12.3531594797718	9.41494002547361
PA14_RS24075	0	2.46003830702777	0	0	0	0	1.90399769675679	0	0
PA14_RS24080	3.86359868027798	0	1.70813683457422	0.992219476695589	0.774931132968113	0	3.80799539351358	6.17657973988588	0
PA14_RS24085	0	0.820012769009256	0	0	0	0	1.26933179783786	0	0
PA14_RS31295	12.8786622675933	1.64002553801851	2.56220525186133	2.97665843008677	2.32479339890434	3.03002767369514	0.63466589891893	0	3.76597601018944
PA14_RS24095	0	0	0	0	0	0	0	0	0
PA14_RS24100	0	1.64002553801851	0.854068417287109	1.98443895339118	6.97438019671302	4.04003689826018	0	4.11771982659058	0
PA14_RS24105	0	0	0	0	0	0	0.63466589891893	0	0
PA14_RS24110	27.0451907619459	28.7004469153239	43.5574892816426	39.6887790678235	27.8975207868521	39.3903597580368	33.0026267437844	47.3537780057917	43.3087241171786
PA14_RS24115	12.8786622675933	9.02014045910181	29.8923946050488	14.8832921504338	20.1482094571709	5.05004612282523	15.8666474729732	7.20600969653352	18.8298800509472
PA14_RS24120	37.3481205760205	31.980497991361	28.1842577704746	19.8443895339118	15.4986226593623	26.2602398386912	26.0213018556761	27.7946088294864	3.76597601018944
PA14_RS24125	43.7874517098172	27.8804341463147	46.1196945335039	7.93775581356471	10.8490358615536	8.08007379652036	16.5013133718922	8.23543965318117	9.41494002547361
PA14_RS24130	38.6359868027798	32.8005107603702	51.2441050372266	39.6887790678235	39.5214877813738	33.3303044106465	26.6559677545951	48.3832079624394	73.4365321986942
PA14_RS24135	23.1815920816679	7.3801149210833	12.8110262593066	10.9144142436515	12.3988981274898	11.1101014702155	13.9626497762165	11.3237295231241	3.76597601018944
PA14_RS24140	202.194997601215	149.242323959685	164.835204536412	111.128581389906	148.786777529878	151.501383684757	128.202511581624	81.324966575164	103.56434028021
PA14_RS24145	19.3179934013899	16.4002553801851	10.2488210074453	9.92219476695589	6.1994490637449	10.1000922456505	8.88532258486502	9.26486960982881	24.4788440662314
PA14_RS30905	10.3029298140746	11.4801787661296	10.2488210074453	1.98443895339118	1.54986226593623	0	5.07732719135144	0	0
PA14_RS24155	25.7573245351866	31.980497991361	34.1627366914844	17.8599505805206	17.0484849252985	29.2902675123863	38.7146198340547	28.8240387861341	62.1386041681258
PA14_RS30910	124.923023995655	78.7212258248885	70.8876786348301	49.6109738347794	52.6953170418317	98.9809040073744	88.2185599497313	42.2066282225535	47.074700127368
PA14_RS24160	121.059425315377	123.001915351388	92.2393890670078	75.4086802288647	78.2680444297794	88.880811761724	68.5439170832444	46.3243480491441	69.6705561885047
PA14_RS24165	27.0451907619459	39.3606129124443	26.4761209359004	9.92219476695589	24.0228651220115	12.1201106947805	23.4826382600004	13.3825894364194	15.0639040407578
PA14_RS31795	302.648563288442	224.683498708536	215.225241156352	14704.6926446286	11742.5314578658	10541.4662767854	26862.8688376426	21802.2970518405	19647.0968451583
PA14_RS31800	148.104616077323	91.8414301290366	65.7632681311074	66.4787049386044	61.994490637449	74.7406826178133	79.9679032637852	41.1771982659058	88.5004362394519
PA14_RS24180	24.4694583084272	36.0805618364072	42.7034208643555	245.07821074381	163.510469056272	125.241143846066	254.501025466491	157.50278336709	210.894656570609
PA14_RS24185	6.43933113379664	7.3801149210833	12.8110262593066	12.8988531970427	8.52424246264924	9.09008302108541	20.3093087654058	22.6474590462482	16.9468920458525
PA14_RS24190	6.43933113379664	9.02014045910181	12.8110262593066	19.8443895339118	22.4730028560753	13.1301199193456	18.405311068649	16.4708793063623	7.53195202037889
PA14_RS24195	0	2.46003830702777	5.97847892100977	0.992219476695589	3.09972453187245	4.04003689826018	5.07732719135144	0	0
PA14_RS24200	23.1815920816679	9.84015322811107	17.0813683457422	11.9066337203471	10.0741047285855	3.03002767369514	2.53866359567572	6.17657973988588	13.1809160356631
PA14_RS24205	3.86359868027798	10.6601659971203	9.3947525901582	13.8910726737382	12.3988981274898	6.06005534739027	10.7893202816218	13.3825894364194	9.41494002547361
PA14_RS24210	6.43933113379664	3.28005107603702	17.0813683457422	8.9299752902603	6.1994490637449	7.07006457195532	5.07732719135144	6.17657973988588	7.53195202037889
PA14_RS24215	18.0301271746306	16.4002553801851	11.1028894247324	16.867731103825	12.3988981274898	7.07006457195532	11.4239861805407	4.11771982659058	28.2448200764208
PA14_RS24220	12.8786622675933	27.0604213773054	17.0813683457422	18.8521700572162	15.4986226593623	18.1801660421708	13.9626497762165	21.6180290896006	24.4788440662314
PA14_RS24225	10.3029298140746	5.74008938306479	10.2488210074453	8.9299752902603	10.8490358615536	16.1601475930407	17.77064516973	8.23543965318117	9.41494002547361
PA14_RS24230	121.059425315377	95.9414939740829	123.839920506631	132.957409877209	153.436364327686	117.161070049545	247.519700578383	206.915421286177	210.894656570609
PA14_RS31465	2.57573245351866	0	5.97847892100977	2.97665843008677	5.42451793077679	2.02001844913009	1.90399769675679	5.14714978323823	0
PA14_RS31680	94.014234553431	51.6608044475831	29.8923946050488	114.105239819993	72.8435264990026	95.9508763336793	45.061278823244	36.0300484826676	56.4896401528417
PA14_RS24235	513.858624476972	528.088223241961	581.620592172522	589.37836915718	553.300828939233	466.624261749051	611.817926557848	548.686166893195	553.598473497848
PA14_RS31470	33.4845218957425	15.5802426111759	23.059847266752	26.7899258707809	30.9972453187245	27.2702490632562	31.0986290470276	16.4708793063623	11.2979280305683
PA14_RS24240	38.6359868027798	29.5204596843332	70.8876786348301	45.6420959279971	64.3192840363534	62.6205719230328	84.4105645562177	85.4426864017546	58.3726281579364
PA14_RS24245	46.3631841633358	62.3209704447034	46.973762950791	41.6732180212147	50.3705236429274	40.4003689826018	74.2559101735148	77.2072467485735	54.6066521477469
PA14_RS24250	130.074488902692	114.801787661296	137.505015183225	137.918507260687	169.709918120017	155.541420583017	149.781152144867	143.090763974023	160.053980433051
PA14_RS24255	12.8786622675933	6.56010215207404	19.6435735976035	11.9066337203471	22.4730028560753	10.1000922456505	33.6372926427033	21.6180290896006	18.8298800509472
PA14_RS24260	7.72719736055597	12.3001915351388	12.8110262593066	3.96887790678235	6.1994490637449	4.04003689826018	3.80799539351358	15.4414493497147	0
PA14_RS24265	9.0150635873153	9.84015322811107	18.7895051803164	30.7588037775632	12.3988981274898	11.1101014702155	6.98132488810823	12.3531594797718	0
PA14_RS24270	9.0150635873153	18.8602936872129	16.2272999284551	31.7510232542588	29.4473830527883	30.3002767369514	22.8479723610815	13.3825894364194	16.9468920458525
PA14_RS24275	12.8786622675933	14.7602298421666	10.2488210074453	36.7121206377368	27.8975207868521	15.1501383684757	17.1359792708111	15.4414493497147	15.0639040407578
PA14_RS24280	1.28786622675933	9.02014045910181	7.68661575558399	6.94553633686912	3.87465566484057	5.05004612282523	15.8666474729732	6.17657973988588	11.2979280305683
PA14_RS24285	6.43933113379664	13.1202043041481	23.9139156840391	21.8288284873029	31.7721764516926	46.4604243299921	32.3679608448654	39.1183383526105	7.53195202037889
PA14_RS30930	1985.88972166288	1944.25027532095	2047.2019962372	665.77926886274	641.642978097598	653.475968293584	484.250080875144	572.363055896091	659.045801783153
PA14_RS30935	144.241017397045	130.382030272472	93.0934574842949	30.7588037775632	24.0228651220115	25.2502306141261	19.0399769675679	20.5885991329529	3.76597601018944
PA14_RS24290	15.4543947211119	49.2007661405553	14.5191630938809	7.93775581356471	3.87465566484057	0	5.07732719135144	1.02942995664765	0
PA14_RS24295	207.346462508252	127.921991965444	147.75383619067	149.825140981034	135.61294826942	115.141051600415	130.7411751773	160.591073237033	222.192584601177
PA14_RS30940	137.801686263248	123.821928120398	61.4929260446719	101.20638662295	106.165565216631	116.15106082498	74.2559101735148	63.8246573121541	60.2556161630311
PA14_RS30945	68.2569100182444	34.4405362983887	47.8278313680781	46.6343154046927	41.07135004731	30.3002767369514	45.695944722163	36.0300484826676	45.1917121222733
PA14_RS24300	148.104616077323	163.182541032842	134.088741514076	104.183045053037	95.3165293550779	96.9608855582444	61.5625921951362	98.825275838174	48.9576881324628
PA14_RS24305	131.362355129451	107.421672740212	115.29923633376	41.6732180212147	59.6696972385447	59.5905442493377	50.1386060145955	66.912947182097	112.979280305683
PA14_RS30950	29.6209232154645	50.0207789095646	56.3685155409492	33.73546220765	21.6980717231072	42.4203874317319	41.8879493286494	43.2360581792011	24.4788440662314
PA14_RS24315	10.3029298140746	13.9402170731573	14.5191630938809	4.96109738347794	13.1738292604579	12.1201106947805	13.3279838772975	5.14714978323823	0
PA14_RS24320	0	9.02014045910181	5.97847892100977	4.96109738347794	2.32479339890434	4.04003689826018	0	4.11771982659058	5.64896401528417
PA14_RS24325	3.86359868027798	5.74008938306479	0.854068417287109	2.97665843008677	2.32479339890434	10.1000922456505	1.90399769675679	2.05885991329529	0
PA14_RS24330	1.28786622675933	1.64002553801851	0	2.97665843008677	2.32479339890434	0	0	4.11771982659058	0
PA14_RS24335	0	0	2.56220525186133	0	0	0	0	0	0
PA14_RS24340	11.590796040834	27.8804341463147	15.373231511168	15.8755116271294	13.948760393426	14.1401291439106	15.2319815740543	17.50030926301	11.2979280305683
PA14_RS24345	5.15146490703731	0	1.70813683457422	6.94553633686912	5.42451793077679	1.01000922456505	5.07732719135144	9.26486960982881	1.88298800509472
PA14_RS24350	0	2.46003830702777	0	0	0.774931132968113	0	3.17332949459465	1.02942995664765	0
PA14_RS24355	46.3631841633358	36.9005746054165	47.8278313680781	37.7043401144324	26.3476585209158	40.4003689826018	40.6186175308115	46.3243480491441	32.0107960866103
PA14_RS24360	2.57573245351866	11.4801787661296	7.68661575558399	3.96887790678235	3.09972453187245	2.02001844913009	10.7893202816218	1.02942995664765	0
PA14_RS24365	25.7573245351866	27.8804341463147	27.3301893531875	17.8599505805206	34.8719009835651	19.1901752667359	26.6559677545951	29.8534687427817	22.5958560611367
PA14_RS24370	0	1.64002553801851	8.54068417287109	9.92219476695589	3.09972453187245	2.02001844913009	3.80799539351358	11.3237295231241	1.88298800509472
PA14_RS24375	18.0301271746306	13.1202043041481	11.1028894247324	19.8443895339118	8.52424246264924	13.1301199193456	11.4239861805407	9.26486960982881	0
PA14_RS24380	200.907131374455	152.522375035722	171.667751874709	87.3153139492118	113.139945413345	135.341236091716	114.874527704326	93.6781260549358	178.883860483999
PA14_RS24385	455.904644272802	292.744558536304	406.536566628664	205.389431675987	289.049312597106	271.692481407997	246.250368780545	238.827749942254	295.629116799871
PA14_RS24390	68.2569100182444	76.2611875178608	66.6173365483945	51.5954127881706	54.2451793077679	70.7006457195532	61.5625921951362	102.942995664765	50.8406761375575
PA14_RS24395	84.9991709661157	78.7212258248885	104.196346909027	71.4398023220824	68.9688708341621	67.670618045858	60.9279262962173	70.0012370520399	69.6705561885047
PA14_RS24400	7.72719736055597	19.6803064562221	15.373231511168	1.98443895339118	13.948760393426	13.1301199193456	14.5973156751354	11.3237295231241	9.41494002547361
PA14_RS24405	59.2418464309291	82.8212896699348	39.287147195207	36.7121206377368	16.2735537923304	52.5204796773824	25.3866359567572	23.6768890028959	43.3087241171786
PA14_RS31475	2892.54754530145	2127.93313557902	2541.70760984644	2110.45082693152	2548.74849633212	2940.13685270885	3057.8203009914	3486.67926316558	3459.048965359
PA14_RS30955	100.453565687228	160.722502725814	110.174825830037	106.167484006428	112.365014280376	132.311208418021	104.085207422705	75.1483868352782	144.990076392294
PA14_RS24415	47.6510503900951	72.9811364418238	58.9307207928106	30.7588037775632	32.5471075846608	45.450415105427	31.0986290470276	36.0300484826676	48.9576881324628
PA14_RS24420	10.3029298140746	13.1202043041481	5.97847892100977	0	3.87465566484057	11.1101014702155	3.80799539351358	2.05885991329529	3.76597601018944
PA14_RS24425	0	2.46003830702777	5.12441050372266	0	3.09972453187245	3.03002767369514	0.63466589891893	0	0
PA14_RS24430	0	7.3801149210833	0	1.98443895339118	0.774931132968113	0	2.53866359567572	2.05885991329529	0
PA14_RS24435	9.0150635873153	9.84015322811107	11.1028894247324	12.8988531970427	17.0484849252985	17.1701568176058	6.98132488810823	6.17657973988588	0
PA14_RS24440	38.6359868027798	12.3001915351388	17.0813683457422	6.94553633686912	15.4986226593623	18.1801660421708	13.9626497762165	9.26486960982881	0
PA14_RS24445	7.72719736055597	19.6803064562221	20.4976420148906	9.92219476695589	23.2479339890434	18.1801660421708	13.3279838772975	22.6474590462482	37.6597601018944
PA14_RS24450	21.8937258549086	20.5003192252314	15.373231511168	13.8910726737382	7.74931132968113	17.1701568176058	16.5013133718922	11.3237295231241	1.88298800509472
PA14_RS24455	6.43933113379664	1.64002553801851	4.27034208643555	0.992219476695589	1.54986226593623	4.04003689826018	1.26933179783786	1.02942995664765	0
PA14_RS24460	59.2418464309291	33.6205235293795	42.7034208643555	42.6654374979103	54.2451793077679	36.3603320843416	34.9066244405411	32.9417586127247	77.2025082088836
PA14_RS24465	0	0	0	0	0	0	0	2.05885991329529	0
PA14_RS24470	15.4543947211119	20.5003192252314	22.2057788494648	17.8599505805206	10.0741047285855	19.1901752667359	10.7893202816218	11.3237295231241	15.0639040407578
PA14_RS24475	198.331398920937	179.582796413027	149.461973025244	160.739555224685	131.738292604579	171.701568176058	154.858479336219	119.413874971127	107.330316290399
PA14_RS24480	1.28786622675933	4.92007661405553	9.3947525901582	6.94553633686912	6.1994490637449	4.04003689826018	3.80799539351358	6.17657973988588	0
PA14_RS24485	7.72719736055597	6.56010215207404	6.83254733829688	0.992219476695589	5.42451793077679	9.09008302108541	0	2.05885991329529	0
PA14_RS24490	24.4694583084272	22.9603575322592	17.9354367630293	26.7899258707809	42.6212123132462	29.2902675123863	23.4826382600004	28.8240387861341	16.9468920458525
PA14_RS24495	1.28786622675933	0	2.56220525186133	0	0.774931132968113	0	1.90399769675679	4.11771982659058	0
PA14_RS24500	42.4995854830578	43.4606767574905	45.2656261162168	42.6654374979103	41.07135004731	37.3703413089067	23.4826382600004	35.00061852602	22.5958560611367
PA14_RS30960	784.310532096431	641.249985365238	681.546596995113	684.631438919956	606.771077114033	583.785331798596	604.83660166974	470.449490187974	659.045801783153
PA14_RS24505	43.7874517098172	61.5009576756942	63.2010628792461	37.7043401144324	44.9460057121506	31.3102859615164	29.1946313502708	35.00061852602	20.7128680560419
PA14_RS24510	39.9238530295392	64.7810087517312	54.660378706375	48.6187543580838	30.9972453187245	60.6005534739027	34.2719585416222	72.0600969653352	41.4257361120839
PA14_RS31480	3.86359868027798	5.74008938306479	3.41627366914844	0	0.774931132968113	0	0.63466589891893	0	0
PA14_RS24515	446.889580685487	470.687329411313	554.290402819334	257.977063940853	265.026447475095	266.642435285172	324.314274347573	327.358726213951	323.873936876292
PA14_RS24520	437.874517098172	449.366997417072	436.428961233713	261.945941847635	272.775758804776	321.182933411684	280.522327322167	271.769508554979	244.788440662314
PA14_RS30970	334.845218957425	327.185094834693	271.593756697301	188.521700572162	192.182920976092	189.881734218229	163.743801921084	171.914802760157	129.926172351536
PA14_RS30975	810.067856631617	861.833420228728	792.575491242438	402.841107538409	457.984299584155	347.443173250376	306.543629177843	328.388156170599	376.597601018944
PA14_RS24525	792.037729456987	562.528759540349	565.393292244067	328.42464678624	396.764740079674	388.853551457542	303.370299683249	328.388156170599	355.884732962902
PA14_RS24530	643.933113379664	581.389053227562	637.989107713471	320.486890972675	343.294491904874	325.222970309945	332.564931033519	347.947325346904	346.469792937429
PA14_RS24535	227.952322136401	172.202681491944	146.899767773383	165.700652608163	172.034711518921	155.541420583017	118.047857198921	117.355015057832	144.990076392294
PA14_RS24540	226.664455909642	183.682860258073	175.938093961145	159.74733574799	161.960606790336	159.581457481277	149.146486245949	137.943614190785	158.170992427957
PA14_RS24545	427.571587284097	456.747112338155	527.814281883434	386.96559591128	385.140773085152	313.102859615164	503.92472374163	295.446397557874	289.980152784587
PA14_RS24550	776.583334735875	708.491032423997	512.441050372266	707.452486883955	753.233061245006	715.086530992052	472.826094694603	327.358726213951	418.023337131028
PA14_RS24555	140.377418716767	259.124035006925	143.483494104234	193.48279795564	165.060331322208	225.232057078005	164.378467820003	127.649314624308	112.979280305683
PA14_RS24560	762.416806241522	788.852283786904	855.776554121684	774.923411299255	1050.03168517179	1007.98920611592	1117.01198209732	1537.96835523158	1619.36968438146
PA14_RS24565	119.771559088618	148.422311190675	102.488210074453	137.918507260687	127.863636939739	88.880811761724	139.626497762165	140.00247410408	146.873064397388
PA14_RS24570	213.785793642048	239.443728550703	191.311325472313	230.194918593377	242.553444619019	236.342158548221	314.794285863789	304.711267167703	280.565212759114
PA14_RS24575	940.142345534309	795.412385938978	691.795418002559	915.818576990028	1034.53306251243	1035.25945517917	1044.66006962056	1213.69791888757	979.153762649255
PA14_RS24580	27.0451907619459	3.28005107603702	11.1028894247324	23.8132674406941	23.2479339890434	18.1801660421708	24.7519700578383	23.6768890028959	5.64896401528417
PA14_RS24585	162.271144571675	164.002553801851	137.505015183225	95.2530697627765	132.513223737547	157.561439032147	135.818502368651	179.12081245669	128.043184346441
PA14_RS24590	177.725539292787	125.461953658416	122.131783672057	173.638408421728	140.262535067228	130.291189968891	154.2238134373	157.50278336709	137.458124371915
PA14_RS24595	149.392482304082	132.842068579499	143.483494104234	111.128581389906	110.040220881472	134.331226867151	105.354539220542	115.296155144536	88.5004362394519
PA14_RS24600	18.0301271746306	5.74008938306479	6.83254733829688	8.9299752902603	2.32479339890434	7.07006457195532	5.07732719135144	4.11771982659058	24.4788440662314
PA14_RS24605	73.4083749252817	54.9408555236201	52.9522418718008	50.603193311475	56.5699727066723	39.3903597580368	51.4079378124333	63.8246573121541	20.7128680560419
PA14_RS24610	90.150635873153	79.5412385938978	62.346994461959	48.6187543580838	34.8719009835651	22.220202940431	34.2719585416222	37.0594784393153	39.5427481069892
PA14_RS24615	130.074488902692	132.842068579499	118.715510002908	104.183045053037	69.7438019671302	71.7106549441182	81.871900960542	87.5015463150499	80.968484219073
PA14_RS24620	45.0753179365765	50.0207789095646	64.0551312965332	23.8132674406941	45.7209368451187	42.4203874317319	32.3679608448654	33.9711885693723	43.3087241171786
PA14_RS24625	1372.86539772544	966.795054661912	1058.19076901873	562.588443286399	647.067496028374	663.576060539235	528.04202790055	598.098804812282	538.53456945709
PA14_RS24630	21.8937258549086	45.9207150645183	29.8923946050488	12.8988531970427	17.8234160582666	19.1901752667359	19.6746428664868	17.50030926301	3.76597601018944
PA14_RS24635	333.557352730666	323.085030989647	206.68455698348	155.778457841207	105.390634083663	122.21111617237	77.4292396681094	88.5309762716976	52.7236641426522
PA14_RS24640	265.300442712422	251.743920085841	263.05307252443	208.366090106074	184.433609646411	202.001844913009	172.629124505949	152.355633583852	150.639040407578
PA14_RS24645	154.543947211119	130.382030272472	131.526536262215	151.809579934425	107.715427482568	102.01093168107	66.6399193864876	73.0895269219829	37.6597601018944
PA14_RS24650	110.756495501302	121.36188981337	103.34227849174	94.2608502860809	123.988981274898	125.241143846066	92.6612212421638	99.8547057948217	90.3834242445466
PA14_RS24655	656.811775647257	727.35132611121	853.214348869822	583.425052297006	679.614603613035	766.597001444869	742.559101735148	764.866457789201	847.344602292625
PA14_RS24660	352.875346132056	314.884903299554	289.52919346033	298.658062485372	246.42810028386	324.21296108538	330.026267437844	288.240387861341	359.650708973092
PA14_RS24665	154.543947211119	173.842707029962	181.916572882154	155.778457841207	152.661433194718	172.711577400623	188.495771978922	173.973662673452	177.000872478904
PA14_RS24670	1424.38004679582	1832.72853873569	1331.4926625506	1590.52782114303	1667.65179814738	2070.51891035834	1310.58508126759	1041.78311612742	1476.26259599426
PA14_RS24675	126.210890222414	86.9213535149811	83.6987048941367	93.2686308093853	111.590083147408	108.07098702846	97.1038825345963	86.4721163584023	111.096292300589
PA14_RS24680	468.783306540395	479.707469870415	426.180140226268	510.000811021533	368.867219292822	351.483210148636	479.807419582711	416.919132442297	395.427481069892
PA14_RS24685	714.765755851427	842.973126541515	760.974959802815	822.549946180643	758.657579175783	799.927305855516	828.238998089204	791.63163666204	740.014286002226
PA14_RS24690	2079.90395621631	2188.6140804857	1404.9425464373	2248.3693341922	1870.68375498502	1948.30779418597	1238.86783468975	1029.42995664765	1653.26346847317
PA14_RS24695	2181.6453881303	2414.93760473226	2336.73118969753	2268.21372372612	2300.77053378233	2260.40064457657	2444.0983767368	2125.77286047739	2624.88527910204
PA14_RS24700	870.597569289306	988.935399425162	797.69990174616	639.981562468655	754.007992377974	703.976429521837	563.58331824001	578.539635635977	630.800981706732
PA14_RS24705	86.287037192875	165.64257933987	86.2609101459981	109.144142436515	107.715427482568	91.9108394354191	65.3705875886498	70.0012370520399	54.6066521477469
PA14_RS24710	576.964069588179	309.144813916489	479.986450515356	373.074523237541	449.460057121506	390.873569906673	715.268468081634	831.779404971298	862.408506333383
PA14_RS24715	126.210890222414	179.582796413027	164.835204536412	137.918507260687	154.211295460654	174.731595849753	156.762477032976	134.855324320842	128.043184346441
PA14_RS24720	20.6058596281493	60.6809449066849	32.4545998569102	43.6576569746059	22.4730028560753	50.5004612282523	31.0986290470276	35.00061852602	9.41494002547361
PA14_RS24725	224.088723456123	263.224098851971	239.993225257678	242.101552313724	216.980717231072	278.762545979953	217.055737430274	216.180290896006	229.724536621556
PA14_RS24730	25.7573245351866	42.6406639884813	35.0168051087715	34.7276816843456	42.6212123132462	44.440405880862	41.8879493286494	40.1477683092582	41.4257361120839
PA14_RS24735	491.964898622063	382.945963127322	470.591697925197	474.280909860491	402.189258010451	474.704335545571	530.580691496225	517.803268193766	563.013413523322
PA14_RS24740	84.9991709661157	54.1208427546109	59.7847892100977	65.4864854619089	68.193939701194	53.5304889019474	84.4105645562177	66.912947182097	65.9045801783153
PA14_RS24745	2060.58596281493	2007.39125853466	2107.84085386459	1894.14698101188	2452.65703584408	2002.84829231248	2346.9944942022	2885.49216848335	2408.34165851615
PA14_RS24750	251.133914218069	214.843345480425	213.517104321777	179.591725281902	168.934986987049	220.18201095518	185.322442484328	202.797701459586	210.894656570609
PA14_RS24755	23.1815920816679	11.4801787661296	23.9139156840391	28.7743648241721	20.9231405901391	30.3002767369514	39.9839516318926	46.3243480491441	11.2979280305683
PA14_RS24760	21.8937258549086	31.980497991361	42.7034208643555	45.6420959279971	38.7465566484057	20.2001844913009	38.7146198340547	31.912328656077	47.074700127368
PA14_RS24765	42.4995854830578	47.5607406025368	46.973762950791	154.786238364512	117.789532211153	135.341236091716	176.437119899463	125.590454711013	173.234896468714
PA14_RS24770	38.6359868027798	22.1403447632499	14.5191630938809	38.696559591128	36.4217632495013	47.4704335545571	40.6186175308115	47.3537780057917	20.7128680560419
PA14_RS24775	18.0301271746306	15.5802426111759	16.2272999284551	24.8054869173897	25.5727273879477	16.1601475930407	39.9839516318926	21.6180290896006	3.76597601018944
PA14_RS24780	14.1665284943526	9.84015322811107	17.9354367630293	18.8521700572162	13.948760393426	25.2502306141261	33.6372926427033	21.6180290896006	18.8298800509472
PA14_RS24785	7.72719736055597	27.8804341463147	12.8110262593066	26.7899258707809	26.3476585209158	21.210193715866	26.0213018556761	24.7063189595435	37.6597601018944
PA14_RS24790	10.3029298140746	8.20012769009256	20.4976420148906	11.9066337203471	17.8234160582666	10.1000922456505	11.4239861805407	10.2942995664765	0
PA14_RS24795	553.782477506511	353.425503442989	458.634740083178	326.440207832849	373.51680609063	368.653366966242	440.458133849737	513.685548367175	595.024209609932
PA14_RS24800	73.4083749252817	64.7810087517312	70.033610217543	63.5020465085177	61.994490637449	68.6806272704231	53.946601408109	59.7069374855635	71.5535441935994
PA14_RS24805	43.7874517098172	48.3807533715461	60.6388576273848	100.214167146254	71.2936642330664	108.07098702846	100.277212029191	88.5309762716976	94.1494002547361
PA14_RS24810	198.331398920937	157.442451649777	165.689272953699	334.377963646413	316.17190225099	367.643357741676	455.055449524873	420.00742231224	369.065648998565
PA14_RS24815	43.7874517098172	44.2806895264998	34.1627366914844	31.7510232542588	27.122589653884	33.3303044106465	26.0213018556761	29.8534687427817	22.5958560611367
PA14_RS24820	20.6058596281493	14.7602298421666	39.287147195207	22.8210479639985	20.9231405901391	17.1701568176058	14.5973156751354	19.5591691763053	13.1809160356631
PA14_RS24825	20.6058596281493	25.4203958392869	23.059847266752	35.7199011610412	44.1710745791824	28.2802582878213	37.4452880362169	37.0594784393153	7.53195202037889
PA14_RS24830	83.7113047393563	44.2806895264998	76.0120891385527	36.7121206377368	46.4958679780868	53.5304889019474	53.946601408109	77.2072467485735	73.4365321986942
PA14_RS24835	491.964898622063	485.447559253479	527.814281883434	540.759614799096	585.073005390925	483.794418566657	642.916555604876	792.661066618687	922.664122496414
PA14_RS24840	9.0150635873153	5.74008938306479	3.41627366914844	3.96887790678235	8.52424246264924	0	4.44266129243251	1.02942995664765	1.88298800509472
PA14_RS24845	24.4694583084272	18.0402809182036	6.83254733829688	15.8755116271294	11.6239669945217	6.06005534739027	15.2319815740543	14.412019393067	28.2448200764208
PA14_RS24850	29.6209232154645	7.3801149210833	22.2057788494648	6.94553633686912	6.97438019671302	19.1901752667359	15.2319815740543	12.3531594797718	9.41494002547361
PA14_RS24855	16.7422609478713	23.7803703012684	29.8923946050488	24.8054869173897	30.2223141857564	17.1701568176058	31.0986290470276	25.7357489161911	39.5427481069892
PA14_RS24860	6.43933113379664	18.8602936872129	17.0813683457422	16.867731103825	13.948760393426	13.1301199193456	10.1546543827029	3.08828986994294	58.3726281579364
PA14_RS24865	83.7113047393563	81.1812641319163	98.2178679880176	68.4631438919956	86.0173557594606	57.5705258002076	82.5065668594609	96.7664159248787	101.681352275115
PA14_RS24870	794.613461910505	654.370189669386	739.623249370637	926.73299123368	1081.80386162349	964.558809459618	1033.23608344002	1115.90207300605	894.419302419993
PA14_RS24875	526.737286744565	537.108363701062	567.101429078641	534.806297938922	760.207441441719	724.176614013138	600.393940377308	507.508968627289	726.833369966563
PA14_RS24880	105.605030594265	115.621800430305	97.3637995707305	76.4008997055603	92.9917359561736	98.9809040073744	67.2745852854066	81.324966575164	47.074700127368
PA14_RS24885	95.3021007801903	80.361251362907	112.737031081898	44.6498764513015	41.8462811802781	42.4203874317319	70.4479147800012	84.413256445107	79.0854962139783
PA14_RS24890	95.3021007801903	104.961634433185	94.8015943188691	130.972970923818	64.3192840363534	115.141051600415	59.6585944983794	45.2949180924964	124.277208336252
PA14_RS24895	717.341488304946	795.412385938978	821.613817430199	609.222758691091	705.962262133951	652.465959069019	803.487028031365	716.483249826762	755.078190042983
PA14_RS24900	1008.39925555255	514.968018937813	604.680439439274	668.755927292827	877.996973652872	963.548800235053	831.412327583798	732.954129133124	1142.9737190925
PA14_RS24905	61.8175788844477	52.4808172165924	37.5790103606328	45.6420959279971	68.9688708341621	53.5304889019474	55.2159332059469	54.5597877023252	33.893784091705
PA14_RS24910	46.3631841633358	37.7205873744258	72.5958154694043	81.3619970890383	58.8947661055766	79.7907287406386	118.047857198921	91.6192661416405	67.78756818341
PA14_RS24915	18.0301271746306	22.1403447632499	25.6220525186133	64.4942659852133	46.4958679780868	59.5905442493377	83.1412327583798	87.5015463150499	79.0854962139783
PA14_RS24920	719.917220758464	364.905682209119	365.541282598883	361.167889517194	428.536916531367	569.645202654686	565.487315936767	539.421297283366	675.992693829005
PA14_RS24925	3.86359868027798	3.28005107603702	6.83254733829688	4.96109738347794	7.74931132968113	8.08007379652036	6.98132488810823	5.14714978323823	1.88298800509472
PA14_RS24930	18.0301271746306	27.8804341463147	58.0766523755234	9.92219476695589	17.8234160582666	16.1601475930407	9.51998848378395	11.3237295231241	16.9468920458525
PA14_RS31485	33.4845218957425	18.8602936872129	11.9569578420195	9.92219476695589	6.97438019671302	10.1000922456505	6.3466589891893	5.14714978323823	0
PA14_RS24940	408.253593882707	320.624992682619	369.811624685318	203.404992722596	206.906612502486	242.402213895611	167.551797314598	169.855942846862	188.298800509472
PA14_RS24945	153.25608098436	150.882349497703	106.758552160889	159.74733574799	134.838017136452	130.291189968891	131.375841076219	155.443923453795	133.692148361725
PA14_RS24950	176.437673066028	141.862209038601	169.105546622848	107.159703483124	121.664187875994	90.9008302108541	100.91187792811	116.325585101184	101.681352275115
PA14_RS24955	81.1355722858377	64.7810087517312	92.2393890670078	65.4864854619089	112.365014280376	106.05096857933	98.3732143324341	112.207865274593	107.330316290399
PA14_RS24960	39.9238530295392	72.1611236728145	39.287147195207	49.6109738347794	31.7721764516926	51.5104704528173	45.061278823244	53.5303577456776	24.4788440662314
PA14_RS24965	136.513820036489	145.142260114638	169.959615040135	161.731774701381	149.561708662846	164.631503604102	190.399769675679	149.267343713909	122.394220331157
PA14_RS24970	83.7113047393563	45.9207150645183	69.1795418002559	76.4008997055603	51.1454547758955	36.3603320843416	62.8319239929741	43.2360581792011	20.7128680560419
PA14_RS24975	9.0150635873153	16.4002553801851	11.1028894247324	4.96109738347794	10.0741047285855	9.09008302108541	11.4239861805407	20.5885991329529	1.88298800509472
PA14_RS24980	160.983278344916	132.842068579499	222.911856911936	161.731774701381	217.75564836404	167.661531277798	251.962361870815	289.269817817988	318.224972861008
PA14_RS24985	34.7723881225019	25.4203958392869	31.6005314396231	42.6654374979103	51.1454547758955	18.1801660421708	49.5039401156765	27.7946088294864	24.4788440662314
PA14_RS24990	5.15146490703731	4.92007661405553	4.27034208643555	3.96887790678235	17.0484849252985	9.09008302108541	4.44266129243251	5.14714978323823	7.53195202037889
PA14_RS24995	55.3782477506511	26.2404086082962	42.7034208643555	27.7821453474765	37.9716255154375	34.3403136352115	33.0026267437844	37.0594784393153	28.2448200764208
PA14_RS25000	126.210890222414	147.602298421666	138.359083600512	90.2919723792986	94.5415982221098	128.271171519761	105.354539220542	72.0600969653352	107.330316290399
PA14_RS25005	64.3933113379664	40.1806256814535	41.8493524470684	61.5176075551265	68.193939701194	47.4704335545571	63.466589891893	84.413256445107	82.8514722241678
PA14_RS25010	110.756495501302	103.321608895166	111.882962664611	119.066337203471	114.689807679281	113.121033151285	119.317188996759	123.531594797718	103.56434028021
PA14_RS25015	294.921365927886	304.224737302434	350.168051087715	290.720306671807	340.96969850597	286.842619776473	285.599654513518	317.064426647475	355.884732962902
PA14_RS25020	198.331398920937	238.623715781693	300.632082885063	215.311626442943	229.379615358561	173.721586625188	210.074412542166	218.239150809301	214.660632580798
PA14_RS25025	11.590796040834	18.8602936872129	23.059847266752	40.6809985445191	24.7977962549796	30.3002767369514	19.6746428664868	30.8828986994294	28.2448200764208
PA14_RS25030	182.877004199825	194.343026255194	289.52919346033	208.366090106074	202.257025704678	219.172001730615	204.997085350814	190.444541979814	192.064776519662
PA14_RS25035	441.73811577845	354.245516211998	360.41687209516	459.397617710058	383.590910819216	481.774400117527	463.940772109738	441.62545140184	446.268157207449
PA14_RS25040	209.92219496177	200.083115638258	219.495583242787	160.739555224685	156.536088859559	158.571448256712	184.05311068649	186.326822153224	146.873064397388
PA14_RS25045	36.0602543492612	27.0604213773054	72.5958154694043	50.603193311475	58.1198349726085	78.7807195160735	60.9279262962173	62.7952273555064	141.224100382104
PA14_RS25050	253.709646671588	316.524928837573	278.426304035598	172.646188945032	214.655923832167	187.861715769098	161.839804224327	156.473353410442	177.000872478904
PA14_RS25055	3.86359868027798	3.28005107603702	2.56220525186133	8.9299752902603	5.42451793077679	3.03002767369514	12.0586520794597	17.50030926301	3.76597601018944
PA14_RS25060	3.86359868027798	3.28005107603702	5.12441050372266	0.992219476695589	2.32479339890434	10.1000922456505	7.61599078702716	7.20600969653352	15.0639040407578
PA14_RS25065	282.042703660293	287.824481922249	324.545998569102	252.02374708068	263.476585209158	318.152905737989	307.178295076762	352.065045173495	352.118756952713
PA14_RS25070	83.7113047393563	168.922630415907	130.672467844928	182.568383711988	204.581819103582	230.28210320083	220.863732823788	234.710030115663	160.053980433051
PA14_RS31725	106.892896821024	57.4008938306479	63.2010628792461	100.214167146254	110.040220881472	92.9208486599842	62.1972580940551	52.5009277890299	96.0323882598308
PA14_RS25080	301.360697061683	328.005107603702	309.172767057934	325.447988356153	385.140773085152	418.143818969929	403.012845813521	467.361200318031	497.108833345007
PA14_RS25085	1001.95992441876	1161.95809368612	1069.29365844346	844.378774667946	920.618185966118	988.799030849179	818.084343706501	877.074323063794	819.099782216204
PA14_RS25090	20.6058596281493	29.5204596843332	23.9139156840391	39.6887790678235	24.7977962549796	47.4704335545571	38.7146198340547	29.8534687427817	45.1917121222733
PA14_RS25095	164.846877025194	158.262464418786	93.0934574842949	173.638408421728	151.111570928782	103.020940905635	103.450541523786	105.00185557806	143.107088387199
PA14_RS25100	82.423438512597	38.540600143435	56.3685155409492	78.3853386589515	82.9176312275881	54.5404981265124	62.8319239929741	81.324966575164	71.5535441935994
PA14_RS25105	25.7573245351866	45.9207150645183	35.0168051087715	51.5954127881706	33.3220387176289	34.3403136352115	31.7332949459465	24.7063189595435	22.5958560611367
PA14_RS25110	79.8477060590783	78.7212258248885	36.7249419433457	43.6576569746059	56.5699727066723	46.4604243299921	38.7146198340547	37.0594784393153	58.3726281579364
PA14_RS25115	64.3933113379664	55.7608682926294	62.346994461959	30.7588037775632	51.1454547758955	66.660608821293	45.695944722163	48.3832079624394	48.9576881324628
PA14_RS25120	267.87617516594	273.064252080082	251.950183099697	203.404992722596	239.453720087147	253.512315365826	139.626497762165	146.179053843966	154.405016417767
PA14_RS25125	45.0753179365765	32.8005107603702	31.6005314396231	17.8599505805206	10.0741047285855	25.2502306141261	13.9626497762165	21.6180290896006	9.41494002547361
PA14_RS25130	5.15146490703731	16.4002553801851	8.54068417287109	1.98443895339118	3.09972453187245	1.01000922456505	1.90399769675679	5.14714978323823	0
PA14_RS25135	0	2.46003830702777	1.70813683457422	0	0	0	3.17332949459465	0	0
PA14_RS25140	6.43933113379664	3.28005107603702	1.70813683457422	0	0	0	0	3.08828986994294	1.88298800509472
PA14_RS25145	21.8937258549086	22.1403447632499	15.373231511168	14.8832921504338	8.52424246264924	20.2001844913009	8.25065668594609	11.3237295231241	0
PA14_RS25150	6.43933113379664	19.6803064562221	12.8110262593066	1.98443895339118	9.29917359561736	13.1301199193456	13.3279838772975	16.4708793063623	13.1809160356631
PA14_RS25155	20.6058596281493	31.980497991361	29.0383261877617	31.7510232542588	17.8234160582666	48.4804427791222	27.9252995524329	27.7946088294864	54.6066521477469
PA14_RS25160	69.5447762450037	91.0214173600274	145.191630938809	112.120800866602	92.9917359561736	107.060977803895	125.029182087029	119.413874971127	97.9153762649255
PA14_RS25165	54.0903815238918	69.7010853657867	70.8876786348301	72.432021798778	99.1911850199185	64.6405903721629	77.4292396681094	67.9423771387446	148.756052402483
PA14_RS25170	114.62009418158	83.6413024389441	86.2609101459981	99.2219476695589	118.564463344121	90.9008302108541	138.991831863246	130.737604494251	197.713740534946
PA14_RS25175	20.6058596281493	42.6406639884813	29.8923946050488	36.7121206377368	44.1710745791824	41.4103782071669	38.7146198340547	55.5892176589729	52.7236641426522
PA14_RS25180	11.590796040834	13.1202043041481	17.9354367630293	9.92219476695589	22.4730028560753	5.05004612282523	6.98132488810823	14.412019393067	9.41494002547361
PA14_RS25185	36.0602543492612	54.1208427546109	70.8876786348301	26.7899258707809	32.5471075846608	29.2902675123863	22.2133064621625	30.8828986994294	35.7767720967997
PA14_RS25190	1029.0051151807	933.994543901542	884.814880309445	814.612190367078	1005.08567945964	1035.25945517917	1113.2039867038	1080.90145448003	1303.02769952555
PA14_RS25195	150.680348530841	117.261825968324	95.6556627361563	143.87182412086	134.838017136452	131.301199193456	143.434493155678	124.561024754365	79.0854962139783
PA14_RS25200	50.2267828436138	72.9811364418238	68.3254733829688	88.3075334259074	65.8691463022896	72.7206641686833	45.695944722163	82.3543965318117	86.6174482343572
PA14_RS25205	52.8025152971325	92.6614428980459	72.5958154694043	81.3619970890383	85.2424246264924	68.6806272704231	91.3918894443259	127.649314624308	112.979280305683
PA14_RS25210	204.770730054733	169.742643184916	134.942809931363	208.366090106074	203.806887970614	200.991835688444	194.842430968112	218.239150809301	152.522028412672
PA14_RS25215	376.056938213724	367.365720516146	374.081966771754	397.880010154931	538.577137412839	421.173846643624	522.964700709198	577.510205679329	557.364449508038
PA14_RS25220	428.859453510856	381.305937589304	390.309266700209	362.16010899389	487.431682636943	491.874492363177	517.252707618928	590.892795115749	523.470665416333
PA14_RS25225	126.210890222414	66.4210342897497	92.2393890670078	88.3075334259074	85.2424246264924	75.7506918423784	76.7945737691905	68.9718070953923	116.745256315873
PA14_RS25230	878.324766649862	724.071275035173	575.642113251512	493.133079917708	650.942151693215	592.875414819682	423.322154578926	453.978610881612	448.151145212544
PA14_RS25235	551.206745052992	508.407916785738	192.1653938896	479.242007243969	390.565291015929	362.593311618851	220.229066924869	207.944851242824	111.096292300589
PA14_RS25240	3468.22374866287	3936.06129124443	3997.89426132096	2955.82182107616	2978.06034399646	2882.56632690864	2765.23932158978	2766.07829351222	2760.46041546886
PA14_RS25245	1770.81606179408	1842.5686919638	1912.25918630584	1351.40292725939	1408.82479973603	1533.19400288974	1268.06246604002	1311.4937647691	1385.87917174972
PA14_RS25250	397.950664068632	462.48720172122	427.034208643555	328.42464678624	315.396971118022	336.33307178016	260.213018556761	254.269199291969	289.980152784587
PA14_RS25255	1026.42938272718	1400.58180946781	1134.20285815728	913.834138036637	939.216533157353	1033.23943673004	610.548594760011	674.276621604208	787.088986129594
PA14_RS25260	424.995854830578	311.604852223517	117.007373168334	320.486890972675	237.128926688243	290.882656674733	178.341117596219	111.178435317946	107.330316290399
PA14_RS25265	70.832642471763	64.7810087517312	31.6005314396231	66.4787049386044	47.2707991110549	60.6005534739027	53.946601408109	44.2654881358488	22.5958560611367
PA14_RS30995	38.6359868027798	22.9603575322592	23.9139156840391	37.7043401144324	46.4958679780868	40.4003689826018	34.2719585416222	36.0300484826676	65.9045801783153
PA14_RS31620	2.57573245351866	0.820012769009256	0	0	3.09972453187245	1.01000922456505	4.44266129243251	0	16.9468920458525
PA14_RS25270	346.436014998259	456.747112338155	456.926603248604	267.899258707809	213.880992699199	215.131964832355	182.149112989733	255.298629248616	186.415812504377
PA14_RS25275	208.634328735011	164.002553801851	216.933377990926	144.864043597556	202.257025704678	202.001844913009	148.51182034703	150.296773670556	161.936968438146
PA14_RS25280	191.89206778714	215.663358249434	189.603188637738	238.132674406941	274.325621070712	293.912684348428	201.82375585622	289.269817817988	293.746128794777
PA14_RS25285	75.9841073788004	28.7004469153239	64.9091997138203	66.4787049386044	70.5187331000983	44.440405880862	56.4852650037848	86.4721163584023	64.0215921732205
PA14_RS25290	100.453565687228	112.341749354268	93.0934574842949	143.87182412086	124.763912407866	173.721586625188	191.669101473517	140.00247410408	216.543620585893
PA14_RS25295	10.3029298140746	11.4801787661296	15.373231511168	3.96887790678235	7.74931132968113	16.1601475930407	6.3466589891893	9.26486960982881	15.0639040407578
PA14_RS25300	12.8786622675933	13.9402170731573	29.0383261877617	15.8755116271294	24.0228651220115	35.3503228597766	16.5013133718922	31.912328656077	16.9468920458525
PA14_RS25305	123.635157768895	95.1214812050736	117.861441585621	67.4709244153	75.9432510308751	74.7406826178133	59.0239285994605	70.0012370520399	75.3195202037889
PA14_RS25310	300.072830834923	213.203319942406	228.890335832945	142.879604644165	179.009091715634	174.731595849753	148.51182034703	219.268580765949	209.011668565514
PA14_RS25315	139.089552490007	116.441813199314	130.672467844928	129.980751447122	165.060331322208	139.381272989976	127.567845682705	203.827131416234	96.0323882598308
PA14_RS25320	18.0301271746306	31.980497991361	40.1412156124941	21.8288284873029	31.7721764516926	37.3703413089067	41.8879493286494	42.2066282225535	60.2556161630311
PA14_RS25325	248.55818176455	221.403447632499	228.036267415658	311.556915682415	246.42810028386	243.412223120176	237.36504619568	257.357489161911	169.468920458525
PA14_RS25330	72.1205086985224	80.361251362907	60.6388576273848	81.3619970890383	92.9917359561736	75.7506918423784	93.9305530400016	87.5015463150499	84.7344602292625
PA14_RS25335	30.9087894422239	62.3209704447034	87.9690469805723	49.6109738347794	47.2707991110549	77.7707102915085	53.946601408109	62.7952273555064	35.7767720967997
PA14_RS25340	303.936429515201	325.545069296674	351.022119505002	335.370183123109	269.676034272903	275.732518306257	272.90633653514	271.769508554979	212.777644575704
PA14_RS25345	21.8937258549086	57.4008938306479	70.8876786348301	68.4631438919956	72.8435264990026	85.8507840880288	60.9279262962173	66.912947182097	80.968484219073
PA14_RS25350	100.453565687228	145.142260114638	103.34227849174	107.159703483124	126.313774673802	83.8307656388988	111.701198209732	113.237295231241	86.6174482343572
PA14_RS25355	370.905473306686	371.465784361193	163.981136119125	284.766989811634	259.601929544318	212.10193715866	118.047857198921	119.413874971127	88.5004362394519
PA14_RS25360	327.118021596869	428.046665422831	165.689272953699	443.522106082928	466.508542046804	548.43500893882	285.599654513518	258.386919118559	455.683097232923
PA14_RS25365	0	0	0	0	0	0	0	0	0
PA14_RS25370	0	0	0	0	0	0	0	0	0
PA14_RS25375	695.447762450037	480.527482639424	209.246762235342	500.078616254577	754.782923510942	768.617019893999	330.660933336762	446.772601185078	557.364449508038
PA14_RS25380	77.2719736055597	77.08120028687	75.1580207212656	73.4242412754736	51.1454547758955	84.8407748634638	87.5838940508123	86.4721163584023	54.6066521477469
PA14_RS25385	54.0903815238918	85.2813279769626	76.8661575558398	68.4631438919956	94.5415982221098	92.9208486599842	77.4292396681094	90.5898361849928	64.0215921732205
PA14_RS25390	270.451907619459	288.644494691258	417.639456053397	387.957815387975	416.138018403877	331.283025657335	454.420783625954	502.361818844051	487.693893319533
PA14_RS25395	1063.7775033032	927.434441749468	918.123548583643	986.266159835415	1152.32259472358	1029.19939983178	1122.08930928867	1246.6396775003	1090.25005494984
PA14_RS25400	166.134743251953	186.96291133411	165.689272953699	166.692872084859	167.385124721112	160.591466705842	171.99445860703	155.443923453795	139.341112377009
PA14_RS25405	1047.03524235533	1111.11730200754	1123.95403714984	1289.88531970427	1201.14325610058	1069.59976881438	1389.28365273354	1471.05540804949	1240.88909535742
PA14_RS31490	10.3029298140746	14.7602298421666	9.3947525901582	6.94553633686912	3.87465566484057	5.05004612282523	8.25065668594609	6.17657973988588	11.2979280305683
PA14_RS25410	158.407545891397	95.9414939740829	73.4498838866914	166.692872084859	179.009091715634	177.761623523448	230.383721307572	194.562261806405	224.075572606272
PA14_RS25415	140.377418716767	123.821928120398	83.6987048941367	88.3075334259074	110.81515201444	94.9408671091143	54.581267307028	61.7657973988588	77.2025082088836
PA14_RS25420	176.437673066028	168.922630415907	129.818399427641	157.762896794599	142.587328466133	118.17107927411	125.029182087029	151.326203627204	90.3834242445466
PA14_RS25425	430.147319737616	414.926461118683	500.484092530246	380.02005957441	387.465566484057	358.553274720591	353.508905697844	350.0061852602	380.363577029134
PA14_RS25430	310.375760648998	253.38394562386	276.718167201023	306.595818298937	399.089533478578	377.743449987327	404.282177611358	465.302340404736	483.927917309343
PA14_RS25435	24.4694583084272	27.8804341463147	40.9952840297813	52.5876322648662	34.8719009835651	49.4904520036872	45.695944722163	48.3832079624394	24.4788440662314
PA14_RS25440	15.4543947211119	22.9603575322592	19.6435735976035	15.8755116271294	35.6468321165332	32.3202951860815	24.1173041589193	23.6768890028959	15.0639040407578
PA14_RS25445	78.559839832319	76.2611875178608	68.3254733829688	85.3308749958206	67.4190085682258	78.7807195160735	98.3732143324341	80.2955366185164	122.394220331157
PA14_RS25450	34.7723881225019	37.7205873744258	39.287147195207	41.6732180212147	47.2707991110549	36.3603320843416	36.8106221372979	30.8828986994294	37.6597601018944
PA14_RS25455	37.3481205760205	22.9603575322592	19.6435735976035	38.696559591128	13.1738292604579	25.2502306141261	25.3866359567572	14.412019393067	5.64896401528417
PA14_RS25460	23.1815920816679	26.2404086082962	23.9139156840391	27.7821453474765	27.8975207868521	27.2702490632562	34.9066244405411	28.8240387861341	39.5427481069892
PA14_RS25465	9.0150635873153	13.9402170731573	14.5191630938809	17.8599505805206	17.0484849252985	19.1901752667359	24.1173041589193	14.412019393067	13.1809160356631
PA14_RS25470	25.7573245351866	5.74008938306479	5.97847892100977	10.9144142436515	10.8490358615536	11.1101014702155	6.98132488810823	5.14714978323823	3.76597601018944
PA14_RS25475	39.9238530295392	36.9005746054165	22.2057788494648	32.7432427309544	34.096969850597	32.3202951860815	36.175956238379	20.5885991329529	50.8406761375575
PA14_RS25480	136.513820036489	96.7615067430922	74.3039523039785	145.856263074252	89.8920114243011	156.551429807582	144.703824953516	66.912947182097	133.692148361725
PA14_RS25485	28.3330569887052	38.540600143435	33.3086682741973	51.5954127881706	45.7209368451187	39.3903597580368	66.6399193864876	57.6480775722682	56.4896401528417
PA14_RS25490	41.2117192562985	47.5607406025368	46.1196945335039	29.7665843008677	42.6212123132462	25.2502306141261	52.0426037113523	45.2949180924964	39.5427481069892
PA14_RS25495	1432.10724415637	1040.59620387275	844.673664696951	1633.19325864094	1788.54105489041	1783.67629058187	1717.40592247462	1667.67652976919	1913.11581317624
PA14_RS25500	220.225124775845	173.842707029962	221.203720077361	137.918507260687	137.937741668324	160.591466705842	118.68252309784	142.061334017375	150.639040407578
PA14_RS25505	95.3021007801903	113.161762123277	92.2393890670078	85.3308749958206	138.712672801292	97.9708947828094	116.778525401083	125.590454711013	82.8514722241678
PA14_RS25510	141.665284943526	116.441813199314	152.878246694393	167.685091561554	122.439119008962	134.331226867151	122.490518491353	133.825894364194	144.990076392294
PA14_RS25515	86.287037192875	87.7413662839903	70.8876786348301	112.120800866602	123.988981274898	75.7506918423784	142.799827256759	95.7369859682311	114.862268310778
PA14_RS25520	426.283721057338	447.726971879054	571.371771165076	432.607691839277	457.209368451187	545.404981265124	505.828721438387	499.273528974108	455.683097232923
PA14_RS25525	310.375760648998	273.884264849091	316.859382813518	259.961502894244	265.026447475095	275.732518306257	248.789032376221	241.916039812197	259.852344703072
PA14_RS25530	56.6661139774104	33.6205235293795	36.7249419433457	27.7821453474765	44.9460057121506	36.3603320843416	29.8292972491897	23.6768890028959	50.8406761375575
PA14_RS25535	72.1205086985224	88.5613790529996	100.780073239879	72.432021798778	85.2424246264924	81.8107471897687	123.125184390272	142.061334017375	71.5535441935994
PA14_RS25540	2669.74668807209	1981.15084992636	1477.5383619067	2128.31077751204	2236.45124974597	2048.29870741791	1570.79809982435	1557.52752440789	1860.39214903358
PA14_RS25545	184.164870426584	148.422311190675	179.354367630293	175.622847375119	157.311019992527	139.381272989976	162.474470123246	158.532213323737	131.809160356631
PA14_RS25550	5.15146490703731	8.20012769009256	7.68661575558399	1.98443895339118	2.32479339890434	3.03002767369514	6.3466589891893	7.20600969653352	0
PA14_RS25555	305.224295741961	287.824481922249	302.340219719637	242.101552313724	282.849863533361	255.532333814956	274.175668332978	259.416349075207	254.203380687787
PA14_RS25560	316.815091782795	241.083754088721	277.572235618311	301.634720915459	329.345731511448	277.752536755387	323.044942549735	333.535305953837	340.820828922145
PA14_RS25565	772.719736055597	910.214173600274	1091.49943729293	670.740366246218	671.090361150386	655.495986742714	835.220322977312	818.396815534879	847.344602292625
PA14_RS25570	364.46614217289	416.566486656702	351.876187922289	301.634720915459	232.479339890434	272.702490632562	191.669101473517	240.886609855549	182.649836494188
PA14_RS25575	169.998341932231	206.643217790332	193.019462306887	154.786238364512	164.28540018924	185.841697319968	178.975783495138	185.297392196576	163.819956443241
PA14_RS25580	106.892896821024	191.882987948166	184.478778134016	119.066337203471	172.034711518921	137.361254540846	122.490518491353	160.591073237033	118.628244320967
PA14_RS25585	160.983278344916	219.76342209448	155.440451946254	144.864043597556	176.68429831673	159.581457481277	120.586520794597	137.943614190785	139.341112377009
PA14_RS25590	368.329740853168	395.246154662461	423.617934974406	522.899664218575	467.283473179772	547.424999714255	527.407362001631	493.096949234222	461.332061248207
PA14_RS25595	60.5297126576884	107.421672740212	79.4283628077012	100.214167146254	96.8663916210141	101.000922456505	95.1998848378395	114.266725187889	97.9153762649255
PA14_RS25600	97.8778332337089	88.5613790529996	111.882962664611	108.151922959819	101.515978418823	95.9508763336793	132.645172874056	113.237295231241	167.58593245343
PA14_RS25605	576.964069588179	615.829589525951	631.156560375174	375.058962190933	474.257853376485	430.263929664709	400.474182217845	397.359963265991	440.619193192165
PA14_RS25610	48.9389166168545	37.7205873744258	27.3301893531875	31.7510232542588	28.6724519198202	26.2602398386912	27.9252995524329	24.7063189595435	39.5427481069892
PA14_RS25615	159.695412118157	113.981774892287	103.34227849174	109.144142436515	90.6669425572692	117.161070049545	71.0825806789202	60.7363674422111	56.4896401528417
PA14_RS25620	191.89206778714	184.502873027083	105.904483743602	192.490578478944	352.593665500491	301.992758144949	166.917131415679	143.090763974023	133.692148361725
PA14_RS25625	266.588308939181	208.283243328351	168.251478205561	166.692872084859	263.476585209158	336.33307178016	269.733007040545	203.827131416234	210.894656570609
PA14_RS25630	3590.57104020501	3376.81258278011	3597.33617361331	3653.35211319316	3468.59175116527	3187.58911272728	3518.58774360655	3320.94104014531	3511.77262950166
PA14_RS25635	4279.57947152125	3407.97306800247	2708.25095121742	5463.16043868591	4496.15043348099	4139.01780226756	5229.64700709198	3371.38310802104	4202.82922737142
PA14_RS25640	1000.672058192	980.73527173507	1264.87532600221	1487.33699556669	1241.43967501492	1273.62163217652	2212.44532363139	1651.20565046282	1540.28418816748
PA14_RS25645	191.89206778714	196.803064562221	153.73231511168	194.475017432335	180.55895398157	173.721586625188	111.066532310813	153.385063540499	169.468920458525
PA14_RS25650	3367.77018297564	3622.81641348289	3414.56553231386	3525.35580069943	3071.05207995263	3013.8675261021	2927.0791258141	2758.87228381569	2649.36412316827
PA14_RS25655	3348.45218957425	3360.41232739993	3417.12773756573	3134.42132688136	3008.28265818222	2999.72739695818	2814.10859580654	2883.43330857006	2508.14002278617
PA14_RS25660	833.249448713285	1034.03610172067	1075.27213736447	736.226851708127	806.703309419806	928.198477375277	870.761613316772	892.515772413509	896.302290425088
PA14_RS25665	874.461167969584	912.674211907301	412.515045549674	1112.27803337575	799.728929223093	949.408671091143	512.175380427576	444.713741271783	446.268157207449
PA14_RS25670	795.901328137265	757.691798564552	458.634740083178	1086.48032698167	962.464467146396	1046.36955664939	472.191428795684	435.448871661954	572.428353548795
PA14_RS25675	2413.46130894698	2186.97405494768	1880.65865486622	2090.60643739761	1881.53279084658	2150.30963909898	1851.32042714652	1502.96773670556	1847.21123299792
PA14_RS25680	1987.17758788964	2856.92448722825	2672.38007769137	2218.60274989134	2120.21157980076	2270.50073682222	1944.6163142876	1856.06221183571	1762.47677276866
PA14_RS25685	1238.92731014247	1331.70073687103	1423.73205161761	946.577380767592	1096.52755314988	1048.38957509852	946.921521187043	980.017318728559	1005.51559472058
PA14_RS25690	360.602543492612	391.966103586424	413.369113966961	360.175670040499	312.29724658615	287.852629001038	290.67698170487	291.328677731284	269.267284728545
PA14_RS25695	1833.92150690528	1942.61024978293	2178.72853249942	1497.25919033364	1899.35620690485	1865.48703777164	1850.05109534868	2000.18240576638	2455.41635864352
PA14_RS25700	466.207574086877	365.725694978128	433.012687564564	342.315719459978	361.117907963141	402.993680601453	326.852937943249	319.12328656077	531.002617436711
PA14_RS25705	490.677032395304	466.587265566266	375.790103606328	792.783361879775	729.985127255963	717.106549441182	753.34842201677	689.718070953923	894.419302419993
PA14_RS25710	266.588308939181	242.72377962674	219.495583242787	162.723994178077	220.855372895912	218.16199250605	177.071785798381	171.914802760157	101.681352275115
PA14_RS25715	153.25608098436	131.202043041481	103.34227849174	115.097459296688	100.741047285855	87.8708025371589	96.4692166356774	96.7664159248787	79.0854962139783
PA14_RS25720	1862.25456389399	2109.07284189181	2120.65188012389	1685.78089090581	1653.70303775395	1904.87739752968	1388.64898683462	1555.46866449459	1540.28418816748
PA14_RS25725	472.646905220673	619.929653370997	565.393292244067	402.841107538409	470.383197711645	433.293957338404	345.892914910817	415.889702485649	433.087241171786
PA14_RS25730	972.339001203293	897.093969296126	990.719364053047	715.390242697519	783.455375430762	872.647970024199	728.596451958932	831.779404971298	781.440022114309
PA14_RS25735	303.936429515201	445.266933572026	392.87147195207	375.058962190933	359.568045697204	353.503228597766	315.428951762708	324.270436344008	391.661505059702
PA14_RS25740	467.495440313636	558.428695695303	668.735570735807	473.288690383796	583.523143124989	512.074676854478	609.279262962173	653.688022471255	615.737077665974
PA14_RS25745	2390.27971686531	2774.10319755831	3308.66104857026	3065.95818298937	3877.75538937244	3648.15331912894	4444.56529012927	5089.50170566596	6031.21058031839
PA14_RS25750	346.436014998259	349.325439597943	378.352308858189	286.751428765025	416.138018403877	392.893588355803	515.348709922171	553.833316676433	636.449945722016
PA14_RS25755	136.513820036489	124.641940889407	85.4068417287109	2217.61053041464	1989.24821832915	2007.89833843531	2441.55971314112	2189.59751778954	2071.28680560419
PA14_RS25760	913.097154772364	723.251262266163	649.94606555549	978.32840402185	879.546835918808	883.758071494415	850.452304551366	738.101278916362	822.865758226393
PA14_RS25765	448.177446912246	396.88618020048	350.168051087715	297.665843008677	380.491186287344	409.053735948843	314.15961996487	318.093856604123	378.480589024039
PA14_RS25770	52.8025152971325	61.5009576756942	25.6220525186133	89.299752902603	82.9176312275881	77.7707102915085	61.5625921951362	53.5303577456776	52.7236641426522
PA14_RS25775	100.453565687228	82.8212896699348	107.612620578176	127.996312493731	109.265289748504	137.361254540846	121.221186693516	98.825275838174	77.2025082088836
PA14_RS25780	503.555694662897	488.727610329516	481.69458734993	490.156421487621	510.679616625987	554.49506428621	523.599366608117	446.772601185078	529.119629431617
PA14_RS25785	110.756495501302	96.7615067430922	106.758552160889	116.089678773384	100.741047285855	90.9008302108541	78.0639055670284	83.3838264884593	48.9576881324628
PA14_RS25790	647.796712059942	700.290904733904	686.671007498836	361.167889517194	409.938569340132	400.973662152323	318.602281257303	338.682455737076	321.990948871197
PA14_RS25795	209.92219496177	238.623715781693	268.177483028152	122.042995633557	126.313774673802	93.9308578845492	103.450541523786	103.972425621412	129.926172351536
PA14_RS25800	382.49626934752	378.845899282276	442.407440154723	221.264943303116	213.106061566231	204.021863362139	135.818502368651	170.885372803509	263.618320713261
PA14_RS25805	172.57407438575	189.422949641138	294.653603964053	240.117113360332	223.180166294817	219.172001730615	298.292972491897	381.918513916277	293.746128794777
PA14_RS25810	267.87617516594	221.403447632499	327.108203820963	263.930380801027	277.425345602585	304.012776594079	374.452880362169	352.065045173495	378.480589024039
PA14_RS25815	179.013405519547	118.081838737333	153.73231511168	153.794018887816	169.709918120017	145.441328337367	142.799827256759	141.031904060727	144.990076392294
PA14_RS25820	123.635157768895	123.001915351388	133.234673096789	85.3308749958206	81.3677689616519	68.6806272704231	96.4692166356774	82.3543965318117	107.330316290399
PA14_RS25825	136.513820036489	141.042196269592	105.050415326314	132.957409877209	99.1911850199185	71.7106549441182	80.6025691627041	84.413256445107	24.4788440662314
PA14_RS25830	239.543118177235	274.704277618101	315.151245978943	225.233821209899	287.49945033117	228.2620847517	298.927638390816	311.917276864237	229.724536621556
PA14_RS25835	6.43933113379664	4.92007661405553	11.1028894247324	0	13.1738292604579	21.210193715866	16.5013133718922	15.4414493497147	35.7767720967997
PA14_RS25840	39.9238530295392	46.7407278335276	55.5144471236621	60.5253880784309	37.9716255154375	67.670618045858	46.3306106210819	49.412637919087	39.5427481069892
PA14_RS25845	148.104616077323	142.68222180761	118.715510002908	188.521700572162	149.561708662846	155.541420583017	186.591774282165	172.944232716805	114.862268310778
PA14_RS25850	68.2569100182444	70.521098134796	81.9905680595625	90.2919723792986	82.9176312275881	62.6205719230328	97.1038825345963	81.324966575164	80.968484219073
PA14_RS25855	119.771559088618	111.521736585259	78.5742943904141	92.2764113326897	78.2680444297794	85.8507840880288	92.6612212421638	59.7069374855635	86.6174482343572
PA14_RS25860	66.9690437914851	41.820651219472	85.4068417287109	95.2530697627765	84.4674934935243	79.7907287406386	133.279838772975	142.061334017375	97.9153762649255
PA14_RS25865	23.1815920816679	25.4203958392869	30.7464630223359	24.8054869173897	28.6724519198202	42.4203874317319	36.8106221372979	47.3537780057917	15.0639040407578
PA14_RS25870	25.7573245351866	28.7004469153239	20.4976420148906	21.8288284873029	19.3732783242028	25.2502306141261	20.3093087654058	22.6474590462482	30.1278080815155
PA14_RS25875	25.7573245351866	31.1604852223517	30.7464630223359	23.8132674406941	28.6724519198202	33.3303044106465	33.0026267437844	31.912328656077	35.7767720967997
PA14_RS25880	136.513820036489	132.842068579499	153.73231511168	194.475017432335	183.658678513443	168.671540502363	180.245115292976	146.179053843966	158.170992427957
PA14_RS25885	19.3179934013899	9.84015322811107	8.54068417287109	19.8443895339118	14.7236915263941	14.1401291439106	12.0586520794597	10.2942995664765	15.0639040407578
PA14_RS25890	14.1665284943526	18.0402809182036	9.3947525901582	47.6265348813883	20.9231405901391	21.210193715866	13.3279838772975	21.6180290896006	16.9468920458525
PA14_RS25895	9.0150635873153	27.8804341463147	18.7895051803164	25.7977063940853	24.0228651220115	34.3403136352115	39.9839516318926	36.0300484826676	24.4788440662314
PA14_RS25900	39.9238530295392	20.5003192252314	34.1627366914844	29.7665843008677	27.8975207868521	44.440405880862	53.3119355091901	23.6768890028959	35.7767720967997
PA14_RS25905	3.86359868027798	18.8602936872129	12.8110262593066	10.9144142436515	12.3988981274898	6.06005534739027	15.2319815740543	1.02942995664765	3.76597601018944
PA14_RS25910	48.9389166168545	67.241047058759	66.6173365483945	52.5876322648662	58.1198349726085	43.4303966562969	58.3892627005416	127.649314624308	67.78756818341
PA14_RS25915	14.1665284943526	27.8804341463147	36.7249419433457	12.8988531970427	13.1738292604579	28.2802582878213	13.9626497762165	23.6768890028959	32.0107960866103
PA14_RS25920	9.0150635873153	9.02014045910181	15.373231511168	11.9066337203471	7.74931132968113	15.1501383684757	15.8666474729732	9.26486960982881	1.88298800509472
PA14_RS25925	37.3481205760205	31.980497991361	32.4545998569102	24.8054869173897	22.4730028560753	26.2602398386912	34.9066244405411	21.6180290896006	58.3726281579364
PA14_RS25930	57.9539802041698	46.7407278335276	55.5144471236621	30.7588037775632	38.7465566484057	18.1801660421708	22.2133064621625	38.0889083959629	18.8298800509472
PA14_RS25935	33.4845218957425	22.9603575322592	21.3517104321777	23.8132674406941	12.3988981274898	21.210193715866	32.3679608448654	20.5885991329529	13.1809160356631
PA14_RS25940	69.5447762450037	62.3209704447034	71.7417470521172	82.3542165657339	57.3449038396404	55.5505073510775	106.62387101838	56.6186476156205	131.809160356631
PA14_RS25945	88.8627696463936	98.4015322811107	78.5742943904141	70.4475828453868	88.3421491583649	106.05096857933	109.797200512975	124.561024754365	64.0215921732205
PA14_RS25950	0	2.46003830702777	11.9569578420195	5.95331686017353	1.54986226593623	2.02001844913009	0.63466589891893	8.23543965318117	0
PA14_RS25955	30.9087894422239	14.7602298421666	12.8110262593066	42.6654374979103	40.2964189143419	30.3002767369514	23.4826382600004	18.5297392196576	22.5958560611367
PA14_RS25960	30.9087894422239	17.2202681491944	27.3301893531875	25.7977063940853	21.6980717231072	30.3002767369514	39.3492857329737	22.6474590462482	16.9468920458525
PA14_RS25965	142.953151170285	107.421672740212	59.7847892100977	225.233821209899	111.590083147408	189.881734218229	77.4292396681094	63.8246573121541	84.7344602292625
PA14_RS25970	37.3481205760205	34.4405362983887	33.3086682741973	33.73546220765	33.3220387176289	30.3002767369514	20.3093087654058	24.7063189595435	24.4788440662314
PA14_RS25975	45.0753179365765	36.0805618364072	29.8923946050488	27.7821453474765	30.9972453187245	18.1801660421708	27.9252995524329	30.8828986994294	39.5427481069892
PA14_RS25980	16.7422609478713	13.9402170731573	15.373231511168	17.8599505805206	10.0741047285855	3.03002767369514	11.4239861805407	5.14714978323823	7.53195202037889
PA14_RS25985	27.0451907619459	41.0006384504628	17.0813683457422	56.5565101716486	49.5955925099592	57.5705258002076	45.061278823244	47.3537780057917	37.6597601018944
PA14_RS25990	97.8778332337089	91.0214173600274	125.548057341205	75.4086802288647	81.3677689616519	71.7106549441182	67.9092511843255	73.0895269219829	116.745256315873
PA14_RS25995	155.831813437879	154.982413342749	164.835204536412	192.490578478944	167.385124721112	166.651522053232	196.746428664868	153.385063540499	265.501308718356
PA14_RS26000	104.317164367506	96.7615067430922	91.3853206497207	87.3153139492118	75.168319897907	68.6806272704231	75.5252419713527	68.9718070953923	67.78756818341
PA14_RS26005	280.754837433534	225.503511477545	153.73231511168	252.02374708068	231.704408757466	228.2620847517	151.685149841624	136.914184234137	175.117884473809
PA14_RS26010	160.983278344916	149.242323959685	152.878246694393	111.128581389906	134.838017136452	118.17107927411	144.703824953516	101.913565708117	133.692148361725
PA14_RS26015	851.279575887916	769.171977330682	902.750317072475	803.697776123427	738.509369718612	766.597001444869	891.070922082178	892.515772413509	909.483206460751
PA14_RS26025	11.590796040834	6.56010215207404	9.3947525901582	0.992219476695589	6.97438019671302	2.02001844913009	3.17332949459465	3.08828986994294	7.53195202037889
PA14_RS26030	1.28786622675933	3.28005107603702	0	4.96109738347794	0.774931132968113	0	2.53866359567572	3.08828986994294	3.76597601018944
PA14_RS26035	30.9087894422239	61.5009576756942	57.2225839582363	75.4086802288647	96.091460488046	96.9608855582444	94.5652189389206	83.3838264884593	112.979280305683
PA14_RS26040	181.589137973065	177.942770875008	198.143872810609	172.646188945032	151.88650206175	147.461346786497	151.050483942705	171.914802760157	173.234896468714
PA14_RS26045	9.0150635873153	11.4801787661296	14.5191630938809	7.93775581356471	6.97438019671302	9.09008302108541	6.3466589891893	9.26486960982881	7.53195202037889
PA14_RS26050	5.15146490703731	3.28005107603702	11.1028894247324	8.9299752902603	3.87465566484057	11.1101014702155	7.61599078702716	15.4414493497147	7.53195202037889
PA14_RS26055	0	1.64002553801851	3.41627366914844	0.992219476695589	1.54986226593623	12.1201106947805	2.53866359567572	3.08828986994294	11.2979280305683
PA14_RS26060	5.15146490703731	0.820012769009256	0	0	1.54986226593623	3.03002767369514	1.90399769675679	1.02942995664765	0
PA14_RS26065	45.0753179365765	41.820651219472	39.287147195207	68.4631438919956	43.3961434462143	55.5505073510775	54.581267307028	33.9711885693723	39.5427481069892
PA14_RS26070	0	0.820012769009256	0.854068417287109	0	1.54986226593623	1.01000922456505	0	0	0
PA14_RS26075	2.57573245351866	6.56010215207404	11.1028894247324	10.9144142436515	8.52424246264924	12.1201106947805	6.3466589891893	12.3531594797718	5.64896401528417
PA14_RS26080	0	0	0	0	5.42451793077679	1.01000922456505	0	0	0
PA14_RS26085	5.15146490703731	0.820012769009256	3.41627366914844	11.9066337203471	3.87465566484057	14.1401291439106	3.80799539351358	7.20600969653352	0
PA14_RS26090	105.605030594265	138.582157962564	127.256194175779	104.183045053037	79.8179066957156	125.241143846066	78.6985714659473	87.5015463150499	62.1386041681258
PA14_RS26095	605.297126576884	701.930930271923	511.586981954979	547.705151135965	474.257853376485	493.894510812307	382.703537048115	363.388774696619	440.619193192165
PA14_RS26100	27.0451907619459	37.7205873744258	55.5144471236621	47.6265348813883	41.07135004731	37.3703413089067	52.6772696102712	60.7363674422111	62.1386041681258
PA14_RS26105	7.72719736055597	5.74008938306479	3.41627366914844	10.9144142436515	5.42451793077679	13.1301199193456	8.25065668594609	3.08828986994294	0
PA14_RS26110	0	14.7602298421666	17.9354367630293	13.8910726737382	11.6239669945217	5.05004612282523	17.77064516973	12.3531594797718	22.5958560611367
PA14_RS26115	11.590796040834	7.3801149210833	1.70813683457422	9.92219476695589	8.52424246264924	4.04003689826018	5.07732719135144	16.4708793063623	1.88298800509472
PA14_RS26120	27.0451907619459	20.5003192252314	20.4976420148906	28.7743648241721	17.8234160582666	21.210193715866	22.2133064621625	11.3237295231241	22.5958560611367
PA14_RS26125	0	4.92007661405553	4.27034208643555	1.98443895339118	5.42451793077679	9.09008302108541	5.07732719135144	8.23543965318117	0
PA14_RS26130	73.4083749252817	59.8609321376757	42.7034208643555	80.3697776123427	87.5672180253968	50.5004612282523	91.3918894443259	59.7069374855635	131.809160356631
PA14_RS26135	7.72719736055597	11.4801787661296	0.854068417287109	8.9299752902603	3.87465566484057	2.02001844913009	8.88532258486502	4.11771982659058	20.7128680560419
PA14_RS26140	12.8786622675933	15.5802426111759	9.3947525901582	16.867731103825	6.1994490637449	13.1301199193456	15.8666474729732	19.5591691763053	22.5958560611367
PA14_RS26145	16.7422609478713	4.10006384504628	6.83254733829688	7.93775581356471	7.74931132968113	12.1201106947805	2.53866359567572	6.17657973988588	26.3618320713261
PA14_RS26150	18.0301271746306	17.2202681491944	38.4330787779199	21.8288284873029	17.8234160582666	18.1801660421708	20.3093087654058	7.20600969653352	18.8298800509472
PA14_RS26155	34.7723881225019	37.7205873744258	36.7249419433457	12.8988531970427	17.0484849252985	32.3202951860815	31.0986290470276	26.7651788728388	54.6066521477469
PA14_RS26160	311.663626875757	354.245516211998	316.859382813518	272.860356091287	289.824243730074	318.152905737989	264.655679849194	299.564117384465	244.788440662314
PA14_RS26165	395.374931615114	299.304660688378	256.220525186133	281.790331381547	292.923968261947	306.032795043209	247.519700578383	245.00432968214	201.479716545135
PA14_RS26170	148.104616077323	104.961634433185	105.904483743602	104.183045053037	155.761157726591	104.0309501302	98.3732143324341	123.531594797718	128.043184346441
PA14_RS26175	307.800028195479	322.265018220637	345.897709001279	500.078616254577	482.007164706166	490.864483138612	539.46601408109	598.098804812282	696.705561885047
PA14_RS26180	704.462826037352	788.852283786904	776.348191313983	1252.18097958983	1392.5512459437	1250.39142001153	1478.77154448111	1631.64648128652	1271.01690343894
PA14_RS31805	18.0301271746306	13.9402170731573	14.5191630938809	14.8832921504338	14.7236915263941	8.08007379652036	13.3279838772975	21.6180290896006	26.3618320713261
PA14_RS26190	221.512991002604	203.363166714295	237.431020005816	206.381651152682	220.855372895912	161.601475930407	162.474470123246	178.091382500043	152.522028412672
PA14_RS26195	396.662797841873	286.18445638423	279.280372452885	187.529481095466	228.604684225593	195.941789565619	136.45316826757	167.797082933566	109.213304295494
PA14_RS26200	387.647734254558	325.545069296674	373.227898354467	281.790331381547	340.96969850597	266.642435285172	243.07703928595	258.386919118559	256.086368692882
PA14_RS26205	1857.10309898695	1942.61024978293	2068.55370666938	1448.64043597556	1589.3837537176	1586.72449179169	1448.94224723192	1528.70348562175	1449.90076392294
PA14_RS26210	123.635157768895	178.762783644018	143.483494104234	133.949629353904	124.763912407866	115.141051600415	117.413191300002	108.090145448003	48.9576881324628
PA14_RS26215	276.891238753256	356.705554519026	416.785387636109	411.771082828669	390.565291015929	336.33307178016	441.092799748656	506.479538670642	406.72540910046
PA14_RS26220	410.829326336226	393.606129124443	409.098771880525	513.969688928315	479.682371307262	501.974584608828	542.004677676766	538.391867326719	525.353653421427
PA14_RS26225	556.35820996003	538.748389239081	479.132382098068	576.479515960137	571.124244997499	602.975507065332	528.676693799469	486.920369494337	591.258233599743
PA14_RS26230	142.953151170285	164.002553801851	68.3254733829688	169.669530514946	152.661433194718	139.381272989976	132.645172874056	72.0600969653352	82.8514722241678
PA14_RS26235	356.738944812334	327.185094834693	340.773298497557	283.774770334938	272.000827671808	343.403136352115	319.871613055141	302.652407254408	423.672301146312
PA14_RS26240	139.089552490007	145.962272883648	176.792162378432	131.965190400513	139.48760393426	138.371263765411	122.490518491353	141.031904060727	111.096292300589
PA14_RS26245	319.390824236313	374.74583543723	311.734972309795	370.097864807455	340.96969850597	408.043726724278	358.586232889195	295.446397557874	342.703816927239
PA14_RS26250	64.3933113379664	55.7608682926294	52.9522418718008	73.4242412754736	44.9460057121506	66.660608821293	56.4852650037848	68.9718070953923	30.1278080815155
PA14_RS26255	18.0301271746306	6.56010215207404	13.6650946765938	5.95331686017353	9.29917359561736	26.2602398386912	5.07732719135144	5.14714978323823	20.7128680560419
PA14_RS26260	3.86359868027798	0	1.70813683457422	2.97665843008677	1.54986226593623	4.04003689826018	2.53866359567572	7.20600969653352	5.64896401528417
PA14_RS26265	0	4.10006384504628	5.12441050372266	3.96887790678235	1.54986226593623	0	2.53866359567572	4.11771982659058	0
PA14_RS26270	0	0	0	0.992219476695589	1.54986226593623	7.07006457195532	0	1.02942995664765	0
PA14_RS26275	2.57573245351866	3.28005107603702	0.854068417287109	0.992219476695589	2.32479339890434	4.04003689826018	3.17332949459465	0	3.76597601018944
PA14_RS26280	20.6058596281493	17.2202681491944	23.059847266752	23.8132674406941	37.1966943824694	31.3102859615164	32.3679608448654	42.2066282225535	41.4257361120839
PA14_RS26285	20.6058596281493	19.6803064562221	33.3086682741973	11.9066337203471	17.8234160582666	14.1401291439106	12.6933179783786	28.8240387861341	37.6597601018944
PA14_RS26290	10.3029298140746	1.64002553801851	2.56220525186133	1.98443895339118	8.52424246264924	4.04003689826018	0.63466589891893	0	1.88298800509472
PA14_RS26295	3.86359868027798	3.28005107603702	7.68661575558399	5.95331686017353	4.64958679780868	26.2602398386912	5.07732719135144	11.3237295231241	16.9468920458525
PA14_RS26300	2.57573245351866	9.84015322811107	3.41627366914844	5.95331686017353	1.54986226593623	2.02001844913009	3.80799539351358	10.2942995664765	0
PA14_RS26305	91.4385020999123	88.5613790529996	81.1364996422754	71.4398023220824	81.3677689616519	72.7206641686833	77.4292396681094	71.0306670086876	58.3726281579364
PA14_RS26310	84.9991709661157	93.4814556670551	84.5527733114238	170.661749991641	187.533334178283	182.811669646273	208.805080744328	200.738841546291	180.766848489093
PA14_RS26315	113.332227954821	105.781647202194	120.423646837482	119.066337203471	164.28540018924	162.611485154972	150.415818043786	136.914184234137	118.628244320967
PA14_RS26320	18.0301271746306	23.7803703012684	36.7249419433457	16.867731103825	35.6468321165332	26.2602398386912	57.7545968016226	41.1771982659058	35.7767720967997
PA14_RS26325	137.801686263248	114.801787661296	139.213152017799	184.552822665379	128.638568072707	146.451337561932	149.146486245949	118.384445014479	150.639040407578
PA14_RS26330	164.846877025194	92.6614428980459	137.505015183225	105.175264529732	110.81515201444	130.291189968891	104.085207422705	113.237295231241	103.56434028021
PA14_RS26335	73.4083749252817	95.1214812050736	84.5527733114238	86.3230944725162	92.9917359561736	114.13104237585	99.642546130272	81.324966575164	90.3834242445466
PA14_RS31810	75.9841073788004	63.1409832137127	57.2225839582363	64.4942659852133	76.7181821638432	69.6906364949881	45.695944722163	71.0306670086876	41.4257361120839
PA14_RS31815	16.7422609478713	7.3801149210833	10.2488210074453	12.8988531970427	12.3988981274898	15.1501383684757	15.8666474729732	15.4414493497147	7.53195202037889
PA14_RS26345	14.1665284943526	13.9402170731573	19.6435735976035	11.9066337203471	13.948760393426	21.210193715866	23.4826382600004	18.5297392196576	11.2979280305683
PA14_RS26350	99.1656994604683	75.4411747488515	73.4498838866914	89.299752902603	127.863636939739	122.21111617237	135.183836469732	126.61988466766	141.224100382104
PA14_RS26355	38.6359868027798	17.2202681491944	17.0813683457422	20.8366090106074	14.7236915263941	18.1801660421708	8.88532258486502	8.23543965318117	16.9468920458525
PA14_RS26360	52.8025152971325	60.6809449066849	55.5144471236621	69.4553633686912	61.994490637449	55.5505073510775	71.7172465778391	54.5597877023252	52.7236641426522
PA14_RS26365	91.4385020999123	78.7212258248885	95.6556627361563	138.910726737382	98.4162538869504	90.9008302108541	125.029182087029	125.590454711013	131.809160356631
PA14_RS26370	220.225124775845	186.96291133411	256.220525186133	109.144142436515	175.909367183762	215.131964832355	123.125184390272	134.855324320842	218.426608590988
PA14_RS26375	23.1815920816679	44.2806895264998	35.0168051087715	62.5098270318221	90.6669425572692	48.4804427791222	73.6212442745959	86.4721163584023	133.692148361725
PA14_RS26380	2.57573245351866	11.4801787661296	3.41627366914844	1.98443895339118	6.97438019671302	12.1201106947805	10.1546543827029	9.26486960982881	0
PA14_RS26385	0	0.820012769009256	0	0	1.54986226593623	2.02001844913009	0	5.14714978323823	0
PA14_RS26390	0	0.820012769009256	1.70813683457422	6.94553633686912	3.87465566484057	0	1.26933179783786	3.08828986994294	0
PA14_RS26395	15.4543947211119	18.8602936872129	13.6650946765938	6.94553633686912	17.0484849252985	35.3503228597766	15.8666474729732	23.6768890028959	33.893784091705
PA14_RS26400	5.15146490703731	13.9402170731573	5.12441050372266	24.8054869173897	13.1738292604579	6.06005534739027	19.0399769675679	13.3825894364194	5.64896401528417
PA14_RS26405	533.176617878362	815.0926923952	604.680439439274	523.891883695271	468.05840431274	477.734363219266	430.303479467034	431.331151835364	393.544493064797
PA14_RS26410	557.646076186789	677.330547201645	699.482033758143	661.810390955958	567.249589332659	637.315820700544	633.396567121092	645.452582818074	491.459869329722
PA14_RS26415	583.403400721976	674.870508894617	634.572834044322	610.214978167787	530.827826083157	535.304889019474	594.681947287037	587.804505245806	508.406761375575
PA14_RS26420	164.846877025194	155.802426111759	177.646230795719	168.67731103825	165.060331322208	189.881734218229	151.685149841624	163.679363106976	148.756052402483
PA14_RS26425	36.0602543492612	19.6803064562221	19.6435735976035	30.7588037775632	24.7977962549796	30.3002767369514	32.3679608448654	19.5591691763053	20.7128680560419
PA14_RS26430	6.43933113379664	9.84015322811107	6.83254733829688	14.8832921504338	14.7236915263941	12.1201106947805	8.25065668594609	2.05885991329529	1.88298800509472
PA14_RS26435	20.6058596281493	5.74008938306479	4.27034208643555	0	10.8490358615536	15.1501383684757	17.77064516973	6.17657973988588	28.2448200764208
PA14_RS26440	7.72719736055597	9.84015322811107	6.83254733829688	16.867731103825	14.7236915263941	11.1101014702155	13.9626497762165	10.2942995664765	20.7128680560419
PA14_RS26445	1.28786622675933	1.64002553801851	11.1028894247324	8.9299752902603	2.32479339890434	3.03002767369514	2.53866359567572	3.08828986994294	0
PA14_RS26450	6.43933113379664	7.3801149210833	5.12441050372266	4.96109738347794	2.32479339890434	2.02001844913009	3.80799539351358	0	0
PA14_RS26455	9.0150635873153	4.10006384504628	16.2272999284551	7.93775581356471	16.2735537923304	8.08007379652036	12.0586520794597	20.5885991329529	11.2979280305683
PA14_RS26460	6.43933113379664	25.4203958392869	9.3947525901582	11.9066337203471	17.0484849252985	6.06005534739027	8.88532258486502	11.3237295231241	0
PA14_RS26465	59.2418464309291	37.7205873744258	30.7464630223359	91.2841918559942	43.3961434462143	60.6005534739027	59.6585944983794	58.6775075289158	37.6597601018944
PA14_RS26470	5.15146490703731	10.6601659971203	6.83254733829688	7.93775581356471	10.0741047285855	10.1000922456505	13.9626497762165	27.7946088294864	56.4896401528417
PA14_RS26475	2.57573245351866	6.56010215207404	5.97847892100977	3.96887790678235	11.6239669945217	22.220202940431	10.1546543827029	12.3531594797718	0
PA14_RS26480	20.6058596281493	25.4203958392869	24.7679841013262	29.7665843008677	37.9716255154375	24.2402213895611	15.8666474729732	19.5591691763053	11.2979280305683
PA14_RS26485	0	9.02014045910181	5.12441050372266	6.94553633686912	3.87465566484057	2.02001844913009	5.71199309027037	13.3825894364194	1.88298800509472
PA14_RS26490	5.15146490703731	4.92007661405553	0.854068417287109	3.96887790678235	2.32479339890434	12.1201106947805	5.07732719135144	1.02942995664765	0
PA14_RS26495	1.28786622675933	0.820012769009256	0.854068417287109	4.96109738347794	0.774931132968113	0	5.07732719135144	0	7.53195202037889
PA14_RS26500	65.6811775647257	101.681583357148	97.3637995707305	196.459456385727	172.034711518921	161.601475930407	195.47709686703	214.12143098271	163.819956443241
PA14_RS26505	60.5297126576884	54.1208427546109	76.0120891385527	129.980751447122	133.288154870515	141.401291439106	155.493145235138	220.298010722596	241.022464652124
PA14_RS26510	1.28786622675933	4.10006384504628	10.2488210074453	6.94553633686912	0.774931132968113	0	7.61599078702716	11.3237295231241	3.76597601018944
PA14_RS26515	11.590796040834	8.20012769009256	8.54068417287109	5.95331686017353	6.97438019671302	9.09008302108541	10.1546543827029	9.26486960982881	9.41494002547361
PA14_RS26520	2.57573245351866	8.20012769009256	9.3947525901582	0	3.09972453187245	3.03002767369514	0	0	9.41494002547361
PA14_RS26525	9.0150635873153	10.6601659971203	10.2488210074453	7.93775581356471	0.774931132968113	1.01000922456505	5.71199309027037	8.23543965318117	5.64896401528417
PA14_RS26530	1.28786622675933	8.20012769009256	4.27034208643555	3.96887790678235	5.42451793077679	10.1000922456505	6.3466589891893	6.17657973988588	9.41494002547361
PA14_RS26535	36.0602543492612	19.6803064562221	33.3086682741973	13.8910726737382	14.7236915263941	20.2001844913009	33.0026267437844	25.7357489161911	13.1809160356631
PA14_RS26540	7.72719736055597	24.6003830702777	23.059847266752	21.8288284873029	10.8490358615536	15.1501383684757	9.51998848378395	12.3531594797718	3.76597601018944
PA14_RS26545	57.9539802041698	47.5607406025368	43.5574892816426	26.7899258707809	35.6468321165332	34.3403136352115	46.3306106210819	46.3243480491441	26.3618320713261
PA14_RS26550	37.3481205760205	33.6205235293795	35.8708735260586	62.5098270318221	60.4446283715128	47.4704335545571	48.2346083178387	26.7651788728388	54.6066521477469
PA14_RS26555	69.5447762450037	24.6003830702777	38.4330787779199	68.4631438919956	55.020110440736	26.2602398386912	52.0426037113523	59.7069374855635	77.2025082088836
PA14_RS26560	6.43933113379664	15.5802426111759	15.373231511168	22.8210479639985	24.0228651220115	19.1901752667359	39.3492857329737	37.0594784393153	28.2448200764208
PA14_RS26565	25.7573245351866	18.8602936872129	31.6005314396231	35.7199011610412	50.3705236429274	48.4804427791222	51.4079378124333	79.2661066618687	133.692148361725
PA14_RS26570	72.1205086985224	100.861570588138	133.234673096789	103.190825576341	145.687052998005	119.181088498675	131.375841076219	163.679363106976	222.192584601177
PA14_RS26575	45.0753179365765	52.4808172165924	48.6818997853652	29.7665843008677	47.2707991110549	42.4203874317319	27.9252995524329	45.2949180924964	24.4788440662314
PA14_RS26580	1858.39096521371	1629.36537202139	1567.21554572185	2337.66908709481	2661.88844174547	3548.162405897	3178.406821786	3336.38248949502	3703.83740602132
PA14_RS26585	11.590796040834	22.9603575322592	33.3086682741973	22.8210479639985	39.5214877813738	37.3703413089067	33.6372926427033	19.5591691763053	41.4257361120839
PA14_RS26590	73.4083749252817	94.3014684360644	84.5527733114238	153.794018887816	120.114325610058	126.251153070631	137.087834166489	123.531594797718	111.096292300589
PA14_RS26595	23.1815920816679	29.5204596843332	23.059847266752	21.8288284873029	23.2479339890434	28.2802582878213	25.3866359567572	16.4708793063623	22.5958560611367
PA14_RS26600	32.1966556689832	18.8602936872129	37.5790103606328	8.9299752902603	10.8490358615536	37.3703413089067	12.6933179783786	26.7651788728388	9.41494002547361
PA14_RS26605	68.2569100182444	62.3209704447034	69.1795418002559	73.4242412754736	69.7438019671302	62.6205719230328	70.4479147800012	75.1483868352782	64.0215921732205
PA14_RS26610	333.557352730666	345.225375752897	286.966988208469	270.875917137896	259.601929544318	225.232057078005	201.189089957301	202.797701459586	169.468920458525
PA14_RS26615	137.801686263248	93.4814556670551	148.607904607957	266.907039231113	230.15454649153	250.482287692131	248.154366477302	226.474590462482	203.36270455023
PA14_RS26620	251.133914218069	357.525567288035	228.890335832945	247.062649697202	310.747384320213	194.931780341054	231.018387206491	213.092001026063	169.468920458525
PA14_RS26625	498.40422975586	583.84909153459	549.165992315611	447.490983989711	416.912949536845	475.714344770136	373.183548564331	377.800794089686	402.95943309027
PA14_RS26630	1456.5767024648	1705.62655953925	1551.84231421068	1619.3021859672	1463.84491017677	1191.81088498675	1196.9798853611	965.605299335492	949.02595456774
PA14_RS26635	1663.92316497305	1914.72981563661	1956.67074400477	1573.6600900392	1669.20166041332	1576.62439954604	1714.23259298003	1489.58514726914	1779.42366481451
PA14_RS26640	337.420951410944	337.845260831813	247.679841013262	231.187138070072	265.801378608063	266.642435285172	220.863732823788	167.797082933566	284.331188769303
PA14_RS26645	1101.12562387923	1020.09588464751	1181.17662110807	1004.12611041594	1010.51019739042	1099.90004555133	954.537511974071	837.955984711184	977.270774644161
PA14_RS26650	356.738944812334	400.166231276517	331.378545907398	459.397617710058	422.337467467622	391.883579131238	328.756935640006	378.830224046334	337.054852911955
PA14_RS26655	1050.89884103561	1023.37593572355	1316.11943103944	1251.18876011314	1280.18623166332	1323.11208418021	1520.65949380976	1546.20379488476	1502.62442806559
PA14_RS26660	506.131427116416	562.528759540349	354.43839317415	394.903351724844	354.143527766428	406.023708275148	267.829009343788	215.150860939358	256.086368692882
PA14_RS26665	2149.44873246132	2104.15276527775	1270.85380492322	1854.45820194406	1490.96749983065	1649.34506371472	1009.75344518002	674.276621604208	868.057470348667
PA14_RS26670	1898.31481824325	1781.88774705711	1713.26124507794	1661.96762346511	1721.12204632218	1806.90650274687	1484.48353757138	1487.52628735585	1728.58298867695
PA14_RS26675	918.248619679401	1040.59620387275	1061.60704268788	940.624063907418	936.116808625481	897.898200638325	1061.79604889137	938.840120462653	804.035878175446
PA14_RS26680	131.362355129451	161.542515494823	192.1653938896	253.015966557375	189.858127577188	178.771632748013	161.205138325408	165.738223020271	171.35190846362
PA14_RS26685	1814.60351350389	1784.34778536414	1716.67751874709	1927.88244321953	1833.48706060256	1840.23680715751	1736.44589944219	1690.32398881543	1628.78462440693
PA14_RS26690	2521.64207199476	2086.93249712856	2177.87446408213	2160.0618007663	2314.71929417575	2399.78191756655	2264.48792734274	2405.77780868555	2108.94656570609
PA14_RS26695	2650.4286946707	2766.72308263723	2914.08143978362	3156.25015536867	2972.63582606568	2880.54630845951	2967.69774334492	2943.14024605562	3361.13358909408
PA14_RS26700	409.541460109466	477.247431563387	407.390635045951	497.10195782449	524.628377019413	581.765313349466	566.756647734604	577.510205679329	770.142094083741
PA14_RS26705	945.293810441347	1012.71576972643	1079.54247945091	1260.1187354034	1233.69036368524	1271.60161372739	1562.54744313841	1614.14617202351	1777.54067680942
PA14_RS26710	553.782477506511	482.167508177442	538.917171308166	533.814078462227	436.286227861048	486.824446240352	462.036774412981	406.62483287582	419.906325136123
PA14_RS26715	406.965727655948	419.02652496373	423.617934974406	475.273129337187	471.158128844613	475.714344770136	412.532834297304	438.537161531897	380.363577029134
PA14_RS26720	14.1665284943526	16.4002553801851	17.0813683457422	13.8910726737382	25.5727273879477	10.1000922456505	25.3866359567572	19.5591691763053	7.53195202037889
PA14_RS26725	142.953151170285	141.042196269592	134.088741514076	209.358309582769	199.157301172805	178.771632748013	278.61832962541	234.710030115663	239.13947664703
PA14_RS26730	153.25608098436	157.442451649777	124.693988923918	228.210479639985	228.604684225593	220.18201095518	208.805080744328	207.944851242824	225.958560611367
PA14_RS26735	124.923023995655	175.482732567981	198.143872810609	140.895165690774	199.932232305773	185.841697319968	224.037062318382	237.798319985606	348.352780942524
PA14_RS26740	123.635157768895	141.862209038601	176.792162378432	259.961502894244	225.504959693721	177.761623523448	266.559677545951	229.562880332425	195.830752529851
PA14_RS26745	276.891238753256	218.123396556462	271.593756697301	283.774770334938	275.10055220368	313.102859615164	261.482350354599	301.62297729776	246.671428667409
PA14_RS26750	260.148977805384	255.023971161878	345.043640583992	323.463549402762	355.693390032364	343.403136352115	408.090173004872	401.477683092582	393.544493064797
PA14_RS26755	154.543947211119	157.442451649777	134.088741514076	151.809579934425	197.607438906869	197.961808014749	168.186463213516	172.944232716805	214.660632580798
PA14_RS26760	82.423438512597	121.36188981337	127.256194175779	125.019654063644	157.311019992527	135.341236091716	185.957108383246	188.385682066519	225.958560611367
PA14_RS26765	173.861940612509	199.263102869249	181.916572882154	194.475017432335	198.382370039837	192.911761891924	178.341117596219	195.591691763053	231.607524626651
PA14_RS26770	238.255251950476	232.883626398629	252.804251516984	276.829233998069	263.476585209158	233.312130874525	264.655679849194	239.857179898902	225.958560611367
PA14_RS26775	1202.86705579321	997.955539884264	968.513585203582	949.554039197678	943.091188822194	958.498754112228	852.990968147042	938.840120462653	787.088986129594
PA14_RS26780	202.194997601215	264.86412438999	251.950183099697	363.152328470585	325.471075846608	357.543265496026	409.35950480271	417.948562398944	387.895529049513
PA14_RS26785	386.359868027798	339.485286369832	360.41687209516	374.066742714237	383.590910819216	447.434086482315	392.223525531899	378.830224046334	389.778517054607
PA14_RS26790	135.225953809729	154.982413342749	102.488210074453	169.669530514946	156.536088859559	122.21111617237	100.91187792811	119.413874971127	205.245692555325
PA14_RS26795	543.479547692436	607.629461835858	555.144471236621	847.355433098033	850.09945286602	846.387730185508	855.529631742718	883.25090280368	655.279825772963
PA14_RS26800	412.117192562985	438.706831419952	396.287745621219	436.576569746059	392.890084414833	418.143818969929	364.298225979466	329.417586127247	329.522900891576
PA14_RS26805	118.483692861858	76.2611875178608	49.5359682026523	90.2919723792986	58.8947661055766	71.7106549441182	44.4266129243251	59.7069374855635	50.8406761375575
PA14_RS26810	114.62009418158	122.181902582379	101.634141657166	108.151922959819	97.6413227539823	116.15106082498	76.1599078702716	97.7958458815264	60.2556161630311
PA14_RS26815	360.602543492612	280.444367001165	376.644172023615	294.68918457859	355.693390032364	301.992758144949	309.082292773519	364.418204653267	333.288876901766
PA14_RS26820	216.361526095567	187.78292410312	203.268283314332	268.891478184505	247.977962549796	230.28210320083	213.882407935679	239.857179898902	182.649836494188
PA14_RS26825	198.331398920937	131.202043041481	153.73231511168	171.653969468337	176.68429831673	147.461346786497	135.818502368651	131.767034450899	94.1494002547361
PA14_RS26830	103.029298140746	87.7413662839903	71.7417470521172	80.3697776123427	86.7922868924287	117.161070049545	81.237235061623	109.11957540465	112.979280305683
PA14_RS26835	77.2719736055597	89.3813918220089	130.672467844928	84.338655519125	179.009091715634	149.481365235627	145.973156751354	170.885372803509	220.309596596082
PA14_RS26840	203.482863827974	227.143537015564	251.09611468241	157.762896794599	265.801378608063	205.031872586704	171.99445860703	294.416967601227	252.320392682693
PA14_RS26845	177.725539292787	189.422949641138	170.813683457422	220.272723826421	186.758403045315	181.801660421708	236.730380296761	252.210339378673	163.819956443241
PA14_RS26850	319.390824236313	306.684775609462	315.151245978943	372.082303760846	361.117907963141	369.663376190807	405.551509409196	485.890939537689	493.342857334817
PA14_RS26855	27.0451907619459	9.02014045910181	20.4976420148906	6.94553633686912	10.8490358615536	4.04003689826018	8.25065668594609	8.23543965318117	18.8298800509472
PA14_RS26860	14.1665284943526	9.84015322811107	12.8110262593066	0	7.74931132968113	1.01000922456505	7.61599078702716	6.17657973988588	13.1809160356631
PA14_RS26865	7.72719736055597	9.84015322811107	13.6650946765938	8.9299752902603	3.87465566484057	8.08007379652036	4.44266129243251	8.23543965318117	26.3618320713261
PA14_RS26870	9.0150635873153	10.6601659971203	11.9569578420195	14.8832921504338	5.42451793077679	1.01000922456505	4.44266129243251	3.08828986994294	0
PA14_RS26875	0	3.28005107603702	4.27034208643555	1.98443895339118	3.87465566484057	12.1201106947805	4.44266129243251	2.05885991329529	0
PA14_RS26880	23.1815920816679	9.84015322811107	11.9569578420195	6.94553633686912	17.0484849252985	0	4.44266129243251	2.05885991329529	0
PA14_RS26885	5.15146490703731	11.4801787661296	10.2488210074453	21.8288284873029	11.6239669945217	16.1601475930407	6.98132488810823	13.3825894364194	18.8298800509472
PA14_RS26890	32.1966556689832	28.7004469153239	29.0383261877617	40.6809985445191	23.2479339890434	19.1901752667359	18.405311068649	19.5591691763053	3.76597601018944
PA14_RS26895	7.72719736055597	11.4801787661296	0	7.93775581356471	0.774931132968113	6.06005534739027	10.7893202816218	9.26486960982881	3.76597601018944
PA14_RS26900	92.7263683266716	77.9012130558793	107.612620578176	122.042995633557	90.6669425572692	110.09100547759	100.277212029191	106.031285534708	107.330316290399
PA14_RS26905	75.9841073788004	69.7010853657867	59.7847892100977	85.3308749958206	90.6669425572692	81.8107471897687	64.7359216897309	77.2072467485735	39.5427481069892
PA14_RS26910	48.9389166168545	57.4008938306479	54.660378706375	46.6343154046927	43.3961434462143	33.3303044106465	46.3306106210819	28.8240387861341	43.3087241171786
PA14_RS26915	32.1966556689832	22.1403447632499	31.6005314396231	25.7977063940853	12.3988981274898	21.210193715866	9.51998848378395	20.5885991329529	22.5958560611367
PA14_RS26920	23.1815920816679	11.4801787661296	30.7464630223359	14.8832921504338	21.6980717231072	40.4003689826018	18.405311068649	14.412019393067	16.9468920458525
PA14_RS26925	96.5899670069496	94.3014684360644	117.861441585621	127.004093017035	154.211295460654	136.351245316281	114.874527704326	112.207865274593	118.628244320967
PA14_RS26930	24.4694583084272	9.84015322811107	26.4761209359004	17.8599505805206	20.9231405901391	11.1101014702155	14.5973156751354	17.50030926301	13.1809160356631
PA14_RS26935	9.0150635873153	2.46003830702777	4.27034208643555	6.94553633686912	5.42451793077679	3.03002767369514	3.17332949459465	1.02942995664765	0
PA14_RS26940	113.332227954821	77.08120028687	72.5958154694043	141.887385167469	85.2424246264924	87.8708025371589	111.066532310813	128.678744580956	90.3834242445466
PA14_RS26945	42.4995854830578	75.4411747488515	59.7847892100977	85.3308749958206	98.4162538869504	70.7006457195532	66.0052534875687	60.7363674422111	67.78756818341
PA14_RS26950	79.8477060590783	78.7212258248885	108.466688995463	129.980751447122	103.065840684759	91.9108394354191	121.855852592435	122.50216484107	79.0854962139783
PA14_RS26955	10.3029298140746	9.02014045910181	6.83254733829688	24.8054869173897	8.52424246264924	19.1901752667359	13.3279838772975	18.5297392196576	3.76597601018944
PA14_RS26960	103.029298140746	111.521736585259	60.6388576273848	156.770677317903	134.838017136452	82.8207564143337	136.45316826757	88.5309762716976	77.2025082088836
PA14_RS26965	454.616778046043	401.806256814535	391.163335117496	603.269441830918	585.847936523894	528.234824447519	660.687200774606	614.569684118645	542.30054546728
PA14_RS26970	452.041045592524	491.187648636544	520.981734545137	655.857074095784	678.839672480067	617.115636209243	723.51912476758	744.277858656248	770.142094083741
PA14_RS26975	312.951493102517	209.923268866369	239.993225257678	267.899258707809	329.345731511448	325.222970309945	439.1888020519	339.711885693723	235.37350063684
PA14_RS26980	195.755666467418	246.003830702777	230.59847266752	297.665843008677	304.547935256468	345.423154801246	274.175668332978	354.12390508679	346.469792937429
PA14_RS26985	607.872859030403	556.788670157285	431.30455072999	484.203104627447	433.186503329175	378.753459211892	309.082292773519	290.299247774636	269.267284728545
PA14_RS26990	276.891238753256	222.223460401508	217.787446408213	224.241601733203	213.106061566231	215.131964832355	158.031808830814	129.708174537603	146.873064397388
PA14_RS26995	472.646905220673	486.267572022489	385.184856196486	410.778863351974	420.012674068717	363.603320843416	274.175668332978	289.269817817988	278.682224754019
PA14_RS27000	253.709646671588	236.163677474666	290.383261877617	260.95372237094	244.878238017924	265.632426060607	225.30639411622	169.855942846862	239.13947664703
PA14_RS27005	390.223466708076	405.086307890572	451.802192744881	428.638813932494	384.365841952184	436.3239850121	392.223525531899	428.242861965421	378.480589024039
PA14_RS27010	938.85447930755	871.673573456839	1047.087879594	979.320623498546	967.888985077173	957.488744887663	1106.22266181569	1107.66663335287	1043.17535482248
PA14_RS27015	303.936429515201	371.465784361193	316.859382813518	359.183450563803	314.622039985054	253.512315365826	292.580979401627	299.564117384465	209.011668565514
PA14_RS27020	127.498756449173	128.742004734453	105.050415326314	150.817360457729	137.937741668324	120.19109772324	125.663847985948	114.266725187889	120.511232326062
PA14_RS27025	159.695412118157	157.442451649777	178.500299213006	202.4127732459	157.311019992527	197.961808014749	168.821129112435	145.149623887318	135.57513636682
PA14_RS27030	151.968214757601	162.362528263833	174.22995712657	190.506139525553	175.909367183762	161.601475930407	173.263790404868	160.591073237033	126.160196341346
PA14_RS27035	251.133914218069	328.005107603702	355.292461591438	353.23013370363	378.166392888439	357.543265496026	302.73563378433	402.50711304923	370.94863700366
PA14_RS27040	186.740602880103	246.823843471786	233.160677919381	219.280504349725	265.801378608063	298.962730471253	277.348997827572	289.269817817988	323.873936876292
PA14_RS27045	213.785793642048	261.584073313953	312.589040727082	321.479110449371	344.069423037842	361.583302394286	370.644884968655	374.712504219743	370.94863700366
PA14_RS27050	1065.06536952996	865.113471304765	806.240585919031	1187.68671360462	1162.39669945217	1097.8800271022	1159.53459732488	1201.3447594078	1045.05834282757
PA14_RS27055	217.649392322326	247.643856240795	234.868814753955	310.564696205719	260.376860677286	345.423154801246	300.196970188654	312.946706820884	293.746128794777
PA14_RS27060	1929.22360768547	1239.85930674199	1742.2995712657	1981.46229496109	2092.31405901391	2063.44884578639	2754.45000130816	2700.19477628678	2775.52431950962
PA14_RS27065	1459.15243491832	1046.33629325581	1275.12414700965	1568.69899265573	1439.04711392179	1578.64441799517	1422.28627947732	1353.70039299165	1487.56052402483
PA14_RS27070	699.311361130315	559.248708464312	608.096713108422	850.332091528119	711.386780064728	733.266697034223	767.945737691905	705.159520303637	625.152017691448
PA14_RS27075	166.134743251953	143.50223457662	163.981136119125	201.420553769205	172.809642651889	172.711577400623	233.557050802166	211.033141112767	169.468920458525
PA14_RS27080	74.696241152041	50.8407916785738	124.693988923918	105.175264529732	92.9917359561736	93.9308578845492	72.9865783756769	90.5898361849928	94.1494002547361
PA14_RS27085	66.9690437914851	41.0006384504628	49.5359682026523	46.6343154046927	62.7694217704172	42.4203874317319	42.5226152275683	39.1183383526105	30.1278080815155
PA14_RS27090	318.102958009554	328.825120372711	418.493524470684	394.903351724844	479.682371307262	426.223892766449	507.732719135144	527.068137803595	434.970229176881
PA14_RS27095	528.025152971324	519.068082782859	646.529791886342	395.89557120154	478.907440174294	506.014621507088	394.127523228655	543.539017109957	401.076445085176
PA14_RS27100	92.7263683266716	86.9213535149811	81.9905680595625	89.299752902603	97.6413227539823	96.9608855582444	66.0052534875687	75.1483868352782	52.7236641426522
PA14_RS27105	27.0451907619459	43.4606767574905	41.8493524470684	31.7510232542588	30.9972453187245	38.3803505334717	23.4826382600004	12.3531594797718	18.8298800509472
PA14_RS27110	57.9539802041698	32.8005107603702	40.9952840297813	80.3697776123427	103.840771817727	91.9108394354191	107.258536917299	100.884135751469	152.522028412672
PA14_RS27115	9.0150635873153	16.4002553801851	5.97847892100977	16.867731103825	20.1482094571709	26.2602398386912	29.1946313502708	16.4708793063623	16.9468920458525
PA14_RS27120	108.180763047784	30.3404724533425	83.6987048941367	41.6732180212147	58.1198349726085	83.8307656388988	60.2932603972983	110.149005361298	97.9153762649255
PA14_RS27125	112.044361728062	86.9213535149811	111.028894247324	138.910726737382	132.513223737547	122.21111617237	157.397142931895	151.326203627204	171.35190846362
PA14_RS27130	14.1665284943526	27.0604213773054	19.6435735976035	10.9144142436515	20.1482094571709	9.09008302108541	15.2319815740543	20.5885991329529	3.76597601018944
PA14_RS27135	32.1966556689832	36.9005746054165	17.9354367630293	68.4631438919956	118.564463344121	116.15106082498	154.858479336219	140.00247410408	114.862268310778
PA14_RS27140	1.28786622675933	6.56010215207404	2.56220525186133	2.97665843008677	7.74931132968113	0	4.44266129243251	1.02942995664765	7.53195202037889
PA14_RS27145	7.72719736055597	0.820012769009256	3.41627366914844	6.94553633686912	5.42451793077679	3.03002767369514	3.80799539351358	3.08828986994294	0
PA14_RS27150	11.590796040834	15.5802426111759	21.3517104321777	17.8599505805206	13.1738292604579	23.230212164996	14.5973156751354	20.5885991329529	35.7767720967997
PA14_RS27155	339.996683864463	214.023332711416	266.469346193578	370.097864807455	378.941324021407	381.783486885587	340.180921820546	411.771982659058	438.73620518707
PA14_RS27160	117.195826635099	101.681583357148	103.34227849174	111.128581389906	118.564463344121	105.040959354765	90.757223545407	86.4721163584023	58.3726281579364
PA14_RS27165	491.964898622063	620.749666140007	509.878845120404	729.281315371258	616.845181842618	633.275783802283	609.279262962173	623.834553728473	625.152017691448
PA14_RS27170	692.872029996518	797.872424246006	889.939290813168	1132.12242290967	1125.2000050697	997.889113870265	1162.07326092056	1099.43119369969	1180.63347919439
PA14_RS27175	529.313019198084	479.707469870415	469.73762950791	436.576569746059	473.482922243517	437.333994236665	447.439458737846	452.949180924964	329.522900891576
PA14_RS27180	448.177446912246	555.968657388275	448.385919075732	471.304251430405	479.682371307262	444.40405880862	268.463675242707	307.799557037646	357.767720967997
PA14_RS27185	1137.18587822849	1107.0172381625	1404.9425464373	589.37836915718	904.344632173788	836.287637939858	776.83106027677	849.279714234308	992.334678684918
PA14_RS27190	212.497927415289	102.501596126157	126.402125758492	76.4008997055603	103.840771817727	76.7607010669434	96.4692166356774	97.7958458815264	99.7983642700202
PA14_RS27195	173.861940612509	167.282604877888	113.591099499186	72.432021798778	84.4674934935243	69.6906364949881	91.3918894443259	70.0012370520399	92.2664122496414
PA14_RS27200	87.5749034196343	89.3813918220089	76.8661575558398	79.3775581356471	58.8947661055766	37.3703413089067	41.2532834297304	35.00061852602	43.3087241171786
PA14_RS27205	481.661968807989	308.32480114748	357.854666843299	248.054869173897	270.450965405872	259.572370713217	271.002338838383	246.033759638787	244.788440662314
PA14_RS27210	441.73811577845	434.606767574905	479.132382098068	332.393524693022	342.519560771906	352.493219373201	287.503652210275	280.00494820816	321.990948871197
PA14_RS27215	793.325595683746	920.874339597394	1024.88210074453	995.196135125675	1114.35096920815	1245.3413738887	1118.28131389515	1159.13813118525	1237.12311934723
PA14_RS27220	274.315506299737	323.085030989647	253.658319934272	292.704745625199	253.402480480573	261.592389162347	213.24774203676	191.473971936462	195.830752529851
PA14_RS27225	537.04021655864	724.891287804182	696.919828506281	790.798922926384	737.734438585644	774.67707524139	781.908387468122	670.158901777618	638.332933727111
PA14_RS27230	279.466971206774	320.624992682619	280.988509287459	307.588037775632	379.716255154375	346.433164025811	317.967615358384	259.416349075207	323.873936876292
PA14_RS27235	132.650221356211	134.482094117518	169.959615040135	188.521700572162	179.784022848602	163.621494379537	206.266417148652	222.356870635892	190.181788514567
PA14_RS27240	392.799199161595	403.446282352554	503.900366199395	557.627345902921	592.822316720607	566.61517498099	672.745852854066	704.13009034699	719.301417946184
PA14_RS27245	163.559010798435	159.902489956805	192.1653938896	218.28828487303	215.430854965135	187.861715769098	202.458421755139	212.062571069415	248.554416672503
PA14_RS27250	197.043532694177	304.224737302434	415.931319218822	355.214572657021	500.605511897401	413.093772847104	379.53020755352	554.862746633081	529.119629431617
PA14_RS27255	533.176617878362	767.531951792663	871.149785632852	630.059367701699	885.746284982553	761.546955322044	635.300564817849	816.337955621583	873.706434363951
PA14_RS27260	133.93808758297	159.082477187796	138.359083600512	102.198606099646	141.037466200197	150.491374460192	91.3918894443259	106.031285534708	107.330316290399
PA14_RS27265	206.058596281492	218.123396556462	199.852009645184	212.334968012856	230.929477624498	203.011854137574	218.325069228112	281.034378164807	248.554416672503
PA14_RS27270	39.9238530295392	35.260549067398	53.8063102890879	51.5954127881706	44.9460057121506	62.6205719230328	64.7359216897309	56.6186476156205	62.1386041681258
PA14_RS27275	122.347291542136	91.8414301290366	94.8015943188691	110.13636191321	100.741047285855	132.311208418021	86.9492281518934	138.973044147432	103.56434028021
PA14_RS27280	24.4694583084272	16.4002553801851	14.5191630938809	21.8288284873029	7.74931132968113	20.2001844913009	14.5973156751354	13.3825894364194	24.4788440662314
PA14_RS27285	708.32642471763	576.468976613507	536.354966056305	752.102363335256	781.905513164826	722.156595564007	760.964412803797	743.2484286996	766.376118073552
PA14_RS27290	37.3481205760205	34.4405362983887	39.287147195207	61.5176075551265	45.7209368451187	40.4003689826018	47.5999424189197	44.2654881358488	80.968484219073
PA14_RS27295	86.287037192875	77.08120028687	82.8446364768496	115.097459296688	134.063086003484	122.21111617237	143.434493155678	122.50216484107	180.766848489093
PA14_RS27300	179.013405519547	144.322247345629	164.835204536412	228.210479639985	278.975207868521	250.482287692131	311.620956369195	303.681837211056	327.639912886482
PA14_RS27305	84.9991709661157	87.7413662839903	78.5742943904141	109.144142436515	145.687052998005	160.591466705842	135.818502368651	116.325585101184	192.064776519662
PA14_RS27310	221.512991002604	268.144175466027	292.091398712191	345.292377890065	296.023692793819	318.152905737989	298.927638390816	363.388774696619	257.969356697977
PA14_RS27315	117.195826635099	96.7615067430922	61.4929260446719	109.144142436515	132.513223737547	87.8708025371589	113.605195906488	101.913565708117	86.6174482343572
PA14_RS27320	66.9690437914851	34.4405362983887	30.7464630223359	46.6343154046927	51.1454547758955	53.5304889019474	41.2532834297304	32.9417586127247	79.0854962139783
PA14_RS27325	70.832642471763	63.9609959827219	47.8278313680781	62.5098270318221	65.0942151693215	46.4604243299921	44.4266129243251	54.5597877023252	48.9576881324628
PA14_RS27330	126.210890222414	118.081838737333	119.569578420195	187.529481095466	137.162810535356	149.481365235627	135.183836469732	101.913565708117	97.9153762649255
PA14_RS27335	195.755666467418	164.82256657086	199.852009645184	166.692872084859	145.687052998005	146.451337561932	141.530495458921	183.238532283281	128.043184346441
PA14_RS27340	179.013405519547	205.823205021323	193.019462306887	259.961502894244	220.855372895912	223.212038628875	151.050483942705	179.12081245669	267.38429672345
PA14_RS27345	207.346462508252	228.783562553582	236.576951588529	150.817360457729	168.934986987049	210.081918709529	149.781152144867	132.796464407546	171.35190846362
PA14_RS27350	60.5297126576884	44.2806895264998	66.6173365483945	51.5954127881706	40.2964189143419	55.5505073510775	77.4292396681094	65.8835172254493	84.7344602292625
PA14_RS27355	91.4385020999123	125.461953658416	89.6771838151465	149.825140981034	109.265289748504	128.271171519761	86.9492281518934	102.942995664765	62.1386041681258
PA14_RS27360	101.741431913987	124.641940889407	136.650946765938	128.988531970427	132.513223737547	117.161070049545	123.125184390272	127.649314624308	128.043184346441
PA14_RS27365	423.707988603819	378.025886513267	302.340219719637	433.599911315972	475.032784509453	517.124722977303	385.876866542709	369.565354436505	271.15027273364
PA14_RS27370	891.203428917455	1004.51564203634	1066.7314531916	817.588848797165	898.920114243011	912.038329782236	702.575150103255	806.043656055107	600.673173625216
PA14_RS27375	646.508845833183	706.030994116969	868.58758038099	655.857074095784	770.281546170304	700.946401848141	786.985714659473	885.309762716976	647.747873752584
PA14_RS27380	19.3179934013899	18.8602936872129	35.8708735260586	39.6887790678235	61.2195595044809	39.3903597580368	48.2346083178387	38.0889083959629	45.1917121222733
PA14_RS27385	94.014234553431	127.921991965444	117.007373168334	188.521700572162	175.134436050794	161.601475930407	189.130437877841	225.445160505834	199.59672854004
PA14_RS27390	10.3029298140746	17.2202681491944	28.1842577704746	22.8210479639985	27.122589653884	17.1701568176058	27.290633653514	27.7946088294864	7.53195202037889
PA14_RS27395	12.8786622675933	22.9603575322592	24.7679841013262	38.696559591128	34.096969850597	30.3002767369514	36.175956238379	52.5009277890299	20.7128680560419
PA14_RS27400	5.15146490703731	5.74008938306479	4.27034208643555	10.9144142436515	6.97438019671302	7.07006457195532	6.98132488810823	7.20600969653352	0
PA14_RS27405	15.4543947211119	20.5003192252314	14.5191630938809	52.5876322648662	38.7465566484057	38.3803505334717	37.4452880362169	41.1771982659058	64.0215921732205
PA14_RS27410	97.8778332337089	93.4814556670551	70.8876786348301	137.918507260687	139.48760393426	152.511392909322	97.1038825345963	107.060715491355	97.9153762649255
PA14_RS31050	137.801686263248	100.861570588138	91.3853206497207	77.3931191822559	65.0942151693215	60.6005534739027	52.6772696102712	47.3537780057917	20.7128680560419
PA14_RS27415	41.2117192562985	31.1604852223517	51.2441050372266	40.6809985445191	23.2479339890434	58.5805350247726	8.88532258486502	18.5297392196576	0
PA14_RS27420	136.513820036489	123.821928120398	82.8446364768496	107.159703483124	95.3165293550779	81.8107471897687	57.1199309027037	57.6480775722682	47.074700127368
PA14_RS31055	73.4083749252817	97.5815195121014	63.2010628792461	79.3775581356471	58.1198349726085	82.8207564143337	52.0426037113523	45.2949180924964	39.5427481069892
PA14_RS27425	25.7573245351866	22.9603575322592	24.7679841013262	35.7199011610412	37.9716255154375	30.3002767369514	41.2532834297304	30.8828986994294	30.1278080815155
PA14_RS27430	78.559839832319	63.1409832137127	56.3685155409492	81.3619970890383	77.4931132968113	94.9408671091143	87.5838940508123	70.0012370520399	103.56434028021
PA14_RS27435	29.6209232154645	30.3404724533425	37.5790103606328	25.7977063940853	21.6980717231072	15.1501383684757	33.6372926427033	22.6474590462482	28.2448200764208
PA14_RS27440	23.1815920816679	13.9402170731573	21.3517104321777	18.8521700572162	13.1738292604579	13.1301199193456	15.8666474729732	23.6768890028959	33.893784091705
PA14_RS27445	14.1665284943526	9.84015322811107	28.1842577704746	13.8910726737382	16.2735537923304	18.1801660421708	10.1546543827029	14.412019393067	0
PA14_RS27450	9.0150635873153	5.74008938306479	3.41627366914844	17.8599505805206	8.52424246264924	10.1000922456505	12.6933179783786	6.17657973988588	7.53195202037889
PA14_RS27455	7.72719736055597	15.5802426111759	14.5191630938809	15.8755116271294	18.5983471912347	21.210193715866	17.77064516973	5.14714978323823	7.53195202037889
PA14_RS27460	6.43933113379664	5.74008938306479	1.70813683457422	10.9144142436515	14.7236915263941	7.07006457195532	5.71199309027037	1.02942995664765	5.64896401528417
PA14_RS27465	19.3179934013899	16.4002553801851	7.68661575558399	13.8910726737382	13.948760393426	8.08007379652036	15.8666474729732	3.08828986994294	24.4788440662314
PA14_RS27470	6.43933113379664	6.56010215207404	5.97847892100977	7.93775581356471	6.97438019671302	7.07006457195532	10.7893202816218	2.05885991329529	5.64896401528417
PA14_RS27475	14.1665284943526	10.6601659971203	8.54068417287109	2.97665843008677	5.42451793077679	7.07006457195532	5.07732719135144	2.05885991329529	1.88298800509472
PA14_RS27480	6.43933113379664	14.7602298421666	17.9354367630293	23.8132674406941	14.7236915263941	25.2502306141261	25.3866359567572	27.7946088294864	13.1809160356631
PA14_RS27485	3.86359868027798	9.84015322811107	12.8110262593066	14.8832921504338	10.0741047285855	5.05004612282523	8.88532258486502	14.412019393067	11.2979280305683
PA14_RS27490	10.3029298140746	13.9402170731573	7.68661575558399	5.95331686017353	10.0741047285855	10.1000922456505	18.405311068649	14.412019393067	7.53195202037889
PA14_RS27495	9.0150635873153	36.9005746054165	31.6005314396231	29.7665843008677	41.8462811802781	30.3002767369514	18.405311068649	22.6474590462482	32.0107960866103
PA14_RS27500	21.8937258549086	24.6003830702777	11.9569578420195	23.8132674406941	32.5471075846608	34.3403136352115	18.405311068649	18.5297392196576	15.0639040407578
PA14_RS27505	16.7422609478713	62.3209704447034	64.0551312965332	31.7510232542588	45.7209368451187	47.4704335545571	24.1173041589193	49.412637919087	26.3618320713261
PA14_RS27510	16.7422609478713	12.3001915351388	12.8110262593066	9.92219476695589	13.948760393426	5.05004612282523	11.4239861805407	8.23543965318117	3.76597601018944
PA14_RS27515	169.998341932231	212.383307173397	219.495583242787	169.669530514946	205.35675023655	174.731595849753	125.029182087029	155.443923453795	171.35190846362
PA14_RS27520	173.861940612509	222.223460401508	194.727599141461	212.334968012856	254.177411613541	211.091927934094	156.762477032976	140.00247410408	173.234896468714
PA14_RS27525	200.907131374455	195.163039024203	190.457257055025	190.506139525553	192.95785210906	225.232057078005	220.863732823788	211.033141112767	184.532824499283
PA14_RS27530	472.646905220673	501.847814633664	518.419529293275	706.460267407259	817.552345281359	820.127490346817	816.815011908663	925.457531026234	828.514722241678
PA14_RS27535	43.7874517098172	88.5613790529996	108.466688995463	66.4787049386044	82.9176312275881	78.7807195160735	101.546543827029	73.0895269219829	79.0854962139783
PA14_RS27540	155.831813437879	214.023332711416	187.040983385877	240.117113360332	201.482094571709	214.12195560779	194.207765069193	201.768271502939	267.38429672345
PA14_RS27545	48.9389166168545	68.8810725967775	106.758552160889	127.004093017035	130.188430338643	145.441328337367	152.954481639462	119.413874971127	131.809160356631
PA14_RS27550	369.617607079927	551.868593543229	425.32607180898	759.047899672125	754.007992377974	673.676152784885	780.004389771365	756.63101813602	659.045801783153
PA14_RS27555	54.0903815238918	26.2404086082962	40.1412156124941	45.6420959279971	34.8719009835651	25.2502306141261	28.5599654513518	35.00061852602	16.9468920458525
PA14_RS27560	14.1665284943526	8.20012769009256	27.3301893531875	21.8288284873029	18.5983471912347	20.2001844913009	32.3679608448654	20.5885991329529	24.4788440662314
PA14_RS27565	1240.21517636923	1368.60131147645	1124.80810556712	1185.70227465123	1128.29972960157	1168.58067282176	1000.23345669623	937.810690506005	990.451690679824
PA14_RS27570	591.130598082532	579.749027689544	596.139755266402	553.658467996138	616.845181842618	523.184778324694	522.330034810279	504.420678757347	493.342857334817
PA14_RS27575	2221.56924115984	1502.26339282496	2195.80990084516	1470.46926446286	1966.0002843401	2308.88108735569	2017.60289266328	2386.21863950924	2513.78898680145
PA14_RS27580	65.6811775647257	75.4411747488515	134.942809931363	108.151922959819	104.615702950695	96.9608855582444	132.645172874056	116.325585101184	158.170992427957
PA14_RS27585	84.9991709661157	98.4015322811107	105.904483743602	120.058556680166	118.564463344121	129.281180744326	121.221186693516	109.11957540465	67.78756818341
PA14_RS27590	45.0753179365765	71.3411109038052	80.2824312249883	66.4787049386044	65.0942151693215	63.6305811475979	49.5039401156765	85.4426864017546	62.1386041681258
PA14_RS27595	24.4694583084272	25.4203958392869	17.9354367630293	23.8132674406941	34.096969850597	21.210193715866	25.3866359567572	40.1477683092582	35.7767720967997
PA14_RS27600	81.1355722858377	63.1409832137127	68.3254733829688	59.5331686017353	51.9203859088636	63.6305811475979	50.1386060145955	47.3537780057917	37.6597601018944
PA14_RS27605	145.528883623804	153.342387804731	153.73231511168	149.825140981034	136.387879402388	168.671540502363	126.933179783786	143.090763974023	129.926172351536
PA14_RS27610	73.4083749252817	96.7615067430922	103.34227849174	156.770677317903	92.9917359561736	98.9809040073744	102.815875624867	100.884135751469	114.862268310778
PA14_RS27615	51.5146490703731	56.5808810616386	43.5574892816426	71.4398023220824	61.994490637449	62.6205719230328	54.581267307028	66.912947182097	35.7767720967997
PA14_RS27620	762.416806241522	794.592373169969	720.83374419032	1009.08720779941	1168.59614851591	935.268541947232	865.68428612542	989.282188338388	751.312214032794
PA14_RS27625	63.1054451112071	61.5009576756942	57.2225839582363	50.603193311475	56.5699727066723	36.3603320843416	67.2745852854066	51.4714978323823	56.4896401528417
PA14_RS27630	182.877004199825	150.882349497703	170.813683457422	227.21826016329	261.151791810254	242.402213895611	206.266417148652	214.12143098271	256.086368692882
PA14_RS27635	507.419293343175	492.007661405553	382.622650944625	561.596223809703	596.696972385447	567.625184205555	586.431290601091	507.508968627289	611.971101655785
PA14_RS27640	113.332227954821	107.421672740212	125.548057341205	94.2608502860809	92.9917359561736	85.8507840880288	67.9092511843255	72.0600969653352	60.2556161630311
PA14_RS27645	354.163212358815	330.46514591073	292.945467129479	409.786643875278	409.163638207164	443.394049584055	352.239573900006	334.564735910485	453.800109227828
PA14_RS27650	267.87617516594	268.144175466027	319.421588065379	318.502452019284	375.066668356567	374.713422313632	322.410276650816	306.770127080999	346.469792937429
PA14_RS27655	56.6661139774104	49.2007661405553	64.0551312965332	51.5954127881706	71.2936642330664	65.6505995967279	47.5999424189197	50.4420678757347	60.2556161630311
PA14_RS27660	181.589137973065	198.44309010024	172.521820291996	220.272723826421	249.527824815732	211.091927934094	215.786405632436	219.268580765949	143.107088387199
PA14_RS27665	69.5447762450037	73.801149210833	64.9091997138203	87.3153139492118	50.3705236429274	65.6505995967279	45.061278823244	22.6474590462482	48.9576881324628
PA14_RS27670	97.8778332337089	150.062336728694	114.445167916473	98.2297281928633	130.963361471611	154.531411358452	123.125184390272	98.825275838174	114.862268310778
PA14_RS27675	112.044361728062	116.441813199314	126.402125758492	99.2219476695589	130.188430338643	59.5905442493377	72.351912476758	86.4721163584023	58.3726281579364
PA14_RS27680	132.650221356211	166.462592108879	147.75383619067	166.692872084859	158.085951125495	123.221125396936	153.589147538381	144.12019393067	152.522028412672
PA14_RS27685	159.695412118157	132.02205581049	122.985852089344	116.089678773384	144.912121865037	153.521402133887	156.127811134057	178.091382500043	146.873064397388
PA14_RS27690	27.0451907619459	21.3203319942406	22.2057788494648	18.8521700572162	20.1482094571709	19.1901752667359	12.0586520794597	6.17657973988588	15.0639040407578
PA14_RS27695	101.741431913987	99.2215450501199	83.6987048941367	108.151922959819	119.339394477089	107.060977803895	97.1038825345963	110.149005361298	167.58593245343
PA14_RS27700	191.89206778714	191.882987948166	244.263567344113	235.156015976855	262.70165407619	252.502306141261	239.903709791356	282.063808121455	303.16106882025
PA14_RS27705	10.3029298140746	7.3801149210833	9.3947525901582	16.867731103825	13.948760393426	16.1601475930407	15.2319815740543	22.6474590462482	3.76597601018944
PA14_RS27710	16.7422609478713	12.3001915351388	7.68661575558399	10.9144142436515	23.2479339890434	0	8.25065668594609	7.20600969653352	3.76597601018944
PA14_RS27715	16.7422609478713	45.1007022955091	40.9952840297813	37.7043401144324	38.7465566484057	35.3503228597766	41.8879493286494	37.0594784393153	47.074700127368
PA14_RS27720	284.618436113812	310.784839454508	288.675125043043	340.331280506587	380.491186287344	352.493219373201	348.431578506493	343.829605520314	321.990948871197
PA14_RS27725	130.074488902692	129.562017503462	173.375888709283	177.60728632851	158.860882258463	134.331226867151	125.663847985948	146.179053843966	207.128680560419
PA14_RS27730	41.2117192562985	24.6003830702777	30.7464630223359	42.6654374979103	41.8462811802781	18.1801660421708	22.8479723610815	33.9711885693723	39.5427481069892
PA14_RS27735	121.059425315377	121.36188981337	134.942809931363	161.731774701381	136.387879402388	135.341236091716	119.317188996759	97.7958458815264	73.4365321986942
PA14_RS27740	90.150635873153	53.3008299856016	40.1412156124941	75.4086802288647	61.994490637449	53.5304889019474	33.6372926427033	28.8240387861341	35.7767720967997
PA14_RS27745	21.8937258549086	38.540600143435	35.0168051087715	127.004093017035	78.2680444297794	69.6906364949881	104.085207422705	56.6186476156205	116.745256315873
PA14_RS27750	96.5899670069496	105.781647202194	94.8015943188691	97.2375087161677	112.365014280376	140.391282214541	112.335864108651	122.50216484107	73.4365321986942
PA14_RS27755	198.331398920937	247.643856240795	217.787446408213	269.8836976612	256.502205012445	273.712499857127	208.170414845409	191.473971936462	278.682224754019
PA14_RS27760	211.21006118853	154.982413342749	163.981136119125	156.770677317903	179.009091715634	129.281180744326	106.62387101838	165.738223020271	109.213304295494
PA14_RS27765	50.2267828436138	41.0006384504628	47.8278313680781	45.6420959279971	35.6468321165332	18.1801660421708	37.4452880362169	24.7063189595435	33.893784091705
PA14_RS27770	50.2267828436138	49.2007661405553	34.1627366914844	28.7743648241721	39.5214877813738	23.230212164996	12.6933179783786	14.412019393067	0
PA14_RS27775	131.362355129451	177.942770875008	185.332846551303	155.778457841207	139.48760393426	206.041881811269	116.778525401083	116.325585101184	103.56434028021
PA14_RS27780	27.0451907619459	22.9603575322592	11.9569578420195	21.8288284873029	11.6239669945217	19.1901752667359	2.53866359567572	9.26486960982881	1.88298800509472
PA14_RS27785	46.3631841633358	31.980497991361	23.059847266752	18.8521700572162	32.5471075846608	21.210193715866	11.4239861805407	20.5885991329529	13.1809160356631
PA14_RS27790	15.4543947211119	22.9603575322592	15.373231511168	3.96887790678235	16.2735537923304	17.1701568176058	8.88532258486502	8.23543965318117	11.2979280305683
PA14_RS27795	19.3179934013899	18.8602936872129	47.8278313680781	34.7276816843456	39.5214877813738	21.210193715866	20.3093087654058	30.8828986994294	30.1278080815155
PA14_RS27800	181.589137973065	150.062336728694	93.0934574842949	287.743648241721	131.738292604579	226.24206630257	130.106509278381	123.531594797718	190.181788514567
PA14_RS27805	728.93228434578	751.131696412478	877.128264553861	879.106456352292	946.965844487034	967.588837133313	879.646935901637	857.515153887489	807.801854185636
PA14_RS27810	230.52805458992	255.023971161878	304.048356554211	269.8836976612	265.026447475095	237.352167772786	257.674354961086	317.064426647475	291.863140789682
PA14_RS27815	275.603372526496	278.804341463147	390.309266700209	297.665843008677	309.972453187245	291.892665899298	278.61832962541	297.50525747117	350.235768947618
PA14_RS27820	163.559010798435	156.622438880768	146.045699356096	155.778457841207	129.413499205675	187.861715769098	142.16516135784	147.208483800613	178.883860483999
PA14_RS27825	253.709646671588	313.244877761536	312.589040727082	311.556915682415	389.015428749993	306.032795043209	262.117016253518	303.681837211056	256.086368692882
PA14_RS27830	186.740602880103	154.982413342749	175.938093961145	123.035215110253	135.61294826942	173.721586625188	136.45316826757	149.267343713909	173.234896468714
PA14_RS27835	422.42012237706	390.326078048406	380.060445692764	318.502452019284	286.724519198202	333.303044106465	229.114389509734	248.092619552083	248.554416672503
PA14_RS27840	52.8025152971325	68.8810725967775	78.5742943904141	59.5331686017353	61.994490637449	22.220202940431	45.061278823244	59.7069374855635	39.5427481069892
PA14_RS27845	160.983278344916	280.444367001165	180.20843604758	107.159703483124	94.5415982221098	114.13104237585	81.871900960542	78.2366767052211	37.6597601018944
PA14_RS27850	435.298784644653	266.504149928008	536.354966056305	531.829639508835	604.446283715128	566.61517498099	786.985714659473	923.398671112938	1278.54885545932
PA14_RS27855	3718.06979665418	2408.37750258018	4051.70057161005	5224.03554480227	5663.97165086394	6505.46941542346	7491.59627083905	8827.36187825356	9639.01559807988
PA14_RS27860	4088.97526996087	2738.84264849091	3497.41016879071	4534.44300849884	5716.66696790577	6233.77693401546	6033.76870102227	7513.80925357117	7206.1950954975
PA14_RS27865	6891.37217938916	5237.42155566212	5337.92760804443	8948.82746031751	9331.72070320202	10077.87204271	7177.43665087418	7712.48923520416	8659.86183543063
PA14_RS27870	1457.86456869156	1376.80143916654	1533.05280903036	1123.19244761941	1137.59890319719	1178.68076506741	939.940196298935	969.723019162082	939.611014542266
PA14_RS27875	66.9690437914851	93.4814556670551	81.9905680595625	131.965190400513	97.6413227539823	110.09100547759	115.509193603245	134.855324320842	90.3834242445466
PA14_RS27880	103.029298140746	96.7615067430922	99.9260048225918	151.809579934425	134.063086003484	142.411300663671	154.858479336219	119.413874971127	109.213304295494
PA14_RS27885	63.1054451112071	98.4015322811107	78.5742943904141	121.050776156862	71.2936642330664	106.05096857933	91.3918894443259	103.972425621412	152.522028412672
PA14_RS27890	522.873688064287	437.066805881933	424.472003391693	702.491389500477	869.472731190223	776.69709369052	619.433917344876	692.806360823866	798.386914160162
PA14_RS27895	29.6209232154645	31.980497991361	37.5790103606328	70.4475828453868	68.193939701194	39.3903597580368	53.3119355091901	47.3537780057917	39.5427481069892
PA14_RS27900	218.937258549086	177.942770875008	146.899767773383	315.525793589197	303.7730041235	359.563283945156	246.885034679464	379.859654002981	350.235768947618
PA14_RS27905	370.905473306686	443.626908034007	370.665693102606	636.012684561872	489.756476035847	515.104704528173	361.75956238379	378.830224046334	425.555289151407
PA14_RS27910	360.602543492612	362.445643902091	299.778014467775	718.366901127606	579.648487460149	483.794418566657	581.988629308659	498.244099017461	470.74700127368
PA14_RS27915	61.8175788844477	100.041557819129	60.6388576273848	141.887385167469	99.1911850199185	144.431319112801	71.0825806789202	99.8547057948217	118.628244320967
PA14_RS27920	48.9389166168545	36.0805618364072	46.1196945335039	102.198606099646	82.9176312275881	82.8207564143337	103.450541523786	107.060715491355	163.819956443241
PA14_RS27925	69.5447762450037	69.7010853657867	74.3039523039785	70.4475828453868	73.6184576319707	99.9909132319395	71.0825806789202	88.5309762716976	101.681352275115
PA14_RS27930	9.0150635873153	11.4801787661296	7.68661575558399	15.8755116271294	9.29917359561736	16.1601475930407	6.98132488810823	6.17657973988588	5.64896401528417
PA14_RS27935	6.43933113379664	19.6803064562221	25.6220525186133	20.8366090106074	17.0484849252985	21.210193715866	16.5013133718922	19.5591691763053	7.53195202037889
PA14_RS27940	30.9087894422239	20.5003192252314	27.3301893531875	24.8054869173897	12.3988981274898	5.05004612282523	9.51998848378395	8.23543965318117	1.88298800509472
PA14_RS27945	20.6058596281493	17.2202681491944	22.2057788494648	24.8054869173897	20.9231405901391	28.2802582878213	22.2133064621625	32.9417586127247	20.7128680560419
PA14_RS27950	24.4694583084272	18.0402809182036	11.9569578420195	17.8599505805206	20.1482094571709	8.08007379652036	11.4239861805407	21.6180290896006	9.41494002547361
PA14_RS27955	87.5749034196343	52.4808172165924	40.1412156124941	33.73546220765	46.4958679780868	43.4303966562969	70.4479147800012	46.3243480491441	47.074700127368
PA14_RS27960	48.9389166168545	39.3606129124443	40.9952840297813	43.6576569746059	48.8206613769911	44.440405880862	45.061278823244	42.2066282225535	54.6066521477469
PA14_RS27965	905.369957411808	906.114109755227	924.95609592194	731.265754324649	779.580719765922	926.178458926147	613.721924254605	561.039326372967	728.716357971657
PA14_RS27970	144.241017397045	211.563294404388	207.538625400768	246.070430220506	296.798623926787	271.692481407997	230.383721307572	299.564117384465	229.724536621556
PA14_RS27975	279.466971206774	318.9849671446	307.464630223359	319.49467149598	338.644905107065	354.513237822331	253.231693668653	273.828368468274	216.543620585893
PA14_RS27980	43.7874517098172	14.7602298421666	22.2057788494648	25.7977063940853	31.7721764516926	32.3202951860815	33.6372926427033	36.0300484826676	22.5958560611367
PA14_RS27985	32.1966556689832	50.0207789095646	35.0168051087715	57.5487296483441	61.2195595044809	58.5805350247726	73.6212442745959	68.9718070953923	58.3726281579364
PA14_RS27990	41.2117192562985	47.5607406025368	40.9952840297813	53.5798517415618	61.2195595044809	57.5705258002076	39.3492857329737	58.6775075289158	58.3726281579364
PA14_RS27995	137.801686263248	111.521736585259	127.256194175779	137.918507260687	123.21405014193	166.651522053232	117.413191300002	64.8540872688017	105.447328285304
PA14_RS28000	171.286208158991	156.622438880768	272.447825114588	180.583944758597	244.878238017924	241.392204671046	213.24774203676	269.710648641683	188.298800509472
PA14_RS28005	247.270315537791	276.344303156119	351.022119505002	328.42464678624	428.536916531367	438.34400346123	370.010219069736	409.713122745763	536.651581451996
PA14_RS28010	227.952322136401	276.344303156119	266.469346193578	350.253475273543	368.092288159854	300.982748920384	345.892914910817	340.741315650371	355.884732962902
PA14_RS28015	45.0753179365765	45.9207150645183	69.1795418002559	45.6420959279971	86.0173557594606	59.5905442493377	60.9279262962173	71.0306670086876	62.1386041681258
PA14_RS28020	494.540631075582	474.787393256359	504.754434616682	456.420959279971	543.226724210647	424.203874317319	394.127523228655	424.12514213883	465.098037258396
PA14_RS28025	727.64441811902	758.511811333561	551.728197567473	899.943065362899	749.358405580165	767.607010669434	613.721924254605	579.569065592625	672.226717818816
PA14_RS28030	33.4845218957425	26.2404086082962	36.7249419433457	86.3230944725162	58.1198349726085	46.4604243299921	42.5226152275683	56.6186476156205	97.9153762649255
PA14_RS28035	162.271144571675	97.5815195121014	134.088741514076	194.475017432335	185.208540779379	165.641512828667	201.189089957301	214.12143098271	289.980152784587
PA14_RS28040	81.1355722858377	79.5412385938978	91.3853206497207	81.3619970890383	80.5928378286838	65.6505995967279	69.8132488810823	96.7664159248787	94.1494002547361
PA14_RS28045	47.6510503900951	13.1202043041481	31.6005314396231	55.564290694953	44.1710745791824	64.6405903721629	45.061278823244	46.3243480491441	35.7767720967997
PA14_RS28050	230.52805458992	246.003830702777	280.988509287459	414.747741258756	354.918458899396	368.653366966242	486.788744470819	425.154572095478	393.544493064797
PA14_RS28055	306.51216196872	277.164315925128	313.443109144369	419.708838642234	440.160883525888	323.202951860814	380.799539351358	368.535924479857	325.756924881387
PA14_RS28060	87.5749034196343	68.8810725967775	78.5742943904141	107.159703483124	64.3192840363534	97.9708947828094	98.3732143324341	79.2661066618687	64.0215921732205
PA14_RS28065	163.559010798435	143.50223457662	121.27771525477	130.972970923818	212.331130433263	183.821678870838	165.647799617841	231.62174024572	239.13947664703
PA14_RS28070	52.8025152971325	45.9207150645183	65.7632681311074	41.6732180212147	35.6468321165332	68.6806272704231	60.9279262962173	43.2360581792011	73.4365321986942
PA14_RS28075	247.270315537791	179.582796413027	177.646230795719	223.249382256507	220.080441762944	213.111946383225	169.455795011354	142.061334017375	210.894656570609
PA14_RS28080	355.451078585575	332.925184217758	304.048356554211	414.747741258756	430.861709930271	396.933625254063	359.220898788114	325.299866300656	361.533696978187
PA14_RS28085	48.9389166168545	64.7810087517312	72.5958154694043	65.4864854619089	84.4674934935243	79.7907287406386	69.8132488810823	83.3838264884593	37.6597601018944
PA14_RS28090	34.7723881225019	54.9408555236201	29.8923946050488	45.6420959279971	66.6440774352577	44.440405880862	51.4079378124333	35.00061852602	52.7236641426522
PA14_RS28095	59.2418464309291	50.0207789095646	45.2656261162168	82.3542165657339	75.9432510308751	69.6906364949881	66.6399193864876	59.7069374855635	24.4788440662314
PA14_RS28100	27.0451907619459	36.0805618364072	60.6388576273848	36.7121206377368	37.1966943824694	25.2502306141261	13.3279838772975	22.6474590462482	47.074700127368
PA14_RS28105	60.5297126576884	35.260549067398	33.3086682741973	29.7665843008677	53.4702481747998	38.3803505334717	33.0026267437844	38.0889083959629	32.0107960866103
PA14_RS28110	171.286208158991	144.322247345629	134.942809931363	182.568383711988	129.413499205675	169.681549726928	124.39451618811	140.00247410408	122.394220331157
PA14_RS28115	5.15146490703731	20.5003192252314	25.6220525186133	29.7665843008677	28.6724519198202	16.1601475930407	22.2133064621625	25.7357489161911	15.0639040407578
PA14_RS28120	169.998341932231	154.16240057374	149.461973025244	222.257162779812	307.647659788341	304.012776594079	283.060990917843	298.534687427817	199.59672854004
PA14_RS28125	221.512991002604	181.222821951045	175.938093961145	362.16010899389	304.547935256468	263.612407611477	331.9302651346	339.711885693723	288.097164779492
PA14_RS28130	119.771559088618	137.762145193555	148.607904607957	268.891478184505	280.525070134457	288.862638225603	283.695656816762	281.034378164807	192.064776519662
PA14_RS28135	32.1966556689832	21.3203319942406	17.0813683457422	29.7665843008677	27.8975207868521	22.220202940431	20.3093087654058	21.6180290896006	35.7767720967997
PA14_RS28140	66.9690437914851	79.5412385938978	50.3900366199395	66.4787049386044	83.6925623605562	94.9408671091143	48.8692742167576	57.6480775722682	50.8406761375575
PA14_RS31070	15065.4591206306	8319.84955436791	3815.97768843881	17449.1717171686	14402.0951062124	15355.1702410624	6253.36310204822	6320.69993381655	9776.4737224518
PA14_RS28145	157.119679664638	180.402809182036	159.710794032689	190.506139525553	192.182920976092	184.831688095403	203.727753552977	176.032522586747	126.160196341346
PA14_RS28150	54.0903815238918	42.6406639884813	60.6388576273848	89.299752902603	63.5443529033853	68.6806272704231	74.8905760724337	57.6480775722682	56.4896401528417
PA14_RS28155	385.072001801039	426.406639884813	573.933976416938	440.545447652841	485.106889238039	503.994603057958	421.418156882169	478.684929841155	540.417557462185
PA14_RS28160	835.825181166804	565.808810616386	935.204916929385	798.736678739949	940.766395423289	821.137499571382	864.414954327583	1003.69420773145	1058.23925886323
PA14_RS28165	211.21006118853	116.441813199314	168.251478205561	287.743648241721	276.650414469616	255.532333814956	350.970242102168	337.653025780428	314.458996850819
PA14_RS28170	91.4385020999123	51.6608044475831	84.5527733114238	143.87182412086	117.014601078185	122.21111617237	119.317188996759	98.825275838174	77.2025082088836
PA14_RS28175	51.5146490703731	29.5204596843332	43.5574892816426	74.4164607521691	67.4190085682258	58.5805350247726	53.3119355091901	56.6186476156205	47.074700127368
PA14_RS28180	511.282892023453	597.789308607747	567.955497495928	564.57288223979	599.79669691732	566.61517498099	440.458133849737	383.977373829572	418.023337131028
PA14_RS28185	108.180763047784	136.942132424546	187.895051803164	242.101552313724	201.482094571709	163.621494379537	168.186463213516	226.474590462482	154.405016417767
PA14_RS28190	216.361526095567	224.683498708536	198.997941227897	465.350934570231	405.288982542323	303.002767369514	436.015472557305	421.036852268887	416.140349125933
PA14_RS28195	158.407545891397	176.30274533699	220.349651660074	256.984844464157	203.031956837646	255.532333814956	192.303767372436	168.826512890214	150.639040407578
PA14_RS28200	5456.68920277927	6114.83521850202	6068.15610482491	5543.53021629825	5344.70002408108	6042.88519057267	4678.12234093143	4619.05221547799	4295.09563962106
PA14_RS28205	1035.4444463145	961.054965278848	659.340818145649	1828.66049554997	2015.59587685006	1798.82642895035	1758.65920590435	1596.6458627605	1724.81701266677
PA14_RS28210	602.721394123365	574.828951075488	524.398008214285	1043.81488948376	1016.70964645416	982.738975501789	880.916267699475	828.691115101355	873.706434363951
PA14_RS28215	607.872859030403	600.249346914775	655.9245444765	726.304656941171	702.862537602079	834.267619490727	710.825806789201	738.101278916362	664.694765798437
PA14_RS28220	540.903815238918	472.327354949331	502.19222936482	646.927098805524	658.691463022896	561.565128858165	753.34842201677	749.425008439486	898.185278430182
PA14_RS28225	382.49626934752	314.064890530545	316.859382813518	433.599911315972	382.815979686248	337.343081004725	371.914216766493	366.477064566562	295.629116799871
PA14_RS28230	190.604201560381	151.702362266712	180.20843604758	217.296065396334	282.849863533361	317.142896513424	271.637004737302	308.828986994294	288.097164779492
PA14_RS28235	33.4845218957425	22.1403447632499	34.1627366914844	39.6887790678235	41.07135004731	38.3803505334717	47.5999424189197	52.5009277890299	37.6597601018944
PA14_RS28240	64.3933113379664	47.5607406025368	67.4714049656816	74.4164607521691	78.2680444297794	102.01093168107	85.0452304551366	85.4426864017546	48.9576881324628
PA14_RS28245	235.679519496957	141.042196269592	145.191630938809	261.945941847635	279.750139001489	238.362176997351	212.613076137842	181.179672369986	259.852344703072
PA14_RS28250	79.8477060590783	113.981774892287	120.423646837482	142.879604644165	161.185675657368	164.631503604102	137.722500065408	143.090763974023	182.649836494188
PA14_RS28255	208.634328735011	285.364443615221	254.512388351559	281.790331381547	267.351240873999	293.912684348428	196.746428664868	177.061952543395	227.841548616461
PA14_RS28260	153.25608098436	196.803064562221	171.667751874709	178.599505805206	223.955097427785	216.14197405692	145.973156751354	142.061334017375	199.59672854004
PA14_RS28265	537.04021655864	505.127865709701	704.606444261865	628.074928748308	698.987881937238	666.60608821293	665.129862067039	627.952273555064	645.86488574749
PA14_RS28270	34.7723881225019	41.820651219472	42.7034208643555	80.3697776123427	70.5187331000983	94.9408671091143	99.642546130272	106.031285534708	112.979280305683
PA14_RS28275	511.282892023453	437.066805881933	506.462571451256	761.032338625517	697.438019671302	700.946401848141	639.743226110281	614.569684118645	709.88647792071
PA14_RS28280	63.1054451112071	45.1007022955091	61.4929260446719	60.5253880784309	64.3192840363534	40.4003689826018	86.3145622529745	57.6480775722682	35.7767720967997
PA14_RS28285	667.114705461332	517.42805724484	567.101429078641	947.569600244287	1003.53581719371	1068.58975958982	998.964124898396	898.692352153395	856.759542318098
PA14_RS28290	216.361526095567	224.683498708536	238.285088423104	359.183450563803	256.502205012445	267.652444509737	228.479723610815	207.944851242824	180.766848489093
PA14_RS28295	176.437673066028	191.062975179157	193.873530724174	211.34274853616	233.254271023402	268.662453734302	200.554424058382	236.768890028959	207.128680560419
PA14_RS28300	145.528883623804	115.621800430305	107.612620578176	174.630627898424	146.461984130973	149.481365235627	131.375841076219	133.825894364194	99.7983642700202
PA14_RS28305	64.3933113379664	54.9408555236201	61.4929260446719	153.794018887816	154.986226593623	140.391282214541	112.97053000757	123.531594797718	133.692148361725
PA14_RS28310	209.92219496177	205.003192252314	275.010030366449	476.265348813883	471.933059977581	395.923616029498	443.631463344332	409.713122745763	450.034133217638
PA14_RS28315	227.952322136401	217.303383787453	140.067220435086	287.743648241721	311.522315453181	238.362176997351	230.383721307572	268.681218685036	231.607524626651
PA14_RS28320	99.1656994604683	107.421672740212	90.5312522324336	149.825140981034	176.68429831673	174.731595849753	138.357165964327	196.6211217197	143.107088387199
PA14_RS28325	236.967385723716	268.964188235036	283.55071453932	320.486890972675	358.793114564236	399.963652927758	319.236947156222	348.976755303552	448.151145212544
PA14_RS28330	270.451907619459	150.062336728694	200.706078062471	181.576164235293	185.208540779379	158.571448256712	144.703824953516	108.090145448003	128.043184346441
PA14_RS28335	180.301271746306	115.621800430305	130.672467844928	182.568383711988	165.835262455176	152.511392909322	140.895829560002	176.032522586747	120.511232326062
PA14_RS28340	3.86359868027798	7.3801149210833	10.2488210074453	15.8755116271294	6.1994490637449	7.07006457195532	6.98132488810823	7.20600969653352	1.88298800509472
PA14_RS28345	5.15146490703731	2.46003830702777	3.41627366914844	3.96887790678235	3.09972453187245	2.02001844913009	2.53866359567572	0	0
PA14_RS28350	73.4083749252817	52.4808172165924	66.6173365483945	100.214167146254	72.0685953660345	79.7907287406386	92.0265553432448	71.0306670086876	84.7344602292625
PA14_RS28355	136.513820036489	138.582157962564	143.483494104234	196.459456385727	196.832507773901	235.332149323656	178.975783495138	177.061952543395	209.011668565514
PA14_RS28360	38.6359868027798	57.4008938306479	14.5191630938809	68.4631438919956	68.193939701194	50.5004612282523	45.695944722163	43.2360581792011	24.4788440662314
PA14_RS28365	220.225124775845	151.702362266712	191.311325472313	352.237914226934	242.553444619019	251.492296916696	222.767730520544	195.591691763053	252.320392682693
PA14_RS28370	56.6661139774104	41.0006384504628	55.5144471236621	43.6576569746059	44.1710745791824	49.4904520036872	55.8505991048658	57.6480775722682	30.1278080815155
PA14_RS28375	206.058596281492	183.682860258073	220.349651660074	282.782550858243	251.852618214637	246.442250793871	215.151739733517	204.856561372882	195.830752529851
PA14_RS28380	55.3782477506511	35.260549067398	52.0981734545137	68.4631438919956	43.3961434462143	52.5204796773824	34.9066244405411	44.2654881358488	26.3618320713261
PA14_RS28385	1497.7884217211	1178.3583490663	1232.4207261453	1393.07614528061	1636.65455282865	1616.01475930407	1104.95333001786	1289.8757356795	1442.36881190256
PA14_RS31075	23.1815920816679	12.3001915351388	5.97847892100977	28.7743648241721	28.6724519198202	28.2802582878213	13.9626497762165	9.26486960982881	13.1809160356631
PA14_RS28390	33.4845218957425	27.0604213773054	31.6005314396231	55.564290694953	51.9203859088636	71.7106549441182	34.2719585416222	46.3243480491441	50.8406761375575
PA14_RS28395	39.9238530295392	26.2404086082962	16.2272999284551	45.6420959279971	52.6953170418317	67.670618045858	39.9839516318926	19.5591691763053	20.7128680560419
PA14_RS28400	235.679519496957	257.484009468906	286.966988208469	496.109738347794	457.209368451187	515.104704528173	461.402108514062	410.742552702411	440.619193192165
PA14_RS28405	166.134743251953	185.322885796092	192.1653938896	234.163796500159	224.730028560753	253.512315365826	224.671728217301	226.474590462482	216.543620585893
PA14_RS28410	191.89206778714	206.643217790332	239.139156840391	314.533574112502	364.992563627981	300.982748920384	263.386348051356	356.182765000086	286.214176774398
PA14_RS28415	94.014234553431	76.2611875178608	83.6987048941367	116.089678773384	89.8920114243011	108.07098702846	77.4292396681094	84.413256445107	45.1917121222733
PA14_RS28420	38.6359868027798	33.6205235293795	51.2441050372266	43.6576569746059	47.2707991110549	47.4704335545571	42.5226152275683	38.0889083959629	26.3618320713261
PA14_RS28425	3.86359868027798	6.56010215207404	11.1028894247324	10.9144142436515	3.87465566484057	5.05004612282523	5.71199309027037	4.11771982659058	35.7767720967997
PA14_RS28430	48.9389166168545	72.9811364418238	76.8661575558398	95.2530697627765	98.4162538869504	112.11102392672	82.5065668594609	81.324966575164	99.7983642700202
PA14_RS28435	33.4845218957425	36.9005746054165	47.8278313680781	64.4942659852133	53.4702481747998	31.3102859615164	54.581267307028	18.5297392196576	9.41494002547361
PA14_RS28440	287.19416856733	276.344303156119	218.6415148255	609.222758691091	494.406062833656	552.47504583708	289.407649907032	325.299866300656	276.799236748924
PA14_RS28445	292.345633474367	308.32480114748	306.610561806072	393.911132248149	309.972453187245	314.112868839729	288.138318109194	268.681218685036	359.650708973092
PA14_RS28450	172.57407438575	246.823843471786	252.804251516984	496.109738347794	443.260608057761	524.194787549259	396.031520925412	399.418823179287	433.087241171786
PA14_RS28455	615.600056390959	410.006384504628	388.601129865635	847.355433098033	721.460884793313	927.188468150712	721.615127070823	612.510824205349	756.961178048078
PA14_RS28460	30.9087894422239	33.6205235293795	55.5144471236621	61.5176075551265	76.7181821638432	75.7506918423784	69.1785829821634	66.912947182097	73.4365321986942
PA14_RS28465	84.9991709661157	118.081838737333	105.050415326314	211.34274853616	213.880992699199	208.061900260399	148.51182034703	188.385682066519	137.458124371915
PA14_RS28470	133.93808758297	252.563932854851	229.744404250232	425.662155502408	368.092288159854	379.763468436457	328.122269741087	298.534687427817	352.118756952713
PA14_RS28475	42.4995854830578	26.2404086082962	46.973762950791	61.5176075551265	58.8947661055766	67.670618045858	63.466589891893	30.8828986994294	47.074700127368
PA14_RS28480	18.0301271746306	20.5003192252314	28.1842577704746	32.7432427309544	37.9716255154375	35.3503228597766	24.7519700578383	24.7063189595435	22.5958560611367
PA14_RS28485	5.15146490703731	10.6601659971203	13.6650946765938	32.7432427309544	27.122589653884	17.1701568176058	21.5786405632436	19.5591691763053	26.3618320713261
PA14_RS28490	522.873688064287	706.030994116969	818.197543761051	947.569600244287	1014.38485305526	833.257610266162	977.385484335152	933.692970679415	1045.05834282757
PA14_RS28495	504.843560889657	574.008938306479	558.56074490577	784.845606066211	919.068323700182	861.537868553984	795.871037244338	775.160757355677	751.312214032794
PA14_RS28500	21.8937258549086	52.4808172165924	57.2225839582363	57.5487296483441	39.5214877813738	49.4904520036872	58.3892627005416	43.2360581792011	67.78756818341
PA14_RS28505	390.223466708076	366.545707747137	438.137098068287	706.460267407259	667.215705485545	615.095617760113	614.991256052443	619.716833901883	421.789313141218
PA14_RS28510	164.846877025194	176.30274533699	209.246762235342	218.28828487303	211.556199300295	182.811669646273	166.917131415679	189.415112023167	177.000872478904
PA14_RS28515	1229.91224655516	1011.89575695742	840.403322610516	1581.59784585277	1550.63719706919	1870.53708389446	1153.82260423461	902.810071979986	1239.00610735233
PA14_RS28520	682.569100182444	583.84909153459	656.778612893787	628.074928748308	599.021765784351	568.63519343012	597.855276781632	572.363055896091	679.758669839195
PA14_RS28525	180.301271746306	138.582157962564	193.873530724174	158.755116271294	133.288154870515	118.17107927411	144.069159054597	155.443923453795	156.288004422862
PA14_RS28530	90.150635873153	83.6413024389441	70.8876786348301	142.879604644165	124.763912407866	177.761623523448	145.973156751354	127.649314624308	148.756052402483
PA14_RS28535	307.800028195479	225.503511477545	304.048356554211	333.385744169718	426.212123132462	339.363099453855	433.476808961629	448.831461098374	581.843293574269
PA14_RS28540	157.119679664638	136.942132424546	107.612620578176	215.311626442943	215.430854965135	227.252075527135	122.490518491353	143.090763974023	150.639040407578
PA14_RS28545	9.0150635873153	21.3203319942406	11.9569578420195	10.9144142436515	13.1738292604579	12.1201106947805	13.9626497762165	21.6180290896006	15.0639040407578
PA14_RS28550	148.104616077323	106.601659971203	116.153304751047	228.210479639985	206.906612502486	242.402213895611	222.133064621625	253.239769335321	209.011668565514
PA14_RS28555	204.770730054733	136.942132424546	169.105546622848	247.062649697202	223.180166294817	222.20202940431	142.799827256759	163.679363106976	133.692148361725
PA14_RS28560	137.801686263248	105.781647202194	129.818399427641	99.2219476695589	99.9661161528866	94.9408671091143	72.351912476758	78.2366767052211	62.1386041681258
PA14_RS28565	75.9841073788004	43.4606767574905	43.5574892816426	59.5331686017353	55.7950415737041	95.9508763336793	43.1572811264872	76.1778167919258	92.2664122496414
PA14_RS28570	103.029298140746	111.521736585259	130.672467844928	82.3542165657339	59.6696972385447	76.7607010669434	86.9492281518934	94.7075560115834	94.1494002547361
PA14_RS28575	555.07034373327	504.307852940692	536.354966056305	465.350934570231	489.756476035847	440.36402191036	448.708790535683	466.331770361384	466.981025263491
PA14_RS28580	150.680348530841	126.281966427425	140.067220435086	178.599505805206	105.390634083663	131.301199193456	147.242488549192	155.443923453795	94.1494002547361
PA14_RS28585	73.4083749252817	69.7010853657867	40.1412156124941	95.2530697627765	76.7181821638432	93.9308578845492	53.3119355091901	52.5009277890299	56.4896401528417
PA14_RS28590	1188.70052729886	857.733356383681	634.572834044322	1404.98277900095	1122.8752116708	1424.11300663671	709.556474991364	604.275384552168	709.88647792071
PA14_RS28595	3703.90326815983	3658.07696255029	2597.2220569701	5210.14447212854	5069.5994718774	5179.32730356955	3562.37969063195	2792.84347238506	3383.72944515521
PA14_RS28600	154.543947211119	112.341749354268	129.818399427641	143.87182412086	179.784022848602	157.561439032147	130.106509278381	113.237295231241	137.458124371915
PA14_RS28605	36.0602543492612	30.3404724533425	26.4761209359004	69.4553633686912	68.9688708341621	71.7106549441182	81.871900960542	66.912947182097	84.7344602292625
PA14_RS28610	249.84604799131	333.745196986767	322.837861734527	545.720712182574	484.331958105071	478.744372443831	527.407362001631	545.597877023252	423.672301146312
PA14_RS28615	144.241017397045	130.382030272472	110.174825830037	193.48279795564	185.983471912347	193.921771116489	149.781152144867	167.797082933566	97.9153762649255
PA14_RS28620	726.356551892261	751.131696412478	891.647427647742	1073.58147378463	1119.77548713892	1085.75991640742	938.036198602178	1039.72425621412	822.865758226393
PA14_RS28625	446.889580685487	428.046665422831	397.995882455793	546.712931659269	522.303583620508	503.994603057958	404.282177611358	320.152716517418	376.597601018944
PA14_RS28630	68.2569100182444	64.7810087517312	56.3685155409492	131.965190400513	91.4418736902373	109.080996253025	85.0452304551366	94.7075560115834	79.0854962139783
PA14_RS28635	19.3179934013899	27.0604213773054	14.5191630938809	30.7588037775632	26.3476585209158	24.2402213895611	26.6559677545951	20.5885991329529	9.41494002547361
PA14_RS28640	10.3029298140746	1.64002553801851	1.70813683457422	5.95331686017353	21.6980717231072	12.1201106947805	12.6933179783786	5.14714978323823	3.76597601018944
PA14_RS28645	2.57573245351866	10.6601659971203	13.6650946765938	12.8988531970427	16.2735537923304	18.1801660421708	13.3279838772975	4.11771982659058	20.7128680560419
PA14_RS28650	11.590796040834	35.260549067398	17.0813683457422	35.7199011610412	44.9460057121506	46.4604243299921	22.2133064621625	24.7063189595435	64.0215921732205
PA14_RS28655	30.9087894422239	25.4203958392869	42.7034208643555	50.603193311475	64.3192840363534	58.5805350247726	56.4852650037848	55.5892176589729	75.3195202037889
PA14_RS28660	216.361526095567	227.963549784573	210.100830652629	461.382056663449	413.038293872004	390.873569906673	343.98891721406	381.918513916277	382.246565034229
PA14_RS28665	260.148977805384	251.743920085841	227.182198998371	570.526199099963	549.426173274392	500.964575384263	580.084631611902	532.215287586833	527.236641426522
PA14_RS28670	874.461167969584	760.971849640589	748.163933543508	1694.71086619607	1806.36447094867	1571.57435342321	1714.23259298003	1577.08669358419	1513.92235609616
PA14_RS28675	59.2418464309291	77.08120028687	70.8876786348301	139.902946214078	161.960606790336	162.611485154972	103.450541523786	144.12019393067	112.979280305683
PA14_RS28680	181.589137973065	182.042834720055	181.916572882154	399.864449108322	446.360332589633	429.253920440144	527.407362001631	537.362437370071	531.002617436711
PA14_RS28685	190.604201560381	203.363166714295	267.323414610865	431.615472362581	436.286227861048	447.434086482315	427.13014997244	537.362437370071	418.023337131028
PA14_RS28690	227.952322136401	230.423588091601	221.203720077361	381.012279051106	408.388707074196	363.603320843416	298.292972491897	290.299247774636	427.438277156502
PA14_RS28695	273.027640072978	216.483371018443	252.804251516984	414.747741258756	423.11239860059	430.263929664709	423.322154578926	423.095712182182	419.906325136123
PA14_RS28700	1241.50304259599	1085.69690616825	1305.0165416147	1657.00652608163	1728.09642651889	1761.45608764144	1499.71551914543	1575.0278336709	1649.49749246298
PA14_RS28705	189.316335333621	178.762783644018	167.397409788273	255.992624987462	278.200276735553	290.882656674733	196.111762765949	176.032522586747	173.234896468714
PA14_RS28710	233.103787043438	218.123396556462	248.533909430549	249.047088650593	274.325621070712	233.312130874525	227.210391812977	223.386300592539	131.809160356631
PA14_RS28715	25.7573245351866	36.9005746054165	24.7679841013262	33.73546220765	23.2479339890434	45.450415105427	34.2719585416222	31.912328656077	7.53195202037889
PA14_RS28720	37.3481205760205	18.0402809182036	28.1842577704746	24.8054869173897	35.6468321165332	32.3202951860815	31.7332949459465	24.7063189595435	24.4788440662314
PA14_RS28725	56.6661139774104	48.3807533715461	52.9522418718008	124.027434586949	101.515978418823	127.261162295196	98.3732143324341	98.825275838174	64.0215921732205
PA14_RS28730	298.784964608164	285.364443615221	298.923946050488	390.934473818062	547.101379875488	448.44409570688	370.010219069736	422.066282225535	365.299672988376
PA14_RS28735	240.830984403994	240.263741319712	243.409498926826	320.486890972675	315.396971118022	333.303044106465	240.538375690274	267.651788728388	408.608397105555
PA14_RS28740	274.315506299737	307.504788378471	326.254135403676	464.358715093536	526.178239285349	461.574215626226	382.068871149196	445.743171228431	310.693020840629
PA14_RS28745	133.93808758297	160.722502725814	113.591099499186	226.226040686594	189.08319644422	225.232057078005	213.882407935679	191.473971936462	124.277208336252
PA14_RS28750	482.949835034748	419.846537732739	356.146530008725	959.476233964634	750.133336713134	610.045571637287	550.255334362712	424.12514213883	604.439149635406
PA14_RS28755	148.104616077323	153.342387804731	183.624709716729	244.085991267115	251.077687081669	280.782564429083	229.749055408653	208.974281199472	101.681352275115
PA14_RS28760	7.72719736055597	28.7004469153239	11.9569578420195	45.6420959279971	39.5214877813738	43.4303966562969	20.9439746643247	24.7063189595435	47.074700127368
PA14_RS28765	265.300442712422	264.04411162098	105.050415326314	412.763302305365	328.57080037848	329.263007208205	168.821129112435	144.12019393067	128.043184346441
PA14_RS28770	2.57573245351866	3.28005107603702	0	0	0	0	0	0	0
PA14_RS28775	0	2.46003830702777	4.27034208643555	0	3.09972453187245	0	4.44266129243251	1.02942995664765	7.53195202037889
PA14_RS28780	0	6.56010215207404	2.56220525186133	1.98443895339118	3.87465566484057	1.01000922456505	5.71199309027037	6.17657973988588	5.64896401528417
PA14_RS28785	9.0150635873153	6.56010215207404	11.1028894247324	13.8910726737382	5.42451793077679	17.1701568176058	5.71199309027037	9.26486960982881	1.88298800509472
PA14_RS28790	88.8627696463936	62.3209704447034	59.7847892100977	110.13636191321	94.5415982221098	96.9608855582444	59.0239285994605	41.1771982659058	33.893784091705
PA14_RS28795	87.5749034196343	75.4411747488515	76.0120891385527	127.004093017035	144.912121865037	109.080996253025	78.6985714659473	74.1189568786305	92.2664122496414
PA14_RS28800	131.362355129451	177.122758105999	189.603188637738	299.650281962068	314.622039985054	283.812592102778	277.348997827572	288.240387861341	225.958560611367
PA14_RS28805	32.1966556689832	23.7803703012684	18.7895051803164	38.696559591128	27.122589653884	49.4904520036872	39.3492857329737	37.0594784393153	35.7767720967997
PA14_RS28810	75.9841073788004	71.3411109038052	63.2010628792461	127.004093017035	154.211295460654	114.13104237585	99.642546130272	95.7369859682311	65.9045801783153
PA14_RS28815	55.3782477506511	63.1409832137127	29.8923946050488	90.2919723792986	110.040220881472	97.9708947828094	67.2745852854066	54.5597877023252	120.511232326062
PA14_RS28820	506.131427116416	428.046665422831	512.441050372266	710.429145314042	638.543253565725	571.665221103816	570.564643128118	505.450108713994	561.130425518227
PA14_RS28825	128.786622675933	114.801787661296	97.3637995707305	166.692872084859	195.282645507965	190.891743442794	174.533122202706	152.355633583852	114.862268310778
PA14_RS28830	213.785793642048	165.64257933987	182.770641299441	336.362402599805	423.11239860059	389.863560682108	309.716958672438	303.681837211056	325.756924881387
PA14_RS28835	65.6811775647257	79.5412385938978	64.0551312965332	129.980751447122	125.538843540834	102.01093168107	96.4692166356774	77.2072467485735	114.862268310778
PA14_RS28840	39.9238530295392	39.3606129124443	49.5359682026523	84.338655519125	92.2168048232055	56.5605165756425	48.2346083178387	30.8828986994294	37.6597601018944
PA14_RS28845	46.3631841633358	53.3008299856016	73.4498838866914	113.113020343297	92.2168048232055	68.6806272704231	66.0052534875687	66.912947182097	54.6066521477469
PA14_RS28850	77.2719736055597	133.662081348509	106.758552160889	211.34274853616	151.88650206175	145.441328337367	157.397142931895	144.12019393067	175.117884473809
PA14_RS28855	319.390824236313	423.946601577785	344.189572166705	695.545853163608	612.970526177778	590.855396370551	622.60724683947	645.452582818074	542.30054546728
PA14_RS28860	323.254422916591	308.32480114748	135.79687834865	275.837014521374	273.550689937744	183.821678870838	104.085207422705	144.12019393067	154.405016417767
PA14_RS28865	5.15146490703731	4.92007661405553	1.70813683457422	4.96109738347794	7.74931132968113	9.09008302108541	1.26933179783786	0	0
PA14_RS28870	0	0	0	0	0	0	0	0	0
PA14_RS28875	0	0	0	0	0	0	0	0	0
PA14_RS28880	20.6058596281493	4.10006384504628	18.7895051803164	21.8288284873029	29.4473830527883	8.08007379652036	19.0399769675679	17.50030926301	15.0639040407578
PA14_RS28885	151.968214757601	113.161762123277	128.964331010354	249.047088650593	248.752893682764	213.111946383225	185.322442484328	205.885991329529	231.607524626651
PA14_RS28890	266.588308939181	249.283881778814	229.744404250232	698.522511593694	643.967771496502	572.675230328381	592.777949590281	488.979229407632	438.73620518707
PA14_RS28895	96.5899670069496	77.9012130558793	58.9307207928106	77.3931191822559	66.6440774352577	75.7506918423784	60.2932603972983	54.5597877023252	109.213304295494
PA14_RS28900	133.93808758297	72.9811364418238	67.4714049656816	131.965190400513	111.590083147408	113.121033151285	95.8345507367584	105.00185557806	69.6705561885047
PA14_RS28905	101.741431913987	89.3813918220089	88.8231153978594	107.159703483124	139.48760393426	110.09100547759	127.567845682705	142.061334017375	111.096292300589
PA14_RS28910	57.9539802041698	32.8005107603702	42.7034208643555	70.4475828453868	67.4190085682258	66.660608821293	45.061278823244	57.6480775722682	48.9576881324628
PA14_RS28915	121.059425315377	72.1611236728145	72.5958154694043	58.5409491250397	81.3677689616519	89.890820986289	58.3892627005416	65.8835172254493	73.4365321986942
PA14_RS28920	21.8937258549086	26.2404086082962	55.5144471236621	28.7743648241721	44.9460057121506	41.4103782071669	40.6186175308115	51.4714978323823	45.1917121222733
PA14_RS28925	61.8175788844477	79.5412385938978	87.1149785632852	77.3931191822559	111.590083147408	115.141051600415	88.8532258486502	105.00185557806	111.096292300589
PA14_RS28930	19.3179934013899	19.6803064562221	11.9569578420195	55.564290694953	28.6724519198202	31.3102859615164	19.0399769675679	26.7651788728388	22.5958560611367
PA14_RS28935	94.014234553431	115.621800430305	95.6556627361563	150.817360457729	169.709918120017	149.481365235627	139.626497762165	155.443923453795	101.681352275115
PA14_RS28940	3.86359868027798	19.6803064562221	18.7895051803164	24.8054869173897	24.7977962549796	19.1901752667359	18.405311068649	21.6180290896006	20.7128680560419
PA14_RS28945	5.15146490703731	13.9402170731573	17.9354367630293	29.7665843008677	27.122589653884	36.3603320843416	26.0213018556761	35.00061852602	30.1278080815155
PA14_RS28950	9.0150635873153	4.92007661405553	10.2488210074453	23.8132674406941	10.0741047285855	8.08007379652036	5.71199309027037	15.4414493497147	0
PA14_RS28955	6.43933113379664	0	0	0	0	0	0	1.02942995664765	0
PA14_RS28960	0	0	0	0	0	0	1.90399769675679	0	0
PA14_RS28965	3.86359868027798	0.820012769009256	0.854068417287109	2.97665843008677	0	2.02001844913009	0.63466589891893	1.02942995664765	0
PA14_RS28970	0	2.46003830702777	0	0	1.54986226593623	3.03002767369514	3.80799539351358	1.02942995664765	1.88298800509472
PA14_RS28975	5.15146490703731	1.64002553801851	0	0.992219476695589	0.774931132968113	6.06005534739027	3.80799539351358	0	0
PA14_RS28980	19.3179934013899	26.2404086082962	29.0383261877617	50.603193311475	26.3476585209158	33.3303044106465	30.4639631481086	32.9417586127247	47.074700127368
PA14_RS28985	23.1815920816679	21.3203319942406	17.9354367630293	31.7510232542588	29.4473830527883	17.1701568176058	29.1946313502708	24.7063189595435	37.6597601018944
PA14_RS28990	1.28786622675933	0	9.3947525901582	0	4.64958679780868	8.08007379652036	3.17332949459465	4.11771982659058	7.53195202037889
PA14_RS28995	0	0.820012769009256	0	0	0	2.02001844913009	2.53866359567572	4.11771982659058	0
PA14_RS29000	16.7422609478713	7.3801149210833	14.5191630938809	12.8988531970427	24.7977962549796	17.1701568176058	17.1359792708111	3.08828986994294	0
PA14_RS29005	90.150635873153	111.521736585259	123.839920506631	193.48279795564	170.484849252985	188.871724993663	161.839804224327	161.62050319368	109.213304295494
PA14_RS29010	15.4543947211119	2.46003830702777	5.97847892100977	23.8132674406941	13.948760393426	17.1701568176058	10.7893202816218	15.4414493497147	1.88298800509472
PA14_RS29015	11.590796040834	22.9603575322592	9.3947525901582	24.8054869173897	30.9972453187245	22.220202940431	20.3093087654058	20.5885991329529	13.1809160356631
PA14_RS29020	10.3029298140746	3.28005107603702	2.56220525186133	2.97665843008677	3.87465566484057	0	0.63466589891893	5.14714978323823	3.76597601018944
PA14_RS29025	15.4543947211119	13.1202043041481	12.8110262593066	21.8288284873029	18.5983471912347	8.08007379652036	9.51998848378395	18.5297392196576	33.893784091705
PA14_RS29030	1.28786622675933	12.3001915351388	1.70813683457422	7.93775581356471	10.8490358615536	5.05004612282523	8.25065668594609	2.05885991329529	5.64896401528417
PA14_RS29035	0	1.64002553801851	0	0.992219476695589	0.774931132968113	0	0.63466589891893	1.02942995664765	3.76597601018944
PA14_RS29040	3.86359868027798	0	0.854068417287109	2.97665843008677	3.09972453187245	4.04003689826018	4.44266129243251	0	0
PA14_RS29045	7.72719736055597	9.02014045910181	4.27034208643555	7.93775581356471	6.97438019671302	12.1201106947805	1.90399769675679	3.08828986994294	3.76597601018944
PA14_RS29050	5.15146490703731	2.46003830702777	4.27034208643555	5.95331686017353	6.1994490637449	1.01000922456505	1.90399769675679	5.14714978323823	0
PA14_RS29055	20.6058596281493	16.4002553801851	17.0813683457422	29.7665843008677	22.4730028560753	29.2902675123863	27.9252995524329	31.912328656077	0
PA14_RS29060	7.72719736055597	5.74008938306479	8.54068417287109	18.8521700572162	17.0484849252985	10.1000922456505	8.88532258486502	11.3237295231241	5.64896401528417
PA14_RS29065	5.15146490703731	9.02014045910181	1.70813683457422	22.8210479639985	6.1994490637449	16.1601475930407	10.7893202816218	1.02942995664765	0
PA14_RS29070	7.72719736055597	29.5204596843332	17.9354367630293	67.4709244153	37.1966943824694	50.5004612282523	23.4826382600004	23.6768890028959	24.4788440662314
PA14_RS29075	3.86359868027798	17.2202681491944	8.54068417287109	12.8988531970427	10.8490358615536	16.1601475930407	16.5013133718922	9.26486960982881	15.0639040407578
PA14_RS29080	41.2117192562985	45.9207150645183	30.7464630223359	35.7199011610412	61.2195595044809	29.2902675123863	42.5226152275683	36.0300484826676	33.893784091705
PA14_RS29085	18.0301271746306	14.7602298421666	20.4976420148906	18.8521700572162	40.2964189143419	39.3903597580368	36.8106221372979	31.912328656077	13.1809160356631
PA14_RS29090	6.43933113379664	4.92007661405553	6.83254733829688	10.9144142436515	15.4986226593623	5.05004612282523	5.71199309027037	6.17657973988588	13.1809160356631
PA14_RS29095	88.8627696463936	157.442451649777	164.835204536412	295.681404055285	340.96969850597	292.902675123863	316.063617661627	358.241624913381	312.576008845724
PA14_RS29100	148.104616077323	133.662081348509	185.332846551303	341.323499983282	413.038293872004	334.31305333103	315.428951762708	307.799557037646	306.92704483044
PA14_RS29105	74.696241152041	86.1013407459718	66.6173365483945	175.622847375119	164.28540018924	128.271171519761	185.957108383246	189.415112023167	150.639040407578
PA14_RS29110	14.1665284943526	2.46003830702777	0	4.96109738347794	13.1738292604579	13.1301199193456	14.5973156751354	5.14714978323823	18.8298800509472
PA14_RS29115	5.15146490703731	0	5.97847892100977	11.9066337203471	3.09972453187245	6.06005534739027	6.3466589891893	4.11771982659058	0
PA14_RS29120	0	0	1.70813683457422	1.98443895339118	0	0	0.63466589891893	0	0
PA14_RS29125	20.6058596281493	11.4801787661296	6.83254733829688	15.8755116271294	17.0484849252985	10.1000922456505	7.61599078702716	11.3237295231241	7.53195202037889
PA14_RS29130	2.57573245351866	4.10006384504628	3.41627366914844	8.9299752902603	10.8490358615536	2.02001844913009	10.1546543827029	9.26486960982881	0
PA14_RS29135	1.28786622675933	7.3801149210833	6.83254733829688	4.96109738347794	6.97438019671302	10.1000922456505	7.61599078702716	11.3237295231241	9.41494002547361
PA14_RS29140	9.0150635873153	3.28005107603702	5.97847892100977	13.8910726737382	10.8490358615536	21.210193715866	6.98132488810823	15.4414493497147	1.88298800509472
PA14_RS29145	77.2719736055597	79.5412385938978	93.0934574842949	122.042995633557	151.88650206175	135.341236091716	127.567845682705	128.678744580956	276.799236748924
PA14_RS29150	52.8025152971325	86.9213535149811	77.720225973127	152.801799411121	168.160055854081	107.060977803895	86.9492281518934	105.00185557806	109.213304295494
PA14_RS29155	432.723052191134	391.146090817415	342.481435332131	638.989342991959	602.896421449192	678.72619890771	529.311359698388	456.037470794907	531.002617436711
PA14_RS29160	198.331398920937	229.603575322592	218.6415148255	406.809985445191	382.04104855328	434.303966562969	366.836889575141	386.036233742867	365.299672988376
PA14_RS29165	194.467800240659	234.523651936647	236.576951588529	371.09008428415	431.636641063239	387.843542232977	376.991543957844	400.448253135934	354.001744957808
PA14_RS29170	319.390824236313	176.30274533699	243.409498926826	497.10195782449	474.257853376485	469.654289422746	528.04202790055	623.834553728473	632.683969711827
PA14_RS29175	43.7874517098172	43.4606767574905	75.1580207212656	137.918507260687	130.188430338643	108.07098702846	131.375841076219	136.914184234137	97.9153762649255
PA14_RS29180	1564.75746551258	1489.14318852081	1338.3252098889	3483.68258267821	3150.86998664835	2897.71646527711	3813.07272070493	3184.02685591117	2995.8339161057
PA14_RS29185	115.90796040834	118.901851506342	99.0719364053047	207.373870629378	206.131681369518	225.232057078005	194.842430968112	166.767652976919	148.756052402483
PA14_RS29190	19.3179934013899	31.980497991361	16.2272999284551	36.7121206377368	31.7721764516926	28.2802582878213	19.0399769675679	23.6768890028959	9.41494002547361
PA14_RS29195	6.43933113379664	4.10006384504628	8.54068417287109	7.93775581356471	22.4730028560753	14.1401291439106	21.5786405632436	15.4414493497147	3.76597601018944
PA14_RS29200	3.86359868027798	13.9402170731573	6.83254733829688	36.7121206377368	20.9231405901391	39.3903597580368	23.4826382600004	19.5591691763053	30.1278080815155
PA14_RS29205	122.347291542136	163.182541032842	203.268283314332	191.498359002249	184.433609646411	195.941789565619	198.650426361625	231.62174024572	154.405016417767
PA14_RS29210	462.343975406599	305.864762840452	400.558087707654	401.848888061713	450.234988254474	536.314898244039	339.546255921628	357.212194956733	404.842421095365
PA14_RS29215	218.937258549086	159.082477187796	298.923946050488	258.969283417549	364.217632495013	444.40405880862	280.522327322167	355.153335043438	346.469792937429
PA14_RS29220	114.62009418158	151.702362266712	207.538625400768	286.751428765025	339.419836240034	310.072831941469	267.829009343788	310.887846907589	250.437404677598
PA14_RS29225	38.6359868027798	49.2007661405553	64.9091997138203	76.4008997055603	64.3192840363534	85.8507840880288	46.9652765200008	60.7363674422111	62.1386041681258
PA14_RS29230	609.160725257162	572.36891276846	631.156560375174	773.931191822559	828.401381142913	821.137499571382	795.236371345419	867.809453453965	747.546238022604
PA14_RS29235	46.3631841633358	31.980497991361	16.2272999284551	38.696559591128	69.7438019671302	77.7707102915085	48.2346083178387	57.6480775722682	26.3618320713261
PA14_RS29240	132.650221356211	82.8212896699348	111.028894247324	152.801799411121	153.436364327686	179.781641972578	120.586520794597	148.237913757261	131.809160356631
PA14_RS29245	55.3782477506511	50.0207789095646	55.5144471236621	213.327187489552	131.738292604579	173.721586625188	138.357165964327	159.561643280385	88.5004362394519
PA14_RS29250	167.422609478713	201.723141176277	247.679841013262	716.382462174215	560.275209135946	532.274861345779	672.745852854066	587.804505245806	401.076445085176
PA14_RS29255	101.741431913987	166.462592108879	157.148588780828	326.440207832849	368.092288159854	315.122878064294	245.615702881626	277.946088294864	201.479716545135
PA14_RS29260	231.815920816679	200.083115638258	295.50767238134	508.016372068141	534.702481747998	528.234824447519	636.569896615687	609.422534335406	506.52377337048
PA14_RS29265	32.1966556689832	30.3404724533425	22.2057788494648	65.4864854619089	50.3705236429274	50.5004612282523	39.9839516318926	54.5597877023252	45.1917121222733
PA14_RS29270	1357.41100300433	1349.74101778923	1085.52095837192	2228.52494465829	2338.74215929777	2267.47070914853	1525.73682100111	1552.38037462465	1267.25092742875
PA14_RS29275	878.324766649862	867.573509611792	1176.90627902164	1872.31815252458	2410.8107546638	2461.39248026502	2783.64463265843	3259.17524274645	2977.00403605476
PA14_RS29280	124.923023995655	102.501596126157	93.947525901582	156.770677317903	131.738292604579	151.501383684757	105.354539220542	97.7958458815264	112.979280305683
PA14_RS29285	70.832642471763	36.9005746054165	30.7464630223359	70.4475828453868	41.07135004731	72.7206641686833	34.2719585416222	44.2654881358488	26.3618320713261
PA14_RS29290	68.2569100182444	87.7413662839903	68.3254733829688	64.4942659852133	86.7922868924287	51.5104704528173	41.2532834297304	61.7657973988588	58.3726281579364
PA14_RS29295	83.7113047393563	96.7615067430922	65.7632681311074	89.299752902603	96.091460488046	88.880811761724	83.1412327583798	96.7664159248787	62.1386041681258
PA14_RS29300	78.559839832319	90.2014045910181	95.6556627361563	99.2219476695589	88.3421491583649	92.9208486599842	88.8532258486502	65.8835172254493	65.9045801783153
PA14_RS29305	99.1656994604683	107.421672740212	106.758552160889	119.066337203471	136.387879402388	149.481365235627	109.162534614056	101.913565708117	99.7983642700202
PA14_RS29310	144.241017397045	77.9012130558793	110.174825830037	129.980751447122	173.584573784857	175.741605074318	146.607822650273	186.326822153224	167.58593245343
PA14_RS29315	153.25608098436	150.882349497703	157.148588780828	442.529886606233	446.360332589633	410.063745173408	371.914216766493	398.389393222639	367.182660993471
PA14_RS31315	7.72719736055597	1.64002553801851	1.70813683457422	0	4.64958679780868	0	1.90399769675679	1.02942995664765	7.53195202037889
PA14_RS29320	318.102958009554	346.045388521906	374.081966771754	607.2383197377	608.320939379969	569.645202654686	545.81267307028	526.038707846947	500.874809355196
PA14_RS29325	109.468629274543	131.202043041481	159.710794032689	147.840702027643	154.986226593623	209.071909484964	138.991831863246	151.326203627204	97.9153762649255
PA14_RS29330	43.7874517098172	85.2813279769626	68.3254733829688	67.4709244153	102.290909551791	77.7707102915085	67.9092511843255	60.7363674422111	50.8406761375575
PA14_RS29335	60.5297126576884	127.921991965444	140.921288852373	126.01187354034	141.812397333165	128.271171519761	90.122557646488	108.090145448003	77.2025082088836
PA14_RS29340	56.6661139774104	53.3008299856016	58.0766523755234	51.5954127881706	71.2936642330664	50.5004612282523	49.5039401156765	42.2066282225535	33.893784091705
PA14_RS29345	23.1815920816679	24.6003830702777	8.54068417287109	59.5331686017353	44.1710745791824	34.3403136352115	41.8879493286494	26.7651788728388	32.0107960866103
PA14_RS29350	1438.54657529017	1421.90214146205	1294.76772060726	2070.76204786369	2214.75317802287	2230.10036783962	1530.81414819246	1457.67281861307	1444.25179990765
PA14_RS29355	200.907131374455	236.983690243675	225.474062163797	524.884103171966	413.038293872004	395.923616029498	415.706163791899	429.272291922068	378.480589024039
PA14_RS29360	60.5297126576884	82.0012769009256	35.0168051087715	160.739555224685	107.715427482568	117.161070049545	92.6612212421638	118.384445014479	24.4788440662314
PA14_RS29365	453.328911819283	510.867955092766	535.500897639018	838.425457807772	733.084851787835	754.476890750089	610.548594760011	543.539017109957	542.30054546728
PA14_RS29370	15.4543947211119	9.84015322811107	12.8110262593066	30.7588037775632	36.4217632495013	45.450415105427	48.8692742167576	59.7069374855635	71.5535441935994
PA14_RS29375	43.7874517098172	82.8212896699348	53.8063102890879	99.2219476695589	70.5187331000983	107.060977803895	80.6025691627041	67.9423771387446	112.979280305683
PA14_RS29380	73.4083749252817	45.1007022955091	24.7679841013262	103.190825576341	83.6925623605562	76.7607010669434	68.5439170832444	80.2955366185164	122.394220331157
PA14_RS29385	25.7573245351866	31.1604852223517	23.9139156840391	25.7977063940853	41.07135004731	30.3002767369514	19.6746428664868	21.6180290896006	22.5958560611367
PA14_RS29390	19.3179934013899	13.1202043041481	23.9139156840391	24.8054869173897	14.7236915263941	29.2902675123863	8.25065668594609	20.5885991329529	11.2979280305683
PA14_RS29395	42.4995854830578	89.3813918220089	74.3039523039785	117.081898250079	92.9917359561736	72.7206641686833	99.642546130272	81.324966575164	67.78756818341
PA14_RS29400	294.921365927886	540.388414777099	559.414813323057	921.771893850202	833.050967940722	860.527859329419	758.425749208121	653.688022471255	866.174482343572
PA14_RS29405	90.150635873153	76.2611875178608	90.5312522324336	207.373870629378	183.658678513443	183.821678870838	163.109136022165	176.032522586747	156.288004422862
PA14_RS29410	90.150635873153	100.041557819129	122.985852089344	275.837014521374	276.650414469616	253.512315365826	180.245115292976	232.651170202368	201.479716545135
PA14_RS29415	258.861111578625	220.58343486349	168.251478205561	511.985249974924	478.907440174294	406.023708275148	338.911590022709	355.153335043438	498.991821350101
PA14_RS29420	184.164870426584	127.101979196435	215.225241156352	305.603598822241	354.918458899396	362.593311618851	438.554136152981	533.244717543481	423.672301146312
PA14_RS29425	11.590796040834	13.9402170731573	29.8923946050488	47.6265348813883	41.07135004731	41.4103782071669	46.3306106210819	42.2066282225535	41.4257361120839
PA14_RS29430	60.5297126576884	62.3209704447034	76.0120891385527	164.708433131468	134.838017136452	114.13104237585	92.0265553432448	129.708174537603	86.6174482343572
PA14_RS29435	195.755666467418	150.062336728694	166.543341370986	319.49467149598	268.126172006967	278.762545979953	235.461048498923	273.828368468274	244.788440662314
PA14_RS29440	471.359038993914	466.587265566266	375.790103606328	567.549540669877	539.352068545807	524.194787549259	411.898168398386	341.770745607018	395.427481069892
PA14_RS29450	64.3933113379664	46.7407278335276	57.2225839582363	49.6109738347794	110.040220881472	115.141051600415	71.0825806789202	73.0895269219829	73.4365321986942
PA14_RS29455	18.0301271746306	19.6803064562221	1.70813683457422	7.93775581356471	8.52424246264924	8.08007379652036	13.9626497762165	13.3825894364194	11.2979280305683
PA14_RS29460	131.362355129451	164.002553801851	180.20843604758	294.68918457859	311.522315453181	289.872647450168	251.327695971896	246.033759638787	295.629116799871
PA14_RS29465	137.801686263248	150.062336728694	148.607904607957	178.599505805206	192.95785210906	196.951798790184	169.455795011354	154.414493497147	161.936968438146
PA14_RS29470	81.1355722858377	44.2806895264998	80.2824312249883	129.980751447122	113.139945413345	172.711577400623	130.7411751773	118.384445014479	62.1386041681258
PA14_RS29475	117.195826635099	95.1214812050736	110.174825830037	334.377963646413	275.10055220368	261.592389162347	251.327695971896	253.239769335321	365.299672988376
PA14_RS29480	258.861111578625	215.663358249434	233.160677919381	378.035620621019	437.836090126984	369.663376190807	422.052822781088	369.565354436505	425.555289151407
PA14_RS29485	387.647734254558	323.085030989647	258.782730437994	636.012684561872	667.215705485545	592.875414819682	525.503364304874	500.302958930756	546.066521477469
PA14_RS29490	435.298784644653	451.007022955091	429.596413895416	969.39842873159	1082.57879275645	973.648892480704	950.729516580557	1004.7236376881	964.089858608497
PA14_RS29495	584.691266948735	612.549538449914	661.048954980223	1250.19654063644	1291.81019865784	1218.07112482544	1217.28919412651	1250.75739732689	1355.7513636682
PA14_RS29500	499.692095982619	566.628823385396	539.771239725453	1413.91275429121	1105.8267267455	1078.68985183547	1228.07851440813	968.693589205435	1165.56957515363
PA14_RS29505	379.920536894002	306.684775609462	291.237330294904	701.499170023781	663.341049820705	717.106549441182	768.580403590824	743.2484286996	837.929662267151
PA14_RS29510	327.118021596869	291.104532998286	410.8069087151	769.962313915777	829.176312275881	640.345848374239	744.463099431905	766.925317702496	708.003489915615
PA14_RS29515	260.148977805384	145.142260114638	181.916572882154	610.214978167787	563.374933667818	705.996447970967	625.780576334065	725.74811943659	864.291494338477
PA14_RS29520	200.907131374455	236.163677474666	234.868814753955	473.288690383796	590.497523321702	461.574215626226	534.388686889739	603.245954595521	642.0989097373
PA14_RS29525	225.376589682882	102.501596126157	121.27771525477	237.140454930246	193.732783242028	232.30212164996	187.226440181084	216.180290896006	284.331188769303
PA14_RS29530	445.601714458727	271.424226542064	394.579608786645	663.794829909349	612.970526177778	677.716189683145	669.572523359471	687.659211040627	700.471537895236
PA14_RS29535	103.029298140746	96.7615067430922	117.007373168334	191.498359002249	214.655923832167	184.831688095403	178.975783495138	226.474590462482	184.532824499283
PA14_RS29540	140.377418716767	118.081838737333	123.839920506631	219.280504349725	227.829753092625	258.562361488652	264.655679849194	239.857179898902	229.724536621556
PA14_RS29545	43.7874517098172	97.5815195121014	95.6556627361563	127.004093017035	156.536088859559	163.621494379537	121.221186693516	149.267343713909	135.57513636682
PA14_RS29550	70.832642471763	59.8609321376757	58.0766523755234	109.144142436515	130.963361471611	105.040959354765	90.757223545407	83.3838264884593	60.2556161630311
PA14_RS29555	139.089552490007	152.522375035722	143.483494104234	175.622847375119	162.735537923304	220.18201095518	182.783778888652	153.385063540499	161.936968438146
PA14_RS29560	218.937258549086	195.163039024203	186.18691496859	407.802204921887	486.656751503975	406.023708275148	394.127523228655	383.977373829572	335.17186490686
PA14_RS29565	109.468629274543	124.641940889407	122.985852089344	218.28828487303	264.251516342127	250.482287692131	185.322442484328	227.50402041913	210.894656570609
PA14_RS29570	385.072001801039	509.227929554748	462.905082169613	824.534385134034	848.549590600084	725.186623237703	637.204562514606	741.189568786305	851.110578302814
PA14_RS29575	204.770730054733	209.923268866369	181.062504464867	304.611379345546	314.622039985054	280.782564429083	325.583606145411	281.034378164807	269.267284728545
PA14_RS29580	68.2569100182444	63.1409832137127	39.287147195207	53.5798517415618	46.4958679780868	38.3803505334717	39.3492857329737	53.5303577456776	41.4257361120839
PA14_RS29585	126.210890222414	72.1611236728145	123.839920506631	117.081898250079	115.464738812249	87.8708025371589	95.8345507367584	76.1778167919258	69.6705561885047
PA14_RS29590	83.7113047393563	59.0409193686664	84.5527733114238	64.4942659852133	64.3192840363534	74.7406826178133	34.9066244405411	62.7952273555064	48.9576881324628
PA14_RS29595	108.180763047784	115.621800430305	162.272999284551	90.2919723792986	134.063086003484	97.9708947828094	69.8132488810823	90.5898361849928	69.6705561885047
PA14_RS29600	100.453565687228	95.9414939740829	85.4068417287109	220.272723826421	200.707163438741	186.851706544533	191.034435574598	149.267343713909	231.607524626651
PA14_RS29605	113.332227954821	130.382030272472	136.650946765938	344.300158413369	289.824243730074	219.172001730615	232.922384903247	220.298010722596	203.36270455023
PA14_RS29610	123.635157768895	118.081838737333	117.007373168334	288.735867718416	229.379615358561	200.991835688444	193.573099170274	230.592310289073	188.298800509472
PA14_RS29615	28.3330569887052	43.4606767574905	22.2057788494648	145.856263074252	126.313774673802	107.060977803895	104.085207422705	81.324966575164	111.096292300589
PA14_RS29620	70.832642471763	110.701723816249	84.5527733114238	254.008186034071	247.977962549796	242.402213895611	293.215645300546	253.239769335321	225.958560611367
PA14_RS29625	69.5447762450037	115.621800430305	86.2609101459981	264.922600277722	315.396971118022	252.502306141261	257.674354961086	214.12143098271	225.958560611367
PA14_RS29630	23.1815920816679	24.6003830702777	31.6005314396231	55.564290694953	65.8691463022896	54.5404981265124	57.7545968016226	23.6768890028959	26.3618320713261
PA14_RS29635	149.392482304082	186.142898565101	219.495583242787	346.28459736676	402.189258010451	425.213883541884	421.418156882169	353.094475130143	297.512104804966
PA14_RS29640	64.3933113379664	62.3209704447034	78.5742943904141	107.159703483124	143.362259599101	131.301199193456	121.855852592435	120.443304927775	133.692148361725
PA14_RS29645	15.4543947211119	27.8804341463147	31.6005314396231	78.3853386589515	109.265289748504	54.5404981265124	72.9865783756769	56.6186476156205	54.6066521477469
PA14_RS29650	195.755666467418	179.582796413027	199.852009645184	292.704745625199	246.42810028386	287.852629001038	248.154366477302	281.034378164807	293.746128794777
PA14_RS29655	27.0451907619459	33.6205235293795	39.287147195207	34.7276816843456	45.7209368451187	47.4704335545571	36.8106221372979	25.7357489161911	39.5427481069892
PA14_RS29660	61.8175788844477	71.3411109038052	58.0766523755234	113.113020343297	152.661433194718	114.13104237585	138.357165964327	149.267343713909	116.745256315873
PA14_RS29665	18.0301271746306	13.1202043041481	11.9569578420195	37.7043401144324	36.4217632495013	20.2001844913009	26.0213018556761	18.5297392196576	13.1809160356631
PA14_RS29670	32.1966556689832	20.5003192252314	20.4976420148906	14.8832921504338	41.07135004731	14.1401291439106	18.405311068649	9.26486960982881	1.88298800509472
PA14_RS29675	296.209232154645	291.924545767295	360.41687209516	541.751834275791	570.349313864531	520.154750650998	469.018099301089	407.654262832468	451.917121222733
PA14_RS29680	346.436014998259	373.105809899211	421.055729722545	754.086802288647	836.925623605562	736.296724707918	617.529919648119	684.570921170685	657.162813778058
PA14_RS29685	1406.34991962119	1396.48174562276	1515.97144068462	3142.35908269493	3505.01351441478	2876.50627156125	3359.92126887682	3564.9159398708	3427.03816927239
PA14_RS29690	148.104616077323	186.96291133411	199.852009645184	403.833327015105	395.989808946706	463.594234075356	389.684861936223	487.949799450984	393.544493064797
PA14_RS29695	46.3631841633358	93.4814556670551	85.4068417287109	401.848888061713	278.975207868521	284.822601327343	357.316901091358	370.594784393153	250.437404677598
PA14_RS29700	72.1205086985224	121.36188981337	94.8015943188691	221.264943303116	237.128926688243	174.731595849753	248.789032376221	215.150860939358	209.011668565514
PA14_RS29705	34.7723881225019	58.2209065996571	45.2656261162168	136.926287783991	74.3933887649389	107.060977803895	104.719873321623	114.266725187889	143.107088387199
PA14_RS29710	101.741431913987	129.562017503462	115.29923633376	365.136767423977	239.453720087147	294.922693572993	304.004965582167	268.681218685036	265.501308718356
PA14_RS29715	5.15146490703731	3.28005107603702	11.9569578420195	25.7977063940853	21.6980717231072	37.3703413089067	16.5013133718922	13.3825894364194	15.0639040407578
PA14_RS29720	0	18.0402809182036	11.1028894247324	29.7665843008677	27.122589653884	15.1501383684757	20.9439746643247	41.1771982659058	35.7767720967997
PA14_RS29725	2.57573245351866	2.46003830702777	3.41627366914844	0	1.54986226593623	7.07006457195532	4.44266129243251	1.02942995664765	0
PA14_RS29730	27.0451907619459	21.3203319942406	22.2057788494648	52.5876322648662	97.6413227539823	97.9708947828094	79.3332373648662	50.4420678757347	50.8406761375575
PA14_RS29735	3.86359868027798	9.84015322811107	3.41627366914844	10.9144142436515	14.7236915263941	23.230212164996	17.77064516973	30.8828986994294	28.2448200764208
PA14_RS29740	1.28786622675933	3.28005107603702	21.3517104321777	16.867731103825	10.0741047285855	7.07006457195532	5.07732719135144	13.3825894364194	0
PA14_RS29745	0	7.3801149210833	5.97847892100977	0.992219476695589	7.74931132968113	0	3.17332949459465	5.14714978323823	9.41494002547361
PA14_RS29750	5.15146490703731	5.74008938306479	5.12441050372266	14.8832921504338	13.1738292604579	9.09008302108541	15.2319815740543	13.3825894364194	0
PA14_RS29755	11.590796040834	16.4002553801851	19.6435735976035	26.7899258707809	24.0228651220115	30.3002767369514	25.3866359567572	20.5885991329529	30.1278080815155
PA14_RS29760	0	3.28005107603702	5.12441050372266	3.96887790678235	3.87465566484057	5.05004612282523	3.17332949459465	5.14714978323823	0
PA14_RS29765	36.0602543492612	40.1806256814535	23.9139156840391	78.3853386589515	83.6925623605562	79.7907287406386	70.4479147800012	72.0600969653352	73.4365321986942
PA14_RS29770	78.559839832319	89.3813918220089	72.5958154694043	178.599505805206	221.63030402888	143.421309888236	162.474470123246	125.590454711013	124.277208336252
PA14_RS29775	141.665284943526	90.2014045910181	74.3039523039785	219.280504349725	203.031956837646	156.551429807582	145.338490852435	214.12143098271	210.894656570609
PA14_RS29780	136.513820036489	140.222183500583	149.461973025244	279.805892428156	275.10055220368	198.971817239314	265.290345748113	257.357489161911	209.011668565514
PA14_RS29785	37.3481205760205	54.9408555236201	67.4714049656816	103.190825576341	82.9176312275881	82.8207564143337	60.9279262962173	66.912947182097	56.4896401528417
PA14_RS29790	240.830984403994	329.645133141721	339.065161662982	435.584350269363	488.981544902879	351.483210148636	369.375553170817	366.477064566562	331.405888896671
PA14_RS29795	82.423438512597	104.141621664175	126.402125758492	245.07821074381	197.607438906869	109.080996253025	144.703824953516	122.50216484107	112.979280305683
PA14_RS29800	132.650221356211	162.362528263833	105.904483743602	240.117113360332	227.054821959657	236.342158548221	147.877154448111	163.679363106976	171.35190846362
PA14_RS29805	397.950664068632	345.225375752897	377.498240440902	615.176075551265	555.625622338137	516.114713752738	514.714044023252	603.245954595521	572.428353548795
PA14_RS29810	792.037729456987	714.231121807062	654.216407641926	1126.16910604949	1055.45620310257	960.518772561358	609.913928861092	570.304195982796	628.917993701637
PA14_RS29815	2917.01700360988	2615.02072037052	2815.8635717956	3827.98274109158	3358.5515302838	3492.61189854593	2785.54863035518	2720.78337541973	2775.52431950962
PA14_RS29820	1687.10475705472	1631.00539755941	1733.75888709283	2457.72764377497	2303.09532718123	2106.87924244268	1655.84333027949	1728.4128972114	1549.69912819296
PA14_RS29825	4636.31841633358	4182.0651219472	4108.069087151	6732.20914937957	6663.6328123928	5811.59307814727	5421.3161085655	5187.29755154749	4988.03522549592
PA14_RS29830	1616.27211458296	1316.12049425986	1011.21700606794	1903.07695630214	1909.43031163343	1769.53616143796	1292.17977019894	1090.16632408986	1203.22933525553
PA14_RS29835	1308.47208638748	871.673573456839	706.314581096439	1458.56263074252	1230.59063915336	1454.41328337367	1090.35601434272	826.63225518806	1101.54798298041
PA14_RS29840	1531.27294361684	1389.10163070168	1284.51889959981	2346.59906238507	2231.80166294817	2232.12038628875	1789.75783495138	1788.11983469696	1707.87012062091
PA14_RS29845	2182.93325435706	2121.37303342694	2097.59203285714	3171.1334475191	3157.06943571209	3012.85751687753	2412.99974768977	2489.16163517401	2502.49105877089
PA14_RS29850	526.737286744565	409.186371735619	501.338160947533	857.277627864989	860.948488727574	977.688929378964	815.545680110825	722.659829566647	677.8756818341
PA14_RS29855	351.587479905297	434.606767574905	446.677782241158	851.324311004815	819.102207547296	904.968265210281	661.956532572444	730.895269219829	640.215921732205
PA14_RS29860	422.42012237706	390.326078048406	469.73762950791	700.506950547086	737.734438585644	699.936392623576	693.68982751839	671.188331734265	815.333806206015
PA14_RS29865	137.801686263248	133.662081348509	158.002657198115	228.210479639985	248.752893682764	281.792573653648	222.767730520544	283.093238078103	265.501308718356
PA14_RS29870	793.325595683746	906.114109755227	971.929858872731	1734.39964526389	2025.66998157865	2033.14856904944	2092.49346873571	2114.44913095427	2088.23369765005
PA14_RS31500	11.590796040834	18.0402809182036	9.3947525901582	21.8288284873029	29.4473830527883	36.3603320843416	28.5599654513518	14.412019393067	0
PA14_RS29880	443.025982005209	625.669742754062	573.933976416938	956.499575534547	949.290637885939	927.188468150712	725.423122464337	660.894032167789	600.673173625216
PA14_RS29885	2739.29146431709	3193.94973529105	3452.99861109178	5503.84143723043	5276.50608437988	5115.69672242195	4211.64290522602	4520.22693963981	4257.43587951917
PA14_RS29890	3093.45467667591	3480.95420444429	3406.02484814099	6800.67229327156	6760.49920401382	6284.27739524371	7382.43373622499	6236.28667737144	5886.2205039261
PA14_RS29895	2176.49392322326	2191.89413156174	1201.67426312296	4201.05726432912	3464.71709550043	3618.86305161656	2364.76513937193	1815.91444352645	2236.98975005253
