PA14_RS03195	6409.14101991025	6.29395371289429	0.149594234182262	42.0735046861891	0	0
PA14_RS03230	6957.98792493151	5.22286477987862	0.130748327196454	39.9459395914952	0	0
PA14_RS03255	6407.76329512242	4.76990961274633	0.119620767793949	39.8752633068085	0	0
PA14_RS03330	7114.64246321957	4.93456592337202	0.124032809227494	39.7843599133622	0	0
PA14_RS31360	2949.14932621464	6.30579861159469	0.162514275670489	38.8015058097432	0	0
PA14_RS20105	5302.94956051965	5.26374472133361	0.131698513974605	39.9681405847039	0	0
PA14_RS03290	3276.15016649613	5.51331771610822	0.15319131478906	35.9897538819344	1.20996675031164e-283	8.35914172072439e-281
PA14_RS03305	5000.58481825467	4.98537316558321	0.140712201584802	35.4295726272089	5.98621317072102e-275	3.61866586170086e-272
PA14_RS31795	6609.95357599388	5.65185438743088	0.162657256683336	34.7470165344914	1.53752489406266e-264	8.26163376409671e-262
PA14_RS31185	2292.14700763276	4.9906813492714	0.146727133753761	34.0133499618879	1.41429864840479e-253	6.83954826368558e-251
PA14_RS03335	2505.55457916897	4.8703889215666	0.147090497608551	33.1115129852105	2.02930588576718e-240	8.92156660324554e-238
PA14_RS03260	1986.02913610874	4.71863323483654	0.143222708437689	32.94612485903	4.8071113472549e-238	1.93726587294372e-235
PA14_RS03240	6405.88619878212	5.16183422350956	0.157822063382614	32.7066704925505	1.2554089326633e-234	4.67012122950747e-232
PA14_RS03210	1449.76726168592	5.34517270427537	0.169297667885801	31.5726304504143	8.77192199495017e-219	3.0300724833985e-216
PA14_RS03190	1417.13830134757	5.69132595748046	0.18175555073574	31.3130792123936	3.09716009319938e-215	9.9852441404748e-213
PA14_RS30150	6529.07256839666	5.61354053955097	0.182328644475935	30.7880341878584	3.78939019381083e-208	1.14534318607932e-205
PA14_RS03220	1848.70228959833	5.69928902600043	0.186261839822211	30.5982644187369	1.29078615250081e-205	3.67190696087879e-203
PA14_RS03320	1287.65135375969	5.16107747057514	0.17297618629255	29.8369248460962	1.29743959138079e-195	3.4857877021764e-193
PA14_RS03250	1395.35050194995	5.4121151388877	0.183076836886732	29.5619873650982	4.60603621379806e-192	1.17235742789092e-189
PA14_RS03270	1151.87759835778	4.51871315008609	0.154750446950571	29.2000006405759	1.93917803971502e-187	4.68893250003092e-185
PA14_RS03245	990.622736344219	4.96553869670448	0.171332304151614	28.9819174573781	1.11208528001265e-184	2.56097353054342e-182
PA14_RS03200	961.941044997088	5.87641215821899	0.20713088797052	28.3705255927611	4.67308546285923e-177	1.02722914992669e-174
PA14_RS03215	964.390456050642	5.74499769848658	0.205467437381541	27.9606236963888	4.89656349915839e-172	1.02955569921435e-169
PA14_RS31740	1347.29216820475	4.8746808285659	0.176299804670697	27.6499502519082	2.79463669510872e-168	5.63119294064406e-166
PA14_RS03315	841.27900236837	5.35172585775019	0.196697447004746	27.2079070635882	5.23633306639911e-163	1.01291626836424e-160
PA14_RS03235	892.724998220335	4.61958753705579	0.170197930406556	27.1424424845875	3.10946363033929e-162	5.78360235243107e-160
PA14_RS03225	769.924594761869	5.46037232933495	0.202447022387742	26.9718579455164	3.16166589844672e-160	5.66289492032901e-158
PA14_RS03325	1154.52377583599	4.94697833072964	0.183592291286055	26.9454577644644	6.44812330185498e-160	1.11368301027752e-157
PA14_RS10205	811.730832637411	4.20012214373973	0.158192922204376	26.5506325138455	2.52536971947694e-155	4.21127171151397e-153
PA14_RS21365	872.786887290718	4.78589961109579	0.181464057772504	26.3738156737118	2.73695796101072e-153	4.41197623314929e-151
PA14_RS21915	1779.68309718017	3.85572061972383	0.147727633604635	26.1001988974043	3.62689102523983e-150	5.65794999937413e-148
PA14_RS10200	713.726596971871	4.29809348800651	0.168374725594908	25.5269517014524	9.90031772551603e-144	1.49618551626861e-141
PA14_RS25755	1149.32589047743	4.18086322983071	0.165962409727471	25.1916276504792	4.9480251235792e-140	7.25110590837242e-138
PA14_RS03345	1442.99613475144	4.81941659875141	0.193613278926306	24.8919734507766	9.08879551995082e-137	1.29274750395536e-134
PA14_RS03340	720.445276761438	4.72365343025165	0.190732785772009	24.7658178489461	2.09434559400659e-135	2.89378722646168e-133
PA14_RS03180	910.800635249241	4.70321028852252	0.190839357241031	24.6448654853849	4.17746836266462e-134	5.61173250051281e-132
PA14_RS07040	1669.06707325272	3.46208301334383	0.14390393625233	24.0582926604119	6.83582816874185e-128	8.93461216865826e-126
PA14_RS03205	1174.01274495911	4.82849771582353	0.203293443931346	23.7513695594343	1.06351254214e-124	1.35345964573396e-122
PA14_RS30775	4692.61165280565	3.91856736214854	0.180247609726022	21.7399130457531	8.60616787194958e-105	1.06716481612175e-102
PA14_RS21370	436.284670397218	4.56285293423187	0.211484640307787	21.5753395971984	3.06223808477704e-103	3.70224584449544e-101
PA14_RS07980	478.726990639342	4.22562716650623	0.204921166121591	20.62074526747	1.78783250185104e-94	2.10877023876868e-92
PA14_RS21310	576.829707957311	3.38599121970204	0.165747449014339	20.4286173925314	9.31009478770498e-93	1.07199091412717e-90
PA14_RS30135	886.236487413767	3.51167574669788	0.173805682784375	20.2046083329421	8.91742879597961e-91	1.00289966645017e-88
PA14_RS03310	303.729977306479	5.19857389636769	0.260774744514273	19.9351126047528	2.01850321601244e-88	2.21851853469003e-86
PA14_RS07045	420.063094375249	3.53805758660681	0.178306731529371	19.8425351430102	1.27846419048082e-87	1.37392285003672e-85
PA14_RS07985	333.894069606095	4.36791575494431	0.220274120833436	19.82945494649	1.6582690658298e-87	1.74334547877237e-85
PA14_RS14245	301.162195263324	4.83034991908671	0.245057625462684	19.7110777922813	1.73237708767494e-86	1.7825054459566e-84
PA14_RS00350	471.980626620884	4.0698926442511	0.210122537890664	19.3691390038742	1.4058885074937e-83	1.4164326712999e-81
PA14_RS03265	295.124997932472	4.93415522197618	0.257062707403502	19.1943641760188	4.12499751736249e-82	4.07111999876837e-80
PA14_RS05825	1345.6777420831	2.76232206733386	0.147457400049716	18.7330175793315	2.66380323994608e-78	2.57643049367585e-76
PA14_RS30075	460.591720561408	4.1412671115455	0.227857044912666	18.174847800439	8.16548276696477e-74	7.74279895314542e-72
PA14_RS21390	400.844619264196	3.20353788209451	0.180002827702658	17.7971530946522	7.43538209150002e-71	6.91490534509501e-69
PA14_RS01270	2407.37087814126	2.23693215232447	0.129506723756799	17.2727105391471	7.55109955179638e-67	6.89002215707308e-65
PA14_RS21385	302.009018688763	3.54097667105538	0.212933295440364	16.6295114332981	4.26054148269122e-62	3.81555159449903e-60
PA14_RS03280	211.251570136367	4.84745435406237	0.295910446546174	16.3814911255793	2.5930739706564e-60	2.28001922219897e-58
PA14_RS03185	606.543983967068	2.89787453027545	0.184916461357353	15.671263169347	2.37805808839033e-55	2.05362302061707e-53
PA14_RS22675	180.468110033269	3.87945517510652	0.255916724012744	15.1590529695642	6.60143331481575e-52	5.60079500183315e-50
PA14_RS21910	191.254063544347	4.02806547972422	0.272598648269069	14.776542383102	2.075508664399e-49	1.73054481052303e-47
PA14_RS03355	504.58915586254	2.14470094026531	0.151660131446769	14.1414946684131	2.10759884766132e-45	1.72751661479494e-43
PA14_RS20090	2582.26975789713	1.63487316687909	0.117152781137726	13.9550521208465	2.93087389882026e-44	2.36228436244913e-42
PA14_RS16375	203.722506946563	3.13291701014368	0.227096671044223	13.795521509576	2.71184621686313e-43	2.1499161155328e-41
PA14_RS30930	1387.45472858285	-1.60375966228746	0.118452366590082	-13.5392791926011	9.16841373087342e-42	7.15136271008127e-40
PA14_RS21375	121.288210201011	4.29496954248201	0.321169166297048	13.3729199225482	8.70551227284869e-41	6.68251703992004e-39
PA14_RS21380	127.778526930521	4.61740690877885	0.351550822953208	13.1343936845041	2.0915999317833e-39	1.58046519845376e-37
PA14_RS01275	589.359717534726	2.30972011483531	0.1764381995778	13.0908166165958	3.71591109795798e-39	2.76463785688074e-37
PA14_RS22670	120.270084984426	4.83998790878192	0.373195304066052	12.9690482598497	1.83292055890757e-38	1.34303088225409e-36
PA14_RS03295	1106.37498653662	4.90829705341287	0.379133157675022	12.9461033783283	2.47186011248793e-38	1.78416649313308e-36
PA14_RS03300	2781.32978070357	5.48021263186065	0.425465067601723	12.8805231008781	5.7941510269841e-38	4.12066387742575e-36
PA14_RS30145	1053.82051756381	4.99967623961163	0.398257206659672	12.5538876786329	3.7846224852891e-36	2.65252671577653e-34
PA14_RS03360	436.037927600707	2.09745953828062	0.167549362757932	12.518457269879	5.91741228287016e-36	4.08808654285144e-34
PA14_RS03350	661.828610436638	1.78286937862384	0.144500504994722	12.3381532728136	5.64354824510098e-35	3.84397173426878e-33
PA14_RS22665	83.6373924246657	4.83339066484901	0.425606858770522	11.3564679827095	6.88732344491482e-30	4.62598558050112e-28
PA14_RS12080	581.732038738203	-1.70101112268156	0.152242790691362	-11.1730159106843	5.52717272725134e-29	3.66156264506678e-27
PA14_RS00095	1179.27891265466	1.53088335750181	0.139009862514322	11.0127679418723	3.31655030108421e-28	2.16741044000584e-26
PA14_RS16370	136.096785900627	2.63728711808142	0.240581971797374	10.9621144858794	5.8125175246073e-28	3.74791129986679e-26
PA14_RS21115	1993.21714500182	-1.38333549140211	0.126687716832149	-10.9192550469192	9.32575530766724e-28	5.93412535103668e-26
PA14_RS00430	296.449445146223	1.84114547123165	0.178493811196004	10.314898084673	6.03452982174672e-25	3.7899982101256e-23
PA14_RS03275	344.716520286897	4.72848793735502	0.459829705180855	10.28312848013	8.39572501394275e-25	5.2053495086445e-23
PA14_RS00005	1438.6014563664	1.28950470536649	0.13210860198536	9.76094429876253	1.65605960367306e-22	1.01376003080543e-20
PA14_RS00640	545.183773810969	1.46682664724466	0.150339024151238	9.75679239323159	1.72525678114747e-22	1.04291772420364e-20
PA14_RS29915	844.33482313895	-1.24563019127805	0.129446373592714	-9.62275077088885	6.40937658373126e-22	3.82663520480548e-20
PA14_RS23350	960.506984339104	-1.29580271429791	0.135360959684768	-9.57294272525553	1.03905268386426e-21	6.12787655996041e-20
PA14_RS23820	426.781489980174	-2.13141417658094	0.223319434012349	-9.54423955983639	1.37109776632226e-21	7.98870939510175e-20
PA14_RS22880	1277.53553732604	-1.21587721403855	0.129781288005779	-9.36866348548189	7.34567603209321e-21	4.22901062990509e-19
PA14_RS03370	150.883045022912	2.351764261105	0.253702189863355	9.26978305694432	1.86524916390621e-20	1.06121705372358e-18
PA14_RS00020	2873.06425792186	1.07010887795907	0.115776732467955	9.24286646503222	2.39980395724845e-20	1.34947115549459e-18
PA14_RS29315	308.140889189496	1.49853634846836	0.162393635192233	9.22780222694366	2.76241499599707e-20	1.5355217150163e-18
PA14_RS29685	2422.92647903714	1.14569102583865	0.124615985881131	9.19377251431859	3.79300253185783e-20	2.08442730046187e-18
PA14_RS23825	215.7051444536	-1.77565336517065	0.195667515870562	-9.07485004483463	1.13834140664651e-19	6.18541465454213e-18
PA14_RS15500	326.629229397759	-1.53296192161916	0.169210287203014	-9.05950782874068	1.31040482298834e-19	6.96386563073803e-18
PA14_RS29490	759.951036844986	1.20591737669685	0.133099199113542	9.0602902551512	1.30103881697974e-19	6.96386563073803e-18
PA14_RS00235	453.475849101699	1.46462728697253	0.161988316235244	9.04156127436721	1.54449848575588e-19	8.11868986642982e-18
PA14_RS31730	476.826029086002	1.34635433967443	0.149202063983798	9.02369782110136	1.81845114165454e-19	9.37968497683882e-18
PA14_RS00425	286.92272546354	1.56038444843837	0.172926185212964	9.02341335129032	1.82318111625899e-19	9.37968497683882e-18
PA14_RS00055	340.631825404328	1.54064321000908	0.171625176230707	8.97679025796349	2.7878064448247e-19	1.41914020707076e-17
PA14_RS20095	1175.41488230632	1.28057397751774	0.144068602948625	8.88864021242981	6.18612872706885e-19	3.11626234626093e-17
PA14_RS23815	3167.30148506437	-1.22893226880921	0.138688253512319	-8.8611128749995	7.921960724374e-19	3.94954660444048e-17
PA14_RS28890	465.776080381532	1.36867778748684	0.154491512727283	8.85924257795897	8.05599014078733e-19	3.97538452253546e-17
PA14_RS00475	145.412212436478	1.96235345820899	0.221931871598188	8.84214351042769	9.3899506170771e-19	4.58684860446312e-17
PA14_RS29180	2437.25443815071	1.12295775493881	0.127513301598666	8.80659304449034	1.29007018935743e-18	6.23877943573255e-17
PA14_RS29890	5220.1447125331	0.99559976654849	0.113678262549771	8.75804876163194	1.98659233268236e-18	9.51204011965536e-17
PA14_RS29515	431.790110196853	1.6948807297098	0.196112747513938	8.64237919867672	5.50543517566195e-18	2.61022397151973e-16
PA14_RS00015	897.200763669582	1.18081798776576	0.137274231869092	8.60189105914514	7.84132076934573e-18	3.68161429519961e-16
PA14_RS03390	191.495966071362	1.84401799494315	0.214553932600504	8.59465949932825	8.35120571105771e-18	3.86623950721879e-16
PA14_RS29695	208.516310305451	2.08082755553843	0.242123743918976	8.59406649615805	8.39444061741052e-18	3.86623950721879e-16
PA14_RS09480	1093.61470702869	-1.07074183719598	0.124854660859652	-8.57590601603245	9.83098024408664e-18	4.48515287362292e-16
PA14_RS05600	264.277143661978	1.96694010245297	0.230214132999466	8.54395895171881	1.29700128238385e-17	5.86196093608254e-16
PA14_RS18475	46.5330148043375	4.93054510662	0.577864629513739	8.5323531754642	1.43400487630805e-17	6.42115516835715e-16
PA14_RS29250	424.617171904835	1.54945693314772	0.183082279570821	8.46317260621802	2.60200163250699e-17	1.15442934814714e-15
PA14_RS28670	1305.07106183322	1.09664515517858	0.130185096669914	8.42373807164069	3.6465900402857e-17	1.60317358498379e-15
PA14_RS00245	269.992770901755	1.44361353759161	0.172022190879764	8.39201925175246	4.77862629924731e-17	2.08193124172613e-15
PA14_RS11745	613.873024755786	-1.14431733488218	0.136872828824107	-8.36044191322093	6.24837574518593e-17	2.69795938426064e-15
PA14_RS29870	1481.50291035471	1.11961042589945	0.134108525832445	8.34854025088823	6.9111793351961e-17	2.95774011194764e-15
PA14_RS15655	164.499721031278	-2.02770878039857	0.243645412557401	-8.32237619052591	8.62171613718648e-17	3.65742274030121e-15
PA14_RS11740	423.660474605967	-1.34428391871406	0.163812743234991	-8.20622310674371	2.28255090313703e-16	9.59862275440929e-15
PA14_RS20650	338.602575078542	1.27256856327957	0.156415464902308	8.13582316860026	4.09148655389863e-16	1.70572663574601e-14
PA14_RS29495	983.300284177938	1.02010018639598	0.126619957236186	8.05639338902299	7.8578466845783e-16	3.24790996295903e-14
PA14_RS09490	1060.36079991941	-1.03335669476789	0.129239767038116	-7.99565581438354	1.28885966309636e-15	5.28214011079151e-14
PA14_RS11735	767.638906474226	-1.13518433949587	0.142989854003545	-7.93891529861782	2.03956987970213e-15	8.28853776322646e-14
PA14_RS24180	111.556907245788	2.35257380742767	0.298014245816278	7.89416559931164	2.92263896845711e-15	1.17782350428821e-13
PA14_RS07975	84.4209884322217	2.36562505307546	0.299770052392372	7.8914655890278	2.98658185206085e-15	1.19364544103853e-13
PA14_RS21865	42.2167258561336	3.75835625157085	0.47646581167539	7.88798725842552	3.07099109120278e-15	1.21732073090628e-13
PA14_RS00705	1488.72092022217	1.087398812264	0.1380369207127	7.87759395565792	3.33745210895008e-15	1.31218848771403e-13
PA14_RS29500	910.946455425303	1.16603214261442	0.148065714125732	7.87509890118296	3.40473425461743e-15	1.3278463593008e-13
PA14_RS28680	318.748315658708	1.23036183089556	0.159674707974996	7.70542715561581	1.30406346907451e-14	5.04516074915545e-13
PA14_RS29920	681.161402073879	-1.03763591822744	0.134984195089177	-7.68709194096335	1.50516974103107e-14	5.77698481557638e-13
PA14_RS29275	1691.9310099088	1.21047493501027	0.157509656414388	7.68508396606278	1.5289668093541e-14	5.82211298428065e-13
PA14_RS23355	476.990720167472	-1.15816308161142	0.153053024437805	-7.56707086230794	3.81733691474388e-14	1.44223760310167e-12
PA14_RS00415	667.034014735106	1.14729376003244	0.152663410120111	7.51518493612703	5.68305407371089e-14	2.13048445740045e-12
PA14_RS00485	224.56662538282	1.45082610633812	0.194449931661688	7.46118084969212	8.57504544964014e-14	3.18991690726613e-12
PA14_RS28665	413.084178908693	1.14007210466854	0.153053208940755	7.44886116768611	9.41493810564768e-14	3.47562142587116e-12
PA14_RS00715	933.059446937371	1.04837043083931	0.14121926220191	7.42370703891928	1.13886917619385e-13	4.17240252732839e-12
PA14_RS29625	193.35096457264	1.60862830203971	0.217185979339721	7.40668576733261	1.29494804424416e-13	4.70854792628929e-12
PA14_RS29475	208.920326480033	1.44359683592524	0.195109953991033	7.3988887106784	1.37328880137673e-13	4.95613779362526e-12
PA14_RS23385	411.80375258498	-1.20839284111855	0.163380595470989	-7.39618335724033	1.40154447058627e-13	5.0206437479668e-12
PA14_RS00230	130.497124494126	1.6653539405733	0.225441261541543	7.38708579425876	1.50081766009605e-13	5.33673103251803e-12
PA14_RS00435	82.9570594585606	2.02539053671871	0.274826145695308	7.36971561273578	1.7099240495109e-13	6.03590708279906e-12
PA14_RS30935	78.2668605920032	-2.19538679621319	0.298634788903649	-7.35141007607627	1.96126693487731e-13	6.87296151961354e-12
PA14_RS29855	666.504232109612	1.06208587663931	0.145157794118784	7.31676781868285	2.54014788381617e-13	8.8375217022554e-12
PA14_RS09495	488.232726204739	-1.10440407663921	0.151106796692796	-7.30876506425115	2.69608676737321e-13	9.31305400501204e-12
PA14_RS00205	247.216533981919	1.36269534821245	0.186727281867935	7.2977838834297	2.92546028627644e-13	1.00337063435694e-11
PA14_RS15700	62.6309682577099	-3.05763019345382	0.420582763800474	-7.26998454673804	3.5952862595081e-13	1.22442284161839e-11
PA14_RS29505	535.524081497108	1.10024150722479	0.152001000433978	7.23838332697474	4.54064576628159e-13	1.53556384096068e-11
PA14_RS00360	412.213368328234	1.32608514089331	0.183506316180953	7.22637328507905	4.9606304897719e-13	1.66594507281506e-11
PA14_RS15705	72.7193098084144	-2.31625969391785	0.321070972423871	-7.214167249165	5.42650274418956e-13	1.80983222557936e-11
PA14_RS09470	1296.08410314583	-0.853563965769636	0.119424180271848	-7.14732949245828	8.84823195200038e-13	2.93082532327903e-11
PA14_RS29680	606.945270216606	1.03140754014344	0.144697260660629	7.12803777648902	1.01809838686885e-12	3.34933591761751e-11
PA14_RS00340	369.574183324233	1.20590901710074	0.169736206464574	7.10460686154448	1.20665526076564e-12	3.94282759531261e-11
PA14_RS00010	866.578111554908	0.9503607361419	0.133790999445328	7.10332339306765	1.21791956776802e-12	3.95292552330614e-11
PA14_RS00650	307.809636501767	1.49944152867071	0.211227486390163	7.09870459709521	1.25931654545618e-12	4.04210526040736e-11
PA14_RS22830	154.124971692977	-1.96226032021696	0.276437067651508	-7.0983979713267	1.26211309826615e-12	4.04210526040736e-11
PA14_RS29690	314.752007597541	1.23526611170656	0.174049243868102	7.09722193704371	1.2728956315594e-12	4.04981794356662e-11
PA14_RS29520	384.632886031461	1.18467847525438	0.167777630428229	7.06100373590119	1.65304150308586e-12	5.22490765289099e-11
PA14_RS03550	8819.57934231556	-0.935623116434663	0.133106599179518	-7.02912644603601	2.07830573769721e-12	6.52641983604136e-11
PA14_RS29620	176.906750619566	1.47426766188373	0.209856559500705	7.02512070812244	2.13881261525108e-12	6.67309535958338e-11
PA14_RS07365	138.094249103227	-1.49061548424505	0.213473924637004	-6.98265835876551	2.89646183955664e-12	8.9790317026256e-11
PA14_RS29410	195.897173069704	1.36087605259772	0.194967374043109	6.98001939697262	2.95139311856914e-12	9.0910427524843e-11
PA14_RS15670	53.1656525174898	-2.96226781391926	0.429537222548946	-6.8964170237463	5.33304913980179e-12	1.63231807848617e-10
PA14_RS00035	138.969639204522	1.52423071263862	0.221252334929783	6.88910565903115	5.61442288728291e-12	1.70763201779246e-10
PA14_RS30975	642.194571257478	-1.02180788537103	0.148354149184985	-6.88762593418886	5.67311459668881e-12	1.71469888684919e-10
PA14_RS15660	97.6612735916359	-2.28497111643775	0.337680132623422	-6.76667323803123	1.31777231500041e-11	3.95822789772793e-10
PA14_RS29560	332.708630794577	1.12601161306678	0.166737646067301	6.75319365257371	1.44625694602332e-11	4.31734480923998e-10
PA14_RS11730	1022.61384914861	-0.866126095719915	0.128645818973395	-6.73264084780742	1.66610971210586e-11	4.9431328636466e-10
PA14_RS09485	1850.57108801405	-0.989408356097272	0.14704621290674	-6.7285538099834	1.71357628623073e-11	5.05296031720233e-10
PA14_RS29245	118.975127506342	1.69218299118709	0.25155631441582	6.72685555565076	1.73368685929679e-11	5.0812785767026e-10
PA14_RS28205	1452.74034897285	1.09346759200089	0.162821208134773	6.71575653151887	1.87092959200312e-11	5.45049126923318e-10
PA14_RS29615	82.873783874408	2.00555164227971	0.299343613041652	6.69983108007936	2.08660600820635e-11	6.04241117106941e-10
PA14_RS29510	572.040392899174	1.12694792718194	0.168345497235627	6.69425642911372	2.16771011777425e-11	6.23990841045017e-10
PA14_RS19535	378.595089955062	-1.20288219278733	0.180214266338019	-6.67473345606911	2.47681908045973e-11	7.08751306100784e-10
PA14_RS15695	123.153234683237	-1.6111912360587	0.243132028004717	-6.62681609363059	3.43004525504408e-11	9.75746991376069e-10
PA14_RS23370	470.22635270166	-1.04182173948549	0.157512427830128	-6.61421929582	3.73517686857151e-11	1.05633423019952e-09
PA14_RS15625	402.319026255191	-1.14104758951728	0.17267354491623	-6.60812048580364	3.89229860061717e-11	1.09436953677818e-09
PA14_RS29710	218.116917214864	1.37083072353076	0.207930292147388	6.59274177597497	4.31777207462698e-11	1.20697952328879e-09
PA14_RS00025	323.095215335803	1.22941729896183	0.187268841854676	6.56498586089342	5.20377997758602e-11	1.44629195239115e-09
PA14_RS00355	480.090204469433	1.05801235497117	0.161202475511508	6.56325128763693	5.26470140992397e-11	1.45486262962242e-09
PA14_RS28440	426.768790399499	1.08875551849144	0.166016156374452	6.55812989692241	5.44867387844999e-11	1.49714698160137e-09
PA14_RS29100	272.301065409179	1.22588937274767	0.187247202828571	6.54690352768578	5.87422821907587e-11	1.60495862527971e-09
PA14_RS29260	402.211868403142	1.11496319184084	0.170566197266858	6.53683560815064	6.28340469740684e-11	1.69913858477519e-09
PA14_RS29270	1860.01414013409	0.85478247688435	0.130766715296132	6.53669762178108	6.28920195770802e-11	1.69913858477519e-09
PA14_RS15630	219.285701639058	-1.19926839370262	0.184648305611606	-6.49487895234298	8.31002000552071e-11	2.23262537481656e-09
PA14_RS28210	830.455927734586	0.844513645528898	0.130923826359505	6.45041982816739	1.1154072633923e-10	2.98017100871005e-09
PA14_RS15665	88.7791324469006	-1.82260705812917	0.282717801788423	-6.44673609726618	1.14284528561289e-10	3.03670318748568e-09
PA14_RS24530	498.67529474669	-0.907275868394688	0.142133547594702	-6.38326337271065	1.73353379517863e-10	4.58107619316057e-09
PA14_RS00535	119.244550135031	1.58304193461073	0.24898152272208	6.35806993749396	2.04304455185011e-10	5.36965405040606e-09
PA14_RS00200	1893.32115956544	0.947172831101059	0.149235044446527	6.34685260833924	2.19764493431123e-10	5.74476264990764e-09
PA14_RS23375	232.598722107123	-1.15132361934956	0.181938861888723	-6.32807970434444	2.48230920804835e-10	6.45400394092571e-09
PA14_RS28450	373.795026036593	1.11687227056198	0.176817792885538	6.31651516702835	2.67527203952906e-10	6.91851100703879e-09
PA14_RS23360	192.524740256951	-1.16534622786423	0.186383907335111	-6.25239724033141	4.04199695218971e-10	1.03973921599944e-08
PA14_RS29850	723.249405657511	0.914748532238161	0.146610601647949	6.23930685745849	4.39514058776799e-10	1.1245978773781e-08
PA14_RS00100	574.784419669715	0.886059149533666	0.14221608658815	6.23037218074804	4.65328356276063e-10	1.18438312155318e-08
PA14_RS09475	938.640495293714	-0.957806584549975	0.154049239042692	-6.21753531859079	5.05024511045295e-10	1.27869033267803e-08
PA14_RS29255	251.20165982447	1.23919443389563	0.199858558610576	6.20035710509749	5.6335188588873e-10	1.41894256258224e-08
PA14_RS24765	95.3933512455934	1.56954244355091	0.253335494130029	6.1955094328208	5.80968128680452e-10	1.45573153901485e-08
PA14_RS00755	114.329432281978	1.4514276996221	0.234606756741729	6.18664065681592	6.14598464429041e-10	1.53206091442208e-08
PA14_RS29885	4424.16866565024	0.763845667394182	0.123834719432463	6.16826743658726	6.90423008864359e-10	1.71224906198361e-08
PA14_RS05830	580.479530814153	0.910083570350281	0.147906595615272	6.1530965983258	7.59844911994942e-10	1.87480101755487e-08
PA14_RS01265	86.4375805644426	1.61270496742474	0.262202516991319	6.15060826238421	7.71863494788989e-10	1.89478774659876e-08
PA14_RS26180	1078.87204027681	0.7825724327177	0.128198140089981	6.10439770942402	1.03189050742981e-09	2.52031439087401e-08
PA14_RS00225	69.0351249210821	1.74014594160612	0.285763972198039	6.0894518235496	1.13297951562996e-09	2.73954446879325e-08
PA14_RS21355	698.269769439309	0.934025080519375	0.153376356370927	6.08975922117042	1.13080628739098e-09	2.73954446879325e-08
PA14_RS15640	106.930792865158	-1.66584398129219	0.273863193863083	-6.08275963554643	1.18131380038096e-09	2.84220574061807e-08
PA14_RS09500	1421.95490207992	-0.717518530955694	0.118316746444332	-6.06438693184729	1.32457922703821e-09	3.17112135740436e-08
PA14_RS29415	357.899648693931	1.12055861026755	0.184991647772883	6.05734704111221	1.38384823924181e-09	3.2966946231396e-08
PA14_RS31150	240.316623985561	-1.18165385397505	0.195165413932634	-6.05462735514666	1.40743089289285e-09	3.33643911668128e-08
PA14_RS18890	37.5570646179525	-2.47488613758154	0.409314173962882	-6.04642178310194	1.48098078955737e-09	3.49366980404852e-08
PA14_RS23390	349.018055301734	-0.99700961837742	0.164972570615839	-6.04348719702679	1.50818349019912e-09	3.54057056242862e-08
PA14_RS02935	1069.95588827313	1.18066469138892	0.197394966516849	5.98122997877021	2.21458935421589e-09	5.17379425941451e-08
PA14_RS09465	1546.46848709508	-0.823911433492162	0.138134044741063	-5.96457907995536	2.45265464445485e-09	5.70242204835752e-08
PA14_RS28660	335.986129116227	0.954697012237442	0.160132430066252	5.96192171593508	2.49288579804427e-09	5.76822761691009e-08
PA14_RS07490	1010.1765589848	0.791623735917673	0.133388387163104	5.93472754828123	2.94333856554928e-09	6.77808823952205e-08
PA14_RS28830	299.549456162361	1.04450976352529	0.176317636970657	5.92402315202942	3.14159197491173e-09	7.20035013775978e-08
PA14_RS23405	591.920373351232	-0.836979528357052	0.142059971287927	-5.8917337570107	3.82164564118181e-09	8.71767845318643e-08
PA14_RS23400	384.845956264216	-0.917188258843192	0.155773784880183	-5.88795001385288	3.91015334851951e-09	8.87770027861048e-08
PA14_RS29635	302.545504440263	1.07718343138823	0.183119199503669	5.88241666798376	4.04318919152211e-09	9.13685183654249e-08
PA14_RS16690	1609.54070561748	-0.68648644891135	0.116753868506305	-5.87977475773557	4.10825134982936e-09	9.24069931524407e-08
PA14_RS20890	414.530651272542	-0.901201702711071	0.153337718317192	-5.87723433347862	4.17177464927132e-09	9.3401399092019e-08
PA14_RS00120	312.307939154592	1.02695892640947	0.174815936098519	5.87451550086784	4.24081798697926e-09	9.45096579955377e-08
PA14_RS28400	393.484242531039	0.912176789877753	0.155622232615012	5.86148119423497	4.58756439216455e-09	1.01768171561962e-07
PA14_RS29485	501.573315127761	0.978474931459405	0.167304034771747	5.84848376666074	4.96074043269065e-09	1.09544021609552e-07
PA14_RS29355	349.549510504371	1.00736345018592	0.172390248571392	5.84350599024017	5.11134595229857e-09	1.12356677387799e-07
PA14_RS20895	391.578461372401	-0.932772481191655	0.159962349105277	-5.83120019435174	5.50301137619514e-09	1.20418837173211e-07
PA14_RS12470	216.18381544844	-1.06756250052239	0.183521998302668	-5.81708193238909	5.98837941722024e-09	1.30449562439987e-07
PA14_RS20510	105.59386666595	-1.58576488924366	0.272886772180625	-5.81107276315332	6.20737742770089e-09	1.34613799284132e-07
PA14_RS28685	345.898672886438	0.991559460174164	0.170941296536124	5.80058464669845	6.6084104462258e-09	1.42670861240839e-07
PA14_RS19555	213.380219890907	-1.1701196642501	0.202480583234904	-5.77892282586231	7.51803993786932e-09	1.61587738397938e-07
PA14_RS28130	217.79145491214	1.04333347918021	0.181214365869646	5.75745457140365	8.53917389010058e-09	1.82723207666046e-07
PA14_RS00390	167.883865237368	1.27315217255675	0.221291586379611	5.75327870971447	8.75290013589754e-09	1.8647147602291e-07
PA14_RS29840	1927.62943128878	0.701206171882729	0.122203040719378	5.7380419321394	9.57774056659685e-09	2.03148918333607e-07
PA14_RS28305	110.273678817651	1.32385533115939	0.230751011551522	5.73715938343263	9.62776460041099e-09	2.03318207893395e-07
PA14_RS24515	395.364417543827	-0.8956460417672	0.156209775891419	-5.73361069533677	9.83148499309757e-09	2.06717658376608e-07
PA14_RS29160	327.21609685086	0.9189532824746	0.160685377755851	5.71896021473017	1.07177884168742e-08	2.24377596467547e-07
PA14_RS02980	176.054363036202	-1.25418220705518	0.219441170424912	-5.71534596095463	1.09481056021416e-08	2.28211373672227e-07
PA14_RS19970	526.371688623082	-0.823978099964409	0.144665191673573	-5.69575922467693	1.228241112228e-08	2.54925923550842e-07
PA14_RS30215	142.065624629475	-1.38387422099913	0.243752676931215	-5.67737035105319	1.36781123054171e-08	2.82680987645288e-07
PA14_RS25790	560.745321754137	-0.791521334742213	0.139902247470114	-5.65767419076881	1.53438057946865e-08	3.15755935417463e-07
PA14_RS25800	322.048499663765	-0.911386943587344	0.161176364341472	-5.65459425338854	1.5621485644427e-08	3.2010807023919e-07
PA14_RS29605	215.934657729368	1.16557149757377	0.207469818169604	5.6180292047151	1.9314785825104e-08	3.94119427216046e-07
PA14_RS29405	145.576899316041	1.16977690311943	0.208815157016612	5.60197315095459	2.11925388247542e-08	4.3061814183408e-07
PA14_RS20910	1095.02017651755	-0.887929946781255	0.158698714424388	-5.59506704261494	2.20536532841856e-08	4.46240448880007e-07
PA14_RS28285	834.921645185083	0.793805492337498	0.141906083144413	5.59387923863469	2.22051429806311e-08	4.47433631059716e-07
PA14_RS24810	269.439539095956	0.976044406348973	0.17473443409007	5.58587327925218	2.32528750287184e-08	4.66601259912374e-07
PA14_RS15495	69.6188687505571	-1.6851653978159	0.303057609418613	-5.56054474609211	2.68933887117097e-08	5.36510026302688e-07
PA14_RS23830	90.9542369527533	-1.42953251540481	0.257104528223788	-5.56012189003736	2.69586303539192e-08	5.36510026302688e-07
PA14_RS11545	1180.42786761401	-0.768440563902497	0.138229290042838	-5.55917319451147	2.71055620520368e-08	5.37223352801845e-07
PA14_RS00480	108.750989480256	1.52739528378073	0.274892742768055	5.55633178380955	2.75502971539479e-08	5.40544771106632e-07
PA14_RS00710	256.895904109077	1.02811279422225	0.185022732623009	5.55668365528397	2.749484079866e-08	5.40544771106632e-07
PA14_RS20020	261.457073923997	-1.09051385880586	0.196278084810509	-5.55596341720299	2.76084694920054e-08	5.40544771106632e-07
PA14_RS15635	68.4061415242384	-1.66786293322927	0.300599168409238	-5.54846156779324	2.8819421632314e-08	5.61978721830124e-07
PA14_RS28310	355.957251633397	0.964824795277708	0.17391412876907	5.54770795280723	2.89438809958444e-08	5.62138989943387e-07
PA14_RS14550	273.124012669507	-1.0102366713712	0.182395679958248	-5.53870942339452	3.04708723813378e-08	5.89428555344598e-07
PA14_RS01690	656.577154150207	0.754985426894476	0.136791355826321	5.51924807188149	3.40453295377241e-08	6.55949058344358e-07
PA14_RS00400	104.554929492211	1.44194153882438	0.261880520197658	5.50610460730737	3.66860589490775e-08	7.04022940784678e-07
PA14_RS29350	1867.32559988829	0.653882570777192	0.118838513573587	5.50227826917656	3.74914588341543e-08	7.16635157794348e-07
PA14_RS21300	178.160579412195	1.04973871033637	0.191102499656215	5.49306635038682	3.95014298219256e-08	7.52082341019024e-07
PA14_RS29600	155.71533714057	1.11754164855757	0.203969898638979	5.47895378688003	4.27848080514462e-08	8.11401300928604e-07
PA14_RS19335	2167.4618715213	-0.741043644111372	0.135535982744865	-5.46750485814772	4.56414703157426e-08	8.62195900183325e-07
PA14_RS24625	921.557405644971	-0.851788556687274	0.156644245064064	-5.43772646316441	5.39647373102973e-08	1.01546097133306e-06
PA14_RS30515	684.857435146157	-0.821242357268042	0.151141702829835	-5.43359206553767	5.52307664727429e-08	1.03125863576133e-06
PA14_RS29565	190.799452661035	1.03850870942514	0.19112197847518	5.43374821520074	5.51824318291031e-08	1.03125863576133e-06
PA14_RS29320	494.085794366707	0.78384649617975	0.144465154105292	5.42585165976045	5.76788479956804e-08	1.07243696870164e-06
PA14_RS29570	657.275039252103	0.822038269667224	0.151521342004789	5.42523091988747	5.78796627028801e-08	1.07243696870164e-06
PA14_RS01800	326.792204167224	0.910531095258534	0.168399164783939	5.40698106446532	6.40959166813507e-08	1.18052534314395e-06
PA14_RS29895	2950.38972824462	1.02266831787824	0.189148816692804	5.40668631059506	6.42014402909138e-08	1.18052534314395e-06
PA14_RS29095	234.675210593803	1.16781007732715	0.216244890117778	5.40040542318066	6.64904582024187e-08	1.21798430252612e-06
PA14_RS01755	241.908665053941	0.980246738833018	0.18162995267153	5.39694430579823	6.77854179186091e-08	1.23701992850715e-06
PA14_RS00420	103.19850931119	1.5865603634578	0.294660595965112	5.38436555543262	7.27006196837472e-08	1.32173006312256e-06
PA14_RS21875	164.211131619231	1.20485851104484	0.223805077014995	5.38351733175433	7.30442105759845e-08	1.32300300503918e-06
PA14_RS19965	266.016263429521	-1.12597062702166	0.209463700649029	-5.37549285882377	7.63734791019328e-08	1.37814233185428e-06
PA14_RS27135	68.3324169349938	1.81270310811267	0.337693597816562	5.36789302442548	7.96617773035807e-08	1.43213514884802e-06
PA14_RS19955	961.587170879033	-0.684182356036215	0.127566384241443	-5.36334364342625	8.16953705434079e-08	1.46325485906637e-06
PA14_RS18880	93.5998917618862	-1.54275440946885	0.288438937988974	-5.3486343425929	8.86203822730822e-08	1.58143235672556e-06
PA14_RS07355	109.969792380797	-1.30874912004912	0.246297170018114	-5.31369938173822	1.0742177934479e-07	1.9098960474684e-06
PA14_RS20505	110.934386482842	-1.27696457673749	0.240516971995061	-5.30924934795749	1.10077652257082e-07	1.94994698283974e-06
PA14_RS00375	118.98240162894	1.19789360859363	0.225767805742167	5.30586548713531	1.12139632101385e-07	1.97424541012034e-06
PA14_RS23365	236.032917054879	-1.05770388411832	0.199353861812843	-5.30566036945555	1.12265816332318e-07	1.97424541012034e-06
PA14_RS00045	334.681153230866	1.02217890793604	0.19268635077824	5.30488487538202	1.12744127465464e-07	1.97547318993834e-06
PA14_RS29860	598.551974428409	0.742447724768657	0.140551654400972	5.28238339088184	1.27513997912159e-07	2.22620106102239e-06
PA14_RS00210	245.891372488874	1.02789332998089	0.194770621305491	5.27745572248636	1.30989841017968e-07	2.27865780993846e-06
PA14_RS01790	333.698801627046	0.874256846947275	0.165982787618641	5.26715365785969	1.38555229174668e-07	2.40162397236091e-06
PA14_RS29730	55.8113711779664	1.83465616651211	0.349201802646704	5.25385651679547	1.48946933943012e-07	2.57252633053003e-06
PA14_RS27865	8018.63231642842	0.704160548913793	0.134093048554711	5.25128301954066	1.51043388750935e-07	2.59945134519402e-06
PA14_RS18895	53.1262787272683	-1.78024123889395	0.339458109307339	-5.24436208793631	1.56823955782742e-07	2.68936400767851e-06
PA14_RS25795	185.138760291222	-1.06160510589498	0.202899456578815	-5.23217323395147	1.67528632800171e-07	2.86278610679021e-06
PA14_RS20645	153.155328567046	1.22066414148063	0.233622196839719	5.22494933269587	1.74202804274954e-07	2.96635479392141e-06
PA14_RS21500	1038.73763362211	-0.755553243350855	0.144694825329244	-5.22170189315091	1.7728620271582e-07	3.00826693450422e-06
PA14_RS29880	783.269424348896	0.786101066164009	0.150765314429422	5.21407108219185	1.84740623582454e-07	3.12379599875786e-06
PA14_RS20905	440.519417215649	-0.857122356229788	0.164492849374405	-5.21069675362529	1.88132743016518e-07	3.17006949556753e-06
PA14_RS19075	45.1958225982728	-1.88303219489031	0.362219941108214	-5.19858787765565	2.00808186024039e-07	3.37190412365366e-06
PA14_RS00720	188.677652596381	1.12269106903724	0.216714523270593	5.18050683495465	2.21283819146236e-07	3.70286695291072e-06
PA14_RS24635	218.016626849926	-1.16809827142902	0.225563868420229	-5.1785699527587	2.23593233164441e-07	3.72860991580427e-06
PA14_RS00455	155.058267428676	1.18728540669988	0.229701200955019	5.16882542086658	2.35569819069699e-07	3.91483039526139e-06
PA14_RS18160	495.416583225593	-0.757881122261286	0.147344056063782	-5.14361517191585	2.69501306220333e-07	4.46338464685456e-06
PA14_RS29675	451.603880539465	0.786442339672406	0.153023298879957	5.13936338733196	2.75670826931506e-07	4.54997992846678e-06
PA14_RS27890	653.304022141919	0.771666561617418	0.150393514095319	5.13098298327104	2.88232969752675e-07	4.74113823715625e-06
PA14_RS00110	145.892345728178	1.1552769732263	0.225467207026196	5.12392462063042	2.99240653627797e-07	4.90551796930178e-06
PA14_RS28505	557.083563662414	0.739414088481539	0.145248420183159	5.09068592656041	3.5677054793595e-07	5.82885935749411e-06
PA14_RS28465	164.77755319865	1.03282714954821	0.203096852999233	5.08539218750039	3.66867184508049e-07	5.97363536794924e-06
PA14_RS15690	58.6889725127155	-2.04217004421169	0.402548221832604	-5.07310660798524	3.91373089617837e-07	6.33003431903632e-06
PA14_RS28675	117.571045634103	1.15934116772924	0.228499310357422	5.07371845418607	3.90116139931498e-07	6.33003431903632e-06
PA14_RS28855	522.759903588513	0.804294217020817	0.158661955358252	5.06923172101814	3.99424705592881e-07	6.43872625415724e-06
PA14_RS29165	324.843146405231	0.839201207588379	0.165587126917389	5.06803411117253	4.01945385418051e-07	6.45783350126808e-06
PA14_RS03715	1423.79335246641	0.694908170280584	0.137263309033073	5.062592291966	4.13593730682942e-07	6.62297775358512e-06
PA14_RS29770	137.286857103282	1.18292877079829	0.233884971250291	5.05773741884586	4.24260061790712e-07	6.7713586099666e-06
PA14_RS29170	381.495594938159	0.977618357846309	0.193491933220454	5.05250188767542	4.36060046066592e-07	6.93679731176986e-06
PA14_RS25705	625.294676975025	0.755392500243839	0.149721792129679	5.04530763023174	4.52792254652818e-07	7.17935522459353e-06
PA14_RS26310	140.730603425202	1.04311666882058	0.207305141990609	5.03179351367868	4.85912463973027e-07	7.67932246984823e-06
PA14_RS16445	704.874912970318	-0.967655785028149	0.193021394807103	-5.01320481076815	5.35308642816165e-07	8.43241888162532e-06
PA14_RS29460	240.049651652764	0.910672369122888	0.181794612520223	5.00934739758353	5.46149118292096e-07	8.57525044175512e-06
PA14_RS19090	160.710318025056	-1.05750651856591	0.211611144302983	-4.99740465961369	5.81070509865249e-07	9.09403555245419e-06
PA14_RS00460	144.890067101629	1.10738859474581	0.22214885320724	4.98489449195013	6.19956335696969e-07	9.67131883687272e-06
PA14_RS29610	188.639531371249	1.00911716400647	0.202619578223038	4.98035368968967	6.3468170730364e-07	9.8691985097119e-06
PA14_RS07660	953.81340424684	-0.729649638405266	0.146697259326484	-4.97384642191158	6.56373160814698e-07	1.01737839926278e-05
PA14_RS29845	2754.6827028185	0.549849319128167	0.110658150268925	4.96890032764787	6.73336677995652e-07	1.04033743603418e-05
PA14_RS01250	57.1245828775851	1.62829739499194	0.327772503838774	4.96776689905895	6.77283056068816e-07	1.04310218444229e-05
PA14_RS28695	351.792198702664	0.782121335461792	0.159298680346291	4.90977912536111	9.11790323498293e-07	1.39981523950405e-05
PA14_RS28750	626.32377691278	0.8889297381163	0.181297655930918	4.90315075256692	9.43115486007521e-07	1.44112325673463e-05
PA14_RS29700	161.305175366872	1.12744807729477	0.229958627257194	4.90283009053535	9.4465689078759e-07	1.44112325673463e-05
PA14_RS23840	51.0681532226861	-1.64275150947584	0.335370074209679	-4.89832467415909	9.6657229204521e-07	1.46991937243102e-05
PA14_RS20885	397.682827770081	-0.927156485116826	0.189426993799888	-4.8945320121391	9.85399364683296e-07	1.49385308075499e-05
PA14_RS03375	500.745439273785	0.750822879972656	0.153833524921268	4.88074937083402	1.05683483464872e-06	1.59714164386289e-05
PA14_RS29155	540.201707494524	0.726643941146138	0.148972153966099	4.87771655172211	1.07320995920147e-06	1.6168359385353e-05
PA14_RS19065	268.282231567251	-0.905655090391511	0.186042102514669	-4.86801147777881	1.12726784589828e-06	1.69300226793916e-05
PA14_RS28690	320.711042334093	0.768426230224018	0.157949992528989	4.86499693935084	1.14458578513955e-06	1.7136894293916e-05
PA14_RS26580	2380.26626348551	0.762629863140153	0.157027235890544	4.85667253081971	1.19374770626164e-06	1.78177898379053e-05
PA14_RS17030	1222.11158709484	0.737010867663787	0.151911369115301	4.85158465726416	1.22478909118458e-06	1.82248616768266e-05
PA14_RS29825	5622.9269939245	0.576278874530767	0.119379715491716	4.82727632711401	1.38413007782585e-06	2.05326780870116e-05
PA14_RS25270	342.186289302575	-0.855626981686242	0.177300261611462	-4.82586418039964	1.39397486298658e-06	2.06154814599484e-05
PA14_RS00090	213.141593427336	0.935416357945423	0.194529402336008	4.80861168909414	1.51982105702266e-06	2.2408093389517e-05
PA14_RS29185	170.226826983409	0.941418891066315	0.19595634929485	4.80422754584894	1.55350079332021e-06	2.28350450957341e-05
PA14_RS01655	291.130701789606	0.78613342409446	0.16367247998933	4.80308860808919	1.5623670348355e-06	2.28523558527814e-05
PA14_RS18060	338.838318544752	-0.839644721458214	0.174821711271392	-4.80286295879324	1.56412940183429e-06	2.28523558527814e-05
PA14_RS29420	271.143665944991	0.966862727118185	0.201445811959997	4.79961691787459	1.58969410171377e-06	2.31559056502645e-05
PA14_RS08100	755.526536164915	-0.909027016177002	0.190028942771469	-4.78362402547388	1.72162578603149e-06	2.50023492529978e-05
PA14_RS18045	763.218488059353	-0.767233500115881	0.160871368232141	-4.76923587178514	1.84926032835011e-06	2.67755178080872e-05
PA14_RS01345	334.198357415116	0.776942419285423	0.163547269808472	4.75056795625685	2.02846110460345e-06	2.92825011995889e-05
PA14_RS15620	119.822199335454	-1.18035154078502	0.248738648844844	-4.74534836571092	2.08147792718612e-06	2.99584144520003e-05
PA14_RS27530	671.428918383443	0.654381941223489	0.138212751859203	4.73459888773581	2.19488738181637e-06	3.14969595800117e-05
PA14_RS16665	304.729019955243	-0.839202229469051	0.177347274736681	-4.73197138616914	2.22349762161012e-06	3.18131198168832e-05
PA14_RS26615	197.272456462531	0.985784082238912	0.208398256316235	4.73028949312814	2.24199897852923e-06	3.19832066671604e-05
PA14_RS20900	274.810054034913	-0.895227485895694	0.189315041253391	-4.72877104729077	2.25882926965588e-06	3.21285245531054e-05
PA14_RS28495	735.47612706032	0.650799642921594	0.137658780598913	4.72762899751221	2.27156749495808e-06	3.22149572012237e-05
PA14_RS03545	10354.0517424083	-0.50690622584425	0.107399467976337	-4.7198206415318	2.3605268610618e-06	3.33786780704529e-05
PA14_RS00395	62.3805382689391	1.37877211343194	0.292469747905083	4.71423838980913	2.42616489412244e-06	3.41822811977844e-05
PA14_RS28190	317.437548918356	0.880052951159593	0.186697468479716	4.71379155982078	2.43149394789864e-06	3.41822811977844e-05
PA14_RS07215	513.946697125522	-0.726220154268047	0.154242132572959	-4.70831245752216	2.49776024807675e-06	3.50120827817367e-05
PA14_RS17865	734.513404966567	-0.684323133203064	0.145535996915138	-4.70208847095125	2.57513869280361e-06	3.59924009202262e-05
PA14_RS29540	190.390644169938	0.894085009851359	0.190187830347558	4.70106319745836	2.58810393197948e-06	3.60693677667227e-05
PA14_RS14530	61.8300866422416	-1.41828211904879	0.301826686003384	-4.69899510155601	2.61444724034349e-06	3.6331801305463e-05
PA14_RS10405	562.769350049262	-0.714178640954255	0.152268219254539	-4.69026724322822	2.72848448213052e-06	3.78078823942213e-05
PA14_RS18030	966.137248809596	-0.673045334040005	0.143531663662778	-4.68917670752634	2.74306437221201e-06	3.79013122971923e-05
PA14_RS29220	246.766423470662	0.978051029661759	0.209097157383506	4.67749558100358	2.90399830388992e-06	4.00106432980389e-05
PA14_RS29910	453.622172880879	-0.88281083802944	0.188809197335365	-4.67567708823729	2.92985320590447e-06	4.02521877947558e-05
PA14_RS00325	105.455832604429	1.22128079801246	0.261409077529605	4.67191426385777	2.98405523429471e-06	4.08807113684114e-05
PA14_RS17870	1886.71676963912	-0.57225796877078	0.122529978986288	-4.67035066442655	3.0068600691505e-06	4.1076766368395e-05
PA14_RS29530	536.459471875765	0.824028365128327	0.176936437652471	4.65719993044529	3.20539127350183e-06	4.36655554891685e-05
PA14_RS22835	146.244617636892	-1.01724979752905	0.218620971261377	-4.65302935788744	3.27093656263732e-06	4.44332843171744e-05
PA14_RS18900	51.6558953443611	-1.77334605292983	0.381971394617014	-4.64261480812689	3.44027361081799e-06	4.66026979885596e-05
PA14_RS27910	490.856511587695	0.806286667262202	0.173991533413139	4.63405690751452	3.5856835534816e-06	4.84367755995447e-05
PA14_RS29645	55.5307852942866	1.67578119012508	0.361742621136842	4.63252349103524	3.61235331547995e-06	4.86611159712006e-05
PA14_RS21315	200.901035714962	-0.909463055979882	0.196495783976864	-4.62841002271562	3.68483899145807e-06	4.94996704519201e-05
PA14_RS29400	701.78824366813	0.905295381004514	0.196182870490112	4.61454855229138	3.93950676808464e-06	5.27741128267516e-05
PA14_RS12185	527.099489356318	-0.82212791829297	0.178556395130861	-4.6043039662088	4.1384763386778e-06	5.528638556311e-05
PA14_RS28725	89.3948535070266	1.16622850059725	0.253344826035977	4.60332472087525	4.15799153938858e-06	5.53940691032595e-05
PA14_RS20975	135.513960202871	-0.987329782673477	0.21465066272952	-4.59970526118339	4.23089126457544e-06	5.62104125150737e-05
PA14_RS01750	519.535840497921	0.664781244273577	0.144777559621552	4.59174229771043	4.39560928778806e-06	5.82388123718988e-05
PA14_RS29480	331.30653774427	0.755054756671859	0.164541127533876	4.58885123730788	4.456918943387e-06	5.88897814486873e-05
PA14_RS28455	684.235686413123	0.828871353543872	0.181199620610447	4.57435479584047	4.77689761556459e-06	6.29457135391563e-05
PA14_RS27900	266.470549167703	0.859928985043039	0.188048220154831	4.57291743753283	4.80979700752802e-06	6.32070063271889e-05
PA14_RS03415	135.292664263432	0.972888465954015	0.212802950711946	4.57178090199949	4.8359644619505e-06	6.3378656200522e-05
PA14_RS00280	132.978980059689	1.00842027741478	0.221039783454119	4.56216641935001	5.06284918220564e-06	6.60616829243193e-05
PA14_RS27855	4823.68380644394	0.778646877476566	0.170682805206064	4.56195266146764	5.0680075196283e-06	6.60616829243193e-05
PA14_RS19070	54.0766588959043	-1.48169968145569	0.324910904968061	-4.56032610417106	5.10742426939422e-06	6.63965155021249e-05
PA14_RS17490	555.0900801942	-0.823055479387001	0.180690747543231	-4.55505049692752	5.23729954899421e-06	6.79023609086757e-05
PA14_RS22780	100.254571251744	-1.26078964906662	0.27727606909532	-4.54705540647719	5.4401680276421e-06	7.03439908600995e-05
PA14_RS28515	1414.81250659273	0.704835550591115	0.155105356817234	4.54423731748767	5.51345143958378e-06	7.09123701112424e-05
PA14_RS28800	244.337570756692	0.84609470283553	0.186184684453134	4.5443840094619	5.50961356309551e-06	7.09123701112424e-05
PA14_RS24525	530.49804729273	-0.775985513841007	0.171169759866658	-4.53342643259828	5.80344848874776e-06	7.44442357866954e-05
PA14_RS26505	104.181317760816	1.08795110923726	0.24014692516592	4.53035619125909	5.88843254099224e-06	7.53345496514245e-05
PA14_RS29365	669.410826045648	0.634446848264864	0.140157108837943	4.52668333076449	5.99166211087753e-06	7.64529761694029e-05
PA14_RS27745	64.8448825182579	1.5062404957932	0.332838167304896	4.52544402581514	6.02688319697294e-06	7.67000187909504e-05
PA14_RS21335	269.865131638695	0.77580955947908	0.171691485723703	4.51862569776794	6.22423175992638e-06	7.90036346220577e-05
PA14_RS10185	1321.82500290166	-0.577810800073151	0.128185448012114	-4.50761618447162	6.55600325020714e-06	8.29969416701616e-05
PA14_RS28610	422.657265488928	0.732933411547536	0.162678736055942	4.5054038979962	6.62468155492371e-06	8.36474151425876e-05
PA14_RS19810	396.46264057819	-0.702593645460531	0.15603311255594	-4.50284964487035	6.70483199134317e-06	8.44389778909781e-05
PA14_RS12160	326.284524841996	-0.744859197288763	0.165691593477929	-4.49545557293456	6.94211523049884e-06	8.72001798823179e-05
PA14_RS18165	545.092887732594	-0.641026600036786	0.142944606293066	-4.48444062815877	7.31054571741101e-06	9.15901530813463e-05
PA14_RS29535	158.863683497428	0.905217319277708	0.202002137725229	4.48122643389556	7.42153192083802e-06	9.27403833828751e-05
PA14_RS18860	202.819199154637	-0.858570602585151	0.191643056221539	-4.48005067082965	7.46253211245443e-06	9.3012384783066e-05
PA14_RS16700	2067.29225627762	-0.547814139002891	0.12241002326062	-4.47523923622296	7.63258010555315e-06	9.48872940628663e-05
PA14_RS01530	2147.25738490391	0.574831987307411	0.128517087178463	4.47280591186432	7.71998429989674e-06	9.55633014448309e-05
PA14_RS03995	73.5372305267835	-1.26784434239081	0.283467541549048	-4.47262616193197	7.72647867347578e-06	9.55633014448309e-05
PA14_RS29105	121.761760613822	1.04552506487566	0.233871160166009	4.47051728880769	7.80306354963942e-06	9.62643248113679e-05
PA14_RS09600	609.120223726107	0.671033032142956	0.150382470369982	4.4621758805533	8.11315904148542e-06	9.98352089685076e-05
PA14_RS10400	907.326750456994	-0.626582763820751	0.140496251189031	-4.45978279504208	8.20427554365761e-06	0.000100700194236366
PA14_RS12175	427.936578349379	-0.714837572994322	0.160329805301154	-4.45854450862468	8.25180637956133e-06	0.000101027178864705
PA14_RS30855	137.445233821803	-0.999911940709812	0.224961883963789	-4.44480604043466	8.79711974250343e-06	0.000107431492612996
PA14_RS19975	407.519291606956	-0.65317644377997	0.14717902871452	-4.43797224023623	9.08103273082927e-06	0.000110260151228574
PA14_RS28470	313.242115081442	0.921739024748405	0.20766685937995	4.43854656202982	9.05683930871658e-06	0.000110260151228574
PA14_RS28885	193.374357865527	0.865700250674007	0.195083400485769	4.4375905306057	9.09714647233273e-06	0.000110260151228574
PA14_RS07340	99.2760539687379	-1.10508146103524	0.249274442447688	-4.43319198785152	9.28481171293855e-06	0.000112253373609427
PA14_RS00855	172.971549501979	0.890633677123542	0.200940176238872	4.4323325170412	9.3219107409457e-06	0.000112420848736193
PA14_RS26795	743.715608635232	0.57906172825415	0.130827318225401	4.42615300923993	9.59284920508491e-06	0.000115400544168633
PA14_RS17750	1900.55525556305	-0.570491692483014	0.129208866248817	-4.41526738098934	1.00885214197294e-05	0.000121062257036753
PA14_RS24125	25.2677757589806	-2.10823268993024	0.477712737517539	-4.41318081842614	1.01862851217157e-05	0.000121817692884111
PA14_RS28550	183.453457842527	0.883433811193878	0.200195735385077	4.41285030120442	1.02018539326023e-05	0.000121817692884111
PA14_RS28740	413.012791984159	0.67950560840578	0.154006783348108	4.4121797341216	1.02335104367101e-05	0.000121894720374212
PA14_RS28595	4448.41596222939	0.63865398321836	0.145002885680379	4.40442257560381	1.06066012963759e-05	0.00012602831417512
PA14_RS29175	94.2542393932935	1.20739434973567	0.274389307766515	4.40029664261946	1.0810299468764e-05	0.000127820558021865
PA14_RS29865	207.918868715859	0.823622258149493	0.187162351028076	4.4005765776363	1.07963617283302e-05	0.000127820558021865
PA14_RS11885	47.4554153379819	-1.44231476773644	0.328197611589782	-4.39465345512389	1.10949605259462e-05	0.000130866412447502
PA14_RS14540	294.123301563906	-0.72050900478805	0.164072633716635	-4.39140268835093	1.12621738424352e-05	0.000132515505357705
PA14_RS00260	177.387354143058	0.951481598840273	0.217009964846559	4.38450648804553	1.16249018352404e-05	0.000136451517658308
PA14_RS26500	139.112041336536	0.99074518945399	0.226558012356278	4.37303090343138	1.22533370716958e-05	0.000143479753217242
PA14_RS02585	224.460016416349	0.905476154281778	0.207313968710628	4.36765626510029	1.25586938178877e-05	0.000146700104597355
PA14_RS08240	113.518764596907	-1.12938170938186	0.259209836753389	-4.35701717005575	1.3184692863717e-05	0.000153641384792615
PA14_RS03845	86.935156733062	-1.09801813512896	0.252056625488607	-4.35623595690245	1.32318136823662e-05	0.000153819834057507
PA14_RS24305	90.0326843324397	-1.12426209512055	0.258146318537848	-4.35513510898945	1.32984868504725e-05	0.000154224178438574
PA14_RS12210	705.768265067212	-0.67817117377861	0.15584665989942	-4.35152844607825	1.35191777539807e-05	0.000156408477555624
PA14_RS20880	170.259138336979	-0.883497553782771	0.203144014651167	-4.34911929499811	1.36685347053179e-05	0.000157759030632262
PA14_RS24940	306.202614368126	-0.744491577024237	0.171204279274754	-4.34855705814137	1.37036167914524e-05	0.000157787359055866
PA14_RS21605	195.850535147997	-0.979366589076227	0.22589829293547	-4.33543156236241	1.45474430683333e-05	0.000167105545554537
PA14_RS14545	241.433961015071	-0.937016649330432	0.216324289810203	-4.33153692612395	1.48072107961788e-05	0.00016968642514294
PA14_RS01820	440.037372002766	0.636123105034863	0.147175746855276	4.32220062494665	1.54480618230646e-05	0.000176611884104823
PA14_RS23690	143.347267158093	0.912428482463004	0.211347175366579	4.31720216217892	1.58019418481486e-05	0.000180231582022751
PA14_RS23960	442.282004181077	-0.706893868388721	0.164354892916013	-4.30102113692442	1.70012840586501e-05	0.000193454611076781
PA14_RS29430	107.200763798336	1.05620670013325	0.245709429940579	4.29860058846208	1.71879892580397e-05	0.000195119990732112
PA14_RS31320	129.702772210272	1.00154782669566	0.233302364055849	4.29291760822409	1.7634045640203e-05	0.000199714858819723
PA14_RS28120	228.828437195576	0.825697439072243	0.192429889645083	4.2909001330051	1.77950333653766e-05	0.000201067246156451
PA14_RS23945	521.526014464496	-0.715369252130829	0.166828073444604	-4.28806277840504	1.80238158267365e-05	0.000203177560228666
PA14_RS08305	310.245259829978	-0.788317636977245	0.183987290201024	-4.28463094443062	1.8304277709982e-05	0.000205859272105752
PA14_RS02735	242.4898279566	-0.984105518758109	0.230185023743749	-4.27528039293145	1.90896888743057e-05	0.000214194281661583
PA14_RS31505	244.64549102319	0.842866455150031	0.197328978499242	4.27137697443291	1.9426969011184e-05	0.000217474125319643
PA14_RS20400	1604.62562601919	-0.558837973650904	0.130924747604505	-4.26839068912342	1.96888268832396e-05	0.000219896459139369
PA14_RS00335	66.074751843071	1.24039869857371	0.29110543485474	4.26099464337606	2.035191116872e-05	0.000226778438737165
PA14_RS20470	503.827177782851	-0.688279554249878	0.161556182202831	-4.26031083964188	2.04142792924239e-05	0.000226950470478533
PA14_RS00040	501.79754638702	0.776654564182332	0.182535048151575	4.25482433125614	2.092132029435e-05	0.000232053910420818
PA14_RS21755	571.211000699108	0.63643194521937	0.149784460175243	4.2489851382097	2.14741163527086e-05	0.000237640335656061
PA14_RS14440	49.689859686971	-1.46029079615471	0.344985711618092	-4.23290225356142	2.30694787269815e-05	0.000254712326766399
PA14_RS27550	618.442107225694	0.69909857026178	0.165215537602631	4.23143355888973	2.32206588751405e-05	0.000255797508702004
PA14_RS09460	927.187095933092	-0.556144273589137	0.131497149883194	-4.22932568563767	2.34392812576672e-05	0.00025745213683785
PA14_RS27860	4690.85726325614	0.680530052323066	0.160921347086157	4.22896069816462	2.34773350590347e-05	0.00025745213683785
PA14_RS05820	501.078479387353	-0.747170627044017	0.176742756191465	-4.22744695819164	2.36357868520931e-05	0.000258019560308628
PA14_RS09075	34.9788860746613	1.75759162210764	0.415742612218009	4.22759556142392	2.36201867754953e-05	0.000258019560308628
PA14_RS09340	1136.81345798916	0.560028125026352	0.132515592842376	4.22613001997804	2.37744655131045e-05	0.000258948908156246
PA14_RS09315	53.2852857709331	-1.48653351031259	0.352325716781787	-4.219202401377	2.4516810454463e-05	0.000266434371590524
PA14_RS29435	241.254158671739	0.768630275849636	0.182293458133284	4.21644464766064	2.48184170068384e-05	0.000269107319831997
PA14_RS11295	173.032654097704	1.03722751478098	0.24709996933516	4.19760276608579	2.69755258535165e-05	0.000291842601851467
PA14_RS02740	241.804616158501	-0.791715466913731	0.188710399443283	-4.19539924269876	2.72391356180028e-05	0.000294036740733619
PA14_RS20655	53.4745526353872	1.36011834465511	0.324506034037963	4.19134993494757	2.7729957480072e-05	0.000298668317090486
PA14_RS06920	1177.99829291143	-0.657915067572607	0.157078737277386	-4.18844128095321	2.80876961929861e-05	0.000301849108420624
PA14_RS07890	44.4938482724615	1.57506338109161	0.376116263525133	4.18770346788357	2.81791358889187e-05	0.000302160312990711
PA14_RS29780	206.524107081831	0.827433774028259	0.19779121146653	4.18336976599325	2.87219657083481e-05	0.000307299615410556
PA14_RS15100	86.6225819228515	-1.0489896743782	0.251189294275684	-4.17609228690661	2.96559544147012e-05	0.000315894703853513
PA14_RS24885	72.9353435693501	-1.15747280714384	0.277153536885448	-4.17628733932499	2.96305492723204e-05	0.000315894703853513
PA14_RS00310	102.646640443571	1.03685519488788	0.248817430043856	4.16713248225869	3.08455248587018e-05	0.000327124908369917
PA14_RS12205	245.160304795761	-0.812181976502909	0.194889152590369	-4.16740473088314	3.0808720515261e-05	0.000327124908369917
PA14_RS29765	59.8784353129761	1.28132879974259	0.308228267672409	4.15707751082848	3.22344648618721e-05	0.000341106941076616
PA14_RS06845	3814.878344075	-0.483365972791135	0.116290397491163	-4.15654244218974	3.23100171190966e-05	0.000341159918750985
PA14_RS01215	85.4914153027396	1.0491817501243	0.25281748989708	4.14995715111091	3.32537518935749e-05	0.000350359791192436
PA14_RS23535	129.33048138424	0.893937414400566	0.215624203654698	4.14581201576109	3.38611551961497e-05	0.000355983796801261
PA14_RS27845	163.970927110221	-0.982396290126206	0.237286911595688	-4.14012000712499	3.47124176926993e-05	0.000364141544385886
PA14_RS08245	110.397031745861	-1.11377642556157	0.269355038599713	-4.13497527780331	3.54992848937003e-05	0.000370861554348769
PA14_RS28275	632.358679895876	0.575987906753547	0.13929812627989	4.13492932127617	3.55063895085773e-05	0.000370861554348769
PA14_RS22925	221.80177163869	0.738759534124378	0.178730951345846	4.13336094594423	3.57496622300953e-05	0.000372597772725734
PA14_RS21695	98.0843411518643	1.05549348751535	0.255890010904346	4.12479363217466	3.71067317595016e-05	0.000385910010298817
PA14_RS03090	260.271016891879	0.701699977792784	0.170190035168897	4.12303797397077	3.73908027908318e-05	0.000388029876172667
PA14_RS01580	923.304054902045	-0.636362725775152	0.154600914611618	-4.11616404323219	3.85230170506107e-05	0.000398923576995189
PA14_RS01665	129.46183403276	0.908695447906932	0.220995788369112	4.11182246780744	3.92548108230415e-05	0.000405633045171429
PA14_RS22850	293.862746221712	-0.675285481720786	0.16489984068432	-4.09512513122154	4.21940433950151e-05	0.000434527145049738
PA14_RS26175	428.495533666694	0.595984144536323	0.145542180571522	4.09492383717203	4.2230719225264e-05	0.000434527145049738
PA14_RS09320	55.6878657444545	-1.33019244993165	0.324889282998258	-4.09429463987209	4.23455542646246e-05	0.000434783652704298
PA14_RS30970	263.062576341124	-0.703661059012886	0.172495792255538	-4.07929405008599	4.51726689546238e-05	0.00046282844717068
PA14_RS27195	119.156964020471	-0.992399417401507	0.243521349661505	-4.0752049821543	4.59738326872593e-05	0.000470041130815192
PA14_RS23395	461.682484691804	-0.594731279633164	0.146129789303743	-4.06988391940377	4.70365681507294e-05	0.000479892075056809
PA14_RS22045	490.499646301828	-0.735658807868872	0.180812091240337	-4.06863724003406	4.72889044938143e-05	0.000481450825541234
PA14_RS11725	229.731026152154	-0.87085983775269	0.21413017702275	-4.06696454400337	4.76294864136579e-05	0.000482885107539726
PA14_RS28700	1535.89518803102	0.508038567598107	0.124911573919524	4.06718570310721	4.75843225948678e-05	0.000482885107539726
PA14_RS23380	273.920026028658	-0.722030732170042	0.177644765046635	-4.06446388656878	4.81429919868591e-05	0.000487070103030232
PA14_RS20415	504.335854750571	-0.584631952201183	0.144224918484255	-4.05361263743759	5.04326998689615e-05	0.000509170222476613
PA14_RS24520	381.138331997355	-0.62606519788408	0.155232661413738	-4.03307649422722	5.50513495872028e-05	0.000554642347091068
PA14_RS18655	646.695867174341	-0.617395992058276	0.153174814817836	-4.03066256546494	5.56198446158792e-05	0.000559204924246137
PA14_RS01795	688.572080601229	0.551690266025137	0.136986383723556	4.02733652082145	5.64122644703798e-05	0.000565995250993271
PA14_RS00445	86.8883764549296	1.29554638664359	0.321938169925183	4.02420870735729	5.71672035227442e-05	0.000572382186823998
PA14_RS20300	721.486316351492	0.556349716400326	0.138318034794053	4.02225000686785	5.76448236199268e-05	0.000574784261909209
PA14_RS29805	491.253098311697	0.596941780576078	0.148400525479932	4.02250449346826	5.75825553005083e-05	0.000574784261909209
PA14_RS06850	3089.93443714454	-0.441270955319976	0.109996241086728	-4.01169122653973	6.02853163541682e-05	0.000598889024100751
PA14_RS14445	38.5427281385011	-1.53430786514303	0.382468308298336	-4.01159476969325	6.03099575552246e-05	0.000598889024100751
PA14_RS23955	469.090533675149	-0.725757872926019	0.180958484014041	-4.01063192411418	6.05564527287465e-05	0.000600104519254545
PA14_RS01985	259.829627793838	0.712568853091521	0.177701206697921	4.00992692358491	6.07375423879883e-05	0.000600668210610044
PA14_RS00320	154.198213835678	0.874510875085457	0.218486744595003	4.00258091952667	6.26552279525735e-05	0.000618368739548256
PA14_RS29800	193.309275351024	0.813280292639412	0.203253900165623	4.00130227256011	6.29948231867214e-05	0.000620454103729093
PA14_RS09310	68.9928568120988	-1.22184615145103	0.305647252766591	-3.99756955245431	6.39961901617685e-05	0.000629035722809579
PA14_RS29660	99.9778397544338	0.996381479449135	0.24978827408808	3.98890413525894	6.63792385681436e-05	0.000651135898003129
PA14_RS00505	43.8831998212538	1.64191026697836	0.41181991985115	3.98696174670672	6.69248109063969e-05	0.000655158675188938
PA14_RS14360	37.8783209804994	-1.46703568535882	0.368066778152436	-3.98578674425009	6.72568990703676e-05	0.000657079523038986
PA14_RS29810	927.877926161984	0.546930585777432	0.137267971077811	3.98440059602399	6.76506676821625e-05	0.000659594009901084
PA14_RS22440	201.611144882155	-0.79188910023522	0.198920661501129	-3.98092935273455	6.86463510907225e-05	0.000667955239184575
PA14_RS18715	28.0566705238383	-1.75329114001064	0.441125539322001	-3.97458542687284	7.05019539853001e-05	0.000684633432676529
PA14_RS23805	282.060099014589	-0.78760900833845	0.198282965084179	-3.97214661382574	7.12278563842466e-05	0.000690296419788009
PA14_RS16325	49.3859048357215	-1.3222755579558	0.332936341755374	-3.97155669754833	7.14045013680783e-05	0.000690624337232054
PA14_RS15090	236.58910651153	-0.733912810082512	0.184818803969739	-3.97098560492079	7.15759044976929e-05	0.000690900347606473
PA14_RS02230	499.354873728369	0.614400075273148	0.154945999051427	3.96525292059479	7.33181638795358e-05	0.00070630804884748
PA14_RS00160	74.0980957946976	1.30024587209052	0.328313067928068	3.96038415496577	7.482928752235e-05	0.000719432275264582
PA14_RS18340	221.381590556198	-0.701530416116038	0.177239187174684	-3.95809993996769	7.55483483972657e-05	0.000724904390573764
PA14_RS04245	1298.77872671418	0.522795206248875	0.13237243502734	3.94942652630737	7.83386519340514e-05	0.000750189546045688
PA14_RS01305	95.1559886720913	0.968740508762484	0.245474088694648	3.94640637598019	7.9332922335745e-05	0.000758209510702891
PA14_RS01685	624.023626356124	0.614989575365401	0.156000913985413	3.94221777074271	8.07316227105379e-05	0.000770055478162054
PA14_RS13700	72.0955273305406	-1.16155361488054	0.294900274435218	-3.93880140364434	8.18896764931717e-05	0.000779563928190903
PA14_RS02760	130.039871346491	0.907220862198483	0.23051175097892	3.93568162293578	8.29608953879256e-05	0.00078666449038433
PA14_RS10195	164.486247751708	-0.830729830591111	0.211055494690244	-3.9360729831286	8.28257937603948e-05	0.00078666449038433
PA14_RS28730	397.161720530089	0.658255054000401	0.167364128188774	3.93307132851037	8.38673375379383e-05	0.000793703413568434
PA14_RS03565	8449.15149972528	-0.441390191018746	0.112311378614141	-3.93005763498989	8.49255024259043e-05	0.000802147909632174
PA14_RS11720	492.134139881581	-0.609373116663223	0.155113603013677	-3.92856013156688	8.54559842741906e-05	0.000805585068128627
PA14_RS04205	61.3695528031208	-1.14155577642523	0.291150014080984	-3.92085083707984	8.8236870607833e-05	0.000830181918792763
PA14_RS16005	390.974216915123	-0.630984347699512	0.16124371624256	-3.91323372099857	9.10683131787313e-05	0.000855157985499699
PA14_RS06470	151.70937810112	0.913829695899937	0.233649611480676	3.91111155763901	9.18723222330734e-05	0.000860970972699467
PA14_RS18240	68.0052200607205	-1.40284510571759	0.358723160383931	-3.91066220596453	9.20434228464898e-05	0.000860970972699467
PA14_RS29705	79.9249396613485	1.18643802547325	0.303561096686124	3.9083994570622	9.29095978701866e-05	0.000867395396332475
PA14_RS22375	36.6789474284792	-1.51110189734251	0.387448723331459	-3.90013389216868	9.61395050983223e-05	0.000895820128430611
PA14_RS30470	284.548454246293	-0.764353749706234	0.196097663971606	-3.89782180075795	9.70617960435705e-05	0.000902674703205206
PA14_RS06480	294.390735471436	0.653198709824684	0.167974311050675	3.88868217847683	0.000100790000475773	0.000935547873897958
PA14_RS12195	102.351976347841	-0.905773802019072	0.233619075518564	-3.8771397413012	0.000105691659575307	0.000979166409398824
PA14_RS00030	125.950943651926	1.02675532572082	0.265029459262562	3.87411772479082	0.000107011676489759	0.000989499937867068
PA14_RS09660	144.035717490604	-0.888439951598517	0.229589795110071	-3.86968397777688	0.000108976519480505	0.00100574513016741
PA14_RS25495	1491.4706425629	0.656954062674458	0.170078745196418	3.86264645776735	0.00011216527843606	0.00103320245050817
PA14_RS06305	829.368198302213	0.517027619924931	0.13393761401059	3.86021226183744	0.000113288572501769	0.00104156565897063
PA14_RS00605	80.1397153593505	1.09166615486429	0.283096290746593	3.85616551875443	0.0001151795143266	0.00105694142558527
PA14_RS03900	212.918225470204	-0.841336142680045	0.218398420418645	-3.85229957738384	0.000117013741992292	0.00107173950052031
PA14_RS07455	67.0161538780394	1.09098729771909	0.283276887581402	3.85131066298371	0.000117487345705604	0.00107404310743346
PA14_RS00440	20.7745251866128	2.09650105309086	0.544513434131828	3.85022833538262	0.000118007757765479	0.00107676512557331
PA14_RS00585	69.3478642281939	1.071595164714	0.278710218617472	3.84483629638553	0.000120632943877099	0.00109472781727126
PA14_RS01260	179.277174626315	0.763441513986254	0.198573417016324	3.84463099571627	0.000120733977274544	0.00109472781727126
PA14_RS01635	902.558455480011	0.638978305662394	0.166190835968527	3.84484681082778	0.000120627771613615	0.00109472781727126
PA14_RS10170	494.204067533169	-0.698512126508979	0.181699277022283	-3.84433079732791	0.000120881855753279	0.00109472781727126
PA14_RS28810	106.047565396308	0.922474453156077	0.240247881129151	3.8396777895418	0.00012319588829342	0.00111359872109715
PA14_RS17860	928.008509082608	-0.557379043464425	0.145335225356048	-3.83512697695233	0.000125499442075186	0.00113069006736143
PA14_RS21235	575.525712348354	0.548544453646155	0.143035633264552	3.83501957607719	0.000125554294080457	0.00113069006736143
PA14_RS28605	53.0375418287568	1.19508132796849	0.312151018297611	3.82853573403716	0.000128907916687074	0.00115873361542507
PA14_RS10175	264.032228075411	-0.830143606863059	0.217155693114603	-3.82280379094161	0.000131942768537754	0.00118381304016434
PA14_RS04235	418.907299288847	0.573033276984509	0.149926881397448	3.8220849499659	0.000132328084583584	0.00118507151304854
PA14_RS00060	48.8135233486443	1.26884052703935	0.332429125892017	3.81687532232512	0.000135152420944602	0.00120812774064343
PA14_RS05225	197.868352089253	0.709887132078643	0.186416523680098	3.8080697894402	0.000140055750226244	0.00124964872342088
PA14_RS03835	36.4252561584605	-1.52238006586753	0.399973803078982	-3.80619944143418	0.000141118599627753	0.00125681316353556
PA14_RS12180	372.943325701305	-0.769839952900588	0.202307207413279	-3.8053016634644	0.000141631467643839	0.00125906209103971
PA14_RS01780	144.201010182134	0.766393736829505	0.201439186058998	3.80459111170674	0.000142038624088031	0.00126036474511875
PA14_RS19085	108.522829338165	-0.997749548820508	0.262722744932693	-3.79772809193251	0.000146028382600846	0.0012933942458932
PA14_RS17745	833.022233212086	-0.503560549821477	0.132647530597651	-3.79623011112727	0.000146913139911787	0.00129648165075439
PA14_RS29775	154.903495531276	0.941223639724775	0.247915709778084	3.79654698190481	0.000146725565611836	0.00129648165075439
PA14_RS27185	1045.4063349294	-0.641704279047094	0.169211912813421	-3.79231147723422	0.000149251547463558	0.00131471854924183
PA14_RS00405	43.4293040822893	1.74525874634984	0.460463349613427	3.7902229304787	0.000150512139326714	0.00132281273502589
PA14_RS24915	41.3701178229179	1.35987952676292	0.35881822120297	3.78988425449465	0.000150717497311676	0.00132281273502589
PA14_RS10235	1148.0333001157	-0.494839268646682	0.13076690967401	-3.78413216218285	0.000154245847534584	0.0013513277512269
PA14_RS17735	96.4828018755388	-0.930462099864686	0.246246361270708	-3.77858212833365	0.000157723835971043	0.00137929922379017
PA14_RS02025	247.704464571813	0.752546370972039	0.200192879454157	3.75910658273122	0.000170521188447651	0.00148852069915675
PA14_RS17995	752.990199121868	-0.541116825230344	0.143982506029881	-3.75821230058356	0.000171131656090688	0.00149115799793616
PA14_RS03440	581.811448102233	-0.520652580604701	0.138581989919399	-3.75700032094731	0.000171962276166095	0.00149570066104179
PA14_RS29820	2085.49343792257	0.447691017025793	0.119521760773609	3.74568625937314	0.000179901311302664	0.00156194388053803
PA14_RS27110	71.3834170950224	1.09801863296876	0.293194173828439	3.74502200583037	0.000180377964556158	0.00156327569282004
PA14_RS29470	108.740018082709	1.02822746920048	0.275033698038229	3.73855086316573	0.000185084050027935	0.0016011922467533
PA14_RS29360	98.5927092454997	1.11943862937606	0.299525285461726	3.73737605374589	0.000185950704601367	0.00160581715616466
PA14_RS12935	142.94529695635	-0.78777076989254	0.21138739365341	-3.72666863561488	0.000194027272979023	0.00167257734781917
PA14_RS28125	264.061625510307	0.695516332415876	0.186656817527879	3.72617695741005	0.000194405946750912	0.00167285971261105
PA14_RS12200	77.2210233128644	-0.978940663884342	0.263065374852371	-3.72128283486077	0.00019821328225869	0.00170259224334463
PA14_RS29150	112.987443764822	0.969776862282926	0.261093172884873	3.71429421753032	0.000203771608272853	0.00174723315178638
PA14_RS28530	120.762890791514	0.870765025967618	0.234710414114019	3.70995479367444	0.000207296259075047	0.00177117439732673
PA14_RS28755	220.63908674257	0.67787699820882	0.182717336351379	3.70997635881257	0.00020727860229809	0.00177117439732673
PA14_RS01525	289.431174001777	0.60905316651135	0.164197045640115	3.70928212585667	0.00020784772565142	0.00177275414682587
PA14_RS03770	136.91505912684	-0.875293395808992	0.236164252093061	-3.70629080418183	0.000210316801093106	0.0017906550177575
PA14_RS02000	1653.37832910796	0.465394736441577	0.125667056703798	3.70339489639301	0.000212733341017112	0.00180804646249341
PA14_RS27920	69.8370861549341	1.04364883044545	0.281968916086469	3.70129035827979	0.000214505842517177	0.00181991272704047
PA14_RS24290	15.9221845341039	-2.75147004486143	0.744402572340815	-3.6962124354424	0.000218839877133081	0.00185343195414287
PA14_RS29640	102.743517302924	0.899545628034278	0.243823256383788	3.68933481315808	0.000224841160287707	0.00190092980970516
PA14_RS12535	318.525418293354	0.629148139271443	0.170633746173955	3.68712610124641	0.000226800983037964	0.00191415279925234
PA14_RS09705	542.033799249828	-0.515310705706697	0.139782038659758	-3.68653019120011	0.000227332482905961	0.00191529597096381
PA14_RS08310	68.1908722221475	-1.03934380342574	0.281999683952185	-3.68562045481573	0.000228146143718538	0.00191547699830356
PA14_RS30465	121.225142666525	-0.883658834693551	0.239746316117288	-3.68580776966455	0.000227978387713844	0.00191547699830356
PA14_RS01320	184.65424198388	0.741971641832695	0.201694753216899	3.67868588547166	0.000234438792283283	0.00196489774606925
PA14_RS00725	201.564639669107	0.668404896065846	0.1820843057542	3.67085396677813	0.000241741435757335	0.00202259789502158
PA14_RS08095	857.170389080851	-0.69404509427225	0.189206395452363	-3.66819045737274	0.000244273197894414	0.00204025075132537
PA14_RS23240	5836.43407579559	0.48953806483738	0.133584359889076	3.66463607898316	0.00024769052105248	0.00206522648243068
PA14_RS06980	226.213848435301	0.703725983099327	0.192491195155003	3.65588661098318	0.00025629462946994	0.00213328886078594
PA14_RS21575	752.583861817059	-0.472203973508054	0.129316083778106	-3.65154866828716	0.000260663687869984	0.00216592713838358
PA14_RS03145	91.8054927277521	0.903131800078411	0.247503359431308	3.64896784493572	0.000263296054111226	0.00218248602191116
PA14_RS29005	153.696115539339	0.757691021996306	0.207659900978119	3.64871127467283	0.000263559106037245	0.00218248602191116
PA14_RS23455	240.839750749153	-0.633512994326786	0.173706071309266	-3.64704002313701	0.000265278616700197	0.00219296989805496
PA14_RS19540	75.3736683951589	-1.01196647829999	0.27769018684267	-3.64422844683861	0.000268195129842054	0.002213296327502
PA14_RS21855	30.9598450056877	3.88991231372927	1.06773069312129	3.64315865301007	0.000269312724909221	0.00221873311356217
PA14_RS30840	321.667635957602	-0.749524654047136	0.205783888375516	-3.64229026851412	0.000270223119523514	0.00222244728914237
PA14_RS28705	238.079104800058	0.631165973201927	0.173371256339248	3.64054565058282	0.000272060863434967	0.0022337628787292
PA14_RS00085	231.692099056643	0.679204788971783	0.186610708947369	3.6396881658241	0.000272968407529292	0.0022374156251045
PA14_RS08455	730.756041705164	-0.604654357832218	0.166149393074991	-3.63922098445048	0.000273464055926161	0.00223768557438057
PA14_RS00590	77.9745024079796	1.08365738144247	0.297859960807008	3.63814383949577	0.00027461005137938	0.00224326724403832
PA14_RS14640	60.3023376473063	-1.18329538378912	0.325369342023806	-3.6367759065098	0.000276071909844065	0.00225140599663727
PA14_RS28540	185.446861963048	0.724313939822993	0.199718820568152	3.62666842194689	0.000287101581544257	0.00233741287600678
PA14_RS15910	202.317875034164	-0.661448586093196	0.182456262540575	-3.62524463059251	0.000288688045906484	0.002346378806729
PA14_RS00760	45.7708086932592	1.26561512151286	0.349314797329692	3.62313629765401	0.000291052354127959	0.00235816528018335
PA14_RS01680	242.01123956942	0.664781625053351	0.183485115880455	3.62308202419248	0.000291113455804273	0.00235816528018335
PA14_RS12075	30.3566713787741	-1.4902184783742	0.411602688923374	-3.6205265866269	0.000294004036681827	0.00237759786186173
PA14_RS22875	291.08969655232	-0.666189525389215	0.184739699100747	-3.60609835694229	0.000310835360591735	0.00250536420300306
PA14_RS28320	139.722146036887	0.759467987968586	0.210606753803784	3.60609512397765	0.000310839231141818	0.00250536420300306
PA14_RS29940	165310.329034849	0.652212014313137	0.181185971996178	3.59968273000128	0.000318605678381297	0.00256368895283187
PA14_RS10495	928.781582622452	-0.467373724482113	0.130003964793188	-3.59507285201352	0.00032430081396343	0.00260518062512816
PA14_RS28050	331.706431919305	0.587811627121116	0.163526297255707	3.59459999391996	0.000324890349448487	0.00260558827517891
PA14_RS00500	22.3794326898118	1.72925650615547	0.481852236155076	3.58876928735251	0.000332242697262359	0.0026601418608622
PA14_RS02355	117.719709594232	0.839696328648437	0.234095964480962	3.58697481398372	0.000334536621941681	0.00267408116315698
PA14_RS28410	283.152433599787	0.623432725703099	0.173861799626165	3.5857947349193	0.000336053217683245	0.00268177122230392
PA14_RS29550	93.4455898923875	0.886973864937677	0.247836882889648	3.57886144546376	0.000345094352719948	0.00274938433237836
PA14_RS13395	77.9093863014717	-0.926590947186715	0.259732027610864	-3.56748821356353	0.000360419585663307	0.00286675841491407
PA14_RS10240	521.870876547618	-0.568879002477874	0.159652786297564	-3.5632262716517	0.000366324657180083	0.00290894259790293
PA14_RS00670	72.4067395899092	1.04809444957106	0.294739363216717	3.55600432236944	0.000376537884312987	0.00298514296481575
PA14_RS15305	80.113391537364	-1.0784914083582	0.303344195103439	-3.55533887170788	0.00037749223231399	0.00298781086001712
PA14_RS29370	26.3840893572084	1.58864601222463	0.446912446825412	3.55471418061721	0.000378390182493457	0.00299002438323261
PA14_RS14450	137.901173063152	-0.87848358474943	0.247228582705667	-3.55332532806407	0.000380393720375626	0.00300095274345273
PA14_RS28270	63.89821570018	1.03438855045345	0.291315848396477	3.55074588680004	0.000384141117428822	0.00302558052750127
PA14_RS28620	988.196390813218	0.472347257068598	0.13311884590709	3.54831244103686	0.000387708015776457	0.00304870888503243
PA14_RS19545	36.0009606132738	-1.42379913247611	0.401600839250596	-3.54530915605898	0.00039215284540825	0.00307865448115957
PA14_RS09655	936.039666440119	-0.487326275032783	0.137493179308105	-3.54436690958135	0.000393557143542848	0.00308467154971347
PA14_RS19120	254.850142928065	-0.828677504285519	0.233855454749391	-3.54354575638854	0.000394784798010579	0.0030892868659857
PA14_RS12915	34.5512478790239	-1.46935821932031	0.415176836912696	-3.53911415252987	0.000401472203705907	0.00312644054286919
PA14_RS20500	604.104422779796	-0.499192195374855	0.141036772764801	-3.53944709304524	0.000400966134132016	0.00312644054286919
PA14_RS29575	261.757283143371	0.601677509828237	0.169993204773636	3.53942094702806	0.000401005854504138	0.00312644054286919
PA14_RS04735	748.961152656385	0.562052849368141	0.158925684638993	3.53657654925237	0.000405349011947312	0.00315155598356463
PA14_RS29200	21.3014473965017	1.92168062384055	0.543489671622443	3.53581811058871	0.000406514482688658	0.0031555442027004
PA14_RS02010	76.8477974661067	0.989457863171281	0.280124460538236	3.53220800950448	0.000412105055676541	0.0031938141814932
PA14_RS11440	199.336915875214	-0.674913728821359	0.191883837087682	-3.51730369303046	0.000435954683723593	0.00337324296077967
PA14_RS28165	230.224800851924	0.741903795317915	0.210995331281347	3.51620953322725	0.00043775536075209	0.00338176505526694
PA14_RS29715	18.4200637183262	2.03997892855883	0.581140314667278	3.51030358258106	0.000447595353926383	0.0034522665575566
PA14_RS09835	291.122014132114	-0.570929656874888	0.16317855770944	-3.49880318155219	0.000467351424212258	0.00359890364250076
PA14_RS04130	62.976950155035	-1.04171116959079	0.297914317261492	-3.49668045217323	0.000471085759485473	0.0036218930570298
PA14_RS00580	226.025051259385	0.739785436798434	0.211940885252619	3.49052725677096	0.000482068436140695	0.00370044913837524
PA14_RS03630	598.324543203257	-0.550079779778879	0.157710855481488	-3.48790055129367	0.00048682911699916	0.00372516710412648
PA14_RS27300	217.996541012337	0.64603287290942	0.185205702508789	3.4881910446508	0.000486300474218843	0.00372516710412648
PA14_RS05745	83.6359554361071	-0.971863560296642	0.279026861868236	-3.48304659196426	0.000495742078717408	0.00378737550186001
PA14_RS00185	72.0020350924644	1.08080433814131	0.310465255401299	3.48124087748334	0.000499096433010875	0.00379501627364873
PA14_RS12890	208.613161485412	-0.696260991997653	0.199966870779006	-3.48188172013317	0.000497903567685151	0.00379501627364873
PA14_RS20515	45.954161194609	-1.49192920238663	0.4285148797078	-3.48162753042313	0.0004983763982919	0.00379501627364873
PA14_RS00180	42.8126625114304	1.33676456458844	0.384419343810784	3.47736029965864	0.000506376853850308	0.00384433040065948
PA14_RS03640	2062.46457972671	-0.41129895218903	0.118389397909503	-3.47411980677043	0.000512532130833771	0.00388496141804407
PA14_RS12465	779.659903610073	-0.535146346125507	0.154234281149467	-3.46969780088579	0.000521044250362603	0.00394330202621839
PA14_RS15515	52.2499364432568	-1.12919411824663	0.325668641884174	-3.46730993722212	0.00052569536130668	0.0039722855738736
PA14_RS13380	149.79980997519	-0.760159916843391	0.219460906872255	-3.46376002759284	0.000532681482518225	0.00401879508495809
PA14_RS19805	118.634983648015	-0.816801902859691	0.236166493606165	-3.45858504476	0.000543020807009233	0.00409041841541534
PA14_RS16655	614.292133867757	-0.548847812720086	0.159130783322551	-3.44903607749857	0.000562591530690065	0.00423124827747613
PA14_RS10390	997.468566422999	-0.48823420423085	0.141864501727959	-3.44155301914141	0.000578385111904116	0.00434327702044768
PA14_RS04870	109.669598416319	0.891232989190895	0.258995312639795	3.44111628935309	0.000579319495056712	0.00434354895828567
PA14_RS28825	156.422037895637	0.70994385698596	0.206376012629528	3.44005026524281	0.000581606158488741	0.00435394331648847
PA14_RS23845	86.7642991899777	-0.963707306193434	0.28022918913039	-3.43899687674942	0.000583873970135052	0.00436416463612537
PA14_RS02330	36.2483733879739	1.37162593749923	0.399234420837464	3.43564048065296	0.000591154888195029	0.00441176703597402
PA14_RS23570	369.0960624228	0.776043909961521	0.226241338374073	3.4301596495968	0.000603226212387779	0.00449491827905593
PA14_RS01760	293.266549166766	0.553880130930984	0.161510524599567	3.42937484912652	0.000604973363872375	0.00450100182721047
PA14_RS07655	107.468543073734	-0.821337811432238	0.239878574414317	-3.42397320576713	0.000617127053220782	0.00457940422482903
PA14_RS25605	542.751702218834	-0.50624341991315	0.147857911273293	-3.42385074666337	0.000617405201527818	0.00457940422482903
PA14_RS25670	893.889057211226	0.626866474226924	0.183233588545967	3.42113298768727	0.000623608304014191	0.00461833041073909
PA14_RS02285	724.829666127657	0.442242180751292	0.129315626267567	3.41986651973714	0.00062651869445163	0.00463278961218361
PA14_RS20875	606.972268728344	-0.535429559250112	0.156596666576357	-3.41916319776217	0.000628140407003214	0.00463769008895808
PA14_RS23770	244.991417913708	0.695798921041484	0.20365402683267	3.41657335169306	0.000634145774073265	0.00467489171252791
PA14_RS26730	194.673183107975	0.643732718730546	0.188567038576268	3.41381358900739	0.000640603897490982	0.00471531270664595
PA14_RS28815	78.2073608325676	1.01820029112037	0.298521238109083	3.41081357416958	0.000647693598457607	0.00476025264763068
PA14_RS06390	687.428628772837	0.464977617794531	0.13637287464459	3.40960487198308	0.000650570599110965	0.00477414175614663
PA14_RS16875	395.710337788991	-0.504120270525128	0.147896168076623	-3.40860941213804	0.000652948951844114	0.00478433504714869
PA14_RS18265	19.3095000818531	-1.74881958388326	0.513178767146128	-3.40781750111903	0.000654846757835448	0.00479098172600942
PA14_RS06485	382.229425099706	0.542362173914827	0.159380786412812	3.40293322753506	0.000666665709831513	0.0048638727551593
PA14_RS23340	181.565750199054	0.779401866298461	0.229042539096717	3.40286948167889	0.000666821264820227	0.0048638727551593
PA14_RS24610	59.0587663098125	-1.12342903631031	0.330758948568916	-3.39651894883273	0.000682488318428912	0.00497065287337684
PA14_RS20225	55.5372050584149	1.07887063866127	0.317685318004988	3.39603556574915	0.00068369475208849	0.00497195161067659
PA14_RS05945	688.745839215182	-0.462477030367665	0.136292559191725	-3.39326690400678	0.000690643092645333	0.00501493993398323
PA14_RS01895	366.501795736033	0.543036397275461	0.160424339807711	3.3850000437986	0.000711782431610199	0.00516068941419329
PA14_RS29630	44.6933211485604	1.14737277111518	0.339122323692309	3.38335960494364	0.000716048072159368	0.00518384502539327
PA14_RS21980	109.2286823007	-0.863341395885024	0.255708678261051	-3.37626943972408	0.000734759253901659	0.00531135388919047
PA14_RS00240	55.1519590350197	1.11092555144071	0.329549133576215	3.37104679774188	0.000748831360387327	0.00540499769975092
PA14_RS26195	275.281299151722	-0.639317791808986	0.190116989769479	-3.36275991211607	0.000771674449380458	0.00556157621043799
PA14_RS21610	1007.30508159734	-0.433961527423659	0.129097981031815	-3.36148965270583	0.000775232611782796	0.00557890611693691
PA14_RS00050	63.7755049799494	1.07475727492841	0.319917292375918	3.35948478103996	0.000780879522017517	0.00561119371244682
PA14_RS19080	116.295964366305	-0.820818170051273	0.244481720129389	-3.35738054205797	0.000786847360058871	0.00564568817988828
PA14_RS05065	482.697517621383	0.470088910938981	0.14025259911504	3.35173047704732	0.000803081611264636	0.00575363358826041
PA14_RS20705	188.055481080403	0.871334400592406	0.260421920558777	3.34585659579968	0.000820288075686957	0.005868214695299
PA14_RS13455	68.5438334830364	-1.11411743468076	0.333071095606907	-3.34498384691912	0.000822873626602558	0.00587801603877396
PA14_RS22040	24.9414256221006	-1.5871386547215	0.475148951878357	-3.34029707620575	0.000836888153227105	0.00596930842036325
PA14_RS27405	31.5440709588679	1.35482169173011	0.405733783539871	3.33918876537667	0.000840234469558224	0.00598435036050599
PA14_RS28230	234.423105331938	0.654674296625491	0.196164980143818	3.3373658037511	0.000845765533336257	0.00601488546943256
PA14_RS00380	43.3382460677731	1.23228918025693	0.370485412707059	3.32614763764342	0.000880552747304871	0.00625308823196234
PA14_RS11890	37.3366639776635	-1.25821269212847	0.37854020120041	-3.32385487231868	0.000887823851112192	0.00629547821697736
PA14_RS29070	36.8265291565774	1.44784351096323	0.435971542045729	3.32095875838467	0.000897087923426843	0.00635185534069138
PA14_RS01295	52.4681178048618	1.09257784844049	0.329091419278351	3.31998279030291	0.000900229974662411	0.00635549220068236
PA14_RS16880	135.796660484693	-0.739058293446239	0.222595897378286	-3.32017931215625	0.000899596469285641	0.00635549220068236
PA14_RS20030	18.2131343126276	-1.99249499962701	0.600371466261916	-3.3187703140405	0.000904147651985972	0.0063738455466533
PA14_RS23160	170.93029910013	-0.653374090721737	0.19689753178261	-3.31834576495917	0.000905523159291221	0.00637425036147357
PA14_RS27620	943.322638323232	0.456048118495356	0.137778300867597	3.31001409963395	0.000932912717298997	0.00655750857682841
PA14_RS05835	961.408018202135	0.524241456872555	0.158431965756535	3.30893740015929	0.000936507738388254	0.00657322412604586
PA14_RS06465	131.424097918488	0.825463273875989	0.249523932570858	3.3081527105284	0.000939135840554355	0.006582117282494
PA14_RS09675	452.092375048082	-0.525677458699821	0.15893641295673	-3.30747025757361	0.000941427082551227	0.00658767833576057
PA14_RS29545	119.744177267501	0.900103735355187	0.272172667877612	3.30710553111063	0.000942653723810239	0.00658767833576057
PA14_RS19520	13.9565251385477	-2.1624212699738	0.65485785990862	-3.30212310542558	0.000959559462794739	0.0066961465542213
PA14_RS23965	183.09032184003	-0.767203312451199	0.232391514515426	-3.3013396123819	0.000962243322912472	0.00670519986974743
PA14_RS00515	59.2478990255577	0.986758738101525	0.299151405195462	3.29852616756652	0.00097193820662779	0.00676301175144172
PA14_RS23585	93.3873067678164	-0.912051588787525	0.27707939963183	-3.29166148764367	0.000995974166305847	0.00692030325898718
PA14_RS25620	232.710767382375	0.823430935553866	0.251059689187002	3.27982137722051	0.00103872829298691	0.00720701581762509
PA14_RS02425	171.927740513302	0.634628351746694	0.193731629696863	3.27581176465462	0.00105358756928773	0.00728919811884904
PA14_RS30850	78.5658077392833	-0.961559722085546	0.293504972351372	-3.27612753672331	0.00105241024917657	0.00728919811884904
PA14_RS01245	77.2205004016259	0.948998273254842	0.290263633894255	3.26943565241993	0.0010776224454704	0.00743985621109404
PA14_RS01415	191.564599509338	0.932171043865036	0.285135532490672	3.26922090601083	0.00107844069561144	0.00743985621109404
PA14_RS08920	252.594643130442	-0.632309619238527	0.193842005701776	-3.26198450614121	0.00110635190344312	0.00761477464190762
PA14_RS24870	903.09996482029	0.449417022548091	0.137780531658972	3.26183254728953	0.00110694511440468	0.00761477464190762
PA14_RS29230	741.144760750167	0.424157363013687	0.130458377306124	3.25128498278337	0.00114884637598637	0.00789179129867909
PA14_RS03010	4104.23704847386	0.399184332691438	0.122828016817662	3.24994527334939	0.00115427219054109	0.00791781604745633
PA14_RS09780	121.870196948502	0.799998712555707	0.246237786442604	3.24888687521636	0.00115857543184542	0.00793607760397232
PA14_RS27170	986.076338391875	0.454031037885584	0.139828185075013	3.24706379934784	0.00116602248545263	0.00797579171096029
PA14_RS07755	134.346173690639	-0.762161229120264	0.234894812191949	-3.24469162178622	0.00117577878751772	0.008017413125658
PA14_RS31400	34.7684238793037	-1.32640713157898	0.408750984428553	-3.24502492252914	0.00117440344706482	0.008017413125658
PA14_RS14585	61.8375864644245	-1.12830915900291	0.347773815907762	-3.24437639463393	0.00117708091795227	0.008017413125658
PA14_RS23835	40.0545077287721	-1.31207052662467	0.404905039771921	-3.24044009766771	0.00119345344705739	0.00811749770741143
PA14_RS00065	133.991387154671	0.675923826849618	0.208757005222803	3.23784979636116	0.00120434198629143	0.00818005315408055
PA14_RS26965	518.784737992544	0.468879551519197	0.14557338575448	3.22091534169573	0.00127781887986312	0.00866694544602813
PA14_RS19770	131.272912824362	-0.795086451285372	0.24688390246092	-3.22048721427363	0.00127972900971381	0.00866774438512045
PA14_RS20475	97.1508143493782	-0.826928160979062	0.258088785516746	-3.20404530295023	0.00135511151882467	0.00916548154550506
PA14_RS09090	58.5536613979759	-0.987639738330438	0.308779604414721	-3.19852647069249	0.00138131851195958	0.00932968760312362
PA14_RS07470	732.788735728775	0.548702037569448	0.171612827608799	3.19732531195305	0.00138708397912322	0.00935556223575997
PA14_RS27410	121.133735155029	0.723094189799362	0.226248521284889	3.19601730739647	0.00139338753304628	0.00938498901087998
PA14_RS00305	89.5257006752491	0.891976655341333	0.279461064346629	3.1917743440459	0.00141401755691098	0.00951069388765162
PA14_RS28745	183.544503874145	0.650083563656669	0.203855259522787	3.18894673200228	0.00142792187377061	0.00959087525215925
PA14_RS07745	29.6454202187968	-1.32242113287305	0.414870255421207	-3.18755349556315	0.00143481913691881	0.00962383543153866
PA14_RS28630	91.3297586100185	0.816979160523775	0.256371579083369	3.18669941280076	0.00143906247188534	0.00963892813578605
PA14_RS00075	184.271407156675	0.697832088114619	0.219071243740126	3.18541163231092	0.00144548241879577	0.00965879576028723
PA14_RS00220	150.396079785009	0.716690128209369	0.224999015210212	3.1853034002828	0.00144602318661041	0.00965879576028723
PA14_RS23245	995.100740645067	0.456010528708257	0.143186171190712	3.18473861627942	0.0014488480859175	0.00966431633585798
PA14_RS10485	794.060474156951	-0.447639613887772	0.140875271048024	-3.17755991209538	0.00148520000797238	0.00988842937372018
PA14_RS25240	3536.08612981896	-0.367040231732516	0.115519569058723	-3.17729917730159	0.00148653601213701	0.00988842937372018
PA14_RS17510	119.334512232851	-0.818649207043667	0.257695957939111	-3.17680266928013	0.00148908317998868	0.00989176683849626
PA14_RS06795	464.201895176258	0.456449860291292	0.143773574318019	3.1747827266341	0.001499487332004	0.00991115343769552
PA14_RS26780	308.866251499521	0.537770843858474	0.16939558658553	3.17464495208054	0.00150019940372066	0.00991115343769552
PA14_RS28835	99.2044448543136	0.773930810766054	0.243780761326417	3.17470011396748	0.00149991426855244	0.00991115343769552
PA14_RS29830	1666.92178749366	0.507457185626277	0.159834741642332	3.17488663861222	0.00149895048106448	0.00991115343769552
PA14_RS02895	939.71808818243	0.390594261121911	0.123183752267027	3.17082613521315	0.00152006093331404	0.0100286694045112
PA14_RS16345	36.0577157746784	-1.21703073181698	0.383970939008223	-3.16959073767539	0.00152653786276445	0.0100576799786497
PA14_RS02120	283.933328755147	0.539125800259775	0.170299532225731	3.16575032951451	0.001546834999452	0.0101775429351699
PA14_RS02875	137.283966000059	0.653528071686256	0.206945112144732	3.15797780828568	0.00158867651214071	0.0104244770864484
PA14_RS04240	885.246752683865	0.496778705598971	0.157294721052764	3.1582668653726	0.00158710196998917	0.0104244770864484
PA14_RS02095	278.069237893907	0.537785171835489	0.170601790843386	3.15228327426633	0.00161999029758814	0.0106155461776914
PA14_RS01695	150.77217746781	0.659741793768205	0.209342468109463	3.15149524951255	0.00162436804989931	0.0106227665021107
PA14_RS16340	60.8050389147828	-1.01995168751161	0.323688184049323	-3.15103157227448	0.00162694902400368	0.0106227665021107
PA14_RS25565	834.397245220337	-0.471562228927894	0.149659534008038	-3.15090002152864	0.00162768196403309	0.0106227665021107
PA14_RS29145	115.347508124421	0.714875598942983	0.227204666928459	3.14639487210921	0.0016529667318161	0.010773244090381
PA14_RS03705	3771.30949568914	-0.364238266658126	0.115854696593594	-3.14392318453722	0.00166699191731982	0.0108500308373602
PA14_RS18075	426.676690345017	-0.726088498393975	0.231154467764644	-3.14113979892122	0.00168291679845376	0.0109306854560811
PA14_RS20815	581.692855353678	-0.446354379878159	0.142107266660992	-3.14096801920041	0.00168390419040124	0.0109306854560811
PA14_RS02695	691.739956169739	-0.676768885370004	0.215568981517697	-3.13945392609487	0.00169263029398978	0.0109726006725664
PA14_RS19370	19.0247028273396	-1.73020953841945	0.552135723716585	-3.13366707514034	0.00172636606194434	0.0111763136219047
PA14_RS23795	173.957895943951	-0.620488186685951	0.198387451960571	-3.12765843078256	0.00176204825206742	0.0113920659719225
PA14_RS09330	192.74708759689	0.572576552782562	0.183155696136624	3.12617387752687	0.00177096807685631	0.0114344480903566
PA14_RS01700	390.377079294893	0.47636486122459	0.15246623212653	3.12439583887179	0.00178170590917738	0.0114884397023757
PA14_RS21925	1499.66908771859	-0.516512514615384	0.165339208980915	-3.12395660895538	0.00178436768414763	0.0114902824507829
PA14_RS07515	227.615041009149	0.664857371033725	0.213454609313505	3.1147482510309	0.0018410196405334	0.0118329540535663
PA14_RS08580	171.281732331418	0.594746940335158	0.190959731094087	3.11451496568207	0.00184247609642999	0.0118329540535663
PA14_RS00290	10.7304579647286	2.32270013927829	0.746119050974199	3.11304226349075	0.00185169498993934	0.0118524424820437
PA14_RS03625	371.04095830439	-0.511421316895564	0.164280810989376	-3.11309223405671	0.00185138148841233	0.0118524424820437
PA14_RS30830	163126.166330065	0.517568185478026	0.166267943368292	3.11285612243116	0.00185286321679592	0.0118524424820437
PA14_RS09305	682.71223220817	-0.471351872113052	0.151506569374673	-3.11109857518724	0.0018639270637335	0.0119074653635604
PA14_RS12960	130.375329170503	-0.681051719891597	0.218990000541381	-3.10996720493137	0.00187108116984267	0.0119257588334949
PA14_RS27305	116.679296470477	0.730754933770211	0.23497956064064	3.10986594654405	0.00187172269533139	0.0119257588334949
PA14_RS14085	144.939571361115	-0.890201296977381	0.286376567072396	-3.10849908593373	0.00188040227607743	0.0119652965883032
PA14_RS23545	387.222100779943	0.504699271965359	0.162384595033002	3.10804896155812	0.00188326865333243	0.0119677887089562
PA14_RS09515	1198.10456430358	-0.41394376206882	0.133367339289382	-3.10378661128299	0.00191061077796227	0.0121256085593511
PA14_RS28355	183.228821141151	0.588547499655951	0.18995004653236	3.09843303752856	0.00194546929415502	0.0123306546612499
PA14_RS07990	20.6918982114179	1.71666422938739	0.554233820795607	3.09736462297286	0.00195249553322678	0.0123589900506344
PA14_RS00080	433.569817844548	0.494341361851324	0.159983867362041	3.08994506760258	0.00200193517495525	0.0126553705961877
PA14_RS27545	109.738722611066	0.830521711008777	0.268899343315091	3.08859702210424	0.00201104016430399	0.0126963318989218
PA14_RS25050	249.027130515595	-0.557675370946498	0.180597458193897	-3.08794695409142	0.00201544443134911	0.0127075479400317
PA14_RS15300	103.97542057705	-0.882626143700214	0.286194555284629	-3.0840074606675	0.00204232473784842	0.0128602635836392
PA14_RS00735	74.1309878638623	0.828118865629368	0.268851875273245	3.08020490758235	0.00206858225951128	0.0130086655487601
PA14_RS01100	94.4055704662229	0.807498576647199	0.262316789703776	3.07833355828682	0.00208161774613288	0.0130703449792747
PA14_RS29815	3328.74542640947	0.360072381776642	0.116981746147974	3.07802194473294	0.0020837956945866	0.0130703449792747
PA14_RS03895	48.1989680089839	-1.18604582865945	0.38636079627384	-3.06978823964019	0.00214210592992066	0.0134186842967569
PA14_RS00490	14.408509508124	1.8348111400107	0.598125705956491	3.06760121114768	0.0021578437338984	0.0134823414691636
PA14_RS18015	242.7242909726	-0.71113538545397	0.23179939495864	-3.06789146529419	0.00215574898898653	0.0134823414691636
PA14_RS11475	116.111844352947	-0.709647340151747	0.23144818496253	-3.0661175427521	0.00216858044856123	0.0135319419990221
PA14_RS09855	64.4883075845413	-0.911470319811371	0.298005773295128	-3.05856597921915	0.00222399099445072	0.013859820166448
PA14_RS07965	12.6199051672976	-2.03878927411591	0.66785198062078	-3.0527561993914	0.00226750078487167	0.0141127848077727
PA14_RS09370	91.5333753667834	-0.77882130536625	0.255209944788889	-3.05168870284618	0.00227557963543515	0.0141448626182062
PA14_RS03595	2280.15452302372	-0.357453687769203	0.117154652518455	-3.05112669522787	0.00227984351605558	0.0141531748955646
PA14_RS24805	75.6526667265884	0.862363279826338	0.283502888271651	3.04181479449347	0.00235156533974806	0.014579705106438
PA14_RS20985	116.717980549226	-0.753958451194589	0.248084172892427	-3.03912354586811	0.0023726753064793	0.0146917513215543
PA14_RS14435	172.389242761478	-1.58816655199476	0.523036624157286	-3.03643469432682	0.00239393960583452	0.0148044653885112
PA14_RS02125	213.143417607252	0.569196027472505	0.18768552313332	3.03271140986289	0.00242367262137286	0.0149691964201266
PA14_RS29650	245.319167641099	0.527522483093911	0.173994511103862	3.03183404894319	0.00243072798696438	0.0149936231440813
PA14_RS01060	12.8106494953102	2.10013908931097	0.69294121239251	3.03076083764716	0.00243938385597777	0.0150087281520464
PA14_RS01330	277.391261674978	0.552547288902412	0.182294389763104	3.03107127773082	0.00243687713999946	0.0150087281520464
PA14_RS07665	1233.48720643385	-0.385177358767236	0.127142108096635	-3.02950269217245	0.00244956720564448	0.0150522325368446
PA14_RS18610	270.760162812239	0.546858457779408	0.180718670248682	3.02602081471102	0.00247795243971704	0.0152073324853701
PA14_RS22430	60.218935043549	-0.926381139301438	0.306855018726554	-3.01895384714877	0.00253649169116991	0.0155468616204027
PA14_RS06915	224.097890408953	-0.56817764663077	0.188362988085216	-3.01639750147585	0.00255797683395693	0.0156587037582477
PA14_RS28760	30.9903071721305	1.37052722128263	0.45460953190985	3.0147348990351	0.00257203958054025	0.015724884211748
PA14_RS02890	252.025419655559	0.532694870685923	0.176773956017018	3.01342393805251	0.0025831778577934	0.0157531502147401
PA14_RS30595	326.141337728858	-0.61113799253857	0.20278360453236	-3.01374459709362	0.0025804493851142	0.0157531502147401
PA14_RS26970	597.681237184474	0.417641017114737	0.138641474203811	3.01238153671665	0.00259206583837842	0.01578744382166
PA14_RS25245	1717.21966411304	-0.360134497863912	0.11957957064265	-3.01167244478685	0.00259812784395956	0.0158044606960861
PA14_RS27630	216.146624562752	0.54509982060879	0.181235632022666	3.00768571017324	0.00263245228583127	0.0159931397666835
PA14_RS10135	179.069962734401	0.604291214212905	0.201214404059836	3.00322045549584	0.00267138842062474	0.0161700583434255
PA14_RS13270	119.469073754613	-0.698761373722381	0.232672591310282	-3.00319590626188	0.00267160393225744	0.0161700583434255
PA14_RS29345	34.0327988433777	1.31056939055965	0.436364313641415	3.00338352516291	0.00266995727573155	0.0161700583434255
PA14_RS18230	22.7563006468839	-1.47071859092125	0.489886570134849	-3.00216148100653	0.00268069934851592	0.0162048275617787
PA14_RS02730	103.485049135051	-0.782662957361521	0.260903459637298	-2.99981824100593	0.00270140755918562	0.0162892854815732
PA14_RS27385	151.232361832145	0.626929675718781	0.208981644998738	2.9999269826906	0.00270044333744379	0.0162892854815732
PA14_RS25820	107.580563093257	-0.685230314926784	0.228800690108083	-2.99487870689153	0.00274553995553844	0.016534783592757
PA14_RS29795	151.331305081204	0.816903970236246	0.272849617418327	2.99397147031285	0.00275371692309492	0.016563401791153
PA14_RS16760	361.957862458908	-0.483965574906754	0.161853843478496	-2.99013952653558	0.00278850041581343	0.0167517863489115
PA14_RS08090	376.625007620821	-0.628956949765382	0.210578009168615	-2.98681211893195	0.00281902911557337	0.0168958037020416
PA14_RS19315	194.763169868765	-0.561016722421862	0.187834218642319	-2.98676527885566	0.00281946103960867	0.0168958037020416
PA14_RS00165	64.4394912750987	0.845526535592742	0.283207808241936	2.98553398241913	0.00283083682770838	0.0169429788351457
PA14_RS11540	32.8275761622283	-1.18538540866234	0.397205769692589	-2.98431064981696	0.00284218052833125	0.0169898455315326
PA14_RS18700	79.2027165200812	-0.898072820422646	0.301199911566548	-2.98165034561846	0.00286699235464738	0.0171170062062651
PA14_RS06855	474.949369290083	-0.474343687242724	0.159280817724709	-2.97803397809364	0.00290103822151765	0.0172855155826243
PA14_RS28170	106.851617585446	0.766689753435011	0.257460408257783	2.97789379976187	0.00290236531288068	0.0172855155826243
PA14_RS27205	336.755094536777	-0.549335391016591	0.184757837213484	-2.97327247007034	0.00294642767250272	0.017526352059315
PA14_RS04230	91.9125629322628	0.820358127492928	0.276001269731492	2.97229838214518	0.00295579271556574	0.0175604589342456
PA14_RS14525	52.3889443057061	-0.938757285171262	0.316041888838715	-2.97035715303656	0.00297453706114738	0.0176501364757162
PA14_RS08540	1140.48919077322	0.538220608391671	0.181245573439455	2.96956553574238	0.00298221193393616	0.0176739913143569
PA14_RS03720	290.510662444347	0.509138853180088	0.171572774156555	2.96748045068918	0.00300251375537738	0.0177725294014749
PA14_RS06825	134.155378897118	-0.629867764996284	0.212428580042436	-2.96508014538561	0.00302604084093471	0.0178898942625431
PA14_RS14590	14.0858781138601	-1.85650274833488	0.626565914069694	-2.962980760119	0.0030467561224497	0.0179903694849411
PA14_RS20100	95.3105016482	-0.919935998882795	0.310575351387585	-2.96203801999326	0.00305610044228491	0.0180235387059632
PA14_RS28615	167.671684581408	0.585530775974033	0.197789421052029	2.96037458858837	0.00307265193039727	0.0180990800674801
PA14_RS15990	64.3630775171851	-0.960043478203926	0.324400638233227	-2.95943769849708	0.00308201012809938	0.0181100862448221
PA14_RS28590	1160.65381602428	0.566163786652509	0.191303980290202	2.95949820695658	0.00308140495058479	0.0181100862448221
PA14_RS00070	67.7178867255822	0.849560531180225	0.287339125780648	2.95664758104948	0.00311003358768355	0.0182525757646088
PA14_RS02115	195.69804532947	0.577084468022991	0.195585293485368	2.95055143328638	0.00317207225886056	0.0185941108410299
PA14_RS22170	243.253103151856	0.594304011070409	0.201492640796203	2.94950728087141	0.00318281073446343	0.0186344705954784
PA14_RS00555	16.1175376717212	1.65132556144348	0.560642384244593	2.9454169143285	0.00322519755436208	0.0188598009345768
PA14_RS14555	267.533364842442	-0.555286344026312	0.188713397510721	-2.94248501352304	0.00325589544628146	0.0190163168819048
PA14_RS24385	335.911580283288	-0.581606528554544	0.197707122942712	-2.94175809094684	0.00326354761557986	0.0190380172122366
PA14_RS18910	205.553044311873	0.58876580703435	0.200255519750137	2.94007280183321	0.00328135138375271	0.0191188136046122
PA14_RS19450	14.6382252587003	1.76614027693735	0.601895304553473	2.93429814716297	0.00334302916305749	0.0194547401113671
PA14_RS00860	47.4800975567247	1.00371259877924	0.342309102745577	2.93218202708811	0.00336589401539936	0.0195642589645088
PA14_RS19795	61.0182301547984	0.960540727413039	0.327664657223351	2.93147492791171	0.00337356596392897	0.0195740562002542
PA14_RS20720	151.458233989639	0.602735469890307	0.205621878335976	2.93128082851897	0.00337567470451035	0.0195740562002542
PA14_RS28795	108.504247673861	0.68679971241472	0.23441338644756	2.92986557987533	0.00339108660765893	0.0196398740534594
PA14_RS28390	47.4803507352758	0.967763229179574	0.330399431306096	2.92907050521827	0.0033997729622746	0.0196666292411004
PA14_RS28935	135.683930834339	0.623664639346537	0.213096676115944	2.92667464699077	0.00342607084245712	0.0197950759786411
PA14_RS17200	194.592189064195	-0.562806872915538	0.192345461962443	-2.92602106217318	0.00343327692317211	0.0198130396186878
PA14_RS09765	494.943958613786	-0.548157698735753	0.187367525690839	-2.92557473187871	0.00343820585004487	0.0198178349115817
PA14_RS06745	172.451067528091	-0.59977495470065	0.205081739562853	-2.92456537563566	0.00344937616246105	0.01984088781597
PA14_RS22885	287.812491705245	0.496843209205198	0.169891591783484	2.92447203531057	0.00345041080505186	0.01984088781597
PA14_RS00520	335.897913865999	0.510548754956941	0.174619484936477	2.92377883912937	0.00345810346838766	0.0198615063813809
PA14_RS07480	2640.33578663132	0.419402996880289	0.143591677413312	2.92080296320438	0.00349130556673548	0.0200284148525893
PA14_RS27905	494.510466807116	0.470403544963584	0.161187460486303	2.91836315023747	0.00351874289861479	0.0201618965138639
PA14_RS19420	167.611327805471	-0.594058504659953	0.203792265032053	-2.91501988344119	0.00355665882071587	0.020355032020097
PA14_RS02615	419.809074657109	-0.454072127457277	0.155994304097855	-2.91082504635835	0.00360475800769482	0.0206059216610072
PA14_RS11000	1150.62700433122	0.606822277089159	0.208522930155986	2.91009855192052	0.00361314805112071	0.0206294970191497
PA14_RS23850	144.525110784145	0.756636079185815	0.26006534948591	2.909407503466	0.0036211452184766	0.0206507762695198
PA14_RS03535	4844.00726472094	-0.339253081375231	0.11665327049352	-2.90821748880223	0.00363495441696587	0.0207051113786183
PA14_RS00660	166.198233085627	0.780269134863508	0.268413745698365	2.90696414534727	0.00364955026312998	0.0207071082882893
PA14_RS05255	99.4453504675757	0.942539996375195	0.324199716796204	2.90728198559065	0.0036458438103432	0.0207071082882893
PA14_RS10015	71.6522128765693	-0.844832870680756	0.29064845847566	-2.90671719062809	0.00365243245862506	0.0207071082882893
PA14_RS25570	339.251194146031	-0.489441028427173	0.168366539802125	-2.90699701379142	0.00364916681324478	0.0207071082882893
PA14_RS22965	226.313201878237	0.548678094045358	0.188826796031202	2.9057215690653	0.00366407331069315	0.0207487804806933
PA14_RS27915	106.414837840953	0.782860174788387	0.269488849599163	2.90498169387271	0.00367274580357542	0.0207735657381178
PA14_RS20435	192.414692471792	-0.548949454316782	0.189058711198928	-2.90359249164232	0.00368907986218331	0.0208415773522412
PA14_RS22130	950.098143504497	-0.380705068485779	0.131144927914053	-2.90293398716324	0.00369684552168849	0.0208610792799131
PA14_RS03635	688.638218239177	-0.426750423830394	0.147156080712124	-2.89998498033684	0.00373180541472616	0.0210338123375474
PA14_RS03035	135.159081181401	0.597998977258735	0.206313655751616	2.8984944068786	0.00374958996518451	0.0211094494431109
PA14_RS28365	246.599107906177	0.596954340214184	0.206219487135278	2.89475232678951	0.00379457799292296	0.021337882760204
PA14_RS00795	73.6044528785484	0.775240049162962	0.268219114178015	2.89032365026916	0.00384845386442014	0.0216157060259417
PA14_RS21585	535.531184384035	-0.431690847023009	0.149388151570931	-2.88972614282626	0.00385577564499163	0.0216317065187697
PA14_RS26980	283.45843110558	0.493124152584436	0.171363944304169	2.87764240363858	0.00400659029814673	0.0224517620878767
PA14_RS17890	1165.86966020051	-0.352577860571081	0.122651365275246	-2.87463461804808	0.00404495295177517	0.0226323767232383
PA14_RS18035	166.055037058984	-0.648239381300117	0.225534025183152	-2.87424206069879	0.00404998432749634	0.0226323767232383
PA14_RS28030	50.2843196553199	0.992276835410746	0.345257723676163	2.8740177767651	0.00405286150585698	0.0226323767232383
PA14_RS00330	31.1393716044361	1.35127462897381	0.471062129355798	2.86856986534185	0.00412332121830025	0.0229975427251654
PA14_RS03700	2207.23869841526	-0.350335889267086	0.122143617820463	-2.86822918395982	0.00412776407887584	0.0229975427251654
PA14_RS14420	139.792490125829	-0.644929283745944	0.225295527918678	-2.86259247888283	0.00420190618051463	0.0233836804245901
PA14_RS12515	35.6945768940141	-1.09676510981067	0.383386553552906	-2.86072920306351	0.00422667906565049	0.0234945057028572
PA14_RS00765	32.4501765158315	1.13838699840635	0.398181964382026	2.85896173166234	0.00425030055233205	0.0235446202417844
PA14_RS25070	175.144171063522	0.677619358935051	0.236992257228277	2.85924682460132	0.00424648232882544	0.0235446202417844
PA14_RS25310	216.617730903412	-0.566483493880807	0.198116670559427	-2.8593428926562	0.00424519639913515	0.0235446202417844
PA14_RS29425	32.4641559363955	1.21053081478247	0.423497009815005	2.85841643914148	0.00425761227919568	0.0235581384235587
PA14_RS29265	43.9497040894882	0.98481839836087	0.344775960007914	2.8564010041137	0.00428473597974046	0.0236811236548856
PA14_RS07740	47.7808448908006	-0.933586651375695	0.326922886121866	-2.85567848262444	0.00429449775678058	0.023692233289161
PA14_RS20025	50.8533804064323	-0.964993836841214	0.337938941749591	-2.85552719034157	0.00429654437439913	0.023692233289161
PA14_RS10430	450.479089326332	-0.44537374948898	0.156140000586495	-2.85240007567607	0.0043390451946452	0.0238993423249478
PA14_RS26205	1835.10659256142	-0.33933545410389	0.119129303726916	-2.8484633376332	0.00439309146524338	0.0241498524617755
PA14_RS26590	114.169166786312	0.659865762744989	0.231665130658911	2.84836030725977	0.00439451409560844	0.0241498524617755
PA14_RS09760	468.724693565842	-0.54833015846106	0.19254212816815	-2.84784511149786	0.0044016341200133	0.0241615239550333
PA14_RS14565	126.087260720055	-0.676726780494974	0.23770371114533	-2.84693401392134	0.00441425112155383	0.0241799254249036
PA14_RS25685	1239.2284611187	-0.365446331382386	0.128367266632911	-2.84688099207911	0.00441498638341395	0.0241799254249036
PA14_RS24380	150.523881165666	-0.635182631503173	0.223329862510315	-2.84414553595059	0.00445307027759078	0.024360913871526
PA14_RS22890	823.99870456332	0.370634903339733	0.130337771136761	2.84364923618981	0.00446001174121702	0.024371318396074
PA14_RS27870	1365.32181245927	-0.34009497486791	0.119640404141575	-2.84264314641952	0.00447411344174743	0.0244207817204182
PA14_RS23290	263.638352845644	0.474624159082575	0.167215501785471	2.83839807921333	0.00453405968467296	0.0247200818884762
PA14_RS29215	305.169924833053	0.662545018101513	0.233710303775866	2.83489862191488	0.00458402297230683	0.0249643413221574
PA14_RS00125	130.027168527181	0.764960617079544	0.270001940535978	2.83316710821051	0.00460892849725189	0.025043571025517
PA14_RS16815	1705.35959194546	-0.359208312626196	0.126771893577268	-2.83350120038444	0.00460411350522271	0.025043571025517
PA14_RS02620	144.804342093791	-0.60611090477356	0.214189996057562	-2.82978157677669	0.00465797920878761	0.0252654748565361
PA14_RS23095	71.1898738171912	-0.872480800532423	0.308354113836657	-2.8294767651279	0.00466241853269981	0.0252654748565361
PA14_RS28840	63.3417583540921	0.861290053147386	0.304421360951154	2.8292694390969	0.00466544024956301	0.0252654748565361
PA14_RS04770	12.3605257319307	-1.87679600362127	0.663944737880274	-2.82673526355999	0.00470251868336243	0.0253810048579695
PA14_RS17950	31.2447711829283	1.12875771969792	0.399310253603358	2.82676868302795	0.00470202798030657	0.0253810048579695
PA14_RS18010	951.021252971449	-0.549160822110243	0.194229281703096	-2.82738430217594	0.00469299703979292	0.0253810048579695
PA14_RS03840	56.7006217597913	-0.881004073683466	0.313122925810595	-2.81360450181913	0.00489894600469088	0.0264117088948552
PA14_RS28245	227.818705372099	0.598441082255448	0.212945808184768	2.81029754638888	0.00494957177539898	0.0266549321891197
PA14_RS02040	41.9473508558573	1.09763157825166	0.390654871304187	2.80972197937082	0.00495843124574136	0.0266729404943328
PA14_RS23580	167.11026651503	-0.631598029053466	0.224999039013357	-2.80711434067935	0.00499874951480176	0.0268301361305009
PA14_RS29835	1230.0810274073	0.528430402167599	0.188222956498681	2.80747052324248	0.00499322493770081	0.0268301361305009
PA14_RS03560	1913.71474421751	-0.331938875202281	0.118268944915631	-2.80664442757205	0.00500604656782836	0.0268395135277361
PA14_RS13680	15.5316675453398	-1.76923661516066	0.631628844996421	-2.80107000998456	0.00509334678950112	0.0272773256633748
PA14_RS21845	44.1185040068723	-1.03236319748331	0.368638079710088	-2.80047899092573	0.00510268288487932	0.027297095609819
PA14_RS20730	33.3110711891557	1.20484984450767	0.430588553142339	2.79814648047411	0.00513967980667629	0.0274627961217611
PA14_RS22785	14.3203218458112	-1.67582339332358	0.598976548934109	-2.79781136057119	0.00514501515432497	0.0274627961217611
PA14_RS18600	147.997159717475	-0.617100360388324	0.220765101218765	-2.79528039976216	0.00518547177533601	0.027648226577205
PA14_RS15295	98.2360667827684	-0.688502189689617	0.246938095653412	-2.78815703938998	0.00530088410160035	0.0282324620212988
PA14_RS12580	27.4589386856128	-1.18177770957208	0.423961427780079	-2.78746516106436	0.00531221658826693	0.028261693532298
PA14_RS06340	372.228477811548	0.479177579749651	0.172311823483608	2.78087463797999	0.00542126673643969	0.0288101603707938
PA14_RS03660	710.513714746599	-0.412418048546779	0.148564566265136	-2.77601893180072	0.00550290040688354	0.0291478930642813
PA14_RS14645	29.0345415127393	-1.21846274100333	0.438908281450197	-2.77612155545893	0.00550116369406012	0.0291478930642813
PA14_RS20725	96.5679260150185	0.739740106460519	0.266425232258967	2.77653921960923	0.00549410061469486	0.0291478930642813
PA14_RS18950	25.7725063793209	-1.2386977745936	0.446452819507777	-2.77453231443198	0.00552811418178233	0.0292174428230594
PA14_RS26035	73.1734967699908	0.826119416641131	0.297722492143423	2.77479679379804	0.00552362086914858	0.0292174428230594
PA14_RS05345	69.1485170429836	-0.887973923298006	0.320576856238546	-2.76992523327152	0.00560691616418419	0.0295370877668788
PA14_RS16670	140.021118433183	-0.606297978971674	0.218864481746142	-2.77019813418109	0.00560222023236775	0.0295370877668788
PA14_RS23285	308.00972309619	0.490869174348993	0.177178692321069	2.77047520736567	0.00559745613681025	0.0295370877668788
PA14_RS28820	589.099236337268	0.415242732101233	0.14995548689157	2.7691066242977	0.00562102365782509	0.0295791843408511
PA14_RS23915	307.290587594501	0.521901409501062	0.188579255464098	2.76754411940301	0.00564804000563479	0.0296890450730976
PA14_RS28395	43.4766652700751	1.04335077803202	0.377274080676284	2.76549816558232	0.00568359247329524	0.029843488817433
PA14_RS12785	74.0444488457873	-0.824538957186107	0.298334407259197	-2.7638077845635	0.00571311830819566	0.0299659871349612
PA14_RS11705	863.177637839621	0.452845575743722	0.163890768388122	2.76309385938874	0.00572562991459117	0.0299990750454636
PA14_RS25410	148.971198291073	0.697890955129871	0.252839374221655	2.76021469076274	0.00577633877356971	0.0302320068279038
PA14_RS21600	272.845501820938	0.462502585702589	0.167702937635725	2.75786812218645	0.00581796643076758	0.0304136250777889
PA14_RS22825	28.7663268095576	-1.26500833677731	0.45875205547763	-2.75749900555812	0.00582453904741768	0.0304136250777889
PA14_RS24950	141.131147281467	-0.595299619459548	0.215907475118851	-2.75719781879647	0.0058299070403454	0.0304136250777889
PA14_RS09990	343.120015647813	0.647052938120822	0.234723937159175	2.75665509854682	0.00583959109780252	0.0304313174019105
PA14_RS26375	53.2460152520717	0.96751847598645	0.351101367976507	2.75566706436527	0.00585725837629726	0.0304905290718768
PA14_RS03525	2669.70157046582	-0.324479204634754	0.117886952492848	-2.75246070725629	0.00591492440479047	0.0307576069049104
PA14_RS26740	193.430290445976	0.583508086573208	0.212075388053572	2.75141821938249	0.00593378337854532	0.0308225310619175
PA14_RS31595	162.623922179164	-0.536521261367927	0.195160084973747	-2.74913418612264	0.00597529189455407	0.0310048407747462
PA14_RS10425	645.408324383007	-0.369555117624779	0.134449595282183	-2.74865176685104	0.00598409246028381	0.0310172252282235
PA14_RS05520	64.3795740556115	-0.960794153353699	0.350287478870537	-2.74287324357603	0.00609041904209005	0.0315345465605433
PA14_RS04775	19.3964184073741	-1.40089374712146	0.511022482172906	-2.74135443349724	0.00611864656767808	0.031623221653968
PA14_RS28850	144.621424326752	0.669373549433765	0.244185669063732	2.7412482968403	0.00612062354592929	0.031623221653968
PA14_RS27190	122.104510813662	-0.758131842790181	0.276842828722554	-2.73849189552229	0.00617216816761004	0.0318555018768006
PA14_RS09910	1277.55443735413	-0.424136834643465	0.154989788264481	-2.7365469647568	0.00620877317390188	0.0320102633997756
PA14_RS24300	129.744550145728	-0.584592158061644	0.213725168574432	-2.73525182813485	0.00623325687941067	0.0321022686569009
PA14_RS00255	49.0201097392822	-1.00860475370056	0.368915830770561	-2.73396983695133	0.00625757764772732	0.0321590281662161
PA14_RS21095	1657.45790620638	0.406220997053109	0.148579047341939	2.73403958579863	0.00625625224194669	0.0321590281662161
PA14_RS13720	73.9146199920777	-0.905969384308543	0.331479126573664	-2.73311141390139	0.00627391058423709	0.0322087384133446
PA14_RS00315	36.4567418080427	0.992027852817719	0.363168891571518	2.73158818346191	0.00630298708194615	0.0322552862733244
PA14_RS05170	99.5901966069867	0.658088715064551	0.240885468430174	2.73195688952616	0.00629593785582221	0.0322552862733244
PA14_RS27970	241.115055300069	0.528551358094789	0.193479451816427	2.73182166443327	0.00629852237603439	0.0322552862733244
PA14_RS10460	269.543336252276	-0.464137517846106	0.170464095248486	-2.7227875592777	0.00647336695764656	0.0330921803458549
PA14_RS12140	72.4882050814675	-0.810999702897577	0.298285136627994	-2.71887400111731	0.00655045551995971	0.0334509006277985
PA14_RS22930	155.933071770873	0.585254951806423	0.215318930080901	2.71808406063752	0.00656611540412089	0.0334955000995028
PA14_RS22510	17.746623089296	-1.80508916017262	0.664375917549101	-2.71696958377365	0.0065882661984343	0.033573082545446
PA14_RS28325	326.954251171945	0.451539832639428	0.16622272384121	2.71647475269854	0.00659812274129693	0.033587917449381
PA14_RS00190	53.8356636462676	0.848684341839184	0.313082476065527	2.71073728719827	0.00671337939365505	0.0341386989986496
PA14_RS27210	416.710883542116	-0.395814852997169	0.146114991454815	-2.70892705160628	0.00675011794310065	0.0342894646773474
PA14_RS14510	26.2451872475063	-1.14657919814051	0.423521130292491	-2.7072538207212	0.00678423659390167	0.0343905898139444
PA14_RS18535	267.734753979022	-0.502462642606673	0.185598683482342	-2.70725326914551	0.00678424786652254	0.0343905898139444
PA14_RS03780	48.6810723202641	-0.884739790008758	0.327408610820738	-2.70224960727489	0.00688720372748578	0.0348759342681898
PA14_RS14750	30.0724375426361	-1.23362098807508	0.456792061524099	-2.70061827247844	0.00692107240201992	0.0350107804771635
PA14_RS00465	34.6164236039776	1.04267186719728	0.386283241313106	2.69924178862352	0.00694976633351938	0.0351191953906998
PA14_RS21640	423.112243080525	-0.436259550348866	0.161656466826324	-2.69868294732412	0.00696144630258864	0.035141497201794
PA14_RS29380	71.2240362619728	0.90985037399792	0.337261128029008	2.69776235202435	0.00698072550001939	0.0352020735329445
PA14_RS28490	847.233987259899	0.451202723902098	0.167328963315584	2.69650104178991	0.00700721784165402	0.0352988598773321
PA14_RS03905	930.121099941174	-0.470833579850251	0.174700396154149	-2.69509165528626	0.0070369271370925	0.0353541924373238
PA14_RS14235	175.974683099431	-0.558412210372208	0.207207671155025	-2.69493985072795	0.00704013385383432	0.0353541924373238
PA14_RS28570	98.6093120897349	-0.663743798920533	0.246240666753683	-2.69550845386754	0.00702812943477427	0.0353541924373238
PA14_RS00595	63.9884285789155	0.778530015687621	0.288977249426509	2.69408756998226	0.00705816179345186	0.0354079568808436
PA14_RS12520	227.559313505017	-0.533623292411395	0.198296122458936	-2.69104249641543	0.00712291208302561	0.0356957542316185
PA14_RS13665	14.9018699266575	-1.6983519943299	0.631242769650802	-2.69048942179475	0.00713472969470429	0.0357179635647929
PA14_RS04355	52.537881170032	0.87976612761552	0.327388437414973	2.68722418715232	0.00720485774511887	0.0360317394574921
PA14_RS25635	4286.0311885849	0.444346850733777	0.165385245276149	2.68673816694976	0.00721534882097972	0.0360469286139028
PA14_RS06985	132.826315400561	0.597794733734069	0.222813233996794	2.6829408783801	0.00729778903094306	0.0364211638324465
PA14_RS28735	296.330405916485	0.423604881607062	0.157914484997507	2.68249541271499	0.00730751539894177	0.0364321077002911
PA14_RS06255	644.196804302846	-0.375167802090592	0.140087983509023	-2.67808696144468	0.00740439916307376	0.0368391711446756
PA14_RS28930	29.145247730737	1.18849656003974	0.443751417922354	2.67829354913228	0.0073998334162605	0.0368391711446756
PA14_RS27240	527.847450515327	0.404048536973632	0.150946346138705	2.6767692448968	0.00743358122198098	0.0369463502461459
PA14_RS08565	65.3529579408904	-0.781195947520075	0.291885684199078	-2.67637636858979	0.00744230177376569	0.0369517159937689
PA14_RS17485	91.8986495753035	-0.751061819331461	0.280880201697695	-2.67395784676847	0.00749618732822635	0.0371810891480027
PA14_RS00365	28.0245314387358	1.14187585598223	0.427590463338759	2.67048953118859	0.00757407333722426	0.0375225011271659
PA14_RS15975	121.287408339973	-0.655323891808774	0.245420993344926	-2.67020307789135	0.0075805383790821	0.0375225011271659
PA14_RS00530	78.7259696771926	0.756069598616257	0.283416047120901	2.66770215129608	0.00763719295695505	0.0377642792840845
PA14_RS10410	752.095065743843	-0.393308637151969	0.147689584983201	-2.66307632455401	0.00774298492330228	0.0382482891614809
PA14_RS21415	280.192088489419	-0.460864427091023	0.173164053580589	-2.66143242527261	0.00778089573967644	0.0383963385684442
PA14_RS29790	382.448010542443	0.489069710922534	0.183841900572113	2.66027336206031	0.007807725381354	0.0384894596781121
PA14_RS27295	108.064876892268	0.603115011617987	0.227078753771932	2.65597287989228	0.00790799738058464	0.0389440685667081
PA14_RS01400	68.4809650795982	-0.808218568958757	0.304365904846396	-2.65541756185417	0.00792102916284782	0.0389685625956583
PA14_RS31050	93.2286044040448	-0.686687732810682	0.258968304883516	-2.65162848063416	0.008010462981528	0.0393684948970218
PA14_RS20920	320.498907371712	0.441348360570628	0.16676115991562	2.6465896542933	0.00813079491699771	0.0399193139275136
PA14_RS23140	1592.09087044655	0.364674874125962	0.13782111566875	2.64600146615016	0.00814494634454732	0.0399482358237635
PA14_RS02640	204.812722372857	0.598024466099664	0.226193878419759	2.64385787218292	0.00819670659252836	0.0400941129043921
PA14_RS05020	531.924028598438	0.429066755128457	0.162277120600877	2.64403727117979	0.00819236347839719	0.0400941129043921
PA14_RS05280	87.6608124472407	-0.802121686004655	0.30340414860783	-2.64374000713303	0.0081995611378089	0.0400941129043921
PA14_RS00450	35.3179017898894	0.988629215202972	0.374086110327944	2.6427851446724	0.00822271954004002	0.0401436645783813
PA14_RS09030	165.361763203919	-0.534669364979516	0.202324114492896	-2.64263786014637	0.00822629685632255	0.0401436645783813
PA14_RS25770	68.259026669407	0.846202532666457	0.320493834518436	2.64030830402068	0.00828306373317813	0.0403799356992434
PA14_RS03555	2627.33318266151	-0.298746501898047	0.113258393267336	-2.63774271627609	0.00834598758745558	0.0406038073989904
PA14_RS07070	190.880086364663	0.590615257604913	0.223913260276453	2.6376966548373	0.0083471211917631	0.0406038073989904
PA14_RS18260	113.341273353638	-0.603743094339253	0.228915129933494	-2.63741018129582	0.00835417459925464	0.0406038073989904
PA14_RS13360	133.002737262115	0.575371957819983	0.218188741473461	2.63703779550866	0.00836335126452587	0.0406075971036617
PA14_RS06765	63.7228560994417	-0.773316033340362	0.293562020359365	-2.63425095791923	0.00843231375102941	0.040901373420239
PA14_RS24615	109.695256933089	-0.634856176554463	0.241385622561901	-2.63004966831304	0.0085372394192841	0.0413688274866312
PA14_RS21815	20.5938351011521	1.30049025075046	0.495095390763463	2.62674683507966	0.00862054442023896	0.0417233053678557
PA14_RS28945	22.7999376817702	1.28845753759323	0.49056689942052	2.62646652090718	0.00862764792552847	0.0417233053678557
PA14_RS00815	83.6127688212228	0.750863136913522	0.286134550450255	2.62416103099741	0.00868627063858225	0.0419648399682155
PA14_RS09715	227.437696166235	-0.489612584728568	0.186609192441813	-2.62373240204249	0.00869720873898953	0.0419757499618297
PA14_RS10465	120.574058080639	-0.625322634065677	0.238517289496956	-2.62170778220947	0.00874904119597213	0.0421838117883562
PA14_RS27155	341.377411773058	0.475723508845343	0.18156401802291	2.62014199743759	0.00878931607948801	0.0423357894027928
PA14_RS30675	78.6454533684584	-0.746251854226507	0.284881503910911	-2.61951669020912	0.008805446370635	0.0423410719584377
PA14_RS20355	136.500528060242	-0.627902562318575	0.239710463620001	-2.6194207496672	0.0088079235711721	0.0423410719584377
PA14_RS13465	30.8389018864326	-1.11147457261385	0.424828446738559	-2.61629036649198	0.00888909293408799	0.0426888316079935
PA14_RS29240	142.147448905296	0.589213724968958	0.225407316294231	2.61399556436686	0.00894901983267387	0.0429339880067568
PA14_RS05935	506.93547801786	-0.408659823508171	0.156430521715306	-2.61240465752525	0.00899077659146429	0.0430915714532421
PA14_RS26725	175.918752463382	0.496503855644196	0.190131269353913	2.61137401192014	0.00901792087960149	0.043178876607676
PA14_RS12215	381.134225052258	-0.403439201330589	0.154563502916877	-2.61018412314034	0.00904935017524164	0.0432865058827583
PA14_RS21150	315.899619645726	-0.466674333527845	0.178813054790661	-2.60984486884466	0.00905832901617081	0.0432866394488163
PA14_RS00510	33.1744440185834	1.03789267959091	0.397859412066911	2.60869203570923	0.00908889983217972	0.0433161774317005
PA14_RS03435	198.953423361657	-0.529166442555379	0.202816024083009	-2.6090958293256	0.00907818157240404	0.0433161774317005
PA14_RS18495	179.712083550883	-0.505291527979862	0.193702291359363	-2.60859860992779	0.00909138132613235	0.0433161774317005
PA14_RS04580	121.322562086436	-0.66734945000777	0.255970011807534	-2.60713919296748	0.00913022368409742	0.0433939037675276
PA14_RS04625	229.656914232417	0.482533658013223	0.185093349892149	2.60697457955344	0.00913461415122894	0.0433939037675276
PA14_RS16895	143.137042318855	-0.559267550774899	0.214513278752998	-2.60714653202831	0.00913002798507961	0.0433939037675276
PA14_RS10555	298.351696614834	-0.534963512999144	0.205232340748408	-2.60662384421639	0.00914397503330594	0.0433957441227356
PA14_RS03050	59.3693541266868	0.919916507704759	0.353087577322243	2.60534939994562	0.00917806119200228	0.0435148077691402
PA14_RS03420	127.138826189269	0.584685062170832	0.224447196944141	2.60500050849976	0.00918741235982298	0.0435164800902095
PA14_RS25250	396.605616154219	-0.392256228746546	0.150601426422486	-2.60459836313993	0.00919820141543183	0.0435249530773271
PA14_RS28460	58.4438045467364	0.827485743705019	0.318071252167073	2.60157350929145	0.00927971752861676	0.0438677555898247
PA14_RS14535	13.2365287679252	-1.75733548304352	0.675961178966978	-2.59975800049512	0.00932895225968712	0.044057434695163
PA14_RS15170	25.0417405411147	-1.19074056674163	0.458488052348298	-2.59710271760161	0.009401380526653	0.044356171928677
PA14_RS02995	563.847472683378	0.557448405232752	0.21489918543464	2.59399961942758	0.00948665919261629	0.0446850213878087
PA14_RS05950	663.434544489714	-0.384074695618663	0.148104022713825	-2.59327659425426	0.0095066280413684	0.0446850213878087
PA14_RS20635	531.624148464479	-0.368094235645146	0.141944554554823	-2.59322548018548	0.00950804115137618	0.0446850213878087
PA14_RS22865	84.7335693695064	-0.699627341516212	0.269752269940824	-2.59359204528544	0.00949791116163302	0.0446850213878087
PA14_RS19550	54.059519274206	-0.888406086208928	0.34273470278606	-2.59211010436689	0.00953892373806695	0.0447454004337741
PA14_RS25965	146.450202543763	0.775161672158656	0.299048539298071	2.5920931564425	0.00953939368222108	0.0447454004337741
PA14_RS05230	77.0825112633472	-0.705979421347546	0.272510779325567	-2.59064769142257	0.00957955061790428	0.044889455270261
PA14_RS07330	17.5370762499829	-1.38795052974379	0.535821993206438	-2.5903201946566	0.00958866982923482	0.044889455270261
PA14_RS07000	157.267397140905	0.506308998851986	0.195632796163202	2.58805787568261	0.0096518762313103	0.045141657112782
PA14_RS10005	684.534149588799	-0.364104522780025	0.140752754539522	-2.58683763576213	0.00968612219916485	0.0452580550291413
PA14_RS17840	137.17587276377	-0.576933800949579	0.223360905055267	-2.58296679451055	0.00979547502661369	0.0457248235798299
PA14_RS17010	415.482122272386	-0.376322065368623	0.145789481130225	-2.58127035264278	0.00984374595489941	0.0459058393808038
PA14_RS10265	85.6670325411348	-0.653719007507375	0.253397642216566	-2.57981487826424	0.00988532915373813	0.0459667805648823
PA14_RS16970	166.789730884547	-0.556025686430725	0.215507000531846	-2.58008178415791	0.00987769189980003	0.0459667805648823
PA14_RS29785	75.010370220122	0.736911664926145	0.285600519944027	2.58021821903745	0.00987378997853374	0.0459667805648823
PA14_RS20440	254.349911293582	-0.546362122850413	0.211895610788785	-2.57844945828076	0.00992448168423177	0.0461045085734341
PA14_RS07370	70.5004850306195	-0.731407846201518	0.283733398370386	-2.5777996189463	0.0099431638773961	0.0461469678609285
PA14_RS13875	11.4251389254618	-1.76269964637591	0.684428453153946	-2.57543303212065	0.0100114658164847	0.0464194138911985
PA14_RS09450	670.800215780361	0.392698856324624	0.153037864584371	2.56602414958636	0.0102871665735472	0.0476520474613739
PA14_RS09080	204.64778872162	-0.483290749463349	0.188489369496099	-2.56402125358773	0.0103467208592663	0.0478663971947295
PA14_RS22115	238.182375523897	-0.514442231186017	0.200655932512201	-2.56380274804353	0.0103532364486532	0.0478663971947295
PA14_RS29235	49.1500369197105	1.00837129853081	0.39341373432507	2.56313191571907	0.010373262732192	0.0479131791527037
PA14_RS12910	30.2569327181759	-1.02189997636939	0.399022989536315	-2.5610052632729	0.0104369774999182	0.0481614725091643
PA14_RS00275	92.9527625132833	0.64786559593862	0.253131278268627	2.55940553996292	0.0104851346369597	0.0483375701661937
PA14_RS28250	136.998904946563	0.569398723166526	0.222541913159134	2.55861340941814	0.0105090535683592	0.0484016981491286
PA14_RS00195	86.8790826992927	0.725802219055864	0.283740235605417	2.55798130817513	0.0105281751117874	0.0484436297246467
PA14_RS26705	1190.16475922576	0.313037608548345	0.122734371787338	2.55052927708584	0.010755948969196	0.0494446475428059
PA14_RS19380	32.8592367815651	-1.0628925313828	0.417250478313462	-2.54737282909547	0.0108537404841924	0.0498468081496245
PA14_RS07335	45.3277704123933	-0.846219102775372	0.332369758345109	-2.54601714364374	0.0108959837040627	0.0499933369951111
PA14_RS10010	46.9473630365268	-0.853218079422245	0.335350676646545	-2.54425632282688	0.0109510690767309	0.0501509186127562
PA14_RS25305	96.9971848006152	-0.61436709883564	0.241442970923744	-2.54456402886824	0.0109414250183537	0.0501509186127562
PA14_RS16280	17.3073677752408	1.34200463529659	0.528052271020308	2.54142384939194	0.0110401992780645	0.0505112617868685
PA14_RS05250	144.954077495361	0.601671041056485	0.236812393145733	2.54070757473499	0.0110628403359808	0.0505670093240107
PA14_RS12865	51.8419259078118	-0.789681399907442	0.310893214605885	-2.5400406403482	0.0110839588503869	0.0506156987728718
PA14_RS01865	68.5318876625318	0.71368865582875	0.281057239941773	2.53930002292987	0.0111074525025191	0.0506751323605494
PA14_RS16680	115.233274415815	-0.606233955318652	0.238947430519403	-2.53710179682984	0.0111774447026836	0.0509463926316475
PA14_RS20520	57.7030783379604	-0.791095472671798	0.312095243446493	-2.53478862393309	0.0112515195633594	0.0511875339683972
PA14_RS25985	43.5650610831001	0.93908943321249	0.370474509820913	2.53482873536008	0.0112502313678843	0.0511875339683972
PA14_RS02270	828.353359900768	0.341044494641305	0.134579481074296	2.53414927683536	0.0112720701565312	0.0512068758869107
PA14_RS09610	32.9009757660959	1.04080653031839	0.410736973718417	2.53399766009846	0.0112769484738544	0.0512068758869107
PA14_RS19430	53.3383914907139	-0.772551613695652	0.305057839864743	-2.5324758545402	0.0113260169949973	0.0513814429529145
PA14_RS03680	8927.70633800192	-0.298270678545081	0.117812593684164	-2.53173849431321	0.0113498602637779	0.0514257366169784
PA14_RS25590	476.696783183262	0.374107762027509	0.147780102259005	2.53151646472564	0.0113570485332781	0.0514257366169784
PA14_RS18505	154.54541456693	-0.529149204209339	0.209223417339219	-2.52911079906231	0.0114351921473298	0.0517311405280513
PA14_RS02860	633.915689014976	0.364546877377554	0.14418942610496	2.52824972832743	0.011463278211923	0.0517915320648908
PA14_RS07865	98.1059602436961	-0.684938003799252	0.270935829856887	-2.52804512478489	0.0114699608853387	0.0517915320648908
PA14_RS17050	231.06228564556	-0.518347985975793	0.205246534289838	-2.52548959118506	0.0115537204021693	0.0520753372407483
PA14_RS28315	249.042869979902	0.527768228501981	0.208978184655344	2.52547044263208	0.0115543500536234	0.0520753372407483
PA14_RS15955	36.0241581939475	-0.981064097031108	0.388931267771026	-2.52246136612674	0.0116536750467039	0.0524740898751024
PA14_RS08275	111.124888258644	-0.60120248848169	0.238634331622402	-2.51934616613753	0.0117573003504597	0.0528914460416958
PA14_RS08250	28.1773571374307	-1.05810641543682	0.420078825059294	-2.51882825869042	0.0117746072470341	0.0529200749504247
PA14_RS28485	18.6448154624197	1.35433443104082	0.538121648512142	2.5167811679486	0.0118432361798027	0.0531790995037379
PA14_RS04660	44.8755881881701	0.975789128729368	0.387828094988333	2.51603517470471	0.0118683337308201	0.0532423579983731
PA14_RS00285	20.3858782128686	1.23605323840743	0.491756508008816	2.51354729073615	0.0119523752005861	0.0535696816219041
PA14_RS03805	40.5274727583825	-0.938792409653322	0.374121400923135	-2.5093256021625	0.0120961929025907	0.054164063774934
PA14_RS00495	20.2835193873956	1.39851644376946	0.55770269346531	2.50763795864014	0.0121541125884023	0.0541782209806365
PA14_RS00930	18.6658910772278	1.41613461571078	0.564638790041415	2.50803636003631	0.0121404173925504	0.0541782209806365
PA14_RS06525	76.98789412867	0.690019954798625	0.275063017424202	2.5085886182019	0.012121455931162	0.0541782209806365
PA14_RS09440	174.116073766255	-0.513099528887469	0.204549909688785	-2.50843195026647	0.0121268323646516	0.0541782209806365
PA14_RS18720	17.8393834116779	-1.39234076790075	0.555248042823721	-2.50760139706208	0.0121553700918095	0.0541782209806365
PA14_RS06015	281.460149876855	-0.421177797988265	0.168154964735832	-2.50470034381636	0.0122555175362725	0.0545742935593131
PA14_RS06910	512.204310908126	-0.393226051684481	0.157193632184529	-2.50153931949911	0.0123654710637319	0.0550132640885074
PA14_RS07050	135.416081731397	-0.592788675942204	0.237121146761227	-2.49994015311979	0.0124214288367091	0.0552114244984607
PA14_RS07670	170.687915362579	-0.556626937223751	0.222824397858344	-2.49805202021735	0.0124877867117647	0.0554554054527953
PA14_RS08680	64.3042434714635	0.713416997089245	0.285881642772685	2.49549775274136	0.0125780551982514	0.0558050228795816
PA14_RS25500	183.887784347323	-0.489006995205882	0.196028316971908	-2.49457324716999	0.0126108695783709	0.0558993265637045
PA14_RS19105	18.4926206270951	-1.43487295432506	0.575473530867425	-2.49337784860798	0.0126534113678578	0.0560365360576561
PA14_RS10480	404.809082622838	-0.414025488387963	0.166241361006697	-2.49050829396954	0.0127560518500318	0.0563363166637022
PA14_RS10530	76.8849025572472	-0.669039051396059	0.268630956761709	-2.4905508265361	0.0127545251478733	0.0563363166637022
PA14_RS23080	23.9483289069454	1.18227167801842	0.474709978483735	2.49051364328743	0.0127558598279183	0.0563363166637022
PA14_RS15165	54.6532428207634	-0.764809061847615	0.307224751875387	-2.48941225333898	0.0127954499410551	0.0564587553968454
PA14_RS24930	25.8371389098113	-1.24662557770456	0.501449650177178	-2.48604336898847	0.0129172222748752	0.056944108405922
PA14_RS20445	88.7315555894236	-0.706124740950404	0.284314690138228	-2.48360273120992	0.013006081360309	0.0572836151716341
PA14_RS02135	255.334797481898	0.445114128315674	0.17934904249592	2.48183164025422	0.0130709016070944	0.0575167244512363
PA14_RS31165	64.7507403158929	0.85450972566811	0.344505433437028	2.4803954966484	0.013123672700601	0.0576964374364605
PA14_RS29665	24.0581122574104	1.15933104724399	0.467768988855802	2.47842647730839	0.0131963305158764	0.0579631738190537
PA14_RS00775	36.9947279998558	0.942684646745167	0.380448313950398	2.47782579703605	0.0132185666126448	0.0579758833156503
PA14_RS18410	437.767977393119	-0.397632491355808	0.160484471713677	-2.477700721508	0.0132232008472213	0.0579758833156503
PA14_RS06240	712.833363805604	-0.335340783597379	0.135363534223479	-2.47733472327744	0.0132367698792896	0.0579828071886271
PA14_RS18515	741.394974017071	-0.359482730924423	0.145275916607408	-2.47448262120338	0.0133429312265448	0.0583949460738198
PA14_RS07325	64.3674904219535	-0.778534667538773	0.314720102598957	-2.47373669844931	0.0133708199243363	0.0584640914593945
PA14_RS13900	11.4176865003757	-1.67738120651502	0.678695938185126	-2.47147671312199	0.0134556314436724	0.0587817828921405
PA14_RS04780	66.5598958926063	-0.727564818510193	0.294505635751686	-2.47046144517127	0.0134938863804906	0.058822380417331
PA14_RS22460	141.036532056177	-0.538577888679499	0.21802460679383	-2.47026194244575	0.0135014148600574	0.058822380417331
PA14_RS28005	362.134170309568	0.452059327071759	0.182968765534321	2.47069124476857	0.0134852192086804	0.058822380417331
PA14_RS02375	39.0406765556682	0.892309851748469	0.361366985581414	2.4692622385324	0.0135391958330684	0.05893388933278
PA14_RS21750	680.027383548743	0.326669769751588	0.132312562431444	2.4689248227722	0.0135519685718845	0.0589342347486029
PA14_RS23415	391.619471077235	-0.40208263636565	0.162877722031916	-2.4686165262482	0.0135636483199328	0.0589342347486029
PA14_RS25280	245.586492454313	0.435912679557947	0.176616102747332	2.4681366691777	0.0135818452967605	0.0589603266204074
PA14_RS18480	391.199520492513	-0.386560040814841	0.156835861031906	-2.46474268239073	0.0137111677991137	0.0594683475125687
PA14_RS08380	170.390776182235	-0.53604144857998	0.217601659954633	-2.46340698270288	0.0137623599992045	0.0596368933298861
PA14_RS27895	48.5153506241912	0.846362457355099	0.343796221980619	2.46181430522762	0.0138236217338063	0.0598487329495858
PA14_RS27880	127.375438618775	0.519918403992	0.21140457702779	2.45935263702288	0.0139187826149974	0.0602068271253377
PA14_RS08045	56.3555709593844	-0.747410678478467	0.303952362662362	-2.45897308358385	0.0139335063834879	0.0602166549334653
PA14_RS00115	57.7901427216087	0.777939686116053	0.316985212487982	2.45418289392774	0.014120514316293	0.0609050845058625
PA14_RS02160	229.768679555621	0.442664366497285	0.180390226729201	2.45392654870269	0.0141305841223279	0.0609050845058625
PA14_RS19985	34.7254611701701	0.995003525821742	0.405423075963836	2.4542350566905	0.0141184660234556	0.0609050845058625
PA14_RS30845	96.3671672262762	-0.651724679131075	0.265732073189589	-2.45256310729979	0.014184249666973	0.0610819513708651
PA14_RS19680	14.971498580693	-1.38875997476526	0.566340504789002	-2.45216431285037	0.0141999803150631	0.0610952889712145
PA14_RS07630	196.012762158833	0.516720346953009	0.210806929074295	2.45115447211368	0.0142398828511459	0.061212509749459
PA14_RS22290	27.8143626156015	1.11634323177841	0.457074109327507	2.44236811711099	0.0145912597735894	0.0626672577842612
PA14_RS20465	81.7352500723993	-0.67676260853883	0.277326442642576	-2.44031042294462	0.0146746459132875	0.0629136415218604
PA14_RS27645	391.91095742808	0.375632887108838	0.153919040514013	2.44045756687678	0.0146686691278651	0.0629136415218604
PA14_RS16750	394.963004132723	-0.478650453934316	0.196258430998535	-2.43887842931899	0.0147329237280168	0.0631075457472889
PA14_RS16705	3551.93245915417	-0.278087728350609	0.114150437437695	-2.43615122808787	0.014844476980864	0.0635291067959807
PA14_RS00385	45.8578349278082	0.891614520997544	0.366119397693954	2.43531079372872	0.0148790037474465	0.0636205677477021
PA14_RS31745	36.2024906704851	-1.15723825186622	0.475909473562455	-2.43163525030008	0.0150308353784066	0.0642130034363729
PA14_RS14395	23.5117506608348	-1.19326380026436	0.490853167162849	-2.43099949249889	0.0150572356507172	0.0642690128922052
PA14_RS20405	709.743134753345	-0.351068043062433	0.144489145176376	-2.42971915041708	0.015110526697509	0.0644396006253559
PA14_RS20950	156.491175023533	-0.579486845662314	0.238603257050493	-2.42866276355852	0.0151546211624483	0.0645220620466866
PA14_RS22160	122.225951115201	0.547428683882444	0.225407610873728	2.42861668139995	0.0151565472466989	0.0645220620466866
PA14_RS31560	827.845355010956	-0.351347978416995	0.14472851760619	-2.42763474834325	0.0151976401211764	0.0646400946578798
PA14_RS01140	11.8701043372778	1.56195458677142	0.644456749150039	2.42367635815972	0.0153642911713843	0.0652914869110846
PA14_RS25185	43.6508895286342	-0.867314746697948	0.357997485003557	-2.42268390988649	0.0154063253372203	0.0654126333018413
PA14_RS09545	252.269643056199	-0.443458297425106	0.183219505172515	-2.4203661995897	0.0155048841029724	0.0654433578304987
PA14_RS11065	1810.4176735757	-0.405158360859292	0.167401002311863	-2.42028634992575	0.0155082895107013	0.0654433578304987
PA14_RS12340	499.101093916856	0.362071069875097	0.149578115149236	2.42061527191898	0.0154942659583741	0.0654433578304987
PA14_RS15505	122.232884688534	-0.580871151337463	0.239986466148487	-2.42043295465695	0.0155020376552604	0.0654433578304987
PA14_RS18695	57.0815524913669	-0.765660681853912	0.316193369673176	-2.42149505742424	0.0154568112329072	0.0654433578304987
PA14_RS27050	1082.03461925212	0.340646764866508	0.140716958949487	2.42079396406505	0.0154866521179399	0.0654433578304987
PA14_RS28655	47.6847064353246	0.814044990102417	0.336155940941508	2.42162904461077	0.0154511140521987	0.0654433578304987
PA14_RS12875	91.7408084414575	-0.67006465349749	0.277038571759865	-2.41866917390224	0.015577400210769	0.0656776873751343
PA14_RS04710	72.2327154892212	-0.682004075212954	0.282080314496782	-2.41776558009593	0.0156161335652286	0.0657836427887156
PA14_RS20820	1440.25245277464	0.405429173300596	0.167873876268602	2.4150819788774	0.0157316685136757	0.066212662255993
PA14_RS01980	242.437950698889	0.443548197294151	0.183733141480498	2.41408922592896	0.0157745988565928	0.0663356174525937
PA14_RS07025	330.395771940846	0.413560688121774	0.172028814446937	2.40401986987674	0.0162158918635329	0.0680997951812686
PA14_RS26405	598.722047102785	-0.40983219849442	0.170488091973833	-2.4038758000607	0.0162222837156372	0.0680997951812686
PA14_RS28010	313.225684862402	0.404704217023424	0.168383272491255	2.40347043406252	0.0162402802069432	0.0681162142938223
PA14_RS23430	461.722628638867	0.351604194755737	0.146327576548989	2.40285667984136	0.0162675616229571	0.0681715147388395
PA14_RS02030	179.483531963074	0.471549185298456	0.196616522051566	2.39831922759159	0.0164705040699382	0.068902558548634
PA14_RS28055	363.957848791551	0.406680540728709	0.169550067140034	2.39858672773527	0.016458478437335	0.068902558548634
PA14_RS02550	323.963136922709	0.43365127825074	0.180843660533865	2.39793464128389	0.0164878069075339	0.0689153277483441
PA14_RS10775	294.598399349899	-0.441177360049386	0.184143271415075	-2.39583752726394	0.0165824388870408	0.0692510142122015
PA14_RS15960	38.7740070804304	-0.84253639928333	0.351723731833	-2.39544939118117	0.0166000056894152	0.069264562134609
PA14_RS17320	371.560261619925	-0.438245629285205	0.183347887250844	-2.39024095590273	0.0168373221995245	0.0701337555184329
PA14_RS31500	22.174538852279	1.15912081794195	0.484909757775106	2.39038460116848	0.0168307374395129	0.0701337555184329
PA14_RS22895	157.799064958889	0.548914514703253	0.229979877099559	2.38679366919405	0.0169960270578385	0.0707338957415723
PA14_RS23480	2948.0259119903	-0.358068938225703	0.150322136920726	-2.38201069756302	0.0172183972532261	0.0715977378474647
PA14_RS06815	172.938866748971	0.527740636376763	0.221900403281949	2.37827704939413	0.0173937518206637	0.0722647627188399
PA14_RS25290	130.925638010479	0.531420306769302	0.223555445077132	2.3771297835575	0.0174479479228989	0.0724277048541967
PA14_RS14095	60.4758819105774	-0.766821863671823	0.322888475372729	-2.37488149054139	0.0175545853746607	0.0727716926668188
PA14_RS18040	12.8794494287715	-1.47015089080039	0.619076457880145	-2.37474850171902	0.017560910947514	0.0727716926668188
PA14_RS16675	116.955280544843	-0.541974278829753	0.228384842398301	-2.37307464514023	0.0176406984339756	0.0730397411187551
PA14_RS10595	22.7876929901119	-1.13099535776378	0.476757759591875	-2.37226418450318	0.0176794445869107	0.0731375483509837
PA14_RS06805	92.3315770859449	0.595917128500606	0.251323745972809	2.37111350618289	0.0177345838369317	0.0733029465259842
PA14_RS16950	42.8498968033163	-0.851426487871076	0.359706515615158	-2.36700323989126	0.0179327758261261	0.0740588419258289
PA14_RS25125	28.4346198513982	-1.04554408109267	0.442079431291724	-2.36505932437902	0.0180271829826207	0.0743852021364791
PA14_RS08070	777.433076218095	0.345710160668293	0.14620826919941	2.36450484340791	0.0180541912776743	0.0744331364184426
PA14_RS24700	831.803085073789	-0.336428416314564	0.142352524224756	-2.36334703684908	0.0181107013319981	0.0746025141750793
PA14_RS10830	11.1026796537745	1.55998631274593	0.660485359518059	2.36187871580412	0.0181825896760322	0.0748348967432272
PA14_RS19100	50.6771806036531	-0.825359922056685	0.350148203174154	-2.35717309006488	0.0184146612089502	0.0757255966041522
PA14_RS01435	170.848012679589	0.490377273563999	0.208170119896094	2.35565639203535	0.0184900120260957	0.0759708565490217
PA14_RS25930	43.3423618130966	-0.847460742318998	0.35999042159059	-2.35412025290717	0.0185666036005378	0.0762207937285236
PA14_RS21635	232.121915841823	-0.415542926802382	0.176589120290492	-2.35316267570055	0.0186144885429767	0.0763525586037618
PA14_RS04730	110.190912871118	-0.579146592778325	0.246167666632696	-2.35265094193894	0.018640122757508	0.0763929098773804
PA14_RS24545	436.735260814408	-0.376080764499955	0.16011072256496	-2.34887931598318	0.0188300088652959	0.0771057771994673
PA14_RS00270	31.3329892906649	0.920609482540861	0.392824992817938	2.34356138069742	0.0191006190619999	0.0780816515501533
PA14_RS28430	88.287294562324	0.609244311595057	0.259936495857952	2.34381982254616	0.0190873897290952	0.0780816515501533
PA14_RS03495	890.578945737777	0.355253833396605	0.151643764060986	2.34268672765029	0.0191454510056847	0.0781328279016804
PA14_RS19570	25.2859244794663	-1.04339779460037	0.445334501098047	-2.34295297585903	0.0191317942377111	0.0781328279016804
PA14_RS02340	23.2158387215624	1.11205230838581	0.475744076370976	2.33750111376826	0.01941314309326	0.0791584822925847
PA14_RS14580	198.757729215358	-0.441929925579118	0.189237557675245	-2.33531826878427	0.0195268005038254	0.0794878848792083
PA14_RS21590	273.71352212013	-0.41294420952261	0.176811170312382	-2.33550973500734	0.0195168079441235	0.0794878848792083
PA14_RS17070	11.0624498061604	-1.53632257814123	0.658779814143853	-2.33207294024003	0.0196968543079027	0.0800453675907709
PA14_RS24285	25.1146853457126	1.17060026456203	0.50189984828477	2.33233835109241	0.0196828984954431	0.0800453675907709
PA14_RS18530	358.828878192056	-0.383371443276569	0.164477447099252	-2.33084504920135	0.0197615317041532	0.0802407786072921
PA14_RS02885	21.7287269654857	1.13811941227791	0.488733115049939	2.32871351915988	0.0198742474424778	0.0805585006967807
PA14_RS09680	189.744885911806	-0.457368856477601	0.196428753749247	-2.3284211081513	0.0198897538941183	0.0805585006967807
PA14_RS18885	30.6578956956864	-0.997601803505096	0.428348497764156	-2.32894899529767	0.0198617678996755	0.0805585006967807
PA14_RS01920	195.945559155443	0.433025968667367	0.186094012727227	2.32692047595367	0.0199694981862587	0.0807462317966113
PA14_RS27380	37.5083640865657	0.922001051796467	0.396184111996286	2.32720349927892	0.0199544368758578	0.0807462317966113
PA14_RS11315	53.3310565629627	-0.743355827973214	0.319780927396547	-2.32457837315422	0.0200945163328205	0.0811838604724479
PA14_RS11095	43.3338418828436	-0.796803724354442	0.342900141196897	-2.32371944080626	0.0201405358169065	0.0813018624462103
PA14_RS09015	324.199656855256	-0.419648338860835	0.180675510101757	-2.32266309155285	0.0201972584988013	0.0814628374480427
PA14_RS01110	114.629811975209	0.691364700915024	0.298085895547709	2.31934724601678	0.0203762155955517	0.0821161488500733
PA14_RS07270	42.799770687382	0.944448650502557	0.407558561873245	2.31733237589618	0.0204856329667907	0.0824883605557034
PA14_RS14455	28.1213629544873	-0.988636713876994	0.427623283240161	-2.31193378056021	0.0207813328025162	0.0834705360738941
PA14_RS20410	6168.45806843083	-0.3103340921597	0.134213713438763	-2.31223832653504	0.0207645532712751	0.0834705360738941
PA14_RS28555	210.504676825192	0.452321906812974	0.195642965989301	2.31197633160862	0.0207789876626344	0.0834705360738941
PA14_RS02535	414.069691608153	-0.381054986084871	0.165097469112763	-2.3080607360771	0.0209957586235045	0.0842618163512596
PA14_RS15480	211.548896714536	-0.417129028353508	0.180913266949401	-2.30568512407757	0.0211282329246651	0.08472316287204
PA14_RS04850	19.8321108151469	1.21454841355768	0.527120984647447	2.30411698439591	0.0212160775764595	0.084992180131037
PA14_RS05090	146.267451897333	0.471058627197691	0.204464900168656	2.30386059812286	0.021230470140259	0.084992180131037
PA14_RS25955	30.0588591044292	1.00259332976813	0.435380844600095	2.30279614319972	0.0212903156376095	0.0851612625504382
PA14_RS12225	689.060074673204	-0.321693131505858	0.139767782055377	-2.30162578796879	0.021356284564445	0.0853545389699636
PA14_RS03380	153.575061263637	0.509745618426222	0.22161938004081	2.30009495709426	0.0214428409243987	0.0855590583419079
PA14_RS29525	194.601774661876	0.581018405184486	0.252581093330481	2.30032421478307	0.0214298588016655	0.0855590583419079
PA14_RS09505	111.202158048631	-0.613055730460984	0.266986564882298	-2.29620442036569	0.0216641959261026	0.0863365023188028
PA14_RS22960	80.7951542833058	0.644830905177048	0.280844367222917	2.29604357585431	0.0216733899534794	0.0863365023188028
PA14_RS09510	93.0178753335734	-0.558370049841889	0.24330313345951	-2.294956262595	0.0217356309537378	0.086513178018334
PA14_RS16770	261.053934713437	0.438195455757257	0.191099669103998	2.2930204840846	0.0218468256671977	0.0868842507619801
PA14_RS19160	113.130838750875	-0.613897558656752	0.26795564933838	-2.2910416711592	0.0219610036544113	0.0872665683424264
PA14_RS21320	324.064332917355	-0.482220675879567	0.210715942218669	-2.28848691182154	0.0221091814466152	0.0877832524432109
PA14_RS06400	913.638258605401	-0.303530409433803	0.132960114282846	-2.28286814486413	0.0224381364056	0.0889433013585915
PA14_RS06905	643.605444512577	-0.308857284414726	0.135285198599591	-2.28300869283463	0.022429856317601	0.0889433013585915
PA14_RS21785	133.933545308032	-0.473540373146712	0.207572501919177	-2.28132516960795	0.0225292124039205	0.08923118033199
PA14_RS24640	240.442521931584	-0.387710263501136	0.170056912434167	-2.27988535103639	0.02261448910073	0.0894956377177827
PA14_RS27850	514.425318330006	0.467174868595027	0.205019685774411	2.27868298027279	0.0226859171950101	0.0897049023344799
PA14_RS08990	84.2445868579217	-0.605067329705572	0.265772524334543	-2.2766361241463	0.0228079638218156	0.0901138178450164
PA14_RS05305	43.9398034385873	-0.839877480427634	0.369180857052578	-2.27497570468022	0.022907387310185	0.0904327551282078
PA14_RS22810	10.9089216368901	-1.58621898014545	0.697490813916879	-2.2741790264416	0.0229552247476437	0.0905476891350775
PA14_RS18705	23.2610450089268	-1.12235497274357	0.494001606180724	-2.27196624201456	0.0230885493561964	0.0909993681227107
PA14_RS28845	78.2322044872895	0.657927940120743	0.289811955008282	2.2701890958982	0.0231961123168343	0.0913488592542432
PA14_RS19095	84.300508238592	-0.563787622708459	0.248666705857264	-2.26724209324619	0.0233754407247846	0.0919801719650597
PA14_RS22320	177.517274825662	-0.454231710674959	0.200401536577894	-2.26660792342979	0.0234141876338975	0.0920577328435188
PA14_RS27365	442.657735745924	0.376988597960646	0.166505597639934	2.26411966506902	0.0235667557934911	0.0925823160173217
PA14_RS18470	79.7442951691582	-0.574315182269114	0.253930175852138	-2.26170513347548	0.0237156273615801	0.0930915372732153
PA14_RS16890	327.338288193254	-0.34935230331568	0.154496039217957	-2.26123792612461	0.0237445277521633	0.0931293886532535
PA14_RS02650	30.4351700335648	0.885066594209507	0.391671474575513	2.25971675667401	0.0238388356399225	0.0934235082290642
PA14_RS17855	1361.83783671066	-0.32671068416771	0.144608687918702	-2.25927424465248	0.0238663309749107	0.0934555276070186
PA14_RS09670	592.785722269865	-0.335457485448091	0.148516274670134	-2.25872542381748	0.0239004699813243	0.0935134893444048
PA14_RS28175	56.8639328014815	0.708157747002702	0.314030190018	2.2550626325517	0.0241293977161014	0.0943328757922929
PA14_RS20285	224.360648444045	-0.482201339436107	0.213888799506216	-2.25444876285863	0.0241679505559011	0.094407276969578
PA14_RS03610	2190.13693422868	-0.262404906188789	0.116563954835437	-2.25116680846362	0.0243749742793599	0.0951391247901409
PA14_RS21325	172.056562705698	-0.478148687564484	0.212440732851504	-2.25073921157441	0.024402059679861	0.0951680327514579
PA14_RS14425	416.411795208404	-0.379492900792193	0.168720756141375	-2.24923660533032	0.024497446709437	0.0952328394588725
PA14_RS24270	23.7349281963969	1.02440038141464	0.455381696409767	2.24954228395875	0.0244780157713514	0.0952328394588725
PA14_RS28650	33.4514627356393	0.963900044457855	0.428448145193122	2.24974726877013	0.024464993074717	0.0952328394588725
PA14_RS29450	77.542491484202	0.722096497794935	0.320913963925449	2.25012489005521	0.0244410184901503	0.0952328394588725
PA14_RS05360	64.417630331819	-0.867259433602593	0.386044876630115	-2.24652491485737	0.0246704055142168	0.0958281775636565
PA14_RS11115	1050.98115774534	-0.345898162572164	0.154099631215351	-2.24463978170576	0.0247912667335084	0.0962203578838254
PA14_RS23040	74.6822186950204	-0.668189728702581	0.297930920212649	-2.24276731070968	0.0249118234912866	0.0966107284714212
PA14_RS10020	206.118314188128	-0.47343688246954	0.211445476521046	-2.23904947156633	0.0251526974148505	0.0974667024825455
PA14_RS18050	507.318678859743	-0.378643197160683	0.169184474439842	-2.2380493151889	0.0252178393668378	0.0976408896541454
PA14_RS20485	108.301932241598	-0.529249272118871	0.236539732704646	-2.23746457336077	0.0252559922398807	0.0977103827776505
PA14_RS00620	1011.47197426201	0.374356491590387	0.167378282984651	2.23658938850936	0.0253131891021374	0.0978533832917158
PA14_RS05855	919.371013470571	0.282700616781428	0.126508643905183	2.23463478901339	0.025441334964919	0.0981917764488015
PA14_RS20385	409.181248625402	-0.340594307870633	0.152405751960573	-2.2347864400731	0.0254313724941723	0.0981917764488015
PA14_RS31325	69.8060611192451	0.647115136480747	0.289720698276993	2.23358268956697	0.0255105439586641	0.0983803752664271
PA14_RS17205	102.704083632493	-0.528668195514708	0.236768810719336	-2.23284559274738	0.0255591284946613	0.0984891995220575
PA14_RS14280	94.9884998782749	-0.603630917440061	0.270421064457867	-2.23218897037553	0.0256024760838713	0.0985587040844231
PA14_RS23420	340.468778171547	-0.396302444441322	0.177558425129769	-2.2319551671608	0.0256179261857154	0.0985587040844231
PA14_RS23800	58.5559291499556	-0.76236166955102	0.341663745806744	-2.23132152271794	0.0256598390097963	0.0986414796910771
PA14_RS11585	93.296504576592	-0.562285860905872	0.252156991238765	-2.22990391082772	0.0257538227134194	0.0987672376225981
PA14_RS25745	3335.3223715356	0.326271421426931	0.146305674847544	2.23006675419062	0.0257430115404327	0.0987672376225981
PA14_RS29310	141.991748972486	0.548028483517161	0.24572205822571	2.23027793057864	0.0257289973830147	0.0987672376225981
PA14_RS22050	920.877131580919	-0.274036144806613	0.122936972788481	-2.22907835284106	0.0258086919540651	0.0988992347780182
PA14_RS02185	224.141505159159	-0.42179670312312	0.189287021031904	-2.2283445575068	0.0258575471879505	0.0989167220804486
PA14_RS03470	259.229384154675	-0.455299224377584	0.20429294490761	-2.22865857939191	0.0258366301984266	0.0989167220804486
PA14_RS10040	15.675062100125	-1.39171356044833	0.62470821492341	-2.22778175026713	0.0258950724056757	0.0989167220804486
PA14_RS12360	423.968870610076	-0.334709997260778	0.150227873306191	-2.22801528035067	0.0258794960568119	0.0989167220804486
PA14_RS20000	74.6166924355446	-0.715211814245539	0.321312025643592	-2.2259105080582	0.0260201763761808	0.0993161586071115
PA14_RS03695	1109.91436182745	-0.317096140888955	0.14257305405836	-2.22409587129386	0.02614199462732	0.0997024337679177
PA14_RS24415	50.4234579210203	-0.733801954288978	0.330125766678247	-2.22279515371537	0.0262296160331117	0.0998790733355339
PA14_RS28535	338.752196305911	0.403008734107002	0.181299713464263	2.22288676802813	0.0262234362375369	0.0998790733355339
PA14_RS27835	372.750086281556	-0.341346615033215	0.153886014218322	-2.21817828453817	0.0265426787645625	0.100991655787116
PA14_RS01640	93.9317355746664	0.566375408739333	0.255552770311092	2.21627575412259	0.0266726224915115	0.101406291170558
PA14_RS18550	98.9118314864237	-0.61324553858968	0.276944307077284	-2.21432801801031	0.0268062225970249	0.101754232715238
PA14_RS27055	282.819538956925	0.38706782349671	0.174786238877603	2.21452115442429	0.0267929491274152	0.101754232715238
PA14_RS28035	164.319080188369	0.485663015495316	0.219455749039889	2.21303391512902	0.0268953075272548	0.102012319373964
PA14_RS16915	289.377017808305	-0.3832073926544	0.173244446424569	-2.21194618680749	0.0269703834134788	0.10221690767052
PA14_RS02850	594.917237671347	0.384800038038349	0.174234776688915	2.20851454199287	0.0272084252364095	0.103026770916
PA14_RS02855	507.26601833505	0.390369448562924	0.176802017282152	2.20794680153422	0.0272479818034666	0.103026770916
PA14_RS20640	119.43150365606	0.495358416254256	0.224332785303937	2.20814097940754	0.0272344471360033	0.103026770916
PA14_RS25040	193.299437501688	-0.399307908228024	0.180887226936096	-2.20749643295208	0.0272793959283684	0.103064967741867
PA14_RS10790	77.3160735829528	-0.651879202527799	0.295416292589553	-2.20664607497972	0.0273387953452031	0.103079351739215
PA14_RS20245	98.9432303156852	0.582344427929028	0.263955504535339	2.20622194999939	0.0273684631168634	0.103079351739215
PA14_RS25430	336.599362612284	0.376366798495382	0.170558913984023	2.2066674189227	0.0273373030584962	0.103079351739215
PA14_RS26565	36.8812649050393	0.830894524199921	0.376605923295466	2.20627046151911	0.0273650683035278	0.103079351739215
PA14_RS23710	196.901569971159	-0.424018871825499	0.192235563721094	-2.20572543195331	0.0274032301131368	0.10310388517994
PA14_RS28475	53.145440522279	0.712667370884948	0.323128935678626	2.20552012585386	0.0274176171094713	0.10310388517994
PA14_RS01935	410.03338696861	-0.437433425480059	0.198621987495122	-2.20234139732793	0.0276412020595318	0.10386391076915
PA14_RS06245	312.221805117561	-0.39325915413111	0.178870192378808	-2.19857288070822	0.0279083070607094	0.104704866521017
PA14_RS27800	187.314385346436	0.611321403180791	0.278046802948629	2.19862770115626	0.0279044056028558	0.104704866521017
PA14_RS05140	47.9842964941571	0.745745818960634	0.3393588065495	2.19751426681145	0.0279837386947789	0.10490648087438
PA14_RS13370	1157.40803257879	-0.268976698132993	0.122497144887013	-2.19577932515151	0.0281077421736201	0.105256642386295
PA14_RS25725	518.528486823852	-0.341583232589616	0.155576345543797	-2.19559876789531	0.0281206745167687	0.105256642386295
PA14_RS14600	11.6522056948046	-1.45993765552715	0.66517821431471	-2.19480678126422	0.0281774608479268	0.105275897625372
PA14_RS28405	219.748078585994	0.389295636458745	0.1773398827167	2.1951950711541	0.0281496076903527	0.105275897625372
PA14_RS28625	497.929517485437	0.311406179362774	0.141895494800408	2.19461639568474	0.0281911264319391	0.105275897625372
PA14_RS00995	62.3177907913359	-0.632628964457665	0.288414994443269	-2.19346766515672	0.0282737017946998	0.105421450947701
PA14_RS12680	125.092160703012	-0.508094782021395	0.231623712252211	-2.19362161620197	0.0282626230955443	0.105421450947701
PA14_RS02880	144.951306088009	0.483599692863792	0.221030996567174	2.18792703455427	0.0286749176872972	0.106726021933494
PA14_RS10845	60.1659154912613	-0.759207582888679	0.347030957576591	-2.18772292878545	0.0286897908423371	0.106726021933494
PA14_RS28080	391.045737398433	0.331989061551345	0.151709518870273	2.18832057489569	0.0286462592079822	0.106726021933494
PA14_RS02090	162.099352779289	0.435583935432331	0.199179716189511	2.18688902547633	0.0287506262813426	0.106870121980456
PA14_RS04325	418.949282367275	-0.386057761510457	0.176585304784328	-2.18623946076355	0.0287980906637201	0.10696433675096
PA14_RS18095	225.711567351219	-0.429266540783214	0.196462459078078	-2.18497998445909	0.0288903141886751	0.107224527564415
PA14_RS10500	63.3543022430598	-0.649854365959754	0.297689749657006	-2.18299208054193	0.0290363932261264	0.107684047271125
PA14_RS04655	176.850799933288	0.431959182222062	0.198023270371087	2.18135566296117	0.0291571202979809	0.108048914759414
PA14_RS25890	22.995099238667	1.10647817910122	0.507542520011411	2.18006991626306	0.0292522793465564	0.108318547411904
PA14_RS26220	473.960729831794	0.306034008379703	0.140425854380149	2.17932808549082	0.0293073042577542	0.108439268087605
PA14_RS31075	22.263484902562	1.10208701837728	0.505798274954931	2.17890624177293	0.0293386339968537	0.108472197254422
PA14_RS00625	62.2296671150949	0.644325735274004	0.295873883727865	2.1777039837238	0.0294280821413242	0.108719790095832
PA14_RS01850	32.8727516561962	0.995710197551799	0.457670651307989	2.1756042138733	0.0295848679854177	0.109215588990443
PA14_RS20050	106.42571062197	0.558047165491345	0.257316402086566	2.16871975888893	0.0301039663492572	0.111047125297489
PA14_RS06505	413.54177668325	-0.335269102251268	0.154946836426579	-2.16376861885873	0.0304821116874426	0.112321512060543
PA14_RS27285	713.375462627414	0.317515874396198	0.14675423626257	2.16358915750891	0.0304958944035346	0.112321512060543
PA14_RS06560	73.2355223530334	-0.640136358574801	0.295981677138003	-2.16275671103902	0.0305598967087155	0.112471583320661
PA14_RS11185	13.9214552811015	1.27148053731547	0.588000422843922	2.16238031116683	0.0305888739127938	0.112492619195643
PA14_RS28220	591.798264341701	0.308614635266981	0.142800027411724	2.16116649877928	0.0306824802573184	0.112751120459264
PA14_RS08665	277.990359982207	-0.396204843245012	0.183365552958803	-2.16073759139498	0.0307156153463716	0.112759286672646
PA14_RS10950	21.5033916799496	-1.11009549919564	0.513806019690498	-2.16053424182209	0.0307313357805102	0.112759286672646
PA14_RS12365	338.819292983658	-0.344644050662022	0.159557179474152	-2.16000340315525	0.0307724061179377	0.112824379064706
PA14_RS27045	317.540824304932	0.380910245101011	0.176447408140327	2.15877495235338	0.0308676306131187	0.113087773973517
PA14_RS23670	20.292208304418	-1.16403684744912	0.539422342531043	-2.15793220945818	0.0309331028107634	0.113190277882734
PA14_RS29735	11.5545251154184	1.48060971022734	0.686162390372835	2.15781239397693	0.0309424208769592	0.113190277882734
PA14_RS19915	86.113565961051	-0.550036480569311	0.254950842855847	-2.157421699054	0.0309728220142335	0.113215848269715
PA14_RS23325	367.420711050341	-0.32516322880955	0.150759903232369	-2.15682831998353	0.0310190436495017	0.113299165475068
PA14_RS24630	25.8213000910171	-0.979183415332824	0.454177390843228	-2.15594927240845	0.031087626428281	0.113463970873334
PA14_RS00680	58.1871357057374	0.633180148123127	0.293904019436723	2.1543773009183	0.0312105952035224	0.113826876624611
PA14_RS11690	642.644639829926	-0.323197220008156	0.150042082409186	-2.15404381769877	0.0312367358031014	0.1138363634844
PA14_RS01335	114.185646182067	0.517667850832815	0.240680313217971	2.15085248939323	0.0314878445671148	0.114665072535066
PA14_RS03950	43.735101317596	0.713170336949296	0.331740931992132	2.14978095306674	0.0315725454933197	0.114887005271403
PA14_RS17625	11.5820081860934	-1.45524493758288	0.677780078541313	-2.14707540639847	0.0317872788795915	0.115494576004286
PA14_RS28045	44.9122843134246	0.865073236442346	0.402896856568402	2.1471332484707	0.0317826750128083	0.115494576004286
PA14_RS02990	200.721048353164	-0.385645440626464	0.179735604408722	-2.1456263042324	0.0319028050876363	0.115827301354211
PA14_RS31710	45.1022274361754	-0.713481978246338	0.332667044917857	-2.14473296692948	0.0319742034662834	0.115999435831168
PA14_RS06890	293.407559475308	-0.35817930356202	0.167163803823024	-2.14268457267952	0.0321384349803648	0.116507849748909
PA14_RS06235	407.461436095861	-0.349626836919618	0.163337888375587	-2.14051277628659	0.0323133494038802	0.117054200537202
PA14_RS22100	169.774216606981	-0.513398980776082	0.240130674938103	-2.13799832490546	0.0325168791881369	0.117703314186999
PA14_RS26550	48.5187361178059	0.684157419991681	0.320049522675506	2.13766111654333	0.0325442575155865	0.117714307662959
PA14_RS03910	85.6631810066209	-0.587338138623924	0.27500032171769	-2.1357725509386	0.0326979575145899	0.118096190791043
PA14_RS22940	34.7978413539664	-0.860117591605136	0.402721320559469	-2.13576373460993	0.0326986764824661	0.118096190791043
PA14_RS02035	172.156304474667	0.495420672539422	0.232178935463078	2.13378819896522	0.0328601223441529	0.118502275657214
PA14_RS29280	133.21530853695	0.464207508887677	0.217530177191617	2.13399131504761	0.0328434917577227	0.118502275657214
PA14_RS09045	58.3247635349718	-0.6560438815468	0.307671351424275	-2.13228784061251	0.0329831910327945	0.118857460383453
PA14_RS23085	71.9567461923343	0.719676172480282	0.33805299999592	2.12888562588993	0.0332637243029111	0.119779129358807
PA14_RS01200	87.4313831296691	0.556338249676338	0.261704339498564	2.12582737734615	0.033517635563595	0.12045997677518
PA14_RS13225	116.335150830619	-0.484269011835122	0.227815330433747	-2.1257086207197	0.0335275286888734	0.12045997677518
PA14_RS16660	230.659114085907	-0.36634898289936	0.172335475067864	-2.12578972933516	0.0335207715939083	0.12045997677518
PA14_RS18440	106.500803978145	-0.503341073577643	0.2368852183449	-2.12483107681624	0.0336007107102858	0.120543795990313
PA14_RS27635	543.832070015095	0.327526008599341	0.154138871567127	2.1248761280616	0.0335969503759992	0.120543795990313
PA14_RS18070	78.3242371630125	-0.56776825499649	0.267274555661588	-2.12428846281714	0.0336460298649149	0.12061690172478
PA14_RS01380	141.637883393527	0.492209001503064	0.231906178273174	2.12244885051431	0.0338000636619302	0.120989717149589
PA14_RS10295	10.8029290798993	-1.47145584801996	0.69327810822894	-2.12246114590141	0.0337990321504353	0.120989717149589
PA14_RS24275	20.595784189581	1.08035553166151	0.509132530470986	2.12195345416665	0.0338416469335639	0.121048967877748
PA14_RS10420	1728.14614110073	-0.309411311419805	0.145853405795424	-2.12138557706214	0.0338893680006158	0.121130069217279
PA14_RS31485	15.9628171063415	-1.23301294394015	0.581511715245163	-2.12035787347864	0.0339758764790146	0.121349585415446
PA14_RS25640	1267.98479311124	0.305689394952129	0.144199033693649	2.11991292258979	0.0340133894038971	0.121393912293171
PA14_RS10280	62.2291198786253	-0.748124208059161	0.353429909317591	-2.11675409561022	0.0342807231058367	0.122257800103117
PA14_RS21175	640.839252904392	0.329317816765856	0.155722867467705	2.11476851230056	0.0344496818013001	0.122723419816824
PA14_RS21560	15.9085205971283	-1.14501156003304	0.541472973380114	-2.11462365865719	0.034462035589588	0.122723419816824
PA14_RS06375	51.6887246375129	-0.724338111609195	0.342662070891774	-2.11385552455255	0.0345276088856355	0.12286645810959
PA14_RS04835	163.163002420587	-0.537168406578255	0.254196100958206	-2.1132047444999	0.0345832473973457	0.122906396088627
PA14_RS23000	58.4471640001092	0.678465558196831	0.321071411017484	2.11312977398627	0.0345896619265138	0.122906396088627
PA14_RS29440	515.270140965004	0.318211068269948	0.150742105199896	2.11096340898235	0.0347754571002313	0.12347585208276
PA14_RS00155	22.703660251776	0.985290395029426	0.467121655389793	2.10928006368543	0.0349204145898782	0.12383777032519
PA14_RS03005	220.693476533112	-0.364010163485763	0.172607593078649	-2.10888847352098	0.0349542093659811	0.12383777032519
PA14_RS27060	1932.67330916717	0.32799820609551	0.155524523505425	2.10898062056476	0.0349462544365572	0.12383777032519
PA14_RS13765	44.2003992571426	-0.695522925232684	0.330484956207044	-2.10455245290182	0.0353302841751707	0.124987018486558
PA14_RS15770	19.1983897426186	-1.09994249613356	0.522627652021941	-2.1046389181248	0.0353227512048018	0.124987018486558
PA14_RS19925	43.2321425194074	0.72640597138078	0.345268365751521	2.10388799970036	0.035388218021496	0.125100454935639
PA14_RS20120	18.2749485013358	-1.14016643703651	0.542301173296526	-2.10245983814804	0.035513014213171	0.12544991726435
PA14_RS00690	17.2368390986557	1.21248236247831	0.577654975677685	2.09897328601015	0.0358192556927601	0.126439358051232
PA14_RS28910	59.1335323484893	0.64108520969482	0.305861337517289	2.09599949734929	0.0360822355341601	0.127274756413711
PA14_RS13515	50.9955764486893	-0.717063784762376	0.342438011590555	-2.09399587806202	0.0362603474380393	0.127623755611614
PA14_RS21165	72.4066140284756	0.567955036928412	0.271155816289776	2.09457073316641	0.0362091691475335	0.127623755611614
PA14_RS28185	181.984363209518	0.484251491797286	0.231251488898413	2.09404702259026	0.036255791637602	0.127623755611614
PA14_RS09300	63.1666160313791	-0.59657740689212	0.285147569712158	-2.0921707573883	0.0364232433818726	0.12810385817799
PA14_RS27070	728.040026847134	0.304787444474936	0.145767798184414	2.09091066937392	0.0365360724997468	0.128407301314517
PA14_RS20230	53.9918530915951	0.721351982779567	0.345288043677925	2.08913107762406	0.036695925513498	0.128781927273786
PA14_RS22400	15.5997045106351	1.22257912295311	0.585162430018545	2.08929873183137	0.0366808404850177	0.128781927273786
PA14_RS27250	382.469954805807	0.46824757954709	0.224193814471076	2.08858384720288	0.0367452004664974	0.128861341157347
PA14_RS05810	69.2768611026222	0.594513800305847	0.284756117654703	2.08779992227158	0.0368158865930993	0.129015672147991
PA14_RS26700	507.000175553499	0.311259128642827	0.149165514613662	2.08666949226828	0.0369180208138199	0.129279904891841
PA14_RS01385	70.9265284158537	0.590472164549069	0.283127884030858	2.08553165496307	0.0370210678623173	0.129546949480583
PA14_RS24575	947.080224644856	0.30582864557478	0.146894304466384	2.08196394465905	0.0373457631839681	0.130588655645459
PA14_RS17990	311.893908136943	-0.453590290854254	0.218109279922621	-2.07964691376348	0.0375579305941508	0.131140904226219
PA14_RS24165	24.3052090372765	-0.991560903990471	0.476760066768201	-2.07979017771336	0.0375447824217549	0.131140904226219
PA14_RS28790	89.6908030540574	0.534527288360692	0.257207759951231	2.07819269707121	0.0376916144650333	0.131512732722151
PA14_RS31680	80.2293525652382	0.713425258604439	0.343876242035222	2.07465701725147	0.0380183336856441	0.132557074047422
PA14_RS18335	93.3499973488528	-0.553775913489639	0.267130704015682	-2.07305227427967	0.0381674149172894	0.132977152424462
PA14_RS28290	273.3886279381	0.379855802693322	0.183260100926023	2.07276870837618	0.038193809908515	0.132977152424462
PA14_RS14040	47.2525728669052	-0.69246777451638	0.334154879061404	-2.07229586610086	0.0382378577131949	0.133034733741734
PA14_RS15560	13.8451271639576	-1.26543946831041	0.61090127519343	-2.0714303925945	0.0383185931099085	0.13321978165314
PA14_RS23425	91.4556501775601	0.506876715493545	0.244819990517821	2.07040574759212	0.0384143640650862	0.133456799295084
PA14_RS01510	24.2948564518464	0.974256801987002	0.470820738849823	2.06927333822854	0.0385204440917858	0.133680136144983
PA14_RS19860	10.7257930933736	-1.57723592273462	0.762292421129799	-2.06906940042378	0.0385395746821568	0.133680136144983
PA14_RS28375	243.372193079721	0.361542264271344	0.17475645637049	2.06883494767633	0.0385615777341296	0.133680136144983
PA14_RS28215	722.047552576556	0.283300428740445	0.13710499623292	2.06630273530777	0.0387999033133429	0.134409980245936
PA14_RS26855	13.6977639462297	-1.32440936789553	0.641256578587262	-2.06533455112977	0.0388913565509606	0.134627121651726
PA14_RS28095	66.9349316465498	0.575519925111004	0.278695384272925	2.06505007828691	0.0389182622144566	0.134627121651726
PA14_RS15995	88.2055723616735	-0.545735344358946	0.264368898730869	-2.06429480539809	0.0389897732445576	0.134662184500393
PA14_RS16625	208.375821802313	-0.406984330534375	0.19720456042775	-2.06376733708185	0.0390397813626037	0.134662184500393
PA14_RS16925	516.320682176106	-0.317782808253056	0.153979631650681	-2.06379769094383	0.0390369021027306	0.134662184500393
PA14_RS18400	42.1749175788607	0.730331756192391	0.353876478727326	2.06380418054046	0.0390362865459758	0.134662184500393
PA14_RS26610	301.114811240532	-0.347873786981867	0.16889226862288	-2.05973778325304	0.039423615288114	0.135889239866942
PA14_RS11110	216.69867879233	-0.394789842541789	0.191831840178744	-2.0579995592699	0.0395901757076949	0.136366160770949
PA14_RS31545	71.7275299550536	-0.57788619906716	0.280896034785646	-2.05729568061774	0.0396577925989445	0.136501839863698
PA14_RS25255	1127.82864992612	-0.30108739964683	0.146474702934159	-2.05555903931185	0.0398250393967281	0.136980007484052
PA14_RS01020	49.6793585871872	0.637883916756724	0.310530860048128	2.05417238292471	0.0399590103502388	0.137245578163178
PA14_RS20085	64.7463899841133	0.589376905487986	0.286897065062966	2.05431486501486	0.039945226928794	0.137245578163178
PA14_RS02110	37.2680080286563	0.789832045273477	0.385021077995797	2.05139949580137	0.0402280581235426	0.138071603325374
PA14_RS17755	307.644054284755	-0.374489392883956	0.182774782802755	-2.04891171058369	0.0404707490187797	0.138806058336751
PA14_RS22395	14.6718220985769	-1.236992989838	0.603953151928895	-2.04816050034232	0.0405442753945585	0.13895968519354
PA14_RS05435	62.5959245349402	-0.591866263879514	0.289088420776418	-2.04735375526253	0.0406233634485174	0.139132142802429
PA14_RS02430	156.630577006621	0.419492036202294	0.204930912400917	2.04699247803875	0.0406588230966075	0.139155037859302
PA14_RS21685	59.6632233711612	0.61356938976053	0.300082843598611	2.04466667405097	0.0408877313075556	0.139839511034893
PA14_RS19950	17.8743952924106	-1.09953149832488	0.538018397929004	-2.04366895733922	0.0409862619046057	0.140030427737532
PA14_RS21965	191.803352538909	-0.449343337018644	0.219887446448843	-2.04351519050081	0.0410014651936199	0.140030427737532
PA14_RS18025	2038.16829353091	-0.350020669286198	0.171402073217509	-2.04210289126445	0.04114132616137	0.140408929651648
PA14_RS00540	20.4059612144992	1.12544585862147	0.551919527535438	2.03914846725405	0.0414352122407693	0.141312190688547
PA14_RS31660	20.9399302482853	1.00998552737551	0.49549540509861	2.03833479984443	0.0415164619063328	0.14148950653913
PA14_RS21570	120.470200903562	-0.492345914534705	0.24176585163706	-2.03645763535628	0.0417044230206185	0.141930042032168
PA14_RS29465	175.834846639454	0.383179227956733	0.188144506926731	2.03662192543285	0.041687943883937	0.141930042032168
PA14_RS27215	1066.08603473441	0.295105479420496	0.145202811288525	2.03236753339511	0.0421164623199866	0.143231513206368
PA14_RS29140	11.2374314990504	1.37241122873773	0.676659214941635	2.02821626962711	0.0425381801224245	0.144564047134255
PA14_RS05705	23.5928596428729	0.952835310460088	0.470013276914567	2.02725190385054	0.0426366574813953	0.144796963188222
PA14_RS09055	158.099718985149	0.520006953112955	0.256741388773922	2.02541146792213	0.042825130861114	0.145334970417086
PA14_RS02015	143.352630823194	0.461947221803032	0.22824446888459	2.02391420068371	0.0429789805416059	0.145754803575881
PA14_RS01870	239.284629649308	0.402354949815339	0.19888668455556	2.02303613595077	0.0430694220374592	0.145959162560023
PA14_RS11930	15.2975399175145	-1.18202637859886	0.584369372566062	-2.02273841527386	0.0431001240410184	0.145960924273365
PA14_RS11360	63.6682532237676	0.653755207578157	0.323580241037182	2.02038049505945	0.0433439350303998	0.146595289164422
PA14_RS29375	80.0160794660501	0.601327163254071	0.2976365276415	2.02034060812039	0.0433480693765763	0.146595289164422
PA14_RS20280	83.0362998264795	0.534827282264226	0.26516991993751	2.01692289378171	0.04370356052697	0.147671089287041
PA14_RS22680	146.091991417809	-0.552039516265938	0.27373462967032	-2.01669593989917	0.0437272538997193	0.147671089287041
PA14_RS21420	489.473494155466	-0.296736228564733	0.147414677286936	-2.01293544188377	0.0441214214188745	0.148898251208428
PA14_RS08065	50.5139848995743	0.678735142345858	0.337570489963926	2.01064714637346	0.0443627404183251	0.149608237561381
PA14_RS01550	34.3526154908663	0.815384194066196	0.405679216672331	2.0099235074317	0.0444392853365377	0.149657648946724
PA14_RS22055	16.770111768363	-1.10393404983601	0.549184173508676	-2.01013449237457	0.0444169563175391	0.149657648946724
PA14_RS15810	26.3890757347363	-0.891728778833636	0.443750726129889	-2.00952635415547	0.0444813426717312	0.149695040473551
PA14_RS00370	32.9986537946989	0.832751135339708	0.414500957296285	2.00904514375936	0.0445323463959819	0.149762466739199
PA14_RS30445	21.3267755015974	-0.985661696939723	0.490785776740391	-2.00833386714282	0.0446078253115771	0.149912052263229
PA14_RS09850	145.000794761914	-0.4948392275477	0.246495190311388	-2.0075005395545	0.0446963932404499	0.150001219785438
PA14_RS11975	13.379122269422	-1.22131828127693	0.608355633891359	-2.00757289525659	0.044688697237669	0.150001219785438
PA14_RS23195	56.3902519207465	0.74050553328962	0.369113911162978	2.00617075351207	0.0448380330881861	0.150372210828341
PA14_RS26925	127.072396619113	0.440019297654184	0.219585940503878	2.0038591571231	0.0450851497342802	0.151096177487858
PA14_RS06225	87.8633191654326	0.553628681719111	0.276458305925428	2.00257568628973	0.0452228517591547	0.151452708523042
PA14_RS13960	34.3681169542844	-0.77996460205358	0.389617744393086	-2.00187135539359	0.0452985691194625	0.151601301219184
PA14_RS09640	115.580786706154	0.46136069861087	0.230553150773948	2.00110342045693	0.045381245821924	0.151772963205273
PA14_RS03510	96.4967844978963	0.503455745419861	0.251756341116573	1.9997738415921	0.0455246904420571	0.152055514976971
PA14_RS16885	179.662981476886	-0.418380143339308	0.209229819301136	-1.99962005767998	0.0455413063933323	0.152055514976971
PA14_RS21050	484.22059829776	-0.346720757030974	0.173408363794487	-1.99944656326892	0.0455600581475664	0.152055514976971
PA14_RS27065	1463.61441231431	0.285088001184962	0.142631069161407	1.99877910795399	0.0456322592332052	0.152191452173641
PA14_RS03810	138.227423429784	-0.461135563593365	0.230870274807212	-1.99737954129624	0.0457839685553032	0.152592192924498
PA14_RS13620	11.0857974685487	1.40612815849715	0.704272678714225	1.9965678081738	0.0458721528091964	0.152780806463687
PA14_RS30250	127.125183193004	-0.445207504607293	0.223042391399636	-1.99606676476846	0.045926656044277	0.152857060309789
PA14_RS10570	14.2757616271379	-1.24602792822761	0.625106790694243	-1.99330409903846	0.0462281578319173	0.153691689507066
PA14_RS12305	1353.44251168656	0.332877784510551	0.167020952218507	1.99303009645796	0.0462581515703543	0.153691689507066
PA14_RS15605	60.9682259797251	0.567669145996711	0.284846256265326	1.99289663638038	0.0462727667333102	0.153691689507066
PA14_RS29085	26.5686175147442	0.899068369957903	0.451734656042832	1.9902576832021	0.0465625569616067	0.154548061404482
PA14_RS21275	165.669989835119	0.409478658965654	0.205865929863568	1.98905500894211	0.046695131566686	0.154881794414605
PA14_RS10435	138.224100121727	-0.445521582644145	0.224124101954607	-1.98783432374613	0.0468300162682878	0.155222726986594
PA14_RS02155	91.5185511890275	0.521232569817636	0.262550474011902	1.98526615417197	0.0471148675505028	0.156059931146734
PA14_RS05870	462.765718632951	-0.311440505836952	0.157440935510936	-1.97814186524139	0.0479127048151174	0.158124573027291
PA14_RS06345	52.7199735992008	0.635284512165866	0.321172893858429	1.97801409868012	0.0479271161819237	0.158124573027291
PA14_RS06645	46.7287042886377	-0.699438701810355	0.353417586483464	-1.97907158149607	0.0478079475506881	0.158124573027291
PA14_RS07105	242.880168460291	-0.359637600486539	0.18180492364134	-1.97815104939634	0.04791166903316	0.158124573027291
PA14_RS23185	170.33603381128	-0.412333182696773	0.208409112155773	-1.97847962803363	0.0478746245638971	0.158124573027291
PA14_RS25730	914.943108270234	-0.265490051127578	0.134224869434378	-1.97794978118698	0.047934372220432	0.158124573027291
PA14_RS22140	576.339440245605	-0.304269276239033	0.154035582158065	-1.97531811790605	0.0482320584326142	0.158998114914875
PA14_RS22500	88.8245793830259	0.536634222675329	0.271713413781709	1.97500084816001	0.0482680517579431	0.159008377589518
PA14_RS05760	28.2700627391061	0.814736849634189	0.412620063507998	1.97454491841112	0.0483198151633563	0.159070541953704
PA14_RS27650	336.53923963059	0.3240705460459	0.164192494115693	1.9737232678709	0.0484132179510023	0.159269606810236
PA14_RS21295	153.767292399163	-0.480783724238315	0.243859957479164	-1.9715566639488	0.0486602384198647	0.159973428279039
PA14_RS17810	131.433522493208	-0.438356072022453	0.222447446634768	-1.97060509641264	0.0487690632472138	0.160222275722504
PA14_RS09410	104.193944327086	0.472557197783382	0.23985264540573	1.97019798128144	0.0488156848297377	0.160252516963277
PA14_RS24875	638.614503890036	0.313131724271002	0.158954459223301	1.96994614558823	0.0488445430115531	0.160252516963277
PA14_RS01815	196.867931747116	0.390741144718425	0.198384373729555	1.96961654475417	0.048882334039368	0.160267774518226
PA14_RS01880	144.250174897878	0.434164164583964	0.220519447545696	1.96882483343786	0.0489732095438373	0.160316350200285
PA14_RS03650	2288.63668224452	-0.288055749900069	0.146299188020387	-1.96894975151829	0.0489588615772656	0.160316350200285
PA14_RS10490	512.849276270166	-0.306518654697675	0.155702198309074	-1.96862123994695	0.048996601653437	0.160316350200285
PA14_RS06810	48.0767309962005	0.672014585962601	0.342876852281735	1.95992987421157	0.0500039872943417	0.163391407132052
PA14_RS11875	72.1791463846459	-0.62691859853338	0.319866121797143	-1.95994059955798	0.0500027335364624	0.163391407132052
PA14_RS06860	391.253778608951	-0.319672277499964	0.163251815837664	-1.958154498066	0.050211886519731	0.163959948149506
PA14_RS18085	1358.01391382172	0.24230995019526	0.123802600148541	1.95722828037967	0.0503206352778531	0.1642041782751
PA14_RS17330	222.883604756003	-0.397761599822616	0.203283822241703	-1.95668103559014	0.0503849809148837	0.16430328233606
PA14_RS13915	41.1561168947161	-0.745902965731504	0.381315745451901	-1.95612946653311	0.0504499047605297	0.164404137076766
PA14_RS24405	50.1778780006743	-0.794493674199008	0.406266512086931	-1.95559725097156	0.0505126169940019	0.164497653725921
PA14_RS02255	1056.77891528102	-0.261249493909544	0.133629068794033	-1.95503490570765	0.05057895043846	0.16460282928694
PA14_RS17375	83.5132391591335	-0.501291173847561	0.256457673430943	-1.95467410719744	0.0506215481380256	0.164630670339941
PA14_RS11920	24.3470269078175	-0.905200737710636	0.463824676754923	-1.9516010748797	0.0509855855377624	0.165703152997728
PA14_RS26625	519.73416224389	-0.282877777471503	0.145006772610656	-1.95079010710094	0.0510820191610599	0.165905066932764
PA14_RS14880	26.5356307581501	-0.88764362216804	0.455374603504765	-1.94926026909788	0.0512643507473231	0.166385503499365
PA14_RS15335	31.8453661731346	-0.889732070606342	0.456723481977803	-1.94807603662818	0.0514058656689394	0.166621157087796
PA14_RS29010	13.7924248308045	1.27738057518551	0.655711459911534	1.94808334653454	0.0514049911384605	0.166621157087796
PA14_RS17660	30.152432620153	-0.867763717566262	0.445627565291476	-1.94728465012858	0.051500617941662	0.166816469099717
PA14_RS30455	35.7486449170523	-0.737330744021318	0.378908606699293	-1.94593295318434	0.0516627939187796	0.167117907285096
PA14_RS21090	1141.38695128647	0.257544872340729	0.132349410547008	1.94594650082898	0.0516611663609268	0.167117907285096
PA14_RS02685	124.76953892777	-0.486220523827181	0.249983897320849	-1.94500737462752	0.0517740907376456	0.167365977812336
PA14_RS07375	103.519595579386	-0.530125732403389	0.272791538846471	-1.94333641961581	0.0519755238531351	0.167904898699907
PA14_RS11350	90.3466620782045	-0.520999112017059	0.268178021924603	-1.94273605375288	0.0520480576793425	0.168026973923431
PA14_RS15330	28.202851191726	-0.862514474339506	0.444298624722484	-1.9412944950668	0.0522225668776076	0.168365555613407
PA14_RS27875	101.861259151758	0.477743578945432	0.246089214429507	1.9413430208754	0.0522166845932647	0.168365555613407
PA14_RS22230	20.1290923071936	-1.04264423744006	0.537701894191016	-1.93907488276332	0.0524922206260434	0.169122171184241
PA14_RS05750	65.4035078845702	-0.551446134825182	0.284500393977949	-1.93829655950467	0.0525870519230281	0.169314902196913
PA14_RS29720	17.7188349164994	1.24918574099704	0.644878385926825	1.93708731484573	0.0527346709759029	0.169677224776758
PA14_RS18500	216.853289866327	-0.355360622317782	0.183547194177391	-1.93607221243785	0.052858857288117	0.169907582276559
PA14_RS18790	13.6045631936263	-1.17806886029273	0.608529306481481	-1.93592789656152	0.052876532532304	0.169907582276559
PA14_RS25880	169.68202288619	0.373678417064642	0.19339781552995	1.93217496299369	0.0533379143264196	0.171276330466511
PA14_RS24795	425.694553739246	-0.343850867876438	0.17805113628683	-1.93119165115866	0.0534593560924223	0.171552386239518
PA14_RS12300	1702.60407954452	0.225290743261349	0.116700638934797	1.93050136929603	0.053544745715965	0.171712460399474
PA14_RS13660	11.9839942176494	-1.29315115543419	0.67026750771482	-1.92930604654103	0.0536928795522572	0.171845642299613
PA14_RS16300	18.5032281020309	-1.02845432272322	0.532981199469065	-1.92962589252252	0.0536532082219911	0.171845642299613
PA14_RS24160	101.249359896946	-0.465465407106603	0.241256669357537	-1.92933695199445	0.0536890451997681	0.171845642299613
PA14_RS01015	17.8830396360543	0.995397631101687	0.51718951136699	1.92462841806428	0.0542758615390697	0.17359660476385
PA14_RS13570	173.628982681871	-0.420820462551111	0.218704287819759	-1.9241527760897	0.0543354364486212	0.173640207230854
PA14_RS31800	89.0055385305055	-0.572218794579146	0.297419305564795	-1.92394637426952	0.0543613055722733	0.173640207230854
PA14_RS16295	40.7710373417692	-0.709902181936365	0.36933390194984	-1.92211486188662	0.0545913064186206	0.174259774152112
PA14_RS11480	24.8615507276124	-0.921277754064074	0.479443386220967	-1.92155691483347	0.0546615343533469	0.174368852330334
PA14_RS28360	52.1299288902823	0.763996473490359	0.397993893859111	1.91961858028106	0.0549060953677484	0.175033538034562
PA14_RS18200	61.9249445841379	-0.607011636911791	0.316370290306985	-1.91867458958547	0.0550255292879593	0.175298721763222
PA14_RS17710	110.565408886942	0.464246841236481	0.242066275665299	1.91785014232378	0.0551300156594864	0.175515968222038
PA14_RS21715	43.9436304237311	-0.68177360019409	0.355596846834749	-1.91726559518938	0.0552041984369572	0.175636515553372
PA14_RS09210	75.4397560398908	0.531790762128231	0.277566216710137	1.91590593564051	0.0553770698378881	0.176070683587131
PA14_RS28295	223.00102150578	0.346693857409859	0.181084113555763	1.91454595658441	0.0555504329344878	0.176505843410764
PA14_RS21765	498.305342799844	-0.307361476753591	0.160569782871889	-1.9141925165261	0.0555955616061108	0.176533247489922
PA14_RS26155	29.9826382154934	-0.816866751494297	0.426982315646192	-1.9131161211163	0.055733188382765	0.176854133214601
PA14_RS09720	82.6083939849978	-0.477526342153582	0.25002628059437	-1.90990459490255	0.0561454983534826	0.178045659040945
PA14_RS10585	76.0989673878031	-1.81852251448493	0.953674695766888	-1.90685830562233	0.056538938632839	0.179175823871828
PA14_RS10085	1548.07080833514	-0.246806557997413	0.129507062608088	-1.90573821247337	0.0566841789003452	0.179518460485965
PA14_RS18185	45.7326473329155	0.645289556803207	0.338733797283243	1.90500493891853	0.0567794291006343	0.179702433986039
PA14_RS27165	630.244886760809	0.287859095583009	0.151155561543546	1.90438970715663	0.0568594487153085	0.179837994759472
PA14_RS22860	52.5915057973033	-0.601711915125613	0.316070189907012	-1.90372877398732	0.0569455169689648	0.179874931457814
PA14_RS28585	78.6038374372246	0.547755853721381	0.287689138237147	1.90398517329444	0.0569121151957374	0.179874931457814
PA14_RS14115	21.3017000761922	-1.0324226131609	0.542461722198683	-1.90321744541962	0.0570121777046663	0.179887252674382
PA14_RS20320	46.5593250143976	0.662793622538036	0.348265348380807	1.90312824867466	0.057023812727425	0.179887252674382
PA14_RS17975	29.4903298961215	0.828156265584932	0.435391723514774	1.90209464456398	0.0571587824823363	0.180195483757874
PA14_RS22215	232.78037660708	-0.379569537646802	0.199684135393163	-1.90084974401927	0.0573216963244983	0.180591350765651
PA14_RS09885	33.3614594452516	-0.769008560679312	0.404701903890146	-1.90018518145656	0.0574088222425411	0.18074808877925
PA14_RS17550	17.3854615431062	-0.996650979668271	0.525908578636011	-1.8951031037622	0.0580787435489618	0.182738323879492
PA14_RS00825	169.981319864864	-0.392395263644949	0.207121013517499	-1.8945217435014	0.0581557910600258	0.182745381477344
PA14_RS14740	28.5151927759202	-0.828784591627187	0.437465098235837	-1.89451591674266	0.0581565637083606	0.182745381477344
PA14_RS07395	11.2944818942301	-1.31418934331505	0.694236967114513	-1.89299822044521	0.0583581061219556	0.183259611172583
PA14_RS13575	343.232356532512	0.313239583771692	0.165737848603764	1.88997013301751	0.0587619546689481	0.184408055015596
PA14_RS23520	459.101368757787	-0.306090900565919	0.162148286503243	-1.8877220793807	0.059063270640074	0.185233447999609
PA14_RS17700	39.2999806430204	-0.672601904472078	0.356463008201757	-1.88687714852978	0.0591768513401233	0.185469379832039
PA14_RS31160	304.483036425518	-0.416493673051079	0.220827904357041	-1.88605545238377	0.0592874825064546	0.185695767746901
PA14_RS10910	47.1165238579426	-0.67526228396133	0.358542160135183	-1.88335531784249	0.0596522313836653	0.186717275709648
PA14_RS29225	66.3579614063631	0.555904564097097	0.295303642290793	1.88248461747615	0.0597702465131276	0.186965661149732
PA14_RS05785	446.72508991273	0.291379269761262	0.154855881731593	1.88161577398979	0.0598882029360484	0.187092602970756
PA14_RS10895	29.9960821093293	-0.752812906949717	0.400054333771665	-1.88177665731623	0.0598663464494295	0.187092602970756
PA14_RS26350	102.785092500347	0.470161281901288	0.250189813788586	1.87921832140848	0.0602146889613345	0.187991114149137
PA14_RS09095	96.5308263530653	-0.479724332999632	0.255357313164659	-1.87863949167689	0.0602937349743256	0.188116453119896
PA14_RS04115	57.3761527712373	0.620085552039533	0.330214127991085	1.87782865564211	0.0604046088118429	0.188340869254721
PA14_RS05710	11.4858556252469	1.33767146180023	0.712870845945954	1.87645696188514	0.0605925591665273	0.188486125552433
PA14_RS06130	28.97264282885	-0.825789714855784	0.440012591069591	-1.87674110154084	0.0605535864215278	0.188486125552433
PA14_RS10220	180.630757801479	0.364844244584441	0.194443493776726	1.87635100304967	0.0606070978564998	0.188486125552433
PA14_RS16865	13414.2061005127	-0.213250193264866	0.113608716574478	-1.87705837804325	0.0605100931615793	0.188486125552433
PA14_RS23970	270.949901486561	-0.309683582538813	0.165129495061333	-1.87539834978475	0.0607379419965034	0.188771650061112
PA14_RS08335	82.6593422887902	0.470494758617826	0.251064059690612	1.87400283098114	0.0609300349191272	0.189125576937676
PA14_RS13595	293.764098809456	-0.341072950281116	0.181980667350905	-1.87422628593531	0.0608992425836804	0.189125576937676
PA14_RS17645	28.7006045226986	-0.81967730611659	0.43748658987998	-1.8736055574674	0.0609848114908752	0.189174181122433
PA14_RS29980	164.881886204088	0.367357660082459	0.196174517814366	1.87260641277619	0.0611227551507679	0.189480540967381
PA14_RS08450	552.193502310446	-0.31721644479701	0.16953420169097	-1.8711058985917	0.0613304041740678	0.19000245649314
PA14_RS18925	20.257191038593	-0.939349341234614	0.502609387375009	-1.86894507908135	0.0616304557262064	0.190809784821981
PA14_RS06675	155.979749694738	0.376548762566459	0.201628710897484	1.86753543625	0.0618268530291858	0.191295368681473
PA14_RS21425	115.56349962185	0.41260995476695	0.221025933874679	1.86679430568947	0.061930318007471	0.191492978186784
PA14_RS05245	245.087502417964	0.332836962298893	0.178405508214423	1.86562043756441	0.0620944881718267	0.191762815016214
PA14_RS10470	39.2382024286375	-0.726185984157291	0.389249952337543	-1.86560327058838	0.0620968917112056	0.191762815016214
PA14_RS26535	24.0945634327491	-0.854880631797294	0.458541237632731	-1.8643484198078	0.0622727912980488	0.192183292097871
PA14_RS06870	186.165064464233	-0.410255996844594	0.220208637882785	-1.86303317067412	0.0624575994956309	0.192529030738571
PA14_RS18150	30.268044674797	-0.771947823987643	0.414360835508689	-1.8629845242009	0.0624644435957028	0.192529030738571
PA14_RS00805	265.754221735018	0.36896290303277	0.198092974566154	1.8625743989197	0.062522169018549	0.192584209792167
PA14_RS02400	3633.18195637269	0.381416130273696	0.205135531339765	1.85933722833203	0.0629793532329178	0.193253903702024
PA14_RS08040	49.1717647329766	-0.635406945410445	0.341613987337619	-1.86001442845626	0.0628834846395516	0.193253903702024
PA14_RS09630	66.5158984503676	0.581578977987358	0.31277910430979	1.859392043694	0.0629715887434593	0.193253903702024
PA14_RS16045	40.6833799523083	-0.653578823843962	0.35138359943451	-1.86001516546527	0.0628833803698069	0.193253903702024
PA14_RS17425	96.4711160676054	-0.452860967742589	0.243549065794631	-1.85942395740683	0.0629670685925603	0.193253903702024
PA14_RS28195	222.265027213961	0.36307421869229	0.195218419388778	1.85983586912066	0.0629087508722767	0.193253903702024
PA14_RS11380	71.3683439528687	-0.523343677636349	0.281549675811424	-1.85879694632244	0.0630559254801065	0.193366173507797
PA14_RS13025	10.9948797210211	-1.22387553946712	0.659116319376264	-1.85684302374017	0.0633334906357189	0.194094271682089
PA14_RS01995	258.5765038653	0.312070576907897	0.168112105221268	1.85632424564045	0.063407355223106	0.194183234548423
PA14_RS21020	185.068820537999	0.448347381711095	0.24155667790881	1.85607529293953	0.063442826837574	0.194183234548423
PA14_RS28240	75.9411499855378	0.513406549986319	0.276854416368647	1.85442788567508	0.0636779683867715	0.194779668006595
PA14_RS05300	179.055361592932	-0.418696855627654	0.225888977877404	-1.85355150818776	0.0638033505961188	0.194916616224151
PA14_RS11060	24.8360060301377	-0.917259545739835	0.49481130828283	-1.85375623067923	0.0637740429723327	0.194916616224151
PA14_RS27985	51.557761152194	0.589136763675815	0.318041521058227	1.85238946699653	0.0639699167174462	0.195302094220688
PA14_RS27805	901.060114393025	0.248531896005508	0.134371445641299	1.84958861474898	0.0643728650109062	0.196408312424443
PA14_RS21975	233.089565015152	-0.352763230922103	0.190811646479478	-1.84875104549786	0.0644937691673161	0.196653132215095
PA14_RS03655	3041.77088030955	-0.212544180044596	0.115012536551851	-1.8480088033601	0.0646010693177313	0.19679025267765
PA14_RS08675	83.7367741679661	0.544945357162469	0.2949932073372	1.84731493338948	0.0647015098754061	0.19679025267765
PA14_RS25990	94.9308726874001	-0.455912554342157	0.246760775777584	-1.84758924065424	0.0646617873693472	0.19679025267765
PA14_RS28385	1496.53619024866	0.255915687870331	0.138523312115734	1.8474557383996	0.0646811173509389	0.19679025267765
PA14_RS23910	608.424186590201	-0.264083679103572	0.143097009577511	-1.84548705722971	0.0649667195315455	0.197472693686081
PA14_RS17020	148.278479712481	-0.37254659466077	0.202015367259719	-1.84414977788204	0.0651613151825297	0.197939774009242
PA14_RS10520	146.582816604124	-0.389907358985697	0.21146678547445	-1.84382317114669	0.065208914689428	0.197960019735137
PA14_RS11815	14.4237245845759	-1.10236578670859	0.597970767946492	-1.84351116442406	0.065254413176705	0.197973865823429
PA14_RS20200	410.985784103876	0.270826358029946	0.147130442139429	1.84072279055137	0.0656621923585454	0.199086120530361
PA14_RS01070	41.4535338062385	0.691518343614944	0.375737178943645	1.8404309777358	0.0657049889977715	0.199091056887984
PA14_RS07500	234.997466552654	0.338167217472463	0.183786692650335	1.83999838397356	0.0657684745733799	0.19915863684212
PA14_RS21025	114.888086373277	-0.434433597585946	0.236479279444176	-1.83708948457152	0.0661966862580668	0.200329896585739
PA14_RS16350	477.285339968788	-0.345042921386038	0.188038898195666	-1.83495502631057	0.0665123534244987	0.201033588225547
PA14_RS27095	537.63669605829	-0.290549843569518	0.158324293669498	-1.83515641747337	0.0664825166104863	0.201033588225547
PA14_RS00645	21.3680565677302	0.855015814905835	0.466266766680884	1.83374813734261	0.0666913894695867	0.201448819159851
PA14_RS21345	23.0376040881728	-0.872645554662886	0.475960410820621	-1.83344146871023	0.0667369454312581	0.201460591826195
PA14_RS01740	43.1335887169417	0.73878476923006	0.403242100561217	1.83211219315108	0.06693470712631	0.201805638193787
PA14_RS04865	96.8354261182616	0.445392892486711	0.243097508258697	1.83215737453276	0.0669279773977722	0.201805638193787
PA14_RS25230	684.819252500209	-0.318449568206587	0.173911137890703	-1.83110508084147	0.0670848603197782	0.202132326795294
PA14_RS18445	14.6289973660162	-1.02642648734315	0.56067203950409	-1.83070746358426	0.067144218482761	0.202185205842237
PA14_RS02130	328.018259072016	0.29256319858824	0.159868705855755	1.83002168574637	0.0672466961791922	0.202356712962422
PA14_RS25025	26.1217000906382	0.814195240641524	0.445040223594572	1.82948685866033	0.0673267061944865	0.202356712962422
PA14_RS26315	137.427192875126	0.400482029859014	0.218901670638836	1.82950650257834	0.0673237660833864	0.202356712962422
PA14_RS27720	342.474313505924	0.283825693198189	0.155282096638337	1.82780693552354	0.0675785319760189	0.202987441388837
PA14_RS05895	425.157079463451	-0.294520034695044	0.161226100053716	-1.82675159044918	0.067737127499019	0.20333752239929
PA14_RS08120	23.0005642610603	-0.825452329632205	0.451973624835439	-1.82632853838041	0.0678007889762632	0.20340236692879
PA14_RS27330	146.616265862187	0.385743686517167	0.211314376037661	1.82544933170292	0.067933250672549	0.203673403752292
PA14_RS00960	15.6073735537984	1.08921977988248	0.597206249026101	1.82385864457838	0.0681734452082373	0.204140421688567
PA14_RS01065	15.309969896012	1.10245081752187	0.604416954496265	1.82399055704962	0.068153499843342	0.204140421688567
PA14_RS03110	80.4182998643497	0.484656858737051	0.266156895314471	1.82094421474377	0.0686153371895444	0.20519780310793
PA14_RS09435	440.6420068533	-0.297477783750883	0.163358449527982	-1.82101253170824	0.0686049519487141	0.20519780310793
PA14_RS15650	30.7059876699087	-0.813087226813007	0.446581693113662	-1.82069090460021	0.0686538555476904	0.20519780310793
PA14_RS05545	37.1745357568133	-0.696110032897192	0.382704732973174	-1.81892193359936	0.0689233410376576	0.205876020542379
PA14_RS07570	71.3164244025012	-0.528927546544497	0.290838139309593	-1.81863199854081	0.0689675926050062	0.205881035702352
PA14_RS29195	11.1374287061857	1.24525458531256	0.684976789571972	1.8179515047374	0.0690715451982404	0.206064153348976
PA14_RS14520	134.539886412282	-0.513117614177323	0.282489321706424	-1.81641419604023	0.0693068591730713	0.20663869972933
PA14_RS16745	101.107425154001	-0.441941014356288	0.243681286028113	-1.81360260182352	0.06973892959872	0.207798806863469
PA14_RS15610	137.719956693395	0.420700422453038	0.23211235274384	1.81248614078426	0.0699111134821125	0.208183586699197
PA14_RS12560	34.0869322715833	0.738018896629474	0.407572756520142	1.8107660161849	0.0701770789321421	0.208846986902055
PA14_RS21990	41.1068861645389	-0.673544219149139	0.372111246622588	-1.81006144066448	0.0702862597386421	0.209043266971755
PA14_RS15550	11.4775149497305	1.16193778034763	0.642310987769682	1.80899564614685	0.0704516797571676	0.209406467919891
PA14_RS11160	78.5750467503402	-0.499416722094512	0.27635032731307	-1.80718701132109	0.07073312542793	0.210113878728175
PA14_RS04165	60.0325003807997	0.576914164872554	0.319311664563736	1.80674315691151	0.070802335324101	0.21019035827339
PA14_RS18510	357.048269403912	-0.276595993281498	0.15331422466104	-1.80411174431479	0.0712137909789045	0.211282143051523
PA14_RS24770	34.6289100434272	0.738885067511628	0.410149306317065	1.80150266288744	0.0716236879645979	0.212367967502634
PA14_RS03590	390.532957908868	-0.281862498950497	0.156545580815873	-1.80051393007395	0.0717795260312157	0.212578184286021
PA14_RS21985	29.4439101600695	-0.740788166232668	0.411435819928767	-1.80049507201615	0.0717825010213135	0.212578184286021
PA14_RS22300	39.729028824577	-0.631242611191324	0.350705077919881	-1.79992435506032	0.0718725833989785	0.212714696032717
PA14_RS27345	210.306900125107	-0.344029504552969	0.191232298570998	-1.79901359301626	0.0720165305305909	0.213010361862959
PA14_RS16415	189.983975595913	-0.332265158056408	0.184878782351156	-1.79720546528324	0.0723030072285607	0.21372698224775
PA14_RS00675	43.1074861267845	0.762814471863889	0.424904864272351	1.79525944747705	0.0726123728730549	0.214379386577591
PA14_RS22845	127.68232911722	-0.407708141431183	0.227076236063522	-1.79546811458127	0.0725791485151874	0.214379386577591
PA14_RS28765	298.456694033003	0.759702218414312	0.423261971714889	1.79487473286651	0.072673660471915	0.214429421624272
PA14_RS29555	173.839687843107	0.359546347797576	0.200403156894066	1.79411518945101	0.0727947851123404	0.214655841953218
PA14_RS06585	165.640949740274	-0.389564459985143	0.217318277361073	-1.79259869310432	0.0730371155448429	0.215239177803084
PA14_RS23595	460.870444667981	-0.302825614051666	0.169033416157118	-1.79151330509813	0.0732109614345453	0.215620103226225
PA14_RS06055	164.637740113264	0.405305284768634	0.226331155288696	1.79076223179106	0.0733314584164395	0.215843537980464
PA14_RS09270	58.2386094043938	0.531762361316799	0.297002414502507	1.79043110544244	0.0733846335282098	0.21586866650999
PA14_RS18155	110.597083610435	-0.463101793932458	0.258889526879412	-1.78880080439934	0.0736469013557137	0.216508458939958
PA14_RS01075	26.0994425422324	0.863465526004782	0.483435166447101	1.78610408578802	0.0740824067464417	0.217599552527803
PA14_RS02105	255.293330278725	-0.331889352919405	0.185851214636605	-1.78577984313069	0.0741349116457077	0.217599552527803
PA14_RS27395	28.6470052220731	0.744863482046784	0.417134365537621	1.78566798515095	0.0741530319615011	0.217599552527803
PA14_RS22110	284.175369552225	-0.290787215406599	0.162899351490831	-1.78507288546797	0.0742494953757921	0.217750490986859
PA14_RS26545	42.9940390914958	-0.606311776002478	0.339884845661102	-1.7838741083709	0.0744441239856851	0.218188959754408
PA14_RS09345	182.391621931705	0.396555361528075	0.22245172202154	1.78265808834546	0.0746419777756846	0.218371811568791
PA14_RS10210	609.213663130245	0.261568036223071	0.146728341561987	1.78266879757901	0.0746402334457508	0.218371811568791
PA14_RS27115	16.5747543386794	0.99859857924618	0.560085493568011	1.78293955246838	0.0745961436998976	0.218371811568791
PA14_RS13375	23.3817619528061	-0.798193837358056	0.44790623110371	-1.78205566685505	0.0747401543868226	0.21852683592181
PA14_RS06100	1076.65048689558	0.236006937444897	0.132490441594391	1.78131293552038	0.0748613424532274	0.21874891365789
PA14_RS24895	752.444021134241	-0.24267704516194	0.136258655881431	-1.78100278174703	0.0749119963019761	0.218764742823887
PA14_RS06655	10.7485128539169	1.22050078034503	0.68556394962404	1.78028728175445	0.0750289574624271	0.218974072594024
PA14_RS00810	108.491142912204	0.415917110419613	0.233908247510507	1.77812075822991	0.0753840238211356	0.21987764728529
PA14_RS31755	51.7751629654273	-0.577099115235538	0.324756286340067	-1.77702215325628	0.0755645950038279	0.220271477660345
PA14_RS04210	136.775321797523	-0.398532051445352	0.224403096350251	-1.7759650286791	0.0757386814245093	0.220513102570095
PA14_RS25760	879.661719766781	0.269359529463775	0.151663703093685	1.77603160129479	0.0757277086522238	0.220513102570095
PA14_RS25215	433.059981740701	0.288204499243972	0.162319001060728	1.77554382025889	0.0758081368055031	0.220582520813125
PA14_RS26465	56.5132332645482	0.630622396544126	0.35547055539435	1.77404959981715	0.0760549463767216	0.22116760112918
PA14_RS21565	21.9520204193595	-0.899359393222855	0.507090239198907	-1.7735687333356	0.0761345133290388	0.221265929362519
PA14_RS10045	349.924031711607	-0.307428849111542	0.173376633683403	-1.77318501680524	0.0761980539859795	0.221317591036755
PA14_RS23685	236.236438311836	0.31119163486692	0.175649821890255	1.7716592679573	0.0764511349228172	0.221919380844384
PA14_RS20545	21.724686361032	0.846948172961652	0.47832795298216	1.77064327451764	0.076620040948219	0.222276255564239
PA14_RS27200	75.1144539114857	-0.524723835886954	0.296414374766331	-1.77023748021871	0.0766875880713948	0.222338834480375
PA14_RS26945	75.6376941898865	0.509458589710207	0.28785408294308	1.76985014247982	0.076752108257415	0.222392567724901
PA14_RS16920	616.663492582611	-0.275282830748652	0.155604201182073	-1.76912209733041	0.07687350101202	0.222610928679119
PA14_RS09730	50.6797274174381	-0.6520959802878	0.369112018704976	-1.76666146655335	0.0772849403188518	0.223612992316872
PA14_RS21460	625.745302014256	0.243336764998314	0.1377507949033	1.76649989692716	0.0773120188490095	0.223612992316872
PA14_RS22370	72.3596194597517	-0.531011653234942	0.300704069038315	-1.76589447204082	0.0774135548002819	0.223639158311925
PA14_RS25000	126.843780645575	-0.399020152560416	0.22595303925209	-1.765942843173	0.077405438475099	0.223639158311925
PA14_RS11680	3737.98685690559	0.249118482433248	0.141148994239862	1.76493274907724	0.0775750689172316	0.223971960169392
PA14_RS01785	152.464604190216	0.376259922734193	0.213988141150323	1.75832137571529	0.0786928426037918	0.226388213463377
PA14_RS04000	17.1981899569933	1.18729684206258	0.675082801366527	1.75874254189147	0.0786212480639893	0.226388213463377
PA14_RS04250	587.690849816014	0.242585021720577	0.13793990452581	1.75862831393497	0.0786406605700668	0.226388213463377
PA14_RS16110	30.4584947314376	-0.699694798505444	0.397872583309581	-1.75859013125571	0.078647150407223	0.226388213463377
PA14_RS21450	146.757277535697	-0.380594554425295	0.216378933186354	-1.75892610625597	0.0785900603284218	0.226388213463377
PA14_RS26820	236.976678920905	0.306658514929149	0.174322126571201	1.75914854276343	0.0785522816757756	0.226388213463377
PA14_RS06740	171.790788927625	0.369137211994332	0.209989147884759	1.7578870894648	0.0787667229836956	0.226427987322452
PA14_RS27090	413.941305286951	0.291455755153883	0.165817518761411	1.7576897624023	0.0788003107245011	0.226427987322452
PA14_RS05620	1029.57322485597	-0.231982461082871	0.132070763391274	-1.75650125073933	0.0790028580490146	0.226808939349026
PA14_RS13485	39.8435846051999	-0.769543937919271	0.43814664634146	-1.75636158428917	0.0790266879245467	0.226808939349026
PA14_RS06960	212.915296182713	-0.339761287655181	0.193529721809664	-1.75560262515819	0.0791562836824774	0.226911551801103
PA14_RS07210	207.097071173387	-0.33828926352784	0.192684598674283	-1.75566322298384	0.079145929980055	0.226911551801103
PA14_RS04830	66.1210426183782	0.480645284518661	0.2741657387601	1.75311943312959	0.0795815084911933	0.227995364374058
PA14_RS09250	104.093342894939	0.450566033811115	0.257178099523855	1.75196112983688	0.0797804919259203	0.22843011187315
PA14_RS05270	56.8777129027163	-0.521149045553348	0.297734505264801	-1.75038175400545	0.0800524623042635	0.228966150271514
PA14_RS08830	89.3848423812473	-0.462517678518895	0.264288316415641	-1.75004966088438	0.0801097448840781	0.228966150271514
PA14_RS09285	484.110137798482	0.258472193533542	0.147687274443731	1.75013178696057	0.0800955758985531	0.228966150271514
PA14_RS02180	818.991197567281	-0.277118840086068	0.15839788458677	-1.74951099131796	0.0802027305555494	0.229096517995651
PA14_RS10190	176.8597043326	-0.378810528125635	0.216639712618961	-1.74857381200421	0.0803647163585015	0.229423712107269
PA14_RS00525	57.1425514120968	0.555386918826978	0.317734781204814	1.74795757871082	0.0804713733314076	0.229592661611025
PA14_RS01630	24.9809660495544	0.750725228764521	0.429821284031946	1.74659854375365	0.080706999997765	0.229977814493259
PA14_RS02190	998.570460509118	-0.278675179613724	0.159575200786287	-1.74635644035281	0.0807490341210822	0.229977814493259
PA14_RS13600	144.402485992772	-0.368261983753633	0.210829980894739	-1.74672493063259	0.0806850636997779	0.229977814493259
PA14_RS00600	16.2843798521023	0.982657620614554	0.56305796726737	1.74521572864617	0.0809473243743015	0.23031394923477
PA14_RS23715	446.840189009064	-0.294340993405904	0.168664257252927	-1.74512963327205	0.0809623063893938	0.23031394923477
PA14_RS05875	618.751314247212	-0.270072349051051	0.154818675066486	-1.74444296810491	0.0810818780496818	0.230518496324669
PA14_RS25690	371.874158627872	-0.277763508914613	0.159517517775444	-1.74127276294272	0.0816357781330761	0.231956887809375
PA14_RS17520	293.392560716238	-0.326026511914183	0.187368180981809	-1.74003136608257	0.0818535104703084	0.232438976297364
PA14_RS09445	8819.31403945922	-0.195193132828164	0.112295218155421	-1.73821411129019	0.0821730935471228	0.233209554221764
PA14_RS00770	15.8257151098014	0.996159343879568	0.574026434619064	1.73538931972818	0.0826718705340118	0.234487487332833
PA14_RS12255	75.893407528191	-0.496261120483528	0.286107585086506	-1.73452626337565	0.082824749942052	0.234783406049099
PA14_RS06940	2216.50350748806	0.227185380800487	0.131105746130297	1.73284076027227	0.083123975900267	0.235493583745572
PA14_RS15985	41.1683144137411	-0.630068439081422	0.363778956406967	-1.7320090345648	0.0832719538686466	0.23567590326054
PA14_RS16830	27.0797420440227	-0.730609992668702	0.421913641009652	-1.73165767032403	0.0833345315499428	0.23567590326054
PA14_RS18845	46.1824661270193	-0.556196799160665	0.321173032438186	-1.73176681410109	0.0833150890561542	0.23567590326054
PA14_RS24830	59.5635147308025	-0.561039353791371	0.324076425146193	-1.73119458948081	0.0834170640445477	0.235771432916091
PA14_RS10365	3189.81202428808	-0.221723595696805	0.128123470049492	-1.7305462895374	0.0835327183837392	0.235822665559698
PA14_RS26985	505.906139781574	-0.293322702945343	0.169484626299579	-1.73067439418882	0.0835098546931122	0.235822665559698
PA14_RS25085	1047.21482793179	-0.228493553175385	0.132135189915682	-1.72924073686345	0.0837660182814098	0.236343328126545
PA14_RS01925	179.982340760283	0.385811361627334	0.223192661453754	1.72860236136068	0.083880286729979	0.236527735642087
PA14_RS20955	104.614337968753	-0.43159849366546	0.249720837304253	-1.72832390890798	0.0839301688971424	0.236530475982856
PA14_RS10450	194.918796078286	-0.36408564600189	0.210748655293321	-1.72758229700282	0.0840631389315091	0.23663889392412
PA14_RS20565	44.1463753898171	0.651886886888765	0.377344667253308	1.72756353398035	0.0840665053270551	0.23663889392412
PA14_RS11900	66.5812982534626	0.511414074602345	0.29616214340718	1.72680434007808	0.0842028087885189	0.236884690693006
PA14_RS01835	73.6445402362331	0.484020186018863	0.280616611642554	1.72484509447146	0.0845553925692947	0.237539882563162
PA14_RS02070	260.460135933747	0.317597191584381	0.184157359977297	1.72459678843971	0.0846001626230934	0.237539882563162
PA14_RS18990	25.1710205188008	0.831712147297579	0.482314339466692	1.72441928269689	0.0846321790025493	0.237539882563162
PA14_RS24505	49.3967797068987	-0.563591510680991	0.326814434225507	-1.72450005770585	0.0846176085498058	0.237539882563162
PA14_RS19340	58.9241378284254	0.499386943615038	0.289729964400015	1.72362891304388	0.0847748555132691	0.237802320917732
PA14_RS04560	3233.26287364043	-0.312165128024958	0.181352215160958	-1.72131963068606	0.0851928391827037	0.238459565366248
PA14_RS05185	76.4519686911095	-0.480901560464549	0.279396758879688	-1.72121381218897	0.0852120323514249	0.238459565366248
PA14_RS06660	117.765027847415	-0.416163287069451	0.241818588802154	-1.72097310273338	0.0852557048218037	0.238459565366248
PA14_RS08880	12.3352900658067	1.14527940167562	0.665345918876174	1.72132926524912	0.0851910918566119	0.238459565366248
PA14_RS30650	120.942953764944	-0.508256154539573	0.295171315031865	-1.7219022603355	0.0850872254628048	0.238459565366248
PA14_RS01315	137.02793469477	0.364836994893019	0.212285989662375	1.71861080174563	0.0856852634952831	0.239245920475282
PA14_RS09625	73.220243364221	0.484290814442666	0.281714276464163	1.71908509757145	0.0855988779155376	0.239245920475282
PA14_RS29305	125.670309769897	0.3714960227527	0.21614995864451	1.71869578454873	0.0856697800253883	0.239245920475282
PA14_RS23045	72.1240696325436	-0.550724500685967	0.320504412101625	-1.71830552058467	0.085740902952975	0.23926313137945
PA14_RS18425	207.541352951725	-0.337645352833864	0.196566705260076	-1.71771385386517	0.0858488211532901	0.239426124046892
PA14_RS27310	304.612426110478	0.293348373422887	0.170928590589702	1.71620424886695	0.0861246658309739	0.240056993636075
PA14_RS09550	227.58265262776	-0.365287171754076	0.213144443243417	-1.71380105526329	0.0865652695460412	0.241146108021115
PA14_RS05135	99.5035282540376	0.429005497469678	0.25038801476289	1.71336274971441	0.0866458248103425	0.241225152206871
PA14_RS26370	203.450607540652	-0.401804601991015	0.234547698152536	-1.71310400893257	0.0866934066450664	0.241225152206871
PA14_RS28300	146.849475963193	0.363955415128758	0.21255370314362	1.71229863204424	0.0868416486556808	0.241498684818213
PA14_RS00105	26.6806615751624	0.727310933750223	0.425097372071453	1.71092785214389	0.0870944323046202	0.2418345980834
PA14_RS02140	124.92550460983	0.449025689899889	0.262460698772105	1.71083020048567	0.0871124627504721	0.2418345980834
PA14_RS25720	1982.7495595577	-0.212918665175265	0.124417536053036	-1.71132359577111	0.0870213928598933	0.2418345980834
PA14_RS07575	27.1127624483252	-0.716987152073412	0.419645123603169	-1.70855590055997	0.087533243308253	0.242707884159164
PA14_RS28150	66.2809140397025	0.497623945969505	0.291281635513276	1.70839450654905	0.0875631658929683	0.242707884159164
PA14_RS29060	11.9023793780222	1.07857606229301	0.631367749797386	1.70831668649395	0.087577596744777	0.242707884159164
PA14_RS17495	17.1805276126457	-0.897964205972332	0.525729361293778	-1.70803510719378	0.0876298284828967	0.242713545557439
PA14_RS07650	351.184284492894	-0.29351526400174	0.171910756309098	-1.70736997674535	0.0877533070853058	0.24282961619055
PA14_RS17355	63.6489780671893	-0.494927913720342	0.289894941607625	-1.70726647031403	0.087772535221616	0.24282961619055
PA14_RS17460	39.0971131449286	-0.658221866084446	0.385698098092464	-1.70657275558214	0.0879014926361607	0.24282961619055
PA14_RS20450	72.7175562590181	-0.46977907760283	0.275263128603912	-1.70665457442655	0.0878862750592424	0.24282961619055
PA14_RS23855	32.0550361164399	-0.687165433235078	0.402685179451245	-1.70645821674268	0.0879227994105981	0.24282961619055
PA14_RS02590	29.0901122005967	0.77324737892638	0.453566621252312	1.70481543988272	0.0882288509946999	0.243396875875852
PA14_RS03505	4846.28561196307	-0.208128502761604	0.122069080490045	-1.70500590260919	0.0881933235685558	0.243396875875852
PA14_RS23250	301.092516828416	0.321333724263648	0.188754252684173	1.70239197101064	0.0886819141499233	0.244507261590096
PA14_RS18930	15.5669595245248	-0.911648977203292	0.535767250623168	-1.70157652626756	0.0888347809829503	0.24478917426413
PA14_RS12990	18.3723936522866	-0.885546544583999	0.521457837794091	-1.69821312559056	0.0894675441293415	0.246392393741171
PA14_RS30295	11.2959047158076	-1.11707873035903	0.657960098528957	-1.69779099501102	0.0895472161016693	0.246471449668567
PA14_RS01910	198.81555554126	0.318505111619218	0.187739407715341	1.69652773221778	0.0897859828175324	0.246850971033284
PA14_RS09200	220.312465781979	0.362140388945704	0.213460555723316	1.69652134427639	0.0897871914903941	0.246850971033284
PA14_RS21485	186.552776938588	-0.334863005207297	0.197425955925238	-1.69614478318193	0.0898584643803758	0.246906553263351
PA14_RS10915	58.9309086808461	-0.501281393397206	0.295644927345399	-1.69555215405933	0.089970725371493	0.247074632536366
PA14_RS06635	78.1879677692322	-0.444291349089554	0.262237988336131	-1.69422955044969	0.0902216716252536	0.247484753870557
PA14_RS27660	215.823719308117	0.306828702941445	0.181102623298212	1.69422561282399	0.0902224195768799	0.247484753870557
PA14_RS06875	315.649632878593	-0.288802090951447	0.170616639643611	-1.69269592669686	0.0905133610104693	0.248092667062972
PA14_RS18675	114.255801659123	-0.401787481919457	0.237389925599619	-1.69252120074004	0.090546641308136	0.248092667062972
PA14_RS16080	32.5089307356223	-0.652484140847346	0.385634989851213	-1.69197338939366	0.0906510475212319	0.248238089361652
PA14_RS10370	220.112660203888	-0.311098156077338	0.183916995574154	-1.69151390879428	0.090738693619578	0.248337477274634
PA14_RS08050	42.3944360778715	-0.72240398194628	0.427280045885315	-1.690703764201	0.0908933950326378	0.248620168765745
PA14_RS16955	101.401505114364	-0.443678212031293	0.262477423688266	-1.69034809088279	0.0909613797112587	0.248665478961926
PA14_RS17690	34.8545382542223	-0.637442033979035	0.377346773745363	-1.68927384127892	0.0911669639436502	0.248998158822813
PA14_RS21580	95.0849538615774	-0.506028776987463	0.299571692979182	-1.6891742071993	0.091186050305046	0.248998158822813
PA14_RS17195	164.266459813362	-0.388554330451995	0.230090754836278	-1.68870031622293	0.091276875017783	0.249105512181715
PA14_RS06435	593.239173383671	0.232078205028019	0.137560828679886	1.68709513642202	0.0915850601044962	0.249805612332399
PA14_RS10535	96.9132964748579	0.410566122139888	0.243444729141705	1.6864859781002	0.0917022335981174	0.249984217407269
PA14_RS11485	91.566628715324	-0.437191719848648	0.259582333550966	-1.68421214906295	0.0921406761535304	0.251037921058295
PA14_RS07895	17.7779530088518	0.923046137481287	0.548164204269966	1.68388619740426	0.0922036643235111	0.251068085961993
PA14_RS02845	95.1630753020685	0.438017295984952	0.260745543559121	1.67986493654353	0.092983597268073	0.253049339554531
PA14_RS09050	96.9328659856389	-0.534651266666483	0.318396708613635	-1.67919847222814	0.0931133696368097	0.25325998625625
PA14_RS08690	17.5232161692068	0.897296493122382	0.53490843494312	1.67747680632069	0.093449281195774	0.2540307610246
PA14_RS06935	394.687665193094	-0.257903097172818	0.153784152083462	-1.67704600037622	0.0935334869701048	0.254116821903049
PA14_RS07705	117.544093777338	-0.387170434093591	0.230966208867928	-1.67630769882439	0.0936779376895467	0.254304045474721
PA14_RS25360	416.503527840917	0.66637257692355	0.397559913733942	1.67615635757861	0.0937075701066899	0.254304045474721
PA14_RS25660	946.83681966072	-0.249777069637909	0.149042237361173	-1.67588110632441	0.0937614832120408	0.254307645997436
PA14_RS05985	408.364524106204	-0.256318444489424	0.153028023136648	-1.67497716585244	0.0939387118825403	0.254645521672626
PA14_RS18520	408.567597882655	-0.263540369461618	0.157458166509139	-1.67371674206763	0.0941862818369523	0.255108493135072
PA14_RS25425	432.240223360893	-0.252522417129784	0.150888409426375	-1.673570674446	0.0942150059427705	0.255108493135072
PA14_RS10260	108.543613869269	-0.382592577113743	0.228732279552508	-1.67266543166644	0.0943931780310776	0.255447906523946
PA14_RS25345	66.0190535199467	0.575493649283417	0.344218516221012	1.6718846377047	0.094547072653592	0.255721277042937
PA14_RS16240	30.2341095173792	-0.670547858155445	0.401235531053763	-1.67120757325352	0.0946806849050992	0.255906676829601
PA14_RS24190	14.651729240936	0.959504972757661	0.574209648179491	1.67100113312226	0.0947214539960683	0.255906676829601
PA14_RS26680	193.611085363646	0.354374677831601	0.212160896760539	1.67031099152817	0.0948578496154562	0.256132083048769
PA14_RS01650	192.530750191679	0.35932566161577	0.215160320300014	1.67003684096926	0.0949120748096644	0.256135487600188
PA14_RS18055	63.6477162398433	-0.468019557353468	0.280442339750521	-1.66886197629721	0.0951447367111972	0.25633423216454
PA14_RS25080	361.681739019274	0.26937771486439	0.161382997740153	1.66918274314201	0.0950811690190984	0.25633423216454
PA14_RS26835	124.243968955102	0.475551718692763	0.28495172704725	1.66888519547	0.0951401341290832	0.25633423216454
PA14_RS05030	37.2726838549722	-0.74481380562006	0.446736617150052	-1.66723249679327	0.0954681832924956	0.257062435636141
PA14_RS26200	345.555787503022	-0.278850972791941	0.167291464727107	-1.66685714209517	0.0955428146591455	0.257120229099403
PA14_RS01155	25.408373015589	0.74481877140306	0.447233411933247	1.66539160878756	0.0958346524323812	0.257378830162899
PA14_RS02530	37.1329277312666	0.613432443168376	0.368213287763279	1.66597041322079	0.0957193075392317	0.257378830162899
PA14_RS06880	1631.05289760511	0.209838683066793	0.126006108277493	1.66530564220492	0.0958517934498308	0.257378830162899
PA14_RS28480	30.2306291352453	0.663029327215775	0.398103899278789	1.66546805599475	0.095819411560099	0.257378830162899
PA14_RS22295	53.644426636922	-0.534224384899752	0.321061084183444	-1.6639337846206	0.0961256625874755	0.257970979063836
PA14_RS04760	76.3966941851035	-0.450238271313991	0.270843905190679	-1.66235334332894	0.0964419479839867	0.25867623985056
PA14_RS02955	90.988061497457	0.433094323811083	0.260644745009334	1.66162691596016	0.0965876030979989	0.258923308526565
PA14_RS20420	42.6488126731783	-0.560427422578762	0.337464361745829	-1.66070105797087	0.0967735008269218	0.259277922437116
PA14_RS27940	21.150807780743	-0.887548227260483	0.534739564688731	-1.65977662000215	0.0969593988313694	0.259632144379016
PA14_RS19765	64.6447648408863	-0.496401283964522	0.300085418429545	-1.65419994934232	0.0980868931617824	0.262505929900597
PA14_RS11660	68.0566996993375	-0.473377962312761	0.286413601848848	-1.65277751914374	0.0983761509790404	0.263000452744746
PA14_RS23470	913.65764573727	-0.219002125705124	0.132507198394025	-1.65275644160778	0.0983804423108448	0.263000452744746
PA14_RS00740	25.0932391617819	0.735619546338719	0.445509155471399	1.65118839266131	0.0987001125005993	0.263019863472007
PA14_RS08365	492.102586188161	0.249735579980213	0.151246750192659	1.65117980824116	0.0987018648425153	0.263019863472007
PA14_RS16255	32.4196223275759	-0.651692947085582	0.394689584272934	-1.65115314174322	0.0987073084462996	0.263019863472007
PA14_RS16515	46.5114242892785	0.534010202415485	0.323274592360351	1.65187804744095	0.0985594140648895	0.263019863472007
PA14_RS21340	136.902302026508	-0.34471834496964	0.208778465774817	-1.65112021342969	0.0987140306455114	0.263019863472007
PA14_RS26010	144.681584607027	-0.337002839244933	0.20405100344361	-1.65156178385599	0.0986239160054912	0.263019863472007
PA14_RS05460	40.8002861367562	-0.575589588421327	0.348784979386819	-1.65027057482017	0.0988876077923542	0.263337263922811
PA14_RS15645	40.9628339999183	-0.624965300485595	0.379163536838552	-1.64827373881077	0.0992965111427744	0.264280642755342
PA14_RS10000	378.374167031173	-0.266162075830746	0.161559585099614	-1.64745456400273	0.0994646479650893	0.264437073974256
PA14_RS26095	583.354790434736	-0.259965629419771	0.157795856479858	-1.64748070842376	0.0994592782778515	0.264437073974256
PA14_RS29015	21.3561444126432	0.818902462071095	0.497282044499352	1.64675654616796	0.0996080963066132	0.264672941614715
PA14_RS03980	29.542145635179	-0.705878021665813	0.428980439062727	-1.64547834210827	0.0998712053966288	0.265179106913713
PA14_RS19180	12.8912894348045	-1.00621491544052	0.611569803852031	-1.64529855644079	0.0999082574021475	0.265179106913713
PA14_RS01890	109.80892269218	0.390264796605307	0.237266560401723	1.64483691230883	0.10000344779814	0.265286162123864
PA14_RS13825	128.049315859182	0.352889668087859	0.214678242807881	1.64380732519627	0.100216007786516	0.265704283802407
PA14_RS03500	630.037576373397	0.238386983281047	0.145142945857341	1.64242899903213	0.100501129242833	0.266027873151845
PA14_RS11175	112.727764792582	-0.523865432494071	0.318959569401567	-1.64241955015474	0.100503086072874	0.266027873151845
PA14_RS17555	23.5882615736158	-0.737537309692499	0.449003412569717	-1.64260958613089	0.100463736111274	0.266027873151845
PA14_RS03975	41.5939176120045	-0.624989001942284	0.380669336554477	-1.64181598549334	0.100628145178456	0.266213189323311
PA14_RS00630	26.1713972746071	0.733733148803203	0.447462872115162	1.63976319495479	0.101054413533597	0.266763464687846
PA14_RS14560	211.258755459531	-0.314503532927374	0.191799481229602	-1.63975173921812	0.101056796382989	0.266763464687846
PA14_RS24825	31.0231332933738	0.650159206733927	0.396428155952272	1.64004296105598	0.100996234706006	0.266763464687846
PA14_RS26955	13.7673559174133	1.00960767140251	0.615654739835206	1.63989263149789	0.101027493207925	0.266763464687846
PA14_RS07645	476.577883831847	0.237233432216112	0.144740036047637	1.63903118096525	0.101206766006992	0.267013595422703
PA14_RS26660	451.035844640418	-0.297443753681292	0.181543841598796	-1.63841279914429	0.101335610976362	0.267207750644322
PA14_RS00175	21.6344624603796	0.819483019346739	0.500556402925216	1.63714421503299	0.101600339861028	0.267322765814978
PA14_RS09745	50.7783306282109	-0.602826498958178	0.368193067507807	-1.63725651609504	0.101576882614941	0.267322765814978
PA14_RS15675	64.4464037925704	-0.522536441756308	0.319041611292031	-1.63783162842044	0.101456821759072	0.267322765814978
PA14_RS29755	22.5271605131666	0.748917520935885	0.457311942117528	1.63765135340248	0.101494443933295	0.267322765814978
PA14_RS23005	100.842488635801	0.408974541650042	0.249928214233319	1.63636803833699	0.101762584218086	0.267604055072683
PA14_RS03760	34.9149729455528	-0.602885225169535	0.36882507637195	-1.63461018187804	0.102130791841475	0.268426363774659
PA14_RS06640	148.732220950549	-0.365152619377758	0.223474050650548	-1.63398219307689	0.102262589649961	0.268484063706859
PA14_RS08685	70.8723330453293	0.482285746453177	0.295160757102783	1.63397651905748	0.102263781089337	0.268484063706859
PA14_RS07465	12.9601171997529	-0.987939891571287	0.604776107358671	-1.63356303192278	0.102350635495151	0.268566290425691
PA14_RS18190	42.8259653319042	-0.611915406814902	0.374651643823732	-1.63329166414334	0.102407669132479	0.268570221217283
PA14_RS09430	165.967740314258	-0.343111346069307	0.210204340482398	-1.63227526739886	0.102621511008429	0.268872730457771
PA14_RS19150	55.9205011345457	-0.558030950684211	0.341885701804228	-1.63221494124885	0.102634214314525	0.268872730457771
PA14_RS12310	188.229099606637	-0.353221349567084	0.21664718304366	-1.63039899529135	0.103017196878346	0.269729921009032
PA14_RS21060	268.584441673997	-0.279892148846653	0.171791750286026	-1.62925255945436	0.103259564541448	0.27020114418606
PA14_RS21140	63.2167024283825	-0.459655885939596	0.282167229241323	-1.62901938391462	0.103308915550047	0.27020114418606
PA14_RS21045	651.680580891838	-0.225673679098902	0.138609940661385	-1.62812045097262	0.103499347926997	0.270552890040518
PA14_RS06785	38.3036410511139	0.581612726578295	0.357510030236298	1.6268431019792	0.103770424788756	0.271114950987804
PA14_RS12525	450.533444317174	0.232173137372296	0.14283263455453	1.62549082775377	0.104058016653669	0.271719529447701
PA14_RS15510	42.7875964757758	-0.591553748595542	0.36416703157944	-1.62440225857321	0.104289985372235	0.272178288861375
PA14_RS05205	36.3089414441384	-0.703800509161725	0.433635433940787	-1.62302352177666	0.104584376719765	0.272799377463205
PA14_RS05610	49.0432679798183	-0.541751393538178	0.333916765832237	-1.62241447262447	0.104714632385	0.272991893376745
PA14_RS02195	87.9232754440111	-0.435127801403434	0.268266841444407	-1.62199621489041	0.104804158592332	0.27307807702183
PA14_RS01930	418.491232754693	0.254475672145427	0.156916385492754	1.6217278479001	0.104861633349085	0.273080699448667
PA14_RS15095	27.316244858521	-0.683624678623171	0.422254258862283	-1.61898823818881	0.105449793813882	0.274464587128058
PA14_RS06610	83.0357020690941	0.455104084816876	0.281255231448443	1.61811775899465	0.105637221978839	0.274804521511386
PA14_RS09530	22.1746150285618	-0.856210467343367	0.529453738050387	-1.61715822518545	0.105844131152781	0.27519474099723
PA14_RS01825	46.1085603506027	0.583695198556854	0.361024623012481	1.61677392995069	0.105927088792028	0.275262440299972
PA14_RS25775	116.413851319974	0.369118896784043	0.228450413864014	1.61575061537757	0.106148242743052	0.275688991356284
PA14_RS14195	77.1757904588382	-0.492614983145105	0.305049358734951	-1.6148697548095	0.106338903279413	0.276035929285691
PA14_RS24560	916.714415576593	0.239657704793993	0.148474368044299	1.6141352069772	0.106498102227966	0.276300870372555
PA14_RS01230	24.1427469292942	0.765899552636774	0.474634801450913	1.61366075621824	0.106601030581865	0.276419616028901
PA14_RS31070	13023.1123679167	0.799054649006472	0.495305018345948	1.61325772889377	0.106688526107531	0.276498238079325
PA14_RS06025	96.35564337276	-0.39902250692687	0.247811364100788	-1.61018647540547	0.107357153048396	0.277784479476748
PA14_RS07685	162.867886816895	0.321700541563924	0.199742294501015	1.61057798183193	0.107271736049894	0.277784479476748
PA14_RS31725	92.8455207423714	0.441646988145864	0.274238571886371	1.6104481040284	0.107300066198329	0.277784479476748
PA14_RS17790	43.4235442932142	-0.601878657775931	0.373881599428029	-1.60981085642272	0.10743915442955	0.277847995091606
PA14_RS27125	123.090622882336	0.355039993408248	0.220813777787308	1.60787065447623	0.107863510100875	0.278796330757793
PA14_RS20340	62.7985087591804	0.475275655035904	0.295729931144717	1.60712733133301	0.10802643886001	0.279068300388358
PA14_RS11245	108.508756284758	-0.398592384861679	0.248364865507874	-1.60486622794496	0.10852324721773	0.280202041401465
PA14_RS10065	79.1430880145557	0.444624653777756	0.27741820483488	1.60272341911519	0.108995730712593	0.281271800280736
PA14_RS01565	63.1707356803076	-0.468002492926711	0.29266204737161	-1.59912259594242	0.109793364844605	0.283179046607205
PA14_RS01395	347.22458747621	-0.25084231107737	0.156948003321969	-1.59825104982561	0.109987116594114	0.283527556422779
PA14_RS26635	1811.15158699482	-0.196099696144207	0.122740432783375	-1.59767805683318	0.11011464470257	0.28370507287247
PA14_RS02915	73.9635824002039	0.46219797925392	0.289734885209394	1.59524449021693	0.110657573364771	0.284952089878611
PA14_RS17135	255.407259636807	-0.285468279185035	0.179005761158727	-1.59474352857228	0.110769599843331	0.2850887625558
PA14_RS18735	22.2611033728775	0.812802705048423	0.509856587847303	1.59417907784659	0.110895931208288	0.285262086874085
PA14_RS17515	179.739398220965	-0.356259886639278	0.223601342908293	-1.59328151613737	0.111097051348915	0.285602754065383
PA14_RS27340	224.275479130479	0.284728325600366	0.178730321577824	1.59306111624931	0.11114648121403	0.285602754065383
PA14_RS01705	82.4909293776373	0.573883451729853	0.360378717869152	1.59244545605554	0.11128464949011	0.28580592933307
PA14_RS18285	144.28611923515	-0.345821202624528	0.21723649772132	-1.59191114868811	0.111404670169976	0.285962306232486
PA14_RS12925	27.0969063329059	-0.686604099117328	0.431673067253021	-1.59056506232038	0.111707492445254	0.286587497859548
PA14_RS22480	37.1862301940765	-0.646440487689412	0.406496286145611	-1.5902740313299	0.111773049527204	0.286603641311537
PA14_RS28025	779.47649135759	0.25052932798228	0.157591751296035	1.589736302325	0.111894257175377	0.286762388818296
PA14_RS09275	29.9943730365576	-0.639967587256959	0.402788346424286	-1.58884335393069	0.112095762621562	0.286997850721582
PA14_RS13050	88.3851637284497	-0.406981016796299	0.256155710113097	-1.5888032190132	0.112104826305432	0.286997850721582
PA14_RS17315	15.957838979698	-0.979301600836663	0.616620012265682	-1.58817680476889	0.112246364597769	0.287208158304131
PA14_RS02510	25.9123100970479	-0.724250927602074	0.456107307043963	-1.58789591049517	0.112309878401521	0.287218705420283
PA14_RS04605	81.9741570274765	0.416711924680926	0.262584008851536	1.58696611611461	0.112520319028586	0.28760479007518
PA14_RS14230	49.6388035644856	-0.539684992327283	0.34028963685825	-1.58595776618402	0.112748890399747	0.28803678498319
PA14_RS18875	31.3847004580773	-0.631523797623527	0.398361554118912	-1.58530307730202	0.112897490215248	0.288264130243368
PA14_RS28805	33.2571828807828	0.639931550039377	0.403940855973715	1.58422090901599	0.113143456731363	0.288739713326054
PA14_RS00170	11.462436810482	1.07284754429261	0.677417966654415	1.58373057270848	0.113255044404289	0.288872043638788
PA14_RS19260	49.992903360663	-0.503823104069792	0.318188746179456	-1.5834095646665	0.113328144359082	0.288906118144713
PA14_RS10070	54.7959676775272	0.479921076696886	0.303472900393322	1.58142976217934	0.113779806878341	0.289904713416048
PA14_RS10705	70.1970111543523	-0.54932854625942	0.347445752887598	-1.58104838437076	0.113866975172037	0.28997403471931
PA14_RS05105	116.419525299539	-0.343338354042689	0.217251381681757	-1.58037362701625	0.114021327554374	0.290061620227751
PA14_RS26960	113.703240718711	0.453405491934687	0.286880819682138	1.58046638474143	0.114000099238629	0.290061620227751
PA14_RS22095	103.477398640698	-0.371381703683247	0.235075222953561	-1.57984197150634	0.114143061035993	0.290151842337402
PA14_RS24120	27.8233278914105	-0.661210311873312	0.41856840659098	-1.57969474394525	0.114176789902415	0.290151842337402
PA14_RS17830	48.4518618887032	-0.571365568665135	0.361891989155567	-1.57882900364374	0.114375284055025	0.290503610131357
PA14_RS01555	828.197210842217	-0.197271616899723	0.125077818689239	-1.57719105567273	0.114751570429321	0.291170140297334
PA14_RS23505	417.423498870733	-0.280060701246824	0.177572500932248	-1.57716256614351	0.114758123946799	0.291170140297334
PA14_RS17325	144.915879063143	-0.343636590075137	0.218173758393482	-1.57505922162912	0.115242775472386	0.292136938401868
PA14_RS22730	127.858112851782	0.356646153440001	0.22644420625895	1.57498466987563	0.115259983141184	0.292136938401868
PA14_RS27225	745.657317033165	0.233934976697973	0.148632125994147	1.57391933361153	0.115506099624589	0.292607384905455
PA14_RS28905	111.40119954279	0.36366111569089	0.231225239823339	1.57275700511213	0.115775094635331	0.293135265788723
PA14_RS23625	983.634046318546	-0.203850984658449	0.129677819163006	-1.57198035850839	0.115955106447888	0.293437412235473
PA14_RS29325	159.584815302067	0.349811995610175	0.222593569692091	1.57152785722455	0.116060088958686	0.293549471864125
PA14_RS11455	130.323825065449	0.382801654875813	0.243630977987519	1.57123555484567	0.116127944240596	0.29356755794434
PA14_RS19155	165.367617996203	-0.394028178455526	0.250821593977567	-1.57094998164618	0.116194267509261	0.293581754271048
PA14_RS21015	14.8229398457591	-0.866804321017794	0.552076056219479	-1.57008135247437	0.1163961862348	0.293938358554305
PA14_RS23310	35.8384368799673	-0.631340324833775	0.402806930997018	-1.5673521884817	0.117032392965779	0.295390737151622
PA14_RS28925	93.1839332471257	0.409437709491478	0.261276705396806	1.56706549429907	0.117099383609118	0.295405643783879
PA14_RS16790	238.559395899312	0.271101495144634	0.173144015377765	1.56575723713664	0.117405460879525	0.296023362259325
PA14_RS09025	89.4762738640334	-0.405730045530501	0.259542771443206	-1.5632492605146	0.117993977635903	0.29735220210903
PA14_RS26850	357.599411459689	0.233556955301708	0.149496487755853	1.56229058493425	0.118219548985485	0.29776548900719
PA14_RS16200	23.8353799795904	-0.734605709779038	0.470367374412145	-1.56177011787251	0.118342153746731	0.297919133534196
PA14_RS01620	254.885142188424	0.264837303502374	0.169647370404792	1.56110467772327	0.118499054584703	0.298158911535705
PA14_RS03920	83.8640015603215	0.405405319945267	0.259824061168587	1.56030707133863	0.118687333130984	0.298477349465126
PA14_RS03725	287.307070008194	0.266391956179664	0.170785056820448	1.55980834119305	0.118805179733232	0.298618424734881
PA14_RS20460	140.675884290138	-0.33397981671561	0.214166136128476	-1.55944269599775	0.118891637515428	0.298680498194603
PA14_RS22975	65.9412160593267	-0.452264980974767	0.290146967351353	-1.55874447044314	0.119056871816064	0.298940307426004
PA14_RS03485	167.204916258278	-0.311122160518134	0.199653991919489	-1.55830673620388	0.11916055289067	0.299045373004297
PA14_RS27755	256.121508011382	0.268192025878406	0.172208438393063	1.55736866544403	0.119382981219415	0.299448183183139
PA14_RS19640	18.7635056664088	-0.808008215239012	0.519751356776356	-1.55460530252486	0.120040100147075	0.300940344381158
PA14_RS10145	311.665329638642	0.246777637349363	0.15886657610605	1.55336410841151	0.120336172451327	0.30141351643913
PA14_RS24910	65.8882864081716	0.48626836044094	0.313056718794721	1.55329156426698	0.120353494674103	0.30141351643913
PA14_RS22455	14.0192353188825	0.915497906697799	0.589558826838864	1.5528525144922	0.120458373439497	0.301520027926194
PA14_RS02260	468.864298008909	-0.239081062259253	0.154003148136589	-1.55244269452989	0.120556334426955	0.301587164389463
PA14_RS16960	365.775530163025	-0.243235373953564	0.156701749171424	-1.55221862703955	0.120609920580898	0.301587164389463
PA14_RS19215	19.4802715665547	0.86820952025819	0.559613145278471	1.55144590076803	0.120794862508092	0.30189351684193
PA14_RS05480	77.8055511874354	-0.403893274423508	0.260378397939673	-1.55117812237668	0.120859003516329	0.301897800105871
PA14_RS23875	284.221828002476	-0.261563050438664	0.16873603089065	-1.55013158160731	0.121109937270177	0.302368433989972
PA14_RS02560	39.892509746731	-0.617031591173141	0.398455094183691	-1.5485599260244	0.121487545607274	0.303154680369853
PA14_RS00610	23.2821999315309	0.730753043735394	0.471988949204922	1.54824184965849	0.121564079026405	0.303189214116399
PA14_RS19320	19.1086837714878	-0.824140152718095	0.532651203732404	-1.54724169764973	0.121804974635593	0.303499284330282
PA14_RS27585	114.978156403667	0.343582279142425	0.222066480810226	1.547204593367	0.121813918710727	0.303499284330282
PA14_RS13205	22.0694564148696	0.770995134598822	0.4987443354509	1.54587246369783	0.122135371997616	0.304143490721148
PA14_RS04765	11.8833995166197	-1.02254140811423	0.661902517673961	-1.54485196960364	0.122382073401045	0.304473805778188
PA14_RS08405	77.4654603146303	-0.406674695215384	0.263317735353494	-1.54442576634437	0.122485221974388	0.304473805778188
PA14_RS10285	553.077851764845	-0.209427552749165	0.135608541191192	-1.54435370301563	0.122502669260618	0.304473805778188
PA14_RS30995	36.7645628174047	0.575897989614917	0.372922640109191	1.54428272160225	0.122519856502141	0.304473805778188
PA14_RS07930	52.6483548671076	-0.473552682616443	0.306752900236422	-1.54375943064096	0.122646622869109	0.304558618546475
PA14_RS09365	35.6804660583399	0.584016122250485	0.37836694035486	1.54351783933013	0.122705182527335	0.304558618546475
PA14_RS12375	116.52777836666	-0.336845796068848	0.218291256575173	-1.54310255643633	0.122805894575192	0.304558618546475
PA14_RS16975	57.7044063961278	0.481488109234005	0.311999714460678	1.54323253169095	0.122774366775168	0.304558618546475
PA14_RS21825	19.6306547508832	-0.760990972118172	0.493365946766041	-1.54244729922359	0.122964935138181	0.304796733125702
PA14_RS20490	274.932079913606	0.315689045491283	0.20473892679102	1.5419102289889	0.123095409907629	0.304963833152303
PA14_RS06665	456.431341473147	0.314146772982058	0.204076107989744	1.5393608594194	0.123716223869801	0.306344935296649
PA14_RS00880	116.857908057234	0.408720507136643	0.266127703384167	1.53580593804861	0.124585982934101	0.308251403483263
PA14_RS17725	133.523227572815	0.350665864489552	0.228343687264828	1.53569327310922	0.124613625684404	0.308251403483263
PA14_RS16900	1314.71757770253	-0.209067868709773	0.136194420663353	-1.53506926121849	0.124766815882697	0.308472557059675
PA14_RS07005	101.680156079665	0.380704705243244	0.248123754734071	1.53433396835087	0.124947513142633	0.308761458128653
PA14_RS26975	294.831474422375	0.28735747570585	0.187720152194354	1.53077585089712	0.125824799942025	0.310770547762835
PA14_RS27435	28.0080161141929	-0.63590835957018	0.415583932935738	-1.5301562672985	0.125978053398198	0.31099023289111
PA14_RS08600	609.876819038911	-0.216643524145235	0.14176052475318	-1.52823590715704	0.126453976617641	0.311907441816977
PA14_RS12015	15.7548046104793	-0.874782998699483	0.572450742387754	-1.52813671801816	0.126478596650763	0.311907441816977
PA14_RS02440	80.2603411911907	0.450816864687205	0.295061858969258	1.52787237992076	0.126544227027984	0.311910235426773
PA14_RS17230	18.9780219227333	0.75501244559267	0.494431236300964	1.52703225476047	0.126752990996548	0.312265646693482
PA14_RS13615	14.0631442657847	-0.88542724004557	0.580658581991075	-1.52486722405694	0.127292218424048	0.313305391686592
PA14_RS26560	18.1016200433377	0.791470751113411	0.519059312227824	1.52481755450333	0.127304610145607	0.313305391686592
PA14_RS05005	319.579648042548	0.268111413493546	0.175962684210675	1.52368335761771	0.127587828758055	0.313525249390059
PA14_RS13580	256.723384243328	0.289137946212532	0.189795098804275	1.5234215637502	0.127653270481602	0.313525249390059
PA14_RS13895	20.751857905547	-0.80980925719892	0.531414002988114	-1.52387639890068	0.127539590127775	0.313525249390059
PA14_RS18525	141.949070961099	-0.350367221452724	0.229957294066722	-1.5236186478654	0.127604002100841	0.313525249390059
PA14_RS10275	156.277870838377	-0.310372181243	0.203777608618557	-1.52309266629963	0.127735523372428	0.313568015750793
PA14_RS03675	1392.654179225	-0.182655229452731	0.119988465404329	-1.52227323549169	0.127940631432455	0.31391217331677
PA14_RS19605	25.0726542046098	-0.661182203349628	0.434421669569156	-1.52198255672965	0.128013451439015	0.313931567524886
PA14_RS02805	152.043546371937	0.311511828748168	0.204861496249787	1.52059725449014	0.128360936224851	0.314492894627269
PA14_RS07870	30.7808420951011	-0.636503986298608	0.418600724789335	-1.52055156287399	0.128372409841652	0.314492894627269
PA14_RS03025	2867.99381432001	0.2228651273833	0.146606465933461	1.52015892317089	0.12847103841682	0.314575160396832
PA14_RS06045	75.2721304500434	-0.502553539283205	0.330793570942085	-1.51923611408757	0.128703074012424	0.314927813892461
PA14_RS19050	38.1029322403545	-0.580325980331491	0.382027574532379	-1.51906830558459	0.128745303570181	0.314927813892461
PA14_RS20800	50.7723593097033	0.481762596778431	0.317320731255335	1.5182197358255	0.12895901382574	0.315291097503175
PA14_RS26285	20.5324044094209	-0.739344872169061	0.487296118586944	-1.51723940324623	0.129206251237729	0.315735942893207
PA14_RS08345	429.204787933875	-0.26504201918512	0.174753560258747	-1.51666162791012	0.129352137068294	0.315932795384985
PA14_RS05350	25.9823524009929	-0.868792587912361	0.573291072205392	-1.51544761471726	0.129659087034725	0.316522637506275
PA14_RS15980	22.0047096895598	0.721044219227287	0.475923711481386	1.51504159560137	0.129761870633107	0.316613726731436
PA14_RS02500	26.1356041024467	0.676522265615434	0.446628512003172	1.51473147690721	0.129840419673827	0.3166456225631
PA14_RS12750	19.4751426282592	-0.807419711136548	0.533583784733099	-1.51320136450627	0.130228517752684	0.317432012022168
PA14_RS20835	403.63020575626	-0.242889554122848	0.160626739170803	-1.51213649344254	0.1304991427443	0.317931412751352
PA14_RS02370	23.1792164286767	-0.842904060072801	0.557657479242134	-1.51150857192541	0.130658926307465	0.318127215538469
PA14_RS04300	17.4018172406382	0.810163773027583	0.536081195807756	1.51127064214003	0.130719510559324	0.318127215538469
PA14_RS30760	540.398607797125	-0.222885271213496	0.147504011679622	-1.5110454873431	0.130776861970735	0.318127215538469
PA14_RS10685	41.2077120478383	0.577207658379202	0.382829320544423	1.50774151143479	0.131620696739402	0.320018948935018
PA14_RS11325	23.4366363839623	-0.716997433854256	0.475798796805681	-1.50693410464231	0.131827548554808	0.320360816487967
PA14_RS24200	13.1285315396617	-0.967656515720741	0.64277520480261	-1.50543535047824	0.132212186324715	0.321134170299507
PA14_RS22165	62.0492253743221	0.469790131342893	0.312386678381195	1.50387376880913	0.132613872281348	0.321948135719175
PA14_RS15965	18.004506004004	-0.938327271850121	0.6243366425615	-1.50291879073507	0.132859986784928	0.322222114389122
PA14_RS18670	41.4944443693209	-0.525040223273396	0.349315715322438	-1.503053542234	0.132825237559791	0.322222114389122
PA14_RS26755	173.826101726255	0.30260585041111	0.201423815318617	1.502334021091	0.133010866601967	0.322426341296797
PA14_RS08215	16.9760212924965	-0.871399736645987	0.580261715340242	-1.50173570581859	0.133165378658171	0.322639163923305
PA14_RS02900	137.532363537023	0.323531084713109	0.215602826295671	1.50058832841749	0.133462072007485	0.32319608424046
PA14_RS06060	61.5526103583878	-0.482826270226807	0.322286693537426	-1.49812660562338	0.134100359796863	0.324416878428029
PA14_RS27640	108.320216457406	-0.337648717700804	0.225351972560016	-1.49831711639835	0.134050879080198	0.324416878428029
PA14_RS21445	199.126638820899	-0.290866825233418	0.194266752414964	-1.49725478815907	0.134326974231387	0.324802623691494
PA14_RS08340	754.303519006345	-0.202968169149471	0.135709511488142	-1.49560754381763	0.13475595613908	0.32567706341259
PA14_RS05990	113.07875823346	0.37357722497396	0.250004323135973	1.49428305994044	0.135101650884055	0.326287846107756
PA14_RS18275	37.9342498048052	-0.555082787697206	0.37151091231114	-1.49412243167793	0.135143621950752	0.326287846107756
PA14_RS09735	12.5553772658688	-0.980499042475804	0.657102982187553	-1.49215430313775	0.135658698816952	0.327367997743902
PA14_RS28560	116.731160478915	-0.333310673325669	0.223461088325864	-1.49158260985293	0.135808599888052	0.327566278832229
PA14_RS17880	2693.32165604086	-0.175478193814076	0.117692297364704	-1.49099132010574	0.135963773787891	0.327613756870076
PA14_RS18205	166.094315684786	-0.300410971003421	0.201470580242558	-1.49109101012041	0.135937602255032	0.327613756870076
PA14_RS02085	118.918501114612	0.365649834587984	0.245427510456078	1.48984860706323	0.136264047206736	0.32817377106164
PA14_RS06820	26.4474778590683	0.650450130491291	0.436752250941124	1.48928855910802	0.136411399135059	0.328365120068266
PA14_RS01990	146.133937946431	0.34539441534504	0.232062639371089	1.48836717655669	0.136654087894144	0.328785656246807
PA14_RS08895	425.736131262565	0.346415988572916	0.233188796540102	1.48556017146965	0.137395496538136	0.329585625624219
PA14_RS09520	159.557928884459	0.330592579449867	0.222531661074343	1.48559794976511	0.13738549768082	0.329585625624219
PA14_RS12320	1101.21722073715	-0.186091414537269	0.125256329042635	-1.48568472315619	0.137362533317859	0.329585625624219
PA14_RS18080	103.823143302365	-0.348903588965726	0.234705291394002	-1.48656038768217	0.137130956506393	0.329585625624219
PA14_RS21225	1176.22352504548	0.177377762363269	0.119367553647833	1.4859797067349	0.137284488780491	0.329585625624219
PA14_RS27955	53.144298011832	-0.516219478486997	0.347427216385179	-1.4858348861037	0.137322800059814	0.329585625624219
PA14_RS09455	293.071823113518	-0.241413830691292	0.162542270940583	-1.48523722041229	0.137480995548075	0.329627215900094
PA14_RS06405	1747.10906122454	-0.173422148925267	0.11686617095492	-1.48393797373719	0.137825376499005	0.3301255674835
PA14_RS19980	3494.28680255445	-0.163995699894317	0.110508678052293	-1.48400743529583	0.13780694806791	0.3301255674835
PA14_RS29395	85.570887118011	0.442323263060481	0.298305090815981	1.48278818122263	0.138130697133975	0.330693094722724
PA14_RS07635	766.469022885631	0.188661311625343	0.127272676507966	1.48233946831106	0.138249991511395	0.330814922785306
PA14_RS19170	42.7352226319953	-0.507591149690273	0.342503957720604	-1.48200083020453	0.138340074062298	0.330866764671253
PA14_RS11895	12.6114370382859	1.08493803630844	0.732555046269085	1.48103277949424	0.138597838760178	0.331155705654258
PA14_RS24490	28.7153993252041	0.615446532734209	0.415485423865188	1.48127105641593	0.13853435801198	0.331155705654258
PA14_RS16610	291.736346574012	-0.245525525856282	0.165822098767731	-1.48065624353358	0.138698199588654	0.331231848499125
PA14_RS28900	110.409443765475	0.40162760958377	0.271377493480472	1.4799591684366	0.138884143740061	0.331512200951103
PA14_RS04555	148.236319260538	-0.312141212130675	0.210961810945947	-1.47961003335647	0.138977347337239	0.331571017130187
PA14_RS01595	413.089558916655	-0.237205941511468	0.160477622127446	-1.47812472771492	0.139374396552594	0.332026887550908
PA14_RS16650	69.2531639300874	-0.470483649609187	0.318290563910792	-1.47815770542619	0.139365571541705	0.332026887550908
PA14_RS26650	413.25727910911	0.230243628612751	0.155747336460561	1.47831503154505	0.139323476156939	0.332026887550908
PA14_RS05675	151.058679672699	0.32958410266661	0.223315848800529	1.47586525737814	0.139980067892296	0.333305567861716
PA14_RS04315	581.705613442923	-0.232650916797169	0.157709504573711	-1.47518640316589	0.14016243592939	0.333575561099671
PA14_RS25435	40.2841673594939	0.538905608406685	0.365510022982571	1.47439351733559	0.140375668873854	0.333918708644347
PA14_RS26640	295.041539063849	-0.266125302627553	0.180678373185653	-1.47292284037836	0.140771842524862	0.334696475147608
PA14_RS02930	150.472628404829	0.308879390366122	0.209804229733244	1.47222670753038	0.140959667576683	0.334698876324206
PA14_RS04635	195.3375645676	0.268404077142052	0.182352943844931	1.47189330472393	0.141049691883526	0.334698876324206
PA14_RS11925	12.7387638622437	-0.978555799924351	0.664775405450761	-1.47200963197612	0.141018276570683	0.334698876324206
PA14_RS14350	29.8129778767174	-0.630561896327196	0.428206510847724	-1.47256494320665	0.14086838345679	0.334698876324206
PA14_RS15085	38.3635547185825	-0.530534470468591	0.360610439361119	-1.47121217957117	0.141233744375721	0.334971254438934
PA14_RS08410	77.5083300621875	-0.38439464898643	0.261574261038539	-1.46954309441706	0.141685542082352	0.335878079171694
PA14_RS13385	156.479836771003	-0.306835052911447	0.208984154773833	-1.46822161346879	0.142044035164761	0.336439119564624
PA14_RS24140	162.237615724752	-0.314312718804161	0.214086460305888	-1.4681578571343	0.142061348666452	0.336439119564624
PA14_RS00885	20.0431664175975	0.718694287243104	0.490810287686805	1.46430159528709	0.143111561493095	0.337439059668752
PA14_RS19345	15.3700305943915	-0.939554093856869	0.641309904949264	-1.46505470538647	0.142905993044059	0.337439059668752
PA14_RS22135	276.660805111661	-0.288468167059073	0.19697839984741	-1.46446598856797	0.143066669461237	0.337439059668752
PA14_RS25860	79.3543314609811	0.426563214816782	0.291296361398203	1.46436163077804	0.143095165925754	0.337439059668752
PA14_RS26750	329.339200011903	0.252282889169874	0.172136657950326	1.46559653343959	0.142758236228846	0.337439059668752
PA14_RS27245	198.941033257235	0.273448933023684	0.186691719586942	1.46470841678835	0.143000487596346	0.337439059668752
PA14_RS27335	178.242551802471	-0.282608328596485	0.192858424908835	-1.4653667773657	0.142820876514163	0.337439059668752
PA14_RS28350	77.7707711403278	0.39918740984531	0.272339946197764	1.46576885035967	0.142711269891797	0.337439059668752
PA14_RS28525	161.388306518904	-0.314673286391178	0.214648812086598	-1.46599127818245	0.142650662968928	0.337439059668752
PA14_RS11560	77.146202951402	0.378771887616119	0.258832302405857	1.46338723604209	0.143361449286769	0.337698961885443
PA14_RS16130	24.8153929733169	0.657176831762233	0.449069290754045	1.46341966661481	0.143352580523155	0.337698961885443
PA14_RS11365	20.1853130956371	0.804517225704487	0.550061883857195	1.46259402680836	0.143578498674554	0.338045579157812
PA14_RS02690	139.461340909998	-0.373835172732174	0.25565887776952	-1.46224209381531	0.143674880356139	0.338107893626417
PA14_RS03165	111.499548301308	0.336558585256216	0.230208466930506	1.46197309657518	0.143748582394815	0.3381168017808
PA14_RS17580	57.7607337630583	0.457133214749415	0.312746272661841	1.46167438178774	0.143830460658859	0.338144923551893
PA14_RS02975	31.0699915672406	0.596017951538158	0.408026064268705	1.4607349964429	0.144088180959358	0.338586221146479
PA14_RS06715	32.8009282139446	-0.576121301149567	0.394609790051158	-1.45997721210839	0.144296336902377	0.338869077757032
PA14_RS09775	36.7462915932205	0.560914769703274	0.384244327622305	1.4597867278203	0.144348697307586	0.338869077757032
PA14_RS06700	194.873712670119	0.273097777108595	0.187306671193355	1.45802482831313	0.14483369955761	0.339809507640662
PA14_RS14315	11.2469026957102	-1.03747548529556	0.711731725149	-1.45767772973498	0.144929393242111	0.339809507640662
PA14_RS18395	132.323794271747	-0.30434373479758	0.208802654022017	-1.4575664098862	0.144960093933558	0.339809507640662
PA14_RS09840	191.675221077979	-0.268375014641024	0.184173633290458	-1.4571847763777	0.145065381737529	0.339891563024559
PA14_RS09870	36.4409224055417	-0.539874167815457	0.370700554063325	-1.45636191232461	0.145292598711414	0.340259083471379
PA14_RS13805	48.4073527545311	-0.485067847904298	0.333251611893809	-1.45556039518532	0.145514183119671	0.340613063681862
PA14_RS19410	34.3171673077974	-0.562654048042463	0.386779584607485	-1.45471496023623	0.14574818919493	0.340995763399459
PA14_RS20870	337.561785032679	-0.221987649310382	0.152702960508864	-1.45372197481067	0.146023403202474	0.341474457392246
PA14_RS06190	71.9300312634322	-0.41853374927907	0.288032350208752	-1.45307896483064	0.146201830718995	0.341726463681518
PA14_RS27500	26.1074659244306	0.645888314098411	0.444577860984964	1.45281259095413	0.146275795112356	0.341734176407416
PA14_RS04670	797.806616010595	0.18397198546792	0.126747464432407	1.45148454284093	0.146644983318535	0.342431259936473
PA14_RS12855	135.785440817331	-0.361766549658207	0.249416132612515	-1.45045368905722	0.146932044584335	0.342852904302316
PA14_RS16720	2141.5653709977	0.185298745673214	0.127773461418032	1.45021308507076	0.146999107254342	0.342852904302316
PA14_RS19400	28.031470261025	-0.612542685290703	0.422422043361314	-1.45007272919887	0.147038238941895	0.342852904302316
PA14_RS25715	120.957736216449	-0.340888950707459	0.235133521028416	-1.4497675585195	0.147123349037809	0.342886031781612
PA14_RS26280	26.806548512284	0.613492988218492	0.423679680261777	1.44801135574743	0.147613874751227	0.343863534825111
PA14_RS30345	24.1471565361834	-0.653482701714373	0.451600174536837	-1.44703819564416	0.147886226198301	0.344332108760224
PA14_RS03870	22.9412763954128	0.723010104039847	0.499789086281206	1.44663043648986	0.148000456954294	0.344432247271879
PA14_RS08415	33.999055195699	0.543111838270967	0.375866424361611	1.4449597066123	0.148469203844045	0.345116425656476
PA14_RS13305	52.7419172501459	-0.475677334554784	0.329119283508901	-1.44530374970241	0.148372585105006	0.345116425656476
PA14_RS24620	47.4047366147357	-0.50226017276003	0.347628270197916	-1.44481969914034	0.148508536350523	0.345116425656476
PA14_RS04045	34.3485794913432	-0.558815161405655	0.386840993827943	-1.44456034991524	0.148581416735104	0.345119947805457
PA14_RS01235	40.550420795819	0.509461318090154	0.3531920659769	1.44244836497396	0.149175928168864	0.34589262401699
PA14_RS06185	391.930524401507	0.224510198683728	0.155576527162727	1.44308529556582	0.148996445026153	0.34589262401699
PA14_RS09150	74.8184762495023	0.403808481092772	0.28001250036957	1.44210876500089	0.149271692788143	0.34589262401699
PA14_RS21770	188.936798530658	-0.337355281981062	0.233875419667669	-1.44245719563191	0.149173438615904	0.34589262401699
PA14_RS27700	241.122434771031	0.259417801408304	0.17988727624655	1.44211312117902	0.149270464081928	0.34589262401699
PA14_RS21490	211.820686258545	-0.269181380900268	0.186880495795053	-1.44039312264814	0.149756208314573	0.346849149142374
PA14_RS22935	50.695773347244	-0.47294449545507	0.328408476836851	-1.44011049900525	0.149836139184919	0.346868151794288
PA14_RS20070	84.4087899124058	0.409105498915736	0.284136981799759	1.43981785237673	0.149918939020253	0.346893774689925
PA14_RS06690	81.3283857643003	-0.368873864436281	0.256260639431781	-1.43944799815611	0.150023633469784	0.346970010262974
PA14_RS17480	210.889714939628	-0.291565205364653	0.202789796872896	-1.43777058738019	0.150499157350402	0.347903405806187
PA14_RS01375	289.94730545692	0.232350246516679	0.162045812513899	1.43385529630239	0.151613561201768	0.349033548016051
PA14_RS01470	24.5862608605669	0.775623190110713	0.540782003267807	1.43426220810571	0.151497450638968	0.349033548016051
PA14_RS01765	115.195783300678	0.350031870373676	0.243974726178614	1.43470545435685	0.151371049282623	0.349033548016051
PA14_RS02395	194.67798559779	0.269302760406645	0.187644483616628	1.43517547234083	0.151237101164312	0.349033548016051
PA14_RS05000	391.311521940952	0.216569013980447	0.151013968654364	1.43409921552438	0.151543951748718	0.349033548016051
PA14_RS06210	74.7287068714574	-0.402678400832548	0.280693255695689	-1.43458523730655	0.151405323859323	0.349033548016051
PA14_RS08085	133.434320539147	-0.368923546010635	0.257101043936708	-1.43493600944481	0.151305333231132	0.349033548016051
PA14_RS19875	58.6009050658914	0.515611625834332	0.359619220747776	1.43377104472389	0.15163761050077	0.349033548016051
PA14_RS25090	32.5442801027231	0.579444171742147	0.403946223688682	1.43445869217661	0.151441408994672	0.349033548016051
PA14_RS14240	45.0956739066644	-0.47247771763722	0.329852927293799	-1.4323890393017	0.152032513615464	0.349704637833164
PA14_RS21250	276.398570337577	0.262637415210189	0.183374675723369	1.43224474248774	0.15207379101802	0.349704637833164
PA14_RS06320	52.4354896581681	0.46172076737485	0.322765324783405	1.43051539902774	0.152569149366582	0.350487899335166
PA14_RS08655	66.0306777135861	0.4282182646788	0.299496932183763	1.42979182309639	0.152776776633278	0.350487899335166
PA14_RS17775	28.869233891515	0.641631674403844	0.448553990497328	1.43044469115623	0.152589429240697	0.350487899335166
PA14_RS24540	186.720814947736	-0.273425024382902	0.191201661080836	-1.43003477499761	0.152707038580836	0.350487899335166
PA14_RS26760	130.998780487595	0.330759053794119	0.231265852494303	1.4302113789249	0.15265636056685	0.350487899335166
PA14_RS27230	335.032116545038	0.234493925245854	0.164128779778006	1.42871911655604	0.153084981067116	0.351028434537968
PA14_RS02670	370.278647633007	-0.301606767161029	0.211203237540116	-1.42804045370631	0.153280215045194	0.351309535525382
PA14_RS09995	208.892469695345	0.261502996505964	0.183230686640615	1.42717904571777	0.153528292775868	0.351603659705544
PA14_RS27235	169.513092524227	0.284677522882028	0.199481128463015	1.42708999630915	0.153553955603414	0.351603659705544
PA14_RS01445	18.3593165530613	0.776869091117998	0.544753730519792	1.42609228279488	0.15384170608632	0.352095830872429
PA14_RS08700	56.0326315731945	0.464175215912125	0.325554337670181	1.42579951240699	0.153926221712488	0.352122615043325
PA14_RS29210	447.289978960585	0.257399084297453	0.180614569941764	1.42512912651757	0.154119878586919	0.352398928059736
PA14_RS27770	39.3807821020064	-0.524892554131894	0.368496893995947	-1.42441513804908	0.154326334659544	0.35270423176444
PA14_RS06995	132.340768597015	0.306520148096959	0.215287548303789	1.42377090784848	0.154512799801034	0.352796930990462
PA14_RS15155	27.5398919001693	-0.589436461294661	0.413985411939636	-1.42380973893014	0.154501555738611	0.352796930990462
PA14_RS15860	13.2365297096792	-0.834079377275652	0.585989638776649	-1.42336881419428	0.154629267982099	0.352896243492889
PA14_RS09965	154.969986364213	-0.326818023990187	0.22995283039543	-1.42123940561282	0.155247172478507	0.35413930476701
PA14_RS24395	83.2319216688531	-0.361764939534298	0.254595943773513	-1.42093756158237	0.155334912034972	0.354172387836458
PA14_RS05370	316.00911285138	0.229491440594626	0.161574077332464	1.42034814237195	0.15550635202082	0.354396191504564
PA14_RS01225	51.2951050738927	0.458047919633014	0.322621466908276	1.4197688827794	0.15567497684898	0.354414525149078
PA14_RS07795	28.6449148008991	-0.623481502382427	0.439205915440942	-1.41956535753049	0.155734256811785	0.354414525149078
PA14_RS08325	196.126342351107	-0.28304152766842	0.199361473942289	-1.41974034436741	0.155683288082492	0.354414525149078
PA14_RS01460	37.9392835453584	0.523597876251141	0.369412151411864	1.41738130229336	0.15637147631353	0.355695374585711
PA14_RS10380	530.845735648165	0.232218922921596	0.163865352727479	1.41713253629518	0.156444181502028	0.355695374585711
PA14_RS21265	26.6332752615171	0.601475593184668	0.426175226015753	1.41133401584079	0.158146149044517	0.359396041719589
PA14_RS13410	19.7561226849303	-0.733884499949737	0.520223135178126	-1.41071100134455	0.158329845774362	0.359475649842635
PA14_RS22720	126.349233276328	-0.339105879436847	0.240337164854159	-1.41095897358456	0.158256711452681	0.359475649842635
PA14_RS02210	28.9742728936388	0.607252549014056	0.430614799129551	1.41019897653672	0.158480937951761	0.359649843235437
PA14_RS25710	232.730980478649	-0.26692078207926	0.189337501024464	-1.40976183077843	0.158610020610988	0.359773949190777
PA14_RS16275	15.6213898214156	-0.754716125570447	0.53573235397522	-1.40875592069497	0.158907353207527	0.360279399958556
PA14_RS12410	29.8926367616998	-0.558712286848147	0.396946462392462	-1.40752554760331	0.159271607152236	0.36093603195324
PA14_RS08395	38.5907272978271	0.56507197529047	0.401545046046324	1.40724429514013	0.15935496103597	0.360955780594825
PA14_RS02665	155.341801775545	-0.306158001602226	0.217774359748381	-1.40584962323372	0.159768783076039	0.36155443844442
PA14_RS12900	175.375808785612	-0.310487400155116	0.220851972295832	-1.40586202118773	0.159765100822973	0.36155443844442
PA14_RS26885	13.3863300949607	0.846912641003659	0.602555576778817	1.40553448286238	0.159862402861123	0.361597090849575
PA14_RS25210	196.422805807051	0.279864460905742	0.199413827668897	1.40343558005628	0.160486989303157	0.362840149728876
PA14_RS15160	31.282314030071	-0.535036324993637	0.381896931854371	-1.4009966573852	0.161215072670751	0.364145769003154
PA14_RS27430	79.0571936853115	0.370683861616543	0.264568892878073	1.4010863393051	0.161188256121815	0.364145769003154
PA14_RS20080	48.8472832960756	0.462029428424159	0.329968350662664	1.40022346839108	0.161446410223268	0.364327970060533
PA14_RS24670	1735.25406685084	0.21855090474217	0.156063907811542	1.40039364518595	0.161395471954262	0.364327970060533
PA14_RS27355	121.42741893318	0.332174440432792	0.23757400359165	1.39819355405461	0.162054951932985	0.365530665833916
PA14_RS03605	555.465074544328	-0.197342589230456	0.141200128101891	-1.39760913735186	0.162230472957804	0.365745401355423
PA14_RS22235	12.7562392130498	-0.90396557137337	0.646903529127842	-1.39737307136367	0.162301412594859	0.365745401355423
PA14_RS21775	521.692031027263	-0.216955032771968	0.155416087629959	-1.39596251636788	0.162725783047539	0.366530920734932
PA14_RS21555	43.2644553077606	-0.51499118262898	0.36931554136408	-1.39444763338917	0.163182472493498	0.367388471591506
PA14_RS28600	153.587443408974	0.294393924637474	0.211318810358382	1.39312692579616	0.16358141214367	0.368115267159977
PA14_RS23935	102.731303658163	0.336446859658731	0.241662999745633	1.39221502676398	0.163857293727466	0.368564591844664
PA14_RS01545	65.1626370122166	0.413762973071617	0.297335450901708	1.39156959527304	0.164052771295676	0.368661339212773
PA14_RS21945	29.0651543437911	0.709310099244306	0.509644288866701	1.39177484127528	0.163990590752627	0.368661339212773
PA14_RS07560	19.6345156177172	0.716523503707371	0.515359665401563	1.39033679158625	0.16442663061981	0.368987093121763
PA14_RS08755	60.4555878727919	-0.46280383458162	0.332771485312899	-1.39075568372829	0.164299525723101	0.368987093121763
PA14_RS10025	219.090035663402	0.28266744789752	0.20329086084937	1.39045821694348	0.16438977877175	0.368987093121763
PA14_RS12395	58.8276972436454	-0.416588001147382	0.300078325190587	-1.38826421696001	0.165056604124494	0.369794097519445
PA14_RS14330	16.1494419042568	-0.743703044588218	0.535483770298636	-1.38884329617209	0.164880406334728	0.369794097519445
PA14_RS23465	1254.37117946058	-0.201388208283654	0.145067964973906	-1.38823349676049	0.165065955389288	0.369794097519445
PA14_RS28065	167.18634723199	0.312740322891185	0.225293282088555	1.38814757365139	0.16509211260225	0.369794097519445
PA14_RS26655	1267.25353736075	0.189049616184561	0.136355807611167	1.38644344891899	0.165611536986917	0.37078583003182
PA14_RS07565	504.375358392065	-0.312151961747494	0.225319929761321	-1.38537217758835	0.165938693876207	0.371174617754549
PA14_RS25515	97.4340795101514	0.360071044382847	0.25988688841378	1.38549138273401	0.165902265648479	0.371174617754549
PA14_RS10375	73.1680701207326	-0.384820001434864	0.277855544100107	-1.38496427228466	0.166063392298014	0.371281814680165
PA14_RS20590	183.523796093715	-0.273982306330052	0.19793950427982	-1.38417193337381	0.166305815137894	0.371651997230525
PA14_RS03685	547.512402440268	-0.29794085111578	0.215337925458381	-1.38359673746074	0.166481967873425	0.37167972833774
PA14_RS06155	20.742232762696	-0.757291031334067	0.547341394054854	-1.38358077711581	0.166486857700434	0.37167972833774
PA14_RS23590	170.741674590711	-0.275766313837955	0.199342612867942	-1.38337864579231	0.166548794728677	0.37167972833774
PA14_RS17770	22.1967210871323	-0.649987130474432	0.469973373744909	-1.38302969228897	0.166655761736674	0.371746892877563
PA14_RS24250	147.920759062701	0.285045201554441	0.20614853045018	1.38271760139143	0.166751472749956	0.371788899132682
PA14_RS20375	111.263238346579	-0.31861147200269	0.230494051391118	-1.38229802495878	0.16688021217956	0.371904472857304
PA14_RS08905	191.78114302807	-0.270017042720564	0.19557786975918	-1.38061143141115	0.167398466606556	0.372733670289952
PA14_RS11840	14.2896453097127	-0.774990923478715	0.561494541299219	-1.3802287760189	0.167516216596385	0.372733670289952
PA14_RS12585	31.104360717825	0.63541653162101	0.460418524247503	1.38008463638495	0.167560587098915	0.372733670289952
PA14_RS14830	11.0864682447973	-0.900481439685005	0.65241444046473	-1.38022916697486	0.167516096260417	0.372733670289952
PA14_RS18125	29.8886636059701	0.557469223098516	0.404354868035481	1.37866331573285	0.1679985850338	0.37353616424067
PA14_RS27705	12.9572760061654	0.808698563637887	0.586757796451567	1.37824937057251	0.168126308973135	0.373648359464192
PA14_RS20840	581.443851774024	0.193672268533768	0.140596173721431	1.37750739161294	0.168355431093434	0.373985698101904
PA14_RS11420	24.2239152353325	0.625271985521429	0.454091261163961	1.37697427587284	0.168520201173814	0.374008119723067
PA14_RS20430	100.779216379503	-0.333604646356513	0.242271207323396	-1.37698841741108	0.16851582888655	0.374008119723067
PA14_RS06445	376.463262080092	-0.241925295539505	0.175742405012024	-1.37659033130309	0.168638941869731	0.374099964624779
PA14_RS30910	83.2056845786466	-0.437147483297391	0.317812815140463	-1.3754872757544	0.168980427868068	0.374685625479128
PA14_RS19185	75.146666574291	-0.388679200772817	0.282721118783739	-1.37477950867239	0.169199812785774	0.374889233966033
PA14_RS21260	34.1149918204588	0.555114258429971	0.403810238324766	1.37469089623111	0.169227294819655	0.374889233966033
PA14_RS01955	41.4881836629695	0.511811741211337	0.372427992631151	1.37425690694048	0.169361939492983	0.375015723163034
PA14_RS22260	25.377752433984	-0.606924309560228	0.44191591335749	-1.37339319815182	0.169630143174969	0.375437699036224
PA14_RS01875	535.321899717553	0.205033154455649	0.149339906802866	1.37292943892285	0.169774283624241	0.375487259926278
PA14_RS21080	202.207499496413	-0.249862337928671	0.182006419345151	-1.37282156765493	0.169807824122988	0.375487259926278
PA14_RS02470	106.463865924578	0.321605848432898	0.234603853667069	1.37084640088349	0.170422842817869	0.376674985314083
PA14_RS07690	179.301133126602	-0.286559449379422	0.209089546879632	-1.37051064319532	0.170527555326272	0.376734242831361
PA14_RS18370	14.0430754007507	-0.850052016465982	0.621209663887192	-1.36838182964962	0.171192588814838	0.378030757766464
PA14_RS08375	21.661269186183	-0.655059956754891	0.479646585097641	-1.36571379241977	0.172028813557069	0.379527174024374
PA14_RS08870	29.4596200577736	-0.658386076015421	0.482047524202948	-1.36581154960612	0.171998120345006	0.379527174024374
PA14_RS18255	91.137421901073	-0.34051831282064	0.249378278714924	-1.36546901588772	0.172105684994924	0.379527174024374
PA14_RS29055	23.7277212232681	0.601967428080414	0.440974535683193	1.36508432884407	0.172226546896766	0.3796205928864
PA14_RS19110	65.9572917748978	-0.418091493292945	0.306374093256821	-1.36464375577107	0.172365045195971	0.379752782946567
PA14_RS10925	348.050579483158	-0.215759738926223	0.158245323648415	-1.36345096304767	0.172740428918176	0.380406518328006
PA14_RS01775	28.6420263269303	0.642462464519014	0.471542855396481	1.36246887672346	0.173049959847784	0.380914704517015
PA14_RS26000	91.5829934974481	-0.331983179716444	0.243721689944946	-1.3621404799525	0.173153555377326	0.380969332941197
PA14_RS05755	219.891502862259	-0.291027403375206	0.213826456562303	-1.36104487748647	0.173499507733593	0.381424294676147
PA14_RS22325	246.437400499515	-0.245992568233259	0.180745834642119	-1.36098609807706	0.173518082772441	0.381424294676147
PA14_RS26715	467.402839648145	0.190131794611823	0.139771857358678	1.36030098050363	0.173734698232279	0.381726942594866
PA14_RS02020	62.2595609061942	0.401634818629677	0.295586662818329	1.35877178895763	0.174218915454723	0.382443338692255
PA14_RS27990	52.8690204789475	0.412101383142218	0.303234085550169	1.35902064701772	0.174140046168443	0.382443338692255
PA14_RS01575	125.308342392153	-0.357493863441628	0.26321619511681	-1.35817578885289	0.174407911102112	0.38268450911516
PA14_RS05025	25.4274800613556	0.596717599325149	0.439451330734938	1.35786959235554	0.174505067582699	0.382724039378653
PA14_RS01425	473.214418076881	-0.225856915845738	0.16639950109592	-1.35731726572632	0.1746804235996	0.382934963067844
PA14_RS18605	271.855019458136	0.254478177330641	0.187685006135251	1.35587910068457	0.175137638127793	0.383763306744906
PA14_RS01485	197.272890069389	0.251303503058461	0.18542004433753	1.35532004620278	0.175315610884766	0.383979299926961
PA14_RS08400	86.2435828300548	-0.354242091533094	0.26168712817496	-1.35368557866649	0.175836710993317	0.384946280834623
PA14_RS21430	329.683456537827	0.219426625111563	0.162260880624371	1.35230761886181	0.176276928129614	0.385735395671862
PA14_RS02290	52.0270630773194	0.426352258745335	0.315693279909706	1.35052687490618	0.176847039071923	0.386754648308716
PA14_RS10590	10.8486299519642	-0.955082201280356	0.707283167154501	-1.35035336005915	0.176902663783888	0.386754648308716
PA14_RS14500	12.8946602842786	-0.962416888645291	0.712991347982587	-1.34982968779138	0.177070619632792	0.386946912130222
PA14_RS03530	3694.10327757533	-0.152616915853781	0.11315326428268	-1.34876282024452	0.177413160374079	0.387520344882135
PA14_RS07640	183.466807909022	0.255337862427184	0.189445013748572	1.3478204433824	0.177716140973737	0.387905787268475
PA14_RS19060	34.2206492151358	-0.516895634216324	0.383534806149275	-1.34771505982991	0.177750046440641	0.387905787268475
PA14_RS08530	55.8502405843474	-0.461056692956438	0.342214742399105	-1.347273030157	0.177892314862279	0.387914979079251
PA14_RS11945	19.7089438099513	-0.690398162199995	0.512467595988384	-1.34720354536454	0.177914686434611	0.387914979079251
PA14_RS06300	381.523052901527	0.203920503462753	0.151476473699267	1.34621897699841	0.178231906710087	0.388431501059027
PA14_RS28980	32.345104413237	0.547021086414165	0.406731543820289	1.3449192587233	0.178651310178112	0.389170151360968
PA14_RS08330	456.339666021275	-0.19756230042647	0.146994969040778	-1.34400722497968	0.178946050575476	0.389636695444845
PA14_RS12945	30.7877345419815	-0.585154042693922	0.435504699242701	-1.34362279835659	0.17907039336622	0.389731963239892
PA14_RS01180	42.6121056517684	0.464190925936164	0.345750403064769	1.34256076586325	0.179414241715564	0.38980110459402
PA14_RS03155	35.2462978524129	-0.598362079900246	0.44557772847278	-1.34289045808267	0.17930744660254	0.38980110459402
PA14_RS15380	74.2975177041268	-0.396339294780141	0.295057092473256	-1.34326306633712	0.179186806872202	0.38980110459402
PA14_RS26430	11.3496829340838	0.843377223115308	0.628200439924487	1.34252886422156	0.179424577921069	0.38980110459402
PA14_RS06840	675.526247592879	0.251798153317144	0.1876173203549	1.34208373108005	0.179568848273593	0.389939357993308
PA14_RS24750	218.300328479678	-0.251057802254698	0.187240734789833	-1.3408289736552	0.179975986875647	0.390648057688792
PA14_RS08785	227.698537525019	0.262203620321549	0.195739281614762	1.33955544415247	0.180389917581874	0.391195354899526
PA14_RS10525	120.644011849406	-0.321038759317622	0.239626465390497	-1.33974667111354	0.180327718690819	0.391195354899526
PA14_RS12235	642.180662691334	-0.190209761478097	0.142083250586732	-1.33872050852318	0.180661677233456	0.391609086105332
PA14_RS09325	68.1668744601451	-0.375435529623712	0.280614861168225	-1.33790323171317	0.180927983543754	0.392010631011466
PA14_RS04650	53.8873406115276	-0.428881532232962	0.321049752217709	-1.33587249100922	0.181590953775588	0.392722960430478
PA14_RS05110	30.4718486346898	0.588332847958562	0.440483379644652	1.33565277408011	0.181662792076712	0.392722960430478
PA14_RS07190	56.9563920198187	-0.427988915507584	0.3203994988391	-1.33579770585882	0.181615403043755	0.392722960430478
PA14_RS13440	10.7348007122052	-0.905216774681735	0.677497825065919	-1.3361176098147	0.181510834996246	0.392722960430478
PA14_RS15755	11.3234065507025	-0.853687396636081	0.638899024145983	-1.33618516287015	0.181488759423763	0.392722960430478
PA14_RS23705	126.451819017488	-0.303077231971516	0.227107614772166	-1.33450933503732	0.182036989558163	0.393325030222479
PA14_RS25845	158.013441721106	0.275591933545397	0.20654344993706	1.33430488175432	0.1821039583681	0.393325030222479
PA14_RS17140	12.8031587240329	-0.799583209276621	0.600208882915005	-1.33217490116661	0.182802722071197	0.394658019614425
PA14_RS26905	81.0614569008452	0.339732481357238	0.25520251637926	1.3312270042524	0.183114328429351	0.395154347293324
PA14_RS28575	523.174364136938	-0.186640644812902	0.140240131261058	-1.33086473275947	0.183233523453584	0.395235200455634
PA14_RS06900	495.52815832532	-0.197962828416114	0.148823473128265	-1.33018551613493	0.183457155090489	0.395269687307271
PA14_RS09950	17.9183527441242	-0.712486987647145	0.535503307699162	-1.33049969515298	0.183353686729925	0.395269687307271
PA14_RS27425	31.0540668683284	0.512833592083074	0.385568440507851	1.3300714949792	0.183494716295456	0.395269687307271
PA14_RS16570	43.2275875298305	-0.446804271722613	0.336364386353772	-1.32833406225321	0.184067771805559	0.396327579898345
PA14_RS19530	69.9849712240909	-0.409820958443487	0.308795540554406	-1.32715957525715	0.184455901526469	0.396809937625447
PA14_RS27840	60.1639360846408	-0.472576872086883	0.356068435417038	-1.3272079889176	0.184439890425914	0.396809937625447
PA14_RS05265	14.4411141526918	0.782093837167458	0.5903482626888	1.3248007770961	0.185237237017699	0.398313596361757
PA14_RS03400	293.509937159227	0.223856627725238	0.169051521791378	1.32419173369817	0.185439375500288	0.398393967089913
PA14_RS08765	205.430699212497	-0.243881610869047	0.184149794671313	-1.32436536953163	0.185381730010917	0.398393967089913
PA14_RS17435	34.4050112054349	-0.638582743398783	0.48237647773729	-1.32382645686667	0.185560687303589	0.398477568294918
PA14_RS06170	54.4036216477724	-0.407484940945685	0.307877975499623	-1.32352741466622	0.185660045656107	0.398513972833081
PA14_RS19565	52.7897724471968	-0.412766671171821	0.312253939379191	-1.32189419929326	0.186203384291457	0.399502913235797
PA14_RS25480	122.44303911897	0.361915868893948	0.273979584499739	1.32095925889797	0.186514949032563	0.399993921739014
PA14_RS25655	3370.24331236838	-0.143059866800536	0.108331850815446	-1.32057068834033	0.186644551699655	0.40009443795192
PA14_RS30865	204.184899508606	-0.265265101748322	0.200910503402395	-1.32031475336576	0.186729951824828	0.400100153754925
PA14_RS24145	12.624913427014	-0.805644060418217	0.610553197464765	-1.31953130990639	0.186991549872525	0.400483230816445
PA14_RS02345	16.3855269296079	-0.794721420573642	0.602627825188066	-1.31875991674568	0.187249388591911	0.400814985212982
PA14_RS06315	30.3209713757191	-0.560575738981239	0.425138487925419	-1.31857207687011	0.18731221393328	0.400814985212982
PA14_RS18355	33.5354276480735	-0.511225155625551	0.387915034870509	-1.31787919949069	0.187544089826935	0.401133665812941
PA14_RS19475	23.3200095288883	-0.592935422749576	0.450250564381354	-1.31690100947296	0.187871808087085	0.401656969013768
PA14_RS17150	28.6874105073384	-0.539441206647019	0.409799142223047	-1.31635513857032	0.188054872197119	0.401870685791103
PA14_RS12475	38.3897371053797	-0.481854979938582	0.366293247738241	-1.31548966003032	0.188345390148482	0.402313739734125
PA14_RS21470	176.775115980845	-0.288625438546909	0.219480162433886	-1.31504111964493	0.188496083329145	0.402457862684215
PA14_RS09020	34.1897426269505	-0.578452195081861	0.440047924627521	-1.31452090263008	0.188670968599809	0.402475873025442
PA14_RS09860	47.2072899102563	-0.421122884410846	0.320302745364419	-1.31476514174651	0.188588846000678	0.402475873025442
PA14_RS02360	75.4027207182324	0.359896289318795	0.27387582831918	1.31408562605738	0.188817390729049	0.402532179097259
PA14_RS20535	30.8495548539168	-0.524248932867804	0.398987699813991	-1.31394760568361	0.18886383671871	0.402532179097259
PA14_RS23335	518.395959047373	-0.221589542823959	0.168763140432123	-1.31302097280586	0.189175881166568	0.403019630538116
PA14_RS00145	17.6132990016896	0.715050310490756	0.54494386751881	1.31215406413593	0.189468157383656	0.403286975839507
PA14_RS24850	16.1283504409342	-0.825381075399198	0.628934791760222	-1.312347617293	0.189402872553302	0.403286975839507
PA14_RS20220	16.5929244173877	-0.694892569882165	0.529792186751501	-1.31163234804009	0.189644213066652	0.403484124236836
PA14_RS12655	272.470113130214	0.239495983789381	0.182742349603458	1.31056640296612	0.190004296215287	0.404072461080532
PA14_RS03615	629.213108475844	-0.191023664127155	0.145823173154893	-1.30996781920422	0.190206722374688	0.404325146990766
PA14_RS02595	112.098309951872	0.319941145683689	0.24436298530018	1.30928645060817	0.190437337561096	0.404562338204388
PA14_RS17965	15.8588637706626	0.749907436737749	0.572822778929179	1.30914388240567	0.190485617057773	0.404562338204388
PA14_RS10385	27.6461637871133	-0.604295059140896	0.461856001999368	-1.3084057726324	0.190735715709458	0.404915680935444
PA14_RS20290	39.0239059325146	-0.465693112085348	0.356066785894906	-1.30788135971435	0.190913552859869	0.405115375879916
PA14_RS28415	99.3673113572775	0.313707512512944	0.239988521503217	1.30717715392375	0.191152552707149	0.405444624952533
PA14_RS02275	208.989019200722	0.25760983786555	0.197113319265238	1.30691238332255	0.191242469923714	0.405457511859307
PA14_RS19390	42.5611859551548	-0.470485885469985	0.360555422431698	-1.30489199773195	0.191929626486939	0.406736053326397
PA14_RS12825	70.8066324594804	-0.385225586746596	0.29554291744872	-1.30345057858961	0.192420978477682	0.407598708680713
PA14_RS31410	12.8747742796341	0.778529974098147	0.597637937589089	1.30267830258365	0.192684612589919	0.407730269295475
PA14_RS31665	164.74654912728	-0.333251788390507	0.255947002062731	-1.30203434970819	0.192904643537644	0.407730269295475
PA14_RS20845	231.790316642776	0.281795750698174	0.216377778687612	1.30233220993089	0.192802845347243	0.407730269295475
PA14_RS26440	11.7453065342282	0.80756254732432	0.619886447053856	1.30275883778785	0.192657107661082	0.407730269295475
PA14_RS27610	108.860631039591	0.342865073079541	0.263301637479335	1.30217599997437	0.192856227514764	0.407730269295475
PA14_RS30950	40.8910383301745	-0.496937781719193	0.382038717746173	-1.30075240711429	0.193343217377734	0.408478724001189
PA14_RS03690	1577.78325372854	-0.163404689390735	0.125762834859545	-1.29930825408976	0.193838162832241	0.409039446863183
PA14_RS11880	31.1092869327695	-0.507046704415214	0.390264772532372	-1.29923769733317	0.193862368116298	0.409039446863183
PA14_RS19055	51.7194685094162	-0.412497882166236	0.317432721563805	-1.29948128892983	0.193778810689495	0.409039446863183
PA14_RS00345	45.8085018647007	0.51171714578575	0.393967595315448	1.29888130869246	0.193984665136484	0.409118988486714
PA14_RS07435	12.5053583144756	-0.848848535368983	0.654009323786398	-1.29791503652358	0.194316532476094	0.409640257652305
PA14_RS23695	253.201936943644	-0.261598059624821	0.201731591550715	-1.29676297903522	0.194712752303791	0.410296675442759
PA14_RS08805	138.301261145717	0.271204344095376	0.209194096441112	1.29642446277981	0.194829288640229	0.410310698847304
PA14_RS17100	14.9613004983245	-0.748666440583617	0.577562959311418	-1.29625078705912	0.194889097446704	0.410310698847304
PA14_RS27035	353.976544440647	0.219837551852645	0.169657439813655	1.29577313022115	0.195053657853575	0.410478454908567
PA14_RS02050	134.107048141641	0.278493577193939	0.215302595221322	1.29349846855148	0.195838713396249	0.411549600977289
PA14_RS08130	878.221929331822	-0.19442067411092	0.150332822251345	-1.29326830428198	0.195918278979325	0.411549600977289
PA14_RS18175	104.45735635566	-0.312495260047325	0.241553458919845	-1.2936898583225	0.195772569821573	0.411549600977289
PA14_RS31720	38.9747164126348	-0.504457499307912	0.389950061818015	-1.29364641450765	0.195787582401545	0.411549600977289
PA14_RS27615	60.8426947295042	0.373689952925632	0.288995217500461	1.29306621804229	0.195988157785504	0.411549600977289
PA14_RS01135	29.0463012111178	0.543385149452099	0.42038639002802	1.29258501783533	0.196154624109192	0.411720382895855
PA14_RS23810	127.272152095355	-0.29874572870744	0.231307205089095	-1.29155392540569	0.19651166883194	0.412290859206621
PA14_RS06965	47.4041184690404	0.413083666107421	0.320119427017635	1.2904048653213	0.196910123746377	0.412947683624233
PA14_RS08740	100.287143649443	0.320523516294088	0.248457745569976	1.29005242142397	0.197032457760912	0.413025126021573
PA14_RS15850	48.7747146098197	-0.426910243026318	0.331013230165427	-1.28970749239529	0.197152237216404	0.413097148690871
PA14_RS25485	41.4527215385713	0.442305395886907	0.343514544958353	1.28758855302773	0.197889226131776	0.414461800594745
PA14_RS23165	52.5090583192945	0.398653867706928	0.309979659058966	1.28606460474587	0.198420515694593	0.415394638051537
PA14_RS26065	51.3651282221085	0.410406780580928	0.319468749811763	1.28465391629932	0.198913248776444	0.416245984890906
PA14_RS04340	118.821712872872	-0.301493005602174	0.234771053167083	-1.28420008146237	0.199071956712318	0.416397916375765
PA14_RS25490	40.6714429479309	-0.454754168574939	0.354329326720456	-1.2834223257329	0.19934415629659	0.416787003826334
PA14_RS18710	54.3211177656617	-0.381502466883385	0.297349004145918	-1.2830124250094	0.199487723067317	0.416906926859787
PA14_RS25975	32.8843770762867	-0.505151096588413	0.393963416445603	-1.28222843924434	0.199762522622266	0.417300889590185
PA14_RS07875	46.0857345390501	0.449766801297957	0.350849776046719	1.28193555192142	0.199865255222639	0.4173352220452
PA14_RS23640	800.504650536218	-0.183438554123357	0.14315880301143	-1.28136412336942	0.200065799480525	0.417573675566602
PA14_RS23630	941.592383667459	0.178191961096798	0.139130794960389	1.28075140480243	0.200280997770651	0.417842495780358
PA14_RS23050	54.3606856389433	-0.400642555277922	0.312922943632104	-1.28032336212761	0.200431434644776	0.417976031885354
PA14_RS13590	293.808867211109	-0.235038093374734	0.183774716362422	-1.27894684332537	0.200915775392661	0.418805469740908
PA14_RS09085	186.088652073525	-0.271307765480626	0.212316717450565	-1.27784457455074	0.201304234047754	0.419434414414019
PA14_RS27370	977.894213304572	-0.169409216225218	0.132635167126163	-1.27725715506563	0.201511474503351	0.419685396510856
PA14_RS20065	47.450332857355	0.41294227533473	0.323587535263964	1.27613776902091	0.201906822394784	0.420327762850269
PA14_RS01440	18.4428869154285	0.642015415028851	0.503503817538442	1.27509542661975	0.202275467936836	0.420619007227885
PA14_RS06730	44.1055893163302	0.424322286371755	0.332772701129389	1.27511146476757	0.202269792007146	0.420619007227885
PA14_RS06955	92.5969924671795	0.338560084527323	0.265638748325623	1.27451317498422	0.202481606457096	0.420619007227885
PA14_RS20865	180.953440593466	-0.24142111958679	0.189410228338985	-1.27459388916802	0.202453021528296	0.420619007227885
PA14_RS25825	120.085366323384	-0.326224601917176	0.255892074313397	-1.27485230948435	0.202361521749796	0.420619007227885
PA14_RS28260	199.539377234689	0.246346119758471	0.193381137675842	1.27388908100961	0.202702728627834	0.420897550727438
PA14_RS25695	1961.92066259092	-0.174080236666749	0.136768069967519	-1.27281343304831	0.203084253284358	0.421508776344702
PA14_RS05475	28.8219435789576	-0.50639420452549	0.399081726444517	-1.26889850115924	0.204477266981309	0.424036047650776
PA14_RS11770	18.3600726293133	0.6905742154919	0.544130042187972	1.26913451188078	0.2043930931201	0.424036047650776
PA14_RS13760	25.7523825151779	-0.554540420628433	0.437128286366143	-1.26859880251251	0.204584191648096	0.424075932623314
PA14_RS03115	35.4870770272674	0.479628696907045	0.378680197234691	1.26657982226039	0.20530557107893	0.425388921053001
PA14_RS08910	140.014276778537	0.264958544351567	0.20952427700088	1.26457204933085	0.206024777862562	0.426331119274006
PA14_RS12820	21.1594229167063	-0.64530297133071	0.510162817580599	-1.26489612549774	0.205908566448746	0.426331119274006
PA14_RS22185	17.535734729413	0.721056721705415	0.570158192058922	1.26466081124184	0.205992943734706	0.426331119274006
PA14_RS19465	36.5796587260738	-0.474968441990102	0.375741291386271	-1.26408370035068	0.206199986318061	0.426511177858914
PA14_RS23530	205.936500487039	0.238913508427422	0.189140054315899	1.26315660261148	0.206532905485853	0.427017157302089
PA14_RS09815	44.8021212382909	-0.429267390177582	0.340073538940492	-1.26227812818067	0.206848724053513	0.42732444217366
PA14_RS10125	24.4932838040732	-0.574214063615235	0.454912513808087	-1.26225163341512	0.206858254575794	0.42732444217366
PA14_RS17760	112.616365776741	-0.309663134952627	0.245432990919003	-1.26170134582609	0.207056272460888	0.427368388229132
PA14_RS25045	56.5210463318659	0.463066176022518	0.366997113235706	1.26177062249836	0.207031336074669	0.427368388229132
PA14_RS09100	68.110825362779	0.401507693397049	0.318323147151776	1.26132107259423	0.207193191994992	0.427402716712828
PA14_RS15340	62.8375459437712	-0.391823880826435	0.310744694858029	-1.26091897081444	0.207338042474833	0.427402716712828
PA14_RS19700	11.032900489444	-0.888949575053369	0.704963728471389	-1.26098625950718	0.207313797724611	0.427402716712828
PA14_RS01940	189.763479877921	-0.273890775731595	0.217358497898511	-1.26008772778454	0.207637716866578	0.427838090654781
PA14_RS16050	175.605324663104	-0.262584321832792	0.208475329075385	-1.25954626380679	0.207833090884914	0.428058274071313
PA14_RS31555	16.9835088498267	-0.718829762621586	0.571156244823066	-1.25855187461754	0.208192239064785	0.428345515284321
PA14_RS31670	29.5162513463026	0.607858260103112	0.483052441401592	1.25836908791806	0.208258305917755	0.428345515284321
PA14_RS25020	237.144770176365	-0.252570243323264	0.200692929423062	-1.25849098944011	0.208214243858003	0.428345515284321
PA14_RS25680	2470.86368797754	-0.182671216238858	0.14521519858186	-1.25793455521726	0.208415425447479	0.428345515284321
PA14_RS26040	180.079709297662	-0.237663514437248	0.188900646174089	-1.25814029359232	0.208341023292558	0.428345515284321
PA14_RS27765	41.7114951028366	-0.470937425555977	0.374721671015116	-1.25676591983649	0.20883841009173	0.4290325196277
PA14_RS14595	16.5665426409155	-0.649601402106617	0.517024544255172	-1.25642275463428	0.208962735943572	0.429105643746545
PA14_RS03985	13.9521612232543	-0.847931048434803	0.675973217243458	-1.25438556854748	0.209701895427345	0.429711172155357
PA14_RS16320	15.5212345432394	-0.706228955490716	0.562803625535279	-1.25484080671838	0.209536555708139	0.429711172155357
PA14_RS19295	174.972149454702	-0.236041720556216	0.188079100458764	-1.25501302367175	0.209474032181906	0.429711172155357
PA14_RS20935	32.1694073521057	-0.514546142499963	0.410025158292155	-1.25491358784705	0.20951013080259	0.429711172155357
PA14_RS21035	1854.78959340519	0.191765781421597	0.152859646889469	1.25452194430529	0.20965235467873	0.429711172155357
PA14_RS06495	49.6905344193873	0.42427984672378	0.338920684133065	1.25185586654015	0.210622388821401	0.431414600737101
PA14_RS03850	121.120503827705	-0.329934333805216	0.263781633334354	-1.25078584750066	0.211012619657696	0.432030918147593
PA14_RS01430	1437.17350357722	-0.168731556365494	0.135013624029468	-1.24973725857968	0.211395542055593	0.432083195849894
PA14_RS04990	592.67413945483	0.169444696686254	0.13555022932793	1.25005097760716	0.211280925900375	0.432083195849894
PA14_RS07440	186.026481264448	0.244775025515206	0.195825461632163	1.24996526741241	0.211312235359847	0.432083195849894
PA14_RS18585	30.0358020581163	-0.521706198101188	0.417364318654214	-1.25000191627167	0.211298847324013	0.432083195849894
PA14_RS12930	45.6564533510378	-0.44178598461192	0.353675318597984	-1.24912868210091	0.211618011523865	0.432247884714895
PA14_RS25035	434.029526269559	0.202895808142467	0.162442978274743	1.24902787610373	0.211654878206135	0.432247884714895
PA14_RS22315	49.330502387283	-0.434106268195647	0.347625153710867	-1.24877691836048	0.211746678419446	0.432252822640963
PA14_RS24155	27.2948835877419	-0.530317396688574	0.424776047105741	-1.24846351460246	0.211861361757499	0.432304449560871
PA14_RS27480	18.0061875770291	0.666518701647114	0.534743511842391	1.24642690726758	0.212607707979865	0.43364440143004
PA14_RS03645	2308.86389059494	-0.239407526018668	0.192270365869857	-1.24516081786997	0.213072642102898	0.434148858648166
PA14_RS14825	17.1375417519149	-0.66571659013091	0.534703482303207	-1.24502011332219	0.213124356995605	0.434148858648166
PA14_RS22150	662.458251394684	-0.173169937079713	0.139086281575276	-1.24505404212701	0.213111885890982	0.434148858648166
PA14_RS07010	661.315626606666	0.205396661449266	0.165054678034397	1.2444158741533	0.213346543537599	0.43419102872168
PA14_RS11685	602.187399521793	-0.176016087161861	0.141435751133266	-1.24449501453145	0.213317433088501	0.43419102872168
PA14_RS16405	16.2587743929315	-0.708144381600585	0.569142024033695	-1.24423140744684	0.213414407624366	0.43419102872168
PA14_RS28265	654.253644725953	0.194914696158055	0.156722293590082	1.24369476539099	0.213611923286535	0.43441011817228
PA14_RS01535	102.28121275151	0.302925672192406	0.243774156275867	1.2426488386636	0.21399726449572	0.435010832745398
PA14_RS02150	123.296865976107	0.294905514875126	0.237470407908158	1.2418621649447	0.214287421702806	0.435052045069173
PA14_RS22365	11.7523933490419	-0.957005846412544	0.770478427705993	-1.24209298015249	0.214202258288903	0.435052045069173
PA14_RS24440	18.9921728339361	-0.703652322002685	0.566395126249628	-1.24233470485861	0.214113095790115	0.435052045069173
PA14_RS17185	103.644827569464	-0.288392822675327	0.232282929224734	-1.2415584030986	0.214399537296778	0.43509700477013
PA14_RS03430	289.578745952394	0.251453073643031	0.202646764710424	1.24084425429811	0.21466328939348	0.435234307728473
PA14_RS06710	87.3516241804311	0.32596301071297	0.262736885591855	1.24064426652043	0.214737191530219	0.435234307728473
PA14_RS26365	103.917648829077	0.309058754998472	0.249051654224243	1.24094238988752	0.214627031735378	0.435234307728473
PA14_RS04490	31.1164349346717	-0.546951839101493	0.440962363576456	-1.24035945985368	0.214842468722768	0.435265261308465
PA14_RS07360	47.8671230365725	-0.416973294173712	0.336361554047526	-1.239658008343	0.215101914985951	0.435533374378231
PA14_RS10215	217.021025050821	0.251671022586291	0.203039957016368	1.23951475504894	0.215154927913481	0.435533374378231
PA14_RS27290	45.2625219292698	0.414470589575254	0.334461517912352	1.23921757026729	0.21526493540988	0.435573735415138
PA14_RS06630	152.928781208941	0.281824975682784	0.227626319273076	1.23810364540792	0.215677632378414	0.436226277784196
PA14_RS01560	137.072921920064	0.27388236045662	0.221584260378854	1.236019020432	0.216451493650946	0.437608454555173
PA14_RS10180	85.4342950262958	-0.357404216621433	0.28922864515123	-1.2357151430646	0.216564466684691	0.437653890884734
PA14_RS00750	11.1063142194055	0.838674317767651	0.678907864344414	1.23532862382956	0.216708224942325	0.437761476951162
PA14_RS06625	496.836176887091	-0.191585958144241	0.155195268798991	-1.23448323925636	0.217022888492443	0.438214066283697
PA14_RS13280	20.532371804022	-0.657120757945681	0.533161384840166	-1.23249878297671	0.217762820970925	0.439341260832455
PA14_RS20555	48.6555607474159	-0.435775372198941	0.353569003608878	-1.23250445528591	0.217760703389019	0.439341260832455
PA14_RS01805	42.840157371746	0.473667608582736	0.38492411288762	1.23054802940086	0.218491952985333	0.440380550768321
PA14_RS02680	61.0091821257047	-0.406582460205555	0.330450101542343	-1.23038987825355	0.218551141820507	0.440380550768321
PA14_RS06760	361.627152174298	-0.202270470660249	0.164374097594063	-1.23054954290775	0.218491386603668	0.440380550768321
PA14_RS16090	20.6550677278024	-0.607439798609628	0.49400552509759	-1.22962146726928	0.218838887320316	0.440593196952977
PA14_RS27040	253.818183795123	0.232349376761788	0.188923877810313	1.22985712264003	0.218750612957283	0.440593196952977
PA14_RS03665	1433.49847380717	-0.154025119369824	0.125343741964183	-1.22882177407658	0.219138635856245	0.441013084894216
PA14_RS26415	624.311609280738	-0.173399354488503	0.141163105019883	-1.22836172004065	0.219311211173572	0.44117679585499
PA14_RS17090	43.3138860163247	-0.437696145213738	0.356526285055195	-1.22766865603185	0.219571377297776	0.441516499214986
PA14_RS03450	285.282904012541	0.728987928979262	0.594724555817579	1.22575723811691	0.220290043506688	0.442290083817102
PA14_RS22025	25.598435583079	-0.536925422687052	0.438065957850073	-1.22567255698699	0.220321921405169	0.442290083817102
PA14_RS28645	12.9929472430858	0.771850484200524	0.629397652104196	1.22633200429026	0.220073762341751	0.442290083817102
PA14_RS28940	19.4489291036578	0.661443663051245	0.539604944022833	1.22579244385733	0.220276791409525	0.442290083817102
PA14_RS18685	38.4995865488368	0.537115899401263	0.438407323028484	1.22515266326052	0.220517705998055	0.442499429961242
PA14_RS21085	406.346298712032	0.189898187811535	0.15514747272791	1.2239850541721	0.220957865714807	0.443198771711657
PA14_RS02100	356.428565089794	0.197947075777892	0.161823692257652	1.22322679093693	0.221244049306458	0.443588815276132
PA14_RS11625	14.6096362392607	-0.704999259279421	0.576908152961746	-1.22203032780882	0.221696158382858	0.444138819282441
PA14_RS27830	166.14004578311	-0.253477375817916	0.20742579074737	-1.22201474997212	0.221702049162079	0.444138819282441
PA14_RS09375	42.3447923092752	-0.445110896395373	0.36457815959248	-1.22089292702808	0.222126562830073	0.444804992896992
PA14_RS11845	12.2366435863898	0.746236891932645	0.612701985144545	1.2179443024925	0.223245139165051	0.446859889487659
PA14_RS24595	136.623663623938	-0.255215797194051	0.209756276540743	-1.21672543679272	0.223708697639595	0.447602507978933
PA14_RS17470	120.16878469305	-0.267910856422259	0.220244592214474	-1.21642422058367	0.223823362062598	0.447646724125195
PA14_RS13290	38.1226233102505	-0.462930903311569	0.380731850314313	-1.21589749565054	0.224023972218172	0.44786272412033
PA14_RS07175	13.4803906576535	0.807936311306426	0.665144072677654	1.21467866060046	0.224488674490062	0.44860629331981
PA14_RS16870	1262.49682152584	-0.184522545525872	0.151968167644337	-1.21421840103859	0.22466433560047	0.448771882265126
PA14_RS13275	71.5002367435507	-0.354890454338787	0.292380971427846	-1.21379463446501	0.224826155746362	0.448776370646769
PA14_RS22760	666.462119706846	-0.212306070609443	0.174920849374415	-1.2137265018363	0.224852180743821	0.448776370646769
PA14_RS03020	842.439403479318	-0.184904303189019	0.152411864868614	-1.21318837840096	0.22505780636473	0.449001465173199
PA14_RS10990	420.394360248749	0.208130488700412	0.171704119049489	1.21214616080599	0.225456436393336	0.449611268617804
PA14_RS27540	212.160303250446	0.231370940585952	0.191043025015769	1.21109336793036	0.225859622894017	0.450229652232261
PA14_RS04055	90.1585575815154	0.297221461005527	0.245673664207311	1.20982223293872	0.226347113056108	0.450939818793999
PA14_RS07260	119.703289534198	-0.271624734322047	0.224542957072217	-1.20967826318724	0.226402373869278	0.450939818793999
PA14_RS03575	1283.25847705408	-0.211417591976701	0.17486180456323	-1.20905530229875	0.226641599791032	0.451100197591832
PA14_RS26910	49.7361641676927	-0.382259249178386	0.316182537713322	-1.20898279817393	0.226669454124928	0.451100197591832
PA14_RS09130	14.6440449613278	0.725663652217229	0.600973442133169	1.20748039986837	0.227247188886187	0.451499926595891
PA14_RS17125	216.586506255098	0.217014825031862	0.17966623258814	1.20787764014254	0.227094331454965	0.451499926595891
PA14_RS17525	24.5495137729854	-0.541947668308718	0.448797069682795	-1.20755616495393	0.227218028941211	0.451499926595891
PA14_RS20335	65.6729171920033	0.364125606867225	0.301616549814616	1.20724677439295	0.227337121848841	0.451499926595891
PA14_RS29190	28.7575196395444	0.510946890940022	0.422911158516776	1.2081660193881	0.226983409514252	0.451499926595891
PA14_RS08795	166.338826788219	-0.278804910909084	0.231021543678992	-1.20683511359654	0.227495650355662	0.451629296026265
PA14_RS13500	12.3338837554142	-0.774368929861141	0.641963183847245	-1.20625130746657	0.227720606248885	0.451890378259996
PA14_RS12370	68.7639054754744	-0.347475192739991	0.288176406119407	-1.20577252461124	0.227905212179123	0.452071208407809
PA14_RS03425	57.3263949241596	0.37409159539795	0.310394175825723	1.20521460946481	0.22812046390615	0.452312654141099
PA14_RS28565	65.4735875943805	0.393394720505675	0.326592981993054	1.204541255311	0.228380446494962	0.452642557069523
PA14_RS03490	1399.99957137326	0.234723713212188	0.195011582129051	1.20363985897441	0.228728806580648	0.452837350521366
PA14_RS06775	21.3086088243232	-0.586034793027282	0.487196059630151	-1.20287260424923	0.229025623267114	0.452837350521366
PA14_RS08390	56.6245337789829	0.362316568333217	0.301177729985319	1.2029992003422	0.228976629999004	0.452837350521366
PA14_RS31650	26.5008164997209	-0.562786680012683	0.467423519070183	-1.20401874756367	0.228582332519399	0.452837350521366
PA14_RS20805	43.2137952150048	-0.419548951305094	0.348604919039221	-1.20350840849119	0.228779639467658	0.452837350521366
PA14_RS21190	96.3510580691719	0.310489828888937	0.258211593338246	1.20246277432713	0.229184280501163	0.452837350521366
PA14_RS24580	18.6601592935153	0.719694927982855	0.598573422109812	1.20235029053933	0.22922783996615	0.452837350521366
PA14_RS26585	29.3174609649512	0.536896565240981	0.446427947308222	1.20264998748006	0.229111795073326	0.452837350521366
PA14_RS16205	14.7293858719679	-0.691607308208478	0.57569537556093	-1.20134247653911	0.229618379892947	0.453382691893218
PA14_RS29285	56.4570204328119	0.434562494398225	0.361787436751144	1.20115418683579	0.229691396844166	0.453382691893218
PA14_RS01945	1104.13428837555	-0.164443534236042	0.137179512484635	-1.19874703778715	0.230626321904237	0.455042387894285
PA14_RS26400	11.9516863397555	0.837830785877357	0.699127958121288	1.19839405096714	0.230763647359416	0.455127650338555
PA14_RS04920	14.322932189522	-0.699393220704305	0.584727154395331	-1.19610183219138	0.231656822734812	0.45633091435664
PA14_RS14745	35.9534313531752	-0.509890151859927	0.426218714936536	-1.19631103466644	0.231575204206761	0.45633091435664
PA14_RS25925	30.6591577531458	-0.46193864419091	0.386133337561323	-1.19631898946707	0.23157210111349	0.45633091435664
PA14_RS05920	611.118963372261	-0.172123758198383	0.144043455475089	-1.19494327340786	0.232109194199965	0.457035856331854
PA14_RS10550	21.9242332176077	-0.560002146044442	0.469140915621805	-1.19367577501146	0.232604820158505	0.457267036701842
PA14_RS26600	25.4753221429771	-0.637528614789123	0.533768549797637	-1.19439149240026	0.232324863198272	0.457267036701842
PA14_RS27965	904.854936111332	-0.16340073042151	0.136839105612983	-1.19410843625104	0.232435553634817	0.457267036701842
PA14_RS28950	11.572214011124	0.804788917114681	0.674108229002837	1.19385713226665	0.232533858596761	0.457267036701842
PA14_RS10960	209.558867557287	-0.221619835030855	0.185749308237672	-1.19311257271163	0.232825288192578	0.457514463104148
PA14_RS23725	104.203982126864	0.279860249672024	0.235046252430175	1.19066033505538	0.233786955261971	0.459144643475032
PA14_RS26915	25.4080214518955	-0.534459406530604	0.448931959001735	-1.19051316310617	0.233844759486974	0.459144643475032
PA14_RS09195	172.511200899923	-0.2313987138752	0.194429038514714	-1.19014482426547	0.233989475077321	0.459242330143638
PA14_RS25895	24.4750374426009	0.561539220901429	0.472651876479328	1.18806091511622	0.234809411424966	0.460664630284436
PA14_RS17825	19.5501783534849	0.623494468159633	0.52564813558772	1.18614416364763	0.235565372267402	0.461960316417339
PA14_RS14175	24.041575561202	-0.565777736087321	0.47730665804608	-1.18535479560124	0.235877196735658	0.46238432242142
PA14_RS02660	586.038337952437	-0.195411025547991	0.165016534457423	-1.18419057938954	0.236337630434814	0.463099181840665
PA14_RS26210	143.400871596966	-0.257361162065807	0.217410082781658	-1.18375909145056	0.236508440123279	0.463246179196508
PA14_RS06895	872.641579633984	-0.150460820356445	0.12719799157108	-1.1828867617958	0.236854028872695	0.463547585442474
PA14_RS20850	447.437065940737	0.236066558861796	0.199538864109328	1.18306055271746	0.236785150083051	0.463547585442474
PA14_RS28225	379.133006045347	0.195867574967184	0.165699425165799	1.182065506692	0.237179709600517	0.463997198878682
PA14_RS04800	24.5461180701953	0.558987467188275	0.473195229214734	1.18130410595203	0.237481936779238	0.464400584821833
PA14_RS20690	80.4172565863115	-0.339893243787121	0.287959036635223	-1.1803527604438	0.237859942025645	0.464951770265165
PA14_RS02655	75.5137437093488	0.327008744168633	0.277219216092803	1.17960345165669	0.238157969493282	0.46534623857354
PA14_RS25110	59.8373920450875	-0.396944758839171	0.337040762628259	-1.17773516693879	0.238902202419998	0.466611894548914
PA14_RS13415	71.9329988999663	0.319069550814729	0.270990847253643	1.177418182379	0.239028636150588	0.466670361091741
PA14_RS03105	2762.91171742086	0.146533015219566	0.124661370543581	1.17544845352345	0.239815348130377	0.467639928854236
PA14_RS13365	147.105770355586	0.26591456771532	0.226222642407669	1.17545513961473	0.239812674613937	0.467639928854236
PA14_RS21870	12.3180925659736	-0.745795143791765	0.634246213623538	-1.17587638329117	0.239644277472136	0.467639928854236
PA14_RS25555	293.12132395912	-0.190730728406501	0.162323118311342	-1.17500655723403	0.239992092424311	0.467795952827072
PA14_RS02775	57.2165291802763	0.403860860299734	0.344130249212473	1.17356977837302	0.24056739223472	0.468728408076997
PA14_RS13780	36.0120915284101	-0.477902847455038	0.407577117224178	-1.17254582570733	0.240977985022737	0.46915037663847
PA14_RS19310	170.756882436946	-0.250068706175851	0.213244975774096	-1.1726827573221	0.2409230485131	0.46915037663847
PA14_RS01675	105.682912809026	0.290244899782476	0.247817064672657	1.17120626929329	0.241515875918577	0.470008360540135
PA14_RS10875	64.2087859580839	-0.364424521855832	0.311746232932738	-1.16897810898154	0.242412451332453	0.471195363097255
PA14_RS20630	182.445524061154	-0.286819107789741	0.245361792543414	-1.16896402172719	0.242418127251028	0.471195363097255
PA14_RS25700	414.716335475009	-0.18579802653303	0.158891361396222	-1.16934001257445	0.242266668210231	0.471195363097255
PA14_RS10920	20.4009301450373	-0.57772298366452	0.494400479464247	-1.16853240977955	0.242592074027398	0.471344021694052
PA14_RS17895	1739.4409621001	-0.139246076653226	0.119244566501396	-1.16773519111745	0.242913597119345	0.471779178983596
PA14_RS18855	68.7707342138959	-0.33044638614837	0.283227322965878	-1.16671789532178	0.243324313525242	0.472387145808138
PA14_RS16425	39.9874060695426	-0.428072073853964	0.367141331018395	-1.16595991158652	0.243630654067117	0.472792071857375
PA14_RS25390	369.447688597468	0.219650300700572	0.188694389853792	1.1640531595601	0.244402469273429	0.474099615485882
PA14_RS16795	215.533997480882	-0.236027072645772	0.203075392081692	-1.16226328668529	0.245128534638361	0.475317399162436
PA14_RS23115	47.2679802522031	0.402813231602953	0.346783404218461	1.16157009448236	0.245410135523147	0.475517512224473
PA14_RS24900	811.377905503836	0.247205769484212	0.212828594581105	1.16152516991792	0.24542839340618	0.475517512224473
PA14_RS23500	26.8146061079269	-0.485143511948209	0.41793197095682	-1.16081933343724	0.245715378923577	0.475692382896084
PA14_RS25325	262.30092558519	0.20524210326783	0.17679769855867	1.1608867363153	0.245687963480207	0.475692382896084
PA14_RS28235	36.5472744694375	0.42355936257877	0.365379065959568	1.15923270389454	0.246361344207609	0.476752085069226
PA14_RS15475	62.4533878534862	0.34164962855156	0.294913874162702	1.15847255244111	0.246671246370151	0.477160858978419
PA14_RS12830	82.0501104307853	0.291970772792259	0.252255863100854	1.15743899548343	0.247093049785183	0.477785681231965
PA14_RS11020	28.3583951127091	-0.527151972791448	0.455570972321229	-1.15712370809206	0.247221821754647	0.477843617108503
PA14_RS22010	28.8486739660573	0.495660316822859	0.428842957083087	1.15580845770268	0.247759512788079	0.478691571651278
PA14_RS24585	148.523778685248	-0.261296644024826	0.226581877607287	-1.15321069268261	0.24882391573532	0.480556092849843
PA14_RS09350	251.100485396701	0.212768681667599	0.184604312469668	1.15256614984311	0.249088503784921	0.480875051618314
PA14_RS02945	25.176228417464	0.526919299193232	0.457355520570124	1.15210000862434	0.249279979602244	0.481052666143835
PA14_RS24030	77.1536375840886	-0.318913626358621	0.276958098684158	-1.15148691399095	0.249531975766256	0.481346882650824
PA14_RS02630	42.7958185221815	-0.409340052837979	0.355921877812467	-1.15008398852531	0.250109280377846	0.48198759196886
PA14_RS08625	51.965813506406	0.370816633190582	0.322502837436036	1.14980890133758	0.250222588214049	0.48198759196886
PA14_RS20550	196.005073426543	0.212783651897274	0.185110305921997	1.14949651688728	0.250351302178764	0.48198759196886
PA14_RS24230	130.22101863033	0.255864612889147	0.222593659799766	1.1494694553264	0.25036245471997	0.48198759196886
PA14_RS24785	21.4937927332916	0.589002837524612	0.512060300479296	1.1502606958073	0.250036513925543	0.48198759196886
PA14_RS12390	23.0346324933554	0.575232147297784	0.500592607437282	1.14910236138446	0.250513774808903	0.482086993623499
PA14_RS16565	161.788185718216	0.235196160062849	0.205208700476076	1.14613152131076	0.251740736824139	0.484255450788201
PA14_RS09905	156.64923766303	-0.235862025786284	0.205920748206149	-1.14540194633598	0.252042692454843	0.484643523145774
PA14_RS25440	24.8338131377128	0.527843378925373	0.460943560538964	1.14513668074283	0.252152542840585	0.484662041803286
PA14_RS04955	1574.87521599972	0.139582431298458	0.12192686549499	1.14480455748446	0.252290127020819	0.484733831653826
PA14_RS05510	33.9928877237496	-0.483045938638494	0.42234436422056	-1.14372530939287	0.252737573714153	0.485126970942439
PA14_RS12250	595.676292567833	-0.184796521485041	0.161594009326069	-1.143585224822	0.252795692054373	0.485126970942439
PA14_RS28335	162.253383910013	0.248138439915223	0.216948594574097	1.14376606311903	0.252720667541091	0.485126970942439
PA14_RS18725	12.6451380152661	-0.753292209080849	0.658918101284906	-1.14322585403544	0.252944830527218	0.485220626905842
PA14_RS24865	83.1008458681584	-0.301325759932656	0.263689888750657	-1.14272777526782	0.253151633989268	0.485424782701071
PA14_RS11260	90.8469869353739	-0.32558018509471	0.284993242287462	-1.14241370244951	0.25328209828148	0.485477613416367
PA14_RS21135	51.8234051039931	-0.358442319683491	0.31382346866825	-1.14217818445697	0.253379962006392	0.485477613416367
PA14_RS02045	58.1015040050445	0.42786725445975	0.375280053338026	1.14012788757082	0.254233025054938	0.48653379864095
PA14_RS24435	13.4866968771884	0.653123600424695	0.572684097014883	1.14046051536808	0.254094493607846	0.48653379864095
PA14_RS26225	581.673342442191	0.158702296473728	0.139189642643133	1.14018754168816	0.254208176688551	0.48653379864095
PA14_RS23525	269.91062550432	0.215297325856222	0.18888475609927	1.13983431115569	0.254355336198916	0.486575318772926
PA14_RS06950	1667.02873118154	0.134696516244762	0.118325813123871	1.13835276250122	0.254973210375877	0.487179156609143
PA14_RS27825	329.998123066906	0.197270857735674	0.173283964781743	1.13842534699701	0.254942914997566	0.487179156609143
PA14_RS28140	77.3502854189043	0.320109914620265	0.281147062718598	1.13858530665378	0.254876159737522	0.487179156609143
PA14_RS03125	42.6914856492051	0.420503699796744	0.370360957865766	1.13538884395356	0.256212431887567	0.488716220625376
PA14_RS03395	157.827251558668	0.221016286761754	0.194845866732706	1.13431344717694	0.256663090486916	0.488716220625376
PA14_RS04810	119.829710048569	0.249723361404429	0.220061327048872	1.13478985496152	0.256463377932791	0.488716220625376
PA14_RS05685	54.6860454993461	-0.396376446112968	0.34959036539096	-1.1338311502655	0.256865381755803	0.488716220625376
PA14_RS09145	77.5506552095077	0.317976934896466	0.280286706142671	1.13447026893459	0.256597338094125	0.488716220625376
PA14_RS17095	31.1739711658861	-0.510321249527789	0.450148510053593	-1.13367308372748	0.256931704161703	0.488716220625376
PA14_RS30640	14.0627198657262	0.662661113831667	0.584395241236835	1.13392626611604	0.256825478264832	0.488716220625376
PA14_RS21070	370.063970287972	-0.188226753383373	0.165709931117621	-1.13588094638558	0.256006393554832	0.488716220625376
PA14_RS22485	12.7064452087646	-0.715750607818002	0.63066430211032	-1.13491536689641	0.256410780659697	0.488716220625376
PA14_RS23145	148.984532418754	0.232504076977114	0.20496888211114	1.1343384155798	0.256652620925568	0.488716220625376
PA14_RS26090	119.051079515004	-0.272553290803043	0.240226429458084	-1.13456829632728	0.256556243006043	0.488716220625376
PA14_RS26950	103.552461433713	0.282796601176706	0.2494823876114	1.13353332828126	0.25699035340164	0.488716220625376
PA14_RS26235	336.476184802604	-0.184535194615657	0.162936818984838	-1.13255675276703	0.257400438709316	0.489303664150256
PA14_RS08790	81.0976756282718	-0.343940552773111	0.304224492845681	-1.13054852867345	0.258245161977197	0.490523803347102
PA14_RS24815	37.5068300700682	-0.403589481437237	0.356940281354555	-1.13069189026706	0.258184795877512	0.490523803347102
PA14_RS09945	20.3661386671485	-0.631422464973101	0.559033655399099	-1.12948917989977	0.258691531434467	0.490950168564624
PA14_RS11595	37.0619179301532	0.451788959337187	0.400063490239781	1.12929315061068	0.258774189344753	0.490950168564624
PA14_RS13035	63.7700382197372	-0.356856151509602	0.315952242727576	-1.12946231502871	0.258702858221336	0.490950168564624
PA14_RS13460	20.2690652340093	-0.747333156102312	0.662227219325322	-1.12851470657412	0.25910260948915	0.491380478231188
PA14_RS03085	97.75867529003	0.294326473400104	0.261107113342593	1.12722502896321	0.259647350786934	0.492153822871953
PA14_RS10970	104.665928157983	-0.276327362541003	0.245173739659374	-1.12706753555626	0.259713928033338	0.492153822871953
PA14_RS04790	191.931768587747	0.208666428187864	0.18520183399661	1.12669741808109	0.259870434455655	0.492249665022092
PA14_RS30960	696.508835070626	-0.161484489045945	0.14335488774706	-1.12646657246088	0.259968081982304	0.492249665022092
PA14_RS26745	286.614084835574	0.193021584758244	0.171403630367224	1.12612308353507	0.260113424551293	0.492332102203544
PA14_RS17455	20.3316435570355	0.629739940502561	0.559692114137157	1.1251542135329	0.260523691450042	0.492638416472075
PA14_RS20735	10.7149421578586	-0.818500056922766	0.727543140553725	-1.12501927555776	0.260580866281135	0.492638416472075
PA14_RS24070	12.4715476162028	0.736431288980047	0.654435122785756	1.12529304027152	0.260464877962231	0.492638416472075
PA14_RS12415	17.3143234142926	-0.573185858035042	0.510084327562506	-1.12370803622623	0.261136906081179	0.49349670879585
PA14_RS02235	147.799780572382	-0.242371711988422	0.215737616017769	-1.1234559668466	0.261243891735809	0.493506039232177
PA14_RS26230	146.49732713767	0.305768342003367	0.272523809247247	1.12198762687175	0.261867700795242	0.494491292872234
PA14_RS11510	274.588688260187	0.188805282728775	0.168611387823991	1.11976590173058	0.262813533400557	0.496083625107375
PA14_RS27075	178.525895284974	0.214034608648772	0.191529045150074	1.11750470264739	0.263778589998753	0.497710987605918
PA14_RS00560	15.7860690201254	-0.664038806494973	0.594998475251207	-1.11603446750787	0.26440738113353	0.498296339227179
PA14_RS01975	160.079695756944	-0.218489101954744	0.19577182517962	-1.11603956163907	0.264405200689648	0.498296339227179
PA14_RS19880	24.1686328167896	-0.512074101055691	0.458999890569703	-1.11563011577217	0.264580495582341	0.498296339227179
PA14_RS24295	154.528057096211	-0.254193729777995	0.227841261630947	-1.11566152661906	0.264567044909584	0.498296339227179
PA14_RS25915	23.2728420638377	-0.560745886473624	0.50265180245897	-1.11557520281526	0.264604011401033	0.498296339227179
PA14_RS28090	48.370714393238	0.391891002964585	0.351614467054173	1.11454743670773	0.265044405798333	0.498931392152876
PA14_RS04805	43.4604709856556	0.391410152368425	0.351490573297767	1.11357226083227	0.265462732129039	0.499349468763014
PA14_RS16930	19.0590250862278	-0.647159768715093	0.581169009164881	-1.11354831126498	0.265473011619046	0.499349468763014
PA14_RS23485	120.254823647073	-0.25811502776282	0.232228997184125	-1.11146769306406	0.266367088710314	0.500836407855008
PA14_RS06095	15.0788528815198	0.64101203508252	0.577647606256131	1.10969391743362	0.267130944866113	0.502077438543538
PA14_RS05900	47.4338672013265	-0.359696212200718	0.324300866003843	-1.10914354510683	0.267368262316176	0.502286061067323
PA14_RS17795	20.6026104095308	-0.572764174879609	0.516490087667049	-1.10895482518696	0.267449670646889	0.502286061067323
PA14_RS12955	166.559582048913	-0.250770802052573	0.226361083326516	-1.10783531500796	0.267932945415993	0.502998340074434
PA14_RS05715	255.695183155338	0.19824243695894	0.179192591140127	1.10630933844757	0.26859265119913	0.503455062480229
PA14_RS05865	344.906151459013	-0.197852793541788	0.178765628703594	-1.10677200632255	0.268392514228847	0.503455062480229
PA14_RS06570	18.3997462687637	-0.5748456365339	0.51950794315095	-1.10651943654088	0.268501756036624	0.503455062480229
PA14_RS12505	151.16931808859	0.222589870454296	0.201163080447579	1.10651452522522	0.268503880587852	0.503455062480229
PA14_RS19330	15.6286689616989	-0.621941938117491	0.562450381507153	-1.10577209753316	0.268825174918635	0.503695678382998
PA14_RS04190	21.6047703296716	-0.616662227872747	0.557950323449961	-1.10522783472864	0.269060878684995	0.503942064028131
PA14_RS03000	1403.19210243675	0.174264933384588	0.157708959187374	1.10497801952737	0.269169113584187	0.503949606385261
PA14_RS02465	50.5951152898628	0.360996534998087	0.327008792006329	1.10393525746886	0.269621223226231	0.504335787671986
PA14_RS02720	15.8977270668539	-0.627572709071113	0.568391230137786	-1.10412102755171	0.269540640897952	0.504335787671986
PA14_RS07715	203.39102931332	0.218248018101483	0.197727684576332	1.10378078097217	0.269688243779933	0.504335787671986
PA14_RS03130	117.536764772803	0.245543804530076	0.22254819062693	1.10332869406112	0.269884450061408	0.504456779058147
PA14_RS12220	119.007702881387	-0.238778162573435	0.216451010426445	-1.10315106454344	0.269961568280083	0.504456779058147
PA14_RS02635	40.6186746323668	-0.435081930536452	0.394816863518387	-1.10198416212328	0.270468557125103	0.505173710231446
PA14_RS27130	17.6744848477826	-0.593070840274356	0.538280707104585	-1.10178728764865	0.270554158291862	0.505173710231446
PA14_RS17310	10.7954409732965	-0.763156625850412	0.69355505287367	-1.10035479186311	0.271177567697442	0.506142306979865
PA14_RS24035	33.6611414802815	-0.413746944497749	0.376191144723047	-1.09983169540673	0.271405459725006	0.506372223468415
PA14_RS02240	723.804407775786	0.152565718079628	0.138779448566912	1.09933941700358	0.271620045355461	0.506577145907832
PA14_RS04750	10.9350886877659	0.725506675618959	0.660352391509142	1.09866593192904	0.271913807687684	0.506929519652135
PA14_RS18490	195.020197875209	-0.199853143709753	0.182113036175732	-1.097412617496	0.272461060242028	0.507754022092658
PA14_RS23610	212.085293200438	-0.209707978778507	0.191177495782136	-1.09692816050634	0.272672797439864	0.507952869190749
PA14_RS14035	16.735517121398	-0.664461765380051	0.60606334486814	-1.09635695840443	0.272922592117093	0.508222431836066
PA14_RS13295	20.7996917893539	-0.523538193184838	0.478078613739014	-1.09508808413388	0.273478048520472	0.509060755444574
PA14_RS20610	47.3640038637052	0.357545916892077	0.32675860757408	1.09422034677699	0.273858349812573	0.509180691923724
PA14_RS21185	372.847370210408	0.181251279419214	0.165612180081688	1.09443206006836	0.273765529389842	0.509180691923724
PA14_RS27885	94.2132279022397	0.301411827925457	0.275387621019617	1.09450027858727	0.273735625259306	0.509180691923724
PA14_RS12285	111.492503645563	0.249871524559225	0.228876751345307	1.09172960158912	0.274951970024755	0.510821255105538
PA14_RS26775	1053.05329514926	-0.146123475677508	0.133825393733458	-1.09189647495859	0.274878607294063	0.510821255105538
PA14_RS03940	23.4512763407788	-0.53153529038637	0.487531230035156	-1.09025895704782	0.275599089186209	0.51084599283423
PA14_RS06475	88.9044596014212	0.283733568831923	0.260171319255026	1.09056436214555	0.275464618135567	0.51084599283423
PA14_RS12400	718.248249426311	-0.210298591593358	0.192792516012943	-1.09080267192135	0.275359720519751	0.51084599283423
PA14_RS18850	32.0943687139057	-0.425164192029209	0.389768098797605	-1.09081321262771	0.275355081411216	0.51084599283423
PA14_RS19780	46.5247409471512	-0.385991276352966	0.353657372965179	-1.09142720005153	0.275084949218028	0.51084599283423
PA14_RS25625	246.625956511541	0.262935849727293	0.241124957031999	1.09045472921494	0.275512884788364	0.51084599283423
PA14_RS09695	162.868959113373	-0.212240574643301	0.194855243847032	-1.08922177537042	0.276056098609671	0.511497047079068
PA14_RS11005	40.7348889426367	-0.410203521994284	0.377011430520017	-1.08804001361042	0.276577443430418	0.512266762324588
PA14_RS07030	28.2303350033686	0.470313411520434	0.43304884099993	1.08605165743997	0.277456138458632	0.513500912968214
PA14_RS17120	140.117548388898	0.297427407667628	0.273821559737742	1.08620887249527	0.277386592777558	0.513500912968214
PA14_RS05735	71.9061055476971	-0.327084886179994	0.301464560772944	-1.08498619320745	0.27792777038739	0.513980381488878
PA14_RS14025	12.2193457718697	0.714713412412754	0.658687685188489	1.08505658824976	0.277896592915565	0.513980381488878
PA14_RS24450	16.8895561504076	-0.579691995528495	0.534648333450707	-1.0842491395925	0.278254349278862	0.514387627336611
PA14_RS09785	29.1249728232445	0.456819980510275	0.421511822449772	1.08376552253101	0.278468775581193	0.514390755810027
PA14_RS26880	12.0614917862468	-0.848112052943509	0.782424307553583	-1.08395412151153	0.278385141127946	0.514390755810027
PA14_RS16490	277.021885139091	-0.186602010204485	0.172267351954371	-1.08321169442432	0.278714470163463	0.514648025089923
PA14_RS20615	142.372172119293	-0.223649472905007	0.206675707388167	-1.08212753076471	0.279195864162139	0.515340152323703
PA14_RS31430	465.10993270309	0.163120998651151	0.150898228082984	1.08100009339703	0.279697072087994	0.515854490255888
PA14_RS26325	148.936183213843	0.234576915353223	0.21704388542102	1.08078103604804	0.279794526042431	0.515854490255888
PA14_RS27625	56.9112272256368	-0.328042136285596	0.303452348168185	-1.08103344154642	0.279682238229529	0.515854490255888
PA14_RS02700	72.0718093649802	-0.325572154632392	0.302076695732686	-1.07777977987583	0.281132045215672	0.517925550728758
PA14_RS10760	157.708101935261	-0.234136155675215	0.217214916682899	-1.07790090685632	0.281077980694739	0.517925550728758
PA14_RS23260	156.750730964414	-0.22162647786219	0.205754906160749	-1.0771382417926	0.281418510752409	0.518255871286615
PA14_RS11180	172.744142802192	-0.239643770259222	0.222581919550972	-1.07665425270242	0.281634757098884	0.518456675040046
PA14_RS01590	292.558700832097	-0.187438614154437	0.174289228768434	-1.0754457718295	0.282175198500147	0.519253904089312
PA14_RS23435	49.4506898758743	-0.388341250891759	0.36135862132637	-1.07466994828115	0.282522522846195	0.519515154462646
PA14_RS28085	72.7901247672458	0.297559817676316	0.276890305279464	1.07464873996217	0.282532021554334	0.519515154462646
PA14_RS01770	124.061400695747	0.228225544217141	0.212743089065568	1.07277536120951	0.283371918150989	0.519824895215867
PA14_RS03755	29.4032506941424	0.464715135860006	0.433307908201749	1.07248247046448	0.283503383315515	0.519824895215867
PA14_RS04565	44.8455137402814	-0.365529665065607	0.340420087003912	-1.07376056531414	0.282930008511539	0.519824895215867
PA14_RS11665	1722.58707742159	-0.137408033819898	0.128122563261408	-1.07247334366504	0.283507480578947	0.519824895215867
PA14_RS23495	217.644268455417	-0.224648064312614	0.209490293293501	-1.07235548139635	0.283560395694677	0.519824895215867
PA14_RS25375	596.610136360932	0.551592833318185	0.5138846601259	1.07337867058154	0.283101250516124	0.519824895215867
PA14_RS26130	69.0218640802578	0.33312078195941	0.31031414959618	1.07349530272116	0.283048945093898	0.519824895215867
PA14_RS29330	77.863792389555	0.319327204828613	0.297598717524252	1.07301270477616	0.283265415850642	0.519824895215867
PA14_RS20015	135.200964189036	0.245815978773081	0.229560572866283	1.07081096594173	0.284254435196545	0.520899753168054
PA14_RS27520	221.934940336571	0.199425494331533	0.186466904111774	1.06949538998079	0.284846505028616	0.521787006938783
PA14_RS08510	17.4304912254219	0.603043803371027	0.564304296442757	1.06865003008567	0.285227395885801	0.522286893791644
PA14_RS07910	19.0320089249051	-0.560315962364026	0.525017517520889	-1.06723288969445	0.285866684162181	0.523259381002388
PA14_RS08260	20.4229587792667	-0.547609029303614	0.513485742454585	-1.06645420510784	0.28621836960305	0.523548572070622
PA14_RS27695	108.34283377307	0.242921048384718	0.227794644338314	1.06640368604952	0.286241196144484	0.523548572070622
PA14_RS11640	46.20254014793	0.376731097381326	0.353771398889015	1.06489981543	0.286921268576224	0.524594047196454
PA14_RS20860	47.5988540756549	0.388136106146911	0.364615537146344	1.06450786267818	0.287098694433689	0.524720062842524
PA14_RS01325	49.9125252939093	0.346426524999408	0.325936783569889	1.06286415790541	0.287843559198967	0.52543973686285
PA14_RS11865	111.707402054881	-0.254149153648844	0.239265103978766	-1.06220735670421	0.288141560817824	0.52543973686285
PA14_RS12165	278.102496127239	-0.202957009356369	0.190918888355612	-1.06305358838218	0.287757650083159	0.52543973686285
PA14_RS15865	14.6158535641696	-0.631777371150863	0.594280980864541	-1.06309539004895	0.287738694828642	0.52543973686285
PA14_RS17685	18.0693995162844	-0.681989535906565	0.642053086955151	-1.06220116336611	0.288144371828014	0.52543973686285
PA14_RS22105	443.137633634776	-0.167984096933702	0.158122456699622	-1.06236710736675	0.288069060147593	0.52543973686285
PA14_RS17565	24.9949956908455	0.518877226307821	0.488708014430214	1.06173259080431	0.288357099496363	0.525629450872376
PA14_RS07255	41.1346991098419	0.413868471448075	0.390270754843715	1.06046498824594	0.288933110049135	0.526480979727814
PA14_RS07280	12.1263331323725	0.697970624458163	0.65858371364324	1.0598054734713	0.289233106207895	0.526630761152629
PA14_RS08520	164.370832428779	-0.231914855193838	0.218808919430971	-1.05989671626253	0.289191589727565	0.526630761152629
PA14_RS25120	260.497845980028	-0.182035111244009	0.171849833487822	-1.05926847614262	0.289477527286107	0.52687742640407
PA14_RS25855	99.0569417396682	-0.264947894857111	0.250420169858735	-1.05801339806842	0.290049334215613	0.527719556157527
PA14_RS17000	37.8031273792072	-0.385243549818227	0.364231519839602	-1.05768866458311	0.290197404794777	0.52777876833405
PA14_RS27675	112.626302011131	-0.285172319851745	0.269675829668931	-1.05746340041611	0.29030014966265	0.52777876833405
PA14_RS09230	151.321327668757	0.229339697390013	0.217520278562295	1.05433708942375	0.291728613665804	0.529606288455475
PA14_RS19025	20.9325206933293	-0.515919107949613	0.489561529965525	-1.05383915273315	0.291956564668781	0.529606288455475
PA14_RS23105	297.135362671494	0.20291344552605	0.1924777009572	1.05421794065989	0.29178314802445	0.529606288455475
PA14_RS23780	643.641767261468	-0.196380366564051	0.186188271726013	-1.05474079942606	0.291543886628844	0.529606288455475
PA14_RS27785	30.4395012961539	-0.447912420979107	0.425025431442955	-1.05384851786033	0.291952276292597	0.529606288455475
PA14_RS29205	185.536699044442	0.221087266523426	0.209794785324553	1.05382631976006	0.291962441071608	0.529606288455475
PA14_RS23295	56.8434956478701	0.333761349606737	0.316992910278246	1.05289846802496	0.292387528319354	0.530178510293361
PA14_RS14570	109.577306682883	-0.273690616446088	0.260144664962904	-1.05207084098809	0.292767049076273	0.530667709644998
PA14_RS09425	350.078883933623	-0.165813332746638	0.157839832620583	-1.0505164000346	0.293480754827463	0.53176205707966
PA14_RS06035	73.331831194482	-0.289702198344797	0.275835286635567	-1.05027243569294	0.293592874466286	0.531765970381632
PA14_RS10740	13.6225032427442	-0.639036658784792	0.609447862623437	-1.04855016807178	0.294385201086061	0.532801958253066
PA14_RS21055	85.0488808092433	-0.295298248669974	0.281598119045344	-1.04865135346456	0.294338611302699	0.532801958253066
PA14_RS01495	35.3555469892428	0.410547895591628	0.391919585363391	1.04753095003141	0.294854765332819	0.533252672082839
PA14_RS22725	159.743164923518	-0.235169139555573	0.224491440988483	-1.04756394506656	0.294839556324267	0.533252672082839
PA14_RS02280	127.948015100922	0.223529987521758	0.213528835547813	1.0468374772348	0.295174542139525	0.53338352710935
PA14_RS05145	176.056331186919	0.205036561525979	0.195908987046781	1.04659089211165	0.295288304374978	0.53338352710935
PA14_RS09185	98.1775568329351	-0.282447498797866	0.26991854353219	-1.04641754175804	0.295368297270231	0.53338352710935
PA14_RS18170	390.424192757396	-0.155875048854963	0.14895674960762	-1.0464450202194	0.295355616307023	0.53338352710935
PA14_RS09175	78.4787191324651	0.290547870860633	0.277789546391842	1.04592802225464	0.295594265453664	0.533510662055159
PA14_RS12810	15.4743398852411	-0.63564529876742	0.607815206941059	-1.04578709368991	0.29565934125472	0.533510662055159
PA14_RS12270	247.164861802741	-0.198005104467131	0.189412921577856	-1.04536217918873	0.295855609723933	0.533665695123066
PA14_RS08220	759.124615613005	0.230996129808287	0.221131171289114	1.04461134294936	0.296202634977908	0.533694464513102
PA14_RS12135	54.3790746377794	0.325049913098485	0.311066854768509	1.04495193915913	0.296045182773345	0.533694464513102
PA14_RS20170	10.9870665734658	-0.71105184157892	0.680636918970488	-1.04468597244833	0.29616813015544	0.533694464513102
PA14_RS21125	1105.99943281119	0.132172560142172	0.126579421825083	1.04418678989399	0.296398977544862	0.533849331622701
PA14_RS17605	35.3939037549541	-0.428028924487688	0.410013802170874	-1.04393784360778	0.296514147941562	0.533857937246982
PA14_RS09180	73.651142908244	-0.292404539396922	0.280186052709501	-1.04360847575839	0.296666569890189	0.53393358094118
PA14_RS06395	1064.60060802417	-0.1481477031894	0.142115369618794	-1.0424467359638	0.297204607972391	0.534504084847334
PA14_RS09390	218.315964752968	-0.204961745361656	0.196572225794322	-1.04267906889406	0.297096955161809	0.534504084847334
PA14_RS16000	61.8007526484955	-0.302792459555472	0.29061632089938	-1.04189764228798	0.297459137351887	0.534762969603616
PA14_RS20260	67.2697669928819	-0.31224014893505	0.300105090798967	-1.04043602893832	0.29813737015991	0.53578309999752
PA14_RS19920	49.5507111080266	-0.34507946066666	0.331836910295577	-1.03990680349358	0.298383201298896	0.536025691486427
PA14_RS28145	186.288194928504	0.192573228827207	0.185266527454934	1.03943886395804	0.298600677176654	0.536217183374043
PA14_RS19790	25.0558253937016	0.446132210155354	0.429466250643933	1.03880621465932	0.29889487048451	0.536347159058661
PA14_RS20310	22.0787216282679	-0.465709544848057	0.448271795092974	-1.03889994852669	0.298851270344854	0.536347159058661
PA14_RS30680	191.313554505759	-0.24117665114408	0.232380966505287	-1.03785027995652	0.299339764231992	0.536747163450469
PA14_RS26995	444.084316747979	-0.164076231597711	0.158062224061143	-1.03804835451538	0.299247543701928	0.536747163450469
PA14_RS01540	20.619834969817	0.529556486976559	0.510984616719589	1.03634526294783	0.300041096831801	0.537777313811544
PA14_RS07925	27.8485712540833	-0.445675146410528	0.430130100301913	-1.03614033544201	0.300136677001108	0.537777313811544
PA14_RS06945	843.598391486639	0.146376621299181	0.141467801021742	1.03469920534556	0.300809407281417	0.538008045765984
PA14_RS09740	48.5759876723932	-0.391066114235969	0.377650979569059	-1.03552257346775	0.300424929974909	0.538008045765984
PA14_RS11550	28.54441851636	0.417843150313223	0.403672334386938	1.03510474887462	0.300619995040024	0.538008045765984
PA14_RS17350	115.824500451681	0.229702711998714	0.221920068183536	1.03506958103826	0.300636417302018	0.538008045765984
PA14_RS27975	335.644488678138	0.162074682165007	0.156643403405589	1.03467288530086	0.300821703008937	0.538008045765984
PA14_RS02165	444.011097701235	0.162351172348946	0.157023241303612	1.03393084361972	0.301168494563168	0.538429145917738
PA14_RS15900	65.9576366261963	0.305538587562745	0.295660654549276	1.03340969744022	0.301412210197185	0.53856991441101
PA14_RS21655	585.055113553245	0.188393359697553	0.182324464544339	1.03328623598803	0.301469966565468	0.53856991441101
PA14_RS05130	12.9457886290159	-0.657191199455721	0.636530518309804	-1.03245827270117	0.301857485579564	0.539063072475174
PA14_RS29595	123.883086398504	-0.254949670334995	0.247015888567028	-1.03211850789838	0.302016604620786	0.539148135823595
PA14_RS05015	146.480122296409	0.226239819474964	0.219333176524197	1.03148927608772	0.302311434567963	0.539276317805484
PA14_RS17595	56.6715224100113	0.340894831778438	0.330477422031358	1.03152230395362	0.302295954423873	0.539276317805484
PA14_RS07680	46.1399770715831	-0.391200958767924	0.380019750867037	-1.02942270204477	0.303281085699982	0.539612704358025
PA14_RS08835	2076.87212751781	-0.134474510756973	0.130507896772804	-1.03039367028552	0.302825243373819	0.539612704358025
PA14_RS09645	478.835854870612	0.16634987880934	0.161573352951022	1.02956258424473	0.303215386829331	0.539612704358025
PA14_RS10730	100.085636770532	0.271613599317928	0.263770981351248	1.02973267918443	0.303135510602285	0.539612704358025
PA14_RS22385	27.0154960017318	-0.471932607879526	0.458162502617736	-1.03005506819767	0.302984155781919	0.539612704358025
PA14_RS24880	102.673790563451	-0.24298039882173	0.235959603524089	-1.02975422569281	0.303125393405403	0.539612704358025
PA14_RS27420	109.770920368782	-0.259935281660882	0.252239685389826	-1.03050906228004	0.302771100377945	0.539612704358025
PA14_RS26695	3033.4393109403	0.117038475402233	0.113790726653377	1.02854141848262	0.303695218231563	0.540150818450841
PA14_RS28330	200.506254804234	-0.226262844421837	0.220091079784307	-1.02804186631997	0.303930134423247	0.540369900761331
PA14_RS14185	141.963012508366	-0.228287294858741	0.222224605184507	-1.02728181098218	0.304287784641539	0.540409741654969
PA14_RS17915	32.8641099751483	-0.389911137664095	0.379388326419931	-1.0277362546799	0.304073908884873	0.540409741654969
PA14_RS22995	60.7443818583397	-0.375109512332701	0.365104910034466	-1.02740199329911	0.304231213281377	0.540409741654969
PA14_RS11635	19.7098290023643	-0.511627516584505	0.498789573346352	-1.02573819487048	0.305015005573656	0.541502410776138
PA14_RS02145	86.0694208613312	0.255298689696103	0.249430403861559	1.02352674631358	0.306058860545599	0.543156201687528
PA14_RS02625	39.0078359950964	-0.401880069191781	0.394293876668523	-1.01923994505661	0.308089067098561	0.545015622543415
PA14_RS04175	28.7058699094554	0.409898664534953	0.402280478956044	1.01893749753575	0.308232640371002	0.545015622543415
PA14_RS10750	68.5441646970561	-0.285197262362719	0.279849683463848	-1.01910875450235	0.30815133844235	0.545015622543415
PA14_RS15775	122.436172725363	-0.24240947993366	0.237614165366144	-1.02018109720069	0.307642580812606	0.545015622543415
PA14_RS20175	70.7154422479119	-0.394112269871794	0.386217045196881	-1.02044245528026	0.307518667527596	0.545015622543415
PA14_RS25220	444.688827141441	0.167713706053779	0.164392123108933	1.02020524391333	0.307631131154808	0.545015622543415
PA14_RS25525	297.638145164331	-0.164484884124266	0.161196637509893	-1.02039897770307	0.307539278524558	0.545015622543415
PA14_RS25665	885.748349707794	0.382883207087411	0.375767869716415	1.01893545974638	0.308233607869363	0.545015622543415
PA14_RS26570	117.955612359075	0.262172720008852	0.257024889412137	1.02002852956571	0.307714930399126	0.545015622543415
PA14_RS28445	336.806178193306	0.16799302284672	0.164722088764911	1.01985728876033	0.307796148461295	0.545015622543415
PA14_RS08935	38.3586340147009	-0.374526226207782	0.367661600004192	-1.01867104479639	0.30835916341602	0.545038345862527
PA14_RS10975	82.9332920603084	-0.257912967654266	0.253247706311063	-1.01842173187335	0.308477578853886	0.545048436732698
PA14_RS27750	113.223307048098	0.23740417622821	0.233165129057005	1.01818045086051	0.308592208031255	0.545051832738916
PA14_RS00250	18.0083853348605	0.508908202872708	0.500350457194102	1.01710350326568	0.309104193923185	0.545739284440058
PA14_RS27315	105.872304375102	0.277780034247719	0.273167024316888	1.01688714054109	0.30920712145694	0.545739284440058
PA14_RS29985	172.406812623082	0.209794346035695	0.206390087217245	1.01649429419964	0.309394063228607	0.545870007213989
PA14_RS02435	152.667883193498	0.204504968944374	0.201404686418675	1.01539329883941	0.309918386105959	0.546526356110351
PA14_RS03730	233.340315044109	0.18176080777384	0.179074422606227	1.01500150121115	0.310105111903806	0.546526356110351
PA14_RS13430	78.3452223424157	0.259166447672636	0.255328149776222	1.01503280347184	0.310090190912126	0.546526356110351
PA14_RS21800	16.8984900507013	0.578664398808315	0.570303190239429	1.01466098859692	0.31026745623663	0.546613267162238
PA14_RS05940	222.456413787828	-0.179735697725225	0.17731758183994	-1.01363720314813	0.310755898716098	0.547274408663892
PA14_RS18980	47.2535553541655	-0.320800484992108	0.316735310454898	-1.01283461111857	0.311139165639091	0.547550584072287
PA14_RS19190	37.7178632795844	0.370677355119811	0.365943684892248	1.01293551555332	0.311090962967348	0.547550584072287
PA14_RS19800	20.928802292269	0.525510744904317	0.519478170424577	1.01161275838561	0.311723243252835	0.548378903008626
PA14_RS00700	15.0756282160744	0.561141050017701	0.555626817103644	1.0099243462416	0.312531537309031	0.549467598441573
PA14_RS21690	30.8102434199943	-0.425919300617232	0.421766821905836	-1.00984543708923	0.312569347252434	0.549467598441573
PA14_RS05850	492.47710976672	0.163336608838018	0.161799087638235	1.00950265679631	0.312733628109044	0.549556622650921
PA14_RS05485	13.9927555859502	-0.655564572442968	0.649786382765321	-1.00889244501102	0.313026218862035	0.549870975087832
PA14_RS26785	400.82062254471	0.155738481579912	0.154482654487748	1.0081292433531	0.313392420417131	0.550314359163851
PA14_RS06990	86.3264537988834	-0.28330155929278	0.281269370506117	-1.00722506251927	0.31382663176986	0.550498826344294
PA14_RS07295	48.8099330515157	-0.347804514057045	0.345272108397433	-1.0073345213761	0.31377404570807	0.550498826344294
PA14_RS24755	24.2348408576336	0.462878668344686	0.459678167997564	1.00696248064394	0.313952804602474	0.550498826344294
PA14_RS25355	290.967106222031	-0.253863531381507	0.252066083794387	-1.00713085854337	0.313871893746532	0.550498826344294
PA14_RS02825	91.7396852498176	0.255712974051386	0.2542075605212	1.00592198566832	0.314453099380423	0.551083132605603
PA14_RS25175	37.703148122331	0.37714388156406	0.374970734177006	1.00579551199329	0.314513946648359	0.551083132605603
PA14_RS25165	75.4037910019351	0.281628783187151	0.280144215420222	1.00529929830856	0.314752752886822	0.55130181563226
PA14_RS08735	11.9968698097766	-0.623796463669364	0.62128799758752	-1.00403752541749	0.315360526463879	0.552166367117784
PA14_RS09960	123.335303572345	-0.231491973740537	0.230677509820877	-1.00353074697352	0.315604849499299	0.552194302524822
PA14_RS11050	163.226144648557	-0.197985569199333	0.197278986126574	-1.00358164387719	0.315580305970696	0.552194302524822
PA14_RS02490	50.8498764295044	0.330324127289375	0.329713216979998	1.0018528535646	0.316414665925079	0.553410967238221
PA14_RS16285	67.3367487766687	-0.282725995608415	0.282567258278646	-1.00056176830513	0.317038721257299	0.554101646548716
PA14_RS27455	16.363120141765	0.533516791972436	0.533096966855157	1.00078752111413	0.31692954382148	0.554101646548716
PA14_RS17835	924.906972349188	0.155719006984025	0.155774637873702	0.999642875820886	0.317483365916025	0.554678308370627
PA14_RS21220	32.1131477701237	0.428794691438433	0.429746452427595	0.997785296460772	0.318383481546961	0.556050024110186
PA14_RS07220	378.299249795309	0.152430374549608	0.152805340984213	0.997546116960377	0.31849950061229	0.556051835726006
PA14_RS25615	121.377582122127	-0.238628224742824	0.239575962776599	-0.996044102159538	0.319228717416964	0.557123809970566
PA14_RS02920	56.5079163079441	0.323404966180514	0.324817729151488	0.995650597722407	0.319419941321967	0.557256434427501
PA14_RS08055	30.3312935157254	-0.448513506750488	0.450703246512184	-0.995141504352052	0.319667446978539	0.557487116331848
PA14_RS16710	5424.1862856283	-0.121931384587832	0.122644847915653	-0.994182688144293	0.320133934705288	0.558012218269099
PA14_RS25595	95.448539318147	0.258228893938543	0.259817732005671	0.99388479741216	0.320278956473244	0.558012218269099
PA14_RS29655	39.8656515597789	0.350580160506698	0.352763279234165	0.993811377612184	0.320314705937762	0.558012218269099
PA14_RS20390	306.356370353175	0.180361204661598	0.181660586115907	0.992847202125177	0.320784422956832	0.558629265185178
PA14_RS18760	29.3530462209954	0.423306652190086	0.426548143416126	0.992400643922441	0.321002124980974	0.558807154934482
PA14_RS05605	50.9660138279267	-0.353385621778006	0.356659099529931	-0.990821830268066	0.321772587659183	0.559946827606985
PA14_RS24000	57.6490394249873	0.295911745999661	0.298747649609233	0.990507360933947	0.321926193069176	0.560012614993718
PA14_RS25610	35.1015691497321	-0.375749661399785	0.379854147888321	-0.989194572413244	0.322567953435863	0.560927228628491
PA14_RS02200	56.1199206131634	0.299188292498629	0.302764415379932	0.988188430675331	0.323060373153321	0.561379793233726
PA14_RS26940	101.118494903408	0.273751230680747	0.276978736552028	0.988347459767279	0.322982509517713	0.561379793233726
PA14_RS21290	215.606374892593	0.208900607795366	0.211523472223294	0.987600125885042	0.323348524617423	0.561678687158713
PA14_RS01490	16.105838008194	0.624001514226342	0.632284378042441	0.986900097323704	0.323691616534654	0.562072767526601
PA14_RS10255	122.798161867347	-0.240836852866219	0.244243411675154	-0.986052607169335	0.324107298337969	0.562455917093516
PA14_RS15890	38.9648267930427	0.425819245744573	0.431875864128204	0.985976020225495	0.324144880260469	0.562455917093516
PA14_RS17465	31.3625345090968	-0.417226637363912	0.423314477955744	-0.985618633642698	0.324320290687126	0.562558438222002
PA14_RS13955	34.2741858210225	-0.401144992247096	0.407145480489751	-0.985262053663381	0.324495366810903	0.562660306166199
PA14_RS31550	49.4183312362308	-0.323789491143532	0.328937439535628	-0.984349764504267	0.324943568938026	0.563235519492579
PA14_RS17345	71.0660305188251	-0.262277983198731	0.266544653066128	-0.983992663824557	0.325119119993646	0.563337894765056
PA14_RS18280	293.501955825301	-0.16207089920775	0.164995468674028	-0.98227484978963	0.325964461337444	0.564600334895373
PA14_RS21475	85.4908806592561	-0.250971630027522	0.255652599511897	-0.981690115831748	0.326252536324946	0.564896980188842
PA14_RS05560	11.9242316247351	0.647033141225255	0.659827733071902	0.980609193573783	0.326785498908159	0.564950088650939
PA14_RS05680	178.683353077125	0.188501459647436	0.192362956607547	0.979925984564746	0.327122655404172	0.564950088650939
PA14_RS18385	13.5504890382335	-0.696127212328528	0.710044564843974	-0.980399325331778	0.326889042661469	0.564950088650939
PA14_RS18970	124.978860294245	0.224134486895912	0.228770917949518	0.979733302225815	0.327217782942779	0.564950088650939
PA14_RS22490	111.377652861413	0.223266047465114	0.227502418306425	0.981378787650486	0.326405982723083	0.564950088650939
PA14_RS25100	68.7791446965066	0.31187029206665	0.318208295909196	0.980082216824557	0.327045536505185	0.564950088650939
PA14_RS27600	67.7988684784792	-0.271380115490934	0.276637979575855	-0.980993701251784	0.326595847694983	0.564950088650939
PA14_RS29000	16.3587716644043	0.543816971481272	0.554807579769413	0.980190234075914	0.326992224257831	0.564950088650939
PA14_RS21440	206.923873715916	-0.19746515459838	0.201778941224592	-0.978621224791686	0.32776716806648	0.565696654093325
PA14_RS11470	42.7697416982319	-0.376557084491561	0.385011889857637	-0.978040144762276	0.328054469419091	0.565816012488764
PA14_RS20600	612.741911367675	-0.16094565089581	0.16460455582192	-0.977771545217325	0.328187327343048	0.565816012488764
PA14_RS22910	140.534544498463	-0.225779550500236	0.230873910008899	-0.977934451283531	0.328106744629214	0.565816012488764
PA14_RS04925	399.477634751619	-0.146430926988827	0.149894796799868	-0.976891327217542	0.32862295587167	0.566365151316963
PA14_RS02785	105.29718940313	0.257130508725121	0.26334751051272	0.97639240342354	0.328870044563148	0.566589075706229
PA14_RS27735	141.839497701451	0.20151096569875	0.206496022251507	0.975858825277103	0.32913442882392	0.566842627418973
PA14_RS04890	248.557264083737	0.177941915369777	0.182480993828341	0.975125746723878	0.329497888700156	0.567266568086136
PA14_RS06230	814.559572784793	-0.130138831808784	0.13359178052122	-0.974152985318678	0.329980584448703	0.567693385412283
PA14_RS14885	17.574360230157	-0.594605961918161	0.610341027312406	-0.974219223859924	0.32994770157876	0.567693385412283
PA14_RS25395	1063.15031949421	0.129710078962925	0.133332389954978	0.972832475340193	0.330636569423138	0.568619647841499
PA14_RS26160	325.987351846304	-0.155992860618747	0.160472775113472	-0.972083024727671	0.331009246399662	0.569058199640513
PA14_RS21245	486.568786667622	0.149749646302746	0.154091819241043	0.971820873037364	0.33113966987496	0.569080114966349
PA14_RS01645	91.204820674303	0.241071552789496	0.248140227657414	0.971513386061382	0.331292690524046	0.569140835301701
PA14_RS19200	29.8354578727575	0.415172160499968	0.427489619179416	0.971186531492644	0.331455399568745	0.569218150679848
PA14_RS09595	29.2423916280441	-0.441833527919012	0.455067781365443	-0.970918061026599	0.331589083498146	0.569245583172536
PA14_RS12805	14.3274551221969	0.595101409103736	0.613181786480193	0.970513838187787	0.331790430586519	0.569389113667994
PA14_RS04435	19.5617385284376	-0.485009167582475	0.500293405892614	-0.969449450802037	0.332320989570348	0.570097305981626
PA14_RS12980	102.340482521287	-0.235415070371178	0.242897360763779	-0.969195670265528	0.332447570947382	0.570112217411894
PA14_RS04720	76.9289790969422	-0.289109843530746	0.298430421751922	-0.968768002382397	0.332660954799764	0.570275922513882
PA14_RS25465	16.0224706887425	0.511521226232513	0.528384285485587	0.968085615495592	0.333001613188884	0.570607043903171
PA14_RS28115	22.0251726690618	0.511847469735383	0.528818058981091	0.967908453659078	0.333090092005511	0.570607043903171
PA14_RS13450	11.9154185223779	-0.79708560289925	0.823889728889851	-0.967466367099007	0.333310946675845	0.570783193386822
PA14_RS10325	33.4217312816095	0.410544603676287	0.424500767073016	0.967123349404151	0.33348237427412	0.570874606014033
PA14_RS18645	1892.06876604141	0.137460752700771	0.142284145978886	0.966100276001015	0.333994006451067	0.571548129935371
PA14_RS17055	38.9046384132719	0.355856562934713	0.36849096882237	0.965713119298326	0.3341877528923	0.571677386978126
PA14_RS22855	56.2631319694293	-0.331120417312793	0.343363165852037	-0.964344607235712	0.334873183751076	0.572647353826097
PA14_RS10075	49.9609657600881	-0.362445357790843	0.376252985640474	-0.963302276987578	0.335395850954523	0.573338400571253
PA14_RS01520	24.0685141052431	0.468638271579221	0.488249992447458	0.959832624328514	0.337139459982509	0.574896483947608
PA14_RS17475	22.1744011462062	-0.483383832553109	0.503541444437356	-0.959968316199333	0.337071161274472	0.574896483947608
PA14_RS18140	290.501499157863	0.184177010465071	0.191716408922874	0.960674214063564	0.336716000441179	0.574896483947608
PA14_RS24955	91.3204955210179	0.264032426022871	0.275040112766756	0.959977886013959	0.337066344770707	0.574896483947608
PA14_RS25150	11.081608273407	-0.689980665380266	0.718349258318466	-0.960508634748777	0.336799287320731	0.574896483947608
PA14_RS26245	371.772191279212	0.154658431952333	0.160937652237908	0.960983522511607	0.336560452874058	0.574896483947608
PA14_RS28255	278.449637274376	0.168551893786271	0.175493118284427	0.960447312316227	0.336830136045145	0.574896483947608
PA14_RS09070	82.0411666308916	0.253634011494023	0.264382285312894	0.959345711055678	0.33738461457073	0.575111736363782
PA14_RS26630	1572.45060607457	-0.137238501104058	0.14326036157409	-0.95796562005103	0.338080095102838	0.576094200111813
PA14_RS06500	229.759275369344	-0.187703217471089	0.196049450115089	-0.957427921174475	0.338351311167176	0.576353272562333
PA14_RS13770	39.3448182021298	-0.404952202326705	0.423426892307348	-0.956368642813473	0.338886021221861	0.577060844587647
PA14_RS14365	17.3824293865175	-0.644881408816952	0.675511506306194	-0.954656438560562	0.339751465840806	0.57833090067094
PA14_RS02385	32.0855746130742	0.383970651656223	0.402772063122121	0.953319971300501	0.340427975639293	0.578363617133977
PA14_RS09565	17.4376601946165	-0.500250602557771	0.524366784356467	-0.954008944658284	0.340079114731179	0.578363617133977
PA14_RS12460	144.894942200338	-0.230037434050943	0.24118340809129	-0.95378631503487	0.340191817930905	0.578363617133977
PA14_RS13045	144.161126192073	-0.220642775055333	0.231459489627933	-0.953267353220267	0.340454628168094	0.578363617133977
PA14_RS18540	268.078468682723	0.161225639296681	0.169141288689421	0.95320096320612	0.340488258474035	0.578363617133977
PA14_RS25005	56.6172810640341	0.302734687997708	0.317243288995297	0.95426664171987	0.339948689007432	0.578363617133977
PA14_RS16120	176.394159284789	0.192407379584269	0.202184327278646	0.951643394787454	0.341277865836724	0.578891532510136
PA14_RS16985	440.040044754318	-0.139155035192991	0.146205806677013	-0.951775024232806	0.341211091142466	0.578891532510136
PA14_RS20010	28.3124073846746	-0.438719066605648	0.460974985528272	-0.951719898863669	0.341239054837479	0.578891532510136
PA14_RS20040	25.0219918155996	-0.458940079879763	0.482070776548715	-0.952018048398306	0.341087828667558	0.578891532510136
PA14_RS17215	77.7275693137669	-0.249160365725656	0.26193694222232	-0.95122270120333	0.341491336830788	0.578984242428886
PA14_RS18660	253.892774859995	0.172973156689729	0.181873339500462	0.951063840169326	0.341571969323741	0.578984242428886
PA14_RS29335	126.921961070951	0.25611666380704	0.269370916900433	0.950795530393907	0.341708181965268	0.579012182194827
PA14_RS02800	160.44821047074	0.191822315550741	0.20205017623911	0.949379600261941	0.342427581856115	0.57966123407767
PA14_RS10655	12.279848974674	-0.607138371956168	0.639541440970242	-0.949333902483449	0.342450815913958	0.57966123407767
PA14_RS17540	59.5894447866575	-0.286313176466539	0.301537802032619	-0.949510059888171	0.342361257996502	0.57966123407767
PA14_RS18620	12.5850402746404	-0.585609715697049	0.617699077446751	-0.948050170509656	0.343103913832423	0.580360450260091
PA14_RS28435	46.796192539576	0.336336735810097	0.354736505705497	0.94813116327341	0.343062685301892	0.580360450260091
PA14_RS01900	103.009950337229	0.263399849587533	0.278365727065027	0.946236637551296	0.344027903095757	0.581719908871008
PA14_RS09400	157.999443040845	0.201152320689482	0.212658607774295	0.945893151444753	0.344203086932574	0.581812697800045
PA14_RS08670	64.5560846656499	0.3042802439563	0.321949115767161	0.94511905470292	0.344598098324365	0.582266361164888
PA14_RS12120	74.7924699905003	-0.252715709762539	0.26745363592077	-0.944895398009855	0.344712281227269	0.582266361164888
PA14_RS02265	1565.72456978566	0.127843041332291	0.135360236647791	0.944465261721871	0.344931945487532	0.582433969405624
PA14_RS09525	29.4954737378673	-0.425683803434893	0.451286564725156	-0.943267175911041	0.345544260775232	0.583060727532806
PA14_RS13015	156.144787376615	-0.204885326525579	0.217182422983202	-0.943378951718507	0.345487105334189	0.583060727532806
PA14_RS25405	1197.0648415268	0.121454373901084	0.12879299315511	0.94302004267276	0.345670651276492	0.583070550949813
PA14_RS21205	31.7909014968387	-0.392549733673531	0.416839026349989	-0.941729801815475	0.346330993079001	0.583980712179236
PA14_RS22710	97.5612244051674	-0.227538975682513	0.241847866422924	-0.940835158266855	0.346789340592356	0.584549756397571
PA14_RS09240	112.538602602843	0.21679283896145	0.230728546602694	0.9396012853787	0.347422116712454	0.585005268216202
PA14_RS15855	90.3273807881508	0.248453870729568	0.26437988529091	0.939760868933666	0.347340234971364	0.585005268216202
PA14_RS28635	24.89614001869	0.415585631418305	0.442300318294774	0.939600570536636	0.347422483522939	0.585005268216202
PA14_RS02710	2973.70192290969	-0.174480541952656	0.186063887013382	-0.937745334429709	0.348375300106287	0.585458537974218
PA14_RS02840	32.26090342419	0.386193921638088	0.411497779559997	0.938507911393918	0.34798345316635	0.585458537974218
PA14_RS11070	14.0997711317757	0.650485575076327	0.693726223930153	0.937669000590959	0.348414539360054	0.585458537974218
PA14_RS16575	85.3858270019819	-0.273306146479368	0.291399390128573	-0.937909123141191	0.348291114332947	0.585458537974218
PA14_RS23985	19.3445780252874	-0.485104171159626	0.517150695062729	-0.938032522804179	0.348227696671439	0.585458537974218
PA14_RS26015	845.087168690844	-0.123500535784194	0.131711120077265	-0.937662178499017	0.348418046379197	0.585458537974218
PA14_RS09245	270.72214988107	-0.162285595277062	0.173137235034728	-0.93732347778634	0.34859218978122	0.585547700514754
PA14_RS26675	1013.64958778887	-0.119433799651282	0.127487116422052	-0.936830348063492	0.348845831913291	0.585770292754401
PA14_RS05530	136.857859102326	-0.209589874057774	0.22383930930114	-0.936340782645127	0.349097756675883	0.585791622993674
PA14_RS17610	15.9779579521345	0.57073024989144	0.609536465476463	0.936334874477628	0.349100797656693	0.585791622993674
PA14_RS24355	41.1844563567214	-0.327922107910288	0.350316440585886	-0.936073988882324	0.349235094319861	0.585813706601058
PA14_RS25935	23.6454358002108	-0.430970904126493	0.461372678891336	-0.934105819100738	0.350249310551724	0.587311257221962
PA14_RS12330	112.376191120223	-0.224820927583716	0.240926780552943	-0.933150424654899	0.350742307111064	0.587934071815981
PA14_RS24605	57.3466987509854	-0.285578008586687	0.306363462858397	-0.932154265140564	0.35125680725934	0.588592487839975
PA14_RS26480	28.4830562289338	0.38116594166387	0.409114678057072	0.931684835836413	0.351499425536486	0.588795019707117
PA14_RS25650	3501.13171912193	-0.110654193628591	0.118880476583337	-0.93080206951409	0.351955958991804	0.589355615541678
PA14_RS08475	55.9348743136157	0.283328324814061	0.305109697574262	0.928611339025368	0.353090543358307	0.59023362173549
PA14_RS08635	19.4440241315751	-0.483179845624263	0.520264189784215	-0.928720167776043	0.35303412615368	0.59023362173549
PA14_RS12345	1026.087495762	-0.127773347746988	0.137460794912789	-0.929525744617244	0.352616689625879	0.59023362173549
PA14_RS24390	67.8087688749902	-0.258951655536061	0.2787676487443	-0.928915735748035	0.352932757363443	0.59023362173549
PA14_RS25340	325.539730778363	-0.153835687007994	0.16564164665805	-0.928725897814649	0.353031155839655	0.59023362173549
PA14_RS11120	142.13020445302	-0.188027013547839	0.202641224568777	-0.927881352612052	0.353469118253537	0.590662286065689
PA14_RS12885	39.6713403551053	0.318757681106043	0.344028355925076	0.926544790905152	0.354162931135574	0.591412960970869
PA14_RS15615	39.6466238864346	-0.317348074218938	0.342445172256891	-0.926712069343684	0.354076049364258	0.591412960970869
PA14_RS11765	145.433399798935	-0.210515018192321	0.227416697447379	-0.92567969087244	0.354612465295565	0.591959227535158
PA14_RS09810	56.7147683185509	-0.282204329535269	0.305159764100241	-0.924775683869543	0.355082601576751	0.592539496627042
PA14_RS27270	50.3975897292445	0.300287676677717	0.325229013423891	0.923311464485901	0.355844915090411	0.593606764186694
PA14_RS30945	46.9555144562003	-0.326423659905653	0.353685184091205	-0.922921497954177	0.356048116478498	0.59374092803104
PA14_RS08840	69.9066605200243	0.251269868974652	0.272596128796151	0.921766094347412	0.3566505965599	0.594540601504197
PA14_RS09555	921.340778419264	-0.197042807952688	0.213872679610992	-0.921308922257316	0.356889164191602	0.594733286709369
PA14_RS18220	31.9878492459719	-0.409044774247623	0.444121707190993	-0.921019548525952	0.357040220989834	0.594780058114653
PA14_RS05190	42.0893357993991	0.326054990868716	0.354120741131098	0.920745251541219	0.357183444705761	0.59481375296042
PA14_RS21510	12.77901774236	-0.592158541731759	0.643332601359398	-0.920454739089072	0.35733517474908	0.594861585227729
PA14_RS25575	187.960900229543	-0.175142664714211	0.190393174851351	-0.91989991159585	0.357625065094653	0.595139303096263
PA14_RS14165	169.076843001537	0.212309257244981	0.230944985161477	0.919306635286038	0.357935208192761	0.595450521781972
PA14_RS15915	37.509306260216	-0.350037178583881	0.380967524599837	-0.918811069136548	0.358194401697217	0.595676797320406
PA14_RS03990	103.390971481429	0.243759205562563	0.26552839422943	0.918015590272213	0.358610703880854	0.596123661317976
PA14_RS05790	13.5198155819471	0.571486777352294	0.622801562792865	0.91760652428286	0.35882490096904	0.596123661317976
PA14_RS21650	408.090961993378	-0.167389369375077	0.182422592305837	-0.917591221894508	0.35883291523917	0.596123661317976
PA14_RS13785	16.491332169044	-0.492533659660308	0.53707510547983	-0.917066634880185	0.359107723543039	0.596375326598261
PA14_RS25330	81.0572549816977	0.238507502317417	0.260306334355015	0.916257005072076	0.359532112893416	0.596875145194837
PA14_RS00130	174.16595176289	0.188361114016524	0.205839847965125	0.915085761472373	0.360146609229213	0.597485077952821
PA14_RS10615	43.5042774925329	0.327829295524497	0.358241361550607	0.915107329051913	0.360135287780489	0.597485077952821
PA14_RS06605	111.063315657808	-0.213415427509145	0.233539999109964	-0.913828159298131	0.36080714747126	0.598375639633407
PA14_RS24680	455.674654543822	-0.156482505762815	0.171578915243543	-0.912014774896436	0.361760939869132	0.599751767297608
PA14_RS05050	76.788894696211	0.236975360611423	0.260140505035285	0.910951412888508	0.362320974597981	0.60006309354652
PA14_RS18450	30.3444387192547	-0.363887945380377	0.39943737903234	-0.911001234441094	0.362294723248685	0.60006309354652
PA14_RS24775	20.3631174859682	0.433332243284582	0.475579177981489	0.911167400397518	0.362207177775065	0.60006309354652
PA14_RS18940	27.7360108427965	0.412270113053525	0.452873121501778	0.910343523339145	0.362641372107577	0.600388112123329
PA14_RS19775	39.5435886013586	-0.334365789430621	0.368097987208165	-0.908360819809462	0.363687618887865	0.601886485936227
PA14_RS25415	112.30988365318	-0.227277302742883	0.250262152092492	-0.908156910034424	0.363795326383703	0.601886485936227
PA14_RS22950	552.315596232125	0.129139478262762	0.14227199067312	0.90769432304823	0.364039744121293	0.60208488460006
PA14_RS12105	27.8388312464481	0.383823298828054	0.423948135507353	0.905354373993695	0.365277678995257	0.603513104072792
PA14_RS16775	399.909902799149	-0.147662686670969	0.16307668547974	-0.905480058271811	0.365211119812861	0.603513104072792
PA14_RS21255	208.770298342868	0.194875145373492	0.215176607822068	0.905652093626443	0.365120026564051	0.603513104072792
PA14_RS05160	34.901821303809	0.341904303899455	0.377979071203006	0.904558823353012	0.365699157982777	0.604003117487947
PA14_RS06780	18.3238498602156	-0.501532237551548	0.555171297913033	-0.903382864778634	0.366322731017739	0.604558025979318
PA14_RS06925	976.40958984999	0.112282042154822	0.124325539519045	0.90312933761789	0.366457255178249	0.604558025979318
PA14_RS07035	23.2560259038584	0.422687183407773	0.467828963094634	0.90350794147448	0.366256375364202	0.604558025979318
PA14_RS08780	175.8039651777	-0.188415554953516	0.208659142313785	-0.902982504692623	0.366535180349743	0.604558025979318
PA14_RS14355	35.3049633782984	-0.327136618874121	0.362600102816599	-0.90219670742781	0.366952383581941	0.605039797818706
PA14_RS00835	101.79235359234	0.239028528749991	0.265149819927714	0.901484786281036	0.367330619239263	0.605048686823389
PA14_RS18130	104.281584326088	-0.24655917790973	0.273504851210149	-0.901480090092753	0.367333115077227	0.605048686823389
PA14_RS23510	429.359671796383	-0.15637721338618	0.173402439310099	-0.901816687287354	0.367154253770052	0.605048686823389
PA14_RS07955	29.1972709320147	0.357443468459704	0.396628881922102	0.901203832478106	0.367479953643977	0.605084458911227
PA14_RS01950	502.378079130944	0.133258440050357	0.147958595076118	0.900646832864299	0.367776125524719	0.605366011925644
PA14_RS15000	13.8428676757978	-0.604632045384224	0.671756314065805	-0.900076460353144	0.368079562149205	0.605659327170314
PA14_RS31705	38.3425509190668	-0.374063132977583	0.415723324614962	-0.899788659498563	0.368232730569819	0.605705267018926
PA14_RS23445	325.523688979952	-0.155116268150408	0.172578476168458	-0.898815840736683	0.368750761094655	0.606351132490225
PA14_RS12510	73.2491515580594	-0.273313728877266	0.304517055670242	-0.897531759840849	0.369435233979981	0.607238071960569
PA14_RS14770	310.822312716956	-0.190904300531835	0.212746341444638	-0.897332942298858	0.369541283246475	0.607238071960569
PA14_RS03540	6353.13389966726	-0.161902452582858	0.180593031036273	-0.89650443128306	0.369983414684628	0.607710039090556
PA14_RS03860	37.038893393384	-0.340019186661654	0.379509187045131	-0.895944546979357	0.37028238062024	0.607710039090556
PA14_RS10540	62.8603655469521	0.308703623639762	0.344591742488048	0.895853224487727	0.370331159057045	0.607710039090556
PA14_RS20930	42.0200954178037	-0.304449146232514	0.33976087640438	-0.896068874834667	0.370215979315561	0.607710039090556
PA14_RS03955	12.2848259159215	0.579787113426372	0.648012624076712	0.894715769237447	0.370939046830097	0.608501095817622
PA14_RS18765	23.0933293925917	-0.404726749530231	0.452942251674446	-0.893550442764014	0.371562471657185	0.609104383400101
PA14_RS20455	29.5893189223766	-0.385852612667598	0.431958422802536	-0.893263314937107	0.371716178662537	0.609104383400101
PA14_RS25115	57.8965419454344	-0.289150476294925	0.323765204998334	-0.893086940260962	0.371810616169788	0.609104383400101
PA14_RS29455	11.1957445325034	-0.666433079251214	0.745746926264939	-0.893645090284224	0.371511813015044	0.609104383400101
PA14_RS01810	176.354063141643	0.193450221713439	0.216913703487873	0.891830338991257	0.3724838773734	0.610000687767614
PA14_RS01210	11.7111580684623	0.570160479610039	0.640130786692639	0.890693732379103	0.373093498142898	0.610378943511182
PA14_RS15490	595.844432036246	-0.12903247443108	0.144861576254264	-0.890729465794291	0.373074323066689	0.610378943511182
PA14_RS17415	22.3319463812193	0.410770487169538	0.461009683192723	0.891023555784658	0.372916533233471	0.610378943511182
PA14_RS00790	23.2519350611562	0.422508411112216	0.474683705920788	0.890084083026691	0.373420738978604	0.61048078131693
PA14_RS09140	107.555561602312	0.245934054113512	0.276370050855519	0.889872304731317	0.373534456558477	0.61048078131693
PA14_RS26900	105.124015652817	0.215963595724887	0.242601842577148	0.890197672988447	0.37335975395048	0.61048078131693
PA14_RS02245	91.1699905160283	0.237917245422518	0.267813124624785	0.888370373019795	0.374341556590739	0.610523036756003
PA14_RS04050	16.7494608218833	0.575302364012226	0.647731853553802	0.888179824499615	0.374444029573678	0.610523036756003
PA14_RS09225	78.2817548230334	-0.232812376214519	0.261861249117042	-0.889067691380564	0.373966701341617	0.610523036756003
PA14_RS16810	64.4407197079112	0.257741752123455	0.290132558311846	0.888358595888518	0.374347889581145	0.610523036756003
PA14_RS24655	746.272300681458	-0.137859263464346	0.155015260017768	-0.889327047211643	0.373827339510852	0.610523036756003
PA14_RS24780	17.4877539807575	0.46760352540053	0.52614184418222	0.888740423463799	0.374142600802623	0.610523036756003
PA14_RS25980	13.4685189872	-0.562299415076325	0.632286493800776	-0.88931112808729	0.373835892540829	0.610523036756003
PA14_RS02675	76.3641899362145	-0.256039471909486	0.288534082277553	-0.887380339571775	0.374874164776656	0.611018355530809
PA14_RS21350	30.6944571714964	-0.357848358064506	0.403634036274352	-0.88656635938718	0.375312412269338	0.611320587987376
PA14_RS27175	494.345034712941	-0.126689435342418	0.142894334897641	-0.886595227397708	0.375296864301015	0.611320587987376
PA14_RS29580	54.0837167727037	-0.288391698236589	0.325599505440886	-0.885725234275418	0.37576560698489	0.61185268531277
PA14_RS03875	49.4641334667692	-0.281327019293495	0.317828701361914	-0.885152971043813	0.376074133109603	0.612148942348718
PA14_RS11870	24.477711834391	-0.378400201536559	0.427758112311633	-0.884612566414367	0.376365626712554	0.612211291887626
PA14_RS12500	321.409108112399	-0.142073543818968	0.160572508757952	-0.884793697986811	0.376267909031287	0.612211291887626
PA14_RS12085	218.079412004909	0.160415595806964	0.181423536178679	0.884204988976597	0.376585565693551	0.612259616609068
PA14_RS24240	54.4960253047988	0.313641422489229	0.354762549807618	0.884088308248186	0.376648544129855	0.612259616609068
PA14_RS27790	15.954885778798	-0.518259078286027	0.586658944272605	-0.883407784617711	0.37701598627754	0.612650977701002
PA14_RS27930	12.1644379487149	0.541346502400422	0.613023606288074	0.883076111339881	0.377195150146922	0.612736226439541
PA14_RS08940	112.654650335173	-0.214728593057502	0.243280159837232	-0.882639148219762	0.377431269791848	0.612913908903081
PA14_RS23215	105.920574656804	-0.225322248955218	0.255497589717559	-0.881895790892985	0.377833163462101	0.613360583586009
PA14_RS12130	24.8168278530139	-0.400617560697092	0.454557856838918	-0.881334586279209	0.378136751469531	0.613441573333328
PA14_RS17785	43.6735901496135	-0.294535160629791	0.334125128928161	-0.881511551000758	0.378041004810625	0.613441573333328
PA14_RS23680	244.140046033773	0.157195807571636	0.178480525424222	0.880744872293513	0.378455923676593	0.613566461162614
PA14_RS27995	140.696281382513	0.19006601928793	0.215806680894391	0.880723518383299	0.378467484211761	0.613566461162614
PA14_RS05085	193.669450606021	0.168483211528449	0.19182140587808	0.878333733178534	0.379762634551805	0.615459819266934
PA14_RS06180	18.0270317899568	-0.462242544095547	0.52666367190281	-0.877680707358242	0.380117017099685	0.615650625584398
PA14_RS08900	813.683448799686	0.125408446268653	0.142891570740244	0.877647615034116	0.380134980974982	0.615650625584398
PA14_RS02250	463.936403181911	-0.141984557076093	0.161901272441402	-0.876982341985498	0.380496229231497	0.616029382177274
PA14_RS08545	530.896974680219	0.123615534957125	0.140996812670003	0.876725740222528	0.38063562225698	0.616048818351659
PA14_RS02950	65.9115773146475	0.289232887491323	0.330148363874251	0.87606942556737	0.380992292837711	0.616104170157682
PA14_RS03160	26.889870035492	-0.365044612229424	0.416736834152775	-0.875959556038667	0.381052020872959	0.616104170157682
PA14_RS05195	874.641272849685	0.126423105330088	0.14425568510523	0.876382135219601	0.380822326913921	0.616104170157682
PA14_RS04500	28.9458410172004	-0.356919714695732	0.407899400127863	-0.875018974246712	0.381563581713407	0.616725093972606
PA14_RS03600	276.859959285667	-0.176014196181043	0.201369762338097	-0.874084540485864	0.382072215862019	0.61724830375855
PA14_RS05155	201.953032885484	0.174908375004627	0.200169345276363	0.873802003814026	0.382226089014695	0.61724830375855
PA14_RS27025	184.245580774511	0.169961215194066	0.194525723552567	0.873721028201894	0.382270196393064	0.61724830375855
PA14_RS05570	13.30960727182	-0.502426756215878	0.576294275639105	-0.871823263659336	0.383304801318387	0.617917983627971
PA14_RS09710	895.809517114356	-0.111855120798141	0.128257229597896	-0.87211552244519	0.383145358875414	0.617917983627971
PA14_RS12350	155.196468294168	-0.184146760121282	0.211228728402178	-0.87178842345094	0.383323811183605	0.617917983627971
PA14_RS13905	26.3838649815733	-0.390809493759351	0.448042245837814	-0.872260366940529	0.383066353692035	0.617917983627971
PA14_RS24475	173.438829540519	-0.178802076363195	0.204949807003133	-0.87241885697634	0.382979917007639	0.617917983627971
PA14_RS24645	136.071241976618	-0.197092487397935	0.226471576162706	-0.870274719403798	0.384150291054678	0.619043921206406
PA14_RS25830	274.673336447117	-0.158853227233781	0.182716691207307	-0.869396365401279	0.384630370407409	0.619611083041382
PA14_RS10160	51.1714253108143	0.312363251911755	0.360203063803512	0.867186549201998	0.38583980493064	0.621145571452921
PA14_RS25315	143.559315972652	0.182114794405554	0.209950826363793	0.867416421071826	0.385713887701471	0.621145571452921
PA14_RS08000	20.3718492160742	-0.413533726912263	0.477288038177502	-0.866423823423941	0.386257784098172	0.621272317398198
PA14_RS17945	63.1974146411262	-0.273843994263323	0.316264174010465	-0.86587105580369	0.386560877388581	0.621272317398198
PA14_RS23925	18.83832993937	0.448125489959777	0.516988107947415	0.866800382970041	0.386051392243529	0.621272317398198
PA14_RS25145	18.0170871444858	-0.453648244572621	0.523794836298296	-0.86608002434425	0.386446278793384	0.621272317398198
PA14_RS25385	82.6140019859542	0.236609208470521	0.273167832052405	0.86616790378572	0.386398091798035	0.621272317398198
PA14_RS03135	38.2081982178667	0.335092343708518	0.38719935114213	0.865425891650099	0.386805075078996	0.621458253515623
PA14_RS02810	95.7027277808698	0.282845626405095	0.327189853941169	0.864469429592865	0.387330066819294	0.622095052520128
PA14_RS17390	41.0203974999044	-0.326703939733818	0.37823474061624	-0.863759736087528	0.387719890614596	0.622209146320162
PA14_RS24265	16.0758226246118	0.510404041481621	0.590979208243803	0.863658203811222	0.387775680288455	0.622209146320162
PA14_RS27020	134.764858813455	0.186023620949257	0.215395503092829	0.86363744032802	0.387787089952226	0.622209146320162
PA14_RS26575	46.4750695759196	-0.285633534042398	0.330965080825862	-0.863032236904427	0.388119742904294	0.62253634384251
PA14_RS26790	147.187602745916	0.197218871493308	0.228651908366908	0.862528867140875	0.388396554889129	0.622773786287742
PA14_RS14460	17.0053003683219	-0.43935794520457	0.510300754081727	-0.860978436128677	0.38924991974378	0.623935237613829
PA14_RS07590	93.9154762468789	-0.211861988513708	0.246307525085774	-0.860152317473572	0.389705085052828	0.624251007391678
PA14_RS10455	56.5601782982845	-0.267583749651209	0.31104373733022	-0.860276924229237	0.389636409940068	0.624251007391678
PA14_RS17335	67.9286952092381	0.233960019555065	0.27228982247426	0.859231598996622	0.390212753121088	0.624779864024975
PA14_RS17910	37.4451360250726	-0.328979079474496	0.382941246962244	-0.859084995633629	0.390293624735205	0.624779864024975
PA14_RS09415	1561.7293690581	0.118367994429922	0.137951379456103	0.858041397604055	0.390869604724502	0.624874515189319
PA14_RS12840	41.0895704763655	-0.300096263434562	0.349721918595655	-0.858099671417879	0.390837428784893	0.624874515189319
PA14_RS20915	86.4687157542219	0.235156016929938	0.274026500415381	0.858150640808383	0.390809287308342	0.624874515189319
PA14_RS22145	401.605821532797	0.148932869440195	0.173450996024145	0.858645224611237	0.390536279131698	0.624874515189319
PA14_RS23270	58.9049608964549	-0.273341203233479	0.319117825538452	-0.856552600194823	0.391692191118872	0.625982629296386
PA14_RS16945	17.439698081693	-0.451882596767232	0.528456201059229	-0.855099430873338	0.392496104660813	0.627060179101319
PA14_RS19830	16.3435012360835	0.456675162960299	0.534685525817266	0.854100477588714	0.393049319326829	0.627736627564248
PA14_RS18360	20.8250230910718	-0.411382328107228	0.481832940773194	-0.853786226087169	0.393223447672796	0.627807392850988
PA14_RS26190	218.829191453266	-0.161537414494462	0.189257795165068	-0.85353110213279	0.393364847511375	0.627825875433997
PA14_RS07730	68.947257974317	-0.250621232100424	0.294222369926703	-0.851808895981834	0.394320168066333	0.629142966931305
PA14_RS06930	1344.09327071696	-0.115434154293508	0.135669988105528	-0.850845171473883	0.394855365252444	0.629789098403964
PA14_RS22450	16.6823200528387	-0.46063248724236	0.541725698735781	-0.850305769723187	0.395155109614451	0.630059383480213
PA14_RS21155	165.440320029001	0.186008440529416	0.218934367684038	0.849608229612721	0.395542935003138	0.630469885852068
PA14_RS24845	14.504759431367	-0.527658876993676	0.621628326061995	-0.848833386239629	0.395974009775047	0.630949031720636
PA14_RS26335	95.6171064409281	0.208660482882254	0.246353193922525	0.846997270706688	0.396996642722462	0.632370146312855
PA14_RS13715	67.4118520293579	-0.236551712534899	0.279746515596236	-0.845593061385327	0.39777979764398	0.633408989597066
PA14_RS17850	1200.43767716273	-0.123317145554316	0.146023416673601	-0.844502535028071	0.398388647379642	0.634053240689938
PA14_RS26240	152.445677609856	-0.17119927250488	0.202746946367414	-0.844398771829766	0.398446608448453	0.634053240689938
PA14_RS22250	21.6786598714722	-0.43296863582712	0.513031672456931	-0.843941337488217	0.398702187168194	0.634251242482034
PA14_RS18770	16.5312403734453	-0.498731714682355	0.591180464767679	-0.843620086259694	0.398881736349623	0.634328206835507
PA14_RS01475	70.6686291510481	0.242199046639082	0.287866267867485	0.841359595319363	0.400146513624742	0.635038593295902
PA14_RS07095	99.1178138397965	0.201630977322049	0.240569588773921	0.83813992595521	0.401952121597552	0.635038593295902
PA14_RS07615	35.0090946870349	0.326656987421812	0.38873275135115	0.840312493059626	0.400733198527277	0.635038593295902
PA14_RS07845	314.218343529101	-0.151512632184187	0.180450598377977	-0.839634966833553	0.401113087476187	0.635038593295902
PA14_RS09220	53.733971541015	-0.257353071019096	0.305880379380086	-0.841352006757221	0.400150763590763	0.635038593295902
PA14_RS09700	79.3901017429834	-0.218982914828915	0.261419798041636	-0.83766767654697	0.402217372056523	0.635038593295902
PA14_RS09985	245.91398982981	0.143825032180943	0.171335593559388	0.839434639312643	0.401225452525031	0.635038593295902
PA14_RS10035	73.7538211645861	0.263247590987575	0.312652062384258	0.841982582747322	0.399797702749585	0.635038593295902
PA14_RS11760	14.1840155367273	-0.527708413253036	0.628724279314157	-0.839332010255251	0.401283025171508	0.635038593295902
PA14_RS12170	33.6324670819972	-0.343774824526971	0.409819925851093	-0.838843606281556	0.401557077028554	0.635038593295902
PA14_RS15525	16.4346286518441	-0.440394678493383	0.524769836359394	-0.8392149242964	0.401348713878737	0.635038593295902
PA14_RS15970	49.7835957075719	-0.299362009291936	0.355967054592543	-0.840982347747322	0.400357823573194	0.635038593295902
PA14_RS16555	122.451305418776	-0.210824628298521	0.251431004902074	-0.83849892888362	0.401750549028617	0.635038593295902
PA14_RS17675	150.286324577289	-0.194318578774303	0.231665134198177	-0.838790780696735	0.401586725101788	0.635038593295902
PA14_RS18915	61.4193419358786	0.253504935674975	0.302075885363872	0.839209443579419	0.40135178888221	0.635038593295902
PA14_RS20495	73.5945240703137	-0.244804555627107	0.291152019920436	-0.840813523100424	0.400452410054494	0.635038593295902
PA14_RS21040	1414.80175311561	-0.107613001602113	0.127800928179521	-0.842036150558704	0.399767718653388	0.635038593295902
PA14_RS23620	708.657816033219	-0.108018273885237	0.12864307659267	-0.839674211362824	0.401091077170462	0.635038593295902
PA14_RS23870	97.2813005658021	0.199172727309708	0.237745671017489	0.837755431917231	0.40216807416148	0.635038593295902
PA14_RS25200	73.2053867174101	0.233155307063999	0.27762058712053	0.83983435624237	0.401001267386593	0.635038593295902
PA14_RS25300	22.9280418457754	0.417345743719121	0.49794651097286	0.838133684085334	0.401955626812317	0.635038593295902
PA14_RS26355	22.1515446493893	-0.411232387063903	0.490587956440147	-0.838243951294541	0.401893707322189	0.635038593295902
PA14_RS28100	38.9765104732467	-0.325186589156678	0.388570964413704	-0.83687825117694	0.402661006515464	0.635531536393206
PA14_RS25195	135.347878198119	0.188386593567905	0.225171269391835	0.836636903441183	0.402796695556596	0.63553827723057
PA14_RS05615	42.5097217371645	-0.279878521625957	0.335351030222338	-0.834583753747223	0.403952112575163	0.636863485956841
PA14_RS10230	336.908207653538	-0.139373236500872	0.167072375982758	-0.834208741457389	0.404163366087996	0.636863485956841
PA14_RS15735	59.1711244554998	-0.265975492449704	0.318576278961474	-0.834887937409393	0.403780807102766	0.636863485956841
PA14_RS16785	179.680628703483	0.178908539686899	0.214461334593452	0.834222821685086	0.404155433160105	0.636863485956841
PA14_RS20740	11.6311714751303	0.60065920603251	0.721101591093428	0.832974456652788	0.404859135378838	0.637752045176567
PA14_RS18615	23.3810505614834	0.378912297349741	0.45558158656085	0.831711176498859	0.405571990539308	0.638666931373524
PA14_RS21170	62.1859362004345	0.256681216646635	0.308795237290053	0.831234376861624	0.405841238168338	0.638882886647814
PA14_RS19135	15.1514318854535	-0.483532730319229	0.581937254844663	-0.830901830556112	0.4060290894631	0.638970607433633
PA14_RS22505	42.2169793709005	-0.33086207439728	0.398607692097997	-0.830044379364206	0.406513692515506	0.639525119390041
PA14_RS07475	128.041932203773	-0.196656450739508	0.237238897371709	-0.828938478968665	0.40713922029193	0.639906072406992
PA14_RS14515	110.64333691518	-0.230858522407696	0.278461326216151	-0.829050574256389	0.407075789972128	0.639906072406992
PA14_RS15920	13.2354155108057	0.487497936861727	0.588116092676495	0.828914465923117	0.407152809097666	0.639906072406992
PA14_RS31375	30.8548329997433	0.364436803479818	0.440335403572674	0.827634572471233	0.407877482735711	0.64063533913911
PA14_RS25910	58.9361609450829	-0.247466760098238	0.299092089851833	-0.827393195924475	0.408014235845422	0.64063533913911
PA14_RS28510	203.450829980759	0.156151617848299	0.188694862472961	0.827535078601702	0.407933848184182	0.64063533913911
PA14_RS11135	19.4525813449524	-0.461990320953798	0.558656441230063	-0.826966784696114	0.408255888040562	0.640806710342147
PA14_RS05765	25.9826026363813	-0.392483529121902	0.47624623518023	-0.824118911876272	0.409871995377314	0.642926036213003
PA14_RS10865	75.0154226722962	-0.227634088968956	0.276210671357568	-0.824132130196637	0.409864485486072	0.642926036213003
PA14_RS09255	72.157634252659	0.227138491333348	0.275983927136196	0.823013476510381	0.410500329787792	0.643349001928768
PA14_RS12870	187.471744922518	-0.15654681323325	0.190228149776187	-0.822942416342876	0.410540740271336	0.643349001928768
PA14_RS21305	637.628270118861	0.413530024117793	0.502300394903427	0.823272345221426	0.41035313636155	0.643349001928768
PA14_RS19560	97.3589371228102	-0.205163832654292	0.249620711255601	-0.821902283758066	0.411132513109093	0.644067649302097
PA14_RS24400	12.5682594231531	-0.561698141751478	0.684041504529646	-0.821146287223767	0.411562947261331	0.644324510506895
PA14_RS27760	174.077301144175	-0.173319867195031	0.211028886671617	-0.821308731371617	0.411470435519689	0.644324510506895
PA14_RS19835	10.7428949620828	0.544952791485535	0.664530353743523	0.82005703489033	0.412183593897057	0.645087333361219
PA14_RS21495	1251.15328814815	-0.101083091033179	0.123456100067262	-0.818777613889519	0.412913305331457	0.646020299120972
PA14_RS09295	111.054033705377	-0.201608771416675	0.246448624813686	-0.818055980507459	0.413325222730739	0.646246614007713
PA14_RS27495	31.4019402300735	0.370577961419839	0.452937148811819	0.81816641092913	0.413262171893746	0.646246614007713
PA14_RS09725	31.1575809966649	-0.355489662615662	0.434825517791437	-0.817545539694318	0.413616735641048	0.646493385119621
PA14_RS07445	301.577879287577	-0.133517325606934	0.163494696138749	-0.816646220092823	0.414130633371035	0.647087477538715
PA14_RS09970	60.2706389212346	-0.240892216812532	0.295064570797099	-0.816405087746646	0.414268487696056	0.64709380054849
PA14_RS26305	85.1276446141851	-0.20181461330251	0.24741369295124	-0.815697025072429	0.414673440930416	0.647517197397317
PA14_RS11035	12.1302700633455	0.489598985894134	0.60063853775288	0.815130823483007	0.414997429711457	0.647604895154761
PA14_RS19245	92.3827167294513	0.202813471318861	0.24876837713971	0.815270307467415	0.414917601062168	0.647604895154761
PA14_RS02305	143.848658292764	0.176900702652547	0.217210983346527	0.814418773521821	0.415405087363185	0.648031936286569
PA14_RS06290	153.607681572173	-0.21366792435904	0.262486050048455	-0.814016304179198	0.415635610785231	0.648182461708281
PA14_RS23755	105.381380952289	-0.217410055682426	0.26720388991777	-0.813648542876124	0.41584632043817	0.648302000528366
PA14_RS09770	990.289083184992	-0.420298188715923	0.516923015111823	-0.813076950394639	0.416173940784228	0.648603666655664
PA14_RS23885	37.0118529375183	0.309407044431392	0.38119794158583	0.811670291671095	0.416980845541698	0.649651858582362
PA14_RS13995	25.0680524720742	-0.413537425883326	0.510083045495475	-0.810725683857286	0.417523220396535	0.650287373216633
PA14_RS25420	156.34377119525	-0.174057179905809	0.214830784624561	-0.810205949812974	0.417821818475275	0.650542921489513
PA14_RS08315	14.1483180488338	-0.505523642525978	0.624408838793446	-0.809603598025307	0.418168039513634	0.650872429703229
PA14_RS12420	43.2414635292994	-0.311037353377858	0.384336758523255	-0.809283386197468	0.418352160302086	0.650949500392821
PA14_RS10395	92.4569184080642	-0.20557339741095	0.254357388430632	-0.808206903991759	0.418971483993708	0.651703472690117
PA14_RS04310	168.726773442628	-0.163475345215721	0.202513861364171	-0.807230399512016	0.419533754612001	0.652368243505993
PA14_RS04550	141.666118112124	0.174452770674694	0.21624082821713	0.806752231357177	0.419809245240433	0.65254788224912
PA14_RS10765	110.627947189044	0.19591817243008	0.242905429059695	0.806561521446818	0.419919150032933	0.65254788224912
PA14_RS27510	12.3783269120482	-0.498377319850483	0.618447580700045	-0.805852161773113	0.420328097456635	0.652763866185063
PA14_RS28015	61.4759237550425	0.262199565164955	0.325330897869509	0.805947319735134	0.420273225098878	0.652763866185063
PA14_RS00925	33.5781068770942	0.305115603612723	0.378757027437468	0.805570805318186	0.420490364847776	0.652806229343128
PA14_RS23475	2925.41489466257	0.107085009304248	0.133027963080517	0.804981199625174	0.420830528869708	0.653124659054528
PA14_RS10095	55.8680567354728	0.251865867345985	0.312999233066909	0.804685253948034	0.42100133109312	0.653180121002993
PA14_RS01405	18.6368901553164	-0.411837285345627	0.512276827295113	-0.80393502770793	0.42143449927018	0.653493407361004
PA14_RS19360	21.4533399288622	-0.423684720534952	0.527057924932638	-0.803867469764546	0.42147351893279	0.653493407361004
PA14_RS05740	133.790768020593	0.192805986134697	0.240102078504194	0.803016730783232	0.421965064376227	0.653596027350868
PA14_RS12985	57.8490906866521	0.23425795524821	0.291794834134828	0.802817349192575	0.422080312948048	0.653596027350868
PA14_RS22495	358.326031614562	0.126272163664348	0.157201383049821	0.803250971553662	0.421829689718778	0.653596027350868
PA14_RS24570	236.83649454429	0.141738055983819	0.176437532476406	0.803332794300851	0.421782407939243	0.653596027350868
PA14_RS11575	88.4948711952453	-0.226321209541148	0.282452492002161	-0.801271774721734	0.422974327290607	0.654770757611196
PA14_RS07275	30.5095229650054	0.321259801544978	0.40159200581022	0.799965629038931	0.423730711394741	0.655731750497589
PA14_RS02565	33.2438642439096	0.307255255323941	0.3842426722562	0.799638555290582	0.42392024240014	0.655815192657414
PA14_RS12690	36.0039055776955	-0.304841817863423	0.381573662759548	-0.798906862855263	0.424344419248262	0.656051666075638
PA14_RS22985	45.6505147193264	0.2707823786006	0.338842814792079	0.799138617611703	0.424210039503907	0.656051666075638
PA14_RS24550	730.192174758098	0.130227464143008	0.163221156185139	0.797858973595885	0.424952333707165	0.656781555068025
PA14_RS24710	451.074380515419	-0.16011788130965	0.200806348685878	-0.79737459675701	0.425233508235072	0.657006148825818
PA14_RS08710	58.1822685569241	0.269956345250384	0.339908446128974	0.794203110645718	0.427077197918845	0.659255033722605
PA14_RS10300	26.89433069342	0.347941624045804	0.437899744810773	0.794569140925527	0.426864174938555	0.659255033722605
PA14_RS28160	856.544473379661	0.139055535819533	0.175096014191347	0.794167339911983	0.427098019158999	0.659255033722605
PA14_RS18115	16.3627302490175	-0.432108251193191	0.5454312839108	-0.792232246186778	0.428225269561921	0.660784110913034
PA14_RS09585	116.28097465961	-0.184269259266386	0.232890900984722	-0.791225670420135	0.42881231415193	0.661267969145005
PA14_RS17405	219.89701655326	-0.155094714281181	0.196015782959839	-0.79123584815085	0.428806376061173	0.661267969145005
PA14_RS08385	274.677097931689	-0.132555268030174	0.167671847761609	-0.790563650366857	0.429198665547296	0.661539206386556
PA14_RS09335	101.924933395717	-0.187483748038959	0.237191080677779	-0.790433381825405	0.429274713395089	0.661539206386556
PA14_RS17940	63.1582620978392	0.237188655358452	0.300154754604708	0.790221216621471	0.429398587437427	0.661539206386556
PA14_RS09280	245.764023640974	-0.136212643602587	0.172495938042078	-0.789657108153812	0.429728046878422	0.66163274948018
PA14_RS12905	14.0426728057921	-0.458831935481127	0.581058273641844	-0.789648743155053	0.429732933440291	0.66163274948018
PA14_RS07760	73.1873129179956	0.214296798690359	0.271514894884618	0.789263509029315	0.429958009733526	0.661768598049437
PA14_RS28880	17.9904297957524	0.489533896824749	0.620508694764303	0.788923508977897	0.430156714498775	0.661863783428595
PA14_RS04755	56.819325285262	-0.241978267388677	0.306985729304944	-0.788239466168502	0.430556648189912	0.662111292401059
PA14_RS25995	175.312657182535	0.149377116596531	0.189521566723079	0.788180042933027	0.430591400868761	0.662111292401059
PA14_RS01625	98.924368892596	0.187613807423413	0.238596569043912	0.786322318779378	0.43167868019723	0.662729554740891
PA14_RS05670	30.7392482136746	-0.346965473569537	0.440946645872982	-0.786864979736082	0.431360909961034	0.662729554740891
PA14_RS12090	31.639360453618	0.313437497224844	0.398594170395337	0.786357454535696	0.431658101369871	0.662729554740891
PA14_RS18560	35.1708028049622	-0.295380817038256	0.375523206438263	-0.786584722259549	0.431525005594736	0.662729554740891
PA14_RS24970	63.4236542353146	-0.263135150960893	0.334599514112176	-0.78641821001771	0.431622518545748	0.662729554740891
PA14_RS05930	460.909104204552	-0.110799481479505	0.141120400165478	-0.785141491588615	0.43237061503956	0.662739871420384
PA14_RS06555	25.960031374821	-0.333668934761773	0.424656002752391	-0.785739357501393	0.432020200513421	0.662739871420384
PA14_RS08820	12.6255204974404	0.47764699866531	0.608189185564647	0.785359243475958	0.4322429696711	0.662739871420384
PA14_RS13930	50.6951224987219	-0.278878051276913	0.354950170203744	-0.785682258207778	0.432053659809448	0.662739871420384
PA14_RS31440	11.1484086521562	-0.559451729052269	0.712439101041421	-0.785262527329676	0.432299661631868	0.662739871420384
PA14_RS26665	1840.39698738077	-0.141354925010031	0.180213885674568	-0.784373104663481	0.432821215046982	0.663220340927505
PA14_RS02405	612.645972739907	-0.116582093376049	0.148737773611508	-0.783809590162029	0.4331518457625	0.663516733008378
PA14_RS18810	37.5432560662443	0.278483452705608	0.355529607553404	0.78329187440114	0.433455733739115	0.66370544186934
PA14_RS21930	32.0742289657282	0.298986865114895	0.381783420642033	0.783132134475873	0.433549522511423	0.66370544186934
PA14_RS07885	22.5273167856574	0.383795038324935	0.49024985307795	0.782855998661383	0.433711678962755	0.663743569450595
PA14_RS06550	65.4073185452794	0.241010164697605	0.308161800865368	0.782089681527073	0.434161870379401	0.663983584805398
PA14_RS08555	90.6960589315085	0.206125442921029	0.263881439645334	0.78112899186115	0.434726631859744	0.663983584805398
PA14_RS11140	16.9839910694022	-0.396244582164393	0.507385373811462	-0.78095389149241	0.434829613953411	0.663983584805398
PA14_RS12275	431.606242566287	-0.126450391319335	0.161658538433987	-0.782206696561038	0.434093109623465	0.663983584805398
PA14_RS21200	85.8624903477304	0.221998313617929	0.28413019566801	0.781326015336016	0.434610772930486	0.663983584805398
PA14_RS21400	64.6419913681962	0.224281575467384	0.287077816932032	0.78125707469931	0.434651311189891	0.663983584805398
PA14_RS21970	171.95559883433	-0.167726237402581	0.214645140433289	-0.781411762055289	0.4345603554574	0.663983584805398
PA14_RS24660	319.487364459764	-0.134435860575449	0.172226021504196	-0.780578099646656	0.435050676629499	0.664111449551848
PA14_RS03055	15.4030349727306	-0.457899567371687	0.586988120405035	-0.780083193260753	0.435341908370117	0.66434631394064
PA14_RS12660	94.6693436283267	-0.208317386559782	0.267358256591447	-0.779169453061306	0.435879901783443	0.664747778311173
PA14_RS13165	27.124934000111	-0.326554642847435	0.419051049814159	-0.779271745035017	0.435819655102201	0.664747778311173
PA14_RS19250	119.070592613519	0.195460762149078	0.25108490698039	0.778464801009897	0.436295049631602	0.665171141241623
PA14_RS03030	323.262258955625	0.133462425310919	0.171799807023599	0.776848517021828	0.437248148481751	0.666414133645682
PA14_RS12920	98.2719164045028	0.187424416002519	0.241605255800826	0.775746435570205	0.437898716360392	0.667195397706004
PA14_RS07695	46.7836051411028	-0.282273897237396	0.364878893505072	-0.773609825785861	0.439161559738867	0.668558320344073
PA14_RS08535	227.440640664437	-0.159232454633022	0.205784676782325	-0.773781882707693	0.439059788109805	0.668558320344073
PA14_RS25560	305.111178363384	0.132689171125235	0.171536900095027	0.773531357111666	0.439207978439438	0.668558320344073
PA14_RS10310	175.657285427026	0.15418528559413	0.199559299965619	0.772628915919696	0.439742026433689	0.668884520517321
PA14_RS11570	246.447478977957	0.168796586100775	0.218515922621439	0.772468129900088	0.439837215724789	0.668884520517321
PA14_RS28985	24.6392387491612	0.34401347292607	0.445079045681558	0.772926688559952	0.439565768910913	0.668884520517321
PA14_RS15465	37.3410736898742	-0.320182200743503	0.415972320114287	-0.769719967558261	0.441466022900293	0.670765217788369
PA14_RS16305	19.1854275993019	-0.373510178239322	0.485280118663396	-0.769679539454613	0.441490009971129	0.670765217788369
PA14_RS19195	12.4850186042525	-0.534380692738808	0.694133085207373	-0.769853366921937	0.44138687879931	0.670765217788369
PA14_RS03080	174.480148058212	0.147622182935173	0.191996824641429	0.768878252079795	0.441965589099722	0.671066118959578
PA14_RS21710	206.806112086508	-0.140477187526319	0.182673578517953	-0.769006600002161	0.441889392477057	0.671066118959578
PA14_RS16455	36.3819543446796	-0.3151730355222	0.410652736636958	-0.767492841039633	0.442788547993065	0.672104651002657
PA14_RS04320	151.725223359715	0.173273507757236	0.226188900640516	0.76605663348893	0.44364260516377	0.673189720292436
PA14_RS06885	2182.40030852889	-0.0903121833674344	0.117991222697086	-0.765414420692029	0.444024808553072	0.673558335684647
PA14_RS11310	85.20668388246	0.248132600883572	0.324386072212221	0.764929884909602	0.444313297194641	0.673784604964969
PA14_RS01745	129.402685080578	-0.16137257121788	0.211130633376278	-0.764325709809625	0.444673167917338	0.674118946723588
PA14_RS19820	28.5436944797709	-0.362291385546679	0.474178581653719	-0.764039962081735	0.44484342853255	0.674165722464246
PA14_RS06135	41.7753254200512	0.297669718524612	0.389869964141956	0.763510262145322	0.445159144546676	0.6744328392944
PA14_RS17575	15.4979096586692	-0.425968089673352	0.558985006784422	-0.762038488516439	0.446037033174948	0.675551234711572
PA14_RS04200	30.5616702221619	-0.349207876467232	0.458421948486872	-0.761760813634412	0.446202772139345	0.675590671905408
PA14_RS02475	24.9607130523095	0.383423500373097	0.504964720504357	0.759307501700584	0.447668631054022	0.675926907060446
PA14_RS04425	28.3574642680165	0.343684331893432	0.452642747916651	0.75928385791065	0.447682771570432	0.675926907060446
PA14_RS07305	10.9588705748749	-0.502234684136961	0.660447205751036	-0.760446375976166	0.446987811213777	0.675926907060446
PA14_RS09890	12.3331706696004	-0.467667860175085	0.615405110815304	-0.759934963093673	0.447293461309273	0.675926907060446
PA14_RS10445	81.6306593753444	-0.23390614064712	0.307811468045934	-0.759900669497518	0.447313961408763	0.675926907060446
PA14_RS13505	34.5065298909742	-0.292719219867151	0.384981766559141	-0.760345671649317	0.447047988583124	0.675926907060446
PA14_RS13775	172.677280245956	-0.159117356274544	0.209426694131527	-0.759775906000854	0.447388547306711	0.675926907060446
PA14_RS15455	102.240784317567	-0.17644590917401	0.232261876562899	-0.759685195801935	0.44744277996019	0.675926907060446
PA14_RS16125	42.7049664137501	0.278395203855035	0.366154448276995	0.760321785424356	0.447062262828479	0.675926907060446
PA14_RS02715	58.8371252479739	0.229990841290015	0.303495743419334	0.757805821916392	0.448567236556063	0.676761878764001
PA14_RS06195	29.3246562279544	-0.369899366519375	0.489108916410773	-0.756271975644622	0.449486146773188	0.676761878764001
PA14_RS12975	191.49074873398	-0.145424154827828	0.192310984937219	-0.756192657820884	0.449533694208724	0.676761878764001
PA14_RS13285	11.8029798338408	0.541840233320931	0.716394838020313	0.756343017236492	0.449443562984263	0.676761878764001
PA14_RS16435	11.193977892123	-0.596395023604933	0.787878990678993	-0.756962719733091	0.44907219762365	0.676761878764001
PA14_RS17680	105.271157368163	-0.178639451761398	0.235834721151345	-0.757477316695695	0.448763950576671	0.676761878764001
PA14_RS18390	81.8566212924467	-0.206652674091786	0.272818617643033	-0.757472770286443	0.44876667338051	0.676761878764001
PA14_RS23265	145.500290169717	-0.162317372497521	0.214698898523225	-0.756023312713748	0.449635218459209	0.676761878764001
PA14_RS24995	39.2389684136586	-0.285354126139094	0.377132321738493	-0.756641925634158	0.449264416220314	0.676761878764001
PA14_RS27080	94.830280401194	0.225589401044061	0.298313424875646	0.756216054098469	0.449519668905583	0.676761878764001
PA14_RS16595	88.7621727051403	-0.191724556294609	0.253681421729099	-0.755769007394432	0.449787701706091	0.676780748428953
PA14_RS11985	187.408993489247	-0.139878361828719	0.185405738012986	-0.754444621443815	0.450582286465393	0.67776545485121
PA14_RS10560	62.4223905101214	-0.216746370913073	0.287678622052493	-0.753432317516882	0.451190168687075	0.678079693861421
PA14_RS12265	103.944381980082	0.187707611521782	0.249014364065801	0.753802344800402	0.450967915804085	0.678079693861421
PA14_RS19650	15.7523562117269	-0.487815774390628	0.647488991900012	-0.753396243786579	0.451211839298191	0.678079693861421
PA14_RS22425	339.048501909446	0.124541064410779	0.165727713551112	0.751480013464191	0.452363824705139	0.67959970682636
PA14_RS12230	976.586178710741	-0.104565842279543	0.13924042444777	-0.750973308895408	0.452668719268714	0.679846560988665
PA14_RS07580	23.1695301887019	-0.363405440120677	0.484220808472366	-0.750495298347792	0.452956454420239	0.680067498781831
PA14_RS27565	1262.38247101907	-0.096723070367294	0.128919491230148	-0.750259479341439	0.453098442075928	0.680069542482678
PA14_RS08590	79.2333710087109	0.198385280218331	0.264671667896181	0.749552386151694	0.453524336571054	0.680075563304687
PA14_RS17665	28.0849725767488	-0.331574689880649	0.442142897168587	-0.749926532810999	0.453298953414032	0.680075563304687
PA14_RS21675	74.9619540129503	-0.198155004197291	0.264287780378741	-0.749769830119737	0.453393342251888	0.680075563304687
PA14_RS04305	40.6529846736863	0.296418210335354	0.395941086261397	0.74864221122953	0.454072883071693	0.680476127218688
PA14_RS26150	22.9877602301526	-0.358175447442468	0.478348340569432	-0.748775352739996	0.453992617660933	0.680476127218688
PA14_RS11955	15.3436596610537	-0.414656060678208	0.554441984086648	-0.747879981277547	0.454532553414747	0.680651748483286
PA14_RS16995	98.5701408379044	-0.200020087425322	0.267496736639344	-0.747747766713886	0.454612313399713	0.680651748483286
PA14_RS17385	147.404824290005	0.160377864452602	0.214416117852863	0.747974854029662	0.454475325174998	0.680651748483286
PA14_RS25765	399.254954823755	-0.128822748650335	0.172369477614309	-0.747364037028566	0.45484384748322	0.680787634301719
PA14_RS24985	35.6555765511451	0.309495822241386	0.41517784166044	0.745453613332554	0.455997543320369	0.682092211412714
PA14_RS28060	88.2385789815815	0.200965738532332	0.269529058795164	0.745618077066273	0.455898159743159	0.682092211412714
PA14_RS22870	58.152217020792	-0.235488411001812	0.316538543298043	-0.743948615382625	0.456907562381387	0.683242106269754
PA14_RS02575	22.4739831387225	0.361647164496522	0.487057383513211	0.742514489541072	0.457775676181019	0.68432864606226
PA14_RS08075	46.0793050518731	-0.263593228390911	0.355194367546255	-0.742109820636683	0.458020800177163	0.684483494949555
PA14_RS04855	192.129968137785	0.13391804997451	0.181039020701155	0.739719257516156	0.45947036054566	0.685323949970989
PA14_RS05650	76.5643394218135	-0.192538467427222	0.260176041696957	-0.740031503944099	0.459280878634335	0.685323949970989
PA14_RS31760	120.829572200676	-0.1794572527171	0.242658492513306	-0.739546557214601	0.459575179850272	0.685323949970989
PA14_RS16015	12.2574181837217	-0.453015929556018	0.612314422773115	-0.739842003891318	0.459395868586243	0.685323949970989
PA14_RS18000	297.11122375137	-0.119136468931255	0.160983429824983	-0.740054234530704	0.459267086639103	0.685323949970989
PA14_RS24020	118.191278330426	-0.164784165962504	0.222806531926447	-0.739584089109661	0.459552398976367	0.685323949970989
PA14_RS25585	177.99022101548	-0.154510761263462	0.208727929379207	-0.74024957619713	0.459148570827133	0.685323949970989
PA14_RS19845	240.6767022071	-0.131295610284732	0.177600988181866	-0.739272971557362	0.459741258257262	0.685360272790419
PA14_RS03150	65.0908906148114	0.228344234605184	0.309217279658979	0.73845884310545	0.460235668378252	0.685885883598529
PA14_RS07380	18.2511657890866	0.380518856152937	0.516994589421217	0.736020964124467	0.461717939699312	0.687459346177917
PA14_RS16685	71.8065928772178	-0.210256871045218	0.285580853277714	-0.736242884045007	0.461582898469194	0.687459346177917
PA14_RS22240	37.6363417336582	-0.324947492922949	0.441222225416355	-0.736471270494853	0.461443945305662	0.687459346177917
PA14_RS04715	69.3767027681782	-0.235246329391162	0.319948837964284	-0.735262334090499	0.462179742766258	0.687769211022553
PA14_RS10965	67.8480117413253	0.23560191633213	0.320454465693501	0.735211836796408	0.462210491278598	0.687769211022553
PA14_RS06705	223.509503553017	0.143900721592936	0.195884746988521	0.734619330015364	0.462571362259564	0.688094465668179
PA14_RS04725	39.8484074507292	0.328583898775567	0.447688275340396	0.733956900090204	0.462975006501156	0.688483127748952
PA14_RS05980	52.2758830135328	0.256545406656582	0.350268287410042	0.732425446087434	0.463908932164726	0.689531935800618
PA14_RS07505	127.465552326276	-0.193428025919618	0.264210138401072	-0.732099180940563	0.464108033711954	0.689531935800618
PA14_RS27925	80.0474847304981	0.192846945972357	0.263412652330809	0.73210965481707	0.46410164134629	0.689531935800618
PA14_RS20585	63.4157470169916	-0.218435353967003	0.298839281956389	-0.730945920285272	0.464812185937548	0.689942213380596
PA14_RS20595	12.1584887091176	-0.466144470152176	0.637698356916085	-0.730979569096672	0.464791632399101	0.689942213380596
PA14_RS21595	29.9572959319503	-0.311735477912018	0.42629154183344	-0.731272960686184	0.464612442875323	0.689942213380596
PA14_RS10475	49.5177967663956	-0.258694005133997	0.35442735677118	-0.72989288267895	0.465455663140508	0.690685359603405
PA14_RS00265	96.9421707100786	0.184916645790014	0.253811121813535	0.72856005863236	0.466270818160192	0.691258637836508
PA14_RS19275	48.9714572029105	0.24559592723947	0.337026798044885	0.728713350582767	0.466177024506207	0.691258637836508
PA14_RS26710	530.249985608289	-0.107640056474	0.147658168592398	-0.728981386536995	0.466013048431426	0.691258637836508
PA14_RS04630	72.7462740402219	-0.21686640728534	0.298064571050659	-0.727581968299351	0.466869521944693	0.691721034403842
PA14_RS08320	237.862369511118	-0.138459154427151	0.190361217238492	-0.727349595866915	0.46701182326893	0.691721034403842
PA14_RS10510	15.8068542662965	-0.433671936512886	0.59613857010101	-0.727468340858074	0.466939102646743	0.691721034403842
PA14_RS24245	50.4036246501	-0.230646298824884	0.317403970600378	-0.726664818932827	0.467431310060757	0.692130378277349
PA14_RS11695	230.585735144887	-0.186103673097283	0.256207023990811	-0.726380058588704	0.467605812574589	0.692176831836765
PA14_RS12355	335.280949946644	-0.112563444293145	0.155236202134897	-0.725110784373158	0.468384068901891	0.693116694372567
PA14_RS25885	15.1176804642671	0.409047293740876	0.564697813363321	0.724364932997711	0.468841722474479	0.693581697732206
PA14_RS18195	46.0307200362584	-0.239881340164734	0.331312890503874	-0.724032620040569	0.469045708987316	0.693671268704178
PA14_RS18020	44.5538626999644	-0.316702187413834	0.437804025550462	-0.72338802050903	0.469441528989472	0.694044400548177
PA14_RS20525	198.464814912112	0.1444699636469	0.199839735001325	0.722929119406319	0.469723432318939	0.694248936031292
PA14_RS05905	87.7760068646417	-0.188606225279964	0.261339322918592	-0.721690954019632	0.470484504922204	0.694949012157538
PA14_RS26330	129.622237283346	-0.175941301915194	0.24372463528254	-0.721885589083896	0.470364822011818	0.694949012157538
PA14_RS09980	32.7473915997058	0.302569091417123	0.419911520539068	0.720554394479806	0.471183721613847	0.695556922382345
PA14_RS25580	159.48995474932	-0.175898850023796	0.244058005658569	-0.720725589595591	0.471078364930076	0.695556922382345
PA14_RS05925	303.901427947821	-0.115872372023561	0.161033174877559	-0.719555905866376	0.471798469146077	0.696251875737085
PA14_RS13260	78.7478325495521	0.205166530405663	0.285431568474252	0.718794110624698	0.472267786920919	0.696349708062738
PA14_RS17410	61.0106206956464	-0.218962192539829	0.304450560161462	-0.719204433139176	0.472014968345412	0.696349708062738
PA14_RS24225	10.8843456721298	0.466775828133783	0.649429836758411	0.718747125114647	0.472296741614098	0.696349708062738
PA14_RS13565	24.0325550916184	-0.361506611392126	0.503271533254518	-0.71831325140598	0.472564161311794	0.696422170507265
PA14_RS23300	37.2499756809435	0.268614883415311	0.374011193300847	0.718200118677312	0.472633904798355	0.696422170507265
PA14_RS06425	107.500947259636	0.19050493420276	0.265367094637217	0.717892074988418	0.472823834719268	0.696489815626676
PA14_RS08125	114.506929212289	-0.169332671436865	0.23602745321649	-0.717427863281434	0.47311013220799	0.696699329889719
PA14_RS11855	24.9745549262498	-0.344421959238661	0.480268853108816	-0.717144068388345	0.47328520657485	0.69674497990745
PA14_RS23930	282.804896684397	-0.124848676936846	0.174266720040323	-0.716422945861136	0.47373023065895	0.697187886630153
PA14_RS17815	1180.43512696724	-0.118911442199421	0.166035601032926	-0.71618039420257	0.473879967493603	0.697196082384868
PA14_RS07155	22.0946883384091	-0.368900509676678	0.515479155072835	-0.715645833679838	0.474210064907548	0.697257486741534
PA14_RS26845	197.130388851232	0.133061496197267	0.185875756316448	0.715862567739788	0.474076213848751	0.697257486741534
PA14_RS05700	31.5888319517618	-0.279881242203204	0.391474649977277	-0.714940909250317	0.474645557130554	0.697685688232024
PA14_RS07315	34.5953983178198	-0.276486431622665	0.387436344343029	-0.713630601928944	0.475455629450162	0.698614584483731
PA14_RS12995	23.7067144839858	0.356787227002069	0.50008617565768	0.713451489701442	0.475566421034004	0.698614584483731
PA14_RS14760	40.4826499722688	-0.276020853750042	0.387265936104811	-0.712742402614361	0.476005172606846	0.698834552133184
PA14_RS21120	19.0304194018769	0.425208677187122	0.596429333983634	0.712923816719567	0.475892900503648	0.698834552133184
PA14_RS23905	52.1682712067289	-0.226756179084835	0.31835089440423	-0.712283782048713	0.476289064754287	0.699039125083986
PA14_RS05550	20.736232879845	-0.334373343167876	0.46975857930321	-0.71179826808879	0.476589705336681	0.699216781194673
PA14_RS21285	118.087001243186	0.196415350249929	0.276011041490232	0.711621351049753	0.476699281968329	0.699216781194673
PA14_RS07485	52.1744939548866	0.240637077569679	0.339250276369757	0.709320210862269	0.478125789122117	0.699512603458958
PA14_RS08720	50.3713627752914	-0.256817419824826	0.362124685690019	-0.709196113861907	0.478202784746757	0.699512603458958
PA14_RS10350	153.723382080714	-0.147113274797739	0.207168592195876	-0.710113793014747	0.477633573641516	0.699512603458958
PA14_RS12965	103.107343828287	0.167597722358708	0.236165336277391	0.709662666843934	0.477913348457768	0.699512603458958
PA14_RS15485	127.113851545425	-0.157642364107805	0.222028668679932	-0.710009049935153	0.477698524147061	0.699512603458958
PA14_RS17560	32.01163402048	0.28929385900001	0.407711900217367	0.709554611591607	0.47798037435889	0.699512603458958
PA14_RS22310	34.877830787061	0.265653216776406	0.374173881371624	0.709972635723771	0.47772110549538	0.699512603458958
PA14_RS24835	544.894654664799	0.102274072603798	0.144145117842926	0.709521585845487	0.478000861018699	0.699512603458958
PA14_RS27440	18.1183035781828	-0.359908352029226	0.507289041833051	-0.70947393369414	0.478030421633367	0.699512603458958
PA14_RS20480	26.1083346990004	-0.298997350973124	0.421780155509939	-0.708893832645187	0.478390362608848	0.699575383603383
PA14_RS13585	192.932628707759	-0.131416350100031	0.185724151481691	-0.707588911036087	0.479200581089015	0.700548370660967
PA14_RS01150	38.7258287524291	-0.297550129426803	0.421144568954829	-0.706527286260025	0.479860290114678	0.700730812332162
PA14_RS06110	463.400516816993	-0.107669569678589	0.152344580448727	-0.706750245801007	0.479721698747643	0.700730812332162
PA14_RS09955	49.1703622455285	-0.286234363560719	0.40530346093854	-0.706222352254041	0.480049872054684	0.700730812332162
PA14_RS12335	83.4129064463789	0.201862782576292	0.285552448791338	0.706920159258726	0.479616095420251	0.700730812332162
PA14_RS26990	239.520864257518	-0.125655078135912	0.177882203904896	-0.706394880305695	0.479942603820661	0.700730812332162
PA14_RS06125	20.6256534343839	-0.364618799301692	0.517876517673915	-0.704065133015506	0.48139221251651	0.702469474604783
PA14_RS07720	74.9114719327707	0.184739500173477	0.262473161659771	0.703841486136187	0.481531494688762	0.702469474604783
PA14_RS00655	58.5607142290743	0.208585438819478	0.296592919226226	0.703271808928048	0.481886375702702	0.702539910215951
PA14_RS00920	76.2358722140104	0.203013509105449	0.288755197293474	0.703064433154143	0.482015595967023	0.702539910215951
PA14_RS20560	30.0414717958392	0.276745085927277	0.393453443749691	0.70337441525442	0.481822446482404	0.702539910215951
PA14_RS26685	1909.81711937699	0.0801545279615711	0.114082044012246	0.702604241145671	0.482302418709312	0.702746157540896
PA14_RS04330	233.291971600792	0.119780045872297	0.170617417950624	0.702038791297149	0.482654972247096	0.702836328150243
PA14_RS04795	56.8141045925091	-0.223053776477509	0.31771306985317	-0.702060436420172	0.482641474105968	0.702836328150243
PA14_RS21850	136.168859123182	0.158370175961528	0.225701825844565	0.701678754121349	0.482879525541021	0.702951651269229
PA14_RS03585	1915.09134588066	-0.0917983718086323	0.131161080678133	-0.699890328243819	0.483995797949599	0.704152731312955
PA14_RS28710	254.77609694195	0.11965231745081	0.170937233758257	0.699978084470611	0.483940990971633	0.704152731312955
PA14_RS07065	64.2164784358769	0.20190763953972	0.288581147422671	0.699656375140803	0.484141926680999	0.704153490956183
PA14_RS15350	65.1198559792944	0.21082889185048	0.301776124861008	0.69862681134097	0.484785283589112	0.704877219313573
PA14_RS02940	59.9253808867855	-0.206757769802549	0.296208258974319	-0.698014871423537	0.485167893799757	0.705221501176923
PA14_RS00845	259.67523521475	0.122632129589516	0.176126718601496	0.69627215315913	0.486258408905948	0.706594250441455
PA14_RS28075	220.583013268205	0.132590167080184	0.190521888474204	0.695931413141206	0.4864717835631	0.706691963145435
PA14_RS17275	18.9611136863575	0.371901388737576	0.535531945781659	0.694452294894847	0.487398607994308	0.707825726204346
PA14_RS05430	39.293895993873	-0.278406786106112	0.401205673383114	-0.693925346963524	0.48772902692075	0.708077435187599
PA14_RS10605	17.9584063804166	0.372979075607498	0.538330875075861	0.692843551941803	0.48840773738539	0.708077435187599
PA14_RS11265	129.604167428902	-0.150606640374033	0.217396020387959	-0.692775516797707	0.488450439161669	0.708077435187599
PA14_RS11505	47.3134629238434	-0.236831923251544	0.341446836081615	-0.693612879736672	0.487925014334876	0.708077435187599
PA14_RS18635	36.383233547283	0.270498600358501	0.390102210303593	0.69340442892643	0.488055783622965	0.708077435187599
PA14_RS27275	114.081067627903	0.162274273470962	0.234143690593316	0.693054222643204	0.488275524178441	0.708077435187599
PA14_RS29385	31.1496141143507	0.274407586005281	0.396326108918396	0.692378270899589	0.488699807917151	0.708226632030969
PA14_RS20350	141.616308237488	-0.158967827073667	0.229740272797512	-0.691945844487519	0.488971339009282	0.708407847647959
PA14_RS03855	12.6583400819559	-0.413216057848583	0.597739731390704	-0.69129762695746	0.489378522800959	0.708598736197216
PA14_RS21480	200.925271188804	-0.125915737000154	0.182151423958393	-0.69126957266563	0.489396149482775	0.708598736197216
PA14_RS07090	44.3193539599849	-0.232075762196627	0.336264348428963	-0.690158689973802	0.490094398509548	0.709001618146226
PA14_RS31775	22.8009274612921	-0.362364974555329	0.524933055951186	-0.690307021909144	0.490001132985914	0.709001618146226
PA14_RS27945	23.4458570812248	0.304173946121129	0.440750584167092	0.690127153650722	0.49011422859033	0.709001618146226
PA14_RS05010	65.1231159194923	0.195331515219346	0.283476614857782	0.689056892108514	0.490787466230368	0.709230627561731
PA14_RS05380	56.0840249893157	0.209606794465326	0.304496235544709	0.688372367199755	0.491218320430589	0.709230627561731
PA14_RS05840	1248.21070246881	0.0929142929140022	0.134839354684176	0.689073995730909	0.490776703456334	0.709230627561731
PA14_RS12485	84.8516023940157	0.172682827048919	0.250825281048481	0.688458620786084	0.491164019447221	0.709230627561731
PA14_RS13020	224.562358972071	-0.120385841349834	0.174900541036636	-0.688310285584633	0.491257405934284	0.709230627561731
PA14_RS26620	278.276292027361	-0.149603713244654	0.216998813598998	-0.689421802651484	0.490557866970414	0.709230627561731
PA14_RS27350	55.753300483179	-0.214448135490169	0.31158736075489	-0.688244012756553	0.491299131995823	0.709230627561731
PA14_RS13215	43.8946474232598	0.237398224193621	0.345193291821984	0.687725485453663	0.491625667870014	0.709490220775706
PA14_RS04645	122.958610683333	0.162644577625428	0.236760923978013	0.686957015088063	0.492109816350771	0.709908371022358
PA14_RS10980	68.2747743551428	0.198825227432347	0.289495249497397	0.686799620296133	0.492209009106279	0.709908371022358
PA14_RS05965	39.8212934531752	0.247918234895397	0.361495471903401	0.685812836299223	0.492831140723597	0.710593737787512
PA14_RS20605	810.27139080171	-0.0899652197497794	0.13162670789039	-0.683487577799912	0.494298797046066	0.712497461256267
PA14_RS28000	221.618824396938	0.154757701204824	0.226521463898273	0.683192217379999	0.49448538977295	0.712554036037541
PA14_RS02415	217.850712605311	0.162980827664166	0.238974551711283	0.682000767433475	0.495238465595666	0.713214180947183
PA14_RS07235	104.914687568917	-0.175095717060069	0.256710312987797	-0.682075118144522	0.495191453073001	0.713214180947183
PA14_RS02815	16.0101066124396	0.367332112701384	0.539472828484016	0.680909386546181	0.495928828323719	0.713995776651832
PA14_RS13210	22.2930781972248	0.31681824162283	0.465524547801011	0.680561837435593	0.496148781378976	0.714046115313171
PA14_RS23345	6684.93799806334	0.087256892469137	0.128245867314077	0.680387557873057	0.496259097098339	0.714046115313171
PA14_RS10545	34.7047492247627	0.285382252900998	0.420170087500531	0.679206496108881	0.497007031839829	0.714909579410296
PA14_RS08195	18.3993046969652	-0.393565587193756	0.579884234453573	-0.678696822245243	0.497329980060183	0.715134350090305
PA14_RS10105	77.4467712825966	-0.186971470464362	0.27556868128031	-0.678493178526968	0.497459047498715	0.715134350090305
PA14_RS04185	20.9904860663045	-0.321696125346094	0.474308624299224	-0.678242201101423	0.497618139121735	0.715150466803183
PA14_RS08435	55.157435050748	-0.222274472872295	0.3280676212746	-0.677526395347154	0.49807202868338	0.7155901160763
PA14_RS09355	32.1844785429868	0.26139743536908	0.386535794762167	0.676256737179842	0.498877655395058	0.716321954124258
PA14_RS18295	12.2436947196867	-0.446175830651713	0.659647642626971	-0.676385090796154	0.49879618067898	0.716321954124258
PA14_RS06280	42.1394088318032	0.235626655189625	0.348850625039131	0.675437101949278	0.499398100024748	0.716856400035524
PA14_RS00140	36.6844442280245	0.254853600685438	0.377989892803874	0.674233902909337	0.500162618576896	0.717261421481621
PA14_RS08965	19.382164240363	-0.330729392365642	0.490623949174348	-0.674099568360276	0.500248013920652	0.717261421481621
PA14_RS11150	55.5249304680706	0.202690576839662	0.300707484191519	0.674045667285652	0.500282280554799	0.717261421481621
PA14_RS17875	1713.71200364499	-0.0812419519864093	0.120609867703348	-0.673592911868802	0.500570160773464	0.717261421481621
PA14_RS21660	755.187143128408	0.11622741009053	0.172476636665042	0.673873356634668	0.500391832288648	0.717261421481621
PA14_RS27515	201.444516019865	-0.129357602959047	0.1920147112781	-0.673685896762852	0.500511030048277	0.717261421481621
PA14_RS09895	51.3395822321548	0.226887632595903	0.337013456667757	0.673230187421209	0.50080085901324	0.717379429558066
PA14_RS21740	51.1800955006136	-0.228522610797453	0.339869739364291	-0.672382928897678	0.501339947739075	0.717938995340885
PA14_RS28520	650.455342331674	-0.0925236303572199	0.137656282597542	-0.672135180547669	0.501497641675145	0.717952218810243
PA14_RS00910	88.5204095927176	0.171703316911845	0.255755027435705	0.671358520821297	0.501992162389515	0.718342488487009
PA14_RS02790	23.8478628927419	0.323659359419778	0.482735983298514	0.670468683954794	0.502559063141684	0.718342488487009
PA14_RS05690	26.2002363008125	-0.279114566873596	0.416397511417682	-0.670307961071411	0.502661493184458	0.718342488487009
PA14_RS09825	91.59481638156	0.163180157714009	0.243317324410092	0.670647509829515	0.502445108882638	0.718342488487009
PA14_RS17920	71.7367551281813	-0.201145307277319	0.300031038351742	-0.670414995669567	0.502593277908959	0.718342488487009
PA14_RS27120	70.9396414752803	-0.257412521651855	0.383974099131469	-0.670390326415531	0.502608999680526	0.718342488487009
PA14_RS07585	31.4424964173396	-0.264377095426675	0.395428341934812	-0.668584083106159	0.503760828759586	0.719313965506034
PA14_RS21230	187.15459169052	0.167854057938399	0.25103355207591	0.668651885576003	0.503717566430194	0.719313965506034
PA14_RS22255	19.651134344357	-0.382343835529238	0.571906749862423	-0.668542267810643	0.503787510580839	0.719313965506034
PA14_RS04030	17.2461347602089	0.377243965026677	0.564570009623913	0.668196961574309	0.50400787471614	0.719416198974987
PA14_RS17670	139.950378464734	-0.168281764941714	0.252264941810236	-0.667083439078518	0.504718837858599	0.720218441984121
PA14_RS08610	273.27901431522	-0.113290413431967	0.170368668683716	-0.664972111992536	0.506068330560692	0.721505438264005
PA14_RS10270	202.132068736457	-0.128591533057524	0.193363236867861	-0.665025757431852	0.506034018623625	0.721505438264005
PA14_RS13010	20.4863493305951	-0.315448059849926	0.474067804276799	-0.6654070514895	0.505790175984923	0.721505438264005
PA14_RS04945	214.72378408711	-0.123977727691337	0.186758743887851	-0.663838945960067	0.506793396104944	0.722130851954451
PA14_RS23175	63.8555767183925	-0.202772284925676	0.305462842540046	-0.663819806165433	0.506805647546197	0.722130851954451
PA14_RS08715	43.2298540100908	0.252815246796727	0.381178406114397	0.663246508042885	0.507172689581643	0.72244097991659
PA14_RS25865	30.6539784845141	0.266646415758055	0.402447122377091	0.662562609922724	0.507610723509688	0.722852019697541
PA14_RS04840	214.289200171714	-0.119466518629259	0.180581181592488	-0.66156682316353	0.508248875776236	0.723121966241212
PA14_RS21280	41.8075881109255	-0.234899576248399	0.355041567090224	-0.6616114788292	0.508220249079495	0.723121966241212
PA14_RS28915	86.6826076589589	-0.189263624684785	0.285934261835611	-0.661913068653508	0.508026935837591	0.723121966241212
PA14_RS13820	49.1209430418876	-0.216814449288025	0.328079274591381	-0.66085993867813	0.508702139593324	0.723553984433328
PA14_RS04900	35.0912359595759	-0.270486772944162	0.410085361076997	-0.659586512022252	0.509519212195936	0.724132353755698
PA14_RS16475	372.931807845092	-0.104468539400122	0.158292748901646	-0.659970466903906	0.509272781730477	0.724132353755698
PA14_RS22355	61.3350077113668	-0.201333554321865	0.305270025920123	-0.659526115330256	0.509557981768123	0.724132353755698
PA14_RS25740	570.80651548313	-0.108403579869406	0.164432043225064	-0.659260675372322	0.509728390096515	0.724161719890349
PA14_RS28785	11.0456032851264	0.441678607610834	0.670198405538361	0.6590266463795	0.509878657811801	0.724162463782047
PA14_RS05275	70.5431383033091	-0.181159382084086	0.275282378186835	-0.658085647462448	0.51048309787607	0.72443158837753
PA14_RS07595	19.118473485794	0.319108496568146	0.484943709912839	0.6580320355645	0.510517546151907	0.72443158837753
PA14_RS09190	61.0651535262742	-0.191761209276517	0.291214331432603	-0.658488228697965	0.510224458505197	0.72443158837753
PA14_RS03075	141.672632990359	0.152825433944436	0.232330951260153	0.657791969238351	0.51067181545378	0.724437928874885
PA14_RS00865	13.6174132073013	0.400461490576906	0.611684180246396	0.654686688832779	0.51266949725556	0.726604710450525
PA14_RS11155	31.320842081711	0.265706394851305	0.405978625933221	0.65448370401404	0.512800222656667	0.726604710450525
PA14_RS16800	76.0162634273465	-0.180701346248857	0.275972166037027	-0.654781055798986	0.512608729366862	0.726604710450525
PA14_RS28380	53.7129905910382	0.213223663712986	0.325446255487455	0.65517319716467	0.512356248990804	0.726604710450525
PA14_RS04600	85.8733507010201	-0.161073555123438	0.246334013284716	-0.653882721982316	0.513187366316216	0.726856203387224
PA14_RS05915	1359.77006055345	0.0845679474236257	0.129476071401871	0.653155030948859	0.513656337688785	0.726856203387224
PA14_RS21030	305.371246263333	-0.107982722428032	0.165250317412658	-0.653449410075147	0.513466593795766	0.726856203387224
PA14_RS30890	3381.98021166413	-0.0791179765713734	0.121090230804734	-0.653380343282657	0.513511107949061	0.726856203387224
PA14_RS26215	382.92409669754	0.116322088279287	0.17812344830983	0.65304197388406	0.513729219019341	0.726856203387224
PA14_RS13855	17.1634802398973	0.344976105218497	0.528796275636909	0.65237998282607	0.514156074231665	0.727247374958857
PA14_RS02645	580.812630224057	-0.113117293877677	0.173793339722618	-0.650872433076073	0.515128837902082	0.728197328294203
PA14_RS30160	38.4936568537068	-0.229122027202143	0.351938216965864	-0.651029118626143	0.515027690273213	0.728197328294203
PA14_RS02410	71.0763874423803	0.176440143753377	0.271401683229411	0.650107035645153	0.515623084907152	0.728375696247208
PA14_RS04740	190.123589527285	-0.140296113469919	0.215969146440922	-0.649611834754815	0.515942986529383	0.728375696247208
PA14_RS09620	68.743750615158	-0.180988387429601	0.278496673995463	-0.649876297741887	0.515772129644442	0.728375696247208
PA14_RS18780	19.3576920588888	0.320086211619397	0.492811016796951	0.649511071606744	0.516008092502674	0.728375696247208
PA14_RS25840	53.9315891237814	0.212463465669933	0.326874377768795	0.649985071085053	0.515701864912293	0.728375696247208
PA14_RS08500	66.2002778755817	-0.186060832666282	0.287103440870081	-0.648062008948468	0.516944844709105	0.729485050777132
PA14_RS13920	19.4362169751692	0.340241211244471	0.525664766940208	0.647258923638632	0.517464381453922	0.729579518574684
PA14_RS24535	181.982191428515	-0.134739060961508	0.208135708252341	-0.647361580061757	0.517397955285565	0.729579518574684
PA14_RS27320	49.5905971886248	0.227504539464074	0.351389963628029	0.647441768441924	0.51734607064508	0.729579518574684
PA14_RS06515	465.169952229858	0.0984960499083074	0.152431364249666	0.646166557605438	0.518171494981405	0.730363552821356
PA14_RS04825	77.9579703703712	0.172011603265535	0.266361601881222	0.645782282621349	0.518420363711419	0.730501421593364
PA14_RS05625	54.0425919920272	-0.206626854830009	0.32023996106339	-0.645225081041988	0.518781334925059	0.730503175702764
PA14_RS09650	198.128852029594	-0.121698485823022	0.188532305796783	-0.645504680530452	0.518600186103568	0.730503175702764
PA14_RS11850	124.551576855113	-0.164643046541505	0.2553207895901	-0.644847788563668	0.519025829552253	0.730503175702764
PA14_RS15590	12.7874661989985	-0.408932428365622	0.63409035298861	-0.644911922154677	0.518984265240825	0.730503175702764
PA14_RS15580	16.8470592258693	-0.350984615376768	0.545000502401274	-0.644007874910809	0.519570327464086	0.731056765672482
PA14_RS01360	206.619318936465	0.125068269785436	0.194329521487367	0.643588626309491	0.519842227535386	0.731127572625571
PA14_RS03140	52.6538476890819	-0.21836817651256	0.33936343238402	-0.643464073245986	0.519923019491178	0.731127572625571
PA14_RS05970	88.0269699061096	-0.177367375309878	0.276557774780712	-0.641339320330142	0.52130224771907	0.732853973828321
PA14_RS03095	278.56400418835	0.117612300448946	0.183625670030767	0.640500320185298	0.521847381045927	0.733238575016508
PA14_RS18485	160.711891701005	-0.1353487114847	0.2113332513065	-0.640451564758268	0.521879068487763	0.733238575016508
PA14_RS25295	11.3699774892146	-0.426083490516397	0.665629227339254	-0.640121366394317	0.522093699180383	0.733327077907735
PA14_RS24470	18.4109272005835	-0.324657790361934	0.507445859710134	-0.639788036791524	0.522310411212912	0.733418451981893
PA14_RS04965	90.9170697334716	0.156351128704613	0.244592609861615	0.639230796028843	0.522672800817331	0.73360318847139
PA14_RS29295	91.080034367505	0.161103344140207	0.252070872654896	0.639119238345202	0.522745365482302	0.73360318847139
PA14_RS07020	317.183913448753	0.150847835399503	0.236318919271167	0.638323143423023	0.523263349651077	0.733943808967562
PA14_RS10675	77.584669645922	-0.173131397086275	0.271246905743579	-0.638279712764515	0.5232916156576	0.733943808967562
PA14_RS31690	800.227444233469	-0.361400908925104	0.566682323765075	-0.637748688760807	0.523637285741399	0.734215689720327
PA14_RS24340	17.2900276293607	-0.339244443124862	0.532372247916193	-0.637231644686082	0.52397396809206	0.734474814403827
PA14_RS02770	42.8059037638469	0.237079901352745	0.37236285981833	0.63669051598866	0.524326452387654	0.734638405800439
PA14_RS05495	65.6298103489769	-0.190423925345003	0.29924262576559	-0.636352942224783	0.524546405134185	0.734638405800439
PA14_RS16440	105.414044501619	-0.169162720503655	0.265735650458862	-0.636582709965904	0.524396690360267	0.734638405800439
PA14_RS31470	27.4938905945593	0.272080846997541	0.428068396823574	0.635601340852261	0.525036295324567	0.735066879042472
PA14_RS25225	93.4125698666514	-0.172091290956368	0.270831960605145	-0.635417218011672	0.52515634141682	0.735066879042472
PA14_RS06750	247.106366552625	-0.105882969139365	0.167169813380308	-0.633385699237956	0.526481801480389	0.735961041147802
PA14_RS07205	1237.17927520565	-0.0806377853310542	0.127278619964634	-0.633553265689558	0.526372408485853	0.735961041147802
PA14_RS07915	35.2471255146194	-0.267652098576381	0.422960859184393	-0.632805832417925	0.526860447571069	0.735961041147802
PA14_RS08440	54.6202480704717	-0.220102991473873	0.34759159338699	-0.633222999811799	0.526588028227629	0.735961041147802
PA14_RS09920	14.3624764781421	-0.404661603586305	0.639097651041654	-0.633176483948508	0.526618400530132	0.735961041147802
PA14_RS15835	32.817429481406	-0.250010647588166	0.394775537011201	-0.633298226837881	0.52653891100691	0.735961041147802
PA14_RS20715	543.869533205478	0.0901334228232338	0.142403548298918	0.632943658356289	0.52677043629087	0.735961041147802
PA14_RS06420	67.0869157060871	0.186260780856954	0.29449085719961	0.632484086698503	0.527070603624155	0.736041998015135
PA14_RS02420	184.051165250691	-0.136778978975559	0.216570260365227	-0.631568613090701	0.527668801448043	0.736596984030974
PA14_RS18870	12.3280263990778	-0.402469040805587	0.637631586208114	-0.631193701050792	0.527913880053894	0.736596984030974
PA14_RS26645	1122.3151738281	-0.080028554098398	0.126792622299874	-0.631176740781687	0.527924968290189	0.736596984030974
PA14_RS03100	720.81389619353	0.0886121771824152	0.140672856772074	0.629916667761925	0.528749107108732	0.737127683050441
PA14_RS08280	117.323112408141	-0.164309171123304	0.260947749903173	-0.629663107592505	0.528915024852157	0.737127683050441
PA14_RS09540	621.628091968268	0.0891917535380019	0.141624854477629	0.629774723278467	0.528841985578915	0.737127683050441
PA14_RS24730	39.4051094253882	0.224959456730784	0.357205898595655	0.629775313384257	0.528841599438071	0.737127683050441
PA14_RS02820	18.8573521131344	-0.31716348570976	0.504073010331944	-0.629201483136144	0.529217158007	0.73712912031982
PA14_RS08115	76.1548689605725	0.197488937262866	0.313875189629152	0.629195756109943	0.529220906896281	0.73712912031982
PA14_RS22515	20.4490289813969	0.31292654440212	0.497615246481654	0.628852404773849	0.529445688037675	0.737229872545406
PA14_RS31735	139.73638410152	0.14828953144143	0.23608254695445	0.628125769373543	0.529921553040666	0.737453033173354
PA14_RS05535	11.6967919544954	0.386515690859846	0.615559854613496	0.62790919187304	0.530063429137837	0.737453033173354
PA14_RS08430	85.1185299579957	-0.158252856231005	0.252022293933272	-0.627931972847232	0.530048504815692	0.737453033173354
PA14_RS01025	27.1922762431666	0.306590373263694	0.48877033029264	0.627268789167563	0.53048305850908	0.737612441331199
PA14_RS20115	71.7398172228739	-0.171515352466935	0.273400869050331	-0.627340187552076	0.530436265751897	0.737612441331199
PA14_RS17740	242.402223678532	-0.132852749789646	0.212104090757742	-0.626356376791367	0.531081215755919	0.738231894048757
PA14_RS23450	362.2371216313	-0.145666217241094	0.232659499258031	-0.626091853999665	0.531254694961705	0.738260834722645
PA14_RS20165	46.7179599886421	-0.2104079773079	0.337147401199794	-0.624083046641111	0.532573047100014	0.739880280314757
PA14_RS16495	38.0772425101553	0.22399315244127	0.359163584321731	0.62365218028513	0.532856034169618	0.740060821724375
PA14_RS16645	144.26399790624	0.12754804089629	0.204714026862982	0.623054721021435	0.533248562996812	0.740393353618313
PA14_RS15870	101.784463089268	0.146845327443403	0.236035743944372	0.622131737293192	0.533855247605827	0.741009669167972
PA14_RS16010	19.3594132104152	0.325419936901899	0.523256145503221	0.621913263128404	0.533998903443007	0.741009669167972
PA14_RS08265	15.9364576796861	0.35420309639548	0.572163591173096	0.619059132492621	0.535877404537471	0.743403077551122
PA14_RS03945	41.4141213160823	-0.222302034841433	0.359722825879316	-0.617981453631783	0.536587564145883	0.744174780673785
PA14_RS11170	248.686101152156	-0.144338697031714	0.233765238939349	-0.617451498292112	0.536936963152996	0.744232488910257
PA14_RS11410	19.3620723484355	0.314325062865198	0.508996023548048	0.617539329038642	0.536879048525769	0.744232488910257
PA14_RS22980	20.7549935860175	0.29171629402165	0.47284681076704	0.616936156444485	0.537276837163805	0.744490196138728
PA14_RS17130	351.167638951112	0.102667970551387	0.16657134535394	0.616360336966917	0.537656724723458	0.744589897125613
PA14_RS20575	45.7281793352984	-0.206346782774607	0.334767169516914	-0.616388946002011	0.537637847192468	0.744589897125613
PA14_RS06450	15.3445654374469	-0.361528183901763	0.587216862550962	-0.615663832150917	0.538116412677456	0.744799934661757
PA14_RS11830	11.6243942039431	-0.409995397481027	0.665769064367861	-0.61582224141086	0.538011846427653	0.744799934661757
PA14_RS06310	72.7861998550761	-0.163733096272138	0.266266032914632	-0.614922956863345	0.53860560120924	0.745263716007978
PA14_RS09845	134.866111846289	0.137691163534533	0.224193093018513	0.614163271850498	0.539107440988174	0.745744732442451
PA14_RS23865	14.113279460792	-0.356070459572408	0.5801274837345	-0.613779676977632	0.539360928646039	0.745882027718686
PA14_RS20810	76.7619541794198	-0.160241395208924	0.261192126215629	-0.613500098684579	0.539545717540221	0.745924268160236
PA14_RS03445	1035.36964023239	-0.0790106440302375	0.12901202885867	-0.612428505537201	0.540254286752302	0.746086437021378
PA14_RS06620	665.93336167062	-0.0854809115654598	0.139639048371971	-0.612156216775092	0.540434406303947	0.746086437021378
PA14_RS22970	578.862155660049	-0.0831815185180719	0.135705516734266	-0.612956057497315	0.539905395565723	0.746086437021378
PA14_RS23225	23.5267416876278	0.302043554520388	0.493043830536391	0.612609946243094	0.540134280042469	0.746086437021378
PA14_RS24690	2054.33001218004	0.100811253900562	0.164672613595391	0.612191983229586	0.540410745010816	0.746086437021378
PA14_RS16360	13.9484486653816	0.386059219867797	0.631241322926769	0.611587368960293	0.540810797128668	0.746218987948836
PA14_RS17280	77.8037142867875	-0.173879980300303	0.284329139570329	-0.611544706824865	0.540839030761098	0.746218987948836
PA14_RS02835	20.2819269763158	-0.289209142043317	0.473123095950568	-0.611276736474378	0.541016389322143	0.746250786868763
PA14_RS24820	23.6956727206623	-0.292856720596557	0.480312153103188	-0.609721654354312	0.54204620754594	0.747458072338798
PA14_RS06975	19.4823513809494	0.291821468355653	0.479563001112999	0.608515393552832	0.542845699547817	0.747937913961009
PA14_RS21405	3526.9524741313	0.197485339387791	0.324400128097601	0.608770842804275	0.54267634250116	0.747937913961009
PA14_RS21735	27.6909463989232	-0.267661916780919	0.439874140331327	-0.608496595365456	0.542858163358797	0.747937913961009
PA14_RS07620	31.7591979324339	0.286043047036767	0.470638225258772	0.60777691161718	0.543335444329837	0.748169193843705
PA14_RS11915	15.661447899213	-0.335856479622024	0.552578988046583	-0.607798137256914	0.543321364888358	0.748169193843705
PA14_RS14785	27.620465472477	0.258037886992304	0.425701385412649	0.606147632670205	0.544416723255237	0.749444712115664
PA14_RS23025	14.1045279935603	0.35334394595549	0.584607772169385	0.604411988305061	0.545569767345078	0.750818268321229
PA14_RS23490	26.0684065751716	-0.280211331683561	0.464276098778181	-0.603544598614882	0.546146455743592	0.751398082496731
PA14_RS06600	58.8697851295358	-0.191863103938607	0.318744178516955	-0.601934456752442	0.547217767028303	0.752443878688904
PA14_RS18800	11.7139594993857	0.400280673721171	0.664823206040095	0.602085893038201	0.547116964291927	0.752443878688904
PA14_RS10660	34.2131348219381	-0.257458727616577	0.42911777386424	-0.599972183156482	0.548524774168121	0.753598240874156
PA14_RS21160	79.8469402286743	0.171523926793996	0.285822064983979	0.600107366810921	0.548434683279144	0.753598240874156
PA14_RS21330	52.4991510393287	-0.210810072741555	0.351312160571203	-0.600064832366737	0.548463028861218	0.753598240874156
PA14_RS01735	20.1467404636137	0.3706757949611	0.618803847816079	0.599019861090572	0.5491596403027	0.753900524167816
PA14_RS03785	40.1163953445848	-0.224172473706527	0.374843093707261	-0.598043494651119	0.549810911735885	0.753900524167816
PA14_RS07610	101.001854825115	0.158627395959811	0.265185820471832	0.598174501478145	0.549723503378822	0.753900524167816
PA14_RS15585	538.102138045646	-0.0945089986553554	0.157996249058406	-0.598172420032698	0.549724892075244	0.753900524167816
PA14_RS20075	697.767499250175	0.124761167098826	0.208251007725072	0.599090340362399	0.549112642831768	0.753900524167816
PA14_RS20710	103.974317781406	0.142347731337556	0.238041855732787	0.597994545536344	0.549843572567748	0.753900524167816
PA14_RS22920	127.651950630451	-0.160579497879181	0.268157035237611	-0.598826347169647	0.549288690784123	0.753900524167816
PA14_RS27030	177.831826917022	0.113650493637909	0.190123419134333	0.597772195321232	0.549991945670814	0.753900524167816
PA14_RS04090	14.5219981952197	0.347236316491544	0.581785622571931	0.59684581918078	0.55061032368917	0.754165458914716
PA14_RS21700	29.5715617299539	-0.240896424472298	0.403737885194407	-0.596665394322117	0.550730801358018	0.754165458914716
PA14_RS23015	13.1646402919682	-0.395796695601029	0.663478068776302	-0.596548272245115	0.550809015898837	0.754165458914716
PA14_RS26770	261.968373653596	0.100557806779849	0.168519384551362	0.596713589048273	0.550698618335202	0.754165458914716
PA14_RS06510	65.5171442986516	-0.181367804476446	0.304496641829814	-0.595631542556762	0.551421399990548	0.754363193876745
PA14_RS22080	17.2688850500868	-0.318345944841546	0.534449587271926	-0.595651961238343	0.551407756475174	0.754363193876745
PA14_RS29075	12.1708902930285	0.386290782486162	0.648350964939208	0.595805055248714	0.551305466200826	0.754363193876745
PA14_RS04995	208.363861449307	0.111403586799807	0.187199649431478	0.59510574479246	0.551772788820958	0.754417078523651
PA14_RS15415	17.6458615473491	-0.327610801498122	0.550362302438672	-0.595263883529937	0.551667093682482	0.754417078523651
PA14_RS04590	377.224576036194	0.122146006702266	0.206200053501398	0.592366513141752	0.553605185207655	0.75521429496875
PA14_RS05805	414.063531465088	0.0900312771457818	0.151895438152093	0.592718769181423	0.553369378236901	0.75521429496875
PA14_RS06260	18.8991223573426	-0.295713458947646	0.498567338535087	-0.593126416617111	0.553096552650082	0.75521429496875
PA14_RS13170	90.0505296914194	0.158096263511754	0.266699306069953	0.592788432191446	0.553322750307458	0.75521429496875
PA14_RS30505	17.6057607164195	-0.300428520651156	0.506717836183802	-0.592891150060449	0.553254001098381	0.75521429496875
PA14_RS14725	39.1998438187343	-0.22166720392705	0.374076431411989	-0.5925719593997	0.55346764954758	0.75521429496875
PA14_RS16465	13.8598252878796	-0.367729188830579	0.620089487491346	-0.593026000679799	0.553163751752145	0.75521429496875
PA14_RS24510	52.4001292892805	-0.202617437637358	0.341961996678493	-0.592514488760152	0.55350612148633	0.75521429496875
PA14_RS02205	32.6337805113068	0.231278253344231	0.391413216087489	0.590880031226476	0.554600806558837	0.755225227511252
PA14_RS06030	10.8909537396616	0.393254099893039	0.665441992456368	0.590966762469269	0.554542691338893	0.755225227511252
PA14_RS16390	29.8117879233333	0.25602606244406	0.433399748187799	0.590738835254515	0.554695422838535	0.755225227511252
PA14_RS17885	338.643092961918	-0.0949342139196301	0.160772066993862	-0.590489478021418	0.554862537913044	0.755225227511252
PA14_RS20695	42.5854546821683	0.237033377956781	0.401300114719207	0.590663618729925	0.554745829111257	0.755225227511252
PA14_RS25780	529.922646852391	0.0823372230819087	0.139309697940093	0.591037266603765	0.554495451465556	0.755225227511252
PA14_RS27690	22.5198141747116	-0.262605827525072	0.444483427042056	-0.59081129137403	0.554646868566174	0.755225227511252
PA14_RS29390	21.888259785102	0.285616179566876	0.483257542268368	0.591022704428407	0.554505208396159	0.755225227511252
PA14_RS08295	20.9892191895631	-0.307556177082675	0.521290960130993	-0.589989469614801	0.55519770937709	0.755402607724395
PA14_RS25065	302.2347388639	-0.0998085227329449	0.169216018233438	-0.589829046770597	0.555305266844546	0.755402607724395
PA14_RS02570	23.6045944789236	-0.270281844986968	0.458825697271683	-0.589073032731483	0.555812282719145	0.755667191236938
PA14_RS21820	173.839060466008	-0.118068558267433	0.200408222393352	-0.589140290041061	0.55576716788888	0.755667191236938
PA14_RS13030	61.4006168665264	-0.186799954364409	0.317935907318793	-0.587539658353548	0.556841323603184	0.756640809481595
PA14_RS27260	144.338066601296	-0.129195092893859	0.219820865336469	-0.587728979667633	0.556714220671228	0.756640809481595
PA14_RS07055	170.97728220337	-0.1179149159416	0.200898526944984	-0.586937683091581	0.557245560207449	0.756977395832366
PA14_RS21760	94.0384984787755	0.151387379251942	0.258333973884331	0.58601420856757	0.557865966652282	0.757607361620454
PA14_RS16530	36.9493840267366	-0.240369834153984	0.410503197450175	-0.585549237245976	0.558178469711207	0.757818944279448
PA14_RS06755	169.038177329523	-0.110726834058588	0.189251504295651	-0.58507769579263	0.558495475403491	0.758036519520427
PA14_RS25675	2204.69405570356	-0.0774574321506246	0.132858225209042	-0.583008180553003	0.559887793215469	0.759713066214929
PA14_RS01505	18.9693327205002	-0.299382796952339	0.514569873953624	-0.581811746288359	0.560693491142042	0.760495581661865
PA14_RS27580	102.444863765838	0.161273867719431	0.277253012126005	0.581684817354251	0.560779000042641	0.760495581661865
PA14_RS01965	39.8562736381392	0.203942178281159	0.352761343586708	0.578130744734027	0.563175851405039	0.762141615390104
PA14_RS02080	66.4508741774629	-0.167950688551669	0.290972258184562	-0.577205159005704	0.563800872405047	0.762141615390104
PA14_RS04075	16.5337243861653	-0.349572403615418	0.605433451469762	-0.577391954089734	0.56367470822899	0.762141615390104
PA14_RS09795	39.4002584529404	0.200194364099603	0.346223197726647	0.578223427586913	0.563113283793489	0.762141615390104
PA14_RS12670	41.1527905563889	-0.209367094011394	0.361964400965064	-0.578419019807426	0.562981255939977	0.762141615390104
PA14_RS13185	25.8578525762782	0.263605718907934	0.456790596135476	0.577082192886811	0.56388393297473	0.762141615390104
PA14_RS13470	23.401056327688	-0.28926473567938	0.499452748025442	-0.579163367952166	0.56247894573311	0.762141615390104
PA14_RS18920	55.2346667404167	0.180947146346135	0.312943328794127	0.578210588618021	0.563121950823596	0.762141615390104
PA14_RS20235	12.6765680018742	-0.4170305514957	0.720168853004887	-0.579073296152214	0.562539717587184	0.762141615390104
PA14_RS20255	60.1586481331228	0.18002243707685	0.311783928393127	0.577394858050092	0.563672746958405	0.762141615390104
PA14_RS23440	222.559921575768	-0.116373810877693	0.201400873176552	-0.577821779231701	0.563384449621546	0.762141615390104
PA14_RS23565	881.184739727765	0.079033727711267	0.136814667710973	0.5776699898744	0.563486943927529	0.762141615390104
PA14_RS02605	124.200745295179	0.173150447298004	0.301045340633549	0.575164016601649	0.565180376171373	0.763680441230723
PA14_RS05505	45.230655914506	-0.187591749293996	0.326524729050888	-0.574510083322847	0.565622679161162	0.7640646023529
PA14_RS16725	52.3056574948034	0.187952312178074	0.327472570920032	0.57394825969706	0.566002814382616	0.764364593787861
PA14_RS08035	12.3654924385134	-0.353714263317515	0.616998643126588	-0.573282076480911	0.566453719162641	0.764759962554587
PA14_RS03970	89.2853608012541	0.158583424755646	0.27727893135593	0.571927423335598	0.567371144513705	0.765198080719999
PA14_RS05425	11.8904930416335	-0.378434024889748	0.662588559417101	-0.571144822093921	0.567901477537906	0.765198080719999
PA14_RS06010	61.8916339103852	0.167891962220591	0.29407594447582	0.570913620697036	0.568058197516756	0.765198080719999
PA14_RS07790	14.1296551373326	-0.323741027552768	0.566604814173456	-0.571370061556979	0.567748818758623	0.765198080719999
PA14_RS08850	14.5400936572258	-0.325033066063726	0.5703988850001	-0.569834679925205	0.568789831489004	0.765198080719999
PA14_RS13800	30.7702158247194	-0.240526497427551	0.420838119889734	-0.571541611987461	0.567632561551593	0.765198080719999
PA14_RS16990	80.946056272201	-0.15736580223329	0.276133269682817	-0.569890771995892	0.568751784142526	0.765198080719999
PA14_RS21995	34.9472793012682	-0.254522071650639	0.445275022964996	-0.571606442139575	0.567588630077252	0.765198080719999
PA14_RS22075	93.3293509671262	-0.144713264903992	0.253927804559804	-0.569899248153857	0.568746034856009	0.765198080719999
PA14_RS24115	16.0581203781338	-0.35672414926586	0.625436199439415	-0.570360573285645	0.56843316489216	0.765198080719999
PA14_RS24960	49.7377463343807	-0.203103607694282	0.356389141790132	-0.569892805022338	0.568750405160086	0.765198080719999
PA14_RS26005	240.048852942425	0.120902360619786	0.212195855952537	0.569767774573451	0.568835215092721	0.765198080719999
PA14_RS27725	158.086978854192	0.122380855470497	0.213814217988823	0.572370053879644	0.567071299119834	0.765198080719999
PA14_RS22005	858.333862266966	0.0803709079053848	0.141254437066624	0.568979704810808	0.56936991304878	0.765704365824221
PA14_RS01570	68.4743025377404	0.16009511327596	0.281739274579087	0.568238537261584	0.569873007122375	0.76616787946728
PA14_RS01960	72.1266610102645	0.16926287246968	0.298228114726161	0.567561755956848	0.570332581838212	0.766359645948761
PA14_RS10355	55.0111678904424	0.196156614732889	0.345492499267432	0.567759401864907	0.570198350265042	0.766359645948761
PA14_RS20960	322.813850906471	-0.0977904732449231	0.172419837669987	-0.567164860879262	0.57060217932004	0.766508927553254
PA14_RS24315	12.0713606306773	-0.353876606465892	0.624297283542362	-0.566839894701993	0.570822963111427	0.766592571398739
PA14_RS12695	275.710432678816	-0.0953667344266388	0.168799969465066	-0.564968908044591	0.572094912364147	0.768087450358971
PA14_RS02745	137.987322967109	0.144261274152758	0.256405120516047	0.562630238672359	0.573686696739656	0.768359207712381
PA14_RS03365	927.43165012919	0.070260973347458	0.124777105378858	0.563091867968294	0.573372328656771	0.768359207712381
PA14_RS04360	31.8713888275855	0.26396450181065	0.468340255961435	0.563616939715696	0.573014855789924	0.768359207712381
PA14_RS04570	49.2596134006438	-0.19018117747632	0.337208165704034	-0.563987461807913	0.572762665163972	0.768359207712381
PA14_RS08825	37.0814463872906	-0.228020842921876	0.405319470851628	-0.562570661712291	0.573727274410547	0.768359207712381
PA14_RS21075	177.421041344592	0.110005840181483	0.19547639703646	0.562757662046351	0.573599913665743	0.768359207712381
PA14_RS23980	25.6929843890978	0.306305733502038	0.543764008033503	0.563306377356196	0.57322627624763	0.768359207712381
PA14_RS25170	103.777608542953	0.136984576496011	0.243454493226832	0.56267015112504	0.573659513260661	0.768359207712381
PA14_RS28040	83.8953815565249	-0.141842848149459	0.252053280442866	-0.56274946273358	0.573605497709512	0.768359207712381
PA14_RS03735	898.863733947199	0.258515651310859	0.461502285897094	0.560161150249433	0.575369523430352	0.770345242333661
PA14_RS25155	31.430324685861	0.242764424275576	0.435047325627366	0.558018426904462	0.576831801338753	0.772089286264658
PA14_RS11605	35.3899477020401	-0.223365160949929	0.400821552973723	-0.557268338722725	0.577344104384041	0.772561175650588
PA14_RS07625	163.831191232203	0.125678248025674	0.225686738325293	0.556870328129463	0.577616028799367	0.77271123520712
PA14_RS21670	101.283415664336	0.136088094126109	0.244868772377099	0.555759286106654	0.578375421581279	0.773513146782928
PA14_RS08515	38.5617052106336	0.211444454889739	0.380625496436006	0.555518368763006	0.578540149526235	0.773519536386196
PA14_RS10250	226.076168489294	-0.105674355501594	0.190341099737893	-0.555184117603142	0.578768731256602	0.77361127262491
PA14_RS04640	40.7787669443654	-0.203465699467884	0.367467756371552	-0.55369674193171	0.579786405388961	0.774329482590725
PA14_RS11375	49.6981142690833	-0.185475117210025	0.334760424714789	-0.554053297572575	0.57954237075005	0.774329482590725
PA14_RS27595	25.7157778535766	0.240345006739897	0.43399868375675	0.553792017661064	0.579721191835011	0.774329482590725
PA14_RS05200	19.3197766872513	-0.291015420941123	0.525957023132386	-0.553306464486306	0.580053575216726	0.774472415722829
PA14_RS03475	353.6868066601	-0.0988384753100662	0.178743140650616	-0.552963738638021	0.580288240524117	0.774571882742101
PA14_RS00830	51.0368151057803	0.172390858952083	0.312795691238289	0.551129263544603	0.581545066238731	0.774839105082516
PA14_RS06835	445.720991222067	0.0884173927846203	0.160375095127502	0.551316229707152	0.581416914753864	0.774839105082516
PA14_RS14655	34.6158337165833	-0.202320335992652	0.366782349007136	-0.551608703473122	0.581216472099537	0.774839105082516
PA14_RS15355	30.2340146389924	-0.232000054976015	0.420650485578108	-0.55152689211133	0.581272537073111	0.774839105082516
PA14_RS17250	39.3381133155849	0.223741244675239	0.406038513024215	0.551034538592885	0.581609998231913	0.774839105082516
PA14_RS18210	17.8839148979032	-0.299705307681236	0.543556002995874	-0.551378893857072	0.581373966066208	0.774839105082516
PA14_RS29590	75.34243127376	-0.149846086876152	0.271693602490045	-0.551526003935415	0.581273145750118	0.774839105082516
PA14_RS19230	23.6368075111337	-0.259731628022612	0.472006099022498	-0.550271762505831	0.582132988945933	0.775322262336142
PA14_RS06115	21.4687814188572	0.263121307532509	0.478575283412602	0.549801288642104	0.582455674702146	0.775485632450843
PA14_RS14765	161.934670529862	-0.121818945571553	0.221716056537629	-0.549436732160523	0.582705771894309	0.775485632450843
PA14_RS18545	194.20551585075	0.102228375021028	0.186075598661715	0.549391622309803	0.582736722151854	0.775485632450843
PA14_RS27655	62.7021786449107	0.159306699991703	0.290641593519676	0.548120790498343	0.583608965843707	0.776432725947776
PA14_RS13000	61.4267768368351	0.186648059823981	0.342611956677071	0.544779760853198	0.585905000116941	0.779058724378754
PA14_RS13815	74.6211287875153	-0.160814417176431	0.295077289907745	-0.544990830120167	0.585759824376366	0.779058724378754
PA14_RS04940	363.137578692414	-0.134057787665142	0.246467322727801	-0.543917084753649	0.586498531638703	0.779633562123356
PA14_RS10340	182.820248626583	0.105636472318575	0.194583601389458	0.542884762972108	0.587209147522005	0.779935028128651
PA14_RS17930	131.84458726426	0.128693994635552	0.236987629887948	0.543040979381077	0.587101587763111	0.779935028128651
PA14_RS26165	320.401865848265	-0.0996527856040727	0.183544159367225	-0.542936293628897	0.587173666085852	0.779935028128651
PA14_RS22020	41.6039763570919	0.188398919255737	0.34723700826266	0.542565782945656	0.587428803321019	0.780012546090183
PA14_RS07225	212.606312043888	0.0968823811027914	0.178986832733453	0.541282169326212	0.588313108581608	0.78097232860298
PA14_RS06065	116.649284180265	0.133528510932308	0.247336732681979	0.539865265803427	0.589289953364149	0.781331909574619
PA14_RS07460	144.003540847986	0.112425642638384	0.208103355608	0.540239451256895	0.589031908901055	0.781331909574619
PA14_RS21435	26.1222629541644	0.237887085267264	0.440953520842786	0.539483356006763	0.589553378419724	0.781331909574619
PA14_RS23785	387.678565845984	-0.092103025212958	0.170674641693505	-0.539640946651906	0.589444672548423	0.781331909574619
PA14_RS25350	116.573830979193	-0.134436783889839	0.248762573253405	-0.540422066437195	0.588905993396809	0.781331909574619
PA14_RS25545	172.142208242507	-0.107515789963057	0.199255661205053	-0.539587127978325	0.589481795576953	0.781331909574619
PA14_RS10565	13.1108988914545	-0.322631399438375	0.598514248445885	-0.53905383251297	0.589849710220112	0.781510465376564
PA14_RS08420	76.2839413984212	-0.141863242737939	0.263762099009606	-0.537845442050308	0.590683756719241	0.781544910395144
PA14_RS13065	11.8651198711207	0.367882703815905	0.683887328725437	0.537928820090189	0.590626190707007	0.781544910395144
PA14_RS23180	153.709551986085	-0.11361302539204	0.210978810609058	-0.538504435891262	0.590228843492437	0.781544910395144
PA14_RS27100	95.4385681734891	0.126641299255932	0.235346416525155	0.538105916910767	0.590503927776478	0.781544910395144
PA14_RS27560	19.2887015057412	0.284918397818428	0.528909784558888	0.538689973482057	0.590100793253424	0.781544910395144
PA14_RS11645	45.3619350479847	0.200261820980298	0.373101225921257	0.536749297689424	0.59144079858359	0.782118595009637
PA14_RS27015	335.814942022629	-0.0954211236036715	0.177702923234808	-0.536969915107061	0.59128839539175	0.782118595009637
PA14_RS05645	51.0714829804321	-0.170886539132498	0.318785531215725	-0.536054878277576	0.591920623438088	0.782473377299301
PA14_RS08505	23.8325465873594	-0.273841905791699	0.511187932410972	-0.535697125126072	0.592167890834242	0.782473377299301
PA14_RS16605	310.189818551726	0.0850639777466209	0.15887200563225	0.535424585395638	0.592356293278069	0.782473377299301
PA14_RS24215	14.3226544417199	-0.309225260356298	0.577505295540568	-0.535450086335314	0.592338663712077	0.782473377299301
PA14_RS00945	13.5265957740766	0.337190290192183	0.632761069584556	0.532887224578414	0.594111649273469	0.782701775141067
PA14_RS02910	50.0583446463495	0.203338254748741	0.380649452830345	0.534187697464966	0.593211679910156	0.782701775141067
PA14_RS03915	24.1483788126818	-0.246042630015489	0.460242421050984	-0.53459355061978	0.592930944288167	0.782701775141067
PA14_RS04905	187.074405975515	0.112164415863526	0.2102793385843	0.533406737051153	0.593752054917524	0.782701775141067
PA14_RS05910	1145.52676232219	0.0687323283977328	0.128993603633804	0.532835167492917	0.594147687457167	0.782701775141067
PA14_RS12260	68.1584567245361	0.158586247045932	0.297407147761176	0.53322944064976	0.593874764134962	0.782701775141067
PA14_RS15905	53.3964099295379	-0.172225121504205	0.32316308464073	-0.532935628138569	0.594078141256556	0.782701775141067
PA14_RS17365	261.742078599015	0.0907472447391259	0.170072839005851	0.533578702334731	0.593633046524259	0.782701775141067
PA14_RS17530	37.4075123042499	-0.193514163526468	0.362137769619202	-0.534366143940063	0.593088237907794	0.782701775141067
PA14_RS28715	33.2183753272684	0.21462365002348	0.402766590096393	0.532873518560998	0.59412113760578	0.782701775141067
PA14_RS06685	20.4195041874017	0.280079287506401	0.526507182671979	0.531957201580845	0.594755638005724	0.783289287961787
PA14_RS18180	13.4387085999289	-0.32185221292623	0.605810882692217	-0.531275059794109	0.595228185525541	0.783507732023334
PA14_RS26395	18.7772408387083	0.303025018636355	0.570400013861626	0.531250019762211	0.59524553504006	0.783507732023334
PA14_RS26840	229.201887609439	-0.11089082823924	0.208958342147563	-0.530683901391839	0.59563784367829	0.783810778783187
PA14_RS05665	53.8808820094466	0.165884680254659	0.312787916486181	0.530342355031442	0.595874585450703	0.783909003057563
PA14_RS18590	210.878872854811	-0.0945859607343107	0.178593263282996	-0.529616621565569	0.596377767646644	0.784144340494609
PA14_RS20125	26.7811812827707	0.257267121011127	0.485634969760301	0.529754109631167	0.596282426405173	0.784144340494609
PA14_RS02300	25.7608877337412	0.240034639549731	0.454752491456895	0.527835787728682	0.597613315595197	0.785341846254993
PA14_RS17180	35.2762813875553	0.207258905679802	0.392526127245259	0.528013019500996	0.597490299539308	0.785341846254993
PA14_RS19235	76.4364914689894	-0.141814675394099	0.268862233998929	-0.527462237015648	0.597872633742609	0.785386692810598
PA14_RS24905	55.9974438124892	0.168665454779904	0.319854836049588	0.527318757668417	0.597972250398805	0.785386692810598
PA14_RS01130	17.5537892159875	0.262899761435457	0.499604549759707	0.526215707126572	0.598738341882124	0.785848878310388
PA14_RS12190	34.6059364536068	-0.211231715994447	0.401497096689796	-0.526110195406091	0.598811645279938	0.785848878310388
PA14_RS28070	54.2873020493416	-0.176479154193041	0.335225197644325	-0.526449549237902	0.598575896509355	0.785848878310388
PA14_RS23575	139.921932787356	-0.153599955976476	0.29216801582589	-0.525724746229613	0.599079467498337	0.785987060450884
PA14_RS16640	75.5653779808699	0.146679352428136	0.279175647853975	0.52540167294555	0.599303990797375	0.786068375236264
PA14_RS11675	790.031289214767	0.0710404594105885	0.135553590438466	0.52407656027995	0.600225290865015	0.78684996113397
PA14_RS16225	20.7211748399131	-0.249367296001058	0.475799649353377	-0.524101470734488	0.600207965673911	0.78684996113397
PA14_RS05635	72.3154991234763	0.144948952014023	0.276811046781763	0.523638610883548	0.600529921078716	0.787035961608854
PA14_RS12490	293.620155282629	0.0994798796760199	0.190218567947276	0.522976703849403	0.600990465031184	0.787426141666434
PA14_RS22840	103.48179090055	-0.129713319513537	0.248771976574152	-0.521414515010185	0.602078042139909	0.788637435479036
PA14_RS06365	70.4042192046612	0.140029281750791	0.26906538725794	0.52042844744111	0.602764986915257	0.789323443466608
PA14_RS11650	84.4374845196157	-0.134981642150272	0.259562088327851	-0.52003604617242	0.603038451686991	0.789467772701215
PA14_RS10030	51.3608161573616	0.179548425263979	0.345627918518251	0.519484728067468	0.603422760017191	0.789543416516
PA14_RS25530	41.294702762463	-0.18947925572014	0.364641258544524	-0.519631970546756	0.603320110652506	0.789543416516
PA14_RS16695	386.496396347837	0.0814128830039611	0.156884616986579	0.518934772367934	0.603806228327466	0.789776891238445
PA14_RS19225	16.5310147406633	0.283703765220202	0.546887838142743	0.518760421119755	0.603927821298546	0.789776891238445
PA14_RS27390	21.4837878007574	0.255340655308774	0.493920409428502	0.516967208551312	0.605179049745349	0.791199211832524
PA14_RS06615	121.095586907108	-0.124849650495748	0.241827995168371	-0.516274595953305	0.605662636570757	0.791247986949981
PA14_RS26360	62.2827537947162	0.146334401053287	0.283478006076532	0.516210774439342	0.605707205890991	0.791247986949981
PA14_RS27505	46.888741621563	-0.212824814529799	0.411972268789348	-0.516599855507803	0.605435516588763	0.791247986949981
PA14_RS30770	1231.44065590786	-0.0714306822340658	0.138517908213651	-0.515678320263765	0.606079098857837	0.791519989758709
PA14_RS08915	78.7650703854777	0.13506772809239	0.262412994578872	0.514714327730417	0.606752659843345	0.792185708154
PA14_RS05100	149.450958750027	-0.106401148400344	0.206820158948196	-0.514462173036986	0.606928900578477	0.792201933386644
PA14_RS21270	13.2373994466382	0.374589481281872	0.730158510079381	0.513024878996682	0.607933917708184	0.793299629259789
PA14_RS09405	178.459834165714	0.106088116885844	0.207366319073424	0.511597627618016	0.608932646173714	0.794388528971157
PA14_RS03045	103.600354429601	-0.129327072377268	0.253353517883811	-0.51046093007707	0.609728579633424	0.79521235466754
PA14_RS26425	28.2053564628081	0.215732844383641	0.422832821748055	0.510208369094359	0.609905489549333	0.795228618889344
PA14_RS25535	87.6180566419599	-0.128730834967476	0.252490959399925	-0.509843343593056	0.610161217113133	0.795347613466067
PA14_RS23880	41.1694492390248	-0.184557162523121	0.362175789283002	-0.50957896133391	0.610346466308915	0.795374699830211
PA14_RS18625	11.0472153558592	0.334540561524272	0.658407380137971	0.508105728484041	0.611379198102421	0.7965058733899
PA14_RS16735	85.1697284646824	-0.130021340204303	0.256107230950576	-0.50768320645111	0.611675527552134	0.796677309787805
PA14_RS05080	63.590178531098	-0.162996639505334	0.321291500471955	-0.507316998009296	0.61193241374327	0.796784532260731
PA14_RS07100	69.218936075872	-0.1465963563463	0.289200395165259	-0.50690233760756	0.612223345408034	0.796784532260731
PA14_RS10935	183.657537286468	0.0976258768622798	0.192608658349209	0.506861309865309	0.61225213438397	0.796784532260731
PA14_RS10770	43.6472926958707	0.186967813000313	0.369265561119472	0.50632345034695	0.612629603263279	0.796848017739354
PA14_RS28420	45.806022486095	0.167347665098644	0.330516137237938	0.506322222258609	0.612630465251224	0.796848017739354
PA14_RS20795	22.7137495756466	0.225686071035405	0.446251004882287	0.505737955917739	0.613040619109437	0.797001258422201
PA14_RS22015	17.3874739537417	0.313094663575726	0.619149754997938	0.505684870337659	0.613077891094001	0.797001258422201
PA14_RS10620	18.6787803771748	-0.257971782511371	0.510951315406854	-0.504885249793234	0.613639434697881	0.79751687884949
PA14_RS16500	171.194050152706	0.106773133642725	0.211670042952522	0.50443195528937	0.613957867197863	0.79756397028305
PA14_RS31805	14.7230229269054	-0.280460970312743	0.556068420435436	-0.504364139386166	0.614005513102521	0.79756397028305
PA14_RS13520	27.5632420017763	-0.215795238438154	0.428436384949614	-0.503680933783279	0.614485608638575	0.797973255471576
PA14_RS06430	107.283032532623	0.12234302432509	0.243012576083585	0.503443180994096	0.614652718710013	0.797975985954799
PA14_RS00965	23.515791905882	0.219804561371414	0.437804466942136	0.502061029451455	0.615624591966239	0.798808834652195
PA14_RS20825	575.959004361809	0.0721249699082857	0.143620709155218	0.502190598643658	0.615533455453589	0.798808834652195
PA14_RS25450	41.477790321522	0.169647656296208	0.338069358355902	0.501813169703513	0.615798948330139	0.798820738767315
PA14_RS02445	42.9991146169332	-0.169564880986584	0.33827065754199	-0.501269847697434	0.616181222798008	0.799102277675293
PA14_RS26555	49.3832717147062	0.206415160153231	0.41220098688863	0.500763381745617	0.616537659587014	0.79935016669244
PA14_RS26815	344.548774252961	-0.0865889436758286	0.17313649295573	-0.500119542666079	0.616990906312119	0.799723404697241
PA14_RS11520	182.11095120843	0.104702390973858	0.209826793811945	0.498994380420724	0.617783342950663	0.800535971733495
PA14_RS02005	168.296756085491	0.101973332137517	0.20490296470087	0.497666455370153	0.618719155211234	0.80117817227006
PA14_RS06350	150.151641012459	0.105646623159661	0.212318362914228	0.497585897468228	0.618775945704854	0.80117817227006
PA14_RS14325	47.3270866665324	-0.182915011508148	0.367385323464842	-0.497883284457477	0.618566309626369	0.80117817227006
PA14_RS01355	185.169943619464	0.0914623925346599	0.183945315286749	0.497225995628541	0.619029691670728	0.80129218118834
PA14_RS01255	72.9427289434579	0.141017036789571	0.284499615660568	0.495666879767657	0.620129458235051	0.802254300754692
PA14_RS12030	12.2027244307796	0.299247321503474	0.603970466178104	0.495466812139171	0.620270643201364	0.802254300754692
PA14_RS17360	87.5967524993222	-0.135758671321035	0.273919504388233	-0.495615205000593	0.620165923064659	0.802254300754692
PA14_RS21410	659.112538367933	0.0753437466248615	0.152168230276881	0.495134539501237	0.620505154341968	0.802343028448598
PA14_RS12880	214.402423615403	-0.091883092027762	0.185834278537193	-0.494435648530648	0.620998543010771	0.802766360331486
PA14_RS04675	161.728555114616	0.101205418888357	0.204969825069727	0.493757648736483	0.621477346311844	0.802986196064626
PA14_RS06970	99.2622910522615	0.144546710941126	0.292767892778872	0.493724600635432	0.621500688972269	0.802986196064626
PA14_RS24705	113.220280361497	-0.135885630853463	0.275475893216342	-0.493275942467847	0.62181762459183	0.803181098431113
PA14_RS07015	667.511395444806	-0.0928757692646397	0.188398126530772	-0.492976076646227	0.622029491254515	0.803196689198759
PA14_RS20185	47.4986384971189	-0.193311010348515	0.392563307609098	-0.492432702194897	0.622413485862171	0.803196689198759
PA14_RS22265	13.532348947555	0.291233541022114	0.591554869868786	0.492318727908898	0.622494042828153	0.803196689198759
PA14_RS25380	76.7660169011367	-0.135605524131723	0.275388172291012	-0.492415934219659	0.62242533717471	0.803196689198759
PA14_RS09380	37.0355629471673	-0.193651620982565	0.393749435501956	-0.491814345678226	0.622850594180677	0.803442377556083
PA14_RS18820	113.051271521417	0.118154864918912	0.240643402972268	0.490995653566817	0.62342952169013	0.803974711171592
PA14_RS04680	38.0314050863637	-0.171417562549929	0.349470820082832	-0.490506081478562	0.623775827473966	0.804206851949907
PA14_RS09900	119.616867256523	0.109719598588091	0.223819659104882	0.4902143047974	0.623982259421105	0.804258583838077
PA14_RS00905	12.9382899255573	0.309656760619122	0.63353268406343	0.488777877461676	0.624998961755426	0.805354377577736
PA14_RS04950	399.834304735151	-0.0805160315838324	0.165024078286273	-0.487904749536963	0.625617310174589	0.805936417688948
PA14_RS08285	12.0496590396866	0.297634790187345	0.611561160544712	0.486680334510197	0.626484883530801	0.806839120307577
PA14_RS26930	19.3486311823533	-0.257382611026562	0.529349814527118	-0.486224050643125	0.626808321033501	0.807040745611824
PA14_RS11940	21.6123165762536	0.236321975365556	0.486481034643376	0.48577839327035	0.627124295207208	0.80723265680651
PA14_RS26830	95.6646326080613	0.125163106819132	0.25809870958842	0.484942784172479	0.627716932220315	0.807780490744397
PA14_RS07130	67.700569699965	-0.144853154163157	0.298922691585721	-0.484584001952953	0.627971464189355	0.807893056882076
PA14_RS22465	16.3496373869273	0.265251327220082	0.547908372074665	0.484116214935177	0.628303394230979	0.808105110239632
PA14_RS20855	288.092538780093	-0.0825309069954964	0.170810224566071	-0.483173107494937	0.628972828345594	0.808751023100051
PA14_RS28110	163.068688517885	0.102336153146474	0.211987049021918	0.482747194315125	0.629275248989881	0.808924801731809
PA14_RS21625	10.7686667405519	0.351480867845224	0.728713737753623	0.482330508724482	0.629571177743564	0.809090144982162
PA14_RS29290	74.7310681347052	-0.13789148230802	0.286237585129466	-0.481737862082827	0.629992175917834	0.809416089994327
PA14_RS06355	88.2348659098616	0.130433192031089	0.271187622025107	0.480970300403362	0.630537607073431	0.809686635105446
PA14_RS09170	40.2828556691418	-0.187700122787039	0.390215741424374	-0.481016276026928	0.630504931013121	0.809686635105446
PA14_RS28135	26.3287206559549	0.207845062078373	0.432356827115438	0.480725754847117	0.630711424043299	0.80969483585702
PA14_RS20110	12.9668783785872	-0.289422701974722	0.602888443967986	-0.480060125335709	0.631184640624131	0.810061816996777
PA14_RS22330	501.761766899557	0.112644271470453	0.23476203142366	0.479823209857861	0.63135310765824	0.810061816996777
PA14_RS24135	13.6020633167315	-0.289409806421192	0.603715111560284	-0.479381418287214	0.631667310151953	0.810061816996777
PA14_RS26920	24.8947119207188	0.241023382773087	0.502708888997303	0.479449216133476	0.63161908794923	0.810061816996777
PA14_RS12555	11.3745877970596	0.346427992682299	0.724491527861089	0.478167072160326	0.63253129674795	0.810525000284337
PA14_RS17395	68.058404433391	0.142793502260074	0.298350105483088	0.478610530500277	0.632215725468749	0.810525000284337
PA14_RS28200	6047.05908070744	-0.0552142139359389	0.115432868195105	-0.478323156993863	0.632420216919737	0.810525000284337
PA14_RS06000	135.217554933431	0.102453849371462	0.214530090922391	0.477573327503628	0.632953918691163	0.810851695573633
PA14_RS10715	28.0509065188349	-0.224075878130838	0.471280056962773	-0.475462253961953	0.634457531132452	0.812562664342303
PA14_RS01390	118.337747995558	0.104975675623007	0.2210095562447	0.474982518433631	0.634799433578586	0.812668101316866
PA14_RS08890	165.651290964684	-0.101073156841555	0.212841526922336	-0.474875172636944	0.634875948464665	0.812668101316866
PA14_RS20160	44.009817618554	-0.188348044318474	0.397596192533009	-0.473716921478913	0.635701784920047	0.813509878770402
PA14_RS16485	14.2303866702303	0.273495137801823	0.578268040323902	0.472955651584396	0.636244819478375	0.813989403967572
PA14_RS13040	133.852500292706	-0.113934499950996	0.241462602401311	-0.471851536502687	0.637032762273455	0.814566482907041
PA14_RS23740	39.9975780996014	-0.174846921948731	0.370376213642625	-0.472079241345234	0.636870228921816	0.814566482907041
PA14_RS09165	257.151310023919	-0.103102550093381	0.218691602748124	-0.471451801522204	0.637318131185793	0.814697372929185
PA14_RS10150	82.1819073982125	0.120009889895611	0.254797905205133	0.471000300410607	0.637640520375716	0.814697372929185
PA14_RS11450	129.821008257937	-0.106012949476906	0.224984380427815	-0.471201375292448	0.637496936691357	0.814697372929185
PA14_RS17800	32.1439832636312	-0.198176919806379	0.420978451612998	-0.470753120609988	0.63781704532404	0.81470766803673
PA14_RS06520	25.3993357665505	-0.229340574314223	0.487429754275481	-0.470510001292631	0.63799069049211	0.814714280227051
PA14_RS09665	283.263415376495	0.0818829744290128	0.174270818934008	0.469860501774653	0.638454685429909	0.815091567776938
PA14_RS14100	42.1486008241493	-0.161526798104574	0.344093504531042	-0.469427048106346	0.638764418516595	0.815171285717185
PA14_RS28370	50.8006753811474	-0.147134195051878	0.313517522727059	-0.469301344856472	0.638854254108381	0.815171285717185
PA14_RS07135	34.1247445509402	0.183366624817621	0.391418734767214	0.468466653561366	0.639450912339564	0.815433958782632
PA14_RS11820	26.5111073931754	0.209505398323066	0.447544078865194	0.468122377698069	0.63969707733666	0.815433958782632
PA14_RS14840	24.7844104282632	-0.234502026478376	0.500892745614853	-0.468168142843677	0.639664351939651	0.815433958782632
PA14_RS17160	13.941210937659	0.296293282475081	0.633010718243762	0.468069929838035	0.639734582221114	0.815433958782632
PA14_RS17035	29.3981528552856	-0.194920468340892	0.417604859456196	-0.466758142121996	0.640672926395555	0.816199755545022
PA14_RS23700	157.505241597071	-0.0931192344653031	0.199473600806201	-0.466824853459047	0.640625192754847	0.816199755545022
PA14_RS19140	22.6698553723613	-0.221749724371047	0.475400393659911	-0.466448339817071	0.64089461721811	0.816267150083429
PA14_RS02865	129.398422406739	0.102369755332736	0.219851870992722	0.465630585132135	0.641479946539104	0.816361105691802
PA14_RS05815	61.5048923254314	0.148328111653306	0.318768109712251	0.465316658517695	0.64170470696125	0.816361105691802
PA14_RS09865	42.1915965344734	-0.170882998606257	0.366762853379169	-0.465922317464342	0.641271105892516	0.816361105691802
PA14_RS17225	62.7859211277251	0.137215451676072	0.294775567840858	0.465491264018705	0.641579691505953	0.816361105691802
PA14_RS17600	63.8077837214276	0.132610805399414	0.285082625938535	0.465166212647436	0.641812432555879	0.816361105691802
PA14_RS21780	58.6085577372152	-0.154414522080011	0.332153883421302	-0.464888504356737	0.642011303217438	0.816399332726671
PA14_RS05335	13.9955354235901	-0.292518307134885	0.629867047855154	-0.464412780651057	0.642352035054259	0.816617886835541
PA14_RS02390	256.945977520541	-0.0833761098773364	0.17983437333818	-0.463627216141528	0.642914851714647	0.81711858683102
PA14_RS01280	127.849153296216	0.113390794460126	0.24477221254674	0.463250273715091	0.64318498442777	0.817247132079005
PA14_RS11235	159.103277442146	0.0968570637392296	0.209326808080891	0.462707402970577	0.643574111201638	0.817453313001405
PA14_RS21395	1218.84701640794	0.19936880613641	0.431018969150413	0.462552278219653	0.643685321734771	0.817453313001405
PA14_RS18835	14.8610754065629	-0.273511676205986	0.593047912849435	-0.461196591843375	0.64465756665286	0.81825826570426
PA14_RS22715	50.2547894742279	-0.148454232760273	0.32173312446415	-0.461420417955178	0.644497005426711	0.81825826570426
PA14_RS16805	192.740344990615	-0.113920402890707	0.247261458464815	-0.460728508187288	0.644993399123446	0.818469713503276
PA14_RS04585	27.4993442379883	0.213089271694738	0.464330189463767	0.458917547318697	0.646293377332701	0.819689161495133
PA14_RS22060	52.3249843144022	0.145965919255609	0.317961261934539	0.459068247394426	0.646185157676556	0.819689161495133
PA14_RS02460	21.5903948455453	0.255470279837055	0.55836632094408	0.457531678137587	0.647288938410635	0.820692360486344
PA14_RS09820	15.9566549991665	-0.265657108187973	0.580869274804544	-0.457344052631056	0.647423770731059	0.820692360486344
PA14_RS27105	37.3414468528119	-0.166669392136181	0.364743080705783	-0.45695011352559	0.647706902741581	0.820836106304583
PA14_RS22345	35.5247856796734	-0.185144100386813	0.406783752704833	-0.455141335305877	0.649007562040113	0.822268492380921
PA14_RS31815	13.0863972675286	0.270034498371262	0.59360571613619	0.454905488661615	0.649177234059214	0.822268492380921
PA14_RS01600	599.971308461764	-0.0605795354802727	0.133297776027903	-0.454467713456764	0.64949222511249	0.822452055680545
PA14_RS25275	199.144567259914	-0.0931807448210008	0.205453368252341	-0.453537197338885	0.650161964659923	0.823084623323399
PA14_RS07725	21.951008864804	0.221935867683928	0.490842446103678	0.452152965672919	0.651158789194272	0.823331768895688
PA14_RS10115	17.3863588427033	-0.235673386112793	0.521304369699502	-0.452084041130604	0.651208440038463	0.823331768895688
PA14_RS17935	54.8375416358319	0.135229322864347	0.298655884755948	0.452793096559448	0.650697735099902	0.823331768895688
PA14_RS21180	193.176122373541	-0.0847856594814061	0.187374686102519	-0.452492603163145	0.650914148755316	0.823331768895688
PA14_RS22175	260.122211175044	0.084718533601921	0.187120332298676	0.4527489480229	0.650729528783059	0.823331768895688
PA14_RS19255	115.089486720636	-0.111651575495611	0.247132492770145	-0.451788327160432	0.651421479658364	0.823385853535768
PA14_RS23460	1726.45120815285	-0.0699059622099369	0.155206565295593	-0.450405961093204	0.652417747480025	0.824429638571571
PA14_RS02515	30.2167104609994	0.176317335622719	0.392874371946194	0.448788081414652	0.653584537343063	0.824868711935104
PA14_RS17295	18.803149512321	-0.237152760144433	0.528643690762067	-0.448606054112866	0.65371586570972	0.824868711935104
PA14_RS19280	67.350762937771	-0.12410065508265	0.27645095024046	-0.448906596178114	0.653499037527472	0.824868711935104
PA14_RS20180	17.7574701737771	-0.225761437949172	0.503364128232445	-0.448505217767364	0.653788621349722	0.824868711935104
PA14_RS24665	173.415425172761	-0.0859412587457996	0.191491900371148	-0.448798401286054	0.653577092122736	0.824868711935104
PA14_RS26540	18.0534985561026	-0.247103381828316	0.550829053896133	-0.448602665528444	0.653718310594436	0.824868711935104
PA14_RS11775	108.630393211181	0.115882828283093	0.258740590999989	0.447872627310719	0.654245124318665	0.825229374336219
PA14_RS23170	46.2624306816398	-0.146691066135119	0.327912585690344	-0.447348081581849	0.65462375593096	0.825491651546837
PA14_RS22635	19.2033691503545	0.241832352112437	0.542147585806783	0.446063689009259	0.65555124100138	0.826445725099758
PA14_RS27780	20.0491831647986	-0.227000506489745	0.509197829153737	-0.445800224378429	0.655741559717612	0.826470206618288
PA14_RS19655	15.7361752214174	0.245486382949203	0.551784342512519	0.44489552173843	0.656395259090387	0.827078549494817
PA14_RS07785	482.601324421749	-0.0706606672573931	0.158953471053263	-0.444536799285847	0.656654529452975	0.827189712017345
PA14_RS01905	327.039232937325	0.0794037543576851	0.179155427381343	0.443211548309221	0.657612726635745	0.82751824318965
PA14_RS18825	11.5377484856514	-0.298798790525693	0.674847316759017	-0.442765027148195	0.657935702023511	0.82751824318965
PA14_RS19825	27.9797768150305	-0.188724793666045	0.425763448172618	-0.443262084793925	0.657576176870829	0.82751824318965
PA14_RS22245	28.5154209984175	-0.181849709153843	0.410847623802756	-0.442620812725321	0.658040028103205	0.82751824318965
PA14_RS25010	117.696746018489	0.095383352962386	0.215545980829232	0.442519747273572	0.658113143777377	0.82751824318965
PA14_RS27980	29.846131265352	0.196345880026589	0.443597466237487	0.442621734727115	0.658039361097219	0.82751824318965
PA14_RS29025	15.728486439295	0.247224896193107	0.557793520012249	0.443219376567297	0.657607064910317	0.82751824318965
PA14_RS25460	27.3428406732787	0.178504907576348	0.4038852678583	0.441969345707789	0.658511388480841	0.827803762592499
PA14_RS01610	160.036371384571	-0.0920904722411081	0.209133778626916	-0.44034241070828	0.659689128283692	0.827940751816935
PA14_RS07765	68.741691286258	-0.138816477143798	0.315544356577072	-0.439926984116074	0.659989991367718	0.827940751816935
PA14_RS10505	19.3382173041291	0.241496200992209	0.547697011061281	0.440930288307138	0.65926346560416	0.827940751816935
PA14_RS11015	49.5811010424022	0.148677033365169	0.337194249363598	0.44092398860827	0.659268026422692	0.827940751816935
PA14_RS23860	19.1341481691023	0.223462234370714	0.507356250540662	0.440444429594752	0.659615251883994	0.827940751816935
PA14_RS31810	71.2477675973896	0.119549075391493	0.271496780477031	0.440333307752086	0.659695720299228	0.827940751816935
PA14_RS26765	199.579722190077	0.0793900583041888	0.180422904011535	0.440022062271613	0.659921128362474	0.827940751816935
PA14_RS28720	30.8436901248042	0.181775058877015	0.411654468423956	0.441571931850884	0.658798998709801	0.827940751816935
PA14_RS01970	64.3160559362831	-0.14158577858002	0.322488987179384	-0.43904066249947	0.660632073025644	0.828101789826857
PA14_RS03065	149.124872230966	-0.0936004090552887	0.212975266290411	-0.439489574003659	0.660306834938	0.828101789826857
PA14_RS18830	15.9654923265823	0.243140899237942	0.553535320617904	0.439250920729913	0.660479732155498	0.828101789826857
PA14_RS06410	1992.19565186611	0.0616546904013098	0.140580652048335	0.438571663333241	0.660971933174578	0.828120853484704
PA14_RS22220	63.9088629997737	0.134687918640109	0.307123067493575	0.438547061083019	0.660989763120546	0.828120853484704
PA14_RS09685	209.103435683593	-0.0843158446741202	0.192516303843739	-0.437967294149578	0.66140999226438	0.828432717583668
PA14_RS17370	38.3461669948548	-0.171804645118569	0.392852422427274	-0.437326169600937	0.66187481914859	0.828694608946469
PA14_RS25905	11.3587172275216	-0.297465650874666	0.680378365676393	-0.437206216248429	0.661961801976884	0.828694608946469
PA14_RS04365	58.5488750306604	-0.133843366829727	0.307279066892174	-0.435575934877117	0.663144434130134	0.829389500220596
PA14_RS10090	41.3922931713763	-0.152136535235886	0.348923590331212	-0.436016765422688	0.66282456563373	0.829389500220596
PA14_RS10290	69.0355394838972	0.144533088165081	0.3318407197783	0.435549586143746	0.663163554827739	0.829389500220596
PA14_RS10940	79.9360831694623	-0.121488732224391	0.278966755639867	-0.435495376306515	0.663202894407164	0.829389500220596
PA14_RS08595	90.0288952314355	0.106545658706038	0.24525179262162	0.434433761185262	0.663973485788672	0.829891665745486
PA14_RS12290	243.498821026517	-0.0923937348628762	0.213122502043045	-0.433524071729484	0.664634082182024	0.829891665745486
PA14_RS14340	11.1079901941467	-0.280436692446354	0.646554279456702	-0.433740370076902	0.664476987469653	0.829891665745486
PA14_RS20965	155.666362975262	0.0883670292678484	0.203813983530825	0.433567058241045	0.664602860457521	0.829891665745486
PA14_RS31455	95.6419925305564	-0.124220781150439	0.286202778973209	-0.434030660345429	0.664266176538119	0.829891665745486
PA14_RS23330	2713.37350336477	0.0511948642258907	0.117942689721822	0.434065598695757	0.664240805841106	0.829891665745486
PA14_RS02830	102.777519272855	0.111155295499081	0.25659862047393	0.433187424366429	0.664878614143804	0.829982699535219
PA14_RS12005	26.2983317207499	-0.186264524022629	0.43076294361794	-0.432406098951339	0.665446286171509	0.830476965142043
PA14_RS04345	15.2081386049382	-0.24071806491896	0.558850162942848	-0.430738113506781	0.666658802595381	0.83134656249388
PA14_RS08585	133.014525825257	0.106227572904152	0.246378923910452	0.431155275857772	0.666355470996891	0.83134656249388
PA14_RS16560	105.706118546439	-0.101500123751019	0.235574116582675	-0.430862801157519	0.666568132649406	0.83134656249388
PA14_RS05780	56.3637214417738	0.138672878040269	0.322773690845832	0.429628814160394	0.667465673410312	0.831740859256248
PA14_RS13710	47.3577528321943	-0.15354205308676	0.357702697343879	-0.429244884723784	0.667745021717313	0.831740859256248
PA14_RS18460	28.0055383588349	-0.189437283999854	0.441360467596421	-0.429212169888028	0.66776882726741	0.831740859256248
PA14_RS23775	313.429469444986	0.0740047992385593	0.17252586440846	0.428949012904817	0.667960330428693	0.831740859256248
PA14_RS26670	1851.28888159701	-0.0505156018438223	0.117783563046627	-0.42888498647154	0.668006926664861	0.831740859256248
PA14_RS27220	290.190241454179	-0.073974826947027	0.172142273754155	-0.429730741518345	0.667391518471366	0.831740859256248
PA14_RS04085	34.4574674758416	-0.158005974101028	0.369630266265812	-0.427470335958369	0.669036786837089	0.832739124770271
PA14_RS05240	21.7519213014447	-0.215468846969247	0.504244022908753	-0.427310661465665	0.669153068415483	0.832739124770271
PA14_RS27555	39.5612967247108	-0.164373258107599	0.385156505667705	-0.426770042018743	0.669546828780023	0.83301478363267
PA14_RS25505	108.961782492842	0.107092129274445	0.25124825205425	0.426240295798439	0.669932757762953	0.833280559810093
PA14_RS06295	46.4445450863391	0.148827972146793	0.350525267112864	0.424585575164464	0.671138810304849	0.834566028962266
PA14_RS05405	33.3049622228746	0.168403979831328	0.398478109487165	0.422617894990671	0.67257406823038	0.835611698299183
PA14_RS12115	27.7506799455617	-0.201605110290714	0.476420525444715	-0.423166298518574	0.672173933564532	0.835611698299183
PA14_RS16540	24.5515333264799	0.190683463632568	0.450917436599263	0.42287888681056	0.672383627768542	0.835611698299183
PA14_RS18430	150.382018105046	-0.0884092770783685	0.209377374713432	-0.422248474551616	0.672843662774404	0.835611698299183
PA14_RS23900	391.017968602597	0.0777490349987752	0.184130665687217	0.422249247340731	0.672843098766765	0.835611698299183
PA14_RS08630	16.2230542036071	0.245960486358042	0.585546458481377	0.420052897247375	0.674446811345873	0.837172684719877
PA14_RS17420	12.4441522247985	0.281616925361135	0.670370631248327	0.420091382638173	0.674418697644371	0.837172684719877
PA14_RS25735	390.14901725918	-0.0712298726098804	0.170374332870689	-0.418078658972315	0.675889607624436	0.838748304457729
PA14_RS03070	759.367199641973	0.0573694837956993	0.137462616834265	0.41734607645996	0.676425290747118	0.839197718330698
PA14_RS12325	592.693537183729	-0.0871559771784449	0.209000280108452	-0.417013685977927	0.676668397229242	0.83921977092892
PA14_RS18325	37.5244301786868	-0.180321557940864	0.432584255112064	-0.416847251858832	0.676790137845904	0.83921977092892
PA14_RS06105	684.623139598098	0.0571653296345156	0.137348266615989	0.416207142929178	0.677258433363557	0.839489215543463
PA14_RS17110	10.863122134881	-0.268070114923603	0.64428208329857	-0.416075693974212	0.677354615188295	0.839489215543463
PA14_RS03405	141.563587322539	0.093151054427657	0.22420289867723	0.415476583832042	0.677793053531763	0.839817373015528
PA14_RS15575	180.366348110883	0.0807930619913189	0.194717274999365	0.414924982858261	0.678196820420322	0.840102413819846
PA14_RS04495	54.1530324900307	0.124187945267739	0.299911618114288	0.414081808662758	0.678814194831146	0.840651842817778
PA14_RS21105	20.826202250386	-0.199767696503695	0.482713283345245	-0.413843379488725	0.678988812429853	0.840652815389342
PA14_RS05150	166.958613746258	0.0840421098560016	0.20355830445996	0.412865051509273	0.679705487624351	0.841109451932283
PA14_RS22990	12.6379830256592	0.279802273404449	0.677678734181129	0.412883360937314	0.679692072373098	0.841109451932283
PA14_RS06800	97.6481301944379	0.103538567659271	0.251002476278097	0.41250018404024	0.679972845831843	0.841189128294401
PA14_RS11460	61.6465994217476	-0.126470249426359	0.306918124619451	-0.412065105582052	0.680291704044541	0.841189128294401
PA14_RS22390	11.3138544455165	-0.285410532598606	0.692359519913183	-0.412228797885808	0.680171731303323	0.841189128294401
PA14_RS07200	46.4155426247067	0.135600846183501	0.329313936494568	0.411767712071116	0.680509689271629	0.841243572933947
PA14_RS11320	490.78938588091	0.056829381564793	0.138203074841754	0.411202005670742	0.68092441771723	0.841326132876986
PA14_RS27465	13.8803543795319	-0.244690253675497	0.594842104714112	-0.411353284739482	0.680813503147346	0.841326132876986
PA14_RS28545	13.7372269063848	-0.240302420056975	0.585239219706397	-0.410605461776007	0.681361858140795	0.84165158262296
PA14_RS04980	193.246030616475	0.0795943845527676	0.194951985652927	0.40827685999808	0.683070425844438	0.842396863593027
PA14_RS05420	48.5950397783008	-0.138050923312994	0.337095897824714	-0.409530119481842	0.682150667851447	0.842396863593027
PA14_RS06865	472.129692391541	-0.0622866856563801	0.152464391174627	-0.40853267557432	0.682882646382872	0.842396863593027
PA14_RS19815	280.676235453878	-0.0786575551561545	0.192572633519458	-0.408456558539024	0.682938517458463	0.842396863593027
PA14_RS20680	20.7442136712788	-0.218252883436987	0.53477442247972	-0.40812139523233	0.683184553145544	0.842396863593027
PA14_RS23920	77.0268908809948	-0.114735502320399	0.281103143855741	-0.408161576375965	0.683155055314614	0.842396863593027
PA14_RS26805	81.3740969410333	-0.129039354795041	0.315947098577043	-0.408420762134567	0.682964793170923	0.842396863593027
PA14_RS01615	123.400326788818	-0.0903024691456154	0.22144077035297	-0.407795136377442	0.683424084606696	0.842477408401219
PA14_RS25030	226.727486414818	-0.0829735072421419	0.203653453311689	-0.407424995220445	0.68369587199446	0.842597664873907
PA14_RS23275	26.1815933190676	0.202074301528559	0.496346383062102	0.407123550053704	0.683917247550766	0.842655747555543
PA14_RS24555	197.176058630692	0.0987813864129113	0.243438532314579	0.405775476354182	0.684907579257152	0.843660991667751
PA14_RS01830	39.0158238955266	-0.145659950941289	0.360897223734981	-0.403605074690881	0.686503153378873	0.844550813976145
PA14_RS02060	58.7936217945039	-0.120446559231584	0.29829778118725	-0.403779601551836	0.686374797904908	0.844550813976145
PA14_RS22340	27.1734028688444	-0.182832599125983	0.452260264026554	-0.40426412326874	0.686018504678975	0.844550813976145
PA14_RS23190	158.253304545752	-0.0906029594159958	0.224349034458563	-0.403848225309523	0.686324331159853	0.844550813976145
PA14_RS25540	2194.22015925368	0.071156974958865	0.175980711609674	0.404345307551044	0.685958812610428	0.844550813976145
PA14_RS31535	13.0718277502885	0.287673791341132	0.714605006421453	0.402563358437304	0.687269469704678	0.844634092882293
PA14_RS20360	136.508265302752	0.0991523337005021	0.246292341249599	0.402579849610584	0.687257335819287	0.844634092882293
PA14_RS20625	133.800421083472	0.0958894354196729	0.237901903343295	0.403062918253763	0.686901939035021	0.844634092882293
PA14_RS25870	24.7374989824366	-0.17368290813692	0.431072787300131	-0.402908541791097	0.687015507296551	0.844634092882293
PA14_RS18595	82.6187299001853	-0.105916202712745	0.263436084098609	-0.40205654846091	0.687642409918593	0.844877717064613
PA14_RS06545	513.287341581534	-0.0620653046592421	0.154622325501478	-0.401399373977523	0.688126110225346	0.845257269253181
PA14_RS09135	41.9019719139686	-0.135169696266404	0.337789169524446	-0.400159947273329	0.689038712938795	0.846163335645509
PA14_RS04880	177.152066198943	0.0783951590877075	0.196088816065096	0.39979413747739	0.689308149061445	0.846279311719002
PA14_RS17970	41.6833247849056	0.142684861966481	0.357200383420512	0.399453272138584	0.68955924788701	0.846372721518168
PA14_RS05995	267.493836514807	0.0797654195188584	0.1999200097382	0.398986672836366	0.689903024206088	0.846380836247944
PA14_RS16980	33.0688063492476	0.171923333412106	0.430918802020621	0.398969208597862	0.689915892574316	0.846380836247944
PA14_RS11590	27.9662171574706	-0.168430259164849	0.422823262903742	-0.398346718220168	0.69037462758225	0.846728810293624
PA14_RS27570	605.361271530061	-0.055104247393656	0.138468745337519	-0.397954406673786	0.690663794182099	0.846868688809491
PA14_RS12025	18.4050501626028	-0.223350539844021	0.562460422722027	-0.397095565876646	0.691296989626756	0.84721546929422
PA14_RS24980	186.066342611325	0.0896659118784791	0.225718267584506	0.397247032054725	0.691185302831916	0.84721546929422
PA14_RS11810	69.9593310181387	0.115665677523278	0.29146535222582	0.396841945843576	0.691484016771004	0.847229973424012
PA14_RS20745	80.32927599355	0.102474873077151	0.259277673539956	0.395232152765206	0.692671565786271	0.848470033470721
PA14_RS18215	46.881861298032	-0.132727469018947	0.336060767251778	-0.394950800429218	0.69287919788464	0.848509445674885
PA14_RS18415	57.2736595222668	-0.129225559996693	0.328160650786472	-0.39378749306777	0.693737938992436	0.849131023276999
PA14_RS26420	178.746804744682	0.0745216321150902	0.18917827664835	0.393922777156985	0.693638053480957	0.849131023276999
PA14_RS15715	29.8998298928739	0.156274869974696	0.397141853505697	0.393498868465282	0.693951059561595	0.849132322748364
PA14_RS20970	31.3179627327296	0.165576021257053	0.420980436125108	0.393310489155003	0.694090172006675	0.849132322748364
PA14_RS02315	107.622492295265	-0.088961846602321	0.227053703204093	-0.391809714384423	0.695198816774729	0.85027351490202
PA14_RS19265	11.9099743259285	-0.253011313684811	0.646280363488379	-0.391488474629108	0.695436206187057	0.850348797249206
PA14_RS07230	213.591574719734	-0.0723242608912284	0.185325632048373	-0.390255034297418	0.696347969828186	0.850818287541462
PA14_RS24675	106.668611203249	0.0956913154774633	0.24507415881305	0.390458610328066	0.696197455396437	0.850818287541462
PA14_RS27375	760.516765278641	-0.0588466903977249	0.150785346497214	-0.390267965453871	0.696338408790588	0.850818287541462
PA14_RS05125	15.7341969773126	0.209025109888455	0.53628215381218	0.38976704408788	0.696708815251665	0.851044160282155
PA14_RS12675	28.6216658448698	0.19248773758403	0.496047658529919	0.388042830712041	0.697984337816637	0.852386933757894
PA14_RS25105	39.5350073114638	0.143911658877069	0.371333366830698	0.387553804026134	0.698346260979426	0.8526136122435
PA14_RS00895	57.8530339618909	0.134692361043539	0.347783554046736	0.387287896383503	0.698543085038315	0.85263865705333
PA14_RS05035	14.2471018912909	0.215188586045741	0.557671312997621	0.385869921995896	0.699593007499754	0.853556844714454
PA14_RS11535	43.2556678149217	-0.131253974122892	0.340421135158791	-0.385563528720588	0.699819948355943	0.853556844714454
PA14_RS15555	13.0112945103898	-0.247437786052704	0.641767177432229	-0.385556935215549	0.699824832359969	0.853556844714454
PA14_RS01885	20.5201528221541	0.179719928541098	0.46695294055146	0.384878031453991	0.700327782861232	0.853739641521785
PA14_RS27255	778.308123272737	0.0710263882081304	0.184448865905402	0.38507359673633	0.700182889257463	0.853739641521785
PA14_RS27815	322.53080668958	-0.0683748060384412	0.178450506504906	-0.383158374709131	0.701602339337226	0.855077851067244
PA14_RS21065	130.901425221639	0.0880914790056861	0.230756843905595	0.381750233339667	0.702646635976808	0.8561348278115
PA14_RS00300	24.0372631041171	0.189433091583384	0.498130923651247	0.380287756870943	0.703731822674823	0.856135436927256
PA14_RS05175	29.4417616088887	-0.177459116759396	0.466152965778207	-0.380688593202752	0.703434333984112	0.856135436927256
PA14_RS05295	74.6315682306631	0.114572435398146	0.301443311645024	0.380079540570684	0.703886372461284	0.856135436927256
PA14_RS20265	120.74186050632	0.0901004689019889	0.236801744079308	0.380489042647477	0.70358242874363	0.856135436927256
PA14_RS22745	16.6104949212886	-0.246621441408056	0.646618728678597	-0.381401636652315	0.702905246763221	0.856135436927256
PA14_RS23550	296.758706044105	-0.0612688795168988	0.160813287599914	-0.380993886956214	0.703207784576074	0.856135436927256
PA14_RS27950	17.5933917349887	-0.206886943817726	0.542747314722128	-0.381184647451727	0.703066240264753	0.856135436927256
PA14_RS11105	42.3150369374746	-0.131459205703678	0.346137726228621	-0.379788724956408	0.704102252550313	0.856182673707145
PA14_RS06440	494.746395711647	0.0545354163452198	0.143795448980471	0.379256900909473	0.704497101209542	0.856447456372384
PA14_RS31785	17.2053997025232	0.209941126628599	0.554339409376386	0.37872307665222	0.704893515007458	0.856714008186999
PA14_RS01585	213.845064933414	-0.067747085615576	0.179361816852854	-0.377711860887064	0.705644655717523	0.8571288182743
PA14_RS05320	36.1191215995979	0.145502771711395	0.38506321739424	0.37786723098619	0.705529226652795	0.8571288182743
PA14_RS24965	162.238833768942	0.0746035422844848	0.197600245930967	0.377547821021174	0.705766533161344	0.8571288182743
PA14_RS09830	552.656335443341	-0.0595418803464948	0.157889860407578	-0.377110222232086	0.706091694839268	0.857308419845017
PA14_RS05845	910.510664908608	0.054433566070688	0.144554540481501	0.376560749246433	0.706500061625269	0.857588930225853
PA14_RS03175	360.811448337716	0.0617560018035111	0.164375694359728	0.375700325063639	0.707139696198423	0.857893002611083
PA14_RS04575	50.9738233356354	-0.129903072323602	0.345733310630707	-0.375732011724948	0.707116136839662	0.857893002611083
PA14_RS05585	32.2354882103245	0.144557256139236	0.385317476986115	0.375164026480028	0.707538482242508	0.857893002611083
PA14_RS11860	62.1480222339776	-0.11222584358966	0.299244326051914	-0.37503081535518	0.707637549093385	0.857893002611083
PA14_RS20275	137.374066900874	0.0794353331067604	0.211758348599566	0.375122556593848	0.707569322161819	0.857893002611083
PA14_RS26460	13.3537723383947	-0.247027010009699	0.660195754872027	-0.374172369614195	0.708276079260136	0.858451909599504
PA14_RS16265	70.6602761267682	-0.105185299983828	0.281442654653011	-0.373736170565583	0.708600611997028	0.858630057533858
PA14_RS23750	50.738369530354	0.11599028855819	0.311360930472695	0.372526791919907	0.709500668042811	0.859505318300359
PA14_RS03800	46.7004892509311	-0.128559233869362	0.345750643967237	-0.371826448084778	0.710022070554661	0.859691057676127
PA14_RS14780	40.0505885043525	-0.14109024205992	0.379678453381778	-0.371604553282483	0.710187298473145	0.859691057676127
PA14_RS21195	332.207956860645	0.0645211996751681	0.173528232573534	0.371819609514128	0.710027162506414	0.859691057676127
PA14_RS25850	79.8717996679541	0.0982644447103364	0.264841169028846	0.371031607626054	0.710613989836274	0.859992306018074
PA14_RS03515	1165.89017424123	-0.0485941746195142	0.131190830286266	-0.370408316751094	0.711078277948958	0.860338892209447
PA14_RS17730	148.302759504349	-0.0757891980855388	0.204852943471902	-0.369968802014963	0.711405736046853	0.860519794778034
PA14_RS05120	74.1662826164119	-0.107744087159732	0.291728459357592	-0.369330052326718	0.711881727994138	0.860880229202214
PA14_RS06650	91.7027139800349	-0.0930804296589098	0.253157214636904	-0.367678360628246	0.713113077723275	0.862153710967439
PA14_RS03885	17.8336741830588	0.199373041238557	0.544827169563429	0.365938140343322	0.714411235412985	0.862216873487313
PA14_RS04540	12.8014458459815	0.239996629133934	0.655245412946542	0.36626983477031	0.714163736368092	0.862216873487313
PA14_RS07780	49.7340684052125	-0.115693054035797	0.317192425539709	-0.364740910313175	0.715304817293445	0.862216873487313
PA14_RS08845	65.9905832743624	-0.1011605870971	0.277132669322493	-0.365025846084503	0.715092113087584	0.862216873487313
PA14_RS09205	65.0114782574789	0.110658697886988	0.30168633618117	0.366800496461778	0.71376783728991	0.862216873487313
PA14_RS10245	518.826860970065	0.0639827977290219	0.175233083868254	0.365129667963422	0.715014615679578	0.862216873487313
PA14_RS14170	299.02408983471	-0.0593446425163724	0.162700810695973	-0.364747060955127	0.715300225613223	0.862216873487313
PA14_RS19290	28.6763742118584	-0.155384077812418	0.425517191490191	-0.365165217574999	0.714988080495593	0.862216873487313
PA14_RS23745	61.1210805003554	-0.113494061918751	0.311013852697381	-0.364916420713843	0.715173796377669	0.862216873487313
PA14_RS30955	126.356984286438	-0.0876522168655326	0.240176984538609	-0.364948444306254	0.715149891232826	0.862216873487313
PA14_RS25205	79.325390070477	0.101888065939569	0.278270017500312	0.366148199704825	0.714254492806757	0.862216873487313
PA14_RS27180	498.242572493527	-0.0555153413744004	0.151999006408701	-0.36523489650405	0.71493607127254	0.862216873487313
PA14_RS11950	47.9195553359934	-0.118754564006289	0.32591699023491	-0.364370583812445	0.715581298609867	0.862335200617323
PA14_RS04895	584.678067104281	-0.051599096546902	0.141766282769241	-0.363972981014759	0.715878185614099	0.862478053221172
PA14_RS23730	490.941012571142	0.0535732205604973	0.147430573216887	0.363379314015724	0.716321552236989	0.862797266903632
PA14_RS14390	60.849277213007	0.108183753129121	0.298239092284488	0.362741692581084	0.716797851763031	0.863155978866041
PA14_RS10440	178.877802001907	-0.0718776057748018	0.198393950915183	-0.36229736563657	0.717129826571751	0.86334076208638
PA14_RS17570	55.8432254230373	-0.107852589747758	0.297898179427353	-0.362045145610095	0.717318294238567	0.863352730447414
PA14_RS12145	27.2275252638409	0.179344101768382	0.496501211402288	0.361215839256168	0.717938102360347	0.863668821645433
PA14_RS23125	14.7033150463815	-0.234307496229882	0.648517484643229	-0.361297115001891	0.717877350168131	0.863668821645433
PA14_RS21960	14.0186179317416	0.212855580750998	0.590130973731112	0.36069210095043	0.718329630306912	0.863924917225622
PA14_RS09260	64.0867084790363	-0.101742963472548	0.282457215771647	-0.360206635877918	0.718692612620103	0.864146562563604
PA14_RS15140	48.030043701155	0.13075951719016	0.363384057861104	0.359838342826092	0.718968027744789	0.864185795892488
PA14_RS28500	48.6569353011037	0.131768201021277	0.366343233656882	0.359685095602697	0.719082639096644	0.864185795892488
PA14_RS17190	17.2572903288911	-0.191896240437268	0.535890730118263	-0.358088374461934	0.720277178829115	0.865405273106308
PA14_RS22915	81.2770855002909	0.103558669776567	0.289390943574898	0.3578504168005	0.720455258380066	0.865405273106308
PA14_RS02225	210.55924058898	0.0666954896701367	0.186811827593897	0.357019630551034	0.721077109847015	0.865436526407701
PA14_RS04225	89.5846398313228	0.109484806341426	0.307053181421956	0.356566265929584	0.721416535434907	0.865436526407701
PA14_RS05395	555.5629722863	-0.0494492476569033	0.138785251008503	-0.356300451939764	0.721615570905471	0.865436526407701
PA14_RS09535	52.2958568461855	-0.108725139399344	0.305239278378352	-0.35619642392345	0.721693469851477	0.865436526407701
PA14_RS18815	39.3776635403292	0.131293123737957	0.368653518621686	0.356142331772209	0.721733976634048	0.865436526407701
PA14_RS19690	85.932885366303	0.0905630860963183	0.253779378197399	0.356857545871497	0.721198453300141	0.865436526407701
PA14_RS23210	62.1302904842352	-0.102374964980643	0.286979748924698	-0.356732366531917	0.721292172657082	0.865436526407701
PA14_RS04915	25.0742352376887	0.163025163096283	0.458459705360125	0.35559322049519	0.722145221496996	0.865672656644733
PA14_RS28920	38.2574111975971	0.145011984369112	0.408023124850965	0.355401386678953	0.722288910165736	0.865672656644733
PA14_RS24365	26.746979459628	-0.153674912429234	0.434135479373962	-0.353979160263148	0.7233545011082	0.866624249949877
PA14_RS24800	70.3811437753176	-0.094171772202852	0.266124683253004	-0.353863351011763	0.723441293847736	0.866624249949877
PA14_RS18100	30.1773108598536	-0.156913937958711	0.445940128256302	-0.351872208882097	0.724934102095721	0.868061442707834
PA14_RS25400	177.289526481227	-0.0660769037641684	0.187833578636847	-0.351784298865539	0.725000034552718	0.868061442707834
PA14_RS04885	255.363520922887	0.0628284710679577	0.179526000371465	0.349968644864569	0.726362229201672	0.869323833293116
PA14_RS26735	179.341808124593	0.0775962539794961	0.221767072207218	0.349899798952076	0.726413897919248	0.869323833293116
PA14_RS16820	37.7654058933954	-0.139240926478784	0.398508139722486	-0.349405476575079	0.726784922399238	0.869489655955475
PA14_RS22190	13.3925181090182	-0.204558355242692	0.585795565338445	-0.349197514195089	0.726941032272692	0.869489655955475
PA14_RS23540	104.059733264753	0.0801686074095539	0.229816013737381	0.348838212384822	0.727210773920408	0.869489655955475
PA14_RS26410	664.820105036675	-0.0511515746694304	0.146668178400782	-0.348757141645646	0.727271641509491	0.869489655955475
PA14_RS04405	24.6959856328171	-0.148717977550205	0.427532711647307	-0.3478516929785	0.727951565640181	0.869696921387098
PA14_RS16395	36.0041904170746	-0.133470936402468	0.383749100693805	-0.347807815474114	0.727984519804585	0.869696921387098
PA14_RS21240	150.266508962793	0.0709447139110079	0.203809562253512	0.348093156800769	0.727770223432106	0.869696921387098
PA14_RS28180	596.1986692079	0.0482233896417753	0.138901977435824	0.347175688438675	0.728459334091784	0.870049231827086
PA14_RS00800	24.2225434348876	-0.176196886852097	0.508932983617421	-0.346208425320984	0.729186083319828	0.870272433103329
PA14_RS10100	136.109313454279	0.0741060013219356	0.213850680619548	0.346531519596958	0.728943300640041	0.870272433103329
PA14_RS24255	14.6134250203162	0.209689877108553	0.605567097714924	0.346270261214335	0.729139615882247	0.870272433103329
PA14_RS12010	19.450480275837	0.178461115993118	0.515878737023326	0.345936172951917	0.729390682959034	0.870301836365628
PA14_RS17585	81.6246919573193	-0.0884396507682827	0.256427369623482	-0.344891619401395	0.730175851248439	0.870379693526608
PA14_RS24500	44.1365011994883	-0.112092788742561	0.324934179883826	-0.344970753100328	0.730116358246031	0.870379693526608
PA14_RS25285	61.3877058017059	0.122136963139827	0.353727204962835	0.345285749657449	0.729879558791915	0.870379693526608
PA14_RS29300	95.3175656146408	0.0820003881761837	0.237589293781479	0.345135030586028	0.729992859020964	0.870379693526608
PA14_RS06275	21.05216866281	0.159983609876797	0.465255421385345	0.343861892894079	0.730950151292591	0.870839635247348
PA14_RS06565	68.7666058353526	-0.111219029891478	0.323630914546711	-0.343660092075119	0.731101927027343	0.870839635247348
PA14_RS24745	2191.14556913562	0.0454029654654847	0.13206928067556	0.343781424667717	0.731010670717327	0.870839635247348
PA14_RS24590	152.103255889977	0.0766373189535802	0.223535706956069	0.342841508397769	0.731717697134334	0.871358479030199
PA14_RS18135	142.31576541889	-0.0756052572848806	0.220951188054854	-0.342180813556479	0.73221482325343	0.871403985328399
PA14_RS18865	99.1661270594954	0.0812145428623246	0.237419233394584	0.342072298444956	0.732296483948431	0.871403985328399
PA14_RS24130	41.1330402788167	-0.119395921063663	0.348718970972371	-0.342384358186014	0.732061658333007	0.871403985328399
PA14_RS09605	12.8869764555732	-0.231142514070734	0.67739674871019	-0.341221764808948	0.73293663952371	0.871813260489117
PA14_RS16620	128.941651437396	-0.0713604955638307	0.209184703214946	-0.341136299486034	0.733000975423646	0.871813260489117
PA14_RS21455	196.982039161054	0.0617535495391108	0.181168404767781	0.340862688603267	0.733206954641249	0.87184382410747
PA14_RS04335	142.932280144102	0.0740681341748457	0.217562779144836	0.340444879707743	0.733521525790673	0.871981815805047
PA14_RS10130	102.656455036067	-0.0851073381725976	0.250567176836799	-0.33965876635163	0.734113517129499	0.871981815805047
PA14_RS13160	14.5862433350727	-0.189529215911179	0.55785880633931	-0.339744060248644	0.734049277967378	0.871981815805047
PA14_RS19890	12.9046820612291	-0.494799248225474	1.45660965279975	-0.339692413320494	0.734088175667517	0.871981815805047
PA14_RS25815	160.876913550568	0.0722885531880791	0.212919407392425	0.339511339400107	0.734224556236177	0.871981815805047
PA14_RS11010	1991.25254071862	0.045724521562786	0.135033479109608	0.338616185143768	0.734898888226737	0.872568382878591
PA14_RS08750	195.674614555974	-0.0724091726803814	0.214983565205599	-0.336812595935569	0.736258177141957	0.873753262492885
PA14_RS14335	23.1146705321268	-0.174275865823381	0.517314460022149	-0.336885742215518	0.736203033787619	0.873753262492885
PA14_RS08060	46.9437914061977	0.110390101488879	0.328781480189069	0.335755229964286	0.737055453473071	0.873916486774241
PA14_RS10725	70.3479259945343	0.104055563967669	0.309892725140647	0.335779305307804	0.737037297001736	0.873916486774241
PA14_RS22270	14.8236061932719	-0.188223154512189	0.559931909775029	-0.336153648731707	0.736755004004978	0.873916486774241
PA14_RS31055	79.518066865509	-0.0938731412364344	0.279657718905311	-0.335671554512746	0.737118558633608	0.873916486774241
PA14_RS05455	19.8784722426226	-0.165464298932998	0.493419586245821	-0.335341975765356	0.737367132876374	0.873942643234142
PA14_RS20240	84.215008094096	-0.0841934765465206	0.251201506239134	-0.335163103944017	0.737502052737496	0.873942643234142
PA14_RS07510	475.197557567109	0.0496373208112253	0.148375961679511	0.334537483358934	0.737974010911156	0.874287681716401
PA14_RS06830	138.6083726432	-0.0722764318624205	0.218390593184804	-0.330950297851243	0.740682028461815	0.877280991829865
PA14_RS26250	62.6453063767915	0.0989630636546521	0.299396002311099	0.330542368270571	0.740990184612079	0.877303640297026
PA14_RS27795	31.73178023239	0.14906558446884	0.451105995641048	0.330444697940689	0.74106397241798	0.877303640297026
PA14_RS15570	98.7292673515524	-0.0939312395226329	0.284855419104507	-0.329750579497214	0.741588432342395	0.877709657074846
PA14_RS22905	199.004459215872	0.0635047327625043	0.192867685722459	0.329265799631615	0.741954792071704	0.877928400895219
PA14_RS12860	22.4607663239458	0.182230635755578	0.554530937170939	0.328621224787327	0.74244200324904	0.878290001886584
PA14_RS05630	68.3121616899206	0.0989266854894338	0.302021774322161	0.327548189899416	0.743253300956318	0.878390264766558
PA14_RS07600	73.9242565337612	0.0876142674506412	0.26700108084343	0.328141995432664	0.742804302561597	0.878390264766558
PA14_RS08080	80.2235651833782	-0.10925600670118	0.333432969811136	-0.32767007642665	0.74316113090249	0.878390264766558
PA14_RS23155	35.3233887762526	-0.123774461029641	0.377804819955545	-0.327614827794429	0.743202909218239	0.878390264766558
PA14_RS08810	72.8348468243963	-0.0951840883460774	0.291517709458591	-0.326512198942747	0.744036861182586	0.878706491296909
PA14_RS11030	26.2341682505123	0.148177593000353	0.453216846861231	0.326946348147827	0.743708464952862	0.878706491296909
PA14_RS23720	1034.44255150163	-0.0435721130731043	0.133462855861926	-0.326473705299563	0.744065980533673	0.878706491296909
PA14_RS10985	46.0386302058141	-0.122813571908483	0.376722954209848	-0.326005013859791	0.744420561678908	0.878743089789866
PA14_RS22575	90.4188437058458	0.090665877986087	0.278156826177	0.325952374537066	0.74446038851718	0.878743089789866
PA14_RS22085	132.237587328365	0.080584811515102	0.247687880411549	0.325348222049482	0.744917538352478	0.879068134571153
PA14_RS22180	31.0153031255384	0.127246744385443	0.39180283440202	0.324772393695545	0.745353339542327	0.879367833624467
PA14_RS15285	53.7474436851701	0.098828353978163	0.305032211083344	0.323993173137902	0.745943202753542	0.879634559501617
PA14_RS16535	22.9822093281716	-0.170277667160224	0.52546505119674	-0.324051365114423	0.745899146781536	0.879634559501617
PA14_RS02520	38.8382847945306	-0.11982239793829	0.370905200909513	-0.323053970784093	0.746654368712554	0.879801465178391
PA14_RS16635	223.841616917602	0.0623499297859161	0.193127758075933	0.322842922255649	0.746814204809452	0.879801465178391
PA14_RS17445	23.5824511253372	-0.143833106376771	0.445848917517616	-0.322605036651429	0.746994378830123	0.879801465178391
PA14_RS23065	275.042793944887	0.0606691965871047	0.187547689622097	0.32348677133454	0.746326624398744	0.879801465178391
PA14_RS29125	14.3387594529607	0.191642385431273	0.593728559577513	0.322777778396988	0.746863543245866	0.879801465178391
PA14_RS07085	14.6919765835491	0.178562563148099	0.554603463147088	0.321964385391409	0.747479675389784	0.879819661287934
PA14_RS08445	37.5365655744247	-0.115161316764906	0.358197150844208	-0.321502604064524	0.747829539169942	0.879819661287934
PA14_RS11700	451.320963026847	0.0492659661577098	0.153090442171591	0.321809549040887	0.74759697973431	0.879819661287934
PA14_RS23605	150.127180274146	0.0698452435375832	0.21711231945151	0.321700968945627	0.747679243729493	0.879819661287934
PA14_RS27670	130.54300555883	0.0785776025203503	0.244497634182569	0.321383897161458	0.747919484606016	0.879819661287934
PA14_RS05655	12.9876190564426	-0.216993049102661	0.676599491349457	-0.320711221153706	0.748429242890625	0.879888253422171
PA14_RS23555	424.923048686529	-0.0531670753219844	0.165843055758558	-0.320586684071881	0.748523629979076	0.879888253422171
PA14_RS27525	209.077683396571	0.0577683779892719	0.179986536146625	0.320959440778454	0.748241127617813	0.879888253422171
PA14_RS18690	44.1141568674413	-0.114168300570367	0.356923804353101	-0.319867431586103	0.74906882763603	0.880315151992185
PA14_RS27265	222.235620017058	0.0560358166250368	0.175413308236142	0.319450201290322	0.749385148186229	0.880472929210059
PA14_RS13175	41.5936672833485	-0.10955688523316	0.343351937629109	-0.319080433882696	0.749665520286556	0.880588403231913
PA14_RS07115	123.407242230664	-0.0729525326577625	0.229127453424298	-0.318392805259652	0.750186995119048	0.880986961727955
PA14_RS08005	12.2212547763967	0.200278319261203	0.629705412493112	0.318050814377261	0.750446392236612	0.881077628758499
PA14_RS07080	17.8346224862672	-0.16192700629029	0.509538165193935	-0.317791712871321	0.750642937269422	0.881094476853137
PA14_RS15885	480.936911318101	-0.0487671436316727	0.153865172626286	-0.316947251930236	0.751283627070874	0.881632521357618
PA14_RS13220	45.384924991908	-0.116335557747418	0.368134980059754	-0.316013321332668	0.751992396917919	0.882030613723316
PA14_RS18775	48.6221685765268	0.100745763588586	0.318996547654831	0.315820858655806	0.752138484904877	0.882030613723316
PA14_RS25900	34.3950919411279	0.12588017900729	0.398633402999289	0.315779305146475	0.75217002708746	0.882030613723316
PA14_RS01860	36.9489613632291	0.122109294054579	0.388683760190157	0.314161039285096	0.753398731835704	0.882253990871674
PA14_RS02755	26.3057246067088	-0.141377176801098	0.450121376126954	-0.314086787029691	0.753455124545081	0.882253990871674
PA14_RS06005	29.9180197915332	0.129028190094182	0.410298641407253	0.314473841910951	0.753161180602192	0.882253990871674
PA14_RS10515	83.1460511840449	-0.0886348866527758	0.281413978138619	-0.314962629927061	0.752790027836591	0.882253990871674
PA14_RS18090	717.440810844941	-0.044238685448728	0.140631472081135	-0.314571729884226	0.753086846483319	0.882253990871674
PA14_RS26810	115.521955578854	-0.0702363918005993	0.223086750797354	-0.314838920507656	0.752883959057438	0.882253990871674
PA14_RS07495	203.617169398436	-0.0577455108727742	0.184044771391025	-0.313757953764885	0.753704880895517	0.882332801745514
PA14_RS03520	4328.87920863356	-0.0384230131520176	0.123155350153289	-0.311988176755564	0.755049508777841	0.883246784388151
PA14_RS11355	259.316626152081	0.0548336078600829	0.175860665713174	0.31180143460571	0.755191433706826	0.883246784388151
PA14_RS17705	11.9822274674637	0.208833622293165	0.668572910695144	0.312357289612634	0.75476900556537	0.883246784388151
PA14_RS29080	42.7213742200731	0.11677440712998	0.374554412576015	0.311768873117415	0.755216181440241	0.883246784388151
PA14_RS02215	108.727885634045	0.0783641733480899	0.251646007625712	0.311406384259612	0.755491701091081	0.883355383577482
PA14_RS03480	210.759248715287	-0.0575627934535127	0.185028038452893	-0.311103084347769	0.755722256452459	0.883411368673941
PA14_RS07675	70.2494933945329	0.0855855282042898	0.276797104351094	0.309199506999653	0.757169768898151	0.884675767671287
PA14_RS12745	187.517421939609	0.0574447214922458	0.1857207336965	0.309306992002951	0.757088012735226	0.884675767671287
PA14_RS07300	25.0376565600724	-0.142814778775867	0.462971939385304	-0.308473941132339	0.757721726052043	0.884823988821602
PA14_RS10415	3278.81073127857	0.0446909332358564	0.144957452476	0.30830379861467	0.757851175860147	0.884823988821602
PA14_RS13835	23.9212223145998	0.149746732325803	0.486458701853288	0.307830308627033	0.758211457749529	0.884823988821602
PA14_RS17430	18.6676293942651	-0.149572348601519	0.484785473389373	-0.308533066297934	0.757676743346758	0.884823988821602
PA14_RS22350	30.1418280771897	0.127665411982218	0.414495246667856	0.308002113434413	0.758080724178755	0.884823988821602
PA14_RS27960	46.5693229596323	0.0983656854277968	0.320199803507645	0.307200954998238	0.758690418669397	0.885169328030206
PA14_RS10745	54.5267701116691	0.111171082903939	0.362377603075132	0.306782433463169	0.759008980006276	0.885327406490678
PA14_RS31715	436.377219697391	0.0473898844584254	0.154598721776544	0.306534775409866	0.759197506372807	0.885333769187097
PA14_RS18985	19.6345032105322	-0.155950864354779	0.509358176021198	-0.306171318526727	0.759474208955805	0.885442930209805
PA14_RS20135	23.3472066485664	-0.135302226830619	0.442518458512089	-0.305754989939979	0.759791201018708	0.885598999307416
PA14_RS22090	55.2741295754903	0.111472489414638	0.365322580757442	0.305134408016927	0.760263786207371	0.885936306047915
PA14_RS13795	10.7864781069433	-0.220276195324376	0.72301567227857	-0.304663098975684	0.760622757001361	0.886074401519742
PA14_RS15540	42.2632218936962	0.115129301113953	0.378095793919927	0.304497703929326	0.760748741751441	0.886074401519742
PA14_RS19145	36.1142786543465	0.114372928040042	0.376079375926043	0.304119117828291	0.761037142316326	0.886196874606731
PA14_RS24685	822.189352723251	0.0403524214101368	0.13326643524953	0.302795083657639	0.762046030323039	0.887158065152195
PA14_RS13890	14.3277979365508	-0.171051612728085	0.565774465929889	-0.302331800087425	0.762399138920207	0.887355532086191
PA14_RS22070	128.338735609957	-0.0701016990860192	0.232237109107558	-0.301853994632496	0.762763367716341	0.887565843666079
PA14_RS10850	11.0202198316599	0.21066733621005	0.699393835618077	0.301214173590587	0.763251182477081	0.88770628149571
PA14_RS27160	114.922888954001	0.0664140199432638	0.220413713627908	0.30131528047924	0.763174089923869	0.88770628149571
PA14_RS25810	290.619106837086	0.0550070436347449	0.183027052458038	0.300540509700643	0.763764901439253	0.888090181139752
PA14_RS00850	26.1830096659387	-0.135985856077949	0.453200612058985	-0.300056647011435	0.764133947029378	0.888092229712586
PA14_RS12740	41.4451765861329	-0.106746618857318	0.355672416682698	-0.300126222474398	0.764080878017676	0.888092229712586
PA14_RS04970	418.296074741071	-0.0443430834232148	0.148348686711196	-0.298911196359572	0.765007803996324	0.888467276687374
PA14_RS23200	131.479417817508	0.0661279616634731	0.221196938372453	0.298955139931125	0.764974274200406	0.888467276687374
PA14_RS27935	19.3863825676265	0.157684503740681	0.526787981052124	0.299332007206669	0.764686735266208	0.888467276687374
PA14_RS16965	200.201700420784	0.061356375087951	0.20577740230131	0.298168673536417	0.765574429834505	0.888911870991517
PA14_RS03015	820.025144922263	-0.0419741722545134	0.141173558261443	-0.297323186943977	0.766219781000075	0.889447638242046
PA14_RS11130	133.009964046909	0.0646991423897908	0.218045283455743	0.296723420770176	0.766677674709229	0.88976559512691
PA14_RS06325	14.7738048837597	0.164865337393311	0.558461417299806	0.295213478113573	0.7678308065418	0.890890062484679
PA14_RS16780	416.029435115253	-0.0496754235806149	0.168611262274413	-0.294615098128906	0.768287927206727	0.891206624123706
PA14_RS04545	406.751921859734	-0.0458703063301501	0.156022099642764	-0.293998776039913	0.768758838643928	0.891391141722782
PA14_RS23320	129.186209872622	-0.0620602525927639	0.211143561176517	-0.293924438173519	0.768815643533028	0.891391141722782
PA14_RS01165	79.12762393754	-0.0741098678118155	0.253241289225358	-0.29264527928487	0.769793300250254	0.891871599437514
PA14_RS10345	17.3667732933987	-0.162463990824799	0.555589890946886	-0.292417111023949	0.769967726975108	0.891871599437514
PA14_RS16335	22.2082545199296	-0.135816742556869	0.463571020895794	-0.292979363322625	0.769537925599203	0.891871599437514
PA14_RS19305	116.820034216718	-0.0710251237878356	0.242675841331221	-0.292674884315721	0.769770669084009	0.891871599437514
PA14_RS10120	15.047532524978	-0.20161174617318	0.690129415482681	-0.292136143816115	0.77018253265292	0.891906783503238
PA14_RS31195	13.9943568902669	0.164178343665125	0.564084068293112	0.291052970458676	0.771010807645132	0.892652206313588
PA14_RS11530	35.8284683323403	-0.129890001490794	0.446871359329726	-0.29066530843601	0.771307306396306	0.892781745747376
PA14_RS19645	33.8101615278552	-0.109664208827399	0.37763106903081	-0.29040038762926	0.771509947188623	0.892802609381234
PA14_RS04985	660.284121199259	0.0461039969502685	0.159449805328987	0.289144266154128	0.772470980089662	0.89348712262942
PA14_RS06490	31.5057093383387	0.120993017838685	0.418150276369648	0.289352954371185	0.772311292774938	0.89348712262942
PA14_RS02795	19.9163575561464	0.14962278891493	0.519120171375799	0.288223800894487	0.773175430992839	0.894088088063455
PA14_RS03960	37.5885144138487	0.102976018001529	0.358422887700461	0.28730313139932	0.773880225179421	0.894146629293601
PA14_RS08745	299.653698284803	0.0491428373500019	0.171115172755928	0.28719158306375	0.773965630732633	0.894146629293601
PA14_RS09690	487.596984074533	0.0550021935595139	0.191377930490631	0.287400921404605	0.773805355766879	0.894146629293601
PA14_RS27535	82.0285481433892	-0.088159986200181	0.306260948880501	-0.287859051316986	0.773454633050239	0.894146629293601
PA14_RS05975	45.2092522062558	-0.105024745602625	0.366411298397271	-0.286630750913022	0.774395066118886	0.894429075651047
PA14_RS11490	33.8543807080419	0.108123352039383	0.378092384656379	0.285970721514659	0.774900546361024	0.894799198233503
PA14_RS12405	140.802705446022	-0.0759043746538801	0.26577275397931	-0.285598781355102	0.775185436936235	0.894914483892011
PA14_RS02310	46.2386713971174	-0.113428309812857	0.39784466178333	-0.28510702972466	0.775562144529041	0.895019717162887
PA14_RS28020	506.921659979226	-0.0430105673711005	0.150916067201014	-0.284996608835639	0.775646739997862	0.895019717162887
PA14_RS15600	107.108799484808	0.0744322912388927	0.262114323048104	0.283968805570509	0.776434286526485	0.895714744666527
PA14_RS07290	53.3068961068044	-0.095285939870626	0.336055779291932	-0.28354203600186	0.7767613630913	0.895798211602797
PA14_RS19365	16.7907626172271	-0.152959772790789	0.539748123182397	-0.283391022999628	0.776877109069919	0.895798211602797
PA14_RS08800	1237.85553075877	0.0360042833062912	0.127323441333632	0.28277811948192	0.777346928169283	0.896126280006354
PA14_RS18405	55.8770651902509	0.101772906177881	0.360413396037388	0.282378255905127	0.777653486134124	0.896266029300435
PA14_RS05355	39.716802824258	-0.106266518020185	0.376845869696128	-0.28198933984834	0.777951684320878	0.896396079431919
PA14_RS07250	86.4598366195277	-0.072107415104217	0.257061707859558	-0.280506247720146	0.77908913280972	0.89675630179294
PA14_RS08815	34.0541605824375	0.111208656567299	0.396184509281972	0.280699153959475	0.778941157716234	0.89675630179294
PA14_RS11565	266.767383778883	0.06555920368988	0.233711292965895	0.280513632259298	0.779083468107972	0.89675630179294
PA14_RS11990	118.774695177546	0.0711096881646359	0.253361908002449	0.280664480013106	0.778967754919927	0.89675630179294
PA14_RS25970	35.413679867688	-0.10064276804468	0.359008957427338	-0.280334977616959	0.779220517902093	0.89675630179294
PA14_RS27730	34.8556013022239	0.11573139658151	0.413132952317675	0.280131119854414	0.779376909932946	0.89675630179294
PA14_RS24220	19.1685655599226	-0.139343364052087	0.499273107435516	-0.279092468584609	0.780173862786952	0.897459752720671
PA14_RS27280	18.3919662795956	-0.149584603496938	0.538101440526709	-0.277985881900856	0.781023196403206	0.898223110060857
PA14_RS19350	25.3686727163226	-0.120963082411763	0.436166547830905	-0.27733232411638	0.781524941539634	0.898586452041292
PA14_RS05045	42.6323315897198	0.0978210278582901	0.353360617701243	0.276830588803745	0.781910192237587	0.898815709451145
PA14_RS28155	492.350220039088	0.0470421742521335	0.170392905512436	0.276080592150594	0.782486166814841	0.899264045322379
PA14_RS11270	39.0867039443556	0.0987023357564183	0.358200449267131	0.27555056382079	0.782893284370218	0.899304494825267
PA14_RS16715	1248.6587108318	-0.0351287548236327	0.12741211488565	-0.275709690991002	0.782771051700415	0.899304494825267
PA14_RS06575	28.0369320180014	0.114675631932699	0.418166298411651	0.274234514757117	0.783904405496447	0.899493157908157
PA14_RS10885	57.631624351496	-0.0819744569368439	0.299303213509176	-0.273884319435584	0.784173522278906	0.899493157908157
PA14_RS12000	39.1559326726628	0.0985955231431474	0.359981991786694	0.273890153931838	0.784169038395653	0.899493157908157
PA14_RS20325	43.0382532700987	0.096824788448333	0.353160940770885	0.27416618677304	0.783956911900105	0.899493157908157
PA14_RS23100	25.9325986636658	-0.12622562827696	0.459545164230515	-0.274675131199169	0.783565838949716	0.899493157908157
PA14_RS23760	414.051064465259	-0.0440680777598365	0.160312947576769	-0.274887826753567	0.783402419854694	0.899493157908157
PA14_RS06790	87.2060098475877	-0.070088750701485	0.256285815445112	-0.273478852427928	0.784485146282347	0.899637222532945
PA14_RS10080	148.423565964438	0.0832200101939215	0.304810112680845	0.273022471144381	0.784835942081545	0.899644964902597
PA14_RS19030	11.2386301455171	0.17811200810517	0.652458341142992	0.272986023587574	0.784863959248151	0.899644964902597
PA14_RS06725	55.0390305829993	0.0815365094203666	0.299012879856736	0.272685609594586	0.785094897519786	0.899696427584286
PA14_RS13240	22.6319007735054	0.131735455941995	0.484316959521457	0.2720025664023	0.785620046017229	0.899871753325276
PA14_RS27360	129.743988756605	0.0590753196851538	0.217054709166663	0.272167878374818	0.785492939189841	0.899871753325276
PA14_RS05590	35.6010381090802	-0.102724864795453	0.380527001440277	-0.269954206683478	0.78719548377971	0.900044753905797
PA14_RS07855	83.8593524149066	-0.0687749256345323	0.253369525559588	-0.271441190421922	0.78605172539145	0.900044753905797
PA14_RS15840	13.8367817493756	-0.151250988655437	0.56146446391534	-0.269386574531711	0.787632216403915	0.900044753905797
PA14_RS16420	212.443675933595	-0.0537667125937225	0.198368611818312	-0.271044456584533	0.786356840139109	0.900044753905797
PA14_RS18955	19.2076197370654	-0.14518693231782	0.538414644027533	-0.269656358585959	0.787424637905451	0.900044753905797
PA14_RS23205	280.5608998321	0.048268032171871	0.177987757885283	0.271187371229097	0.78624692547454	0.900044753905797
PA14_RS23615	204.513528201385	-0.0516488432069401	0.191624722813714	-0.269531208961747	0.787520929232967	0.900044753905797
PA14_RS23735	551.680417637803	-0.0393298872822389	0.145536133776946	-0.270241391340774	0.786974551186316	0.900044753905797
PA14_RS27150	17.9759167614556	0.139406421442116	0.515495237688373	0.270432025846164	0.786827904574921	0.900044753905797
PA14_RS28895	79.282268315836	-0.0735825925134276	0.272442812602145	-0.270084542919773	0.787095213337297	0.900044753905797
PA14_RS09915	54.8139870269316	-0.0953019629001074	0.354143150446845	-0.269105763530535	0.787848295330954	0.900078988003897
PA14_RS05515	48.5245138796936	-0.0911651104744327	0.34368862827352	-0.265254951647339	0.790813065179471	0.901982409346542
PA14_RS09755	41.0931045540336	-0.0915598029425687	0.345188281432387	-0.26524597695679	0.790819978417977	0.901982409346542
PA14_RS11465	55.4046128437882	0.081551811355171	0.307271550236024	0.265406319890431	0.79069646812202	0.901982409346542
PA14_RS11960	35.1722868811773	-0.101605177376661	0.381244518782755	-0.266509214876238	0.789847063516311	0.901982409346542
PA14_RS19240	67.6954272501536	0.0773041934238738	0.291279345836528	0.265395382572915	0.79070489284343	0.901982409346542
PA14_RS25180	14.0103722541445	-0.165987159002628	0.625226755694273	-0.265483134704161	0.790637300426796	0.901982409346542
PA14_RS25630	3651.27525765806	-0.0304994563975588	0.114754802194733	-0.265779347044691	0.790409149988219	0.901982409346542
PA14_RS01310	13.400044185093	-0.180501695015913	0.685545456344412	-0.263296464655191	0.792322084383597	0.902393130330304
PA14_RS01605	296.602343980823	-0.0441001391120193	0.166949667484253	-0.264152302766214	0.791662562878839	0.902393130330304
PA14_RS06670	227.137581080256	0.0555180231443577	0.211205338340339	0.262862783585967	0.792656342198514	0.902393130330304
PA14_RS09235	106.5840322029	-0.0707540834382338	0.268958862475951	-0.263066562621859	0.792499275635223	0.902393130330304
PA14_RS17115	51.8856771875454	0.0835902308762869	0.31846119493902	0.262481684439741	0.792950104181583	0.902393130330304
PA14_RS20295	36.2743594012413	0.100226299158584	0.381602032710538	0.262646135416709	0.792823337118125	0.902393130330304
PA14_RS22065	929.002568654633	-0.0527563570520909	0.199792677911507	-0.264055507957394	0.791737146921242	0.902393130330304
PA14_RS23645	551.914982949508	0.0502052991398716	0.190442527988477	0.263624410315061	0.792069347018822	0.902393130330304
PA14_RS24760	35.1888357713791	0.107921732489757	0.411354196877321	0.262357193165925	0.793046071940403	0.902393130330304
PA14_RS26890	30.2690305979536	-0.109365490535529	0.414936387637875	-0.263571703504043	0.792109965020847	0.902393130330304
PA14_RS23235	30.9064406200158	0.11307037073925	0.431410096638404	0.262094864307319	0.793248306114124	0.90241091704726
PA14_RS05040	144.669932738531	-0.0593131855290592	0.226875273060939	-0.261435213846013	0.793756904283313	0.902777137609149
PA14_RS08190	10.7099450933351	0.168725623087714	0.647028144709552	0.260770144957842	0.794269768924034	0.903148037271721
PA14_RS02555	97.7804300184165	-0.0703678432846084	0.270609579371336	-0.260034561407925	0.79483711419576	0.903276686806981
PA14_RS25015	326.713900491584	-0.0428003009305147	0.164681805286075	-0.259896962242821	0.794943254559659	0.903276686806981
PA14_RS25805	234.189649417306	0.0548105877645454	0.210825912253228	0.259980318257611	0.794878955476755	0.903276686806981
PA14_RS00900	208.6394867108	-0.0603703372677074	0.233443681547057	-0.258607715863743	0.795937929329733	0.903333828411249
PA14_RS02055	187.275352426424	0.0540777419289665	0.209296073021019	0.258379152309923	0.796114304526208	0.903333828411249
PA14_RS04120	11.8610692656136	-0.158417798598155	0.611189977407526	-0.259195674755848	0.795484268147824	0.903333828411249
PA14_RS04975	960.364768066151	0.0353850186696764	0.13674390834348	0.258768519185474	0.795813848787444	0.903333828411249
PA14_RS05695	72.7959063309151	-0.0802020847676833	0.309599386122855	-0.259051175042891	0.795595755783391	0.903333828411249
PA14_RS18795	20.1650348837956	0.147887867001332	0.57034081862236	0.259297357251319	0.795405818307963	0.903333828411249
PA14_RS10600	34.0220405049816	0.103231686704065	0.400810052100578	0.257557629014154	0.79674833376446	0.903841178063554
PA14_RS10110	24.0581863054364	-0.11323042266088	0.441020814942326	-0.256746209758122	0.797374696685552	0.904083778736488
PA14_RS11255	83.4251934207106	-0.075091915169489	0.292819652891523	-0.25644424623817	0.797607826234591	0.904083778736488
PA14_RS15290	47.0427197864812	0.0939758835688363	0.366213965905899	0.256614690639581	0.797476233196658	0.904083778736488
PA14_RS15740	27.7042064714573	-0.116033810291566	0.452705456315107	-0.256311932345699	0.79770998425736	0.904083778736488
PA14_RS24110	36.0734710050975	0.0957839395090306	0.377799209618815	0.253531339056196	0.799857646978547	0.906305431299965
PA14_RS24945	146.228555180923	0.0559135416955669	0.220780808356279	0.253253632468534	0.800072224243843	0.906336209052056
PA14_RS01500	37.0234735112006	-0.0953201135353881	0.377732902874969	-0.252347923122121	0.800772149073875	0.906585722590661
PA14_RS02985	55.139195611096	0.083493539491998	0.332308147879645	0.251253362352817	0.801618230206634	0.906585722590661
PA14_RS10835	25.4856460450237	-0.124801249227387	0.496224089334409	-0.251501795075656	0.801426174517558	0.906585722590661
PA14_RS11045	18.8662273241762	-0.143265981571653	0.567909463671585	-0.252269051206554	0.800833108230447	0.906585722590661
PA14_RS20365	194.682174999577	-0.0455812540957136	0.180756215368673	-0.252169774647835	0.800909839614866	0.906585722590661
PA14_RS24890	105.91322484833	0.0681628295211205	0.27153441787045	0.251028322875965	0.801792211646041	0.906585722590661
PA14_RS26825	171.255127551034	0.0529845809714786	0.210820583184272	0.251325464388676	0.801562489107377	0.906585722590661
PA14_RS27715	37.55377266003	0.09888180225677	0.39307379833057	0.251560400812093	0.801380869975945	0.906585722590661
PA14_RS27740	65.5226812204431	0.0815510685593304	0.325528031141719	0.250519343213879	0.802185747798884	0.906818671424826
PA14_RS14105	21.4146509676769	-0.12064759528157	0.482083571633612	-0.250262822424622	0.802384105209717	0.906830926102873
PA14_RS06695	1033.6575046037	0.0349731475679083	0.140505841719365	0.248908850621036	0.803431288920608	0.90763779018679
PA14_RS20370	28.7271695597115	-0.124304224640807	0.499505819277152	-0.248854407383464	0.803473403595874	0.90763779018679
PA14_RS05115	26.5433202393893	0.102378702318401	0.413661897623475	0.247493672747177	0.804526187639688	0.908302081414565
PA14_RS10930	61.5859376826531	0.0814569853431184	0.329049362579822	0.247552478766338	0.80448068278453	0.908302081414565
PA14_RS11445	75.0931421365658	0.0914064425970433	0.370158104007145	0.246938920443787	0.804955494691154	0.908302081414565
PA14_RS13255	24.3469967901227	0.135499901139554	0.548580030228998	0.247001155114945	0.804907330115497	0.908302081414565
PA14_RS14650	19.3331953720183	-0.126814738457952	0.513668118615453	-0.246880687864705	0.805000562643264	0.908302081414565
PA14_RS14190	37.6924938261669	-0.0925647427141893	0.375462623374593	-0.246535172748311	0.805267980551924	0.908391871693283
PA14_RS12315	199.853640470698	0.0504658971301359	0.206023346675138	0.244952321882779	0.806493348446524	0.909561994656574
PA14_RS04610	186.294267901387	0.0461835866687883	0.188911738584401	0.244471767688246	0.806865464826863	0.90960732386419
PA14_RS24565	126.915197987393	-0.059438038349921	0.243185285874527	-0.244414616353839	0.806909722782749	0.90960732386419
PA14_RS10360	225.369197585996	0.045464837514051	0.186452641900094	0.243841208420164	0.80735380370592	0.909683829152337
PA14_RS16400	19.2677081986073	-0.122814325078356	0.5033503986842	-0.243993697828398	0.807235700847782	0.909683829152337
PA14_RS16825	13.4012423842984	0.151079675272549	0.621105434855223	0.243243202835224	0.807817000647601	0.909993714216585
PA14_RS09385	56.1272212458043	-0.0833716882628219	0.344097428045191	-0.242290937007156	0.808554735818852	0.910612646115503
PA14_RS08255	100.018295622422	0.0568145266451744	0.234978840493708	0.241785713665974	0.808946209369113	0.910629392111041
PA14_RS10755	31.9699163191988	0.102388703728378	0.423405758105411	0.241821708298277	0.808918317256282	0.910629392111041
PA14_RS30690	1700.34321730186	0.033447041153165	0.138605109658721	0.241311746987681	0.809313507096054	0.910739488822907
PA14_RS20945	38.2368963227576	0.0935021279686836	0.387696553613193	0.241173482449811	0.80942066231614	0.910739488822907
PA14_RS10840	81.0388350358058	-0.0678908664266546	0.281807224728476	-0.240912441091843	0.809622979492182	0.910755228849545
PA14_RS03060	280.987727227506	-0.0564119429909691	0.235161832729365	-0.239885624024246	0.810418925878353	0.910831431971968
PA14_RS06335	84.0495154301606	-0.0674406188094536	0.280761367568876	-0.240206191448007	0.810170414098264	0.910831431971968
PA14_RS13705	87.4330012739852	0.0626143430651674	0.260406312731703	0.240448637394129	0.809982476723397	0.910831431971968
PA14_RS23150	29.6171747668183	0.094690705980523	0.394786157673218	0.239853156297599	0.810444096727746	0.910831431971968
PA14_RS02365	103.143990540911	-0.0604055396589987	0.252707477740263	-0.239033447680898	0.811079646879904	0.910989725188604
PA14_RS05660	113.521249309061	-0.0557220790947911	0.233220246034768	-0.238924707619441	0.811163966402587	0.910989725188604
PA14_RS08370	83.9041457275187	0.0667575844011013	0.279671841992766	0.238699698637619	0.811338450452299	0.910989725188604
PA14_RS21900	14.4931318995689	0.133572548994847	0.558737051580857	0.239061556087832	0.811057851336803	0.910989725188604
PA14_RS02540	18.7126549644693	-0.122317300551439	0.514256407745484	-0.23785274954119	0.811995304230474	0.911515620069307
PA14_RS31205	29.5700876584865	-0.103316273874856	0.435427983782404	-0.237275227415071	0.812443279068277	0.911806845573031
PA14_RS15320	80.8448889933675	0.0614540861770802	0.259818698867286	0.236526802901398	0.813023911511302	0.912246783310593
PA14_RS01370	214.33710713718	-0.0473532086278708	0.20171133064336	-0.234757306279411	0.814397106381543	0.913575598807966
PA14_RS06050	17.0868199040957	0.129040200292828	0.552534787369325	0.233542218956387	0.81534038977195	0.913908189599102
PA14_RS06460	104.499005955846	-0.0596640733457507	0.255480339394395	-0.23353684861693	0.815344559410739	0.913908189599102
PA14_RS11555	30.6811131596885	-0.0982174251818776	0.419860623245823	-0.233928641420543	0.815040377388039	0.913908189599102
PA14_RS16615	56.5469281526201	-0.0750861823129739	0.321703697665953	-0.233401676318128	0.815449511604658	0.913908189599102
PA14_RS06535	35.0649289382143	0.101424760351137	0.43735186407256	0.231906546382776	0.816610599849956	0.914150199276478
PA14_RS09590	22.8374537365333	-0.125790644048497	0.541206691972966	-0.232426253987969	0.816206959453522	0.914150199276478
PA14_RS12385	15.7066072389943	0.128983871254237	0.556145902114515	0.231924519741725	0.816596639699942	0.914150199276478
PA14_RS12540	16.310287065509	-0.123109587822415	0.52868888979424	-0.232858284331127	0.815871452308821	0.914150199276478
PA14_RS17380	127.162297335355	-0.0563641528152616	0.242837324483347	-0.232106629140229	0.816455196159522	0.914150199276478
PA14_RS22360	49.2325754015182	-0.074250860435707	0.321203208555908	-0.231164753208818	0.817186811309223	0.91440439841006
PA14_RS25510	146.113917918294	0.0503864896505303	0.218003114827998	0.231127384075612	0.817215841589801	0.91440439841006
PA14_RS18945	23.394484883427	-0.111715956500815	0.486916905247727	-0.229435362167139	0.818530554060629	0.915663603848532
PA14_RS04860	162.339540040611	0.0491031132457137	0.21468560696673	0.228721030438353	0.819085748102584	0.915930622900759
PA14_RS09975	77.3130672948005	-0.0610420782295671	0.26748970819558	-0.228203464878488	0.819488067920918	0.915930622900759
PA14_RS20675	59.96653643138	-0.0713118381851249	0.312560669681678	-0.228153587774659	0.819526841458144	0.915930622900759
PA14_RS24920	491.417851631515	-0.087143060495343	0.381761042142263	-0.228265985461317	0.819439466200487	0.915930622900759
PA14_RS07750	52.2644501901662	-0.0741823747409245	0.325697042784877	-0.227764962514326	0.819828966646992	0.916039097089752
PA14_RS21805	30.8030544052052	-0.0872332063821496	0.383372811818695	-0.227541452322404	0.820002740136794	0.916039097089752
PA14_RS26455	10.7766076883298	0.158391614449903	0.697883827175041	0.226959858191663	0.820454956180494	0.916332602329992
PA14_RS06285	25.0138623321679	0.101826323312181	0.456631431956114	0.222994555753594	0.823539743709353	0.919353231897145
PA14_RS24740	67.5360919970611	-0.0647215295180352	0.290026357575727	-0.223157405620061	0.823413001406773	0.919353231897145
PA14_RS23635	443.413928021124	-0.0337696816991093	0.152681740630716	-0.221176949906449	0.824954656139254	0.920720220883783
PA14_RS31695	24.7717294402155	-0.0963714124102166	0.43722320668316	-0.220416965378632	0.825546433835432	0.920955606465547
PA14_RS20045	49.4017641695578	0.0782951827326858	0.355152962979248	0.220454820581803	0.825516954748498	0.920955606465547
PA14_RS08425	14.4217951283426	0.156477169879355	0.71274325407355	0.219542126824826	0.826227767722961	0.920991824457498
PA14_RS08550	38.4137775918972	0.0923493171513292	0.421392620543806	0.219152668198491	0.826531124513139	0.920991824457498
PA14_RS15360	11.0487565910364	-0.140750811767508	0.641893521176759	-0.21927439228468	0.826436308505144	0.920991824457498
PA14_RS18575	44.0608693511134	-0.0845188202099047	0.384189686004124	-0.219992423765893	0.825877055136566	0.920991824457498
PA14_RS25445	79.5382137572468	0.0566302707697606	0.257666962905327	0.21978087579108	0.826041814396905	0.920991824457498
PA14_RS22125	1428.37306558202	-0.0298617290993764	0.136718781545372	-0.218417168159638	0.827104090181059	0.921211512368732
PA14_RS27010	1007.87966747338	0.0281952416114294	0.129092866959066	0.218410530927086	0.82710926110526	0.921211512368732
PA14_RS13420	205.451098608898	0.0400190120419634	0.184425731764386	0.216992562041667	0.828214141480232	0.922229700252913
PA14_RS10995	9014.01903384131	0.037758457342495	0.174614923231574	0.216238432796605	0.828801897102885	0.922459372701853
PA14_RS13265	27.2643739445651	0.10016239872499	0.463083837058251	0.216294309387417	0.8287583445379	0.922459372701853
PA14_RS15365	16.82036144009	0.112608659347468	0.52158484103319	0.215897109134546	0.829067950541225	0.922543168158621
PA14_RS00915	50.6264450153112	-0.0704576252997805	0.327969878804243	-0.214829561655675	0.829900204089372	0.922620088960046
PA14_RS05290	124.996194833925	-0.0497289252101291	0.23101164281638	-0.215265882722873	0.829560027710876	0.922620088960046
PA14_RS08350	135.05199031951	-0.0524574125102172	0.244066225016646	-0.214931060234326	0.829821068186192	0.922620088960046
PA14_RS15720	14.24841487021	-0.12148736241351	0.56450092621547	-0.215211980656943	0.829602050562412	0.922620088960046
PA14_RS28860	262.606287489399	-0.057077099042854	0.266037342585201	-0.214545441208407	0.83012173486924	0.922654265646436
PA14_RS16510	78.0923478208577	0.0650916395787255	0.304198138707622	0.213977770722943	0.830564392104744	0.922934145270805
PA14_RS08885	322.611123872753	0.039654873236427	0.186869924350064	0.212205754212976	0.831946517757441	0.924257606219845
PA14_RS17590	26.390663832217	0.0961128439566868	0.45510737639775	0.211187181182243	0.832741213117361	0.924927998767928
PA14_RS09290	165.834657911391	-0.0475168821178801	0.225645413555741	-0.210582087041366	0.833213391346777	0.925239945017914
PA14_RS25265	59.7663276439809	0.0707433152776583	0.336397042942627	0.210297078294246	0.833435815488321	0.925274472842406
PA14_RS07860	47.8284716071512	-0.0775566305290538	0.371358189068792	-0.208845887372331	0.834568548157917	0.92625509007435
PA14_RS16190	18.7193512311518	-0.108416152265929	0.519546146040318	-0.208674730997843	0.83470216760629	0.92625509007435
PA14_RS04515	69.7020022378696	0.0640664406591528	0.307988632752664	0.208015601376439	0.835216785661503	0.926448454449934
PA14_RS27575	2039.94966782204	-0.03739162006063	0.179801279593555	-0.207960811764825	0.835259566046673	0.926448454449934
PA14_RS00950	18.6382977332566	-0.102994682209476	0.495846777340107	-0.207714735511592	0.835451711342562	0.926449088753182
PA14_RS23765	57.6714051770416	0.0613012732136987	0.295760458674231	0.207266628840402	0.835801634561922	0.926577207224045
PA14_RS27445	17.573417931925	-0.112435978747418	0.542969428700089	-0.207076076118316	0.835950445640717	0.926577207224045
PA14_RS20060	114.011464330804	0.0463086184669637	0.223962134380708	0.206769856855556	0.836189598153428	0.926629902994953
PA14_RS26255	13.9459144457613	0.135755869743691	0.657611399653038	0.206437829112021	0.836448923801212	0.926704924513783
PA14_RS06150	32.1916166289274	-0.0847642105472762	0.41196704985843	-0.205754830577846	0.836982426160795	0.927083603507468
PA14_RS05390	384.843366072139	-0.0315693977644952	0.155147099650416	-0.203480424936262	0.838759544276041	0.927297063938292
PA14_RS06595	63.4401083352651	-0.0636519050678469	0.310535471995794	-0.20497466733433	0.837591917334343	0.927297063938292
PA14_RS10955	10.879461967537	0.159416752365036	0.779549002392394	0.204498693316	0.837963813002718	0.927297063938292
PA14_RS11290	186.008863705634	0.0403836032088301	0.198252344021715	0.20369798605966	0.838589516093778	0.927297063938292
PA14_RS17715	35.1237627248	-0.0790428031049979	0.388799628236358	-0.203299585093601	0.838900879803563	0.927297063938292
PA14_RS19300	41.1482338884003	-0.0759159015888165	0.372985938291857	-0.203535559373858	0.83871645494536	0.927297063938292
PA14_RS20830	254.963451850536	0.0352074732235874	0.172415131546214	0.204201759485074	0.838195836456119	0.927297063938292
PA14_RS21145	14.1777482336755	0.126952935934831	0.622308549275396	0.204003200795895	0.838350997637171	0.927297063938292
PA14_RS25940	69.7604733938662	-0.0573374197223516	0.281586154599908	-0.203623007685941	0.838648112277466	0.927297063938292
PA14_RS02705	100.04806708464	-0.0564627251119228	0.279065080067042	-0.202328163374502	0.839660184061622	0.927924280192414
PA14_RS07150	22.9854545420775	0.0931639964837208	0.464615934571834	0.200518298128487	0.841075248755713	0.929275737487464
PA14_RS02295	19.6835485059082	-0.100154113198429	0.501816042629027	-0.199583322752534	0.841806471878036	0.929650594634329
PA14_RS11055	47.2581299623934	0.0683275368477158	0.343603790306212	0.19885559698519	0.842375704236482	0.929650594634329
PA14_RS22955	63.3318938273116	-0.0574752439764765	0.288799887921068	-0.199014079922999	0.842251730709467	0.929650594634329
PA14_RS23890	12.4635273239493	0.12898315036444	0.64593142892528	0.199685515502854	0.84172654258272	0.929650594634329
PA14_RS25750	379.573776006306	0.0344656673275498	0.173311097476681	0.198865899699164	0.84236764480352	0.929650594634329
PA14_RS12245	42.575644947757	-0.0728368369647759	0.368359448588109	-0.197733049183219	0.843253930691328	0.929672828966136
PA14_RS12565	80.0477757244524	0.058213971172214	0.294519964846556	0.19765713065511	0.843313332682045	0.929672828966136
PA14_RS12700	69.3976754557101	-0.0560319511318971	0.283560702211992	-0.197601256784896	0.843357051421513	0.929672828966136
PA14_RS14345	10.8919498315708	0.14937248954237	0.753181782933259	0.198321962807758	0.842793169119165	0.929672828966136
PA14_RS21665	239.357713341945	0.0386003138247032	0.194440545399758	0.198519880436168	0.842638331934902	0.929672828966136
PA14_RS10905	43.2406739893279	0.0682971827288774	0.346586046475115	0.197056931239674	0.84378298641893	0.929775315509561
PA14_RS16550	180.71222423506	0.0416893728287208	0.211630801250379	0.196991045643675	0.84383454503132	0.929775315509561
PA14_RS25335	62.225798810255	-0.0701761622952336	0.357256941600943	-0.196430507356301	0.844273219943356	0.929920361917328
PA14_RS29340	59.7295289504531	0.0580249707822289	0.29554601869505	0.196331424251396	0.844350766993174	0.929920361917328
PA14_RS23600	470.946819911541	0.0349525650709788	0.178807702837608	0.19547572345204	0.845020540961308	0.930446114774336
PA14_RS07265	191.777610894968	-0.0367621577058639	0.188601879377531	-0.194919360439011	0.845456077449374	0.930713769757608
PA14_RS05415	11.6576515055289	0.119328808463722	0.615227944901225	0.193958693607261	0.84620822536617	0.930906045921474
PA14_RS06270	25.3157634412133	-0.0848375515636715	0.436866652547508	-0.19419553099088	0.846022782016479	0.930906045921474
PA14_RS26690	2389.59714172165	0.0241575437920666	0.124549015641379	0.193960134230405	0.846207097334444	0.930906045921474
PA14_RS12495	359.104928984124	-0.030569092965649	0.158006712900428	-0.193467052155644	0.846593207140224	0.931117750677762
PA14_RS05235	16.3349329978492	0.129600155165469	0.672209444392462	0.192797284011087	0.847117730629929	0.931159803101489
PA14_RS05775	65.8014146126332	0.0561353624496011	0.291338879869629	0.192680642126177	0.847209084707723	0.931159803101489
PA14_RS25095	147.684225234333	0.0499976546384721	0.259405614783215	0.192739292402191	0.847163149477636	0.931159803101489
PA14_RS21795	11.6520125624915	0.133460603213953	0.694823292077644	0.192078482019338	0.847680729928947	0.931466487147555
PA14_RS07770	105.077273792097	0.0442182607108858	0.231547176140705	0.190968689179848	0.848550124089419	0.932209995478516
PA14_RS03775	49.0860044982417	0.0615907572695045	0.324745126244972	0.189658757874763	0.849576540598599	0.932963344759513
PA14_RS18745	43.1237757789121	-0.0631161053379722	0.332888876717505	-0.189601124436289	0.849621706021691	0.932963344759513
PA14_RS05885	70.0823547058242	-0.0513357125647467	0.272441237207271	-0.188428569371423	0.85054070567839	0.933204621699887
PA14_RS17615	32.4981911427651	-0.0788279655784759	0.419646787053893	-0.187843605647224	0.850999251798284	0.933204621699887
PA14_RS20035	60.7919583181449	-0.0567964398083746	0.301965896009482	-0.188088921825103	0.850806945214842	0.933204621699887
PA14_RS23560	597.099683466334	-0.0286958193934426	0.1519064769911	-0.188904515211183	0.850167654666309	0.933204621699887
PA14_RS25470	12.3030862860845	-0.128324599305832	0.682126855827204	-0.188124244353661	0.850779256149918	0.933204621699887
PA14_RS26605	70.9387335688182	0.0500453240034401	0.266178281026226	0.188014303084741	0.850865438889893	0.933204621699887
PA14_RS05165	49.9561715248302	0.0647240841106619	0.346448051220694	0.186821902685293	0.851800273395571	0.933871258703465
PA14_RS09750	73.6011934089189	-0.0512330345745224	0.274740595656854	-0.186477846319121	0.852070050223471	0.933955295303877
PA14_RS01915	692.127366934892	-0.0284065562976175	0.153150662752813	-0.185481118964964	0.852851688201559	0.934468826092102
PA14_RS17400	607.273650450804	-0.0267143575236578	0.144100010384773	-0.185387616921925	0.852925020341303	0.934468826092102
PA14_RS09360	222.326894135278	-0.0338783766065362	0.183070762331766	-0.185056183603697	0.853184968365607	0.934541904193901
PA14_RS04910	699.96861312768	-0.0262985495811039	0.142445131408774	-0.184622312612672	0.853525283855959	0.934702960309651
PA14_RS21505	18.1018834419723	-0.119909228470482	0.651618731106538	-0.184017467187997	0.853999752081018	0.935010822065611
PA14_RS15745	103.712787543874	0.0516421699863965	0.281305024049921	0.183580688474415	0.854342413992335	0.935119654424383
PA14_RS18305	18.7890908777219	-0.08956811788639	0.488381589208092	-0.18339781815204	0.854485887696722	0.935119654424383
PA14_RS19460	11.5592557225356	0.123851877042555	0.677488348486075	0.182810342523699	0.854946833209661	0.93520083361274
PA14_RS23940	71.7252345040761	-0.0557651787869948	0.304640306930649	-0.183052529551481	0.854756802258529	0.93520083361274
PA14_RS02545	18.0003187496321	-0.0976823661183998	0.540435151502698	-0.180747617631442	0.856565680827465	0.936547961221258
PA14_RS05490	40.9201356020427	-0.0637046404214763	0.352076313622691	-0.180939864332216	0.856414778036109	0.936547961221258
PA14_RS00135	57.0233697598604	0.0566183738847033	0.314879670922703	0.179809556199016	0.857302081135226	0.936620968803065
PA14_RS05060	253.565869182018	-0.0311348680830342	0.173172338664176	-0.179791231805285	0.857316467454714	0.936620968803065
PA14_RS20345	38.7977998416378	0.0731699570342019	0.407018723590085	0.179770494066736	0.85733274852705	0.936620968803065
PA14_RS21210	13.7383257693368	0.105333403896134	0.586241744204373	0.179675713879927	0.857407160647471	0.936620968803065
PA14_RS10880	92.7099104982218	-0.0433650938312589	0.241762414280943	-0.179370701439413	0.857646635142092	0.936670986347596
PA14_RS08355	119.289735530606	0.0400417895420735	0.224233805534885	0.178571600506704	0.858274095532865	0.936956872857386
PA14_RS18665	149.112796891824	-0.0384735949721862	0.215485423146996	-0.178543840276105	0.858295894697729	0.936956872857386
PA14_RS03965	18.3583627572746	-0.105290477052096	0.592504852692622	-0.177703991070463	0.858955450718502	0.937042309874729
PA14_RS10710	36.205072934409	0.0674936176227183	0.379484209892082	0.177856194970305	0.858835913612467	0.937042309874729
PA14_RS23995	19.9693474589669	0.094274478383071	0.529953028228219	0.177892140173738	0.858807683628071	0.937042309874729
PA14_RS27325	62.4048893943394	-0.0529081038138238	0.298566420775027	-0.177207147664106	0.859345681494146	0.937256589017973
PA14_RS11230	15.0393789485653	-0.0996827211613456	0.564034395485005	-0.176731635445087	0.859719190506713	0.93745253783325
PA14_RS23230	127.203942174585	0.0372500885261406	0.211552358095999	0.176079760402563	0.860231281349212	0.937597512697721
PA14_RS27810	273.182623931024	-0.0308173190059351	0.175029994737317	-0.176068787822254	0.860239901538417	0.937597512697721
PA14_RS07605	70.7040044487732	-0.0515186030144271	0.293953431893569	-0.175261104055013	0.860874473147038	0.937936073823737
PA14_RS18270	109.623465749815	-0.0418845605662626	0.239094815975778	-0.175179710171992	0.860938426737711	0.937936073823737
PA14_RS21810	577.315246027998	0.0303010516818649	0.17422508826677	0.173918991709556	0.861929126863464	0.938592492121529
PA14_RS24650	118.782279282992	0.0394722746628939	0.226763502755208	0.174068023219347	0.861812003293051	0.938592492121529
PA14_RS22900	108.269613920293	-0.0481947676078933	0.278979470187971	-0.172753814377167	0.86284494189096	0.939166810484961
PA14_RS23255	77.2510025522046	-0.0562717789910421	0.325365965681623	-0.172949186228363	0.862691369125449	0.939166810484961
PA14_RS06455	69.0622585478779	-0.0490601582631507	0.286406177031432	-0.171295740796004	0.863991229321513	0.939483673345422
PA14_RS13245	21.7633073345268	0.0873391340345405	0.509597292904607	0.171388536106077	0.863918268275438	0.939483673345422
PA14_RS16730	90.2169621985127	-0.0452505332579489	0.264394177763231	-0.171147994410344	0.864107398478172	0.939483673345422
PA14_RS19850	32.349822981393	-0.0715943618903914	0.417734038027986	-0.171387426862244	0.863919140420319	0.939483673345422
PA14_RS23315	176.152052956883	0.0352478693697356	0.205007499831367	0.171934536047361	0.863488995025665	0.939483673345422
PA14_RS25600	105.632559970277	0.0393677420012363	0.230354994800093	0.170900318594787	0.864302146146011	0.939484193922703
PA14_RS07145	18.0033047281003	0.0934925823039338	0.549722804171305	0.17007222839313	0.86495333384356	0.939801405505468
PA14_RS17980	132.316442537736	-0.0388646805353837	0.228568761609192	-0.170034961303394	0.864982641833093	0.939801405505468
PA14_RS03120	46.0282453238379	-0.0705550622434769	0.417484876776772	-0.169000282808334	0.86579641895019	0.940308774959641
PA14_RS03790	89.6913153924874	0.041706161572087	0.247221467731853	0.168699595365736	0.866032937069942	0.940308774959641
PA14_RS23665	25.5020388697502	-0.0729158484863362	0.431773103087786	-0.168875383771905	0.865894661984765	0.940308774959641
PA14_RS05180	75.1465616183503	-0.0501644339026494	0.301095309989278	-0.16660649381897	0.867679683791821	0.940829361169786
PA14_RS06540	31.3002855993419	-0.0656589602594236	0.393692665550441	-0.166777199589489	0.867545359495958	0.940829361169786
PA14_RS09615	16.5071317853548	0.0988199538000197	0.588994724698784	0.167777315578772	0.866758469054854	0.940829361169786
PA14_RS11935	43.4763341134934	-0.0549891537845068	0.329726219520102	-0.16677215983776	0.867549325101524	0.940829361169786
PA14_RS16450	22.3099287464595	0.0815274221065215	0.48822321503372	0.166988007935859	0.867379484718089	0.940829361169786
PA14_RS22685	140.768382207542	0.0393952846717123	0.235069005310431	0.167590298090074	0.866905604248873	0.940829361169786
PA14_RS01365	91.2577711094854	0.0415340794325933	0.255139537199848	0.162789663603019	0.870684046955616	0.942289625286397
PA14_RS05260	26.7411478544407	-0.0688223254452386	0.420130220450723	-0.163811889969269	0.869879231283259	0.942289625286397
PA14_RS30125	125.32150439919	-0.0376247847741275	0.231298388223146	-0.162667734363237	0.870780052813257	0.942289625286397
PA14_RS10900	23.7900574943662	0.0894144058138805	0.543132784816502	0.16462715621943	0.869237455277752	0.942289625286397
PA14_RS11825	20.8234437742789	0.0765324290618595	0.468047988144759	0.163514064797538	0.870113700076455	0.942289625286397
PA14_RS16765	220.951469912493	-0.0297701568290166	0.182588986910527	-0.163044646518603	0.870483282132213	0.942289625286397
PA14_RS31290	24.3869960946832	-0.0722276068876038	0.44187915798806	-0.163455563771024	0.870159757516139	0.942289625286397
PA14_RS26110	11.0656616673837	-0.128994305665467	0.7889919904931	-0.163492541394303	0.870130645246633	0.942289625286397
PA14_RS26170	126.474218126018	0.0402538820663515	0.246429107677298	0.163348731185865	0.870243867182601	0.942289625286397
PA14_RS02600	72.8140733486131	-0.0496879062638709	0.306171473773282	-0.162287837111384	0.871079192293094	0.942316878129333
PA14_RS05400	62.9727341745184	0.0466661719452318	0.288252469256702	0.161893398747171	0.871389801280889	0.942316878129333
PA14_RS09265	133.34260479207	0.0438988050638437	0.270853532687577	0.162075807645012	0.871246156996147	0.942316878129333
PA14_RS18250	39.1556696445183	0.0615991857041191	0.381495120896807	0.161467820504004	0.871724954281761	0.942468562241582
PA14_RS04815	140.173944164919	-0.037086688499888	0.23092768934633	-0.160598707781066	0.872409472728215	0.942980097550776
PA14_RS13180	30.3992112426648	0.0679468796519	0.424338031950222	0.160124416233968	0.872783067956425	0.942980097550776
PA14_RS18935	43.9282436276866	-0.0565322017303209	0.352572910908872	-0.160341875343147	0.872611773825288	0.942980097550776
PA14_RS22740	11.0563971757584	-0.10745237303743	0.675053791276769	-0.159176015935262	0.873530199439324	0.943576512059095
PA14_RS00615	13.5584729270008	0.0893670739163281	0.571197029781184	0.156455774902336	0.87567377639806	0.943643796203995
PA14_RS01115	18.5028068312332	-0.0764479385725756	0.486678448370247	-0.157081002515272	0.875181009503481	0.943643796203995
PA14_RS01670	102.041923709076	0.0385838761414101	0.247160651504566	0.156108490192652	0.875947506207383	0.943643796203995
PA14_RS02925	123.708143109338	0.0349407214216983	0.220178161045061	0.158692947819414	0.873910794593769	0.943643796203995
PA14_RS05880	138.895187664331	-0.0332570926344619	0.210332578899035	-0.158116696940354	0.874364843860772	0.943643796203995
PA14_RS08300	54.6655530751031	-0.0511359605046321	0.329209052578023	-0.155329752035032	0.8765613615263	0.943643796203995
PA14_RS10155	77.8986019166109	0.0470332835558277	0.29767423219417	0.158002535890135	0.874454800466756	0.943643796203995
PA14_RS10315	349.621261505589	0.0287666564862499	0.184170049083342	0.156196171035564	0.875878394765013	0.943643796203995
PA14_RS11330	820.682536059289	-0.0227161445443689	0.143267875400537	-0.158557139769547	0.874017799018377	0.943643796203995
PA14_RS14775	140.778418552669	0.034470440612382	0.219329648410565	0.157162704003685	0.875116620862941	0.943643796203995
PA14_RS19395	16.2138898239268	0.0875800016718627	0.562524675190645	0.155690951054158	0.876276630202171	0.943643796203995
PA14_RS20660	65.1655422938733	-0.0454159233070942	0.292236856246416	-0.155407924552812	0.876499737177824	0.943643796203995
PA14_RS21645	153.817474365971	-0.0339432700215241	0.216424370656551	-0.156836634980399	0.875373599583414	0.943643796203995
PA14_RS24445	17.3656483051131	0.0859780644247988	0.554212957076653	0.155135428226567	0.876714552593993	0.943643796203995
PA14_RS24695	2407.50229433427	-0.0179331389148159	0.113652277959175	-0.157789524652182	0.874622653365308	0.943643796203995
PA14_RS26100	43.0843665226645	0.0556713042786144	0.357736819984697	0.155620839590948	0.876331897455852	0.943643796203995
PA14_RS20530	174.635516897362	0.0330617345614915	0.213709093933645	0.154704387880456	0.877054370616714	0.943799496284475
PA14_RS06040	64.1798635219964	-0.0525086712312861	0.341442285491844	-0.153784910254007	0.877779332166399	0.943945373583847
PA14_RS08575	15.8845022926263	0.0835723449384379	0.544073972697954	0.15360474702368	0.877921393781261	0.943945373583847
PA14_RS10720	30.0487425515085	-0.069336078244267	0.451576624861161	-0.153542221689585	0.877970696935514	0.943945373583847
PA14_RS22765	19.1564859270195	0.086088497045872	0.560400624124844	0.153619559543341	0.877909713722052	0.943945373583847
PA14_RS03670	49.0248424563985	-0.0532669776115774	0.34935476103669	-0.152472453655736	0.878814315193452	0.944642371254842
PA14_RS08695	21.5170893712371	0.0716881176609359	0.473161017569949	0.151508926134935	0.879574270082854	0.945249148915707
PA14_RS04020	12.4163383657654	0.0911275157353797	0.613092007209042	0.148635954577546	0.881840900480818	0.945793434181688
PA14_RS05525	68.4251836179226	-0.0466710948871609	0.311886547541317	-0.149641256588594	0.881047656590615	0.945793434181688
PA14_RS11335	299.03446999034	-0.0238774808401547	0.16061833135763	-0.148659749097938	0.88182212379707	0.945793434181688
PA14_RS12545	277.548825647187	-0.0256446915336166	0.172167535491796	-0.148951958105009	0.881591541836463	0.945793434181688
PA14_RS13445	14.2333062920287	-0.0895858600760742	0.601742319101938	-0.148877446761224	0.88165033774279	0.945793434181688
PA14_RS17220	53.9645607734734	-0.0473077884444359	0.317864827848315	-0.148829893400509	0.881687861805659	0.945793434181688
PA14_RS19960	24.7897235764512	0.0722036728363509	0.48473117993941	0.148956113871974	0.881588262595458	0.945793434181688
PA14_RS21745	37.4202121022717	0.0545492096301242	0.365747968961439	0.149144258504072	0.881439803175646	0.945793434181688
PA14_RS21905	26.1253749471866	0.0649497170307457	0.435759121796193	0.149049586760281	0.881514505356046	0.945793434181688
PA14_RS11370	75.2938094459595	-0.0421757296694054	0.2845814694048	-0.148202656194079	0.882182835628557	0.945950375410134
PA14_RS09420	409.641374527321	-0.0236568950395523	0.160187573901685	-0.147682460401527	0.882593374411147	0.946180793316849
PA14_RS06680	27.7170991652406	0.0608722975583789	0.41484656194535	0.146734487259407	0.883341596327878	0.946773040745039
PA14_RS09875	52.82472084355	-0.0521243171701109	0.358901351850917	-0.145232992022172	0.884526918207093	0.947241860512829
PA14_RS12125	51.6865662235855	0.051858310052901	0.356363393669949	0.145520867109404	0.884299641538592	0.947241860512829
PA14_RS12425	17.0387364702433	0.0860307639359779	0.590344694835111	0.145729714671201	0.884134762863764	0.947241860512829
PA14_RS17080	14.1921660237745	-0.0934593702746079	0.643713101155861	-0.145187926277702	0.884562498361443	0.947241860512829
PA14_RS16755	321.583986713929	-0.0289953336868544	0.201794158587224	-0.143687676045	0.885747103298231	0.948090524911519
PA14_RS21630	140.101337198849	-0.0338169353060615	0.235094711149428	-0.143843879518698	0.885623752313906	0.948090524911519
PA14_RS11435	18.0405807727829	0.071111273911089	0.4964421671191	0.143241808655688	0.886099211721042	0.948257532171489
PA14_RS07075	32.0949591209116	0.0549723260389826	0.386697542800028	0.142158457074578	0.886954844909465	0.948628583237333
PA14_RS18565	54.2795965652369	0.044701639806097	0.314384548077955	0.142187776337572	0.886931686759015	0.948628583237333
PA14_RS28105	43.8590252359534	-0.0526165917658601	0.370388842167318	-0.142057712802513	0.887034419644173	0.948628583237333
PA14_RS08620	202.504261825908	-0.0280412126690777	0.198215976125839	-0.14146797456566	0.887500258165506	0.948916924273356
PA14_RS10330	76.2148191234059	-0.041987471049318	0.298442087738271	-0.140688839726052	0.888115762007813	0.949054898690542
PA14_RS13390	31.3700904562037	-0.0624592300119931	0.444361903933356	-0.140559371672331	0.888218046210379	0.949054898690542
PA14_RS17905	60.0215123230208	0.0433283937171435	0.30731019959369	0.140992371143002	0.887875969085751	0.949054898690542
PA14_RS07880	23.7067464157785	0.0630518577769636	0.451511134471849	0.139646296543092	0.888939459634531	0.949615910490964
PA14_RS10165	68.4769823666062	0.0385288308588855	0.278121831728119	0.138532205902303	0.889819818361838	0.950257454583703
PA14_RS15205	15.0570379455851	-0.096554477873497	0.698959298002776	-0.138140344007719	0.890129501502104	0.950257454583703
PA14_RS18680	12.3260066018393	-0.0953953898695541	0.690289763555139	-0.138196153131762	0.890085395283492	0.950257454583703
PA14_RS25960	26.7996745788749	0.0586608378120613	0.427714029888822	0.137149669435228	0.890912492838063	0.950883428683485
PA14_RS08495	24.530423977416	-0.0610453006003836	0.448029325612757	-0.136252912723723	0.891621346846662	0.951430016185009
PA14_RS26720	17.0092213373825	0.0731604142944902	0.539183385810198	0.135687441823818	0.892068375871444	0.951697036336709
PA14_RS17075	15.7636859931389	-0.0750232307143511	0.554165797389018	-0.135380478311414	0.89231105808025	0.951745980784316
PA14_RS19325	22.5698715892938	0.0599525405742393	0.447791772459353	0.133884864040644	0.893493619267098	0.952797164889897
PA14_RS20205	55.1661585189884	0.0448993866980339	0.336679026771933	0.133359618888434	0.893908979549739	0.953029943805674
PA14_RS01715	16.2386286536046	0.0700707802422565	0.527615439532435	0.132806538611441	0.894346383106257	0.953286116090337
PA14_RS05285	45.6717187668879	0.0455762891251319	0.344212775083656	0.132407314382958	0.894662129575027	0.953412529445753
PA14_RS17845	743.389480220371	0.0206059396317361	0.156260872267448	0.13186883787816	0.895088037108322	0.953656256324266
PA14_RS05795	18.9324119329782	-0.0670583490846482	0.510649166237436	-0.131319805295576	0.895522325100724	0.95389143141476
PA14_RS19760	25.3056350100623	-0.0564712069342447	0.430778441462429	-0.131091070255357	0.895703265106374	0.95389143141476
PA14_RS02525	15.4754941777436	0.0747219173436753	0.57261889272755	0.130491533361313	0.896177552267897	0.95397636864793
PA14_RS27665	71.9967177276191	-0.0374439561503463	0.286419302156483	-0.130731259619818	0.895987902952298	0.95397636864793
PA14_RS04665	112.430152743361	0.0288180225520672	0.222770836647519	0.129361737764915	0.897071422076809	0.954507678143773
PA14_RS10890	14.0559858934458	0.086559900296318	0.668431509417038	0.129497037582519	0.896964368882876	0.954507678143773
PA14_RS14475	10.8041157105028	-0.0852078894551402	0.665411439823806	-0.128052937409225	0.89810707984163	0.955399436452732
PA14_RS26140	12.9548025437713	-0.0776226872707972	0.613187216924604	-0.12658888693099	0.899265793120115	0.95642167924541
PA14_RS07775	33.8450686432267	0.0501085235022499	0.396959301025579	0.126230884054839	0.899549164953136	0.95651270046468
PA14_RS12530	556.437238813876	0.05535812572165	0.441380041639196	0.125420545786486	0.9001906233576	0.956984360201661
PA14_RS11165	136.314899969914	-0.0271366463467905	0.217954266373361	-0.124506148919814	0.900914532130233	0.95754344557842
PA14_RS10305	279.684656541889	-0.0233371132115276	0.188591993952875	-0.123743923177137	0.901518033236294	0.957974337229338
PA14_RS05385	54.8488418262513	-0.0381591349862936	0.310117808969234	-0.123047222322144	0.902069704053632	0.958349975571916
PA14_RS05800	375.181429433345	-0.0198138226835161	0.162862554555622	-0.121659780773911	0.90316846685086	0.9586748695546
PA14_RS06020	50.1666081478565	-0.0395741790041783	0.324943155694109	-0.121788006027221	0.903066913041209	0.9586748695546
PA14_RS18580	37.1221040196304	0.0462663470074628	0.379095454161529	0.122044056449564	0.902864127033729	0.9586748695546
PA14_RS21790	27.900970492327	0.0554394770784448	0.454281222293184	0.122037791477688	0.90286908867086	0.9586748695546
PA14_RS15845	223.19177773702	-0.0241676078731054	0.19951654746417	-0.121130844435074	0.903587398721612	0.958909076194364
PA14_RS26595	26.087642805322	-0.0506191199016891	0.418958754249649	-0.120821248841899	0.903832619256772	0.95895887378801
PA14_RS05445	35.7535542383558	0.0514228064648021	0.428035117658341	0.120136886772566	0.904374712566036	0.959239861383066
PA14_RS06380	207.399368419438	-0.024126904879607	0.201080839085315	-0.119986096086313	0.904494162098176	0.959239861383066
PA14_RS25645	190.905409425065	0.0228756240950169	0.191656169609522	0.119357619123994	0.904992036244429	0.959557440753795
PA14_RS09215	12.9876966032562	-0.0715248905445199	0.608398546607449	-0.117562559843965	0.906414272079474	0.960644185793631
PA14_RS11600	36.0768982716305	-0.0502946551567228	0.42773064922688	-0.117584875546398	0.906396589367575	0.960644185793631
PA14_RS10680	20.8047205400928	-0.0605156956921225	0.517910808126945	-0.116845786460764	0.906982259882703	0.960840314850184
PA14_RS12850	21.0328570523335	-0.0578535799806469	0.496269887892988	-0.116576849395952	0.907195384120335	0.960840314850184
PA14_RS14430	18.6330688745676	-0.0642523410442572	0.550897719799488	-0.116632069320678	0.90715162350627	0.960840314850184
PA14_RS14205	17.2729510615991	-0.0602043174766212	0.518705806016392	-0.116066403688411	0.907599914790752	0.961058285072931
PA14_RS12280	65.7977298208214	-0.0351950768767045	0.304097148344124	-0.115736293708604	0.907861541300823	0.961124871657351
PA14_RS15145	40.8635245421113	0.0437199034530467	0.379973138091922	0.115060511047152	0.908397159584778	0.961481432206606
PA14_RS20700	117.373417722064	0.0287671929245159	0.250571178242354	0.114806471862826	0.908598519174863	0.961484122260314
PA14_RS04960	31.1286062993758	-0.0457499462575356	0.400509708977158	-0.11422930638654	0.909056020816465	0.961757802815231
PA14_RS08210	17.4158965485615	0.0699261700605948	0.61567337862479	0.113576731572813	0.909573333487181	0.96209462833421
PA14_RS17900	409.43912243074	0.0190075873630202	0.168092287852505	0.113078283399288	0.90996849188605	0.962302126997799
PA14_RS06735	73.1471730800376	-0.0330857214580328	0.296909211621197	-0.111433799164993	0.911272359097181	0.963195295312585
PA14_RS08525	32.2810433384298	0.0453053220767822	0.406858661009266	0.111353957574349	0.911335669452298	0.963195295312585
PA14_RS20305	90.5006655925354	-0.0312937370371296	0.281268101122972	-0.111259459967868	0.91141060201621	0.963195295312585
PA14_RS27820	164.298557564492	0.0230055507047483	0.207688984230304	0.110769238869394	0.911799339028987	0.963395587403142
PA14_RS18330	26.2722675176353	-0.0467099237059923	0.423892819825068	-0.110192769307271	0.912256496610217	0.96366806850306
PA14_RS03740	40.7130424088672	-0.0413753858775274	0.37638198088554	-0.109929242043364	0.912465491283087	0.963678339341561
PA14_RS24725	256.298418370669	0.0193968294065641	0.177236650908236	0.109440283977194	0.912853283625133	0.963877397295009
PA14_RS04785	75.7408736636706	0.030235122279514	0.276912809087951	0.10918643445602	0.913054619713796	0.963879533057393
PA14_RS20250	60.595429755568	0.0322753474869627	0.297071002257141	0.108645230405307	0.913483884388901	0.964122231537478
PA14_RS24005	16.0657687141845	-0.0621079129958961	0.574289374220738	-0.108147417980998	0.913878754589042	0.964328530916999
PA14_RS17925	37.4504243662264	0.0393607344002281	0.36668037945181	0.107343442970886	0.914516521114357	0.964790989552581
PA14_RS04595	33.4950894943942	0.0413008830810651	0.394189038305673	0.104774306405341	0.916554898329917	0.966519731426837
PA14_RS19610	26.233360920676	0.0469909514033702	0.447491562230267	0.10500969262788	0.916368117640538	0.966519731426837
PA14_RS19785	20.0736970691633	0.0501484663917835	0.480223488944845	0.104427350069799	0.916830219116255	0.966599289218708
PA14_RS04845	28.9804921223207	-0.0410392106640271	0.396942674340046	-0.10338825557685	0.917654832887069	0.967251083754257
PA14_RS20055	43.8124304164733	0.0358769576710561	0.347832794867246	0.103144264142054	0.917848474637776	0.967251083754257
PA14_RS06200	83.4070840006411	0.026225594058517	0.25787069321743	0.101700560584464	0.918994357172744	0.968185154662281
PA14_RS20620	262.781123357615	0.0179334111154345	0.176643704090735	0.101523069886617	0.919135245048497	0.968185154662281
PA14_RS06250	23.7128898114926	0.0479612543003251	0.477525046905819	0.100437149027252	0.91999727820263	0.96833664103307
PA14_RS07450	125.511292381596	-0.0219898324692826	0.220360648421478	-0.099790196783335	0.920510891034662	0.96833664103307
PA14_RS12020	232.515157701633	0.0204460988184684	0.20564036038032	0.0994264879747071	0.920799652596534	0.96833664103307
PA14_RS14720	24.2795002682928	0.0455563779409878	0.458663848893821	0.0993241086055899	0.920880937161102	0.96833664103307
PA14_RS16385	17.3542063311679	0.0530682658303205	0.53142747220614	0.0998598465563243	0.920455594758324	0.96833664103307
PA14_RS23070	52.6024224479314	-0.0311756690651055	0.311799915917418	-0.0999861368575948	0.920355331472958	0.96833664103307
PA14_RS23975	123.745106625257	-0.0219992513964617	0.220626550255155	-0.0997126201312558	0.920572481063136	0.96833664103307
PA14_RS25785	108.797411547858	-0.0227714532240467	0.22863619636375	-0.0995968861720321	0.92066436600974	0.96833664103307
PA14_RS10785	52.7785598819205	0.0304362271354551	0.308853594657835	0.0985458083114558	0.921498899176149	0.968701900509645
PA14_RS20670	78.0555338220023	-0.0252561059351408	0.25671453921457	-0.0983820628641175	0.921628917337651	0.968701900509645
PA14_RS20270	54.1912691805505	0.0323866489398003	0.331590776279025	0.0976705362653026	0.922193912319673	0.969085128200334
PA14_RS11090	12.9266234488467	-0.0563591189986038	0.582469513442213	-0.0967589164719352	0.922917850694743	0.9696351783532
PA14_RS11345	165.041218712642	0.019643122949894	0.203700074118773	0.0964315945140032	0.923177800248606	0.969697619896234
PA14_RS10780	99.6102069798079	-0.02647586118236	0.278043386778476	-0.0952220496560631	0.924138456469536	0.970495890442275
PA14_RS12570	16.8646543207142	-0.0494409018244482	0.522433432628058	-0.0946357923070502	0.924604119256222	0.970774103500454
PA14_RS11240	32.4346888251457	-0.0367017053985613	0.391474927593537	-0.0937523780237293	0.925305861820977	0.971089224775661
PA14_RS15115	21.2316618147796	-0.0481341005211764	0.513162000600309	-0.0937990351290001	0.925268798162576	0.971089224775661
PA14_RS10225	148.631951109113	0.0236315401613883	0.255377294625694	0.0925357917822138	0.926272355471243	0.971892625528082
PA14_RS05890	126.162567084903	-0.0203909711134214	0.223582360701742	-0.0912011620658342	0.927332751608399	0.972732635445665
PA14_RS13235	11.0068565123922	0.0650054106638567	0.714173636808474	0.0910218570295528	0.92747522374689	0.972732635445665
PA14_RS17985	118.418150225377	0.0219052685253935	0.243399671991587	0.089997116044391	0.928289506593146	0.973375553747713
PA14_RS05960	69.7083295930977	0.0250039236952312	0.279828499609489	0.0893544572126324	0.928800216510249	0.973551580200705
PA14_RS06220	110.441409186838	-0.0229861193032681	0.25746325676425	-0.0892792221777713	0.928860006419779	0.973551580200705
PA14_RS30070	165.520843196774	-0.0233038521450214	0.262866817392025	-0.0886526963586561	0.929357927278089	0.973630450823183
PA14_RS03890	95.175067093542	-0.0208848943916939	0.236867422291642	-0.088171240222218	0.929740575248441	0.973630450823183
PA14_RS05860	348.949881123626	-0.0142561880964804	0.160854461436726	-0.0886278687525761	0.929377659171469	0.973630450823183
PA14_RS23030	31.7560478788153	0.0350223225089575	0.396417732822955	0.0883470127825964	0.929600874210205	0.973630450823183
PA14_RS06370	46.471910904953	-0.0317113752868123	0.362316394838549	-0.0875239866000077	0.930255020039427	0.973685282914527
PA14_RS15425	11.0686218548075	0.0552906048872751	0.634852080155685	0.0870921063591951	0.93059829975826	0.973685282914527
PA14_RS25455	27.4720170285697	-0.0411175159072721	0.471321089522407	-0.0872388628926764	0.930481648974833	0.973685282914527
PA14_RS25875	30.3457554395987	-0.0342759495230579	0.390920390386882	-0.0876801271203481	0.930130915042171	0.973685282914527
PA14_RS15895	12.520287128441	-0.0638109052957113	0.736676969570595	-0.0866199269578175	0.930973626011118	0.97386728431533
PA14_RS17235	67.8764183709945	-0.0262720062525626	0.306376531168309	-0.0857507138434505	0.93166458674529	0.97437931260818
PA14_RS02220	115.067299767561	-0.0188613031873645	0.221298183239226	-0.0852302667436505	0.932078328738045	0.974390574530304
PA14_RS04480	14.3324830271603	0.0486663609304654	0.570554106558883	0.0852966622639547	0.932025544991809	0.974390574530304
PA14_RS04395	27.9573348676209	0.0383626363341713	0.451955295187773	0.0848814843915764	0.932355611971151	0.974469794573695
PA14_RS04255	78.9902862948499	-0.0264136914534669	0.315562979766466	-0.0837033909142778	0.933292261049597	0.975237980647331
PA14_RS04370	38.7992739681835	-0.0330283903133229	0.396397975099313	-0.0833212891792599	0.933596072834491	0.975344698256124
PA14_RS31475	2651.79642552595	0.0125447914226791	0.153478319755446	0.0817365699772323	0.934856197004017	0.976450230823202
PA14_RS03765	129.56983926531	-0.0180014873831672	0.22300860217286	-0.0807210448734787	0.935663800040559	0.976690419019967
PA14_RS05440	56.4880238020503	-0.0254208190754346	0.315608242911354	-0.0805454852539282	0.935803421720977	0.976690419019967
PA14_RS09560	282.925088136	0.0145890298175337	0.182711527460489	0.0798473419838742	0.936358671038953	0.976690419019967
PA14_RS18555	92.0731449593753	-0.0243312409008582	0.303943520496642	-0.0800518493077301	0.936196018467094	0.976690419019967
PA14_RS25160	108.057755327573	0.0216371253276027	0.271585084551212	0.0796697851185662	0.936499891024728	0.976690419019967
PA14_RS27085	54.1065719198214	-0.0258989784691828	0.323074212053993	-0.0801641774641379	0.936106680679194	0.976690419019967
PA14_RS27710	12.4083076746459	-0.0633153290133322	0.792107351699672	-0.0799327627467069	0.936290732284293	0.976690419019967
PA14_RS16480	21.2118468285731	-0.0401830522602733	0.510677486364401	-0.0786857720052302	0.937282562683414	0.976902810562184
PA14_RS21680	309.64117905493	0.0142971118710095	0.181737491589017	0.0786690283111267	0.937295880933701	0.976902810562184
PA14_RS27000	271.393839152498	-0.013281234601874	0.168861103647181	-0.0786518287220474	0.937309561829722	0.976902810562184
PA14_RS05730	23.3174585360422	-0.0367624110139236	0.469189012766199	-0.0783530944111059	0.937547184004569	0.97693992282829
PA14_RS09805	97.0604066272149	-0.019722370311857	0.252856414985568	-0.0779982992046403	0.937829405910561	0.977023482762489
PA14_RS07735	61.3489853241363	0.0236884496744965	0.304903889564273	0.0776915299714569	0.938073431845306	0.977067223003209
PA14_RS11125	403.226706806627	0.0122567878406787	0.15915911936117	0.0770096485195121	0.938615869355326	0.97742169341136
PA14_RS24715	164.000305164969	-0.0160555166705844	0.210350173473707	-0.0763275656275666	0.939158495608633	0.977468042697202
PA14_RS24735	471.638441384077	0.0120409435635928	0.158035268947885	0.0761914960107008	0.939266748224544	0.977468042697202
PA14_RS27590	68.5500711033048	-0.0221530881025393	0.289824856818636	-0.0764361219590011	0.939072132484921	0.977468042697202
PA14_RS12575	40.6081719681409	-0.0258731979189298	0.343624388263942	-0.075294998849314	0.939980000528996	0.977999845645057
PA14_RS02750	56.7699449544403	-0.0271819724850265	0.362496703518055	-0.0749854335811157	0.940226301579422	0.9780456860482
PA14_RS05770	1133.36293975331	-0.00984149923168653	0.132337744123815	-0.0743665331220911	0.94071873774081	0.978107226544237
PA14_RS21955	92.7075962559512	-0.0185573104320041	0.250272249543615	-0.0741484941532443	0.940892228677376	0.978107226544237
PA14_RS24855	24.9470210189891	0.0332467994382579	0.447134195272854	0.0743553049392025	0.940727671799759	0.978107226544237
PA14_RS09635	27.7590676455532	-0.0315186004865011	0.434833247914135	-0.0724843388533274	0.942216468467444	0.978852597531377
PA14_RS13630	33.3322930601464	-0.0280382244727235	0.385101372712999	-0.0728073864686514	0.94195939300742	0.978852597531377
PA14_RS16365	41.5847785103915	-0.0276503042509194	0.380656014956788	-0.0726385586053545	0.942093742420474	0.978852597531377
PA14_RS10140	248.608158537256	-0.0123875558728269	0.174587878605339	-0.0709531267106425	0.943435060881535	0.978856887883094
PA14_RS12380	15.6715768120875	-0.0411151921250478	0.569792742585367	-0.0721581533988876	0.942476047070812	0.978856887883094
PA14_RS15710	24.4472087454632	0.03268093245027	0.457668459446232	0.0714074386725558	0.943073489520276	0.978856887883094
PA14_RS17025	32.2996040578217	-0.0289445937414003	0.406974638281997	-0.071121369782616	0.94330116060853	0.978856887883094
PA14_RS17640	56.3680114496673	-0.0219283499567767	0.307176848784186	-0.0713867273642842	0.943089972687963	0.978856887883094
PA14_RS22155	234.814384890809	0.012382819372099	0.174082186371319	0.0711320303944614	0.943292676159542	0.978856887883094
PA14_RS03040	30.6438372948952	0.0301463163056613	0.441796624532702	0.0682357325331485	0.945597982798669	0.979899451871729
PA14_RS30665	35.9588238102171	0.0254325733835476	0.368776850641177	0.0689646688487335	0.945017742688368	0.979899451871729
PA14_RS21705	50.4219978762698	-0.0231592084586656	0.33850798494496	-0.0684155455370754	0.945454847275868	0.979899451871729
PA14_RS23790	180.270115602422	0.0153199031570471	0.221400951269503	0.0691952905766821	0.944834171699997	0.979899451871729
PA14_RS25190	997.596532529626	0.00965938408650951	0.141709487457311	0.0681632843349271	0.945655653822449	0.979899451871729
PA14_RS28280	58.5830680876435	-0.0212534979718004	0.31067785208445	-0.068410084044302	0.945459194730991	0.979899451871729
PA14_RS18145	616.499215815182	0.010065855067686	0.149848950981113	0.0671733435688495	0.946443705931136	0.980505947275701
PA14_RS02170	153.190829437381	0.0144182728208163	0.220782864449592	0.0653052167647195	0.94793098883568	0.980857262571937
PA14_RS04195	570.196013177536	-0.0131378738814203	0.200068314657462	-0.065666939334765	0.947642994167808	0.980857262571937
PA14_RS04820	37.4748072452035	0.0263433379275407	0.40284246612198	0.0653936467551162	0.947860582409293	0.980857262571937
PA14_RS12665	119.18795458776	0.0152425968448929	0.233291943866184	0.0653370047515914	0.947905679744392	0.980857262571937
PA14_RS24010	100.645574869918	-0.0207069695657741	0.317499815831508	-0.0652188396126909	0.947999761220272	0.980857262571937
PA14_RS25920	11.9271124676833	0.0412195308152402	0.622834693530799	0.0661805311158408	0.947234096707364	0.980857262571937
PA14_RS06330	41.6704717278157	0.0226355851189951	0.350951999765096	0.064497666729769	0.948573964925175	0.981241431952545
PA14_RS04220	22.6246559632805	0.0300591533984159	0.482085222313433	0.0623523642856504	0.950282228894307	0.981283554497396
PA14_RS07525	14.3191259169656	0.0347741795177474	0.559492099643266	0.0621531198383668	0.950440895216253	0.981283554497396
PA14_RS09880	104.038094151353	0.0146053552210183	0.234675091179811	0.0622364953501925	0.950374499722231	0.981283554497396
PA14_RS10320	177.376885624671	0.0130248893339743	0.204689348327329	0.0636324725268337	0.949262874790926	0.981283554497396
PA14_RS11515	64.4181008543063	-0.019926623193297	0.316887247355512	-0.0628823764906563	0.94986016859096	0.981283554497396
PA14_RS16185	13.1458130784415	0.0396289619906079	0.622535036472052	0.06365740025684	0.949243025582133	0.981283554497396
PA14_RS17340	33.3187546802087	-0.0248215784333459	0.388328455525304	-0.0639190306045662	0.949034699032811	0.981283554497396
PA14_RS20150	62.3231460392078	-0.0194284660420793	0.308452414229988	-0.0629869151472844	0.949776923830874	0.981283554497396
PA14_RS24790	13.7840681123839	0.0375501495981049	0.600444425964366	0.0625372606928546	0.950134990253722	0.981283554497396
PA14_RS07950	42.579449317647	0.0205412461738684	0.335951516335856	0.0611434840297996	0.951244938664406	0.981485070062101
PA14_RS16470	450.117299773323	-0.0101787504510039	0.166324918710344	-0.0611979884308875	0.951201531731615	0.981485070062101
PA14_RS18005	22.101056918537	0.0290927852602595	0.474601411241122	0.0612994073999473	0.95112076274275	0.981485070062101
PA14_RS02065	73.0782073779396	-0.0166858996984451	0.274306335769952	-0.0608294360085026	0.951495047177831	0.981533713343001
PA14_RS07110	215.416264049529	-0.0129102684799574	0.213144353018298	-0.060570539623206	0.951701236404908	0.981537039721505
PA14_RS01840	14.8619013822463	-0.0365249460395359	0.613393929141768	-0.0595456594926525	0.952517498954381	0.981771798532181
PA14_RS07060	316.799458134487	0.0117639765504443	0.197829790616436	0.0594651417958227	0.952581629141912	0.981771798532181
PA14_RS09575	66.8600962001905	-0.0158811033716312	0.271469458600565	-0.0585005158720209	0.953349951593698	0.981771798532181
PA14_RS13300	17.8184641141515	0.0313477184657835	0.526476551131756	0.0595424780047582	0.952520032918388	0.981771798532181
PA14_RS16525	223.082885144982	0.0106378841483349	0.180906880366213	0.058803093209061	0.953108944701624	0.981771798532181
PA14_RS24235	565.492740357167	-0.00870281792048541	0.148524073097957	-0.0585953356850479	0.95327442588561	0.981771798532181
PA14_RS27775	174.202465900254	0.0128120059934745	0.218981706041782	0.0585071978160126	0.953344629289877	0.981771798532181
PA14_RS03570	2838.41375377481	-0.00720766217697097	0.125228159416668	-0.0575562414280092	0.954102106136925	0.982337190819282
PA14_RS08760	73.5541803910432	-0.0158146821147521	0.279412085165056	-0.0565998500222706	0.954863954019968	0.982703145699205
PA14_RS22705	57.5604500756073	-0.0175672016022753	0.309143936862453	-0.0568253150314621	0.954684348037772	0.982703145699205
PA14_RS18975	100.740591289239	-0.0131418845083231	0.233841399874454	-0.0561999907432081	0.955182488538658	0.982821811611266
PA14_RS06590	19.8651640746993	0.0268989922449195	0.482051858768464	0.0558010341742909	0.95550031107754	0.982939694611994
PA14_RS20155	32.3011608076498	-0.0247537193338797	0.451029166829875	-0.0548827462930277	0.956231877622976	0.983483062565868
PA14_RS27685	145.057206398576	0.0116171560424884	0.215304511430047	0.0539568630741991	0.956969532425038	0.984032459878265
PA14_RS00730	43.3387200407518	0.0175359922743096	0.35463978223013	0.0494473354456615	0.960562806042313	0.984378412803692
PA14_RS02175	216.822945905793	-0.0116551421862186	0.223192498747999	-0.0522201339722357	0.958353290229869	0.984378412803692
PA14_RS04620	266.439244800605	-0.00875935091955341	0.172525463715651	-0.0507713512597201	0.959507719807288	0.984378412803692
PA14_RS05055	77.4135943474569	-0.0137918338321143	0.275076434387207	-0.0501381874562924	0.960012268802107	0.984378412803692
PA14_RS05070	60.4086531659831	-0.0165475297214907	0.313624977051216	-0.052762155224609	0.957921415233244	0.984378412803692
PA14_RS11580	16.1118663561208	-0.0270162027802287	0.519385300438941	-0.0520157246602799	0.958516163908258	0.984378412803692
PA14_RS12155	130.96621922741	0.0113832250633392	0.229442538835689	0.0496125309679	0.960431160661993	0.984378412803692
PA14_RS12895	46.814380449776	-0.0170169963558527	0.321382579259643	-0.0529493427896873	0.957772269647152	0.984378412803692
PA14_RS14610	14.5821660687863	0.031085998599504	0.604627417748697	0.051413478262781	0.958996044877317	0.984378412803692
PA14_RS18640	41.4639241649101	-0.0170872644087534	0.342839626209581	-0.0498404008826791	0.960249571424155	0.984378412803692
PA14_RS20425	39.9430605433787	-0.0176984589107445	0.344401481154247	-0.0513890325077257	0.959015524018035	0.984378412803692
PA14_RS21130	486.232024683181	0.00737185499669607	0.141758089035846	0.0520030641414188	0.958526251887682	0.984378412803692
PA14_RS23515	98.267733836634	-0.0126913483378962	0.251233398308104	-0.0505161671312983	0.959711066345072	0.984378412803692
PA14_RS30940	113.15004032773	0.0140115521432368	0.278243806121555	0.050357103500502	0.959837819436871	0.984378412803692
PA14_RS25520	503.798679983456	-0.00841317582288664	0.164989363880265	-0.0509922314082754	0.95933171093453	0.984378412803692
PA14_RS26345	16.5806929788862	-0.0268387166178475	0.52821648450383	-0.0508100701231578	0.959476866445769	0.984378412803692
PA14_RS07245	38.8073220035433	0.0173474031729032	0.355288428397597	0.048826254350986	0.961057759176493	0.984676975291847
PA14_RS19840	85.3007883892089	0.0133372773166675	0.277832878334586	0.0480046760362388	0.96171251596734	0.984739169330976
PA14_RS25475	34.6780881901601	0.0182754877115165	0.380869745604008	0.0479835637313067	0.96172934175976	0.984739169330976
PA14_RS27415	43.0318092686427	-0.0187031123617139	0.387220445885049	-0.0483009421647797	0.961476403693031	0.984739169330976
PA14_RS01240	21.3532521589912	0.024898059148794	0.529938136513481	0.0469829541097023	0.962526813174664	0.984788282301201
PA14_RS02075	195.904949011565	-0.00885023381525935	0.187483616147448	-0.047205371845927	0.962349546182983	0.984788282301201
PA14_RS02960	15.1937370074442	-0.0258260101762981	0.550645388808912	-0.0469013464948135	0.962591854929234	0.984788282301201
PA14_RS06215	53.4461806328954	-0.0154487888546508	0.326547998491797	-0.0473093968605013	0.962266638858482	0.984788282301201
PA14_RS09040	18.2189970010354	0.0239031053248241	0.514089962961143	0.0464959579975903	0.962914955654709	0.984849963265543
PA14_RS12295	81.7493566307116	0.0126186673803346	0.273017844801696	0.0462192036916124	0.96313553649759	0.984849963265543
PA14_RS18960	22.1053473954337	0.0243683900391021	0.529067150261446	0.0460591628625215	0.963263094757241	0.984849963265543
PA14_RS11145	82.092055630537	-0.0129018931664519	0.292700324415445	-0.0440788481947139	0.964841553089897	0.98583852751801
PA14_RS22750	212.655070296596	-0.00840574387203086	0.189679696910117	-0.0443154644854483	0.964652944907653	0.98583852751801
PA14_RS29670	25.0708592922893	-0.0219645895349543	0.498274836254239	-0.0440812739011109	0.964839619535624	0.98583852751801
PA14_RS08770	1864.68897514104	0.0187297777674816	0.428672967916335	0.0436924629479718	0.965149547177305	0.985944911311671
PA14_RS09395	172.40469080169	0.0102411612495416	0.238349477326023	0.04296699688388	0.965727842217187	0.986327316781904
PA14_RS03620	23.4768823449487	0.020567441359739	0.483415882345117	0.0425460604644669	0.966063394030006	0.986461692045843
PA14_RS16590	46.0958751364388	-0.013783620441239	0.328822478311211	-0.0419181210239333	0.966563970605858	0.986556218203869
PA14_RS19415	12.5672606045969	-0.0304708772736785	0.726767945864498	-0.0419265564023095	0.966557246059421	0.986556218203869
PA14_RS09570	26.6374848691019	-0.01763179103308	0.423905829563412	-0.0415936507672925	0.966822634817107	0.986611998728746
PA14_RS30825	13.9810994960379	-0.0237425564141848	0.58505338548335	-0.0405818631312929	0.967629243369067	0.98722679766515
PA14_RS16505	38.290647626587	0.0150670657189414	0.374157660322647	0.0402692963868456	0.967878431849124	0.987272747610708
PA14_RS03580	2962.37347952246	0.00515879560408884	0.129831293531556	0.0397346083811063	0.968304709956427	0.987292603044005
PA14_RS03865	17.1220407174614	0.0215162566962192	0.554984835389806	0.0387690893952207	0.969074489387555	0.987292603044005
PA14_RS12755	13.938885315554	-0.0222801355847455	0.579421160401009	-0.0384524023412015	0.969326980821533	0.987292603044005
PA14_RS17820	76.1424914967688	-0.0118877753635856	0.303607980243189	-0.0391550161298907	0.96876679803905	0.987292603044005
PA14_RS20380	246.263605906602	0.0066809852033685	0.172942867361845	0.0386311693872289	0.969184451256684	0.987292603044005
PA14_RS24860	15.1033064831334	0.0220059405416883	0.567189412155314	0.0387982216700166	0.969051262670334	0.987292603044005
PA14_RS25235	434.734480820688	-0.0184268253659088	0.464238276526466	-0.0396926024794475	0.968338199397127	0.987292603044005
PA14_RS04615	336.076262592427	-0.00594390847576092	0.160026717302149	-0.0371432256811102	0.970370806681287	0.987731681984994
PA14_RS15730	15.4847579184122	-0.0238115894985642	0.639093339088377	-0.0372583909770204	0.970278981630129	0.987731681984994
PA14_RS22945	54.7764969982852	-0.0134722141483225	0.361883875609166	-0.0372280033909896	0.970303210606564	0.987731681984994
PA14_RS19220	14.5857487893041	0.0244320964237841	0.66461959946974	0.0367610230623307	0.970675552118241	0.987833958342553
PA14_RS27605	158.736589873962	0.00711849184879566	0.197893090040753	0.0359714017671346	0.971305162274375	0.988266729383311
PA14_RS07700	38.6961694809106	-0.0135135784624048	0.38270989109203	-0.0353102409343143	0.971832357339588	0.988595136746792
PA14_RS14130	31.426671426094	0.0139388527359333	0.401553146568163	0.0347123484277496	0.972309114240835	0.98866418765111
PA14_RS15150	26.8783969272406	0.0160550447636759	0.459634768924574	0.0349300049716443	0.972135554698866	0.98866418765111
PA14_RS03170	181.970232311844	0.00668748820512616	0.204614889651193	0.0326832920933873	0.973927147751381	0.990101258466613
PA14_RS11275	26.1519567531517	0.0141251076774498	0.450006667695753	0.0313886630830984	0.974959582246884	0.990942526218144
PA14_RS13810	128.306431001114	-0.0100783618741723	0.327698275390397	-0.0307550043165948	0.975464924782444	0.99124782018237
PA14_RS24375	14.6493221025088	-0.017448849071812	0.573267199300892	-0.0304375500518627	0.975718098108386	0.991296790431125
PA14_RS04875	354.58447949299	0.004638783072527	0.157861352987368	0.0293851723980739	0.976557398411176	0.991550127507282
PA14_RS05955	168.653800126339	-0.00604761249906286	0.206026092955171	-0.0293536241566196	0.976582559412156	0.991550127507282
PA14_RS20395	268.717883264877	0.00495503709132921	0.16863360621363	0.0293834497321489	0.976558772306456	0.991550127507282
PA14_RS06120	152.563544815607	-0.00594747118770587	0.214131371994359	-0.0277748707828881	0.977841708438799	0.992620172546186
PA14_RS13085	13.2657184699886	-0.0167839734769244	0.628619031956044	-0.0266997539426996	0.978699209388738	0.9926571679119
PA14_RS23675	327.515548991188	0.00477204694885358	0.176722890792405	0.0270029928067398	0.978457346988471	0.9926571679119
PA14_RS27005	436.651308286164	0.00401483526509864	0.149407374669262	0.0268717342365873	0.978562038185008	0.9926571679119
PA14_RS29585	112.381947908306	0.00705983339861506	0.260534968272895	0.0270974504705268	0.978382008245182	0.9926571679119
PA14_RS01515	50.7516649440829	-0.0100475756806564	0.390452593158764	-0.0257331513651157	0.979470181640756	0.993022599248364
PA14_RS13480	23.9928985326084	-0.01347180136676	0.522755946901657	-0.0257707280933036	0.979440209689274	0.993022599248364
PA14_RS17780	26.1258032914609	0.0121566936003862	0.479816790767576	0.0253361154388508	0.979786867215228	0.993135462136416
PA14_RS24015	273.138341253035	-0.00436161236175348	0.175127486627239	-0.0249053557825404	0.980130455263801	0.993275541000785
PA14_RS03410	46.6128487035257	0.00833258089242713	0.365798451342706	0.0227791584733107	0.981826432840215	0.993347946695841
PA14_RS04745	164.967137017043	-0.00590565811177715	0.265534128972933	-0.0222406744271247	0.982255972104945	0.993347946695841
PA14_RS06385	218.360043822675	-0.00423057489046086	0.182930021260143	-0.0231267391832016	0.981549176603717	0.993347946695841
PA14_RS13055	30.06528292741	0.00894045043999749	0.388674461845923	0.0230024128612331	0.981648348274537	0.993347946695841
PA14_RS16585	15.6110799262263	0.0126629583501543	0.56167321035641	0.0225450637784898	0.982013165426149	0.993347946695841
PA14_RS16630	37.9957669830955	0.00854349779317169	0.358561912193819	0.0238271202339906	0.980990507369053	0.993347946695841
PA14_RS18435	155.821334723926	-0.00514322648301156	0.21461096043711	-0.0239653486128391	0.980880248564831	0.993347946695841
PA14_RS22120	725.035256279999	0.00306096524423625	0.136066264317651	0.0224961364199014	0.982052193911725	0.993347946695841
PA14_RS24720	40.3118871996205	0.00988319861616325	0.429491570331573	0.0230113913726719	0.981641186354596	0.993347946695841
PA14_RS26800	436.411753708869	0.00346018341093179	0.146326627913655	0.0236469838761923	0.981134194901682	0.993347946695841
PA14_RS27680	156.556337259125	0.00458476230149761	0.210250602901568	0.0218061790940216	0.982602565155806	0.993490697280677
PA14_RS08775	109.266199588657	0.00490162359652149	0.230299372467525	0.0212837036592997	0.983019343491583	0.993704336355622
PA14_RS10335	25.289707101673	-0.00947834187332479	0.453756236492204	-0.0208886206095982	0.983334504083003	0.993815185317743
PA14_RS00970	10.8695582974977	0.0135271478062781	0.676077498386041	0.0200082798770417	0.984036767501831	0.993901797752476
PA14_RS13435	75.5129956419964	0.00569828303790373	0.278459251635478	0.0204636154282392	0.983673536676642	0.993901797752476
PA14_RS20570	146.358460174214	-0.00400435891809483	0.199038773342793	-0.0201184867191597	0.983948852860387	0.993901797752476
PA14_RS23280	290.750924140483	-0.00375809050395686	0.191508606610461	-0.0196236115466132	0.984343628168153	0.994004131514134
PA14_RS31330	17.3652414767717	0.00984030759377318	0.515640435425203	0.0190836616326622	0.984774365186187	0.994081448180469
PA14_RS09105	18.1548905968234	-0.0103206019648774	0.542838784749348	-0.0190122781474482	0.984831310635366	0.994081448180469
PA14_RS12970	98.6620034702653	0.00441598123357897	0.236991200016722	0.0186335240855668	0.985133459121288	0.994162912935241
PA14_RS14575	67.6984106733686	0.0052777294485988	0.286899885901802	0.0183957181858386	0.985323168258604	0.994162912935241
PA14_RS16910	220.588802071943	-0.00347820776339635	0.200627229812716	-0.0173366684404865	0.986168032808559	0.994807802808133
PA14_RS21110	69.8634467862458	0.00498037816581557	0.292263897818196	0.0170406889218785	0.98640415541204	0.994838476657482
PA14_RS07995	30.6885771214491	-0.00692057571150134	0.412821857985742	-0.0167640728746014	0.986624831559941	0.994853562432
PA14_RS08725	69.1014981417426	-0.00461590439615923	0.282543939600574	-0.0163369435659623	0.986965584765541	0.994989695210789
PA14_RS09580	38.8828969531359	0.00574195501760346	0.364049216356876	0.015772469104767	0.987415912176623	0.995075221641038
PA14_RS15875	31.0783599712609	-0.00614727255732127	0.397705541556908	-0.0154568441094796	0.987667713787631	0.995075221641038
PA14_RS21215	12.6275543491238	0.0115717135563778	0.74286839564845	0.0155770707492232	0.9875717983558	0.995075221641038
PA14_RS09790	51.0124775961247	-0.00515761169080935	0.34152847161578	-0.0151015570280526	0.987951158775453	0.99515346882693
PA14_RS02350	59.516908889	0.00398587355159852	0.321943016465939	0.012380680268678	0.990121898716638	0.995294634448806
PA14_RS04440	45.0026878037349	-0.00429945876234828	0.34633146084508	-0.0124142887621506	0.990095085079261	0.995294634448806
PA14_RS07850	112.672693019561	0.00303232698387544	0.225841213103859	0.0134268096695041	0.989287277745029	0.995294634448806
PA14_RS08360	60.2301518116556	-0.00397629404340748	0.319990156338446	-0.0124263011365945	0.990085501330395	0.995294634448806
PA14_RS09160	13.6741571240643	-0.00785840713214995	0.597189483905051	-0.0131589844495644	0.989500952473259	0.995294634448806
PA14_RS13735	53.6897598628853	-0.00444808139969974	0.316616826245993	-0.0140487839905382	0.988791060872044	0.995294634448806
PA14_RS13755	12.1330763993969	-0.00894746520454505	0.642119531155777	-0.0139342673293867	0.988882423004791	0.995294634448806
PA14_RS23075	13.8323417812353	-0.00781385733000683	0.576517304645729	-0.0135535521085676	0.989186161111043	0.995294634448806
PA14_RS24460	47.023040800699	0.00447732107106756	0.343904268576924	0.0130190913000141	0.989612561496356	0.995294634448806
PA14_RS28580	145.573204689556	-0.00285304320143346	0.231086503858752	-0.0123462130145745	0.990149397504798	0.995294634448806
PA14_RS08105	31.8309373698623	-0.00452537680663765	0.389164534933356	-0.0116284409302935	0.990722055610909	0.995663312746126
PA14_RS00985	36.9067620020757	0.00434805789161016	0.441954015168489	0.00983825860243067	0.99215033198611	0.9960637337523
PA14_RS05640	150.304703250188	0.0022741142410514	0.228636378266246	0.00994642347948323	0.992064033123369	0.9960637337523
PA14_RS11670	1983.38599377949	0.00131633802197428	0.131907966401914	0.00997921549304682	0.9920378701805	0.9960637337523
PA14_RS21550	11.4722965839508	0.00718671205946623	0.713872685247465	0.0100672181580598	0.99196765773983	0.9960637337523
PA14_RS26120	23.7618786396876	0.00469647879675872	0.445151832734554	0.0105502852092249	0.991582246481061	0.9960637337523
PA14_RS26320	27.5134374362571	0.00418222366187377	0.448705811557758	0.00932063627024237	0.992563315899342	0.996271522558991
PA14_RS17695	13.4714875374429	0.00511976723477703	0.600920752105434	0.00851987090949848	0.993202208781282	0.996705931036788
PA14_RS25945	92.8399346036005	-0.00208210122329577	0.254485433503804	-0.00818161257651961	0.993472090471194	0.996769923136658
PA14_RS25260	297.836458202508	-0.00399197812697211	0.526839564975861	-0.00757721779524098	0.993954312758804	0.997046889960916
PA14_RS07320	66.5842074273517	0.00169628343400817	0.291060054093996	0.00582794997165899	0.995349995019401	0.998239853984616
PA14_RS25320	31.6788947460389	-0.00229620274247721	0.41651884942282	-0.00551284232552528	0.995601410502239	0.998284972255614
PA14_RS01205	13.1788135391609	-0.00289248947912276	0.630785097462986	-0.00458553870526799	0.996341282286184	0.998677395919592
PA14_RS03710	2904.49207019554	-0.000721679572578639	0.160206609136359	-0.00450468040281899	0.996405797210925	0.998677395919592
PA14_RS16600	105.70038828947	0.000858434932495591	0.245316673533865	0.00349929305713127	0.997207973794076	0.999274297817686
PA14_RS12685	31.9290494066903	0.00117326557371962	0.428574263493054	0.00273760156327873	0.997815712707374	0.99946909417002
PA14_RS22775	14.0465966705022	-0.00162197013441849	0.580771622077832	-0.00279278475868974	0.997771683056077	0.99946909417002
PA14_RS02580	36.0877243047121	0.000818457750089919	0.383374632437395	0.00213487716932751	0.998296615761302	0.999489846496395
PA14_RS05330	30.3987986248581	-0.000487751402073198	0.405771513653766	-0.00120203460731199	0.999040915376237	0.999489846496395
PA14_RS13230	174.774234451327	-0.000257015711916933	0.222054323716299	-0.00115744520356785	0.999076492548299	0.999489846496395
PA14_RS15215	52.3319818139774	0.000691892071190914	0.383949028910011	0.00180204146668926	0.998562179713987	0.999489846496395
PA14_RS17535	195.270862280815	-0.000312688777447511	0.188834190324638	-0.001655890688598	0.998678790988977	0.999489846496395
PA14_RS23305	92.9463903057606	-0.000378719281545113	0.250895972577733	-0.00150946736073166	0.998795619755198	0.999489846496395
PA14_RS06415	242.897287541952	0.000146316691908779	0.179468808903036	0.00081527644164525	0.999349503586486	0.999556194280093
PA14_RS11340	413.471526229438	-9.04774724283706e-05	0.17936203836204	-0.000504440478345496	0.999597514747554	0.999597514747554
PA14_RS00150	3.73797740090089	5.32406573656865	1.60206680982231	3.32324825901559	0.000889756908372215	NA
PA14_RS00295	6.98267068265581	-0.0057604392800159	0.938216801474962	-0.00613977416622679	0.995101199764175	NA
PA14_RS00470	5.06041198584689	1.06301198795058	1.00309325003561	1.05973396582305	0.289265645785814	NA
PA14_RS00545	2.86135492175718	-0.136527001387981	1.55875396983545	-0.0875872677985187	0.93020472210977	NA
PA14_RS00550	7.30261229391451	1.38525083587603	0.844896670290045	1.63955059190905	0.101098643303005	NA
PA14_RS00565	1.36653891902952	1.03663671371581	1.88441003272122	0.550112075246615	0.58224250491177	NA
PA14_RS00570	1.25942722357517	1.61698786275177	2.01860546781276	0.801042050333808	0.4231073025012	NA
PA14_RS00575	2.63380104950576	1.29743180762495	1.32548059832645	0.978838776865602	0.327659646582112	NA
PA14_RS00635	7.56546518853717	1.34176757789512	0.822486132133447	1.63135586786698	0.102815251280197	NA
PA14_RS00665	9.15286422907268	0.716605593432382	0.798840288800869	0.897057401183497	0.369688288145829	NA
PA14_RS00695	5.05012228225836	0.280136144471898	1.00090196870251	0.279883698135836	0.779566734594823	NA
PA14_RS00745	8.7026132355749	1.3196987466995	0.783490932969829	1.68438292157023	0.0921076892091011	NA
PA14_RS00780	4.89190215538723	-0.35091532854584	0.983493697037072	-0.356804857624434	0.721237899464269	NA
PA14_RS00785	4.59117679449477	0.196470520593478	0.986151030954292	0.199229645791026	0.84208311024748	NA
PA14_RS31175	8.49206265797527	1.5706168169346	0.796165838441893	1.97272570750877	0.0485268214138086	NA
PA14_RS00870	6.19607212296056	0.550719193321542	1.01495050986537	0.542606942869158	0.587400457667055	NA
PA14_RS00875	8.22295702236395	-0.351844994656898	0.791864373561725	-0.444324819254508	0.656807759650885	NA
PA14_RS00890	8.48209760655228	0.269613692493014	0.770289942022404	0.350015854789873	0.726326798968072	NA
PA14_RS00935	10.6579783319687	-0.401415617986852	0.665119733487003	-0.603523843567778	0.546160258541525	NA
PA14_RS00940	5.5193859743081	0.236015157306415	0.917384378963525	0.257269649144309	0.796970620541047	NA
PA14_RS00955	4.08788387425946	0.43895810960777	1.03499599547552	0.424115756511788	0.671481394917317	NA
PA14_RS00975	4.5039255953165	5.60858063660161	1.52818035325217	3.67010387528266	0.000242451923472454	NA
PA14_RS00980	6.55091887867406	1.18961944618571	0.831335533847088	1.43097389411545	0.152437697189578	NA
PA14_RS00990	9.29030021681352	0.388938166374832	0.874253570642298	0.444880272080657	0.656406280096391	NA
PA14_RS01000	2.31573888634531	-0.265452853378666	1.44636807864198	-0.183530636010651	0.854381682938684	NA
PA14_RS01005	6.28943786587235	0.640382615117554	0.846927626973548	0.75612436614676	0.449574634252817	NA
PA14_RS01010	4.00695759888468	2.05694606454053	1.1682562667261	1.76069765095707	0.0782895905568985	NA
PA14_RS01030	2.28645037814285	1.80629096541514	1.43629361173815	1.2576056529481	0.208534407954805	NA
PA14_RS01035	0	NA	NA	NA	NA	NA
PA14_RS01040	0.778878056490013	-0.391847942342793	2.70256921992369	-0.14499089956847	0.884718056956279	NA
PA14_RS01045	2.58168360048989	3.70415845422451	1.65992193690415	2.23152569519805	0.0256463274159504	NA
PA14_RS01050	3.49422606014014	1.18088387736605	1.1693135544397	1.00989497032889	0.312545612657497	NA
PA14_RS01055	3.52282332209082	4.18841125897799	1.58162209646553	2.64817447122032	0.00809277471844934	NA
PA14_RS01080	10.0756142379306	0.70856979081659	0.719010581391163	0.985478947257812	0.32438886755261	NA
PA14_RS01085	8.33851729223016	-0.234439266762342	0.880503308979848	-0.26625597470379	0.790042076694768	NA
PA14_RS01090	2.0869436602491	0.263852880755759	1.52198165571211	0.17336140666709	0.862367358757908	NA
PA14_RS01095	2.05032020250061	-0.375421430980681	1.64225619966154	-0.228601013080696	0.819179037092617	NA
PA14_RS01105	10.138991453089	0.583069793769702	0.661059781408535	0.882022791535346	0.377764482317889	NA
PA14_RS01120	5.47855166058538	-0.0473706681803624	0.922456939546433	-0.0513527148526351	0.95904446310447	NA
PA14_RS01125	6.72270115061281	0.519323900362811	0.807983081683847	0.642741057499042	0.520392135073241	NA
PA14_RS01145	6.77952454345172	-0.416451978870408	0.831054876241932	-0.501112490613884	0.616291956694349	NA
PA14_RS01160	7.883952869705	-0.728904709023245	0.855181182982844	-0.852339508314307	0.394025683938865	NA
PA14_RS01170	7.16241753356376	-1.24432714591506	0.80316284347244	-1.54928375487998	0.121313523173418	NA
PA14_RS01175	7.13858069310008	-0.101662476948369	0.796518811088884	-0.127633491554821	0.898439025455626	NA
PA14_RS01185	1.90447465280958	0.203709737378716	1.48661423112673	0.137029320124509	0.891007619598149	NA
PA14_RS01190	6.80210128298793	0.379152272396917	0.852742841195011	0.444626743351586	0.656589517564244	NA
PA14_RS01195	10.0379113230066	0.751060401358145	0.694451892328045	1.08151537875479	0.27946792357006	NA
PA14_RS01220	6.55628300518043	1.36111687495941	0.858462750821069	1.58552817074192	0.112846381608908	NA
PA14_RS01300	6.51799820416401	-0.693869771268779	0.886570257405029	-0.782644991159212	0.43383561345853	NA
PA14_RS01450	7.24117913531078	0.920338233877723	0.804596376936984	1.14385083037704	0.252685505429566	NA
PA14_RS01455	5.8436240052222	0.463463685849873	0.892692094851425	0.519175299661423	0.60363850208353	NA
PA14_RS01465	9.17763153471308	0.643668817540322	0.74751583917176	0.861077162262543	0.389195546406839	NA
PA14_RS01480	8.55600342670203	1.52681805047543	0.8161753824804	1.87069848374421	0.0613868851068227	NA
PA14_RS01660	7.55384907388114	1.91931674423539	0.8459635656164	2.26879362450664	0.0232808788678477	NA
PA14_RS01710	9.11870883779212	0.527179786053614	0.782522330253268	0.673692961430237	0.50050653765376	NA
PA14_RS01720	10.3415363368214	1.07654926859416	0.680244407730653	1.58259186898075	0.113514517966225	NA
PA14_RS01725	7.0549581005271	1.66937517065343	0.937250245804522	1.78114135272428	0.0748893616397025	NA
PA14_RS01730	5.10631765917332	0.83578474151952	0.961698546679429	0.869071440739235	0.384808056452884	NA
PA14_RS01845	4.53890709377878	0.701862556840548	1.01941351701635	0.68849641987756	0.491140224028614	NA
PA14_RS01855	3.94591944627872	-0.907966565838157	1.14338604335232	-0.794103243709417	0.427135329418269	NA
PA14_RS02320	7.68932063767704	-1.2048578379582	0.815902989032149	-1.476717029052	0.139751505456335	NA
PA14_RS02325	5.30577656657137	-0.607119692152173	0.946722772852312	-0.641285611333745	0.521337135907308	NA
PA14_RS02380	4.20926412329452	1.10608532700602	1.21147614746518	0.913006276945961	0.36123924027837	NA
PA14_RS02450	0.917407322341668	0.653577924516697	2.39250458961801	0.273177291844213	0.784716934816047	NA
PA14_RS02455	2.83392538445739	1.1016140322579	1.40089505688098	0.786364422407621	0.431654020391553	NA
PA14_RS02480	3.2378707825949	2.42436224554536	1.37255001363888	1.76631978540289	0.0773422140506308	NA
PA14_RS02485	7.21521343064195	1.14408233571234	0.884100365633566	1.29406386444876	0.195643361995514	NA
PA14_RS02495	1.44652674798179	-2.039621553292	2.01451858224885	-1.01246102729671	0.311317671823412	NA
PA14_RS02505	7.28613531556282	-0.690908690274369	0.829095169624435	-0.833328567801617	0.404659448852588	NA
PA14_RS31630	4.06665704538187	-0.880344512795345	1.30544356936992	-0.674364280043333	0.500079746324372	NA
PA14_RS02725	1.77645463989487	-1.48950105437577	1.75299702863675	-0.84968829384389	0.395498408403062	NA
PA14_RS02765	4.06668968348377	1.79817650083433	1.20219581116866	1.49574344223203	0.134720524906348	NA
PA14_RS31340	3.10391456441852	-1.88206468477205	1.30698257198622	-1.44000748373552	0.14986528178213	NA
PA14_RS02870	10.5411686775633	1.15287185221184	0.665643509578713	1.73196588807949	0.0832796361712927	NA
PA14_RS31345	7.45575514791047	0.0309043318280713	0.941585351046724	0.0328215937022768	0.973816858203909	NA
PA14_RS02965	7.04732588875672	-0.511560139799556	0.787169733152444	-0.649872725353488	0.515774437398076	NA
PA14_RS02970	4.65690889238537	1.49399659398007	1.01804907679514	1.4675094040488	0.142237532955148	NA
PA14_RS31350	5.52100094069033	-0.393493820899538	0.906639645106285	-0.434013472743528	0.664278657561664	NA
PA14_RS03385	9.49967088783664	0.797727888735701	0.797340764712611	1.00048551891515	0.317075602175001	NA
PA14_RS03455	0	NA	NA	NA	NA	NA
PA14_RS03460	1.01371808028349	3.43224123085335	2.25672608981859	1.52089402712106	0.128286433083275	NA
PA14_RS03465	5.38053727708007	-0.762454659397102	0.932558326454793	-0.817594608045208	0.413588707403756	NA
PA14_RS03745	0.929220501532924	3.32514624548643	2.47436749591215	1.34383685971458	0.179001147294616	NA
PA14_RS03750	4.83099176738199	-1.76873899904257	1.00969829919676	-1.75175000339176	0.0798168046028867	NA
PA14_RS03795	0.284621913702199	-0.0675329161436811	3.9576274630303	-0.0170639901745507	0.98638556640516	NA
PA14_RS03815	10.7035600248748	-0.906492121511972	0.767379470454382	-1.18128273743787	0.237490422629581	NA
PA14_RS03820	0	NA	NA	NA	NA	NA
PA14_RS03825	10.013999714765	-1.26243577047351	0.789420785460762	-1.59919246329024	0.109777844454368	NA
PA14_RS03830	3.98596430557764	-3.45215343618546	1.3923530895605	-2.47936637773048	0.0131616034623661	NA
PA14_RS03880	8.15431816081575	0.965688019199186	0.747847391968976	1.29129021451377	0.19660306253343	NA
PA14_RS03925	5.42948111624511	-0.590156719142939	0.967276445811456	-0.610122082160134	0.541780939770115	NA
PA14_RS03930	2.54906181980391	-0.633826393192221	1.50136972822908	-0.422165427525864	0.672904274375686	NA
PA14_RS03935	8.49136040252675	0.249366773673527	0.825651889489647	0.302024105858543	0.762633686721981	NA
PA14_RS04005	3.29330196787715	-1.95562260639016	1.29340624389129	-1.51199409746667	0.130535364128161	NA
PA14_RS04010	4.53059074299388	-1.05512347959807	1.02315370790482	-1.03124630389965	0.302425331720763	NA
PA14_RS04015	3.26504254096869	-0.915566419294313	1.22600227025965	-0.746790149989206	0.455190242271391	NA
PA14_RS04025	9.83977740689295	0.338166113160055	0.659326252869838	0.512896478318776	0.608023737018472	NA
PA14_RS04035	4.11890592850614	-0.264993644531221	1.14103173645608	-0.232240380407176	0.81635131596735	NA
PA14_RS04040	9.69410771166406	-0.390226311862191	0.693849591577077	-0.56240764079032	0.573838314374506	NA
PA14_RS04060	1.72924418440612	-2.34214450582819	1.90547438616315	-1.22916609262029	0.219009539014513	NA
PA14_RS04065	4.54834720625475	-0.712429725031644	1.07236359290209	-0.664354636568392	0.506463359571262	NA
PA14_RS04070	2.78472452395757	-0.877497986432121	1.38494672767721	-0.63359692390756	0.526343908845105	NA
PA14_RS04080	10.69504680832	0.100101247082514	0.753667848246778	0.132818783918373	0.89433669855655	NA
PA14_RS04095	0.605118431976302	-1.36241149935536	2.97585752392416	-0.457821481170507	0.647080701543891	NA
PA14_RS04100	0.894595447562572	-0.953340458086424	2.23907595521947	-0.425774059099742	0.670272491105955	NA
PA14_RS04105	5.00839499286658	1.0261984952412	0.998609580322066	1.02762732850033	0.304125163933152	NA
PA14_RS04110	2.64776978930326	-0.0606528831418008	1.35260673697742	-0.0448414764496424	0.964233664899504	NA
PA14_RS04125	3.93279580410545	-0.219078586748203	1.11142892541133	-0.197114346890984	0.843738056486925	NA
PA14_RS04135	4.84500110842669	-1.23115206755712	0.962275289839786	-1.27941773061855	0.200749993377395	NA
PA14_RS04140	1.14520172759554	-0.740926890442712	2.15619304341045	-0.343627344827525	0.731126557442318	NA
PA14_RS04145	0.466187264706176	-0.837372165024932	3.05419328016651	-0.274171307514395	0.783952976849976	NA
PA14_RS04150	4.10058785543985	1.02551580698283	1.27046252320933	0.807198786464212	0.419551964794004	NA
PA14_RS04155	1.09559406054925	-1.08001541162207	2.11441205031915	-0.510787578730953	0.609499807783182	NA
PA14_RS04160	1.388909951172	0.36997954948402	1.75628538024596	0.210660268339879	0.833152380084394	NA
PA14_RS04170	6.39085245545746	0.243925188255759	0.875947107434073	0.278470225183223	0.780651418318474	NA
PA14_RS04180	6.98860835714926	0.302567641403022	0.915136985183729	0.330625519787375	0.740927367330354	NA
PA14_RS04215	8.87262879588977	1.38166903327015	0.736365445496128	1.8763360525958	0.0606091494520115	NA
PA14_RS04260	2.35688516015509	-1.91068492535649	1.61095255112826	-1.18605909529632	0.235598962830797	NA
PA14_RS04265	1.35616019406872	-2.80367569218992	2.1152166075759	-1.32547923562449	0.18501225195803	NA
PA14_RS04270	7.11577436754042	0.134937163732857	0.886925972530593	0.152140277669231	0.879076296967506	NA
PA14_RS04275	2.33291201607678	0.324603548232896	1.43363285076093	0.226420277730527	0.820874558060157	NA
PA14_RS04280	6.93392212125076	-0.0906762808316379	0.814850105598621	-0.111279706793464	0.911394547082351	NA
PA14_RS04285	9.4999716178846	0.684313270270604	0.723983060406444	0.945206190164768	0.344553619803459	NA
PA14_RS04290	1.53216053123018	-1.31972667280548	2.14874834367411	-0.614183916274208	0.539093800406582	NA
PA14_RS04295	3.39124326426879	1.03182034028713	1.25860542859506	0.819812402556473	0.412323059581357	NA
PA14_RS04350	9.26237784322286	0.151303274648786	0.7008847484291	0.215874685514135	0.829085429891029	NA
PA14_RS04375	3.08263518597956	-1.51597840693327	1.25935146193503	-1.20377706522365	0.228675756473781	NA
PA14_RS04380	1.94798331256817	0.0774221752383901	1.55150922222197	0.0499012020872885	0.960201119371679	NA
PA14_RS04385	1.60256703896386	0.790502532571181	1.88682870255661	0.418958293087266	0.675246613358887	NA
PA14_RS04390	0.543922170655722	2.57420455918602	3.30148812164224	0.779710380392204	0.43556136744034	NA
PA14_RS04400	2.53854711965873	2.16372820482562	1.64742676192455	1.31339872268307	0.189048627702747	NA
PA14_RS04410	7.58104512136464	-0.0152893745366504	0.803238104966773	-0.0190346728350031	0.984813445492846	NA
PA14_RS04415	2.34615872953936	-0.935337110005323	1.34751749988992	-0.694118710949382	0.487607765379839	NA
PA14_RS04420	2.21554955825204	0.573541991330937	1.4506460379872	0.395370046387566	0.692569811626836	NA
PA14_RS04430	3.01712438137715	-0.666995263392509	1.30364360578568	-0.511639270451163	0.608903495990176	NA
PA14_RS04445	0.521278873541133	2.47190902035516	3.36807470081891	0.733923454771992	0.462995391236807	NA
PA14_RS04450	2.14094926057846	-1.03108215701439	1.60493885561473	-0.642443264057845	0.520585416326417	NA
PA14_RS04455	5.8557814185504	-0.303106546469645	0.902766080970293	-0.33575314010897	0.737057029548809	NA
PA14_RS04460	6.03982192390493	-0.261102442403759	0.919253279976077	-0.284037542308856	0.776381610335636	NA
PA14_RS04465	2.27722961702559	2.64115061156038	1.64559462171506	1.60498252528787	0.108497650407757	NA
PA14_RS04470	7.88440567525825	0.0890711571402476	0.76586072144639	0.11630203070348	0.907413176267106	NA
PA14_RS04475	0.504610592465805	-1.0507027742816	2.97584540606735	-0.353077069171454	0.72403066335498	NA
PA14_RS04485	7.60989369306273	0.612857604077304	0.808634597709296	0.757891890618345	0.448515705377163	NA
PA14_RS04505	6.09483325020461	-1.43704004349079	0.898283446473885	-1.59976235689496	0.109651312565696	NA
PA14_RS04510	8.66844592421316	-0.28677826302555	0.770852410526792	-0.372027458316657	0.709872405529948	NA
PA14_RS04520	5.15960215312689	0.921545448587967	0.934619417820523	0.986011451310263	0.324127493546327	NA
PA14_RS04525	6.10236483987712	-0.465587873437597	0.961536836859025	-0.4842122065323	0.628235274846954	NA
PA14_RS04530	7.41412593625013	0.809705725686286	0.802550143326739	1.0089160564222	0.313014894063591	NA
PA14_RS04535	1.91288259035248	-0.969772071522458	1.57613726852976	-0.615284018013909	0.53836717024031	NA
PA14_RS04685	6.82879176354023	-0.322439996297968	0.858211697247705	-0.375711490920057	0.707131394237268	NA
PA14_RS04690	7.28739553310396	0.65441925486611	0.895511553130496	0.730777009607989	0.464915368456091	NA
PA14_RS04695	10.1001424550866	0.430877942415484	0.759662033441089	0.567196889469004	0.570580421124171	NA
PA14_RS04700	1.88739235593929	-0.704693764912518	1.63872956961091	-0.430024439651648	0.667177863216946	NA
PA14_RS04705	7.06648596580817	-1.06536059766527	0.811716089446228	-1.31247934039608	0.189358452274564	NA
PA14_RS31355	1.76034558312845	1.99162827316827	1.81282381364099	1.09863311491267	0.271928127448121	NA
PA14_RS05075	5.78120577403854	0.458773136756927	0.924280643938643	0.496356966648089	0.619642580895552	NA
PA14_RS05095	9.95341704971172	-0.440730994690949	0.689314303987626	-0.639375959763719	0.522578384250511	NA
PA14_RS05210	10.0110256853865	-0.274236864829277	0.676321493308971	-0.405482995206237	0.685122515474162	NA
PA14_RS05215	7.98589491600761	0.356835786507082	0.82774737875669	0.43109262036331	0.666401026256972	NA
PA14_RS05220	6.88536818866018	0.818306274867859	0.926788762197527	0.88294799014131	0.377264372939859	NA
PA14_RS05310	3.02961663208698	-1.46415369616943	1.29945448717731	-1.12674488457836	0.25985035931006	NA
PA14_RS05315	4.3568231197131	0.346773386741295	1.09665377262675	0.316210453469456	0.751842773807918	NA
PA14_RS05325	1.90616195240867	0.536315180573653	1.84239241446025	0.291097149751767	0.770977019753615	NA
PA14_RS05340	9.45759684467644	0.760332942407848	0.700488578534576	1.08543231925132	0.277730224557875	NA
PA14_RS05365	9.1078191088244	-0.674136464933602	0.776014130218803	-0.868716739402057	0.3850020832556	NA
PA14_RS05410	4.03297790912333	0.240472385626197	1.06799986835351	0.225161437516771	0.821853687587736	NA
PA14_RS05450	0.148641371038268	-1.02931425121823	4.0804728567969	-0.252253669450022	0.80084499674674	NA
PA14_RS05465	8.86663770132447	0.191089313065978	0.830023079530047	0.23022168633452	0.817919511153114	NA
PA14_RS05470	9.72294829842197	-0.118322297696482	0.694052318967925	-0.170480372246909	0.864632369086361	NA
PA14_RS05500	9.66633956363038	-0.543095934373128	0.742908375750042	-0.731040262972963	0.46475456033463	NA
PA14_RS05540	8.53749743774379	-0.590628336004316	0.821982119120008	-0.71854158656958	0.472423415679701	NA
PA14_RS05555	3.58437545020133	-1.39999464482246	1.27727371590897	-1.09608036819747	0.273043605117676	NA
PA14_RS05565	8.74696305354314	-0.537917950159812	0.717216556485143	-0.750007714261341	0.453250058661474	NA
PA14_RS05580	9.64854011362578	0.237044725174045	0.698840334296065	0.339197258001455	0.734461134755254	NA
PA14_RS05720	5.91759452123718	-0.852784758721496	0.997538324937832	-0.854889218190833	0.392612480016434	NA
PA14_RS31200	5.25483435924995	-0.711641078435508	0.978515933501556	-0.727265703164328	0.467063203786801	NA
PA14_RS06070	10.2143143511051	-0.412679752881872	0.668938126553805	-0.616917673698598	0.537289028760028	NA
PA14_RS06075	3.58958966474984	0.732941474932842	1.28320848019687	0.571178796153524	0.567878449948838	NA
PA14_RS06080	0.927519427528281	-0.825796926895192	2.35617724497464	-0.350481666290806	0.725977246878739	NA
PA14_RS06085	0.491305518181619	0.917166188638827	3.22430869137798	0.284453591894409	0.776062793957885	NA
PA14_RS06090	3.58291003969291	-1.05114491096433	1.36169442091713	-0.77193891288499	0.440150608754133	NA
PA14_RS06140	6.69226264171211	-0.419023406134078	0.916922923143628	-0.45698869071511	0.647679174282573	NA
PA14_RS06145	0.619683737628516	-1.40190730121099	2.9520484972226	-0.47489304546655	0.634863208640486	NA
PA14_RS06160	2.39764404702187	-1.84020021856135	1.68806082293012	-1.09012672622018	0.275657324825203	NA
PA14_RS06165	7.92527968409592	-0.459941536132097	0.757675614098459	-0.60704281301091	0.543822500094648	NA
PA14_RS06175	6.24827296197767	-0.399334335632012	0.830112464050372	-0.481060522430343	0.630473484636493	NA
PA14_RS06205	1.45045877382685	-0.94125539885577	1.79473652525108	-0.524453247377962	0.599963329596575	NA
PA14_RS30155	8.94079296287401	-0.0596386611335043	0.762477223291206	-0.0782169739786799	0.937655460099519	NA
PA14_RS06360	3.07296558345862	0.36849111153057	1.24373233377305	0.296278468866929	0.767017427554782	NA
PA14_RS06530	3.3134023174425	1.07299568619612	1.22629355874706	0.874990884965941	0.381578865305951	NA
PA14_RS06580	8.60421477058226	-0.116400595674814	0.742911370536661	-0.156681671988314	0.875495732295557	NA
PA14_RS06720	8.78754676566098	1.07013330408769	0.76324375853837	1.40208588948964	0.160889600174853	NA
PA14_RS06770	4.4914024021556	1.1713297420441	1.0725802004199	1.09206727999038	0.274803529924327	NA
PA14_RS07120	10.6750486303006	-0.437031603062544	0.677509170381063	-0.645056365534855	0.518890659288748	NA
PA14_RS07125	6.24080203724727	0.444940797390494	0.867420916403541	0.512946816218458	0.607988523762376	NA
PA14_RS07140	8.5360961280737	1.04770807411605	0.764225375641275	1.37094122690823	0.1703932782203	NA
PA14_RS07160	6.67016951973966	-0.861268486059324	0.873620754556167	-0.985860834426812	0.324201408342401	NA
PA14_RS07165	6.26697369674818	-0.615514842379168	0.899910576212744	-0.683973339850666	0.49399200078932	NA
PA14_RS07170	0.781426779677737	0.241506352799492	2.52976171565673	0.0954660477723282	0.923944657010883	NA
PA14_RS07180	0.755460877019213	3.03149682214572	2.66420601609568	1.13786126291701	0.255178418757333	NA
PA14_RS07185	8.77192463191397	0.591139081388138	0.779505607129991	0.758351288279519	0.448240710994544	NA
PA14_RS07195	5.11283489384389	0.774760913915801	0.945365971520856	0.819535436281259	0.412480992713295	NA
PA14_RS07285	2.66767147466105	-2.06262476710018	1.43657252486606	-1.43579577877037	0.151060461339571	NA
PA14_RS07310	1.32232455890039	2.68952781426718	2.17899784283128	1.23429576725627	0.217092712606707	NA
PA14_RS07345	6.56909850637316	-1.32563762767451	0.838205049818803	-1.58151949569031	0.113759304888731	NA
PA14_RS07350	10.4770369614956	-2.23479862831125	0.848724703799787	-2.63312546259811	0.00846030888391186	NA
PA14_RS07385	3.03506903989569	-0.474897756396122	1.25849939062965	-0.37735239280372	0.705911741204173	NA
PA14_RS07390	2.02682925620294	1.13054367419479	1.83318161331269	0.616711222709582	0.537425217491808	NA
PA14_RS07400	3.70014629696751	0.169306086143079	1.18641299573791	0.14270417363203	0.886523820375943	NA
PA14_RS07405	2.42359219010599	-0.857327689775523	1.41707638209689	-0.604997515029436	0.54518064782514	NA
PA14_RS07410	3.02912718943609	-1.98566209504215	1.32536078639688	-1.49820495326436	0.134080009120336	NA
PA14_RS07415	1.30355330240195	-1.02999306459475	2.05461433611199	-0.501307250948049	0.616154903007212	NA
PA14_RS07420	0.143786269154197	-1.02931425121823	4.0804728567969	-0.252253669450022	0.80084499674674	NA
PA14_RS07425	3.33045798546083	0.691292233833433	1.2997847523235	0.531851318149162	0.594828976553712	NA
PA14_RS07430	9.74528593856574	-0.262176276671411	0.673907612374851	-0.389038900669932	0.697247370087779	NA
PA14_RS07520	10.162953162504	0.529269106570771	0.739783133366466	0.715438190868549	0.474338320849108	NA
PA14_RS07530	6.92174417037025	0.521047357516005	0.918629213135307	0.567200944696344	0.570577666287678	NA
PA14_RS31215	1.26237784818137	0.862041805277962	2.10396175319486	0.409723134923415	0.682009057135914	NA
PA14_RS07535	6.34221099546136	-0.574150574492388	0.987024092003309	-0.581698642560048	0.560769686035175	NA
PA14_RS31370	5.68720939356013	-1.23309333016037	0.93400525287915	-1.32022097987057	0.186761249295233	NA
PA14_RS07540	8.24091313734064	0.0320862712471653	0.787635795293231	0.0407374467220854	0.967505208194514	NA
PA14_RS07545	1.91884220038648	-0.966098203270817	1.50234450904033	-0.643060361626336	0.520184933519441	NA
PA14_RS07550	9.68882244790985	-0.072269249490644	0.676457359822711	-0.106834892755967	0.91491996546172	NA
PA14_RS07555	6.08185080294708	0.397585749386652	0.915261808114407	0.434395651453813	0.664001154998791	NA
PA14_RS07710	7.81677965041568	-2.11389908084196	0.861703240918687	-2.4531636652408	0.0141605893690174	NA
PA14_RS30210	0.594565484153073	-2.76643214499419	3.19468311283635	-0.865948842900431	0.386518216429581	NA
PA14_RS07800	3.50178057286148	-1.36683011233446	1.24968026873237	-1.09374385315448	0.274067335249692	NA
PA14_RS07805	4.08791961982732	0.105874464199928	1.19361241061072	0.0887008741353124	0.929319637816245	NA
PA14_RS07810	0.609973533860373	-1.38254701034694	2.75271821063421	-0.502247925343731	0.615493134832052	NA
PA14_RS07815	7.09289287716563	0.782312546872175	0.835481942825712	0.936360807782739	0.349087449703399	NA
PA14_RS07820	5.94816283264657	2.15920117485458	0.960020824983743	2.24911910102695	0.0245049196091091	NA
PA14_RS07825	1.24974620021783	2.61155095516574	2.03625554398568	1.28252613621078	0.199658142529631	NA
PA14_RS07830	1.35378980935284	0.448993394908371	1.90179370455017	0.236089431694996	0.813363274451174	NA
PA14_RS07835	0.668044947712332	1.50789069704606	2.67702256150597	0.563271568468887	0.573249975278374	NA
PA14_RS07840	1.39370669223446	-0.8231634558615	1.99149519101661	-0.413339414312768	0.679357956457661	NA
PA14_RS07900	4.9828406219933	-1.27119854157861	0.989026580747704	-1.28530270704918	0.198686524582655	NA
PA14_RS07905	4.86393112142558	0.627191670206923	1.03554295940232	0.605664559362094	0.544737522641027	NA
PA14_RS07920	5.71896719909863	0.565944123930657	0.905814073096592	0.624790606306143	0.532108496764342	NA
PA14_RS07935	5.56419434873309	1.01305941392489	0.89003336350342	1.13822633562545	0.25502598450979	NA
PA14_RS07940	4.71949591305013	-0.289230004866733	1.03820749267704	-0.278585934802827	0.780562607943847	NA
PA14_RS07945	7.88335062303061	-0.311899349296725	0.826138074199784	-0.377539008353824	0.70577308096249	NA
PA14_RS07960	4.83574807325956	-0.536195116025288	0.956644884142443	-0.56049546170515	0.575141534335199	NA
PA14_RS07970	5.31497048702007	0.304090513303434	1.01291535987457	0.300213152401093	0.764014573364375	NA
PA14_RS08010	8.0071803175234	0.0521542838718424	0.822225160962523	0.0634306590797938	0.949423573984885	NA
PA14_RS08015	4.28431186068915	-1.03133624762959	1.12886262559171	-0.91360651353747	0.360923642592728	NA
PA14_RS08020	2.06888228008734	-1.783209395685	1.57756053568944	-1.13035877568127	0.258325077419391	NA
PA14_RS08025	0.803166420356781	-0.277715614644388	2.70245004818146	-0.102764384056338	0.918149972969831	NA
PA14_RS08030	0.173759624513711	0.894239100424256	4.0804728567969	0.219150851336925	0.826532539762155	NA
PA14_RS08110	2.60096301110014	-0.765965586666491	1.39961602585777	-0.547268373979258	0.584194368099686	NA
PA14_RS08135	8.75233330697092	-0.365110431306004	0.751667728614546	-0.485733812171191	0.627155907281174	NA
PA14_RS08140	2.68555863196038	1.07352777337902	1.38944854719815	0.772628663036	0.439742176137793	NA
PA14_RS08145	2.9825107482432	-0.29380310128348	1.22035927639622	-0.240751315588877	0.809747864357122	NA
PA14_RS08150	1.24992042308026	-0.564213309258061	2.07015974091153	-0.272545783838703	0.785202392702454	NA
PA14_RS08155	0.353478859061425	1.90753950129613	3.93247998212873	0.485072908181351	0.627624628887297	NA
PA14_RS08160	0	NA	NA	NA	NA	NA
PA14_RS08165	1.0768050444764	-1.47177909544012	2.11841670583505	-0.694754290497331	0.48720929830644	NA
PA14_RS08170	3.90524628915543	0.0663069854080275	1.06349182648809	0.0623483733081331	0.950285407049994	NA
PA14_RS08175	0.962103880251428	-3.40163625588016	2.47120680127719	-1.37650813121836	0.168664371653781	NA
PA14_RS08180	0	NA	NA	NA	NA	NA
PA14_RS08185	7.00706385177901	0.307833741003261	0.874101728617495	0.352171527552222	0.72470962857814	NA
PA14_RS08200	9.60706392935724	0.597230092048184	0.736021171401857	0.81143058821348	0.417118439106138	NA
PA14_RS08205	2.40992004001205	-1.51399904284981	1.50926571976526	-1.00313617610376	0.315795162178315	NA
PA14_RS08270	5.47718851760144	-0.719758685074506	1.00329737137372	-0.717393173360967	0.473131530666554	NA
PA14_RS08290	9.02053927131556	0.544413165801916	0.695295047720822	0.782995891580851	0.433629524645347	NA
PA14_RS08460	7.97035002060545	-0.091363212473148	0.750974250325041	-0.121659580782701	0.903168625244214	NA
PA14_RS08465	6.48448741915093	-0.81195191978742	0.911062528948621	-0.891214262455097	0.372814234357773	NA
PA14_RS08470	7.86234847874287	0.0121972688943326	0.946718337978783	0.0128837357480298	0.989720550544047	NA
PA14_RS08480	7.4768929554158	0.569360783408702	0.818531420301091	0.695588183040385	0.486686768693891	NA
PA14_RS08485	4.25038794421848	-0.0260796661070891	1.01043180388379	-0.0258104168998312	0.979408553133299	NA
PA14_RS08490	8.88924273323972	-0.825163391064821	0.797522035304204	-1.03465904957732	0.300828166668963	NA
PA14_RS08570	0	NA	NA	NA	NA	NA
PA14_RS08605	7.81339444053485	-0.115575661841145	0.970353214175626	-0.119106795497487	0.905190747042971	NA
PA14_RS08615	5.88587567151929	0.764495904270456	0.912389885337253	0.837904843703819	0.40208414818822	NA
PA14_RS31380	8.1921960705994	-1.27106317902377	0.82068873440432	-1.54877619947634	0.121435528853534	NA
PA14_RS31635	4.14758658045805	0.187812719663757	1.16381846275237	0.161376301953133	0.871797030330897	NA
PA14_RS08650	9.60213744614282	-0.872522221843608	0.69588824524436	-1.25382520513365	0.209905545668999	NA
PA14_RS08660	7.26591493889859	-0.800807190424586	0.782459694125895	-1.02344848742553	0.306095843887956	NA
PA14_RS08705	2.91016261967553	-0.319977557209457	1.38123178248226	-0.23166101538325	0.816801312909935	NA
PA14_RS08730	2.74331482602388	-0.00529681359519841	1.25620332258637	-0.00421652570086577	0.996635709212058	NA
PA14_RS08855	9.25045169764017	0.242645827257531	0.872087317409681	0.27823570233569	0.780831429950831	NA
PA14_RS08860	8.79553579610782	0.254773642556385	0.815043677251973	0.312588944208962	0.754592978744577	NA
PA14_RS08865	6.38864253302535	-1.76283503953215	0.909306234217229	-1.93865935720728	0.0525428306638291	NA
PA14_RS08875	9.48027871895716	-0.102713739340406	0.783834988897978	-0.131040003055764	0.895743662366511	NA
PA14_RS30260	10.4222061829695	-1.69693417789327	0.894150626588808	-1.89781690850801	0.0577202050435816	NA
PA14_RS08960	5.50219999013021	-0.0196709475873092	1.11300978519765	-0.0176736519740625	0.985899200043598	NA
PA14_RS31220	2.46734230282617	1.17400733840066	1.56599774076934	0.749686482832277	0.453443550461811	NA
PA14_RS08970	6.42168961990213	-2.23764299841661	0.953749748870243	-2.34615317180129	0.0189683105318312	NA
PA14_RS31225	9.16420868838597	-1.53863160732507	0.736639573631299	-2.08871700951431	0.0367332047801425	NA
PA14_RS30265	8.20474358849177	-0.94578116520653	0.862215782946745	-1.09691933726171	0.272676654778474	NA
PA14_RS30270	2.11755150071113	-0.775386863770219	1.47373946918828	-0.526135643362589	0.598793965149601	NA
PA14_RS08985	6.44187265502055	-1.17772903878519	0.926261758581332	-1.27148619477609	0.203555735646543	NA
PA14_RS08995	8.52609897879566	-0.777721917433054	0.73200285792723	-1.0624574877143	0.288028047702813	NA
PA14_RS31230	8.46885024530388	-1.58959145706074	0.820923612583172	-1.93634515160165	0.052825442266334	NA
PA14_RS09000	0.224843780647678	-1.02931425121823	4.0804728567969	-0.252253669450022	0.80084499674674	NA
PA14_RS31235	2.33225399576138	-0.732306752480541	1.41796986149964	-0.516447332460266	0.605542014572306	NA
PA14_RS30280	4.34040101683815	-0.69129193649149	1.17401783378138	-0.588825754260407	0.555978167435364	NA
PA14_RS30285	5.07576246425116	-1.5476197554276	0.974573584705979	-1.58799682211221	0.112287057727697	NA
PA14_RS30290	6.49182168898376	-0.717521081674399	0.955641445277494	-0.750826667491435	0.452756978070571	NA
PA14_RS09035	2.61880466202427	1.5929750426276	1.39945964784701	1.13827865282025	0.255004144920034	NA
PA14_RS09060	10.0708005587396	-1.20921564466732	0.712028085867592	-1.69826958889398	0.0894568917026562	NA
PA14_RS09065	6.32801765691999	0.629904058439246	0.908352904224362	0.693457416726286	0.488022540526494	NA
PA14_RS09110	7.5781884232587	-0.315286395964649	0.747060698491298	-0.422035848762189	0.672998851258868	NA
PA14_RS09115	2.44354172158123	0.868755661067632	1.32552072315976	0.655407075791844	0.512205697018112	NA
PA14_RS09120	9.84456759662525	-0.529968538752233	0.745593678265372	-0.710800740673135	0.47720772159629	NA
PA14_RS09125	9.20572784926573	-0.673588040349142	0.797482533897272	-0.844643000590042	0.398310192834425	NA
PA14_RS09155	4.44541552633476	-1.21808869427248	1.04291497166752	-1.16796548842795	0.24282068607076	NA
PA14_RS09800	10.4219155982422	-0.907703219174465	0.691371335747039	-1.31290259263305	0.189215773157506	NA
PA14_RS09925	1.98264628578632	-1.5426725113323	1.76810654385348	-0.872499746519879	0.38293580638654	NA
PA14_RS09930	6.43201107006278	0.871836546989343	0.897770031747022	0.971113443487066	0.331491790032994	NA
PA14_RS09935	3.91204320986319	-0.811345493756047	1.21243361488362	-0.669187561113542	0.503375840008636	NA
PA14_RS09940	3.3906209538995	0.50945649135706	1.1717948507992	0.434765941333156	0.663732328935659	NA
PA14_RS10050	4.76126268574028	-0.314058083818527	1.07396107692663	-0.292429670465592	0.769958125414655	NA
PA14_RS10055	8.50330251002182	-1.2198267877896	0.73455620420119	-1.66063097801498	0.09678758342214	NA
PA14_RS10060	8.0021889120247	-0.335621711450139	0.748589523973945	-0.448338776728353	0.653908719416151	NA
PA14_RS31645	5.59044941633571	-1.54421296980512	0.98642591836303	-1.56546268813348	0.117474459517075	NA
PA14_RS10610	9.18193613729835	-0.0319161091552747	0.791655489530886	-0.0403156544448233	0.967841473483228	NA
PA14_RS10625	6.72596539533514	-0.0714033154397913	0.820616937145551	-0.0870117495846014	0.930662172713121	NA
PA14_RS10630	0.350499054044424	1.89391143379403	3.61558588492638	0.523818682247286	0.60040465801492	NA
PA14_RS10635	1.35575338752225	1.78382130623822	1.9414812103855	0.918794009798339	0.358203326260043	NA
PA14_RS10640	1.47835907424398	-1.8901795968201	1.93042001464891	-0.979154579043189	0.327503607360425	NA
PA14_RS10645	0.143786269154197	-1.02931425121823	4.0804728567969	-0.252253669450022	0.80084499674674	NA
PA14_RS10650	1.18514779088797	-1.51590634646793	2.04106616157157	-0.742703188661323	0.457661398819077	NA
PA14_RS10665	0.66105768999434	-2.895143173065	2.62067793793305	-1.10473062376693	0.269276329685401	NA
PA14_RS10670	3.45133501743944	0.268159908647354	1.10410187873431	0.242876055020176	0.808101415574812	NA
PA14_RS10690	4.02948907948404	0.0148960956574258	1.07810438773504	0.0138169325965926	0.988976033564518	NA
PA14_RS10695	3.79543269885411	-0.795924218019887	1.08303621664796	-0.734900833218027	0.462399890895081	NA
PA14_RS10700	4.75921408596992	1.00286415569678	1.01930898613563	0.983866687469132	0.325181064819174	NA
PA14_RS10735	7.45387366376526	0.745127741209308	0.780412552611689	0.954786976088098	0.33968543495292	NA
PA14_RS10795	9.90784930740599	-0.372826031082727	0.772233944058856	-0.482788970817776	0.629245582735596	NA
PA14_RS10800	5.44268484296396	0.540715773777282	0.988901113982721	0.546784472311485	0.584526812093757	NA
PA14_RS10805	7.93471180149921	0.934828780880885	0.925774329110792	1.0097804092049	0.312600508141256	NA
PA14_RS10810	2.28350539873457	-0.139355066581371	1.39584574460691	-0.0998355779066515	0.920474862056138	NA
PA14_RS10815	6.15792490770893	-1.27883088355513	0.957634828499204	-1.33540556953145	0.181743642893715	NA
PA14_RS10820	2.64521216121622	-2.75018673633381	1.63285325306079	-1.68428285345212	0.0921270175246051	NA
PA14_RS10825	0.73835175330727	-3.08413644760303	2.71112546933731	-1.13758528791251	0.255293692747837	NA
PA14_RS10855	6.31647424059065	-0.952597118020121	0.918933576546646	-1.03663326962106	0.29990680204317	NA
PA14_RS10860	10.6571161683102	-0.305868448997783	0.659172415619523	-0.464018884513413	0.642634215780026	NA
PA14_RS10870	2.37045851424252	1.21357044111307	1.41720735977676	0.856311133823237	0.391825704417837	NA
PA14_RS10945	3.57737512622034	0.392275768989022	1.12518427623084	0.348632466055314	0.727365250805984	NA
PA14_RS11025	4.60847069139505	-1.63136324687231	1.04397825364874	-1.56264102357557	0.118137053415833	NA
PA14_RS11040	1.79869769562005	0.490261399392949	1.6492447220547	0.297264191806635	0.766264817438321	NA
PA14_RS11075	3.16966627990228	-0.588882354736791	1.38398255834718	-0.425498393158989	0.670473392722703	NA
PA14_RS11080	4.26495398994062	-0.216270669429484	1.14133924189782	-0.18948850743962	0.849709961668464	NA
PA14_RS11085	4.36733781985828	-1.18741494371036	1.0373718235542	-1.14463774391142	0.252359250347405	NA
PA14_RS11100	10.3627037326828	-0.976918019069459	0.686501935325058	-1.42303753099675	0.154725275702401	NA
PA14_RS11190	2.14173382370114	0.259017300687117	1.55054429868364	0.167049274830144	0.867331277890108	NA
PA14_RS11195	3.47378868568635	2.18731896451889	1.25533719180137	1.74241548709328	0.0814357678907897	NA
PA14_RS11200	0.87773753761956	3.21934989309389	2.54317154069826	1.26587996191951	0.205556061427713	NA
PA14_RS11205	0	NA	NA	NA	NA	NA
PA14_RS11210	5.83132934652536	-0.931278389344803	0.923874439440172	-1.00801402180703	0.313447730830729	NA
PA14_RS11215	0.645446237013807	-0.336095162657758	2.72877798798753	-0.123166913591834	0.901974925169175	NA
PA14_RS11220	0	NA	NA	NA	NA	NA
PA14_RS11225	0.49616062006569	0.917007692005922	3.21312545091452	0.285394300974126	0.775342073233904	NA
PA14_RS11250	8.45959061305232	0.630499535178286	0.712747999302397	0.884603725012751	0.376370396912777	NA
PA14_RS11280	9.74274697618535	-0.0160491150653065	0.676396260500616	-0.0237273858572609	0.981070061396971	NA
PA14_RS11285	1.87944468063648	0.59665714364832	1.67770091747621	0.35563975523473	0.722110367207137	NA
PA14_RS11300	4.37276264692851	1.1347107396817	1.08435248473036	1.04644085356051	0.295357539144077	NA
PA14_RS11305	3.88930111674211	0.494740329949026	1.19802124962061	0.412964569790143	0.679632572164835	NA
PA14_RS11385	10.3171887060008	-0.241798846352748	0.665281727530911	-0.363453310599927	0.716266284358985	NA
PA14_RS11390	4.75153636782433	-3.24717118696619	1.27382459537704	-2.5491509574794	0.0107985546301501	NA
PA14_RS11395	0.224843780647678	-1.02931425121823	4.0804728567969	-0.252253669450022	0.80084499674674	NA
PA14_RS11400	3.96271405834475	2.41466567656842	1.24196939812366	1.94422316702525	0.0518685452366924	NA
PA14_RS11405	7.29009726188861	-0.48888455382503	0.782396278672059	-0.62485541809427	0.532065954661046	NA
PA14_RS31750	0.768121705393551	1.78081672252727	2.52441964500237	0.705436089460317	0.480538891507567	NA
PA14_RS11425	3.80798419472293	0.321248874007596	1.25457619213754	0.2560616692879	0.797903218936111	NA
PA14_RS11430	5.86460101831911	-0.416043460457992	0.911987857672289	-0.456194078635959	0.648250423073156	NA
PA14_RS11495	5.65018238896657	1.23466830897096	0.985807290489574	1.2524438811543	0.210408165119758	NA
PA14_RS11500	3.33469710188672	0.246769193804009	1.21388087728621	0.203289464741956	0.838908789526278	NA
PA14_RS11525	0.864447869340631	2.01671559846414	2.44566251015921	0.824609115152544	0.409593544743746	NA
PA14_RS11610	3.88013945651639	1.04392308283929	1.11415113135063	0.936967215187223	0.348775422318807	NA
PA14_RS11615	9.96031833394226	1.80594886089482	0.732932876561443	2.46400307401605	0.0137394933071943	NA
PA14_RS11620	10.1481059753398	0.726722040951255	0.704623475425882	1.03136223287482	0.302370984573662	NA
PA14_RS11630	7.70414370842835	0.710389033638683	0.803132225999817	0.884523134100765	0.376413879836611	NA
PA14_RS11655	7.63475420323394	-0.250601754422253	0.900417187432385	-0.278317382120242	0.78076873403757	NA
PA14_RS31525	1.23325214200493	-2.68232384056758	2.04746866921661	-1.3100683204075	0.190172724273477	NA
PA14_RS11780	8.5624816917251	0.185718241716615	0.741280633688442	0.250537021036856	0.802172078704814	NA
PA14_RS11785	6.65338621267193	-1.84073165172483	1.00541735079503	-1.83081349279408	0.0671283857212798	NA
PA14_RS11790	2.88893180562908	0.218626372436724	1.3722751902232	0.159316712853466	0.873419353976458	NA
PA14_RS11795	6.50173342417949	-0.0197955946039422	0.883835289929062	-0.0223973797261829	0.98213097050432	NA
PA14_RS11800	0.92266432564421	-0.803889531481749	2.54169809800773	-0.316280494568519	0.751789614923595	NA
PA14_RS11805	1.17288812386218	-1.26721611333857	2.18935230346059	-0.578808678409388	0.562718274719098	NA
PA14_RS11835	0.415747354482058	0.632805835725454	3.42656069760683	0.184676674826573	0.853482642258434	NA
PA14_RS11905	4.36695043291528	-0.35245789399682	1.09698013874375	-0.321298336723263	0.747984316754315	NA
PA14_RS11910	3.68202094640797	-0.599288544843272	1.07338031360193	-0.55831892689763	0.576626622857611	NA
PA14_RS11965	2.4181932379909	0.4703695415905	1.51851673147324	0.309755916310618	0.756746577479564	NA
PA14_RS11970	4.73653038559782	-0.266005403631635	0.978860430274075	-0.271750083469157	0.785814188809661	NA
PA14_RS11980	9.33063022396031	0.598043716383709	0.724477614145243	0.825482671523668	0.409097616653728	NA
PA14_RS11995	5.10319685723028	-0.79108000018354	0.921899817128815	-0.858097577942141	0.390838584671575	NA
PA14_RS12035	3.69632448796534	-0.335136979421238	1.10207912530416	-0.304095206710993	0.76105535852117	NA
PA14_RS12040	1.59534955113098	-1.14823815202921	1.80764340575297	-0.635212757325285	0.525289664021985	NA
PA14_RS12045	3.01032746066939	0.446099573796796	1.37558010208121	0.324299234280767	0.745711499341269	NA
PA14_RS12050	1.31207615009915	0.92978979850322	2.08302194122679	0.446365820782291	0.655333017865734	NA
PA14_RS12055	2.90605868891543	0.468509409995541	1.34387408570806	0.34862597246132	0.727370126456978	NA
PA14_RS12060	8.61157656079683	-0.172674596848986	0.762775872757767	-0.226376584545985	0.820908538078371	NA
PA14_RS31405	5.99515199484713	0.771646084124325	0.895781785773995	0.861421940453487	0.389005696359375	NA
PA14_RS12070	7.4939127474257	-1.40352583169806	0.792444102550852	-1.77113543678369	0.0765381824123513	NA
PA14_RS12095	9.98600622791757	-0.894995163832345	0.664307103740226	-1.34726116700135	0.177896134218053	NA
PA14_RS12100	0	NA	NA	NA	NA	NA
PA14_RS12110	4.28477623853865	0.852899156513786	1.12751812106637	0.756439422638409	0.449385779266006	NA
PA14_RS12240	1.59726544924526	3.00012774944814	1.91188630954679	1.56919777837591	0.116601861731856	NA
PA14_RS12430	9.16915059143253	-1.11107550724773	0.836951101543344	-1.32752738505141	0.184334287266075	NA
PA14_RS12435	9.39704792290478	0.711287129772077	0.691014228061075	1.02933789332802	0.303320922658127	NA
PA14_RS12440	5.3221232287635	1.73736515954478	1.01920126483118	1.70463403009273	0.088262700485087	NA
PA14_RS12445	3.00934857536762	-0.355087391676845	1.21435155501164	-0.292409055854868	0.769973885085334	NA
PA14_RS12450	2.62783001863536	-0.496743011517284	1.27133916240252	-0.390724227025745	0.696001089036057	NA
PA14_RS12455	9.19040491967257	1.30584248982958	0.737550236731386	1.77051328139586	0.076641673873428	NA
PA14_RS12480	6.36766859974062	0.229687009642516	0.950597342564406	0.241623870968221	0.809071623700242	NA
PA14_RS12550	10.3212471303857	-0.60735347945269	0.665987626775692	-0.911959104094963	0.361790246223273	NA
PA14_RS12590	0.347519249027422	1.8863771772638	3.95921613814317	0.476452184332753	0.633752264744514	NA
PA14_RS12595	2.63070521638562	-1.61536534769606	1.53164502876484	-1.05466039281878	0.291580672297347	NA
PA14_RS12600	0.297282742076536	-1.80258840529273	4.04662993907787	-0.445454225474223	0.655991532599512	NA
PA14_RS12605	0.711125619280718	-1.77207787005982	2.80853263301841	-0.630962179049108	0.528065254095635	NA
PA14_RS12610	0.777031940033749	0.659310112794578	2.51882656907726	0.261752881634922	0.793511967764942	NA
PA14_RS12615	1.3307339300533	-3.87331896656597	2.22002832662143	-1.74471601110631	0.0810343148591937	NA
PA14_RS12620	1.83227969590116	2.24904319946332	1.78892152942466	1.2572061783988	0.208678986639428	NA
PA14_RS12625	2.25263814774685	0.497904217262098	1.3898914302941	0.358232453564191	0.720169362224801	NA
PA14_RS12630	0	NA	NA	NA	NA	NA
PA14_RS12635	0.347519249027422	1.8863771772638	3.95921613814317	0.476452184332753	0.633752264744514	NA
PA14_RS12640	1.06962815789072	0.964685737828281	2.1301105153298	0.452880604497144	0.650634717909904	NA
PA14_RS12645	0	NA	NA	NA	NA	NA
PA14_RS12650	9.15032984339003	-1.01681207876033	0.713066810174859	-1.42597027971472	0.153876921093499	NA
PA14_RS12705	0.813706513733598	0.718986578051039	2.50414916450063	0.287118111110772	0.774021885086227	NA
PA14_RS12710	0.143786269154197	-1.02931425121823	4.0804728567969	-0.252253669450022	0.80084499674674	NA
PA14_RS12715	0	NA	NA	NA	NA	NA
PA14_RS12720	0.287572538308394	-1.77022898614774	4.0485229117481	-0.437253048762759	0.661927841361441	NA
PA14_RS12725	1.71254107772206	-1.02575679699527	1.85420467582558	-0.553205808597455	0.580122489959549	NA
PA14_RS12730	0.992321240131381	1.12666023876918	2.49503938389545	0.4515601020334	0.651585918117009	NA
PA14_RS12735	0.148641371038268	-1.02931425121823	4.0804728567969	-0.252253669450022	0.80084499674674	NA
PA14_RS12760	0.888062806886745	1.85899384400706	2.29504658368899	0.810002662786463	0.417938645340836	NA
PA14_RS12765	4.25989474471339	0.605592372742123	1.02539735022959	0.590592878562176	0.554793237601812	NA
PA14_RS12770	2.08924439374753	3.36920810614419	1.75554354217243	1.91918230747778	0.0549612658120161	NA
PA14_RS12775	5.41538678552683	-2.06622416015098	1.03523652099782	-1.99589573806712	0.0459452727207855	NA
PA14_RS12780	4.25955994295353	-0.450965189989483	1.03867197889208	-0.434174791612759	0.664161517216274	NA
PA14_RS12790	6.36242867629929	-0.991342653678362	0.842555914486208	-1.1765897510587	0.239359290453168	NA
PA14_RS12795	0.915874826001532	-2.05956511593856	2.27856840305918	-0.903885577090161	0.366056077720069	NA
PA14_RS12800	2.80479712672211	0.483661217019637	1.3033151649803	0.371100736042573	0.710562502829557	NA
PA14_RS12815	8.37676479745503	-0.777696502303321	0.741517470125464	-1.04879053243578	0.294274535839127	NA
PA14_RS12835	8.43764924295599	0.171281686729476	0.903497524597601	0.189576265641415	0.849641187190933	NA
PA14_RS12845	7.48142049671587	-1.07566365022789	0.77137383919257	-1.39447774292402	0.163173386014837	NA
PA14_RS12940	6.53353676802057	-0.149339318347469	0.877083451747417	-0.170268083441707	0.864799310443028	NA
PA14_RS12950	6.90039593023242	0.0876218818627585	0.831175860695566	0.105419185043984	0.916043193420962	NA
PA14_RS13005	6.51525185334154	1.16769590935394	0.90181100153782	1.29483440251086	0.195377361429343	NA
PA14_RS13060	9.41566102162407	-1.50086532063745	0.845207616312889	-1.77573567922257	0.075776493679784	NA
PA14_RS13070	7.1033826084879	-0.299397072406499	0.773791464092019	-0.386922169990356	0.698813827754563	NA
PA14_RS13075	1.80292705123861	-2.15535019268971	1.79946731233715	-1.19777123925098	0.23100608678651	NA
PA14_RS13080	0.224843780647678	-1.02931425121823	4.0804728567969	-0.252253669450022	0.80084499674674	NA
PA14_RS13090	7.38873867380959	0.424854693718607	0.973617691370624	0.436367064284249	0.662570431139881	NA
PA14_RS13095	7.36572099565828	0.463778405803786	0.866152125165897	0.535446825481098	0.592340918025174	NA
PA14_RS13100	0	NA	NA	NA	NA	NA
PA14_RS13105	0.58485528038493	-2.75107219267669	2.9249850563266	-0.940542306951706	0.346939459248823	NA
PA14_RS13110	0.322400995551979	-0.0675319766957071	3.77464490572941	-0.0178909482566698	0.985725850104603	NA
PA14_RS13115	0	NA	NA	NA	NA	NA
PA14_RS13120	0.623447185809067	-1.28768514322861	2.97138577129296	-0.433361819144841	0.664751933821219	NA
PA14_RS13125	7.58295598391035	-0.66252099049752	0.774983544018394	-0.854883946389699	0.39261539879488	NA
PA14_RS13130	8.73724651103699	0.439876284194175	0.85663001793451	0.513496229392938	0.607604247692792	NA
PA14_RS13135	8.92665875287796	-1.14811488430911	0.727204110946471	-1.57880692232998	0.114380350337387	NA
PA14_RS13140	2.8297493540919	-0.380419013363771	1.53782000354706	-0.247375513705319	0.804617622630532	NA
PA14_RS13145	0.668044947712332	1.50789069704606	2.67702256150597	0.563271568468887	0.573249975278374	NA
PA14_RS13150	1.5823330677833	0.724571762429482	1.80608137511533	0.401184449611643	0.688284328762853	NA
PA14_RS13155	7.28743832185799	-0.503038243334202	0.760776585564223	-0.661216778853845	0.508473302404937	NA
PA14_RS13190	0	NA	NA	NA	NA	NA
PA14_RS13195	1.26428232545924	1.60939800309774	2.1172032473705	0.760152812488156	0.44716324730758	NA
PA14_RS13200	10.4816231281928	0.903531306095496	0.675069960024716	1.33842617743266	0.180757550257034	NA
PA14_RS13250	2.8520424078196	-0.521861953376677	1.35375931416132	-0.385490942088167	0.699873716103574	NA
PA14_RS13310	0.986724529940977	2.20377107657721	2.36110753331492	0.933363282053988	0.350632431719074	NA
PA14_RS13315	0.224843780647678	-1.02931425121823	4.0804728567969	-0.252253669450022	0.80084499674674	NA
PA14_RS13320	2.6379227042185	-0.266594716361494	1.45924154871485	-0.182694028001247	0.85503810186271	NA
PA14_RS13325	1.3983875712561	1.8080839403033	1.84389073129673	0.980580849837969	0.326799481755603	NA
PA14_RS13330	3.93096675368351	-0.0379668853428009	1.0249529133517	-0.0370425654176108	0.970451066718183	NA
PA14_RS13335	5.6342627950055	-0.997990758470195	0.909199249062446	-1.0976590219353	0.272353409678539	NA
PA14_RS13340	4.53125617054747	0.563070299709685	1.05049095453737	0.536006804511378	0.59195384771174	NA
PA14_RS13345	8.12474596680478	0.784827541680594	0.773554315779214	1.01457328292458	0.310309280275107	NA
PA14_RS13350	6.60110100997219	0.153898914748836	0.851159178573133	0.180810967705041	0.856515954021685	NA
PA14_RS13355	1.74888662530053	2.19105643263386	1.71219888492866	1.27967402147044	0.200659804801644	NA
PA14_RS31765	0.593473830449553	-2.69706466207286	2.95366122044995	-0.913125934484118	0.361176311876324	NA
PA14_RS31265	0.832942017640981	-1.92438247480148	2.48352072610263	-0.774860646249327	0.438422008545578	NA
PA14_RS31770	3.17810084629714	-0.359485428583811	1.21924275639881	-0.294843194021178	0.768113668305524	NA
PA14_RS13425	3.71218393063517	-2.04199383749498	1.26708705535317	-1.61156554229483	0.107056513991669	NA
PA14_RS13475	8.26866679563382	-0.507725834713861	0.791178060206645	-0.641733966411113	0.521045931124777	NA
PA14_RS13490	8.00143695138215	0.825391955510344	0.839565976249955	0.983117442654215	0.325549640516756	NA
PA14_RS13495	10.4393761653396	-0.650297236726081	0.693700925041808	-0.937431698951373	0.348536541720279	NA
PA14_RS13510	7.81090535848551	0.546740895831021	0.776719927488606	0.703909963529346	0.48148884620199	NA
PA14_RS13525	9.18995083010817	-1.09805371942921	0.787535834303895	-1.3942904838099	0.163229903406943	NA
PA14_RS13530	0	NA	NA	NA	NA	NA
PA14_RS13535	5.76489879313447	-1.11208675969057	0.90078712334472	-1.23457222119392	0.216989752744778	NA
PA14_RS13540	7.12460709762323	-0.562668265972775	0.883644766005451	-0.636758443685847	0.524282198488747	NA
PA14_RS13545	10.4341068815983	-2.11249478339411	0.781644442937326	-2.70262880070587	0.00687935252811407	NA
PA14_RS13550	2.96976397830878	1.95050567586346	1.38168537678534	1.41168583574472	0.158042485767513	NA
PA14_RS13555	3.35788894254373	0.887306199810403	1.38035880137351	0.642808376291365	0.520348447294133	NA
PA14_RS13560	5.54927012840613	-0.374115556156228	0.991562275245849	-0.377299102129989	0.705951339363136	NA
PA14_RS13605	7.23248301663766	-0.331432986176693	0.844083229686687	-0.392654390609937	0.694574761453936	NA
PA14_RS13610	4.42430546563023	-0.890356979194099	1.19063007936597	-0.74780319649595	0.454578873774061	NA
PA14_RS13625	9.42893391667718	0.377118433255496	0.712097182724268	0.529588435967062	0.59639731383668	NA
PA14_RS13635	8.66450499346879	-1.03544823516811	0.853007906015923	-1.21387882558358	0.224793999771415	NA
PA14_RS13640	9.9651707036027	-1.01717404406566	0.933214823169761	-1.08996773177125	0.275727358518286	NA
PA14_RS13645	9.31380479988377	-0.198495556421429	0.686098088281267	-0.289310755723976	0.772343582218431	NA
PA14_RS13650	3.54263516209568	-2.27708507018243	1.26258130061584	-1.8035155986167	0.0713072779329025	NA
PA14_RS13655	1.54042651996053	-1.75405414717456	2.004169039858	-0.875202696125291	0.381463626497502	NA
PA14_RS13670	9.70466887007094	-2.23929111106635	0.768983539387682	-2.91201436229628	0.00359106123384955	NA
PA14_RS13675	10.5429191730281	-1.00589221703774	0.687915929357296	-1.46223131942521	0.143677831853393	NA
PA14_RS13685	6.39538512830458	-1.29981410284991	0.915038439899133	-1.42050218457838	0.155461533052114	NA
PA14_RS13690	2.69070381874769	-2.84096111531503	1.56013392565426	-1.82097258998046	0.0686110235555063	NA
PA14_RS13695	6.63910877171318	-4.2759038432893	1.29192324199521	-3.30971972969981	0.000933894324983225	NA
PA14_RS13725	10.1923227209655	-0.892268756425694	0.677116206725526	-1.3177483385616	0.187587907061898	NA
PA14_RS13740	3.2868381889002	0.0887972053851092	1.2332635726153	0.0720018067158206	0.942600470033832	NA
PA14_RS13745	5.08817928810506	-2.76965090909463	1.11442838468241	-2.48526594186123	0.0129454684811489	NA
PA14_RS13750	4.55884924994321	-2.70492555086676	1.16164650304429	-2.32852726175996	0.0198841233852799	NA
PA14_RS13790	4.66353781313061	-0.170109300432587	1.06811336072489	-0.159261466701569	0.873462878338541	NA
PA14_RS13830	6.12735185723387	-1.26812536077106	0.94717469577268	-1.33885054829992	0.18061933116082	NA
PA14_RS13840	5.14067683343941	0.210573592513968	1.02389839389852	0.205658680362026	0.83705753683854	NA
PA14_RS13845	4.91771811046614	0.916932562713039	0.993826415211836	0.922628487911135	0.356200844497828	NA
PA14_RS13850	9.25365068612019	-1.10928313832868	0.780291462250317	-1.42162665105879	0.155134663677923	NA
PA14_RS13860	4.31593860999817	0.879009956802572	1.14187188950859	0.769797351943621	0.44142011076485	NA
PA14_RS13865	9.12924331789839	-0.23704366088615	0.685845135967009	-0.345622719262899	0.729626269555196	NA
PA14_RS13870	6.38977951321486	-2.17394146216051	1.04385310518814	-2.08261243977302	0.0372865643930813	NA
PA14_RS13880	0.644801991103959	0.126982454162756	2.91243193917956	0.0436001447637355	0.965223136304133	NA
PA14_RS13885	3.41034264075637	-4.20247159867213	1.6123235308993	-2.60646918446208	0.00914810551427682	NA
PA14_RS13910	7.63615292572343	-1.72786402446271	0.846021718932964	-2.04234003193436	0.0411178137620028	NA
PA14_RS13925	7.74803471956138	-1.05434313536068	1.01377427766303	-1.04001764356378	0.29833170364313	NA
PA14_RS13935	6.1488404502063	-0.509967357199178	0.85196557744266	-0.598577419911664	0.549454717280142	NA
PA14_RS13940	6.22030852510045	-2.44046959640397	0.984140693443229	-2.47979746459366	0.0131457028909952	NA
PA14_RS13945	2.64132073661837	-0.504733698824179	1.3374804729394	-0.377376499348	0.705893828861047	NA
PA14_RS13950	4.22258157030162	-0.473130408550897	1.0362979203174	-0.456558292045966	0.647988563332668	NA
PA14_RS13965	2.48610612365707	-2.01133317188044	1.47047052051266	-1.36781604515215	0.171369664026491	NA
PA14_RS13970	0.878983994582039	0.914396189533895	2.40178028341834	0.38071600297779	0.703413992929663	NA
PA14_RS13975	0.886993124345538	-3.34781504778994	2.54912608741618	-1.31331873472893	0.189075568159425	NA
PA14_RS13980	2.1966291080708	-2.42242424390364	1.79252572983154	-1.35140277407974	0.176566445662244	NA
PA14_RS13985	1.17245778210282	-1.50428941006799	2.2229871618613	-0.676697299865849	0.498598030007329	NA
PA14_RS13990	5.0465564260908	-2.0240645599515	1.05673161404535	-1.91540078204251	0.0554414114976105	NA
PA14_RS14000	9.04451880066171	-0.586116110804119	0.728793617835656	-0.804227831391752	0.421265408184747	NA
PA14_RS14005	1.16380931155747	-1.65915331741889	2.36831037616087	-0.700564138095972	0.483575065339575	NA
PA14_RS14010	0.491305518181619	0.917166188638827	3.22430869137798	0.284453591894409	0.776062793957885	NA
PA14_RS14015	3.34115740934569	-1.95232786599156	1.42644316115727	-1.36866853103887	0.171102911370189	NA
PA14_RS14020	1.19081571634639	-0.639707621250433	1.90805495393735	-0.335266874746122	0.737423779265688	NA
PA14_RS14030	5.11946397695707	-0.263982099026091	0.979404901070353	-0.269533161144686	0.787519427179649	NA
PA14_RS14045	6.95058714262469	-1.22245543532753	0.804310978793972	-1.51987908602286	0.128541367652616	NA
PA14_RS14050	6.35635629786355	-0.573289557900377	0.896540551700657	-0.639446321544405	0.522532623096223	NA
PA14_RS14055	2.69855505161316	-2.23374105777732	1.55825748749535	-1.43348649096993	0.151718856786536	NA
PA14_RS14060	4.01259872942882	-2.03203564047454	1.18570924377023	-1.71377228536502	0.0865705552505478	NA
PA14_RS14065	6.36539141528197	-0.980489949716765	0.919861414599911	-1.06591051016443	0.286464097438364	NA
PA14_RS14070	4.86749776341733	-2.10224179458107	1.05536028393282	-1.99196599169623	0.0463747894028209	NA
PA14_RS14075	7.37621150267224	-0.976972170669068	0.86754866094942	-1.12612953560426	0.26011069392963	NA
PA14_RS14080	10.6858600825173	-1.46143333683501	0.802759985367037	-1.82051094159459	0.0686812315306665	NA
PA14_RS31415	2.03518043259656	4.45442483464196	1.83500461350806	2.42747337083051	0.0152044029800869	NA
PA14_RS14090	6.25000395646305	0.152145502177712	0.842921533563855	0.180497823485946	0.856761762941745	NA
PA14_RS14110	5.72077271430769	-0.525448863165172	0.885537494779294	-0.593367154144197	0.552935465582319	NA
PA14_RS14120	3.49138820393569	0.66331315134328	1.29415031778876	0.512547222857886	0.608268079396318	NA
PA14_RS14125	2.38955228115395	-4.74479758846883	3.58857001413189	-1.32219730137177	0.186102459478971	NA
PA14_RS14135	1.95024344481939	-0.547148662420683	1.52188933354262	-0.359519348983834	0.71920660567465	NA
PA14_RS14140	0.700998108088847	2.89492604213714	2.75416563960187	1.05110818336824	0.293208906038143	NA
PA14_RS14145	5.67434261035371	-0.201303637080258	0.867187999392695	-0.232133790159959	0.816434100831425	NA
PA14_RS14150	1.4188249457099	-0.137174128006036	2.00536484525583	-0.0684035767010447	0.945464374705687	NA
PA14_RS14155	0.948630228302734	-3.42835096848862	2.32229435817942	-1.47627752546249	0.13986940494097	NA
PA14_RS14160	1.55293019150676	0.136042438107542	1.81902141682946	0.0747888050403842	0.940382749155102	NA
PA14_RS14180	6.50067114887647	0.0836753132876462	0.931281344538687	0.0898496611988882	0.928406683818492	NA
PA14_RS14200	6.11814742208101	-0.899696973187701	0.875269912575416	-1.02790803186689	0.303993091049105	NA
PA14_RS14210	1.32345824746113	3.82139761975148	2.04349762991689	1.8700279187047	0.0614799409838924	NA
PA14_RS14215	0.431358807462591	-2.30961703718123	3.61862300401041	-0.638258540506031	0.523305395497827	NA
PA14_RS14220	3.78457738568883	-2.90234162902626	1.35588389778222	-2.14055320944038	0.0323100855195856	NA
PA14_RS14225	3.52642788333036	-4.29737444963531	1.59133060028417	-2.70049130511781	0.00692371467789172	NA
PA14_RS14250	1.34237853158005	-2.75175571904041	2.13015320029256	-1.29181117990128	0.196422542698961	NA
PA14_RS14255	3.24797966370188	-2.45484809768546	1.43220015944426	-1.71403981594166	0.0865214136694037	NA
PA14_RS14260	1.06604869337994	0.136672708589544	2.22556623465507	0.0614103082898029	0.951032443027732	NA
PA14_RS14265	0.297282742076536	-1.80258840529273	4.04662993907787	-0.445454225474223	0.655991532599512	NA
PA14_RS14270	3.64361047309476	-0.496862651862078	1.12024773461237	-0.44352926277865	0.657382957954234	NA
PA14_RS14275	0.543922170655722	2.57420455918602	3.30148812164224	0.779710380392204	0.43556136744034	NA
PA14_RS14285	6.74890779809038	-0.818917001468215	0.89547409636439	-0.914506633740723	0.360450693741611	NA
PA14_RS14290	1.14317162746951	0.602506848168165	2.18704545385568	0.275488946563029	0.782940616771107	NA
PA14_RS14295	9.67000986100235	-0.494191611311029	0.721581467699072	-0.68487292625027	0.493424111652166	NA
PA14_RS14300	3.71211740867856	-0.944371165645415	1.19182985947219	-0.792370788615442	0.428144506926741	NA
PA14_RS14305	8.68693275483317	-0.367043928536056	0.735894771527906	-0.498772301064158	0.617939803067339	NA
PA14_RS14310	2.94937051055785	0.521802896739523	1.54195333253333	0.338403819188377	0.735058896436683	NA
PA14_RS14320	8.18176076437853	-0.590425119099343	0.862264170044275	-0.684738087944703	0.493509209834802	NA
PA14_RS14370	4.35444931292789	-1.56128032524992	1.17635453390552	-1.3272192015671	0.184436182386621	NA
PA14_RS14375	4.13849079809752	-2.04497750899165	1.22900732582014	-1.66392621592145	0.0961271752908049	NA
PA14_RS14380	3.89174345679593	-0.185929224055075	1.09317240538318	-0.170082251563881	0.864945451344435	NA
PA14_RS14385	2.21928947121971	-2.07070810169414	1.67727026569496	-1.23457032777968	0.21699045779038	NA
PA14_RS14400	2.81867523164813	-0.709858910834097	1.30665843870192	-0.543262791414177	0.586948879093497	NA
PA14_RS14405	2.06912628460778	-0.215367956193446	1.48444682306975	-0.145082971546315	0.884645362768762	NA
PA14_RS14410	2.29101944064926	-0.0901064707124436	1.43665874496721	-0.062719466977177	0.949989895505423	NA
PA14_RS14415	8.37403460653462	-0.786998864322136	0.77388459359196	-1.01694602895414	0.309179104965236	NA
PA14_RS14465	1.7955759417905	1.54669536443931	1.73060976225114	0.893728556360043	0.371467142625764	NA
PA14_RS14470	3.46940200717736	0.603845789432393	1.20410648751951	0.501488693642314	0.616027233040028	NA
PA14_RS14480	4.61942714030908	0.0956478678446383	1.0546872802646	0.0906883676653829	0.927740213800131	NA
PA14_RS14485	4.9708566914576	-0.813501060527802	0.996108851965569	-0.816678878942361	0.4141119645343	NA
PA14_RS14490	3.54206287152378	-1.73187247856389	1.20516413087923	-1.43704283440664	0.150705822802662	NA
PA14_RS14495	4.15393367341354	-3.55282503181821	1.51825537456579	-2.34007077553359	0.0192800858295022	NA
PA14_RS14505	6.13967900179717	-1.80325333681625	0.926272967747211	-1.94678393908217	0.0515606432683933	NA
PA14_RS14615	2.2313060536842	-2.52978365324904	1.78062058439497	-1.42073144353131	0.155394847738238	NA
PA14_RS14620	2.10972635461739	0.545513925272669	1.64747460375259	0.331121295606078	0.740552866553098	NA
PA14_RS14625	0.575145076616788	-2.72379066133108	3.23346586617178	-0.842374954325984	0.399578107648294	NA
PA14_RS14630	0.848290966456745	-1.88444822215411	2.67190444948393	-0.705282789030155	0.480634268966355	NA
PA14_RS14635	2.00415024914225	0.593970139848688	1.53827189609437	0.386128187972987	0.699401734642118	NA
PA14_RS14660	2.3792975336147	-0.00695029506304717	1.55866767613412	-0.00445912568116227	0.996442144254941	NA
PA14_RS14665	2.08582374609391	1.2494677067713	1.63962169756628	0.762046335826068	0.446032349771496	NA
PA14_RS14670	2.99361966067393	-0.664574546610586	1.30470788757983	-0.509366543221672	0.610495322988823	NA
PA14_RS14675	1.37940315067709	-1.63391227905672	2.02984593551533	-0.80494398637299	0.420852003906876	NA
PA14_RS14680	5.34121118441468	-1.74781549062075	1.07339184282573	-1.62831076302907	0.103459008442815	NA
PA14_RS14685	5.21465788595342	-1.28953285020379	1.06392830907055	-1.21204863072995	0.225493765725465	NA
PA14_RS14690	3.01127502380781	-1.51281211341216	1.36296412144869	-1.10994272674191	0.267023707251804	NA
PA14_RS14695	7.03453851757509	-0.424280690971261	0.793351948813238	-0.534795044754015	0.59279158994502	NA
PA14_RS14700	9.51836930096538	-0.444664381109949	0.751475101664473	-0.591722041255982	0.554036734449865	NA
PA14_RS14705	1.56073591799703	-0.384154409995191	1.94982802756779	-0.197019636892995	0.843812170936726	NA
PA14_RS14710	2.58624198222983	-1.23553230841695	1.48940052364942	-0.829550069842574	0.406793216698221	NA
PA14_RS14715	10.6872653244096	-0.480416337656145	0.792153024526751	-0.606469107333341	0.544203290363861	NA
PA14_RS14730	7.61510121201362	-0.0179934858477502	0.88221326531369	-0.0203958459424799	0.983727597620022	NA
PA14_RS14735	10.5277094096495	-0.0868375274783399	0.714575774448392	-0.121523189818985	0.903276648000244	NA
PA14_RS14755	2.89458344074487	-0.376177968509689	1.29149260118782	-0.29127380843197	0.770841917265044	NA
PA14_RS14790	3.32333442412821	-1.19010148483737	1.25408695994506	-0.948978438376799	0.342631578448716	NA
PA14_RS14795	0.173759624513711	0.894239100424256	4.0804728567969	0.219150851336925	0.826532539762155	NA
PA14_RS14800	3.84493811220282	-2.24886648409069	1.30893358867418	-1.71809059187531	0.085780092606046	NA
PA14_RS14805	1.77413285519327	0.0403041470063252	1.86564123448531	0.0216033748940183	0.982764341384914	NA
PA14_RS14810	2.97023730681186	-1.16404892489051	1.28865580534412	-0.903304761491114	0.36636417015483	NA
PA14_RS14815	0.448700514858573	2.28212610388336	3.25957472723514	0.700130015371399	0.483846112518865	NA
PA14_RS14820	2.71007797983886	-3.84785327488487	1.70356986513603	-2.2587000120348	0.0239020517284753	NA
PA14_RS14835	1.63575278302442	0.247233524798689	1.74382915996871	0.141776230421061	0.887256759765666	NA
PA14_RS14845	0.502120230099693	0.936447206368687	3.19959004826185	0.292677246848359	0.769768863086271	NA
PA14_RS14850	2.09786858901007	0.093906446115814	1.41146928429154	0.0665309880710219	0.94695508744268	NA
PA14_RS14855	6.02505482847871	0.0143118584863413	0.869292861510804	0.0164637938720303	0.986864386475537	NA
PA14_RS14860	1.46861894999511	-1.97983278773893	2.04882556838737	-0.966325693259117	0.333881233327253	NA
PA14_RS14865	3.1457594597909	-0.103848672173313	1.2770963020871	-0.0813162421687371	0.935190457382602	NA
PA14_RS14870	2.16800426538166	-1.09907641338786	1.61663150783209	-0.679855865769763	0.496595729129513	NA
PA14_RS14875	3.46124862448082	-0.491232909999196	1.17400634120338	-0.418424409442006	0.675636842979316	NA
PA14_RS14890	3.21395838483473	-0.557695407039277	1.16451381739725	-0.478908363909117	0.632003820558007	NA
PA14_RS14895	0.642926694236889	0.133535093183791	2.56765783246348	0.0520065763808078	0.958523453313034	NA
PA14_RS14900	2.26913785115767	0.829815383501613	1.34978876941407	0.614774253798115	0.538703814417483	NA
PA14_RS14905	0	NA	NA	NA	NA	NA
PA14_RS14910	3.81326384890098	0.205874185507671	1.08259004857186	0.190168185805198	0.849177340231252	NA
PA14_RS14915	1.31536648159321	0.632435123375364	1.91997096797695	0.329398274205028	0.741854672060379	NA
PA14_RS14920	1.96867754598882	0.297265844512258	1.63736756487282	0.181551076795238	0.855935045706978	NA
PA14_RS14925	0.912552220457597	0.668323347507882	2.39699287196396	0.278817411317663	0.780384951826874	NA
PA14_RS14930	0.717681795169433	2.96758212560997	2.73799355387094	1.08385285327441	0.278430046528712	NA
PA14_RS14935	0.428408182856396	-0.835729333441667	3.14158280453457	-0.266021743000175	0.790222463689	NA
PA14_RS14940	0.309740167177642	1.74071861684298	3.79070310722707	0.459207320542794	0.646085294108367	NA
PA14_RS14945	5.89448465876627	0.209940554972854	0.981409858895302	0.213917307911669	0.830611542875638	NA
PA14_RS14950	7.72053789844018	-1.00400768794653	0.794351247712313	-1.2639341737525	0.206253654678818	NA
PA14_RS14955	6.31279087695568	0.44034686941414	0.964254621823782	0.456670737632838	0.647907726745724	NA
PA14_RS14960	2.82623695361795	-2.44595404321197	1.61447753042862	-1.51501275001492	0.129769175289296	NA
PA14_RS14965	0.445924113114805	-2.35212720504094	3.57198346819211	-0.658493306586166	0.510221196640358	NA
PA14_RS14970	0.98559084138024	1.14967188865799	2.32684507035457	0.494090433138638	0.621242313999487	NA
PA14_RS31655	0	NA	NA	NA	NA	NA
PA14_RS14980	4.87597219098947	-0.375041430782399	1.07844509135039	-0.347761266466322	0.728019480949251	NA
PA14_RS14985	6.4208687975607	-1.01050772539856	0.906505450790408	-1.1147287912251	0.26496665931184	NA
PA14_RS14990	5.26822771483648	-0.599115721491919	1.00629103780909	-0.595370224896689	0.551596023930989	NA
PA14_RS14995	7.00573785235118	-0.772905666978132	0.801773091613343	-0.963995518261752	0.335048172822238	NA
PA14_RS15005	5.27149444356851	1.05544296180235	1.05638369806001	0.999109474843863	0.317741661788621	NA
PA14_RS15010	1.51905886021923	-2.91912176012315	2.06177717841333	-1.41582795206299	0.156825883521557	NA
PA14_RS15015	0.297282742076536	-1.80258840529273	4.04662993907787	-0.445454225474223	0.655991532599512	NA
PA14_RS15020	0	NA	NA	NA	NA	NA
PA14_RS15025	0	NA	NA	NA	NA	NA
PA14_RS15030	2.55608154956147	-0.244410275590562	1.3203177713436	-0.185114735933488	0.85313904375215	NA
PA14_RS15035	1.55748218797886	-2.9875320779084	2.06702835314115	-1.44532709160395	0.148366031662992	NA
PA14_RS15040	0.717885198442666	-0.685886312531221	2.78686781644873	-0.246113686656742	0.805594228463561	NA
PA14_RS15045	3.33411431043755	0.0428609476780009	1.15388441780169	0.0371449228508145	0.970369453469606	NA
PA14_RS15050	2.06342353354063	1.28795585142409	1.76157235694968	0.731139908243278	0.464693700168566	NA
PA14_RS15055	1.89588528315576	0.566932894190732	1.67435445787839	0.33859789456356	0.734912668904767	NA
PA14_RS15060	1.74838576181324	-1.5701366905803	1.76454017737504	-0.889827679025174	0.373558421744796	NA
PA14_RS15065	1.03454284168029	-3.5295280349296	2.22074901812255	-1.58934125654303	0.111983369135098	NA
PA14_RS15070	2.29185076386795	-1.96352246056107	1.6235980498259	-1.20936487991694	0.226522695014759	NA
PA14_RS15075	7.01908843301057	-0.710983169857915	0.795130793054047	-0.894171343971064	0.371230221896209	NA
PA14_RS15080	2.82277022558153	1.29250119331199	1.33145069831237	0.970746566095356	0.331674497040816	NA
PA14_RS15105	6.97774274109641	-0.821255755131722	0.904088215271456	-0.908380112979503	0.363677429045835	NA
PA14_RS15110	8.21494377699103	-0.88640762584011	0.796815122445406	-1.11243825684401	0.265949763388252	NA
PA14_RS15120	5.1339562093225	-0.999875422816847	1.00183732781824	-0.998041693050445	0.318259141714678	NA
PA14_RS15125	3.94468441015264	0.721279490693748	1.07175988541691	0.672986086256784	0.500956142766848	NA
PA14_RS15130	0.885901470642018	-3.29805434884019	2.36230345511219	-1.39611798886505	0.162678967596269	NA
PA14_RS15135	8.12802632567491	1.63683275043512	0.959203026108152	1.70645077828452	0.0879241832734571	NA
PA14_RS15175	8.80645987245878	-1.95763714642453	0.823275116900156	-2.37786507358019	0.0174131962833967	NA
PA14_RS15180	3.09104312352245	-2.52928175068529	1.36627773222394	-1.85122079576624	0.0641377951908558	NA
PA14_RS15185	4.2847048572083	-3.63491874633918	1.38369444166632	-2.6269663567932	0.0086149851212358	NA
PA14_RS15190	1.33457280508979	-1.6935717084814	1.98661002217241	-0.852493287348585	0.393940363117611	NA
PA14_RS15195	6.64775138524403	-0.521405823114842	0.924062784670737	-0.56425367601037	0.572581502758941	NA
PA14_RS15200	1.54041366551412	-1.81886811961688	1.99185130033927	-0.913154570979808	0.361161252842516	NA
PA14_RS15210	10.2854178661266	-1.75340990623558	0.704973240042372	-2.48720065761673	0.0128752755827587	NA
PA14_RS15220	6.37598340030183	-1.54687859280584	0.918467848900975	-1.68419460153865	0.0921440662250452	NA
PA14_RS15225	3.39393467633899	0.40420647860343	1.39283656729672	0.290203810047816	0.771660321585197	NA
PA14_RS15230	4.09022763012338	-1.18502419542517	1.28326989234698	-0.923441126837222	0.355777367625836	NA
PA14_RS15235	2.16441194642446	-1.52590352730225	1.70151484246176	-0.896791194071843	0.369830347743293	NA
PA14_RS15240	2.48828452593611	-0.21864004371557	1.40952844750619	-0.15511573682844	0.876730076149357	NA
PA14_RS15245	1.16485545888579	-3.74405373713091	2.28511119530827	-1.63845581992601	0.101326643014359	NA
PA14_RS15250	1.7158928636768	-2.1269461539717	1.72737621114596	-1.2313161083541	0.21820465949361	NA
PA14_RS15255	8.94504836964254	0.0712813560599953	0.792685150446315	0.0899239200076613	0.928347672737666	NA
PA14_RS15260	1.46000039993049	-2.00127327222539	1.91578062676049	-1.04462548804947	0.296196094808215	NA
PA14_RS15265	1.07806527584443	-0.346297406093224	2.21891700338016	-0.156065957206014	0.875981031728314	NA
PA14_RS15270	1.34139148514327	-0.257588430232478	1.91582119656121	-0.134453272933212	0.893044158303683	NA
PA14_RS15275	0.589710382269002	-2.76094018288753	2.93732696856998	-0.939949897451041	0.347243261013601	NA
PA14_RS15280	3.61516961407538	-0.137241626858117	1.17771311493246	-0.116532307501719	0.907230682827962	NA
PA14_RS15310	6.67908961116568	-1.90683415452893	0.938416415790885	-2.03197015998689	0.0421566769142339	NA
PA14_RS15315	0.589710382269002	-2.76094018288753	2.93732696856998	-0.939949897451041	0.347243261013601	NA
PA14_RS15325	4.31439724438048	-1.23214543958872	1.32821157802895	-0.927672563596533	0.353577444540926	NA
PA14_RS31420	8.63045311440771	-1.10920543368916	0.807017881127952	-1.37444963690129	0.169302135332425	NA
PA14_RS15345	8.77571100314335	-1.03958838614246	0.709183527925633	-1.46589471583366	0.142676971759188	NA
PA14_RS15370	5.21966054992058	-0.0735009412305597	0.918223637246364	-0.0800468842764489	0.936199967316689	NA
PA14_RS15375	0	NA	NA	NA	NA	NA
PA14_RS15385	4.7700661394338	0.130703722295107	0.956685344956529	0.136621432516086	0.891330034656199	NA
PA14_RS15390	10.2493586544287	0.90657082592072	0.687611673607403	1.31843431506129	0.187358299945431	NA
PA14_RS15395	0.605118431976302	-1.36241149935536	2.97585752392416	-0.457821481170507	0.647080701543891	NA
PA14_RS15400	0.320525698684909	-0.0675320181767002	3.78291123014648	-0.0178518643626975	0.985757029560621	NA
PA14_RS15405	5.4409119759893	0.0179920558242396	0.970189491606247	0.0185448883747977	0.985204167968343	NA
PA14_RS15410	7.16270612450026	-0.941668660621971	0.810009095658668	-1.16254084758918	0.245015842490216	NA
PA14_RS15420	4.56328778447347	-1.82372108554209	1.14809900378677	-1.58847022732963	0.112180048238433	NA
PA14_RS15430	5.47190121593926	-1.14023415034582	1.09998717960077	-1.03658858165934	0.299927636989612	NA
PA14_RS15435	4.87934733226788	-0.206494073926763	1.06444325693946	-0.193992561445206	0.846181706372829	NA
PA14_RS15440	1.25073324665462	0.222149690582985	1.98782912593447	0.111754922837522	0.911017729911247	NA
PA14_RS15445	1.14075920789642	3.61149377392677	2.32975425751488	1.55016082158773	0.121102920738804	NA
PA14_RS15460	8.73421393003957	0.365799232747675	0.753247411287303	0.485629591640445	0.627229811833798	NA
PA14_RS15470	9.56355057628724	0.0994601157321628	0.698754509657613	0.142339139651346	0.886812132275189	NA
PA14_RS15520	3.11655763321845	-0.687662113781563	1.32823309421163	-0.517726983899406	0.604648768553917	NA
PA14_RS15530	4.58572203311691	0.0288499983255326	0.973551103343359	0.0296337790861273	0.976359125321384	NA
PA14_RS15535	4.86340528911539	-0.83695845614535	0.963163813470666	-0.868967920554918	0.384864677323487	NA
PA14_RS15545	5.83497043155915	1.28266337717971	0.975113117001124	1.31539957243569	0.188375649154178	NA
PA14_RS15565	6.70169969617077	-1.34007002099694	0.8976071605907	-1.49293597448026	0.135453947212878	NA
PA14_RS15595	2.07205984317966	-0.579349123757542	1.57417619829732	-0.3680332127904	0.712848469332852	NA
PA14_RS15680	7.38900628109205	-0.384259524932638	0.961601307477791	-0.399603787915516	0.689448366057833	NA
PA14_RS15685	8.68741890216091	-1.22340552729835	0.901954467243106	-1.35639388874894	0.174973876668754	NA
PA14_RS15725	3.57826337665063	1.12205869014391	1.11917073212751	1.00258044455015	0.316063334995397	NA
PA14_RS15750	4.61131106353659	-1.2638054153365	1.07711515149169	-1.17332433174509	0.24066576846128	NA
PA14_RS15760	2.24334617136157	0.173480263918765	1.5378430342667	0.112807523299338	0.910183153689708	NA
PA14_RS15765	4.51943323054887	-0.523298393772845	0.996567062204151	-0.525101032955517	0.599512958071224	NA
PA14_RS15780	3.75644776128906	1.09928745104494	1.25709771198504	0.874464602524082	0.381865289057244	NA
PA14_RS15785	0.695514166300185	0.460138831305923	2.81078074517184	0.163704989119595	0.869963389789512	NA
PA14_RS15790	2.2059836568656	-0.991933295605312	1.49974494182738	-0.661401327612866	0.50835497474923	NA
PA14_RS15795	0.847507323293195	-1.95119294476084	2.47153671712952	-0.789465489724539	0.42983999226936	NA
PA14_RS15800	0.721004400713368	-0.0826323023771062	2.62684362753092	-0.0314568790890593	0.974905180613398	NA
PA14_RS15805	0.148641371038268	-1.02931425121823	4.0804728567969	-0.252253669450022	0.80084499674674	NA
PA14_RS31425	1.29898423989554	2.57597009075619	2.13372276024772	1.20726560111171	0.227329873657501	NA
PA14_RS15815	10.3797213656152	-0.294293918905541	0.727356900270585	-0.40460731010603	0.685766184323314	NA
PA14_RS15820	2.45580703380494	-1.25982130365744	1.54764369571332	-0.814025416280831	0.415630390787085	NA
PA14_RS15825	5.32019192464397	0.979541680163945	0.921369486389704	1.06313666192939	0.287719980635791	NA
PA14_RS15830	4.41197040737027	-1.77994611631618	1.13159588413749	-1.57295209470727	0.115729911141139	NA
PA14_RS15925	7.51158438707531	-0.106383659930339	0.849290821206643	-0.125261756366557	0.900316327662913	NA
PA14_RS15930	0	NA	NA	NA	NA	NA
PA14_RS15935	2.85635787106056	0.428629200692894	1.30244697957568	0.329095316288834	0.742083644311775	NA
PA14_RS15940	0.66506514269533	1.5048000409792	2.88565262328144	0.521476503733845	0.602034869436515	NA
PA14_RS15945	0.148641371038268	-1.02931425121823	4.0804728567969	-0.252253669450022	0.80084499674674	NA
PA14_RS15950	10.6531304393331	0.0602601831344899	0.672514998954333	0.0896042218064817	0.928601729388868	NA
PA14_RS16020	4.05872990763136	-0.0971672626898545	1.06292783942709	-0.0914147311657832	0.927163056981672	NA
PA14_RS16025	2.34855264946812	-0.0463684211413536	1.53721933899485	-0.0301638289118017	0.97593639574332	NA
PA14_RS31780	3.99716962851835	-0.322819727647761	1.31003484989788	-0.246420717489252	0.805356570372065	NA
PA14_RS16035	6.46325659127759	0.828029750565165	0.929826638456975	0.890520572672837	0.373186426832754	NA
PA14_RS16040	5.95310061638933	-0.617511147068185	1.01135751424386	-0.610576515595343	0.541479973874615	NA
PA14_RS16055	0.489459401725355	2.3896686306369	3.15943806748759	0.756358751015868	0.44943413214331	NA
PA14_RS16060	0.431358807462591	-2.30961703718123	3.61862300401041	-0.638258540506031	0.523305395497827	NA
PA14_RS16065	6.43401342338801	-0.186445751876552	0.843318672034749	-0.221085762783715	0.82502565563662	NA
PA14_RS16070	2.48130702902546	-0.288684024810024	1.63225920400546	-0.176861630862067	0.859617077580791	NA
PA14_RS16075	3.78870322006211	-0.0905114481771389	1.18272724687321	-0.0765277441746821	0.938999242031535	NA
PA14_RS16085	3.57887518244827	-2.33612314046687	1.40313823312117	-1.66492729320785	0.095927262245977	NA
PA14_RS16095	6.68515066727821	1.27786793459962	0.848657196703269	1.50575278164574	0.132130648835378	NA
PA14_RS16100	1.37985776771925	2.74269256451009	2.12404004333406	1.2912621742314	0.196612782222943	NA
PA14_RS16105	2.8719985044519	0.140119184222381	1.35393302127805	0.103490484403811	0.917573701289516	NA
PA14_RS16115	9.93808100479102	-1.6626538739329	0.743987554229346	-2.23478721449198	0.0254313216286425	NA
PA14_RS16135	8.85808471763556	-0.265838553466661	0.813633916180441	-0.326729931213567	0.743872159775899	NA
PA14_RS16140	1.06943039981541	-1.12615267051245	2.27844608493049	-0.494263471038772	0.621120119520834	NA
PA14_RS16145	0	NA	NA	NA	NA	NA
PA14_RS16150	1.9094472164068	1.64493654599998	1.71036464610119	0.961746110544117	0.336177153842965	NA
PA14_RS16155	2.1925100049169	-1.02326795193182	1.57258525245147	-0.650691560496745	0.515245612182547	NA
PA14_RS16160	9.83971253036294	-0.727285439284249	0.71660452419329	-1.01490489486231	0.310151164682987	NA
PA14_RS16165	5.79630816677502	0.378793223797828	0.952040488275732	0.397875120294381	0.690722240396606	NA
PA14_RS16170	0	NA	NA	NA	NA	NA
PA14_RS16175	0	NA	NA	NA	NA	NA
PA14_RS16180	0	NA	NA	NA	NA	NA
PA14_RS16195	10.451390971937	-0.767377551270084	0.720375854567261	-1.06524607453849	0.286764588527118	NA
PA14_RS16210	8.64176630431655	1.40296611842921	0.803187888779096	1.74674710367187	0.0806812157426383	NA
PA14_RS16215	6.60737988532024	-1.08477404626567	0.858768848187066	-1.26317349372386	0.206526836428683	NA
PA14_RS16220	9.99861496665916	-0.553969767985615	0.904677184192377	-0.612339713729107	0.540313019408326	NA
PA14_RS16230	6.17104851426043	-1.4365783789457	0.890318051813438	-1.61355638697836	0.10662368324294	NA
PA14_RS16235	0.589710382269002	-2.76094018288753	2.93732696856998	-0.939949897451041	0.347243261013601	NA
PA14_RS16260	4.632194185755	-2.63983174790241	1.17302133844995	-2.25045500995806	0.0244200763759153	NA
PA14_RS16270	9.0481769015056	-0.768620098851396	0.742480349506842	-1.03520598135953	0.300572726023699	NA
PA14_RS16290	9.44449338319587	-1.13244967496011	0.753076720983953	-1.50376401687265	0.132642139300188	NA
PA14_RS16310	2.78220893072774	-3.86528020430554	1.71523294416872	-2.25350161180517	0.0242275392175475	NA
PA14_RS16315	6.97215585207008	-1.16462123800338	0.847679470214449	-1.37389341009846	0.16947477578114	NA
PA14_RS16330	7.79626758917587	-2.09918266920812	0.890740548486407	-2.35667128073956	0.0184395617073323	NA
PA14_RS16355	8.19981220384374	-0.889564879283654	0.749644207863333	-1.1866494397644	0.235365925970451	NA
PA14_RS16380	6.08244704037153	-1.44010446252655	0.912869666304019	-1.57755758098215	0.114667283958669	NA
PA14_RS16410	9.67595010088154	-1.50993655260922	0.727730418149721	-2.07485700054737	0.0379997899102878	NA
PA14_RS16430	8.25951647409291	0.197630682123344	0.825529215945579	0.239398773908896	0.810796380649748	NA
PA14_RS16460	0.347519249027422	1.8863771772638	3.95921613814317	0.476452184332753	0.633752264744514	NA
PA14_RS16545	10.509642726547	0.505782535017179	0.739050715362781	0.684367830926059	0.493742924192627	NA
PA14_RS16580	10.6833731706499	0.463117809873939	0.758757049430861	0.610363765610244	0.541620865283978	NA
PA14_RS16835	2.98400264333613	-1.50344695300779	1.28363080707343	-1.17124561417743	0.241500065177859	NA
PA14_RS16840	7.60370044894498	-1.4502521502817	0.801839617863843	-1.80865614266513	0.0705044404944755	NA
PA14_RS16845	3.30067661253814	-2.0835223203336	1.30830355458453	-1.59253738402877	0.111264010137853	NA
PA14_RS16850	0	NA	NA	NA	NA	NA
PA14_RS16855	2.92714030927908	-0.577892681733599	1.33338814655296	-0.43340169419351	0.664722969940668	NA
PA14_RS16860	1.82792944267324	1.57800753646832	1.71585162977796	0.919664328245282	0.357748199176011	NA
PA14_RS16935	8.5932702561555	-1.35356693956576	0.763822619448581	-1.77209590957509	0.076378637839452	NA
PA14_RS16940	9.5882828764297	0.0798649019139585	0.675929733876754	0.118155627591493	0.905944347652644	NA
PA14_RS17040	0.445720709841572	2.27422214682285	3.26748709673157	0.696015647344937	0.486419030590222	NA
PA14_RS17045	1.76071521049704	2.2520871613852	1.90585119884071	1.18166998701425	0.237336671563892	NA
PA14_RS17060	2.57214761958417	1.12480661503832	1.36844516516054	0.821959581337239	0.411099901061019	NA
PA14_RS17065	7.14814659448653	0.37605768876298	0.812593947173645	0.462786721548912	0.643517249979167	NA
PA14_RS17105	10.3176861335918	0.0761461470359269	0.67048758683027	0.113568317343365	0.909580003911959	NA
PA14_RS17145	8.75968709841843	0.351017052620811	0.726102487694974	0.483426318693827	0.628793064637142	NA
PA14_RS17155	6.96796112407055	-1.10488665813403	0.86304634319335	-1.28021706696056	0.200468805179624	NA
PA14_RS17165	5.76478037953481	0.191914081674721	0.922285848745011	0.208085250289665	0.835162403659475	NA
PA14_RS17170	2.03219485194108	-1.88801653931838	1.62251928137828	-1.16363272904502	0.244572881893424	NA
PA14_RS17175	0	NA	NA	NA	NA	NA
PA14_RS17210	9.79537269592671	0.758750761214083	0.759198578476483	0.999410144756464	0.317596047452871	NA
PA14_RS17240	8.20207645170438	-0.0873119321583067	0.744294831415952	-0.117308260749579	0.906615779099199	NA
PA14_RS17245	3.86006028859478	0.617602851336617	1.0586274794772	0.583399603080038	0.559624324966947	NA
PA14_RS17255	2.99203295474337	-0.0561072095043577	1.28927759981272	-0.0435183311278407	0.965288352241106	NA
PA14_RS17260	1.78183978567704	3.16513534779753	1.82068605378337	1.73843005015632	0.0821350655686826	NA
PA14_RS17265	1.32664145575137	0.89669144024291	2.07540839276281	0.432055417801035	0.665701135967396	NA
PA14_RS17270	1.45016457331419	-0.138468781845969	2.14836441870963	-0.0644531163521771	0.948609437176528	NA
PA14_RS17285	4.51529199017034	-2.26009900456867	1.110435739611	-2.03532624531737	0.0418180570592651	NA
PA14_RS17300	6.87893260005106	-1.61979438345224	0.87795729830637	-1.84495804816124	0.0650436414695356	NA
PA14_RS17305	2.15660366837535	-0.12521032394378	1.47343413945367	-0.0849785684959128	0.932278428930662	NA
PA14_RS17440	6.64609689994166	-0.149699278180284	0.944011092919726	-0.158577880390452	0.87400145714129	NA
PA14_RS17450	1.15514525511765	-3.73168339256402	2.34643156103143	-1.59036532517645	0.111752481584268	NA
PA14_RS31155	9.61211736332423	-0.531360184749529	0.706345526033167	-0.752266653026948	0.451890717488642	NA
PA14_RS17500	3.53030005438707	0.177487961571765	1.34811768283223	0.131656133460756	0.895256283825946	NA
PA14_RS17505	2.53359540927499	-1.96042151175362	1.46202212104033	-1.34089729802354	0.179953799617654	NA
PA14_RS17545	8.54572512934743	-0.25667330287289	0.731389300939973	-0.350939373248988	0.72563383214418	NA
PA14_RS17620	1.3058596810983	-1.52654454265747	1.95883714807949	-0.779311615646124	0.435796173895777	NA
PA14_RS17630	9.48734960028784	-0.350690901629217	0.678332032177919	-0.516990035843147	0.605163114520951	NA
PA14_RS17635	1.38399648846631	-0.796097191833921	2.18906004188955	-0.36367078864897	0.716103859110732	NA
PA14_RS17650	7.83700233120041	-0.593728899951892	0.764620111275432	-0.776501809456093	0.437452752842201	NA
PA14_RS17655	3.94853036399705	-1.29351410723243	1.1408064376308	-1.13385940380803	0.256853528234966	NA
PA14_RS17720	8.29967107220561	0.0711867390377491	0.97881086416549	0.0727277778005061	0.942022743587901	NA
PA14_RS17765	5.20692993988823	-1.17294008468651	0.998285495940554	-1.17495454903048	0.24001290006924	NA
PA14_RS17805	5.94178738072623	-0.421326600343024	0.968922617165417	-0.434840298780118	0.663678351527082	NA
PA14_RS17955	6.83324410440342	-1.4849384226982	0.863648208406894	-1.71937880290095	0.085545419376129	NA
PA14_RS17960	0.176739429530713	0.894239100424256	4.0804728567969	0.219150851336925	0.826532539762155	NA
PA14_RS18065	2.95984225588666	-5.04371830184306	1.63034614081989	-3.09364875075338	0.00197711411398986	NA
PA14_RS18120	9.34776041270232	-0.574598443357627	0.68797567419281	-0.835201686501188	0.403604160291431	NA
PA14_RS18225	5.936432335314	-1.00072422378318	1.00138368318047	-0.999341451824741	0.317629311560346	NA
PA14_RS18235	10.1125408468453	-0.957947575644443	0.693870730628671	-1.38058507638232	0.167406574531584	NA
PA14_RS18245	7.31832894199628	-1.7990912640185	0.823920679728304	-2.18357338064602	0.0289936113690218	NA
PA14_RS18290	8.14845878039825	-0.235695510851636	0.838692329126423	-0.281027383542586	0.778689396806211	NA
PA14_RS18300	1.58799123243439	-0.424193556610128	1.7897693213292	-0.237010184248266	0.812648889448435	NA
PA14_RS18310	5.08976194851004	-0.0334154866564638	1.03470450027494	-0.0322947147205647	0.974237024050028	NA
PA14_RS18315	5.75307598357644	0.533314061402787	0.877842370906973	0.60752827509542	0.543500384018965	NA
PA14_RS18320	9.50517006956824	-0.527359001107679	0.739414583496446	-0.713211522842806	0.475714877024207	NA
PA14_RS18345	7.17359367609366	-0.143108222437132	0.85348210691235	-0.167675714907318	0.866838402367802	NA
PA14_RS18350	7.86376329785888	-0.233575908412992	0.829841937472104	-0.28147035943317	0.77834965921758	NA
PA14_RS18365	10.0130515739246	-0.397460843003784	0.710544811995383	-0.5593747731232	0.575905974323457	NA
PA14_RS18375	8.48472502642983	-0.644937228480721	0.730453671553537	-0.88292694471514	0.377275744353309	NA
PA14_RS18380	9.1426033774647	-1.13092530129555	0.846209453948161	-1.33646025345024	0.18139888351879	NA
PA14_RS18420	3.12382783667502	3.14431267559086	1.4886074550082	2.11225106055481	0.0346649210536533	NA
PA14_RS18455	10.1001722669216	-0.272710375047703	1.62132405484978	-0.168202262978804	0.86642416071109	NA
PA14_RS18465	10.5415089940805	-0.298691653482047	0.649484623803517	-0.459890261501261	0.645594990652168	NA
PA14_RS18570	9.12890637438596	-1.6213665372554	0.819433454596842	-1.97864332748424	0.0478561778173089	NA
PA14_RS18630	5.84268807473677	0.692662459365797	0.866953952376653	0.79896107223105	0.424312984472654	NA
PA14_RS18730	8.06388277713117	-1.15621337565754	0.807913233033743	-1.4311108277258	0.152398454556233	NA
PA14_RS18740	2.7254463344312	0.0643907059927769	1.31473352374812	0.0489762410630619	0.960938230097046	NA
PA14_RS18750	5.22339172405126	0.30677074449685	0.9272053069344	0.330855250938025	0.74075382461638	NA
PA14_RS18755	8.39099365222639	-0.967525937176743	0.801521991912532	-1.20711090517692	0.227389435693293	NA
PA14_RS18785	9.46528402712649	-0.0650461449439637	0.714810858659814	-0.090997701218358	0.927494417641468	NA
PA14_RS18805	3.51500457509182	-0.745341139713553	1.14856417868065	-0.648932949110189	0.516381716451782	NA
PA14_RS18840	5.23224451782898	0.317474065782439	0.951930051719484	0.333505665893184	0.73875261326466	NA
PA14_RS18905	0.935969399928396	-2.21761044983615	2.39222916510853	-0.927005858042675	0.353923492764128	NA
PA14_RS30715	0	NA	NA	NA	NA	NA
PA14_RS18965	9.39324387347703	0.103513845893921	0.68269897368299	0.151624434610602	0.87948316019588	NA
PA14_RS18995	6.13596410418224	-0.0966956410784137	0.90745024752227	-0.106557512483395	0.915140026728789	NA
PA14_RS19000	0.317545893667908	-0.067532085056012	3.79620101820701	-0.0177893859498273	0.985806872206616	NA
PA14_RS19005	6.71976357844273	0.598656198004496	0.956565574647407	0.625839162385875	0.531420441884645	NA
PA14_RS19010	4.83399112244302	1.01543231300703	1.00920037058996	1.00617512894236	0.314331333836266	NA
PA14_RS19015	7.71589340907784	-0.691719602967689	0.831970391050738	-0.831423341994276	0.405734517235261	NA
PA14_RS19020	5.77264143356435	-0.237100413667097	0.928951711297602	-0.255234379552306	0.798542079131264	NA
PA14_RS31435	6.69367280683286	-0.157462730925982	0.813558066616535	-0.193548238764132	0.846529631120166	NA
PA14_RS19040	0.853662337833363	3.21913098886711	2.58151551047906	1.24699269704164	0.212400175351042	NA
PA14_RS19045	2.87610804478815	-1.72328096028397	1.55179149755879	-1.11051063431844	0.266779048180071	NA
PA14_RS19115	10.5079708329531	0.246598157736991	0.728170189017895	0.338654563804082	0.734869972857161	NA
PA14_RS19125	5.95297733328344	0.992207643156925	0.872629033537099	1.13703258202988	0.25552466529189	NA
PA14_RS19130	0.736273053166967	0.563613172597075	2.56112625873482	0.220064579274392	0.825820860236502	NA
PA14_RS19165	7.31964422873026	0.413860786506603	0.797442066339718	0.518985395899963	0.603770925417675	NA
PA14_RS19175	5.39367068006068	-0.71105017546622	1.05047977990424	-0.676881353709671	0.498481235610788	NA
PA14_RS19205	4.0298618004917	-0.505536720615753	1.20301803362174	-0.42022372606819	0.674322023813118	NA
PA14_RS19210	5.97020956390645	1.37344493805638	0.972231097489132	1.41267332592366	0.157751798021051	NA
PA14_RS19270	4.79963833344477	0.433814683346459	0.983159735400438	0.441245372167085	0.659035369230193	NA
PA14_RS19285	9.61630159044649	-0.809450148529307	0.700317316036518	-1.15583340579158	0.247749306083088	NA
PA14_RS19355	9.47906126621066	0.954393458746055	0.926843777158314	1.02972419113846	0.30313949623925	NA
PA14_RS19375	7.4643438450435	-2.18551558715928	0.887663736041467	-2.4620985384686	0.0138126711899201	NA
PA14_RS19385	8.51764900639554	-0.632739957921465	0.739512793852808	-0.855617324245244	0.392209484160367	NA
PA14_RS19405	5.85470370531475	3.03344167094536	1.09276797798483	2.77592474528702	0.00550449477234971	NA
PA14_RS19425	4.61102736390119	-0.494255869996521	1.09095982003174	-0.453046813385063	0.650515032592446	NA
PA14_RS19435	3.77165731285112	0.989230417687868	1.08555509012418	0.911266896251856	0.362154764165615	NA
PA14_RS19440	4.84272733221048	1.51801211165824	1.10504539696378	1.37371018044066	0.169531675095375	NA
PA14_RS19445	0	NA	NA	NA	NA	NA
PA14_RS19455	4.41025568940064	0.219371356174257	0.995492628216165	0.220364621451142	0.825587196171874	NA
PA14_RS30740	3.00266368299168	0.153936883951317	1.20249176322358	0.128014917573032	0.898137167658437	NA
PA14_RS19470	10.4307398913224	-0.467038926443736	0.652900212077251	-0.715329720843277	0.474405327736769	NA
PA14_RS19480	2.9576201733238	0.121911601833855	1.32925970835411	0.091713907423558	0.926925347438395	NA
PA14_RS19485	1.9308393632475	-0.16867718517463	1.53382169370905	-0.109971834318459	0.912431712361445	NA
PA14_RS19490	0.224843780647678	-1.02931425121823	4.0804728567969	-0.252253669450022	0.80084499674674	NA
PA14_RS19495	0.309740167177642	1.74071861684298	3.79070310722707	0.459207320542794	0.646085294108367	NA
PA14_RS19500	0.720835823048861	-1.7993877854369	2.57241018352082	-0.699494892752329	0.484242803655487	NA
PA14_RS19505	1.49887113548379	-1.95353273737468	2.08055928808191	-0.938945959658603	0.347758490690496	NA
PA14_RS19510	0.76326660350948	1.78077661364374	2.52946044016079	0.704014415631875	0.481423796222981	NA
PA14_RS19515	9.09451056302223	-0.602122577659344	0.706005060094577	-0.852858728206116	0.393737651389282	NA
PA14_RS19525	2.01366269483508	-0.446963090988981	1.62218755469412	-0.275531081283176	0.782908250143794	NA
PA14_RS19575	7.19720228209417	-0.209257825309805	0.888347859811501	-0.235558427927329	0.813775335407214	NA
PA14_RS19580	5.02950018406487	1.1217450293382	1.03254649194786	1.08638694536851	0.277307834771175	NA
PA14_RS19585	5.14350690269338	0.0723567150214069	1.03003725398563	0.0702466971378261	0.943997307156405	NA
PA14_RS19590	1.05966109515573	-2.33145072268696	2.15756166160377	-1.08059517564561	0.279877229476363	NA
PA14_RS19595	5.50945839487147	0.283627463489988	0.926275935246678	0.306201913163657	0.759450915830743	NA
PA14_RS19600	4.52787500619222	0.792879608577311	1.0364979132992	0.764960159016197	0.444295269106691	NA
PA14_RS19615	0.347519249027422	1.8863771772638	3.95921613814317	0.476452184332753	0.633752264744514	NA
PA14_RS19620	7.53857703128558	-1.63398274590925	0.827790314739744	-1.97390899218599	0.0483920921098311	NA
PA14_RS19625	2.63336996767648	1.5734295415296	1.39740374099653	1.12596631550989	0.260179777452196	NA
PA14_RS19630	4.39906318897897	1.28354140243067	1.08252599433953	1.18569106805955	0.235744323167927	NA
PA14_RS19635	8.25854741364958	0.807205120281555	0.769778091235932	1.04862054333806	0.294352796988155	NA
PA14_RS19660	7.92415343839513	-0.214846226701641	0.836434125740236	-0.256859709677082	0.797287074266565	NA
PA14_RS19665	0.862717614925181	-3.30724686171391	2.79167253884038	-1.18468295106262	0.236142825779196	NA
PA14_RS19670	4.55539611642312	-0.304101651528438	1.05263301379065	-0.288896175157316	0.772660830776131	NA
PA14_RS19675	5.72129854661788	0.720403119011308	0.987486280476881	0.72953228136335	0.465676128675277	NA
PA14_RS31565	4.59901657090207	-0.259373601057303	1.25169258972269	-0.207218292404181	0.835839382074361	NA
PA14_RS19705	3.07117782782397	1.24583856376305	1.37846005973261	0.903790106189013	0.366106708957499	NA
PA14_RS19710	1.18427586642207	-3.76323596300049	2.3308940788641	-1.6145032059262	0.106418322017189	NA
PA14_RS19715	5.32146175075701	-0.613043021598686	0.975099023461863	-0.628698221255743	0.529546642850461	NA
PA14_RS19720	7.94073575611551	-0.153631157767753	0.815161017346566	-0.188467253092939	0.850510383748224	NA
PA14_RS19725	3.9168294362215	0.518843499306939	1.09780231017342	0.472620156196408	0.636484199575294	NA
PA14_RS19730	3.094424089888	-3.05087961220137	1.52323941820788	-2.00288909000975	0.0451891943791008	NA
PA14_RS19735	3.36073587984233	0.725172108666116	1.13769079990986	0.637407025462077	0.523859753375878	NA
PA14_RS19740	0.581904655778735	-1.40035013770964	3.01717396875351	-0.464126415053279	0.642557177546814	NA
PA14_RS19745	2.98526287470416	-1.0518849871614	1.33320296755799	-0.788990883427242	0.430117334904325	NA
PA14_RS19750	1.52613439923956	0.987543557512624	1.73315673519922	0.569794720498323	0.568816936777666	NA
PA14_RS19755	8.01817410798324	0.46850459712979	0.776718385303701	0.603184636792912	0.546385866850955	NA
PA14_RS19855	7.77483208970604	-1.13364781389945	0.826567725409988	-1.37151231417504	0.170215307461443	NA
PA14_RS19865	0.663219026239066	2.82390244003975	2.61959949303307	1.07799014603188	0.281038153677802	NA
PA14_RS19870	9.13303578042743	-1.66346473289148	0.81739460053743	-2.03508162617879	0.0418426604333079	NA
PA14_RS19900	6.42597516266236	-1.59144489466794	0.931190780722317	-1.70904279511173	0.0874430226313986	NA
PA14_RS19905	0.585668103959286	-1.29187987820625	3.03527733451367	-0.425621693120586	0.670383530461191	NA
PA14_RS19910	3.84502986502314	-1.30950901759892	1.09211324984683	-1.19905972918338	0.230504721446074	NA
PA14_RS19930	10.437555442115	0.141617859749644	0.686080639629909	0.206415764517181	0.836466157676089	NA
PA14_RS19935	8.14280030008599	0.83908227813435	0.864788737748849	0.970274289554907	0.331909789231485	NA
PA14_RS19940	1.81515679778367	-2.39820001513347	1.77668525563519	-1.34981703007159	0.17707468077549	NA
PA14_RS19945	3.56111129812233	-1.21238984628106	1.18346741054634	-1.02443872596489	0.305628098428715	NA
PA14_RS19990	9.80212975915157	0.838053013608954	0.725879942208595	1.15453391790804	0.24828134123101	NA
PA14_RS19995	3.02973660973722	-0.571427593213553	1.38797417429428	-0.411699009820624	0.680560050843626	NA
PA14_RS20005	6.91991764971228	-0.6872041206505	0.848298378418252	-0.810097175868554	0.417884327296982	NA
PA14_RS20130	7.78836484254627	-0.988623875129903	0.800128070625544	-1.23558204170614	0.216613963377604	NA
PA14_RS20140	3.31004475584928	-1.42615611189558	1.21684273755416	-1.17201349679921	0.241191637422948	NA
PA14_RS20145	0.469167069723178	-0.837498882769771	3.04777017908179	-0.274790694035233	0.783477048066573	NA
PA14_RS20190	3.67005625558653	-1.63407621194989	1.25136153067829	-1.30583861808838	0.191607444197343	NA
PA14_RS20195	8.06353599143538	0.00400676444585893	0.873696451035974	0.00458599144028565	0.996340921059702	NA
PA14_RS20210	2.64416114438167	-0.653510122256048	1.42457216822861	-0.458741323767865	0.646419935216773	NA
PA14_RS20215	7.68640804893231	1.12981140977598	0.89531331259158	1.26191735774108	0.206978525396245	NA
PA14_RS20315	6.2792139441705	-0.33026317645089	0.86088423474621	-0.383632506115357	0.701250843763339	NA
PA14_RS20330	10.1231635763265	-0.203664228635669	0.679047621563299	-0.299926282293418	0.764233386313969	NA
PA14_RS20540	6.62360892343129	0.0978702742553688	0.873815801104118	0.112003323963361	0.910820771015073	NA
PA14_RS20580	7.50310432813215	-1.75533934797458	0.822967150291961	-2.13293975020977	0.0329296689780166	NA
PA14_RS20665	8.51988975466505	-0.771600893273483	0.753503144583671	-1.02401814620138	0.305826704009489	NA
PA14_RS20685	5.87758848731831	1.05384692371656	0.983146839746151	1.07191202891794	0.28375954680777	NA
PA14_RS31445	8.7118251202222	1.46049093221313	0.822835969920257	1.77494784574703	0.0759064991149113	NA
PA14_RS20750	6.19326143768829	0.70642050208781	0.903774525327469	0.78163356267632	0.434429956495896	NA
PA14_RS20755	5.48201947464326	0.999391896910682	1.08153218457504	0.924051924819388	0.355459281846472	NA
PA14_RS20760	0.916966479705052	-2.13355715443952	2.58375024309226	-0.825759827267999	0.408940346818675	NA
PA14_RS20765	4.15264674564442	-0.0202147405343579	1.13647518054738	-0.0177872256960522	0.985808595567073	NA
PA14_RS20770	1.89937411279506	1.08598598466751	1.67177765684284	0.649599532702453	0.515950935011504	NA
PA14_RS20775	1.77261576485839	-3.19088661099898	2.00519276723342	-1.59131165000234	0.111539456263488	NA
PA14_RS20780	0.978918803450711	3.38993509633422	2.44525119023597	1.38633409519252	0.165644910399719	NA
PA14_RS20785	8.00201778280134	-0.232197727201729	0.785235634180505	-0.295704521158235	0.767455744139132	NA
PA14_RS20790	4.99718966992587	-0.705029359242777	0.929896108542595	-0.758180782526075	0.44834276416917	NA
PA14_RS20925	6.23535527463649	-0.747597298335574	0.853236741456112	-0.876189763065927	0.38092688072851	NA
PA14_RS20940	10.5379320135794	0.828650086516145	0.671650577050745	1.23375176740679	0.217295417317782	NA
PA14_RS31575	1.90483285934177	-2.42403410295332	1.75071865523219	-1.38459374709286	0.166176724532848	NA
PA14_RS21005	7.39051682009677	-0.757411790825296	0.835514342495096	-0.906521590716729	0.364659842317024	NA
PA14_RS21010	1.9089285933451	0.457368044665721	1.54081050465499	0.296836011491324	0.766591710687753	NA
PA14_RS21360	3.7604755251233	0.275607406499043	1.14150417332492	0.24144231176682	0.809212322482329	NA
PA14_RS21465	4.94823111829566	-1.38252026638983	1.18724326018378	-1.1644793554573	0.244229804880696	NA
PA14_RS21515	5.1953632811545	-1.04982515582584	1.00834207848092	-1.04113988519394	0.297810630725612	NA
PA14_RS21520	1.3948403807952	-0.204286484174253	1.85409357348152	-0.110181323691584	0.912265573619843	NA
PA14_RS21525	0.691031045353854	-1.56315798449415	2.50004206018356	-0.625252674500757	0.53180523537521	NA
PA14_RS21530	0.997652010260793	-0.509880453248346	2.26542471212658	-0.225070579710291	0.821924367807494	NA
PA14_RS21535	0.66506514269533	1.5048000409792	2.88565262328144	0.521476503733845	0.602034869436515	NA
PA14_RS21540	1.20243113746234	-0.625943700260925	2.13741086474205	-0.29285137012554	0.76963576095818	NA
PA14_RS21545	3.91326374611626	1.05397481347733	1.09974394406702	0.958382011706807	0.337870162526601	NA
PA14_RS21615	10.3317385918208	0.80489718507975	0.663631495956279	1.21286766825301	0.225180418733548	NA
PA14_RS21620	2.74442984887796	-3.86571646114613	1.71963229289122	-2.24799015296851	0.0245768178259476	NA
PA14_RS21720	7.44047453254025	-0.599239405994198	0.776479144348813	-0.771739215863608	0.440268899104784	NA
PA14_RS21725	4.14032218826172	-0.306249382201877	1.06820757626309	-0.286694635955709	0.774346145147975	NA
PA14_RS21730	2.20021112414043	-3.56367498643958	1.72796556156939	-2.06235301541713	0.0391741390536242	NA
PA14_RS21830	5.44897443100586	-2.88558213688273	1.06593416082608	-2.70709227917647	0.00678753875801544	NA
PA14_RS21835	3.06780339099371	1.46775254220014	1.46922089420454	0.99900059139494	0.317794404795997	NA
PA14_RS21840	2.68229278756572	-0.395405324653117	1.36339125914824	-0.290016033181951	0.771803971779341	NA
PA14_RS21860	2.63718766106923	-0.743826893333583	1.405080828181	-0.529383704065291	0.596539300370936	NA
PA14_RS21880	3.52764764389175	0.120761780013097	1.16743774126314	0.103441730333676	0.917612393748141	NA
PA14_RS21885	5.35054940724508	-1.40166182777838	1.123457271424	-1.24763252099633	0.212165663211984	NA
PA14_RS21890	6.78284622903652	-1.18029940364875	0.835577794220789	-1.41255477564412	0.157786674288783	NA
PA14_RS21895	5.64888410791018	-0.342309372771022	0.971235786382468	-0.35244724048525	0.72450287907716	NA
PA14_RS21920	10.1841977291612	-0.00427291677898609	0.710251731244035	-0.00601605964620726	0.995199907846374	NA
PA14_RS21935	4.86169057114576	0.809663348395982	0.982511603806398	0.824075100242302	0.409896887219021	NA
PA14_RS21940	1.66224148471078	1.42374384354023	3.86566972011825	0.368304575047005	0.712646141534562	NA
PA14_RS31450	5.87754954610016	0.411306825732738	1.07245601116652	0.383518597919325	0.701335283353626	NA
PA14_RS22000	3.18547549095813	-0.462577644244029	1.21006217463653	-0.382275930890059	0.702256705800428	NA
PA14_RS22030	0.556582999030059	1.21193911731865	3.06202393595953	0.395796748381352	0.692254975776937	NA
PA14_RS22035	8.93360136382317	0.027504924291794	0.735158568748738	0.0374135941020292	0.970155233733905	NA
PA14_RS22195	8.48471941685367	-0.298549285927227	0.763764480771841	-0.390891817364328	0.695877202547443	NA
PA14_RS22200	0.559533623636255	-0.111054632662173	3.0649750840168	-0.0362334536555613	0.971096211335238	NA
PA14_RS22205	5.242876877677	-0.437004267313656	0.978912723144392	-0.446418007429654	0.655295327578007	NA
PA14_RS22210	9.9859351430901	0.359997914835327	0.715921040356884	0.502845837099395	0.615072663992641	NA
PA14_RS22225	8.59293166721647	-1.05656561351181	0.738505566207757	-1.43068063648769	0.152521765258741	NA
PA14_RS22275	1.43467874318181	-0.607192216792915	1.85274069389262	-0.327726496640606	0.743118467432023	NA
PA14_RS22280	3.65895145876521	0.782677661904365	1.2244044775252	0.639231296741363	0.522672475131696	NA
PA14_RS22285	10.005654300183	0.207695561089435	0.763892026352209	0.271891254162237	0.785705636176239	NA
PA14_RS22305	4.61354782663725	0.0036694027678686	0.980532370180431	0.00374225561486907	0.997014118991603	NA
PA14_RS22405	5.53028644789704	-1.39005172369276	1.01144297458047	-1.37432535360615	0.169340698659628	NA
PA14_RS22410	1.66611097376808	0.105609190576726	1.80210573575529	0.0586032153837318	0.953268149580966	NA
PA14_RS22415	4.79763849605662	2.19263635683003	1.12600455562118	1.94727130177587	0.0515022173853501	NA
PA14_RS22420	2.24925953495045	-0.135082449891851	1.54626610518733	-0.087360415803388	0.930385032653937	NA
PA14_RS22470	3.90556406050274	0.71721385645574	1.20580595456494	0.59480039366244	0.551976904406249	NA
PA14_RS22475	2.94383056151672	-1.30525659188681	1.44247191571874	-0.904874873239004	0.365531679911157	NA
PA14_RS22520	6.31521257561261	-0.388941224194687	0.855333141195113	-0.454724838150477	0.649307209370193	NA
PA14_RS22525	2.1333121117527	-0.029361591477259	1.57190908191309	-0.0186789374876086	0.985097230774225	NA
PA14_RS22530	2.94818149445784	0.799503620508835	1.26103746509238	0.63400465302612	0.526077785487336	NA
PA14_RS22535	0.957492782887795	0.169477967741332	2.32062654770913	0.0730311251108616	0.941781349377682	NA
PA14_RS22540	0.674531341943034	-2.86773090489672	3.06984111295331	-0.93416264861273	0.350219999605661	NA
PA14_RS22545	2.26518949934822	-0.0935355088235042	1.67866057020661	-0.055720322788062	0.955564609408837	NA
PA14_RS22550	1.22650324360946	1.56228824774458	2.12425080874396	0.735453761539737	0.462063190268144	NA
PA14_RS22555	0	NA	NA	NA	NA	NA
PA14_RS22560	5.39138442911035	1.25343129037208	0.96428097301212	1.29986106275305	0.193648592432543	NA
PA14_RS22565	5.36503043136628	0.0255861430180777	0.891055221004058	0.0287144302787955	0.977092347415464	NA
PA14_RS31790	3.24666684715072	0.0153797145059643	1.44002296494302	0.0106801869694994	0.991478605711642	NA
PA14_RS22580	4.68786681017196	-1.79027228896587	1.07662133060252	-1.66286161910238	0.096340138729404	NA
PA14_RS22585	3.18870634368174	-2.36262137533104	1.49413518704966	-1.58126345983211	0.113817810733173	NA
PA14_RS22590	7.69994914279676	1.09083381444119	0.836766991034213	1.30362911793755	0.19236006773281	NA
PA14_RS22595	0.543922170655722	2.57420455918602	3.30148812164224	0.779710380392204	0.43556136744034	NA
PA14_RS22600	0.407941627991791	2.15999630138069	3.69769372278048	0.584146893528131	0.55912148751623	NA
PA14_RS22605	3.74869879594807	-0.308387008166684	1.17595679855218	-0.262243484238846	0.793133730549252	NA
PA14_RS22610	0.436213909346662	-2.32955199508863	3.29344436394238	-0.707329997917458	0.479361427792995	NA
PA14_RS22615	2.52833914604237	-1.58209777514939	1.46502627390998	-1.07991085438145	0.280181879256253	NA
PA14_RS22620	3.39433328612869	0.932403351340954	1.14470257884055	0.814537652466346	0.415337011210576	NA
PA14_RS22625	2.41931171853607	1.56005220320338	1.42924691432692	1.09152042769185	0.275043948263326	NA
PA14_RS22630	1.01669788530049	3.43613236811786	2.28404398464966	1.50440726676502	0.132476534348336	NA
PA14_RS22640	6.93108171348746	-0.0290577134372453	0.803320688331217	-0.036171996886584	0.971145214619064	NA
PA14_RS22645	1.49914084889705	0.340775625955839	1.85062057739489	0.184141271375869	0.853902630148337	NA
PA14_RS22650	3.88439725247583	0.340424324930426	1.19061505863294	0.285923080228213	0.774937035898675	NA
PA14_RS22655	5.11047991513327	1.17189355603151	0.974748499114654	1.20225222926316	0.229265819105256	NA
PA14_RS22660	4.25530214699409	0.167555090924303	1.04945418059681	0.159659272431519	0.873149485146553	NA
PA14_RS22690	0	NA	NA	NA	NA	NA
PA14_RS22695	0	NA	NA	NA	NA	NA
PA14_RS22700	3.8188662042893	-1.32391228157752	1.13005401365125	-1.1715477893839	0.241378660363441	NA
PA14_RS22735	9.21182787852379	0.463980939404137	0.782364954665821	0.593049236979591	0.553148201489315	NA
PA14_RS22770	4.18160221412728	0.184305729322546	1.02058272446342	0.180588721428189	0.85669040932208	NA
PA14_RS22790	1.57422589591012	0.104385757153349	1.93775774973748	0.0538693534666505	0.957039253589556	NA
PA14_RS22795	5.06738699874784	-1.46858576441017	1.04230725714107	-1.40897586037953	0.158842306183935	NA
PA14_RS22800	8.02258894493269	-0.127294555049276	0.904010163924288	-0.140810977718097	0.888019270513153	NA
PA14_RS22805	7.60932308353919	-1.29549361673681	0.869276949717862	-1.49031170923982	0.136142295116152	NA
PA14_RS22815	9.07807981728877	-1.18171293397461	0.793338626397053	-1.48954418032229	0.136344128433131	NA
PA14_RS22820	8.6782640407037	-1.43946107638359	0.769476527059742	-1.8707017378216	0.0613864338154161	NA
PA14_RS23010	8.32970907767609	0.656402762028574	0.729773310262176	0.899461178969065	0.368407064875036	NA
PA14_RS23020	5.47394633886023	2.84997772094286	1.17166147000702	2.43242420605142	0.0149981301579294	NA
PA14_RS23035	4.06257273221494	-0.872924270537633	1.18818015318667	-0.734673330636327	0.462538466242854	NA
PA14_RS23055	2.40986072730393	2.53519341528713	1.63992240858045	1.54592278392101	0.122123217297165	NA
PA14_RS23060	0.466187264706176	-0.837372165024932	3.05419328016651	-0.274171307514395	0.783952976849976	NA
PA14_RS23090	6.54151325968217	-3.11808826765791	1.0610082535327	-2.93879737247663	0.00329488407051447	NA
PA14_RS23110	1.15639984128776	2.46157561759533	2.12245623497096	1.15977685524762	0.246139669635405	NA
PA14_RS23120	10.0276922745054	1.03511112652748	0.847328212983435	1.22161768092539	0.221852239199025	NA
PA14_RS23130	6.3516083191833	-0.202740155570092	0.835088610432248	-0.242776817977618	0.808178294952136	NA
PA14_RS23135	8.86433362674862	1.34422895133838	0.726098746592851	1.85130322514127	0.0641259423805171	NA
PA14_RS23220	4.39510449866019	0.69348865186407	0.990590039951202	0.700076342275996	0.483879629368148	NA
PA14_RS23410	10.2651102941815	-0.372492000551526	0.679753660075199	-0.547980867819554	0.583705039847446	NA
PA14_RS23650	7.33220700116802	0.860187682714208	0.850814495539728	1.01101672247431	0.312008426177328	NA
PA14_RS23655	5.05104624263475	0.94679022054756	1.02342732310494	0.925117200970482	0.354904946581655	NA
PA14_RS23660	3.56560254827629	1.41688168841118	1.13492878154164	1.24843224654727	0.211872806089292	NA
PA14_RS23895	10.6176537225815	0.0033826226628145	0.783952596146525	0.0043148306153224	0.996557273952201	NA
PA14_RS23990	8.6649733849165	-0.0875691944654753	0.737299957553153	-0.118770106478899	0.905457492584486	NA
PA14_RS24025	7.27776290807681	-0.801305595308599	0.885796004857598	-0.904616402551306	0.365668642608406	NA
PA14_RS24040	7.47060504472787	-0.960225746944347	0.81935346413767	-1.17193102729472	0.241224748826407	NA
PA14_RS24045	4.38838787431459	1.44744283247057	1.07582805156696	1.34542209636786	0.178488963518391	NA
PA14_RS31460	0	NA	NA	NA	NA	NA
PA14_RS24050	9.43238596787019	-1.04473952288183	0.737450417750781	-1.41669120761811	0.156573228792037	NA
PA14_RS24055	6.33025351388841	-0.332509639553619	0.844181799456343	-0.393883923780111	0.69366673989741	NA
PA14_RS24060	4.14360432299901	1.42437065120042	1.13883786912795	1.25072294293403	0.211035576915515	NA
PA14_RS24065	0.483499791691353	2.37495710440303	3.17329718365978	0.748419377999755	0.45420723774437	NA
PA14_RS24075	0.431358807462591	-2.30961703718123	3.61862300401041	-0.638258540506031	0.523305395497827	NA
PA14_RS24080	1.28155425119721	-1.57536881164508	2.02250270759629	-0.778920495744297	0.436026549697945	NA
PA14_RS24085	0.143786269154197	-1.02931425121823	4.0804728567969	-0.252253669450022	0.80084499674674	NA
PA14_RS31295	4.44137324802504	-0.973276805853759	1.08310651249817	-0.898597501374916	0.368867090092427	NA
PA14_RS24095	0	NA	NA	NA	NA	NA
PA14_RS24100	2.71451576047231	2.28471059030161	1.43075580976877	1.59685571409342	0.110297873422085	NA
PA14_RS24105	0	NA	NA	NA	NA	NA
PA14_RS30905	6.21493480015468	-3.14616050963755	1.04767126463358	-3.00300353349666	0.00267329327521568	NA
PA14_RS24185	9.99323184495808	0.179345956606948	0.670660009509887	0.267417102650884	0.789148032770879	NA
PA14_RS24195	2.89648791802275	-0.0984320129331907	1.29866726554248	-0.0757946361973431	0.93958248354564	NA
PA14_RS24205	9.84756792536766	0.410115214801425	0.697726716641574	0.587787747007119	0.556674769452094	NA
PA14_RS24210	8.56104836927037	-0.282046528551027	0.775905951721693	-0.363506076896537	0.71622687424165	NA
PA14_RS31465	3.31679868981331	0.308953476789502	1.2439299918007	0.248368862255876	0.803849023222418	NA
PA14_RS24260	8.22531784426218	-1.20369467084119	0.747843565987182	-1.6095540907038	0.107495237494167	NA
PA14_RS24280	5.92418231325745	-0.232626430590871	0.895721546501906	-0.259708423336868	0.795088694658438	NA
PA14_RS24320	4.60583602664724	-0.46707218227344	1.06253372724554	-0.439583394198934	0.660238869954711	NA
PA14_RS24325	4.52629139390073	0.546442531917723	1.0636395044295	0.513747871945405	0.607428277525275	NA
PA14_RS24330	1.441636820489	0.889056303009609	1.85219242905231	0.480002125623903	0.631225881576335	NA
PA14_RS24335	0.445924113114805	-2.35212720504094	3.57198346819211	-0.658493306586166	0.510221196640358	NA
PA14_RS24345	3.54157846444145	1.07723536951006	1.25837201580827	0.85605477233864	0.391967483844949	NA
PA14_RS24350	0.567339350126521	-1.36044413379334	3.04296461817622	-0.447078525220813	0.654818363735774	NA
PA14_RS24360	5.39290719657052	-1.28515764926947	0.95150993951257	-1.35065078766052	0.176807323582386	NA
PA14_RS24370	4.40898352354533	0.509398804759573	1.15211014298092	0.442144188958859	0.65838486961705	NA
PA14_RS24420	7.76385658707394	-0.979890234946405	0.888829515396279	-1.1024501526702	0.27026601808338	NA
PA14_RS24425	2.39734749294006	-0.334749480685638	1.47425970151021	-0.227062762648077	0.820374938907042	NA
PA14_RS24430	1.77757621407912	-1.46266299906363	1.90726002392857	-0.766892285641705	0.443145560679299	NA
PA14_RS24455	3.30767672470255	-0.885367026777034	1.18739069849774	-0.745640864373604	0.455884390591836	NA
PA14_RS24465	0	NA	NA	NA	NA	NA
PA14_RS24480	5.73373590802408	0.103394418978847	0.907357520227915	0.113951134667265	0.909276529918518	NA
PA14_RS24485	6.40476209436343	-0.436008546354072	0.871399742889802	-0.500354228827458	0.616825676168346	NA
PA14_RS24495	0.806748436426413	-1.95130721630507	2.50907754809635	-0.777699046323033	0.436746454551743	NA
PA14_RS31480	2.41158125283942	-3.72206473166871	1.68649092815586	-2.20698769826096	0.0273149187931015	NA
PA14_RS24600	8.55240203678319	-0.720417552747602	0.789828833760558	-0.91211857804371	0.361706299546117	NA
PA14_RS24840	5.36580030012428	-0.475990606204752	1.01419965966624	-0.469326332017697	0.638836396260839	NA
PA14_RS24925	6.08132637231953	0.571110942015985	0.85052012986901	0.671484332891618	0.501912036856386	NA
PA14_RS24975	10.6091697140912	-0.600129522059236	0.659656993290315	-0.909759963380119	0.36294911318174	NA
PA14_RS24990	7.78256489514496	1.09835160983643	0.80703965799487	1.36096361431028	0.173525188320818	NA
PA14_RS25055	4.74151923953768	0.859835092839006	0.974159189746609	0.882643311164226	0.377429019851947	NA
PA14_RS25060	4.49062019260206	0.113449612678409	1.05420095391462	0.107616685658584	0.914299760620645	NA
PA14_RS25130	6.32969506527119	-2.28711700467568	0.953381567075069	-2.39895240652958	0.0164420516020957	NA
PA14_RS25135	0.728641549539127	-3.06827494887246	2.6931513965364	-1.139287955671	0.254583070293705	NA
PA14_RS25140	1.99664672193171	-4.46496998772723	1.82848812270595	-2.44189170948488	0.0146105284979632	NA
PA14_RS31620	1.31413543063599	0.403690859933725	1.94448556520511	0.207608051793967	0.835535016925315	NA
PA14_RS25365	0	NA	NA	NA	NA	NA
PA14_RS25370	0	NA	NA	NA	NA	NA
PA14_RS31490	8.80187540394711	-1.13447785037917	0.724111984793677	-1.56671602487345	0.117181083397038	NA
PA14_RS25550	4.96068931908845	-1.53304809702583	0.965461908800051	-1.58789081480306	0.112311030864624	NA
PA14_RS25835	9.94247158709284	0.615984129125646	0.860796753476452	0.715597644435698	0.474239828539864	NA
PA14_RS25950	4.1803356934699	-0.646668465514198	1.18855145143613	-0.544081171019416	0.586385616853464	NA
PA14_RS26025	6.56000262803414	-1.39235586099079	0.893407656381184	-1.55847764572629	0.119120063100555	NA
PA14_RS26030	1.80476752249695	0.301143522981983	1.73738611343891	0.173331374443826	0.862390963675806	NA
PA14_RS26045	10.3183742862045	-0.559030508978132	0.651349836965312	-0.85826460260234	0.390746370601518	NA
PA14_RS26050	7.59473108148588	0.270942167714506	0.807568571816521	0.335503605724845	0.73724522520772	NA
PA14_RS26055	3.44873188667159	1.45041398583752	1.32595021533712	1.09386760457576	0.274013048615578	NA
PA14_RS26060	1.84534076566491	-0.294202259639535	1.71396660966755	-0.171649936457397	0.863712746423127	NA
PA14_RS26070	0.741128155051038	0.54817417564735	2.41028491121386	0.227431277147763	0.820088401785548	NA
PA14_RS26075	9.06033053134903	0.59785743097512	0.725345287811836	0.824238388283583	0.409804118709685	NA
PA14_RS26080	1.12860322817823	3.62238133857817	2.36493295951065	1.53170571876495	0.125595070558303	NA
PA14_RS26085	6.87709709681214	1.72858271811474	0.913259523121983	1.89276177729367	0.0583895567550548	NA
PA14_RS26105	8.11096430431612	0.821944829380091	0.766107128515524	1.07288497755237	0.283322727044811	NA
PA14_RS26115	7.55529312285661	0.169581234175277	0.827787944677335	0.204860719784194	0.837680945365082	NA
PA14_RS26125	4.49596238356787	0.776591590403353	1.07563012197753	0.721987581544854	0.470302112613557	NA
PA14_RS26135	6.10793001608757	-0.435400603962438	0.966997178014141	-0.450260470104568	0.652522638593235	NA
PA14_RS26145	9.70178703961449	0.0575100717939097	0.720538149323546	0.0798154432876332	0.936384041543487	NA
PA14_RS26260	2.47201176101141	0.700411151697501	1.39771677525027	0.501110928980649	0.616293055676455	NA
PA14_RS26265	2.5777791553833	-0.784594090252539	1.44749618809236	-0.542035341237441	0.587794159883567	NA
PA14_RS26270	1.68289671655656	4.16524342861896	1.9646202765158	2.12012645823136	0.0339953822220781	NA
PA14_RS26275	2.46213297957876	0.139500192626465	1.32740463503842	0.105092440499446	0.916302457695405	NA
PA14_RS26290	5.08250983305813	0.102079098262349	1.01529016070015	0.100541798013638	0.919914200915658	NA
PA14_RS26295	9.04111492876861	1.29096655543772	0.831411221892567	1.55274131674463	0.120484947342483	NA
PA14_RS26300	4.43768596677034	-0.779675280528963	1.05255804860562	-0.740743260252336	0.458849123983447	NA
PA14_RS26380	6.74947810097853	0.236081047384529	0.901322761966211	0.261927310999586	0.793377483338901	NA
PA14_RS26385	0.769226213543483	1.79148643106043	2.52374507977366	0.709852371944435	0.477795688171526	NA
PA14_RS26390	2.33728909614636	2.01571920764299	1.6050065749892	1.25589467299008	0.209154160199092	NA
PA14_RS26435	9.90203026988928	-0.188052356206323	0.882019223503975	-0.213206641301141	0.831165788351813	NA
PA14_RS26445	4.94675067966089	-0.0147141872939398	1.06004804256002	-0.0138806796514665	0.988925175650886	NA
PA14_RS26450	4.94036216147754	-1.03231007967893	0.95223911966048	-1.0840870306263	0.278326212684209	NA
PA14_RS26470	8.88294593594933	0.293862473852223	0.703483989289381	0.417724466123339	0.676148582051849	NA
PA14_RS26475	9.26348139948628	1.285623666851	0.785444583468116	1.63681015046836	0.101670144173304	NA
PA14_RS26485	4.72319613090283	-0.191634594747529	1.06345183810001	-0.180200539302192	0.856995135061282	NA
PA14_RS26490	5.13458738896935	0.763565824409327	1.01942991675752	0.749012572475788	0.453849627699282	NA
PA14_RS26495	1.52205008607263	0.968736393085724	1.79039589020707	0.541073847624663	0.588456683266869	NA
PA14_RS26510	4.07976949313779	-1.06235358287151	1.23273078186487	-0.861788801334534	0.388803748519865	NA
PA14_RS26515	8.80490792458781	-0.347194240292536	0.700458059728876	-0.495667421439798	0.620129076003493	NA
PA14_RS26520	4.59674579350613	-1.71495212529998	1.08982772816758	-1.57359927718436	0.115580120473322	NA
PA14_RS26525	6.92962138430186	-1.65719757953807	0.913230499753028	-1.81465421926473	0.0695770646259797	NA
PA14_RS26530	5.82020991939047	0.448706879199908	0.91302645704	0.491450029448872	0.623108186915803	NA
PA14_RS26860	7.96488223871886	-1.97653460332012	0.903821502246906	-2.18686388673697	0.0287524619418883	NA
PA14_RS26865	9.11041462053747	-0.608556806756152	0.710670207202898	-0.856313942231165	0.391824151414311	NA
PA14_RS26870	9.25910475395795	-0.576838223066559	0.783236769913649	-0.736480008631559	0.461438629378501	NA
PA14_RS26875	4.46664704852375	1.17234906595339	1.11497839831837	1.05145451043854	0.293049891436672	NA
PA14_RS26895	5.94856456800272	-0.394807119823567	1.07302088227676	-0.367939828893039	0.712918101075265	NA
PA14_RS26935	5.44687158602331	0.0254836746986637	0.918993295488741	0.0277299897874781	0.977877504504434	NA
PA14_RS27140	3.70214234717649	0.0446303521211528	1.21501935451597	0.0367322149686515	0.970698522137807	NA
PA14_RS27145	4.78581389602897	0.441469077289662	1.01210886910526	0.436187341861689	0.662700811146081	NA
PA14_RS27400	7.02144262220262	0.718848372134705	0.788989606759334	0.911099925748421	0.362242725577201	NA
PA14_RS27450	9.56582933862336	1.04119318196298	0.719156719524699	1.447797334983	0.147673738324418	NA
PA14_RS27460	8.16016771637479	1.2801449251289	0.787740759359133	1.62508402659062	0.104144655957862	NA
PA14_RS27470	7.16607654053989	0.215705711386301	0.76396725746214	0.282349419139852	0.777675595363143	NA
PA14_RS27475	8.53923547541533	-1.08899393376276	0.738949861560785	-1.47370476727964	0.140561098729761	NA
PA14_RS27485	9.88742570735775	0.151521541634158	0.711541554642407	0.212948267948042	0.831367313320496	NA
PA14_RS27490	10.1585882571677	-0.283727449204213	0.665147480964557	-0.426563216916599	0.669697493950174	NA
PA14_RS28340	8.85747855703583	0.404284256065651	0.741330273666829	0.545349718507983	0.585513015372874	NA
PA14_RS28345	3.51773894197837	-0.243899132418637	1.0930585655979	-0.223134551153008	0.823430788234649	NA
PA14_RS28425	7.23211504929813	-0.152274200810238	0.812130844798917	-0.187499590472937	0.85126894474998	NA
PA14_RS28640	9.35449162160722	1.66797003647605	0.836370944709802	1.99429457350984	0.0461198719305079	NA
PA14_RS28770	1.02483263791214	-3.51937188016823	2.40937133588752	-1.46070131562839	0.144097427858382	NA
PA14_RS28775	1.71848783330965	-1.07491391263824	1.82398671648523	-0.589321129876193	0.555645873084474	NA
PA14_RS28780	2.80037565822617	-0.436156101676781	1.33023012196475	-0.327880187401395	0.743002254553643	NA
PA14_RS28865	5.8786338945767	0.916033403867878	0.886536212293609	1.03327240462965	0.301476437457241	NA
PA14_RS28870	0	NA	NA	NA	NA	NA
PA14_RS28875	0	NA	NA	NA	NA	NA
PA14_RS28955	1.12421890323839	-3.60938662207013	2.58053659819199	-1.39869615668268	0.161904117237587	NA
PA14_RS28960	0	NA	NA	NA	NA	NA
PA14_RS28965	1.84171671473806	-0.110144186801197	1.61580880257765	-0.0681665965833875	0.945653017163226	NA
PA14_RS28970	1.23353818138259	0.818575362193284	2.08697715655947	0.39223014953492	0.694888169198217	NA
PA14_RS28975	2.55712440526102	0.262717359388037	1.45932282050795	0.180026897199204	0.857131452254327	NA
PA14_RS28990	4.08969755429791	0.23763513921737	1.31693475516917	0.180445643403833	0.856802724108981	NA
PA14_RS28995	0.497265128215622	0.936640543159802	3.21057116000163	0.291736422113543	0.770488159164477	NA
PA14_RS29020	4.0210010217738	-1.15522340013542	1.15389482098496	-1.00115138670033	0.316753624893172	NA
PA14_RS29030	6.85642230109544	0.600528970859564	0.912987567180377	0.657762484887068	0.510690764107112	NA
PA14_RS29035	0.597312705486035	0.0244293811140075	2.79365714891509	0.00874458811937415	0.993022917069473	NA
PA14_RS29040	2.59533147530101	1.24080252215229	1.39084398846038	0.892122001063407	0.372327543529193	NA
PA14_RS29045	8.40869353422719	0.363490289963152	0.732350107301005	0.496334043430068	0.619658751248512	NA
PA14_RS29050	4.38108230316907	0.190428502489505	1.02756198717947	0.185320695846494	0.852977506238669	NA
PA14_RS29065	10.6904534029816	1.49152022074367	0.756485615764408	1.97164386164372	0.0486502763711334	NA
PA14_RS29090	8.69073135705271	0.816088942773622	0.741223120618448	1.10100308540391	0.270895314317789	NA
PA14_RS29110	8.38272032634168	1.01364862863971	0.930300538206638	1.08959264991262	0.275892622239461	NA
PA14_RS29115	5.62933896186312	0.946658022314297	1.01910945532952	0.928907113326899	0.35293722623688	NA
PA14_RS29120	0.644801991103959	0.126982454162756	2.91243193917956	0.0436001447637355	0.965223136304133	NA
PA14_RS29130	5.58422746819926	1.10989823717822	0.94244496991108	1.17767962333434	0.23892435335419	NA
PA14_RS29135	6.56806847319265	0.45742520043885	0.850575739988748	0.537783032049446	0.590726847630673	NA
PA14_RS31315	2.74980122025458	-1.12225903797908	1.47365650436636	-0.761547236180137	0.446330276398618	NA
PA14_RS29725	2.98474894495387	0.0103027277234255	1.2993108013719	0.00792937895424804	0.993673337253926	NA
PA14_RS29740	10.4748598113003	0.361472465475294	0.814799773944971	0.443633487679032	0.657307590352554	NA
PA14_RS29745	3.86813107080866	-0.597995881727798	1.30489133681926	-0.4582725510198	0.64675664198904	NA
PA14_RS29750	9.3064456916686	1.21683591450509	0.703819182978479	1.72890416165639	0.083826249121283	NA
PA14_RS29760	3.72563166187446	0.550490814764529	1.12147577629879	0.490862866946014	0.623523441972495	NA
