gsm,sample_id,condition_id,block,comb_id,srr,srx,biosample,bioproject,n_runs,library_layout,avg_read_length,total_spots,total_bases,size_MB,instrument_model,library_strategy,library_selection,library_source,molecule,organism,taxid,strain_id,cell_line,pert_id,pert_iname,pert_dose,pert_dose_unit,pert_idose,pert_time,pert_time_unit,pert_itime,pert_type,pert_target,pert_mechanism,pert_submechanism,pharmaceutical_class,vehicle,category,project_id,project_plate_id_384well,replicate_id,weak_signal
GSM7985468,MOCP_0066:a22:200.00000uM:90min:PA14:MOCP_0066_1:r1,MOCP_0066:a22:200.00000uM:PA14:90min:A,A,MOCP_0066_1:PA14:90min,SRR27299759,SRX22977460,SAMN38977993,PRJNA1055047,1,PAIRED,90,3675137,331480456,126,Illumina NovaSeq 6000,RNA-Seq,cDNA,TRANSCRIPTOMIC,total RNA,Pseudomonas aeruginosa UCBPP-PA14,208963,PA14,PA14,a22,A22,200,uM,200.00000uM,90,min,90min,poscon,MreB,Cell wall synthesis,Cell wall biogenesis,Dichlorobenzyl isothiourea,dmso,antimicrobial_reference_set,MOCP_0066,MOCP_0066_1,r1,FALSE
GSM7985471,MOCP_0066:a22:800.00000uM:90min:PA14:MOCP_0066_1:r1,MOCP_0066:a22:800.00000uM:PA14:90min:A,A,MOCP_0066_1:PA14:90min,SRR27299756,SRX22977463,SAMN38977990,PRJNA1055047,1,PAIRED,90,1656906,149878778,56,Illumina NovaSeq 6000,RNA-Seq,cDNA,TRANSCRIPTOMIC,total RNA,Pseudomonas aeruginosa UCBPP-PA14,208963,PA14,PA14,a22,A22,800,uM,800.00000uM,90,min,90min,poscon,MreB,Cell wall synthesis,Cell wall biogenesis,Dichlorobenzyl isothiourea,dmso,antimicrobial_reference_set,MOCP_0066,MOCP_0066_1,r1,FALSE
GSM7985469,MOCP_0066:a22:200.00000uM:90min:PA14:MOCP_0066_1:r2,MOCP_0066:a22:200.00000uM:PA14:90min:A,A,MOCP_0066_1:PA14:90min,SRR27299758,SRX22977461,SAMN38977992,PRJNA1055047,1,PAIRED,90,2511284,226417700,86,Illumina NovaSeq 6000,RNA-Seq,cDNA,TRANSCRIPTOMIC,total RNA,Pseudomonas aeruginosa UCBPP-PA14,208963,PA14,PA14,a22,A22,200,uM,200.00000uM,90,min,90min,poscon,MreB,Cell wall synthesis,Cell wall biogenesis,Dichlorobenzyl isothiourea,dmso,antimicrobial_reference_set,MOCP_0066,MOCP_0066_1,r2,FALSE
GSM7985472,MOCP_0066:a22:800.00000uM:90min:PA14:MOCP_0066_1:r2,MOCP_0066:a22:800.00000uM:PA14:90min:A,A,MOCP_0066_1:PA14:90min,SRR27299755,SRX22977464,SAMN38977989,PRJNA1055047,1,PAIRED,90,2202289,199177965,74,Illumina NovaSeq 6000,RNA-Seq,cDNA,TRANSCRIPTOMIC,total RNA,Pseudomonas aeruginosa UCBPP-PA14,208963,PA14,PA14,a22,A22,800,uM,800.00000uM,90,min,90min,poscon,MreB,Cell wall synthesis,Cell wall biogenesis,Dichlorobenzyl isothiourea,dmso,antimicrobial_reference_set,MOCP_0066,MOCP_0066_1,r2,FALSE
GSM7985470,MOCP_0066:a22:200.00000uM:90min:PA14:MOCP_0066_1:r3,MOCP_0066:a22:200.00000uM:PA14:90min:A,A,MOCP_0066_1:PA14:90min,SRR27299757,SRX22977462,SAMN38977991,PRJNA1055047,1,PAIRED,90,2898687,261397867,99,Illumina NovaSeq 6000,RNA-Seq,cDNA,TRANSCRIPTOMIC,total RNA,Pseudomonas aeruginosa UCBPP-PA14,208963,PA14,PA14,a22,A22,200,uM,200.00000uM,90,min,90min,poscon,MreB,Cell wall synthesis,Cell wall biogenesis,Dichlorobenzyl isothiourea,dmso,antimicrobial_reference_set,MOCP_0066,MOCP_0066_1,r3,FALSE
GSM7985473,MOCP_0066:a22:800.00000uM:90min:PA14:MOCP_0066_1:r3,MOCP_0066:a22:800.00000uM:PA14:90min:A,A,MOCP_0066_1:PA14:90min,SRR27299754,SRX22977465,SAMN38977988,PRJNA1055047,1,PAIRED,90,2558329,231425141,86,Illumina NovaSeq 6000,RNA-Seq,cDNA,TRANSCRIPTOMIC,total RNA,Pseudomonas aeruginosa UCBPP-PA14,208963,PA14,PA14,a22,A22,800,uM,800.00000uM,90,min,90min,poscon,MreB,Cell wall synthesis,Cell wall biogenesis,Dichlorobenzyl isothiourea,dmso,antimicrobial_reference_set,MOCP_0066,MOCP_0066_1,r3,FALSE
GSM7985474,MOCP_0066:ami:6.25000uM:90min:PA14:MOCP_0066_1:r1,MOCP_0066:ami:6.25000uM:PA14:90min:A,A,MOCP_0066_1:PA14:90min,SRR27299753,SRX22977466,SAMN38977987,PRJNA1055047,1,PAIRED,90,2084687,188895607,72,Illumina NovaSeq 6000,RNA-Seq,cDNA,TRANSCRIPTOMIC,total RNA,Pseudomonas aeruginosa UCBPP-PA14,208963,PA14,PA14,ami,Amikacin,6.25,uM,6.25000uM,90,min,90min,poscon,30S ribosomal subunit,Protein synthesis,Protein synthesis,Aminoglycoside,water,antimicrobial_reference_set,MOCP_0066,MOCP_0066_1,r1,FALSE
GSM8297983,MOCP_0066:ami:1.56250uM:90min:PA14:MOCP_0066_1:r1,MOCP_0066:ami:1.56250uM:PA14:90min:A,A,MOCP_0066_1:PA14:90min,SRR29244742;SRR29244743,SRX24763267,SAMN41607358,PRJNA1055047,2,SINGLE,41,7760250,351640347,154,Illumina NovaSeq 6000,RNA-Seq,cDNA,TRANSCRIPTOMIC,total RNA,Pseudomonas aeruginosa UCBPP-PA14,208963,PA14,PA14,ami,Amikacin,1.5625,uM,1.56250uM,90,min,90min,poscon,30S ribosomal subunit,Protein synthesis,Protein synthesis,Aminoglycoside,water,weak_signal_removed_from_antimicrobial_reference_set,MOCP_0066,MOCP_0066_1,r1,TRUE
GSM7985475,MOCP_0066:ami:6.25000uM:90min:PA14:MOCP_0066_1:r2,MOCP_0066:ami:6.25000uM:PA14:90min:A,A,MOCP_0066_1:PA14:90min,SRR27299752,SRX22977467,SAMN38977986,PRJNA1055047,1,PAIRED,90,2463384,223293989,85,Illumina NovaSeq 6000,RNA-Seq,cDNA,TRANSCRIPTOMIC,total RNA,Pseudomonas aeruginosa UCBPP-PA14,208963,PA14,PA14,ami,Amikacin,6.25,uM,6.25000uM,90,min,90min,poscon,30S ribosomal subunit,Protein synthesis,Protein synthesis,Aminoglycoside,water,antimicrobial_reference_set,MOCP_0066,MOCP_0066_1,r2,FALSE
GSM8297984,MOCP_0066:ami:1.56250uM:90min:PA14:MOCP_0066_1:r2,MOCP_0066:ami:1.56250uM:PA14:90min:A,A,MOCP_0066_1:PA14:90min,SRR29244740;SRR29244741,SRX24763268,SAMN41607357,PRJNA1055047,2,SINGLE,41,7519228,340830458,148,Illumina NovaSeq 6000,RNA-Seq,cDNA,TRANSCRIPTOMIC,total RNA,Pseudomonas aeruginosa UCBPP-PA14,208963,PA14,PA14,ami,Amikacin,1.5625,uM,1.56250uM,90,min,90min,poscon,30S ribosomal subunit,Protein synthesis,Protein synthesis,Aminoglycoside,water,weak_signal_removed_from_antimicrobial_reference_set,MOCP_0066,MOCP_0066_1,r2,TRUE
GSM7985476,MOCP_0066:ami:6.25000uM:90min:PA14:MOCP_0066_1:r3,MOCP_0066:ami:6.25000uM:PA14:90min:A,A,MOCP_0066_1:PA14:90min,SRR27299751,SRX22977468,SAMN38977985,PRJNA1055047,1,PAIRED,90,3553125,322000130,124,Illumina NovaSeq 6000,RNA-Seq,cDNA,TRANSCRIPTOMIC,total RNA,Pseudomonas aeruginosa UCBPP-PA14,208963,PA14,PA14,ami,Amikacin,6.25,uM,6.25000uM,90,min,90min,poscon,30S ribosomal subunit,Protein synthesis,Protein synthesis,Aminoglycoside,water,antimicrobial_reference_set,MOCP_0066,MOCP_0066_1,r3,FALSE
GSM8297985,MOCP_0066:ami:1.56250uM:90min:PA14:MOCP_0066_1:r3,MOCP_0066:ami:1.56250uM:PA14:90min:A,A,MOCP_0066_1:PA14:90min,SRR29244738;SRR29244739,SRX24763269,SAMN41607356,PRJNA1055047,2,SINGLE,41,11477076,520075741,227,Illumina NovaSeq 6000,RNA-Seq,cDNA,TRANSCRIPTOMIC,total RNA,Pseudomonas aeruginosa UCBPP-PA14,208963,PA14,PA14,ami,Amikacin,1.5625,uM,1.56250uM,90,min,90min,poscon,30S ribosomal subunit,Protein synthesis,Protein synthesis,Aminoglycoside,water,weak_signal_removed_from_antimicrobial_reference_set,MOCP_0066,MOCP_0066_1,r3,TRUE
GSM7985477,MOCP_0066:carb:1600.00000uM:90min:PA14:MOCP_0066_1:r1,MOCP_0066:carb:1600.00000uM:PA14:90min:A,A,MOCP_0066_1:PA14:90min,SRR27299749;SRR27299750,SRX22977469,SAMN38977984,PRJNA1055047,2,PAIRED,90,12149145,1099752206,414,Illumina NovaSeq 6000,RNA-Seq,cDNA,TRANSCRIPTOMIC,total RNA,Pseudomonas aeruginosa UCBPP-PA14,208963,PA14,PA14,carb,Carbenicillin,1600,uM,1600.00000uM,90,min,90min,poscon,PBP,Cell wall synthesis,Cell wall biogenesis,B-lactam,water,antimicrobial_reference_set,MOCP_0066,MOCP_0066_1,r1,FALSE
GSM7985480,MOCP_0066:carb:6400.00000uM:90min:PA14:MOCP_0066_1:r1,MOCP_0066:carb:6400.00000uM:PA14:90min:A,A,MOCP_0066_1:PA14:90min,SRR27300047;SRR27300048,SRX22977541,SAMN38977981,PRJNA1055047,2,PAIRED,90,10121631,916935914,347,Illumina NovaSeq 6000,RNA-Seq,cDNA,TRANSCRIPTOMIC,total RNA,Pseudomonas aeruginosa UCBPP-PA14,208963,PA14,PA14,carb,Carbenicillin,6400,uM,6400.00000uM,90,min,90min,poscon,PBP,Cell wall synthesis,Cell wall biogenesis,B-lactam,water,antimicrobial_reference_set,MOCP_0066,MOCP_0066_1,r1,FALSE
GSM7985478,MOCP_0066:carb:1600.00000uM:90min:PA14:MOCP_0066_1:r2,MOCP_0066:carb:1600.00000uM:PA14:90min:A,A,MOCP_0066_1:PA14:90min,SRR27299747;SRR27299748,SRX22977470,SAMN38977983,PRJNA1055047,2,PAIRED,90,8007913,724471465,270,Illumina NovaSeq 6000,RNA-Seq,cDNA,TRANSCRIPTOMIC,total RNA,Pseudomonas aeruginosa UCBPP-PA14,208963,PA14,PA14,carb,Carbenicillin,1600,uM,1600.00000uM,90,min,90min,poscon,PBP,Cell wall synthesis,Cell wall biogenesis,B-lactam,water,antimicrobial_reference_set,MOCP_0066,MOCP_0066_1,r2,FALSE
GSM7985481,MOCP_0066:carb:6400.00000uM:90min:PA14:MOCP_0066_1:r2,MOCP_0066:carb:6400.00000uM:PA14:90min:A,A,MOCP_0066_1:PA14:90min,SRR27299867;SRR27300046,SRX22977542,SAMN38977980,PRJNA1055047,2,PAIRED,90,6319544,572357578,216,Illumina NovaSeq 6000,RNA-Seq,cDNA,TRANSCRIPTOMIC,total RNA,Pseudomonas aeruginosa UCBPP-PA14,208963,PA14,PA14,carb,Carbenicillin,6400,uM,6400.00000uM,90,min,90min,poscon,PBP,Cell wall synthesis,Cell wall biogenesis,B-lactam,water,antimicrobial_reference_set,MOCP_0066,MOCP_0066_1,r2,FALSE
GSM7985479,MOCP_0066:carb:1600.00000uM:90min:PA14:MOCP_0066_1:r3,MOCP_0066:carb:1600.00000uM:PA14:90min:A,A,MOCP_0066_1:PA14:90min,SRR27299673;SRR27299746,SRX22977471,SAMN38977982,PRJNA1055047,2,PAIRED,90,7780081,704414625,265,Illumina NovaSeq 6000,RNA-Seq,cDNA,TRANSCRIPTOMIC,total RNA,Pseudomonas aeruginosa UCBPP-PA14,208963,PA14,PA14,carb,Carbenicillin,1600,uM,1600.00000uM,90,min,90min,poscon,PBP,Cell wall synthesis,Cell wall biogenesis,B-lactam,water,antimicrobial_reference_set,MOCP_0066,MOCP_0066_1,r3,FALSE
GSM7985482,MOCP_0066:carb:6400.00000uM:90min:PA14:MOCP_0066_1:r3,MOCP_0066:carb:6400.00000uM:PA14:90min:A,A,MOCP_0066_1:PA14:90min,SRR27300044;SRR27300045,SRX22977543,SAMN38977979,PRJNA1055047,2,PAIRED,90,8850351,801783060,302,Illumina NovaSeq 6000,RNA-Seq,cDNA,TRANSCRIPTOMIC,total RNA,Pseudomonas aeruginosa UCBPP-PA14,208963,PA14,PA14,carb,Carbenicillin,6400,uM,6400.00000uM,90,min,90min,poscon,PBP,Cell wall synthesis,Cell wall biogenesis,B-lactam,water,antimicrobial_reference_set,MOCP_0066,MOCP_0066_1,r3,FALSE
GSM7985483,MOCP_0066:cbr4830:62.50000uM:90min:PA14:MOCP_0066_1:r1,MOCP_0066:cbr4830:62.50000uM:PA14:90min:A,A,MOCP_0066_1:PA14:90min,SRR27300043,SRX22977544,SAMN38977978,PRJNA1055047,1,PAIRED,90,2939365,265984565,101,Illumina NovaSeq 6000,RNA-Seq,cDNA,TRANSCRIPTOMIC,total RNA,Pseudomonas aeruginosa UCBPP-PA14,208963,PA14,PA14,cbr4830,CBR-4830,62.5,uM,62.50000uM,90,min,90min,poscon,MreB,Cell wall synthesis,Cell wall biogenesis,Indole,dmso,antimicrobial_reference_set,MOCP_0066,MOCP_0066_1,r1,FALSE
GSM8297986,MOCP_0066:cbr4830:15.62500uM:90min:PA14:MOCP_0066_1:r1,MOCP_0066:cbr4830:15.62500uM:PA14:90min:A,A,MOCP_0066_1:PA14:90min,SRR29244736;SRR29244737,SRX24763270,SAMN41607355,PRJNA1055047,2,SINGLE,41,6256648,282211244,123,Illumina NovaSeq 6000,RNA-Seq,cDNA,TRANSCRIPTOMIC,total RNA,Pseudomonas aeruginosa UCBPP-PA14,208963,PA14,PA14,cbr4830,CBR-4830,15.625,uM,15.62500uM,90,min,90min,poscon,MreB,Cell wall synthesis,Cell wall biogenesis,Indole,dmso,weak_signal_removed_from_antimicrobial_reference_set,MOCP_0066,MOCP_0066_1,r1,TRUE
GSM7985484,MOCP_0066:cbr4830:62.50000uM:90min:PA14:MOCP_0066_1:r2,MOCP_0066:cbr4830:62.50000uM:PA14:90min:A,A,MOCP_0066_1:PA14:90min,SRR27300042,SRX22977545,SAMN38977977,PRJNA1055047,1,PAIRED,90,3135179,283886291,107,Illumina NovaSeq 6000,RNA-Seq,cDNA,TRANSCRIPTOMIC,total RNA,Pseudomonas aeruginosa UCBPP-PA14,208963,PA14,PA14,cbr4830,CBR-4830,62.5,uM,62.50000uM,90,min,90min,poscon,MreB,Cell wall synthesis,Cell wall biogenesis,Indole,dmso,antimicrobial_reference_set,MOCP_0066,MOCP_0066_1,r2,FALSE
GSM8297987,MOCP_0066:cbr4830:15.62500uM:90min:PA14:MOCP_0066_1:r2,MOCP_0066:cbr4830:15.62500uM:PA14:90min:A,A,MOCP_0066_1:PA14:90min,SRR29244734;SRR29244735,SRX24763271,SAMN41607354,PRJNA1055047,2,SINGLE,41,7856816,354637086,153,Illumina NovaSeq 6000,RNA-Seq,cDNA,TRANSCRIPTOMIC,total RNA,Pseudomonas aeruginosa UCBPP-PA14,208963,PA14,PA14,cbr4830,CBR-4830,15.625,uM,15.62500uM,90,min,90min,poscon,MreB,Cell wall synthesis,Cell wall biogenesis,Indole,dmso,weak_signal_removed_from_antimicrobial_reference_set,MOCP_0066,MOCP_0066_1,r2,TRUE
GSM7985485,MOCP_0066:cbr4830:62.50000uM:90min:PA14:MOCP_0066_1:r3,MOCP_0066:cbr4830:62.50000uM:PA14:90min:A,A,MOCP_0066_1:PA14:90min,SRR27300041,SRX22977546,SAMN38977976,PRJNA1055047,1,PAIRED,90,6218189,562799961,213,Illumina NovaSeq 6000,RNA-Seq,cDNA,TRANSCRIPTOMIC,total RNA,Pseudomonas aeruginosa UCBPP-PA14,208963,PA14,PA14,cbr4830,CBR-4830,62.5,uM,62.50000uM,90,min,90min,poscon,MreB,Cell wall synthesis,Cell wall biogenesis,Indole,dmso,antimicrobial_reference_set,MOCP_0066,MOCP_0066_1,r3,FALSE
GSM8297988,MOCP_0066:cbr4830:15.62500uM:90min:PA14:MOCP_0066_1:r3,MOCP_0066:cbr4830:15.62500uM:PA14:90min:A,A,MOCP_0066_1:PA14:90min,SRR29244732;SRR29244733,SRX24763272,SAMN41607353,PRJNA1055047,2,SINGLE,41,5148908,232223821,100,Illumina NovaSeq 6000,RNA-Seq,cDNA,TRANSCRIPTOMIC,total RNA,Pseudomonas aeruginosa UCBPP-PA14,208963,PA14,PA14,cbr4830,CBR-4830,15.625,uM,15.62500uM,90,min,90min,poscon,MreB,Cell wall synthesis,Cell wall biogenesis,Indole,dmso,weak_signal_removed_from_antimicrobial_reference_set,MOCP_0066,MOCP_0066_1,r3,TRUE
GSM7985486,MOCP_0066:chir090:0.78125uM:90min:PA14:MOCP_0066_1:r1,MOCP_0066:chir090:0.78125uM:PA14:90min:A,A,MOCP_0066_1:PA14:90min,SRR27300040,SRX22977547,SAMN38977975,PRJNA1055047,1,PAIRED,90,4180369,377273151,143,Illumina NovaSeq 6000,RNA-Seq,cDNA,TRANSCRIPTOMIC,total RNA,Pseudomonas aeruginosa UCBPP-PA14,208963,PA14,PA14,chir090,CHIR-090,0.78125,uM,0.78125uM,90,min,90min,poscon,LpxC,Membrane Integrity,LPS biosynthesis,Hydroxamic acid,dmso,antimicrobial_reference_set,MOCP_0066,MOCP_0066_1,r1,FALSE
GSM7985489,MOCP_0066:chir090:3.12500uM:90min:PA14:MOCP_0066_1:r1,MOCP_0066:chir090:3.12500uM:PA14:90min:A,A,MOCP_0066_1:PA14:90min,SRR27300037,SRX22977550,SAMN38977972,PRJNA1055047,1,PAIRED,90,3124209,282785826,108,Illumina NovaSeq 6000,RNA-Seq,cDNA,TRANSCRIPTOMIC,total RNA,Pseudomonas aeruginosa UCBPP-PA14,208963,PA14,PA14,chir090,CHIR-090,3.125,uM,3.12500uM,90,min,90min,poscon,LpxC,Membrane Integrity,LPS biosynthesis,Hydroxamic acid,dmso,antimicrobial_reference_set,MOCP_0066,MOCP_0066_1,r1,FALSE
GSM7985487,MOCP_0066:chir090:0.78125uM:90min:PA14:MOCP_0066_1:r2,MOCP_0066:chir090:0.78125uM:PA14:90min:A,A,MOCP_0066_1:PA14:90min,SRR27300039,SRX22977548,SAMN38977974,PRJNA1055047,1,PAIRED,90,4578594,412733553,157,Illumina NovaSeq 6000,RNA-Seq,cDNA,TRANSCRIPTOMIC,total RNA,Pseudomonas aeruginosa UCBPP-PA14,208963,PA14,PA14,chir090,CHIR-090,0.78125,uM,0.78125uM,90,min,90min,poscon,LpxC,Membrane Integrity,LPS biosynthesis,Hydroxamic acid,dmso,antimicrobial_reference_set,MOCP_0066,MOCP_0066_1,r2,FALSE
GSM7985490,MOCP_0066:chir090:3.12500uM:90min:PA14:MOCP_0066_1:r2,MOCP_0066:chir090:3.12500uM:PA14:90min:A,A,MOCP_0066_1:PA14:90min,SRR27300036,SRX22977551,SAMN38977971,PRJNA1055047,1,PAIRED,90,5534591,500695940,192,Illumina NovaSeq 6000,RNA-Seq,cDNA,TRANSCRIPTOMIC,total RNA,Pseudomonas aeruginosa UCBPP-PA14,208963,PA14,PA14,chir090,CHIR-090,3.125,uM,3.12500uM,90,min,90min,poscon,LpxC,Membrane Integrity,LPS biosynthesis,Hydroxamic acid,dmso,antimicrobial_reference_set,MOCP_0066,MOCP_0066_1,r2,FALSE
GSM7985488,MOCP_0066:chir090:0.78125uM:90min:PA14:MOCP_0066_1:r3,MOCP_0066:chir090:0.78125uM:PA14:90min:A,A,MOCP_0066_1:PA14:90min,SRR27300038,SRX22977549,SAMN38977973,PRJNA1055047,1,PAIRED,90,2796871,252141809,96,Illumina NovaSeq 6000,RNA-Seq,cDNA,TRANSCRIPTOMIC,total RNA,Pseudomonas aeruginosa UCBPP-PA14,208963,PA14,PA14,chir090,CHIR-090,0.78125,uM,0.78125uM,90,min,90min,poscon,LpxC,Membrane Integrity,LPS biosynthesis,Hydroxamic acid,dmso,antimicrobial_reference_set,MOCP_0066,MOCP_0066_1,r3,FALSE
GSM7985491,MOCP_0066:chir090:3.12500uM:90min:PA14:MOCP_0066_1:r3,MOCP_0066:chir090:3.12500uM:PA14:90min:A,A,MOCP_0066_1:PA14:90min,SRR27300035,SRX22977552,SAMN38977970,PRJNA1055047,1,PAIRED,90,2617216,236816187,92,Illumina NovaSeq 6000,RNA-Seq,cDNA,TRANSCRIPTOMIC,total RNA,Pseudomonas aeruginosa UCBPP-PA14,208963,PA14,PA14,chir090,CHIR-090,3.125,uM,3.12500uM,90,min,90min,poscon,LpxC,Membrane Integrity,LPS biosynthesis,Hydroxamic acid,dmso,antimicrobial_reference_set,MOCP_0066,MOCP_0066_1,r3,FALSE
GSM7985510,MOCP_0066:cip:0.19500uM:90min:PA14:MOCP_0066_1:r1,MOCP_0066:cip:0.19500uM:PA14:90min:A,A,MOCP_0066_1:PA14:90min,SRR27300476;SRR27300477,SRX22977847,SAMN38977951,PRJNA1055047,2,PAIRED,90,9911969,897013644,337,Illumina NovaSeq 6000,RNA-Seq,cDNA,TRANSCRIPTOMIC,total RNA,Pseudomonas aeruginosa UCBPP-PA14,208963,PA14,PA14,cip,Ciprofloxacin,0.195,uM,0.19500uM,90,min,90min,poscon,GyrA/ParC,DNA synthesis,DNA synthesis,Quinolone,water,antimicrobial_reference_set,MOCP_0066,MOCP_0066_1,r1,FALSE
GSM7985531,MOCP_0066:cip:0.78125uM:90min:PA14:MOCP_0066_1:r1,MOCP_0066:cip:0.78125uM:PA14:90min:A,A,MOCP_0066_1:PA14:90min,SRR27300470;SRR27300471,SRX22977852,SAMN38977930,PRJNA1055047,2,PAIRED,90,6302315,570999822,217,Illumina NovaSeq 6000,RNA-Seq,cDNA,TRANSCRIPTOMIC,total RNA,Pseudomonas aeruginosa UCBPP-PA14,208963,PA14,PA14,cip,Ciprofloxacin,0.78125,uM,0.78125uM,90,min,90min,poscon,GyrA/ParC,DNA synthesis,DNA synthesis,Quinolone,water,antimicrobial_reference_set,MOCP_0066,MOCP_0066_1,r1,FALSE
GSM7985511,MOCP_0066:cip:0.19500uM:90min:PA14:MOCP_0066_1:r2,MOCP_0066:cip:0.19500uM:PA14:90min:A,A,MOCP_0066_1:PA14:90min,SRR27299829;SRR27300475,SRX22977848,SAMN38977950,PRJNA1055047,2,PAIRED,90,10451895,945684639,354,Illumina NovaSeq 6000,RNA-Seq,cDNA,TRANSCRIPTOMIC,total RNA,Pseudomonas aeruginosa UCBPP-PA14,208963,PA14,PA14,cip,Ciprofloxacin,0.195,uM,0.19500uM,90,min,90min,poscon,GyrA/ParC,DNA synthesis,DNA synthesis,Quinolone,water,antimicrobial_reference_set,MOCP_0066,MOCP_0066_1,r2,FALSE
GSM7985532,MOCP_0066:cip:0.78125uM:90min:PA14:MOCP_0066_1:r2,MOCP_0066:cip:0.78125uM:PA14:90min:A,A,MOCP_0066_1:PA14:90min,SRR27300468;SRR27300469,SRX22977853,SAMN38977929,PRJNA1055047,2,PAIRED,90,8009786,725591190,273,Illumina NovaSeq 6000,RNA-Seq,cDNA,TRANSCRIPTOMIC,total RNA,Pseudomonas aeruginosa UCBPP-PA14,208963,PA14,PA14,cip,Ciprofloxacin,0.78125,uM,0.78125uM,90,min,90min,poscon,GyrA/ParC,DNA synthesis,DNA synthesis,Quinolone,water,antimicrobial_reference_set,MOCP_0066,MOCP_0066_1,r2,FALSE
GSM7985512,MOCP_0066:cip:0.19500uM:90min:PA14:MOCP_0066_1:r3,MOCP_0066:cip:0.19500uM:PA14:90min:A,A,MOCP_0066_1:PA14:90min,SRR27299653;SRR27299654,SRX22977246,SAMN38977949,PRJNA1055047,2,PAIRED,90,9786480,885677189,333,Illumina NovaSeq 6000,RNA-Seq,cDNA,TRANSCRIPTOMIC,total RNA,Pseudomonas aeruginosa UCBPP-PA14,208963,PA14,PA14,cip,Ciprofloxacin,0.195,uM,0.19500uM,90,min,90min,poscon,GyrA/ParC,DNA synthesis,DNA synthesis,Quinolone,water,antimicrobial_reference_set,MOCP_0066,MOCP_0066_1,r3,FALSE
GSM7985533,MOCP_0066:cip:0.78125uM:90min:PA14:MOCP_0066_1:r3,MOCP_0066:cip:0.78125uM:PA14:90min:A,A,MOCP_0066_1:PA14:90min,SRR27299776;SRR27300467,SRX22977854,SAMN38977928,PRJNA1055047,2,PAIRED,90,7421014,672341617,255,Illumina NovaSeq 6000,RNA-Seq,cDNA,TRANSCRIPTOMIC,total RNA,Pseudomonas aeruginosa UCBPP-PA14,208963,PA14,PA14,cip,Ciprofloxacin,0.78125,uM,0.78125uM,90,min,90min,poscon,GyrA/ParC,DNA synthesis,DNA synthesis,Quinolone,water,antimicrobial_reference_set,MOCP_0066,MOCP_0066_1,r3,FALSE
GSM7985534,MOCP_0066:clari:200.00000uM:90min:PA14:MOCP_0066_1:r1,MOCP_0066:clari:200.00000uM:PA14:90min:A,A,MOCP_0066_1:PA14:90min,SRR27300466,SRX22977855,SAMN38977927,PRJNA1055047,1,PAIRED,90,9607557,869949351,333,Illumina NovaSeq 6000,RNA-Seq,cDNA,TRANSCRIPTOMIC,total RNA,Pseudomonas aeruginosa UCBPP-PA14,208963,PA14,PA14,clari,Clarithromycin,200,uM,200.00000uM,90,min,90min,poscon,50s ribosomal subunit,Protein synthesis,Protein synthesis,Macrolide,dmso,antimicrobial_reference_set,MOCP_0066,MOCP_0066_1,r1,FALSE
GSM7985537,MOCP_0066:clari:50.00000uM:90min:PA14:MOCP_0066_1:r1,MOCP_0066:clari:50.00000uM:PA14:90min:A,A,MOCP_0066_1:PA14:90min,SRR27300463,SRX22977858,SAMN38977924,PRJNA1055047,1,PAIRED,90,9605553,867389910,329,Illumina NovaSeq 6000,RNA-Seq,cDNA,TRANSCRIPTOMIC,total RNA,Pseudomonas aeruginosa UCBPP-PA14,208963,PA14,PA14,clari,Clarithromycin,50,uM,50.00000uM,90,min,90min,poscon,50s ribosomal subunit,Protein synthesis,Protein synthesis,Macrolide,dmso,antimicrobial_reference_set,MOCP_0066,MOCP_0066_1,r1,FALSE
GSM7985535,MOCP_0066:clari:200.00000uM:90min:PA14:MOCP_0066_1:r2,MOCP_0066:clari:200.00000uM:PA14:90min:A,A,MOCP_0066_1:PA14:90min,SRR27300465,SRX22977856,SAMN38977926,PRJNA1055047,1,PAIRED,90,3491541,315826256,121,Illumina NovaSeq 6000,RNA-Seq,cDNA,TRANSCRIPTOMIC,total RNA,Pseudomonas aeruginosa UCBPP-PA14,208963,PA14,PA14,clari,Clarithromycin,200,uM,200.00000uM,90,min,90min,poscon,50s ribosomal subunit,Protein synthesis,Protein synthesis,Macrolide,dmso,antimicrobial_reference_set,MOCP_0066,MOCP_0066_1,r2,FALSE
GSM7985538,MOCP_0066:clari:50.00000uM:90min:PA14:MOCP_0066_1:r2,MOCP_0066:clari:50.00000uM:PA14:90min:A,A,MOCP_0066_1:PA14:90min,SRR27300462,SRX22977859,SAMN38977923,PRJNA1055047,1,PAIRED,90,2873844,259023904,98,Illumina NovaSeq 6000,RNA-Seq,cDNA,TRANSCRIPTOMIC,total RNA,Pseudomonas aeruginosa UCBPP-PA14,208963,PA14,PA14,clari,Clarithromycin,50,uM,50.00000uM,90,min,90min,poscon,50s ribosomal subunit,Protein synthesis,Protein synthesis,Macrolide,dmso,antimicrobial_reference_set,MOCP_0066,MOCP_0066_1,r2,FALSE
GSM7985536,MOCP_0066:clari:200.00000uM:90min:PA14:MOCP_0066_1:r3,MOCP_0066:clari:200.00000uM:PA14:90min:A,A,MOCP_0066_1:PA14:90min,SRR27300464,SRX22977857,SAMN38977925,PRJNA1055047,1,PAIRED,90,3468103,313690801,121,Illumina NovaSeq 6000,RNA-Seq,cDNA,TRANSCRIPTOMIC,total RNA,Pseudomonas aeruginosa UCBPP-PA14,208963,PA14,PA14,clari,Clarithromycin,200,uM,200.00000uM,90,min,90min,poscon,50s ribosomal subunit,Protein synthesis,Protein synthesis,Macrolide,dmso,antimicrobial_reference_set,MOCP_0066,MOCP_0066_1,r3,FALSE
GSM7985539,MOCP_0066:clari:50.00000uM:90min:PA14:MOCP_0066_1:r3,MOCP_0066:clari:50.00000uM:PA14:90min:A,A,MOCP_0066_1:PA14:90min,SRR27300461,SRX22977860,SAMN38977922,PRJNA1055047,1,PAIRED,90,3242384,292259407,111,Illumina NovaSeq 6000,RNA-Seq,cDNA,TRANSCRIPTOMIC,total RNA,Pseudomonas aeruginosa UCBPP-PA14,208963,PA14,PA14,clari,Clarithromycin,50,uM,50.00000uM,90,min,90min,poscon,50s ribosomal subunit,Protein synthesis,Protein synthesis,Macrolide,dmso,antimicrobial_reference_set,MOCP_0066,MOCP_0066_1,r3,FALSE
GSM7985540,MOCP_0066:col:12.50000uM:90min:PA14:MOCP_0066_1:r1,MOCP_0066:col:12.50000uM:PA14:90min:A,A,MOCP_0066_1:PA14:90min,SRR27300459;SRR27300460,SRX22977861,SAMN38977921,PRJNA1055047,2,PAIRED,90,9670982,876327516,324,Illumina NovaSeq 6000,RNA-Seq,cDNA,TRANSCRIPTOMIC,total RNA,Pseudomonas aeruginosa UCBPP-PA14,208963,PA14,PA14,col,Colistin,12.5,uM,12.50000uM,90,min,90min,poscon,LPS,Membrane Integrity,Inner membrane toxicity,AMP,water,antimicrobial_reference_set,MOCP_0066,MOCP_0066_1,r1,FALSE
GSM7985543,MOCP_0066:col:3.12500uM:90min:PA14:MOCP_0066_1:r1,MOCP_0066:col:3.12500uM:PA14:90min:A,A,MOCP_0066_1:PA14:90min,SRR27300192;SRR27300455,SRX22977864,SAMN38977918,PRJNA1055047,2,PAIRED,90,10212590,924477242,344,Illumina NovaSeq 6000,RNA-Seq,cDNA,TRANSCRIPTOMIC,total RNA,Pseudomonas aeruginosa UCBPP-PA14,208963,PA14,PA14,col,Colistin,3.125,uM,3.12500uM,90,min,90min,poscon,LPS,Membrane Integrity,Inner membrane toxicity,AMP,water,antimicrobial_reference_set,MOCP_0066,MOCP_0066_1,r1,FALSE
GSM7985541,MOCP_0066:col:12.50000uM:90min:PA14:MOCP_0066_1:r2,MOCP_0066:col:12.50000uM:PA14:90min:A,A,MOCP_0066_1:PA14:90min,SRR27300225;SRR27300458,SRX22977862,SAMN38977920,PRJNA1055047,2,PAIRED,90,6723032,609008951,227,Illumina NovaSeq 6000,RNA-Seq,cDNA,TRANSCRIPTOMIC,total RNA,Pseudomonas aeruginosa UCBPP-PA14,208963,PA14,PA14,col,Colistin,12.5,uM,12.50000uM,90,min,90min,poscon,LPS,Membrane Integrity,Inner membrane toxicity,AMP,water,antimicrobial_reference_set,MOCP_0066,MOCP_0066_1,r2,FALSE
GSM7985544,MOCP_0066:col:3.12500uM:90min:PA14:MOCP_0066_1:r2,MOCP_0066:col:3.12500uM:PA14:90min:A,A,MOCP_0066_1:PA14:90min,SRR27299636;SRR27299637,SRX22977262,SAMN38977917,PRJNA1055047,2,PAIRED,90,7166723,648315141,241,Illumina NovaSeq 6000,RNA-Seq,cDNA,TRANSCRIPTOMIC,total RNA,Pseudomonas aeruginosa UCBPP-PA14,208963,PA14,PA14,col,Colistin,3.125,uM,3.12500uM,90,min,90min,poscon,LPS,Membrane Integrity,Inner membrane toxicity,AMP,water,antimicrobial_reference_set,MOCP_0066,MOCP_0066_1,r2,FALSE
GSM7985542,MOCP_0066:col:12.50000uM:90min:PA14:MOCP_0066_1:r3,MOCP_0066:col:12.50000uM:PA14:90min:A,A,MOCP_0066_1:PA14:90min,SRR27300456;SRR27300457,SRX22977863,SAMN38977919,PRJNA1055047,2,PAIRED,90,13795025,1250273285,464,Illumina NovaSeq 6000,RNA-Seq,cDNA,TRANSCRIPTOMIC,total RNA,Pseudomonas aeruginosa UCBPP-PA14,208963,PA14,PA14,col,Colistin,12.5,uM,12.50000uM,90,min,90min,poscon,LPS,Membrane Integrity,Inner membrane toxicity,AMP,water,antimicrobial_reference_set,MOCP_0066,MOCP_0066_1,r3,FALSE
GSM7985545,MOCP_0066:col:3.12500uM:90min:PA14:MOCP_0066_1:r3,MOCP_0066:col:3.12500uM:PA14:90min:A,A,MOCP_0066_1:PA14:90min,SRR27299635;SRR27300117,SRX22977263,SAMN38977916,PRJNA1055047,2,PAIRED,90,5656450,512289169,190,Illumina NovaSeq 6000,RNA-Seq,cDNA,TRANSCRIPTOMIC,total RNA,Pseudomonas aeruginosa UCBPP-PA14,208963,PA14,PA14,col,Colistin,3.125,uM,3.12500uM,90,min,90min,poscon,LPS,Membrane Integrity,Inner membrane toxicity,AMP,water,antimicrobial_reference_set,MOCP_0066,MOCP_0066_1,r3,FALSE
GSM7985560,MOCP_0066:dmso:0.50000%:90min:PA14:MOCP_0066_1:r1,MOCP_0066:dmso:0.50000%:PA14:90min:A,A,MOCP_0066_1:PA14:90min,SRR27299742;SRR27299743;SRR27299744;SRR27299745,SRX22977472,SAMN38977901,PRJNA1055047,4,PAIRED,90,20135383,1822834607,693,Illumina NovaSeq 6000,RNA-Seq,cDNA,TRANSCRIPTOMIC,total RNA,Pseudomonas aeruginosa UCBPP-PA14,208963,PA14,PA14,dmso,dmso,0.5,%,0.50000%,90,min,90min,negcon,Negative control,Negative control,Negative control,Negative control,dmso,antimicrobial_reference_set,MOCP_0066,MOCP_0066_1,r1,FALSE
GSM7985561,MOCP_0066:dmso:0.50000%:90min:PA14:MOCP_0066_1:r2,MOCP_0066:dmso:0.50000%:PA14:90min:A,A,MOCP_0066_1:PA14:90min,SRR27299738;SRR27299739;SRR27299740;SRR27299741,SRX22977473,SAMN38977900,PRJNA1055047,4,PAIRED,90,13653588,1235281534,473,Illumina NovaSeq 6000,RNA-Seq,cDNA,TRANSCRIPTOMIC,total RNA,Pseudomonas aeruginosa UCBPP-PA14,208963,PA14,PA14,dmso,dmso,0.5,%,0.50000%,90,min,90min,negcon,Negative control,Negative control,Negative control,Negative control,dmso,antimicrobial_reference_set,MOCP_0066,MOCP_0066_1,r2,FALSE
GSM7985562,MOCP_0066:dmso:0.50000%:90min:PA14:MOCP_0066_1:r3,MOCP_0066:dmso:0.50000%:PA14:90min:A,A,MOCP_0066_1:PA14:90min,SRR27299734;SRR27299735;SRR27299736;SRR27299737,SRX22977474,SAMN38977899,PRJNA1055047,4,PAIRED,90,16721145,1514604423,577,Illumina NovaSeq 6000,RNA-Seq,cDNA,TRANSCRIPTOMIC,total RNA,Pseudomonas aeruginosa UCBPP-PA14,208963,PA14,PA14,dmso,dmso,0.5,%,0.50000%,90,min,90min,negcon,Negative control,Negative control,Negative control,Negative control,dmso,antimicrobial_reference_set,MOCP_0066,MOCP_0066_1,r3,FALSE
GSM7985584,MOCP_0066:doxy:100.00000uM:90min:PA14:MOCP_0066_1:r1,MOCP_0066:doxy:100.00000uM:PA14:90min:A,A,MOCP_0066_1:PA14:90min,SRR27299601;SRR27299602,SRX22977289,SAMN38977877,PRJNA1055047,2,PAIRED,90,7738324,701294497,264,Illumina NovaSeq 6000,RNA-Seq,cDNA,TRANSCRIPTOMIC,total RNA,Pseudomonas aeruginosa UCBPP-PA14,208963,PA14,PA14,doxy,Doxycycline,100,uM,100.00000uM,90,min,90min,poscon,30S ribosomal subunit,Protein synthesis,Protein synthesis,Tetracycline,water,antimicrobial_reference_set,MOCP_0066,MOCP_0066_1,r1,FALSE
GSM7985608,MOCP_0066:doxy:25.00000uM:90min:PA14:MOCP_0066_1:r1,MOCP_0066:doxy:25.00000uM:PA14:90min:A,A,MOCP_0066_1:PA14:90min,SRR27300450;SRR27300451,SRX22977868,SAMN38977853,PRJNA1055047,2,PAIRED,90,11284412,1021925790,385,Illumina NovaSeq 6000,RNA-Seq,cDNA,TRANSCRIPTOMIC,total RNA,Pseudomonas aeruginosa UCBPP-PA14,208963,PA14,PA14,doxy,Doxycycline,25,uM,25.00000uM,90,min,90min,poscon,30S ribosomal subunit,Protein synthesis,Protein synthesis,Tetracycline,water,antimicrobial_reference_set,MOCP_0066,MOCP_0066_1,r1,FALSE
GSM7985585,MOCP_0066:doxy:100.00000uM:90min:PA14:MOCP_0066_1:r2,MOCP_0066:doxy:100.00000uM:PA14:90min:A,A,MOCP_0066_1:PA14:90min,SRR27299599;SRR27299600,SRX22977290,SAMN38977876,PRJNA1055047,2,PAIRED,90,15379557,1393609171,522,Illumina NovaSeq 6000,RNA-Seq,cDNA,TRANSCRIPTOMIC,total RNA,Pseudomonas aeruginosa UCBPP-PA14,208963,PA14,PA14,doxy,Doxycycline,100,uM,100.00000uM,90,min,90min,poscon,30S ribosomal subunit,Protein synthesis,Protein synthesis,Tetracycline,water,antimicrobial_reference_set,MOCP_0066,MOCP_0066_1,r2,FALSE
GSM7985609,MOCP_0066:doxy:25.00000uM:90min:PA14:MOCP_0066_1:r2,MOCP_0066:doxy:25.00000uM:PA14:90min:A,A,MOCP_0066_1:PA14:90min,SRR27300448;SRR27300449,SRX22977869,SAMN38977852,PRJNA1055047,2,PAIRED,90,13035841,1179798179,442,Illumina NovaSeq 6000,RNA-Seq,cDNA,TRANSCRIPTOMIC,total RNA,Pseudomonas aeruginosa UCBPP-PA14,208963,PA14,PA14,doxy,Doxycycline,25,uM,25.00000uM,90,min,90min,poscon,30S ribosomal subunit,Protein synthesis,Protein synthesis,Tetracycline,water,antimicrobial_reference_set,MOCP_0066,MOCP_0066_1,r2,FALSE
GSM7985586,MOCP_0066:doxy:100.00000uM:90min:PA14:MOCP_0066_1:r3,MOCP_0066:doxy:100.00000uM:PA14:90min:A,A,MOCP_0066_1:PA14:90min,SRR27299598;SRR27299771,SRX22977291,SAMN38977875,PRJNA1055047,2,PAIRED,90,12974290,1175746709,443,Illumina NovaSeq 6000,RNA-Seq,cDNA,TRANSCRIPTOMIC,total RNA,Pseudomonas aeruginosa UCBPP-PA14,208963,PA14,PA14,doxy,Doxycycline,100,uM,100.00000uM,90,min,90min,poscon,30S ribosomal subunit,Protein synthesis,Protein synthesis,Tetracycline,water,antimicrobial_reference_set,MOCP_0066,MOCP_0066_1,r3,FALSE
GSM7985610,MOCP_0066:doxy:25.00000uM:90min:PA14:MOCP_0066_1:r3,MOCP_0066:doxy:25.00000uM:PA14:90min:A,A,MOCP_0066_1:PA14:90min,SRR27300222;SRR27300447,SRX22977870,SAMN38977851,PRJNA1055047,2,PAIRED,90,11015583,997116273,374,Illumina NovaSeq 6000,RNA-Seq,cDNA,TRANSCRIPTOMIC,total RNA,Pseudomonas aeruginosa UCBPP-PA14,208963,PA14,PA14,doxy,Doxycycline,25,uM,25.00000uM,90,min,90min,poscon,30S ribosomal subunit,Protein synthesis,Protein synthesis,Tetracycline,water,antimicrobial_reference_set,MOCP_0066,MOCP_0066_1,r3,FALSE
GSM7985614,MOCP_0066:fosfo:3200.00000uM:90min:PA14:MOCP_0066_1:r1,MOCP_0066:fosfo:3200.00000uM:PA14:90min:A,A,MOCP_0066_1:PA14:90min,SRR27300443,SRX22977874,SAMN38977847,PRJNA1055047,1,PAIRED,90,2887041,261654042,99,Illumina NovaSeq 6000,RNA-Seq,cDNA,TRANSCRIPTOMIC,total RNA,Pseudomonas aeruginosa UCBPP-PA14,208963,PA14,PA14,fosfo,Fosfomycin,3200,uM,3200.00000uM,90,min,90min,poscon,MurA,Cell wall synthesis,Cell wall biogenesis,Phosphonic antibiotics,water,antimicrobial_reference_set,MOCP_0066,MOCP_0066_1,r1,FALSE
GSM7985620,MOCP_0066:fosfo:800.00000uM:90min:PA14:MOCP_0066_1:r1,MOCP_0066:fosfo:800.00000uM:PA14:90min:A,A,MOCP_0066_1:PA14:90min,SRR27300437,SRX22977880,SAMN38977841,PRJNA1055047,1,PAIRED,90,3462876,313931572,118,Illumina NovaSeq 6000,RNA-Seq,cDNA,TRANSCRIPTOMIC,total RNA,Pseudomonas aeruginosa UCBPP-PA14,208963,PA14,PA14,fosfo,Fosfomycin,800,uM,800.00000uM,90,min,90min,poscon,MurA,Cell wall synthesis,Cell wall biogenesis,Phosphonic antibiotics,water,antimicrobial_reference_set,MOCP_0066,MOCP_0066_1,r1,FALSE
GSM7985615,MOCP_0066:fosfo:3200.00000uM:90min:PA14:MOCP_0066_1:r2,MOCP_0066:fosfo:3200.00000uM:PA14:90min:A,A,MOCP_0066_1:PA14:90min,SRR27300442,SRX22977875,SAMN38977846,PRJNA1055047,1,PAIRED,90,3482110,315475978,120,Illumina NovaSeq 6000,RNA-Seq,cDNA,TRANSCRIPTOMIC,total RNA,Pseudomonas aeruginosa UCBPP-PA14,208963,PA14,PA14,fosfo,Fosfomycin,3200,uM,3200.00000uM,90,min,90min,poscon,MurA,Cell wall synthesis,Cell wall biogenesis,Phosphonic antibiotics,water,antimicrobial_reference_set,MOCP_0066,MOCP_0066_1,r2,FALSE
GSM7985621,MOCP_0066:fosfo:800.00000uM:90min:PA14:MOCP_0066_1:r2,MOCP_0066:fosfo:800.00000uM:PA14:90min:A,A,MOCP_0066_1:PA14:90min,SRR27299595,SRX22977294,SAMN38977840,PRJNA1055047,1,PAIRED,90,3997567,362256801,137,Illumina NovaSeq 6000,RNA-Seq,cDNA,TRANSCRIPTOMIC,total RNA,Pseudomonas aeruginosa UCBPP-PA14,208963,PA14,PA14,fosfo,Fosfomycin,800,uM,800.00000uM,90,min,90min,poscon,MurA,Cell wall synthesis,Cell wall biogenesis,Phosphonic antibiotics,water,antimicrobial_reference_set,MOCP_0066,MOCP_0066_1,r2,FALSE
GSM7985616,MOCP_0066:fosfo:3200.00000uM:90min:PA14:MOCP_0066_1:r3,MOCP_0066:fosfo:3200.00000uM:PA14:90min:A,A,MOCP_0066_1:PA14:90min,SRR27300441,SRX22977876,SAMN38977845,PRJNA1055047,1,PAIRED,90,5494196,497738117,190,Illumina NovaSeq 6000,RNA-Seq,cDNA,TRANSCRIPTOMIC,total RNA,Pseudomonas aeruginosa UCBPP-PA14,208963,PA14,PA14,fosfo,Fosfomycin,3200,uM,3200.00000uM,90,min,90min,poscon,MurA,Cell wall synthesis,Cell wall biogenesis,Phosphonic antibiotics,water,antimicrobial_reference_set,MOCP_0066,MOCP_0066_1,r3,FALSE
GSM7985622,MOCP_0066:fosfo:800.00000uM:90min:PA14:MOCP_0066_1:r3,MOCP_0066:fosfo:800.00000uM:PA14:90min:A,A,MOCP_0066_1:PA14:90min,SRR27299594,SRX22977295,SAMN38977839,PRJNA1055047,1,PAIRED,90,3282532,297376456,112,Illumina NovaSeq 6000,RNA-Seq,cDNA,TRANSCRIPTOMIC,total RNA,Pseudomonas aeruginosa UCBPP-PA14,208963,PA14,PA14,fosfo,Fosfomycin,800,uM,800.00000uM,90,min,90min,poscon,MurA,Cell wall synthesis,Cell wall biogenesis,Phosphonic antibiotics,water,antimicrobial_reference_set,MOCP_0066,MOCP_0066_1,r3,FALSE
GSM7985626,MOCP_0066:fosmido:250.00000uM:90min:PA14:MOCP_0066_1:r1,MOCP_0066:fosmido:250.00000uM:PA14:90min:A,A,MOCP_0066_1:PA14:90min,SRR27299590,SRX22977299,SAMN38977835,PRJNA1055047,1,PAIRED,90,3305836,298620644,111,Illumina NovaSeq 6000,RNA-Seq,cDNA,TRANSCRIPTOMIC,total RNA,Pseudomonas aeruginosa UCBPP-PA14,208963,PA14,PA14,fosmido,Fosmidomycin,250,uM,250.00000uM,90,min,90min,poscon,Dxr,Membrane Integrity,Isoprenoid biosynthesis,Organic phosphonic acid,water,antimicrobial_reference_set,MOCP_0066,MOCP_0066_1,r1,FALSE
GSM7985632,MOCP_0066:fosmido:500.00000uM:90min:PA14:MOCP_0066_1:r1,MOCP_0066:fosmido:500.00000uM:PA14:90min:A,A,MOCP_0066_1:PA14:90min,SRR27299584,SRX22977305,SAMN38977829,PRJNA1055047,1,PAIRED,90,6143743,556446554,211,Illumina NovaSeq 6000,RNA-Seq,cDNA,TRANSCRIPTOMIC,total RNA,Pseudomonas aeruginosa UCBPP-PA14,208963,PA14,PA14,fosmido,Fosmidomycin,500,uM,500.00000uM,90,min,90min,poscon,Dxr,Membrane Integrity,Isoprenoid biosynthesis,Organic phosphonic acid,water,antimicrobial_reference_set,MOCP_0066,MOCP_0066_1,r1,FALSE
GSM7985627,MOCP_0066:fosmido:250.00000uM:90min:PA14:MOCP_0066_1:r2,MOCP_0066:fosmido:250.00000uM:PA14:90min:A,A,MOCP_0066_1:PA14:90min,SRR27299589,SRX22977300,SAMN38977834,PRJNA1055047,1,PAIRED,90,3836781,346831382,130,Illumina NovaSeq 6000,RNA-Seq,cDNA,TRANSCRIPTOMIC,total RNA,Pseudomonas aeruginosa UCBPP-PA14,208963,PA14,PA14,fosmido,Fosmidomycin,250,uM,250.00000uM,90,min,90min,poscon,Dxr,Membrane Integrity,Isoprenoid biosynthesis,Organic phosphonic acid,water,antimicrobial_reference_set,MOCP_0066,MOCP_0066_1,r2,FALSE
GSM7985628,MOCP_0066:fosmido:250.00000uM:90min:PA14:MOCP_0066_1:r3,MOCP_0066:fosmido:250.00000uM:PA14:90min:A,A,MOCP_0066_1:PA14:90min,SRR27299588,SRX22977301,SAMN38977833,PRJNA1055047,1,PAIRED,90,2581930,233564878,87,Illumina NovaSeq 6000,RNA-Seq,cDNA,TRANSCRIPTOMIC,total RNA,Pseudomonas aeruginosa UCBPP-PA14,208963,PA14,PA14,fosmido,Fosmidomycin,250,uM,250.00000uM,90,min,90min,poscon,Dxr,Membrane Integrity,Isoprenoid biosynthesis,Organic phosphonic acid,water,antimicrobial_reference_set,MOCP_0066,MOCP_0066_1,r3,FALSE
GSM7985633,MOCP_0066:fosmido:500.00000uM:90min:PA14:MOCP_0066_1:r3,MOCP_0066:fosmido:500.00000uM:PA14:90min:A,A,MOCP_0066_1:PA14:90min,SRR27299583,SRX22977306,SAMN38977828,PRJNA1055047,1,PAIRED,90,5787177,524451294,198,Illumina NovaSeq 6000,RNA-Seq,cDNA,TRANSCRIPTOMIC,total RNA,Pseudomonas aeruginosa UCBPP-PA14,208963,PA14,PA14,fosmido,Fosmidomycin,500,uM,500.00000uM,90,min,90min,poscon,Dxr,Membrane Integrity,Isoprenoid biosynthesis,Organic phosphonic acid,water,antimicrobial_reference_set,MOCP_0066,MOCP_0066_1,r3,FALSE
GSM7985634,MOCP_0066:imi:1.56250uM:90min:PA14:MOCP_0066_1:r1,MOCP_0066:imi:1.56250uM:PA14:90min:A,A,MOCP_0066_1:PA14:90min,SRR27299581;SRR27299582,SRX22977307,SAMN38977827,PRJNA1055047,2,PAIRED,90,6946480,628527283,235,Illumina NovaSeq 6000,RNA-Seq,cDNA,TRANSCRIPTOMIC,total RNA,Pseudomonas aeruginosa UCBPP-PA14,208963,PA14,PA14,imi,Imipenem,1.5625,uM,1.56250uM,90,min,90min,poscon,PBP,Cell wall synthesis,Cell wall biogenesis,B-lactam,water,antimicrobial_reference_set,MOCP_0066,MOCP_0066_1,r1,FALSE
GSM7985637,MOCP_0066:imi:6.25000uM:90min:PA14:MOCP_0066_1:r1,MOCP_0066:imi:6.25000uM:PA14:90min:A,A,MOCP_0066_1:PA14:90min,SRR27299722;SRR27299723,SRX22977485,SAMN38977824,PRJNA1055047,2,PAIRED,90,7362327,666888780,251,Illumina NovaSeq 6000,RNA-Seq,cDNA,TRANSCRIPTOMIC,total RNA,Pseudomonas aeruginosa UCBPP-PA14,208963,PA14,PA14,imi,Imipenem,6.25,uM,6.25000uM,90,min,90min,poscon,PBP,Cell wall synthesis,Cell wall biogenesis,B-lactam,water,antimicrobial_reference_set,MOCP_0066,MOCP_0066_1,r1,FALSE
GSM7985635,MOCP_0066:imi:1.56250uM:90min:PA14:MOCP_0066_1:r2,MOCP_0066:imi:1.56250uM:PA14:90min:A,A,MOCP_0066_1:PA14:90min,SRR27299579;SRR27299580,SRX22977308,SAMN38977826,PRJNA1055047,2,PAIRED,90,9418619,852743313,318,Illumina NovaSeq 6000,RNA-Seq,cDNA,TRANSCRIPTOMIC,total RNA,Pseudomonas aeruginosa UCBPP-PA14,208963,PA14,PA14,imi,Imipenem,1.5625,uM,1.56250uM,90,min,90min,poscon,PBP,Cell wall synthesis,Cell wall biogenesis,B-lactam,water,antimicrobial_reference_set,MOCP_0066,MOCP_0066_1,r2,FALSE
GSM7985638,MOCP_0066:imi:6.25000uM:90min:PA14:MOCP_0066_1:r2,MOCP_0066:imi:6.25000uM:PA14:90min:A,A,MOCP_0066_1:PA14:90min,SRR27299721;SRR27300109,SRX22977486,SAMN38977823,PRJNA1055047,2,PAIRED,90,7220833,654433129,246,Illumina NovaSeq 6000,RNA-Seq,cDNA,TRANSCRIPTOMIC,total RNA,Pseudomonas aeruginosa UCBPP-PA14,208963,PA14,PA14,imi,Imipenem,6.25,uM,6.25000uM,90,min,90min,poscon,PBP,Cell wall synthesis,Cell wall biogenesis,B-lactam,water,antimicrobial_reference_set,MOCP_0066,MOCP_0066_1,r2,FALSE
GSM7985636,MOCP_0066:imi:1.56250uM:90min:PA14:MOCP_0066_1:r3,MOCP_0066:imi:1.56250uM:PA14:90min:A,A,MOCP_0066_1:PA14:90min,SRR27299578;SRR27300189,SRX22977309,SAMN38977825,PRJNA1055047,2,PAIRED,90,6095746,551769755,207,Illumina NovaSeq 6000,RNA-Seq,cDNA,TRANSCRIPTOMIC,total RNA,Pseudomonas aeruginosa UCBPP-PA14,208963,PA14,PA14,imi,Imipenem,1.5625,uM,1.56250uM,90,min,90min,poscon,PBP,Cell wall synthesis,Cell wall biogenesis,B-lactam,water,antimicrobial_reference_set,MOCP_0066,MOCP_0066_1,r3,FALSE
GSM7985639,MOCP_0066:imi:6.25000uM:90min:PA14:MOCP_0066_1:r3,MOCP_0066:imi:6.25000uM:PA14:90min:A,A,MOCP_0066_1:PA14:90min,SRR27299719;SRR27299720,SRX22977487,SAMN38977822,PRJNA1055047,2,PAIRED,90,7167880,649314435,245,Illumina NovaSeq 6000,RNA-Seq,cDNA,TRANSCRIPTOMIC,total RNA,Pseudomonas aeruginosa UCBPP-PA14,208963,PA14,PA14,imi,Imipenem,6.25,uM,6.25000uM,90,min,90min,poscon,PBP,Cell wall synthesis,Cell wall biogenesis,B-lactam,water,antimicrobial_reference_set,MOCP_0066,MOCP_0066_1,r3,FALSE
GSM7985640,MOCP_0066:ll37:12.50000uM:90min:PA14:MOCP_0066_1:r1,MOCP_0066:ll37:12.50000uM:PA14:90min:A,A,MOCP_0066_1:PA14:90min,SRR27299718,SRX22977488,SAMN38977821,PRJNA1055047,1,PAIRED,90,1175173,106544874,40,Illumina NovaSeq 6000,RNA-Seq,cDNA,TRANSCRIPTOMIC,total RNA,Pseudomonas aeruginosa UCBPP-PA14,208963,PA14,PA14,ll37,LL-37,12.5,uM,12.50000uM,90,min,90min,poscon,Membrane,Membrane Integrity,Membrane disruptor,AMP,water,antimicrobial_reference_set,MOCP_0066,MOCP_0066_1,r1,FALSE
GSM7985643,MOCP_0066:ll37:6.25000uM:90min:PA14:MOCP_0066_1:r1,MOCP_0066:ll37:6.25000uM:PA14:90min:A,A,MOCP_0066_1:PA14:90min,SRR27299715,SRX22977491,SAMN38977818,PRJNA1055047,1,PAIRED,90,795886,72023017,27,Illumina NovaSeq 6000,RNA-Seq,cDNA,TRANSCRIPTOMIC,total RNA,Pseudomonas aeruginosa UCBPP-PA14,208963,PA14,PA14,ll37,LL-37,6.25,uM,6.25000uM,90,min,90min,poscon,Membrane,Membrane Integrity,Membrane disruptor,AMP,water,antimicrobial_reference_set,MOCP_0066,MOCP_0066_1,r1,FALSE
GSM7985641,MOCP_0066:ll37:12.50000uM:90min:PA14:MOCP_0066_1:r2,MOCP_0066:ll37:12.50000uM:PA14:90min:A,A,MOCP_0066_1:PA14:90min,SRR27299717,SRX22977489,SAMN38977820,PRJNA1055047,1,PAIRED,90,1448911,131381066,50,Illumina NovaSeq 6000,RNA-Seq,cDNA,TRANSCRIPTOMIC,total RNA,Pseudomonas aeruginosa UCBPP-PA14,208963,PA14,PA14,ll37,LL-37,12.5,uM,12.50000uM,90,min,90min,poscon,Membrane,Membrane Integrity,Membrane disruptor,AMP,water,antimicrobial_reference_set,MOCP_0066,MOCP_0066_1,r2,FALSE
GSM7985644,MOCP_0066:ll37:6.25000uM:90min:PA14:MOCP_0066_1:r2,MOCP_0066:ll37:6.25000uM:PA14:90min:A,A,MOCP_0066_1:PA14:90min,SRR27299714,SRX22977492,SAMN38977817,PRJNA1055047,1,PAIRED,90,1650913,149515637,57,Illumina NovaSeq 6000,RNA-Seq,cDNA,TRANSCRIPTOMIC,total RNA,Pseudomonas aeruginosa UCBPP-PA14,208963,PA14,PA14,ll37,LL-37,6.25,uM,6.25000uM,90,min,90min,poscon,Membrane,Membrane Integrity,Membrane disruptor,AMP,water,antimicrobial_reference_set,MOCP_0066,MOCP_0066_1,r2,FALSE
GSM7985642,MOCP_0066:ll37:12.50000uM:90min:PA14:MOCP_0066_1:r3,MOCP_0066:ll37:12.50000uM:PA14:90min:A,A,MOCP_0066_1:PA14:90min,SRR27299716,SRX22977490,SAMN38977819,PRJNA1055047,1,PAIRED,90,1305604,118437588,44,Illumina NovaSeq 6000,RNA-Seq,cDNA,TRANSCRIPTOMIC,total RNA,Pseudomonas aeruginosa UCBPP-PA14,208963,PA14,PA14,ll37,LL-37,12.5,uM,12.50000uM,90,min,90min,poscon,Membrane,Membrane Integrity,Membrane disruptor,AMP,water,antimicrobial_reference_set,MOCP_0066,MOCP_0066_1,r3,FALSE
GSM7985645,MOCP_0066:ll37:6.25000uM:90min:PA14:MOCP_0066_1:r3,MOCP_0066:ll37:6.25000uM:PA14:90min:A,A,MOCP_0066_1:PA14:90min,SRR27299713,SRX22977493,SAMN38977816,PRJNA1055047,1,PAIRED,90,1294455,117189748,44,Illumina NovaSeq 6000,RNA-Seq,cDNA,TRANSCRIPTOMIC,total RNA,Pseudomonas aeruginosa UCBPP-PA14,208963,PA14,PA14,ll37,LL-37,6.25,uM,6.25000uM,90,min,90min,poscon,Membrane,Membrane Integrity,Membrane disruptor,AMP,water,antimicrobial_reference_set,MOCP_0066,MOCP_0066_1,r3,FALSE
GSM7985649,MOCP_0066:mrl494:25.00000uM:90min:PA14:MOCP_0066_1:r1,MOCP_0066:mrl494:25.00000uM:PA14:90min:A,A,MOCP_0066_1:PA14:90min,SRR27300286,SRX22977669,SAMN38977812,PRJNA1055047,1,PAIRED,90,1472952,132736944,50,Illumina NovaSeq 6000,RNA-Seq,cDNA,TRANSCRIPTOMIC,total RNA,Pseudomonas aeruginosa UCBPP-PA14,208963,PA14,PA14,mrl494,MRL-494,25,uM,25.00000uM,90,min,90min,poscon,BamA,Membrane Integrity,OMP assembly,Unknown,dmso,antimicrobial_reference_set,MOCP_0066,MOCP_0066_1,r1,FALSE
GSM7985655,MOCP_0066:mrl494:50.00000uM:90min:PA14:MOCP_0066_1:r1,MOCP_0066:mrl494:50.00000uM:PA14:90min:A,A,MOCP_0066_1:PA14:90min,SRR27300434,SRX22977883,SAMN38977806,PRJNA1055047,1,PAIRED,90,1696904,153526693,59,Illumina NovaSeq 6000,RNA-Seq,cDNA,TRANSCRIPTOMIC,total RNA,Pseudomonas aeruginosa UCBPP-PA14,208963,PA14,PA14,mrl494,MRL-494,50,uM,50.00000uM,90,min,90min,poscon,BamA,Membrane Integrity,OMP assembly,Unknown,dmso,antimicrobial_reference_set,MOCP_0066,MOCP_0066_1,r1,FALSE
GSM7985650,MOCP_0066:mrl494:25.00000uM:90min:PA14:MOCP_0066_1:r2,MOCP_0066:mrl494:25.00000uM:PA14:90min:A,A,MOCP_0066_1:PA14:90min,SRR27300285,SRX22977670,SAMN38977811,PRJNA1055047,1,PAIRED,90,1234937,111323685,42,Illumina NovaSeq 6000,RNA-Seq,cDNA,TRANSCRIPTOMIC,total RNA,Pseudomonas aeruginosa UCBPP-PA14,208963,PA14,PA14,mrl494,MRL-494,25,uM,25.00000uM,90,min,90min,poscon,BamA,Membrane Integrity,OMP assembly,Unknown,dmso,antimicrobial_reference_set,MOCP_0066,MOCP_0066_1,r2,FALSE
GSM7985656,MOCP_0066:mrl494:50.00000uM:90min:PA14:MOCP_0066_1:r2,MOCP_0066:mrl494:50.00000uM:PA14:90min:A,A,MOCP_0066_1:PA14:90min,SRR27300433,SRX22977884,SAMN38977805,PRJNA1055047,1,PAIRED,90,1898496,171758644,66,Illumina NovaSeq 6000,RNA-Seq,cDNA,TRANSCRIPTOMIC,total RNA,Pseudomonas aeruginosa UCBPP-PA14,208963,PA14,PA14,mrl494,MRL-494,50,uM,50.00000uM,90,min,90min,poscon,BamA,Membrane Integrity,OMP assembly,Unknown,dmso,antimicrobial_reference_set,MOCP_0066,MOCP_0066_1,r2,FALSE
GSM7985651,MOCP_0066:mrl494:25.00000uM:90min:PA14:MOCP_0066_1:r3,MOCP_0066:mrl494:25.00000uM:PA14:90min:A,A,MOCP_0066_1:PA14:90min,SRR27300284,SRX22977671,SAMN38977810,PRJNA1055047,1,PAIRED,90,4223141,380953030,144,Illumina NovaSeq 6000,RNA-Seq,cDNA,TRANSCRIPTOMIC,total RNA,Pseudomonas aeruginosa UCBPP-PA14,208963,PA14,PA14,mrl494,MRL-494,25,uM,25.00000uM,90,min,90min,poscon,BamA,Membrane Integrity,OMP assembly,Unknown,dmso,antimicrobial_reference_set,MOCP_0066,MOCP_0066_1,r3,FALSE
GSM7985657,MOCP_0066:mrl494:50.00000uM:90min:PA14:MOCP_0066_1:r3,MOCP_0066:mrl494:50.00000uM:PA14:90min:A,A,MOCP_0066_1:PA14:90min,SRR27300432,SRX22977885,SAMN38977804,PRJNA1055047,1,PAIRED,90,4202423,380334726,146,Illumina NovaSeq 6000,RNA-Seq,cDNA,TRANSCRIPTOMIC,total RNA,Pseudomonas aeruginosa UCBPP-PA14,208963,PA14,PA14,mrl494,MRL-494,50,uM,50.00000uM,90,min,90min,poscon,BamA,Membrane Integrity,OMP assembly,Unknown,dmso,antimicrobial_reference_set,MOCP_0066,MOCP_0066_1,r3,FALSE
GSM7985664,MOCP_0066:pf3299:0.39100uM:90min:PA14:MOCP_0066_1:r1,MOCP_0066:pf3299:0.39100uM:PA14:90min:A,A,MOCP_0066_1:PA14:90min,SRR27300425,SRX22977892,SAMN38977797,PRJNA1055047,1,PAIRED,90,4821642,435037764,166,Illumina NovaSeq 6000,RNA-Seq,cDNA,TRANSCRIPTOMIC,total RNA,Pseudomonas aeruginosa UCBPP-PA14,208963,PA14,PA14,pf3299,PF-04753299,0.391,uM,0.39100uM,90,min,90min,poscon,LpxC,Membrane Integrity,LPS biosynthesis,Hydroxamic acid,dmso,antimicrobial_reference_set,MOCP_0066,MOCP_0066_1,r1,FALSE
GSM7985673,MOCP_0066:pf3299:1.56250uM:90min:PA14:MOCP_0066_1:r1,MOCP_0066:pf3299:1.56250uM:PA14:90min:A,A,MOCP_0066_1:PA14:90min,SRR27300010,SRX22977577,SAMN38977788,PRJNA1055047,1,PAIRED,90,3973168,359548584,138,Illumina NovaSeq 6000,RNA-Seq,cDNA,TRANSCRIPTOMIC,total RNA,Pseudomonas aeruginosa UCBPP-PA14,208963,PA14,PA14,pf3299,PF-04753299,1.5625,uM,1.56250uM,90,min,90min,poscon,LpxC,Membrane Integrity,LPS biosynthesis,Hydroxamic acid,dmso,antimicrobial_reference_set,MOCP_0066,MOCP_0066_1,r1,FALSE
GSM7985665,MOCP_0066:pf3299:0.39100uM:90min:PA14:MOCP_0066_1:r2,MOCP_0066:pf3299:0.39100uM:PA14:90min:A,A,MOCP_0066_1:PA14:90min,SRR27300424,SRX22977893,SAMN38977796,PRJNA1055047,1,PAIRED,90,3197513,288667084,109,Illumina NovaSeq 6000,RNA-Seq,cDNA,TRANSCRIPTOMIC,total RNA,Pseudomonas aeruginosa UCBPP-PA14,208963,PA14,PA14,pf3299,PF-04753299,0.391,uM,0.39100uM,90,min,90min,poscon,LpxC,Membrane Integrity,LPS biosynthesis,Hydroxamic acid,dmso,antimicrobial_reference_set,MOCP_0066,MOCP_0066_1,r2,FALSE
GSM7985674,MOCP_0066:pf3299:1.56250uM:90min:PA14:MOCP_0066_1:r2,MOCP_0066:pf3299:1.56250uM:PA14:90min:A,A,MOCP_0066_1:PA14:90min,SRR27300009,SRX22977578,SAMN38977787,PRJNA1055047,1,PAIRED,90,3021210,273569843,104,Illumina NovaSeq 6000,RNA-Seq,cDNA,TRANSCRIPTOMIC,total RNA,Pseudomonas aeruginosa UCBPP-PA14,208963,PA14,PA14,pf3299,PF-04753299,1.5625,uM,1.56250uM,90,min,90min,poscon,LpxC,Membrane Integrity,LPS biosynthesis,Hydroxamic acid,dmso,antimicrobial_reference_set,MOCP_0066,MOCP_0066_1,r2,FALSE
GSM7985666,MOCP_0066:pf3299:0.39100uM:90min:PA14:MOCP_0066_1:r3,MOCP_0066:pf3299:0.39100uM:PA14:90min:A,A,MOCP_0066_1:PA14:90min,SRR27300423,SRX22977894,SAMN38977795,PRJNA1055047,1,PAIRED,90,3572152,322067613,121,Illumina NovaSeq 6000,RNA-Seq,cDNA,TRANSCRIPTOMIC,total RNA,Pseudomonas aeruginosa UCBPP-PA14,208963,PA14,PA14,pf3299,PF-04753299,0.391,uM,0.39100uM,90,min,90min,poscon,LpxC,Membrane Integrity,LPS biosynthesis,Hydroxamic acid,dmso,antimicrobial_reference_set,MOCP_0066,MOCP_0066_1,r3,FALSE
GSM7985675,MOCP_0066:pf3299:1.56250uM:90min:PA14:MOCP_0066_1:r3,MOCP_0066:pf3299:1.56250uM:PA14:90min:A,A,MOCP_0066_1:PA14:90min,SRR27300008,SRX22977579,SAMN38977786,PRJNA1055047,1,PAIRED,90,3671790,332257043,127,Illumina NovaSeq 6000,RNA-Seq,cDNA,TRANSCRIPTOMIC,total RNA,Pseudomonas aeruginosa UCBPP-PA14,208963,PA14,PA14,pf3299,PF-04753299,1.5625,uM,1.56250uM,90,min,90min,poscon,LpxC,Membrane Integrity,LPS biosynthesis,Hydroxamic acid,dmso,antimicrobial_reference_set,MOCP_0066,MOCP_0066_1,r3,FALSE
GSM7985682,MOCP_0066:pol7080:0.08000uM:90min:PA14:MOCP_0066_1:r1,MOCP_0066:pol7080:0.08000uM:PA14:90min:A,A,MOCP_0066_1:PA14:90min,SRR27300001,SRX22977586,SAMN38977779,PRJNA1055047,1,PAIRED,90,4681477,423767822,161,Illumina NovaSeq 6000,RNA-Seq,cDNA,TRANSCRIPTOMIC,total RNA,Pseudomonas aeruginosa UCBPP-PA14,208963,PA14,PA14,pol7080,POL-7080,0.08,uM,0.08000uM,90,min,90min,poscon,LptD,Membrane Integrity,LPS transport,AMP,dmso,antimicrobial_reference_set,MOCP_0066,MOCP_0066_1,r1,FALSE
GSM7985688,MOCP_0066:pol7080:0.32000uM:90min:PA14:MOCP_0066_1:r1,MOCP_0066:pol7080:0.32000uM:PA14:90min:A,A,MOCP_0066_1:PA14:90min,SRR27300279,SRX22977676,SAMN38977773,PRJNA1055047,1,PAIRED,90,5072070,460227309,173,Illumina NovaSeq 6000,RNA-Seq,cDNA,TRANSCRIPTOMIC,total RNA,Pseudomonas aeruginosa UCBPP-PA14,208963,PA14,PA14,pol7080,POL-7080,0.32,uM,0.32000uM,90,min,90min,poscon,LptD,Membrane Integrity,LPS transport,AMP,dmso,antimicrobial_reference_set,MOCP_0066,MOCP_0066_1,r1,FALSE
GSM7985683,MOCP_0066:pol7080:0.08000uM:90min:PA14:MOCP_0066_1:r2,MOCP_0066:pol7080:0.08000uM:PA14:90min:A,A,MOCP_0066_1:PA14:90min,SRR27300000,SRX22977587,SAMN38977778,PRJNA1055047,1,PAIRED,90,4284758,387838355,149,Illumina NovaSeq 6000,RNA-Seq,cDNA,TRANSCRIPTOMIC,total RNA,Pseudomonas aeruginosa UCBPP-PA14,208963,PA14,PA14,pol7080,POL-7080,0.08,uM,0.08000uM,90,min,90min,poscon,LptD,Membrane Integrity,LPS transport,AMP,dmso,antimicrobial_reference_set,MOCP_0066,MOCP_0066_1,r2,FALSE
GSM7985689,MOCP_0066:pol7080:0.32000uM:90min:PA14:MOCP_0066_1:r2,MOCP_0066:pol7080:0.32000uM:PA14:90min:A,A,MOCP_0066_1:PA14:90min,SRR27300278,SRX22977677,SAMN38977772,PRJNA1055047,1,PAIRED,90,2915804,264483122,100,Illumina NovaSeq 6000,RNA-Seq,cDNA,TRANSCRIPTOMIC,total RNA,Pseudomonas aeruginosa UCBPP-PA14,208963,PA14,PA14,pol7080,POL-7080,0.32,uM,0.32000uM,90,min,90min,poscon,LptD,Membrane Integrity,LPS transport,AMP,dmso,antimicrobial_reference_set,MOCP_0066,MOCP_0066_1,r2,FALSE
GSM7985684,MOCP_0066:pol7080:0.08000uM:90min:PA14:MOCP_0066_1:r3,MOCP_0066:pol7080:0.08000uM:PA14:90min:A,A,MOCP_0066_1:PA14:90min,SRR27299999,SRX22977588,SAMN38977777,PRJNA1055047,1,PAIRED,90,3376081,305549665,117,Illumina NovaSeq 6000,RNA-Seq,cDNA,TRANSCRIPTOMIC,total RNA,Pseudomonas aeruginosa UCBPP-PA14,208963,PA14,PA14,pol7080,POL-7080,0.08,uM,0.08000uM,90,min,90min,poscon,LptD,Membrane Integrity,LPS transport,AMP,dmso,antimicrobial_reference_set,MOCP_0066,MOCP_0066_1,r3,FALSE
GSM7985690,MOCP_0066:pol7080:0.32000uM:90min:PA14:MOCP_0066_1:r3,MOCP_0066:pol7080:0.32000uM:PA14:90min:A,A,MOCP_0066_1:PA14:90min,SRR27300277,SRX22977678,SAMN38977771,PRJNA1055047,1,PAIRED,90,2485269,225417521,85,Illumina NovaSeq 6000,RNA-Seq,cDNA,TRANSCRIPTOMIC,total RNA,Pseudomonas aeruginosa UCBPP-PA14,208963,PA14,PA14,pol7080,POL-7080,0.32,uM,0.32000uM,90,min,90min,poscon,LptD,Membrane Integrity,LPS transport,AMP,dmso,antimicrobial_reference_set,MOCP_0066,MOCP_0066_1,r3,FALSE
GSM7985694,MOCP_0066:tmp:100.00000uM:90min:PA14:MOCP_0066_1:r1,MOCP_0066:tmp:100.00000uM:PA14:90min:A,A,MOCP_0066_1:PA14:90min,SRR27300273,SRX22977682,SAMN38977767,PRJNA1055047,1,PAIRED,90,5317467,481290661,183,Illumina NovaSeq 6000,RNA-Seq,cDNA,TRANSCRIPTOMIC,total RNA,Pseudomonas aeruginosa UCBPP-PA14,208963,PA14,PA14,tmp,Trimethoprim,100,uM,100.00000uM,90,min,90min,poscon,DhfR,DNA synthesis,Folate synthesis,Folate analog,dmso,antimicrobial_reference_set,MOCP_0066,MOCP_0066_1,r1,FALSE
GSM7985700,MOCP_0066:tmp:400.00000uM:90min:PA14:MOCP_0066_1:r1,MOCP_0066:tmp:400.00000uM:PA14:90min:A,A,MOCP_0066_1:PA14:90min,SRR27300267,SRX22977688,SAMN38977761,PRJNA1055047,1,PAIRED,90,3962815,359478251,135,Illumina NovaSeq 6000,RNA-Seq,cDNA,TRANSCRIPTOMIC,total RNA,Pseudomonas aeruginosa UCBPP-PA14,208963,PA14,PA14,tmp,Trimethoprim,400,uM,400.00000uM,90,min,90min,poscon,DhfR,DNA synthesis,Folate synthesis,Folate analog,dmso,antimicrobial_reference_set,MOCP_0066,MOCP_0066_1,r1,FALSE
GSM7985695,MOCP_0066:tmp:100.00000uM:90min:PA14:MOCP_0066_1:r2,MOCP_0066:tmp:100.00000uM:PA14:90min:A,A,MOCP_0066_1:PA14:90min,SRR27300272,SRX22977683,SAMN38977766,PRJNA1055047,1,PAIRED,90,5172181,468329363,179,Illumina NovaSeq 6000,RNA-Seq,cDNA,TRANSCRIPTOMIC,total RNA,Pseudomonas aeruginosa UCBPP-PA14,208963,PA14,PA14,tmp,Trimethoprim,100,uM,100.00000uM,90,min,90min,poscon,DhfR,DNA synthesis,Folate synthesis,Folate analog,dmso,antimicrobial_reference_set,MOCP_0066,MOCP_0066_1,r2,FALSE
GSM7985701,MOCP_0066:tmp:400.00000uM:90min:PA14:MOCP_0066_1:r2,MOCP_0066:tmp:400.00000uM:PA14:90min:A,A,MOCP_0066_1:PA14:90min,SRR27300420,SRX22977897,SAMN38977760,PRJNA1055047,1,PAIRED,90,3713706,336964944,127,Illumina NovaSeq 6000,RNA-Seq,cDNA,TRANSCRIPTOMIC,total RNA,Pseudomonas aeruginosa UCBPP-PA14,208963,PA14,PA14,tmp,Trimethoprim,400,uM,400.00000uM,90,min,90min,poscon,DhfR,DNA synthesis,Folate synthesis,Folate analog,dmso,antimicrobial_reference_set,MOCP_0066,MOCP_0066_1,r2,FALSE
GSM7985696,MOCP_0066:tmp:100.00000uM:90min:PA14:MOCP_0066_1:r3,MOCP_0066:tmp:100.00000uM:PA14:90min:A,A,MOCP_0066_1:PA14:90min,SRR27300271,SRX22977684,SAMN38977765,PRJNA1055047,1,PAIRED,90,5131376,464678402,179,Illumina NovaSeq 6000,RNA-Seq,cDNA,TRANSCRIPTOMIC,total RNA,Pseudomonas aeruginosa UCBPP-PA14,208963,PA14,PA14,tmp,Trimethoprim,100,uM,100.00000uM,90,min,90min,poscon,DhfR,DNA synthesis,Folate synthesis,Folate analog,dmso,antimicrobial_reference_set,MOCP_0066,MOCP_0066_1,r3,FALSE
GSM7985702,MOCP_0066:tmp:400.00000uM:90min:PA14:MOCP_0066_1:r3,MOCP_0066:tmp:400.00000uM:PA14:90min:A,A,MOCP_0066_1:PA14:90min,SRR27300419,SRX22977898,SAMN38977759,PRJNA1055047,1,PAIRED,90,3940781,357559599,136,Illumina NovaSeq 6000,RNA-Seq,cDNA,TRANSCRIPTOMIC,total RNA,Pseudomonas aeruginosa UCBPP-PA14,208963,PA14,PA14,tmp,Trimethoprim,400,uM,400.00000uM,90,min,90min,poscon,DhfR,DNA synthesis,Folate synthesis,Folate analog,dmso,antimicrobial_reference_set,MOCP_0066,MOCP_0066_1,r3,FALSE
GSM7985703,MOCP_0066:tobra:6.25000uM:90min:PA14:MOCP_0066_1:r1,MOCP_0066:tobra:6.25000uM:PA14:90min:A,A,MOCP_0066_1:PA14:90min,SRR27300418,SRX22977899,SAMN38977758,PRJNA1055047,1,PAIRED,90,6372550,577328108,218,Illumina NovaSeq 6000,RNA-Seq,cDNA,TRANSCRIPTOMIC,total RNA,Pseudomonas aeruginosa UCBPP-PA14,208963,PA14,PA14,tobra,Tobramycin,6.25,uM,6.25000uM,90,min,90min,poscon,30S ribosomal subunit,Protein synthesis,Protein synthesis,Aminoglycoside,water,antimicrobial_reference_set,MOCP_0066,MOCP_0066_1,r1,FALSE
GSM8297992,MOCP_0066:tobra:1.56250uM:90min:PA14:MOCP_0066_1:r1,MOCP_0066:tobra:1.56250uM:PA14:90min:A,A,MOCP_0066_1:PA14:90min,SRR29244724;SRR29244725,SRX24763276,SAMN41607349,PRJNA1055047,2,SINGLE,41,9169502,414455306,179,Illumina NovaSeq 6000,RNA-Seq,cDNA,TRANSCRIPTOMIC,total RNA,Pseudomonas aeruginosa UCBPP-PA14,208963,PA14,PA14,tobra,Tobramycin,1.5625,uM,1.56250uM,90,min,90min,poscon,30S ribosomal subunit,Protein synthesis,Protein synthesis,Aminoglycoside,water,weak_signal_removed_from_antimicrobial_reference_set,MOCP_0066,MOCP_0066_1,r1,TRUE
GSM7985704,MOCP_0066:tobra:6.25000uM:90min:PA14:MOCP_0066_1:r2,MOCP_0066:tobra:6.25000uM:PA14:90min:A,A,MOCP_0066_1:PA14:90min,SRR27300417,SRX22977900,SAMN38977757,PRJNA1055047,1,PAIRED,90,5098761,462198949,175,Illumina NovaSeq 6000,RNA-Seq,cDNA,TRANSCRIPTOMIC,total RNA,Pseudomonas aeruginosa UCBPP-PA14,208963,PA14,PA14,tobra,Tobramycin,6.25,uM,6.25000uM,90,min,90min,poscon,30S ribosomal subunit,Protein synthesis,Protein synthesis,Aminoglycoside,water,antimicrobial_reference_set,MOCP_0066,MOCP_0066_1,r2,FALSE
GSM8297993,MOCP_0066:tobra:1.56250uM:90min:PA14:MOCP_0066_1:r2,MOCP_0066:tobra:1.56250uM:PA14:90min:A,A,MOCP_0066_1:PA14:90min,SRR29244653;SRR29244654,SRX24763019,SAMN41607348,PRJNA1055047,2,SINGLE,41,8939404,404357568,174,Illumina NovaSeq 6000,RNA-Seq,cDNA,TRANSCRIPTOMIC,total RNA,Pseudomonas aeruginosa UCBPP-PA14,208963,PA14,PA14,tobra,Tobramycin,1.5625,uM,1.56250uM,90,min,90min,poscon,30S ribosomal subunit,Protein synthesis,Protein synthesis,Aminoglycoside,water,weak_signal_removed_from_antimicrobial_reference_set,MOCP_0066,MOCP_0066_1,r2,TRUE
GSM7985705,MOCP_0066:tobra:6.25000uM:90min:PA14:MOCP_0066_1:r3,MOCP_0066:tobra:6.25000uM:PA14:90min:A,A,MOCP_0066_1:PA14:90min,SRR27300416,SRX22977901,SAMN38977756,PRJNA1055047,1,PAIRED,90,3365556,304881907,116,Illumina NovaSeq 6000,RNA-Seq,cDNA,TRANSCRIPTOMIC,total RNA,Pseudomonas aeruginosa UCBPP-PA14,208963,PA14,PA14,tobra,Tobramycin,6.25,uM,6.25000uM,90,min,90min,poscon,30S ribosomal subunit,Protein synthesis,Protein synthesis,Aminoglycoside,water,antimicrobial_reference_set,MOCP_0066,MOCP_0066_1,r3,FALSE
GSM8297994,MOCP_0066:tobra:1.56250uM:90min:PA14:MOCP_0066_1:r3,MOCP_0066:tobra:1.56250uM:PA14:90min:A,A,MOCP_0066_1:PA14:90min,SRR29244651;SRR29244652,SRX24763020,SAMN41607347,PRJNA1055047,2,SINGLE,41,8023222,362663834,156,Illumina NovaSeq 6000,RNA-Seq,cDNA,TRANSCRIPTOMIC,total RNA,Pseudomonas aeruginosa UCBPP-PA14,208963,PA14,PA14,tobra,Tobramycin,1.5625,uM,1.56250uM,90,min,90min,poscon,30S ribosomal subunit,Protein synthesis,Protein synthesis,Aminoglycoside,water,weak_signal_removed_from_antimicrobial_reference_set,MOCP_0066,MOCP_0066_1,r3,TRUE
GSM7985712,MOCP_0066:water:0.50000%:90min:PA14:MOCP_0066_1:r1,MOCP_0066:water:0.50000%:PA14:90min:A,A,MOCP_0066_1:PA14:90min,SRR27299656;SRR27299920;SRR27299965;SRR27300405,SRX22977908,SAMN38977749,PRJNA1055047,4,PAIRED,90,13730316,1243217638,468,Illumina NovaSeq 6000,RNA-Seq,cDNA,TRANSCRIPTOMIC,total RNA,Pseudomonas aeruginosa UCBPP-PA14,208963,PA14,PA14,water,water,0.5,%,0.50000%,90,min,90min,negcon,Negative control,Negative control,Negative control,Negative control,water,antimicrobial_reference_set,MOCP_0066,MOCP_0066_1,r1,FALSE
GSM7985713,MOCP_0066:water:0.50000%:90min:PA14:MOCP_0066_1:r2,MOCP_0066:water:0.50000%:PA14:90min:A,A,MOCP_0066_1:PA14:90min,SRR27300400;SRR27300401;SRR27300402;SRR27300403,SRX22977909,SAMN38977748,PRJNA1055047,4,PAIRED,90,14389382,1302732150,499,Illumina NovaSeq 6000,RNA-Seq,cDNA,TRANSCRIPTOMIC,total RNA,Pseudomonas aeruginosa UCBPP-PA14,208963,PA14,PA14,water,water,0.5,%,0.50000%,90,min,90min,negcon,Negative control,Negative control,Negative control,Negative control,water,antimicrobial_reference_set,MOCP_0066,MOCP_0066_1,r2,FALSE
GSM7985714,MOCP_0066:water:0.50000%:90min:PA14:MOCP_0066_1:r3,MOCP_0066:water:0.50000%:PA14:90min:A,A,MOCP_0066_1:PA14:90min,SRR27300396;SRR27300397;SRR27300398;SRR27300399,SRX22977910,SAMN38977747,PRJNA1055047,4,PAIRED,90,15732003,1424769375,538,Illumina NovaSeq 6000,RNA-Seq,cDNA,TRANSCRIPTOMIC,total RNA,Pseudomonas aeruginosa UCBPP-PA14,208963,PA14,PA14,water,water,0.5,%,0.50000%,90,min,90min,negcon,Negative control,Negative control,Negative control,Negative control,water,antimicrobial_reference_set,MOCP_0066,MOCP_0066_1,r3,FALSE
GSM7985492,MOCP_0066:cip:0.19500uM:90min:bamA-hypo:MOCP_0066_1:r1,MOCP_0066:cip:0.19500uM:bamA-hypo:90min:A,A,MOCP_0066_1:bamA-hypo:90min,SRR27300034,SRX22977553,SAMN38977969,PRJNA1055047,1,PAIRED,90,3063099,276830639,105,Illumina NovaSeq 6000,RNA-Seq,cDNA,TRANSCRIPTOMIC,total RNA,Pseudomonas aeruginosa UCBPP-PA14,208963,bamA-hypo,bamA-hypo,cip,Ciprofloxacin,0.195,uM,0.19500uM,90,min,90min,poscon,GyrA/ParC,DNA synthesis,DNA synthesis,Quinolone,water,antimicrobial_reference_set,MOCP_0066,MOCP_0066_1,r1,FALSE
GSM7985513,MOCP_0066:cip:0.78125uM:90min:bamA-hypo:MOCP_0066_1:r1,MOCP_0066:cip:0.78125uM:bamA-hypo:90min:A,A,MOCP_0066_1:bamA-hypo:90min,SRR27299652,SRX22977247,SAMN38977948,PRJNA1055047,1,PAIRED,90,3453351,311548168,120,Illumina NovaSeq 6000,RNA-Seq,cDNA,TRANSCRIPTOMIC,total RNA,Pseudomonas aeruginosa UCBPP-PA14,208963,bamA-hypo,bamA-hypo,cip,Ciprofloxacin,0.78125,uM,0.78125uM,90,min,90min,poscon,GyrA/ParC,DNA synthesis,DNA synthesis,Quinolone,water,antimicrobial_reference_set,MOCP_0066,MOCP_0066_1,r1,FALSE
GSM7985493,MOCP_0066:cip:0.19500uM:90min:bamA-hypo:MOCP_0066_1:r2,MOCP_0066:cip:0.19500uM:bamA-hypo:90min:A,A,MOCP_0066_1:bamA-hypo:90min,SRR27300033,SRX22977554,SAMN38977968,PRJNA1055047,1,PAIRED,90,3236021,292201596,111,Illumina NovaSeq 6000,RNA-Seq,cDNA,TRANSCRIPTOMIC,total RNA,Pseudomonas aeruginosa UCBPP-PA14,208963,bamA-hypo,bamA-hypo,cip,Ciprofloxacin,0.195,uM,0.19500uM,90,min,90min,poscon,GyrA/ParC,DNA synthesis,DNA synthesis,Quinolone,water,antimicrobial_reference_set,MOCP_0066,MOCP_0066_1,r2,FALSE
GSM7985514,MOCP_0066:cip:0.78125uM:90min:bamA-hypo:MOCP_0066_1:r2,MOCP_0066:cip:0.78125uM:bamA-hypo:90min:A,A,MOCP_0066_1:bamA-hypo:90min,SRR27299651,SRX22977248,SAMN38977947,PRJNA1055047,1,PAIRED,90,4119757,371245135,142,Illumina NovaSeq 6000,RNA-Seq,cDNA,TRANSCRIPTOMIC,total RNA,Pseudomonas aeruginosa UCBPP-PA14,208963,bamA-hypo,bamA-hypo,cip,Ciprofloxacin,0.78125,uM,0.78125uM,90,min,90min,poscon,GyrA/ParC,DNA synthesis,DNA synthesis,Quinolone,water,antimicrobial_reference_set,MOCP_0066,MOCP_0066_1,r2,FALSE
GSM7985494,MOCP_0066:cip:0.19500uM:90min:bamA-hypo:MOCP_0066_1:r3,MOCP_0066:cip:0.19500uM:bamA-hypo:90min:A,A,MOCP_0066_1:bamA-hypo:90min,SRR27300032,SRX22977555,SAMN38977967,PRJNA1055047,1,PAIRED,90,2413999,218041833,83,Illumina NovaSeq 6000,RNA-Seq,cDNA,TRANSCRIPTOMIC,total RNA,Pseudomonas aeruginosa UCBPP-PA14,208963,bamA-hypo,bamA-hypo,cip,Ciprofloxacin,0.195,uM,0.19500uM,90,min,90min,poscon,GyrA/ParC,DNA synthesis,DNA synthesis,Quinolone,water,antimicrobial_reference_set,MOCP_0066,MOCP_0066_1,r3,FALSE
GSM7985515,MOCP_0066:cip:0.78125uM:90min:bamA-hypo:MOCP_0066_1:r3,MOCP_0066:cip:0.78125uM:bamA-hypo:90min:A,A,MOCP_0066_1:bamA-hypo:90min,SRR27299650,SRX22977249,SAMN38977946,PRJNA1055047,1,PAIRED,90,3758315,338873839,132,Illumina NovaSeq 6000,RNA-Seq,cDNA,TRANSCRIPTOMIC,total RNA,Pseudomonas aeruginosa UCBPP-PA14,208963,bamA-hypo,bamA-hypo,cip,Ciprofloxacin,0.78125,uM,0.78125uM,90,min,90min,poscon,GyrA/ParC,DNA synthesis,DNA synthesis,Quinolone,water,antimicrobial_reference_set,MOCP_0066,MOCP_0066_1,r3,FALSE
GSM7985546,MOCP_0066:dmso:0.50000%:90min:bamA-hypo:MOCP_0066_1:r1,MOCP_0066:dmso:0.50000%:bamA-hypo:90min:A,A,MOCP_0066_1:bamA-hypo:90min,SRR27299633;SRR27299634,SRX22977264,SAMN38977915,PRJNA1055047,2,PAIRED,90,10780731,972720295,374,Illumina NovaSeq 6000,RNA-Seq,cDNA,TRANSCRIPTOMIC,total RNA,Pseudomonas aeruginosa UCBPP-PA14,208963,bamA-hypo,bamA-hypo,dmso,dmso,0.5,%,0.50000%,90,min,90min,negcon,Negative control,Negative control,Negative control,Negative control,dmso,antimicrobial_reference_set,MOCP_0066,MOCP_0066_1,r1,FALSE
GSM7985547,MOCP_0066:dmso:0.50000%:90min:bamA-hypo:MOCP_0066_1:r2,MOCP_0066:dmso:0.50000%:bamA-hypo:90min:A,A,MOCP_0066_1:bamA-hypo:90min,SRR27299632;SRR27300355,SRX22977265,SAMN38977914,PRJNA1055047,2,PAIRED,90,6258113,564727811,215,Illumina NovaSeq 6000,RNA-Seq,cDNA,TRANSCRIPTOMIC,total RNA,Pseudomonas aeruginosa UCBPP-PA14,208963,bamA-hypo,bamA-hypo,dmso,dmso,0.5,%,0.50000%,90,min,90min,negcon,Negative control,Negative control,Negative control,Negative control,dmso,antimicrobial_reference_set,MOCP_0066,MOCP_0066_1,r2,FALSE
GSM7985548,MOCP_0066:dmso:0.50000%:90min:bamA-hypo:MOCP_0066_1:r3,MOCP_0066:dmso:0.50000%:bamA-hypo:90min:A,A,MOCP_0066_1:bamA-hypo:90min,SRR27299630;SRR27299631,SRX22977266,SAMN38977913,PRJNA1055047,2,PAIRED,90,6447789,581798071,222,Illumina NovaSeq 6000,RNA-Seq,cDNA,TRANSCRIPTOMIC,total RNA,Pseudomonas aeruginosa UCBPP-PA14,208963,bamA-hypo,bamA-hypo,dmso,dmso,0.5,%,0.50000%,90,min,90min,negcon,Negative control,Negative control,Negative control,Negative control,dmso,antimicrobial_reference_set,MOCP_0066,MOCP_0066_1,r3,FALSE
GSM7985563,MOCP_0066:doxy:100.00000uM:90min:bamA-hypo:MOCP_0066_1:r1,MOCP_0066:doxy:100.00000uM:bamA-hypo:90min:A,A,MOCP_0066_1:bamA-hypo:90min,SRR27299733,SRX22977475,SAMN38977898,PRJNA1055047,1,PAIRED,90,9320982,841078289,321,Illumina NovaSeq 6000,RNA-Seq,cDNA,TRANSCRIPTOMIC,total RNA,Pseudomonas aeruginosa UCBPP-PA14,208963,bamA-hypo,bamA-hypo,doxy,Doxycycline,100,uM,100.00000uM,90,min,90min,poscon,30S ribosomal subunit,Protein synthesis,Protein synthesis,Tetracycline,water,antimicrobial_reference_set,MOCP_0066,MOCP_0066_1,r1,FALSE
GSM7985587,MOCP_0066:doxy:25.00000uM:90min:bamA-hypo:MOCP_0066_1:r1,MOCP_0066:doxy:25.00000uM:bamA-hypo:90min:A,A,MOCP_0066_1:bamA-hypo:90min,SRR27299597,SRX22977292,SAMN38977874,PRJNA1055047,1,PAIRED,90,4861725,439466806,167,Illumina NovaSeq 6000,RNA-Seq,cDNA,TRANSCRIPTOMIC,total RNA,Pseudomonas aeruginosa UCBPP-PA14,208963,bamA-hypo,bamA-hypo,doxy,Doxycycline,25,uM,25.00000uM,90,min,90min,poscon,30S ribosomal subunit,Protein synthesis,Protein synthesis,Tetracycline,water,antimicrobial_reference_set,MOCP_0066,MOCP_0066_1,r1,FALSE
GSM7985564,MOCP_0066:doxy:100.00000uM:90min:bamA-hypo:MOCP_0066_1:r2,MOCP_0066:doxy:100.00000uM:bamA-hypo:90min:A,A,MOCP_0066_1:bamA-hypo:90min,SRR27299732,SRX22977476,SAMN38977897,PRJNA1055047,1,PAIRED,90,7234203,652812362,249,Illumina NovaSeq 6000,RNA-Seq,cDNA,TRANSCRIPTOMIC,total RNA,Pseudomonas aeruginosa UCBPP-PA14,208963,bamA-hypo,bamA-hypo,doxy,Doxycycline,100,uM,100.00000uM,90,min,90min,poscon,30S ribosomal subunit,Protein synthesis,Protein synthesis,Tetracycline,water,antimicrobial_reference_set,MOCP_0066,MOCP_0066_1,r2,FALSE
GSM7985588,MOCP_0066:doxy:25.00000uM:90min:bamA-hypo:MOCP_0066_1:r2,MOCP_0066:doxy:25.00000uM:bamA-hypo:90min:A,A,MOCP_0066_1:bamA-hypo:90min,SRR27299596,SRX22977293,SAMN38977873,PRJNA1055047,1,PAIRED,90,5865180,530005960,201,Illumina NovaSeq 6000,RNA-Seq,cDNA,TRANSCRIPTOMIC,total RNA,Pseudomonas aeruginosa UCBPP-PA14,208963,bamA-hypo,bamA-hypo,doxy,Doxycycline,25,uM,25.00000uM,90,min,90min,poscon,30S ribosomal subunit,Protein synthesis,Protein synthesis,Tetracycline,water,antimicrobial_reference_set,MOCP_0066,MOCP_0066_1,r2,FALSE
GSM7985565,MOCP_0066:doxy:100.00000uM:90min:bamA-hypo:MOCP_0066_1:r3,MOCP_0066:doxy:100.00000uM:bamA-hypo:90min:A,A,MOCP_0066_1:bamA-hypo:90min,SRR27299731,SRX22977477,SAMN38977896,PRJNA1055047,1,PAIRED,90,10851340,978398000,379,Illumina NovaSeq 6000,RNA-Seq,cDNA,TRANSCRIPTOMIC,total RNA,Pseudomonas aeruginosa UCBPP-PA14,208963,bamA-hypo,bamA-hypo,doxy,Doxycycline,100,uM,100.00000uM,90,min,90min,poscon,30S ribosomal subunit,Protein synthesis,Protein synthesis,Tetracycline,water,antimicrobial_reference_set,MOCP_0066,MOCP_0066_1,r3,FALSE
GSM7985589,MOCP_0066:doxy:25.00000uM:90min:bamA-hypo:MOCP_0066_1:r3,MOCP_0066:doxy:25.00000uM:bamA-hypo:90min:A,A,MOCP_0066_1:bamA-hypo:90min,SRR27300030,SRX22977557,SAMN38977872,PRJNA1055047,1,PAIRED,90,8280278,748031467,287,Illumina NovaSeq 6000,RNA-Seq,cDNA,TRANSCRIPTOMIC,total RNA,Pseudomonas aeruginosa UCBPP-PA14,208963,bamA-hypo,bamA-hypo,doxy,Doxycycline,25,uM,25.00000uM,90,min,90min,poscon,30S ribosomal subunit,Protein synthesis,Protein synthesis,Tetracycline,water,antimicrobial_reference_set,MOCP_0066,MOCP_0066_1,r3,FALSE
GSM7985646,MOCP_0066:mrl494:25.00000uM:90min:bamA-hypo:MOCP_0066_1:r1,MOCP_0066:mrl494:25.00000uM:bamA-hypo:90min:A,A,MOCP_0066_1:bamA-hypo:90min,SRR27299712,SRX22977494,SAMN38977815,PRJNA1055047,1,PAIRED,90,1712023,154699994,59,Illumina NovaSeq 6000,RNA-Seq,cDNA,TRANSCRIPTOMIC,total RNA,Pseudomonas aeruginosa UCBPP-PA14,208963,bamA-hypo,bamA-hypo,mrl494,MRL-494,25,uM,25.00000uM,90,min,90min,poscon,BamA,Membrane Integrity,OMP assembly,Unknown,dmso,antimicrobial_reference_set,MOCP_0066,MOCP_0066_1,r1,FALSE
GSM7985652,MOCP_0066:mrl494:50.00000uM:90min:bamA-hypo:MOCP_0066_1:r1,MOCP_0066:mrl494:50.00000uM:bamA-hypo:90min:A,A,MOCP_0066_1:bamA-hypo:90min,SRR27300283,SRX22977672,SAMN38977809,PRJNA1055047,1,PAIRED,90,2467247,222459955,86,Illumina NovaSeq 6000,RNA-Seq,cDNA,TRANSCRIPTOMIC,total RNA,Pseudomonas aeruginosa UCBPP-PA14,208963,bamA-hypo,bamA-hypo,mrl494,MRL-494,50,uM,50.00000uM,90,min,90min,poscon,BamA,Membrane Integrity,OMP assembly,Unknown,dmso,antimicrobial_reference_set,MOCP_0066,MOCP_0066_1,r1,FALSE
GSM7985647,MOCP_0066:mrl494:25.00000uM:90min:bamA-hypo:MOCP_0066_1:r2,MOCP_0066:mrl494:25.00000uM:bamA-hypo:90min:A,A,MOCP_0066_1:bamA-hypo:90min,SRR27300288,SRX22977667,SAMN38977814,PRJNA1055047,1,PAIRED,90,2485295,224659772,85,Illumina NovaSeq 6000,RNA-Seq,cDNA,TRANSCRIPTOMIC,total RNA,Pseudomonas aeruginosa UCBPP-PA14,208963,bamA-hypo,bamA-hypo,mrl494,MRL-494,25,uM,25.00000uM,90,min,90min,poscon,BamA,Membrane Integrity,OMP assembly,Unknown,dmso,antimicrobial_reference_set,MOCP_0066,MOCP_0066_1,r2,FALSE
GSM7985653,MOCP_0066:mrl494:50.00000uM:90min:bamA-hypo:MOCP_0066_1:r2,MOCP_0066:mrl494:50.00000uM:bamA-hypo:90min:A,A,MOCP_0066_1:bamA-hypo:90min,SRR27300436,SRX22977881,SAMN38977808,PRJNA1055047,1,PAIRED,90,2961047,267223142,102,Illumina NovaSeq 6000,RNA-Seq,cDNA,TRANSCRIPTOMIC,total RNA,Pseudomonas aeruginosa UCBPP-PA14,208963,bamA-hypo,bamA-hypo,mrl494,MRL-494,50,uM,50.00000uM,90,min,90min,poscon,BamA,Membrane Integrity,OMP assembly,Unknown,dmso,antimicrobial_reference_set,MOCP_0066,MOCP_0066_1,r2,FALSE
GSM7985648,MOCP_0066:mrl494:25.00000uM:90min:bamA-hypo:MOCP_0066_1:r3,MOCP_0066:mrl494:25.00000uM:bamA-hypo:90min:A,A,MOCP_0066_1:bamA-hypo:90min,SRR27300287,SRX22977668,SAMN38977813,PRJNA1055047,1,PAIRED,90,2608675,235700292,89,Illumina NovaSeq 6000,RNA-Seq,cDNA,TRANSCRIPTOMIC,total RNA,Pseudomonas aeruginosa UCBPP-PA14,208963,bamA-hypo,bamA-hypo,mrl494,MRL-494,25,uM,25.00000uM,90,min,90min,poscon,BamA,Membrane Integrity,OMP assembly,Unknown,dmso,antimicrobial_reference_set,MOCP_0066,MOCP_0066_1,r3,FALSE
GSM7985654,MOCP_0066:mrl494:50.00000uM:90min:bamA-hypo:MOCP_0066_1:r3,MOCP_0066:mrl494:50.00000uM:bamA-hypo:90min:A,A,MOCP_0066_1:bamA-hypo:90min,SRR27300435,SRX22977882,SAMN38977807,PRJNA1055047,1,PAIRED,90,2497117,225168913,86,Illumina NovaSeq 6000,RNA-Seq,cDNA,TRANSCRIPTOMIC,total RNA,Pseudomonas aeruginosa UCBPP-PA14,208963,bamA-hypo,bamA-hypo,mrl494,MRL-494,50,uM,50.00000uM,90,min,90min,poscon,BamA,Membrane Integrity,OMP assembly,Unknown,dmso,antimicrobial_reference_set,MOCP_0066,MOCP_0066_1,r3,FALSE
GSM7985549,MOCP_0066:dmso:0.50000%:90min:dfhr-hypo:MOCP_0066_1:r1,MOCP_0066:dmso:0.50000%:dfhr-hypo:90min:A,A,MOCP_0066_1:dfhr-hypo:90min,SRR27299629;SRR27300096,SRX22977267,SAMN38977912,PRJNA1055047,2,PAIRED,90,10447183,946324794,355,Illumina NovaSeq 6000,RNA-Seq,cDNA,TRANSCRIPTOMIC,total RNA,Pseudomonas aeruginosa UCBPP-PA14,208963,dfhr-hypo,dfhr-hypo,dmso,dmso,0.5,%,0.50000%,90,min,90min,negcon,Negative control,Negative control,Negative control,Negative control,dmso,antimicrobial_reference_set,MOCP_0066,MOCP_0066_1,r1,FALSE
GSM7985550,MOCP_0066:dmso:0.50000%:90min:dfhr-hypo:MOCP_0066_1:r2,MOCP_0066:dmso:0.50000%:dfhr-hypo:90min:A,A,MOCP_0066_1:dfhr-hypo:90min,SRR27299627;SRR27299628,SRX22977268,SAMN38977911,PRJNA1055047,2,PAIRED,90,8903567,806559538,305,Illumina NovaSeq 6000,RNA-Seq,cDNA,TRANSCRIPTOMIC,total RNA,Pseudomonas aeruginosa UCBPP-PA14,208963,dfhr-hypo,dfhr-hypo,dmso,dmso,0.5,%,0.50000%,90,min,90min,negcon,Negative control,Negative control,Negative control,Negative control,dmso,antimicrobial_reference_set,MOCP_0066,MOCP_0066_1,r2,FALSE
GSM7985813,MOCP_0066:dmso:0.50000%:90min:dfhr-hypo:MOCP_0066_1:r3,MOCP_0066:dmso:0.50000%:dfhr-hypo:90min:A,A,MOCP_0066_1:dfhr-hypo:90min,SRR27299979,SRX22977607,SAMN38977648,PRJNA1055047,1,PAIRED,90,5848317,530468683,199,Illumina NovaSeq 6000,RNA-Seq,cDNA,TRANSCRIPTOMIC,total RNA,Pseudomonas aeruginosa UCBPP-PA14,208963,dfhr-hypo,dfhr-hypo,dmso,dmso,0.5,%,0.50000%,90,min,90min,negcon,Negative control,Negative control,Negative control,Negative control,dmso,antimicrobial_reference_set,MOCP_0066,MOCP_0066_1,r3,FALSE
GSM7985566,MOCP_0066:doxy:100.00000uM:90min:dfhr-hypo:MOCP_0066_1:r1,MOCP_0066:doxy:100.00000uM:dfhr-hypo:90min:A,A,MOCP_0066_1:dfhr-hypo:90min,SRR27299730,SRX22977478,SAMN38977895,PRJNA1055047,1,PAIRED,90,5795689,524543617,197,Illumina NovaSeq 6000,RNA-Seq,cDNA,TRANSCRIPTOMIC,total RNA,Pseudomonas aeruginosa UCBPP-PA14,208963,dfhr-hypo,dfhr-hypo,doxy,Doxycycline,100,uM,100.00000uM,90,min,90min,poscon,30S ribosomal subunit,Protein synthesis,Protein synthesis,Tetracycline,water,antimicrobial_reference_set,MOCP_0066,MOCP_0066_1,r1,FALSE
GSM7985590,MOCP_0066:doxy:25.00000uM:90min:dfhr-hypo:MOCP_0066_1:r1,MOCP_0066:doxy:25.00000uM:dfhr-hypo:90min:A,A,MOCP_0066_1:dfhr-hypo:90min,SRR27300029,SRX22977558,SAMN38977871,PRJNA1055047,1,PAIRED,90,4781338,433558533,163,Illumina NovaSeq 6000,RNA-Seq,cDNA,TRANSCRIPTOMIC,total RNA,Pseudomonas aeruginosa UCBPP-PA14,208963,dfhr-hypo,dfhr-hypo,doxy,Doxycycline,25,uM,25.00000uM,90,min,90min,poscon,30S ribosomal subunit,Protein synthesis,Protein synthesis,Tetracycline,water,antimicrobial_reference_set,MOCP_0066,MOCP_0066_1,r1,FALSE
GSM7985567,MOCP_0066:doxy:100.00000uM:90min:dfhr-hypo:MOCP_0066_1:r2,MOCP_0066:doxy:100.00000uM:dfhr-hypo:90min:A,A,MOCP_0066_1:dfhr-hypo:90min,SRR27299729,SRX22977479,SAMN38977894,PRJNA1055047,1,PAIRED,90,6276391,568472233,214,Illumina NovaSeq 6000,RNA-Seq,cDNA,TRANSCRIPTOMIC,total RNA,Pseudomonas aeruginosa UCBPP-PA14,208963,dfhr-hypo,dfhr-hypo,doxy,Doxycycline,100,uM,100.00000uM,90,min,90min,poscon,30S ribosomal subunit,Protein synthesis,Protein synthesis,Tetracycline,water,antimicrobial_reference_set,MOCP_0066,MOCP_0066_1,r2,FALSE
GSM7985591,MOCP_0066:doxy:25.00000uM:90min:dfhr-hypo:MOCP_0066_1:r2,MOCP_0066:doxy:25.00000uM:dfhr-hypo:90min:A,A,MOCP_0066_1:dfhr-hypo:90min,SRR27300028,SRX22977559,SAMN38977870,PRJNA1055047,1,PAIRED,90,9790393,888091441,335,Illumina NovaSeq 6000,RNA-Seq,cDNA,TRANSCRIPTOMIC,total RNA,Pseudomonas aeruginosa UCBPP-PA14,208963,dfhr-hypo,dfhr-hypo,doxy,Doxycycline,25,uM,25.00000uM,90,min,90min,poscon,30S ribosomal subunit,Protein synthesis,Protein synthesis,Tetracycline,water,antimicrobial_reference_set,MOCP_0066,MOCP_0066_1,r2,FALSE
GSM7985568,MOCP_0066:doxy:100.00000uM:90min:dfhr-hypo:MOCP_0066_1:r3,MOCP_0066:doxy:100.00000uM:dfhr-hypo:90min:A,A,MOCP_0066_1:dfhr-hypo:90min,SRR27299728,SRX22977480,SAMN38977893,PRJNA1055047,1,PAIRED,90,5689373,515033104,195,Illumina NovaSeq 6000,RNA-Seq,cDNA,TRANSCRIPTOMIC,total RNA,Pseudomonas aeruginosa UCBPP-PA14,208963,dfhr-hypo,dfhr-hypo,doxy,Doxycycline,100,uM,100.00000uM,90,min,90min,poscon,30S ribosomal subunit,Protein synthesis,Protein synthesis,Tetracycline,water,antimicrobial_reference_set,MOCP_0066,MOCP_0066_1,r3,FALSE
GSM7985592,MOCP_0066:doxy:25.00000uM:90min:dfhr-hypo:MOCP_0066_1:r3,MOCP_0066:doxy:25.00000uM:dfhr-hypo:90min:A,A,MOCP_0066_1:dfhr-hypo:90min,SRR27300027,SRX22977560,SAMN38977869,PRJNA1055047,1,PAIRED,90,5819552,527691766,201,Illumina NovaSeq 6000,RNA-Seq,cDNA,TRANSCRIPTOMIC,total RNA,Pseudomonas aeruginosa UCBPP-PA14,208963,dfhr-hypo,dfhr-hypo,doxy,Doxycycline,25,uM,25.00000uM,90,min,90min,poscon,30S ribosomal subunit,Protein synthesis,Protein synthesis,Tetracycline,water,antimicrobial_reference_set,MOCP_0066,MOCP_0066_1,r3,FALSE
GSM7985676,MOCP_0066:pol7080:0.08000uM:90min:dfhr-hypo:MOCP_0066_1:r1,MOCP_0066:pol7080:0.08000uM:dfhr-hypo:90min:A,A,MOCP_0066_1:dfhr-hypo:90min,SRR27300007,SRX22977580,SAMN38977785,PRJNA1055047,1,PAIRED,90,2345502,212526049,79,Illumina NovaSeq 6000,RNA-Seq,cDNA,TRANSCRIPTOMIC,total RNA,Pseudomonas aeruginosa UCBPP-PA14,208963,dfhr-hypo,dfhr-hypo,pol7080,POL-7080,0.08,uM,0.08000uM,90,min,90min,poscon,LptD,Membrane Integrity,LPS transport,AMP,dmso,antimicrobial_reference_set,MOCP_0066,MOCP_0066_1,r1,FALSE
GSM7985685,MOCP_0066:pol7080:0.32000uM:90min:dfhr-hypo:MOCP_0066_1:r1,MOCP_0066:pol7080:0.32000uM:dfhr-hypo:90min:A,A,MOCP_0066_1:dfhr-hypo:90min,SRR27300282,SRX22977673,SAMN38977776,PRJNA1055047,1,PAIRED,90,2712217,245288571,92,Illumina NovaSeq 6000,RNA-Seq,cDNA,TRANSCRIPTOMIC,total RNA,Pseudomonas aeruginosa UCBPP-PA14,208963,dfhr-hypo,dfhr-hypo,pol7080,POL-7080,0.32,uM,0.32000uM,90,min,90min,poscon,LptD,Membrane Integrity,LPS transport,AMP,dmso,antimicrobial_reference_set,MOCP_0066,MOCP_0066_1,r1,FALSE
GSM7985677,MOCP_0066:pol7080:0.08000uM:90min:dfhr-hypo:MOCP_0066_1:r2,MOCP_0066:pol7080:0.08000uM:dfhr-hypo:90min:A,A,MOCP_0066_1:dfhr-hypo:90min,SRR27300006,SRX22977581,SAMN38977784,PRJNA1055047,1,PAIRED,90,3990125,361730478,138,Illumina NovaSeq 6000,RNA-Seq,cDNA,TRANSCRIPTOMIC,total RNA,Pseudomonas aeruginosa UCBPP-PA14,208963,dfhr-hypo,dfhr-hypo,pol7080,POL-7080,0.08,uM,0.08000uM,90,min,90min,poscon,LptD,Membrane Integrity,LPS transport,AMP,dmso,antimicrobial_reference_set,MOCP_0066,MOCP_0066_1,r2,FALSE
GSM7985686,MOCP_0066:pol7080:0.32000uM:90min:dfhr-hypo:MOCP_0066_1:r2,MOCP_0066:pol7080:0.32000uM:dfhr-hypo:90min:A,A,MOCP_0066_1:dfhr-hypo:90min,SRR27300281,SRX22977674,SAMN38977775,PRJNA1055047,1,PAIRED,90,2067699,187085270,71,Illumina NovaSeq 6000,RNA-Seq,cDNA,TRANSCRIPTOMIC,total RNA,Pseudomonas aeruginosa UCBPP-PA14,208963,dfhr-hypo,dfhr-hypo,pol7080,POL-7080,0.32,uM,0.32000uM,90,min,90min,poscon,LptD,Membrane Integrity,LPS transport,AMP,dmso,antimicrobial_reference_set,MOCP_0066,MOCP_0066_1,r2,FALSE
GSM7985678,MOCP_0066:pol7080:0.08000uM:90min:dfhr-hypo:MOCP_0066_1:r3,MOCP_0066:pol7080:0.08000uM:dfhr-hypo:90min:A,A,MOCP_0066_1:dfhr-hypo:90min,SRR27300005,SRX22977582,SAMN38977783,PRJNA1055047,1,PAIRED,90,3362698,304864032,115,Illumina NovaSeq 6000,RNA-Seq,cDNA,TRANSCRIPTOMIC,total RNA,Pseudomonas aeruginosa UCBPP-PA14,208963,dfhr-hypo,dfhr-hypo,pol7080,POL-7080,0.08,uM,0.08000uM,90,min,90min,poscon,LptD,Membrane Integrity,LPS transport,AMP,dmso,antimicrobial_reference_set,MOCP_0066,MOCP_0066_1,r3,FALSE
GSM7985687,MOCP_0066:pol7080:0.32000uM:90min:dfhr-hypo:MOCP_0066_1:r3,MOCP_0066:pol7080:0.32000uM:dfhr-hypo:90min:A,A,MOCP_0066_1:dfhr-hypo:90min,SRR27300280,SRX22977675,SAMN38977774,PRJNA1055047,1,PAIRED,90,2305058,208665890,78,Illumina NovaSeq 6000,RNA-Seq,cDNA,TRANSCRIPTOMIC,total RNA,Pseudomonas aeruginosa UCBPP-PA14,208963,dfhr-hypo,dfhr-hypo,pol7080,POL-7080,0.32,uM,0.32000uM,90,min,90min,poscon,LptD,Membrane Integrity,LPS transport,AMP,dmso,antimicrobial_reference_set,MOCP_0066,MOCP_0066_1,r3,FALSE
GSM7985691,MOCP_0066:tmp:100.00000uM:90min:dfhr-hypo:MOCP_0066_1:r1,MOCP_0066:tmp:100.00000uM:dfhr-hypo:90min:A,A,MOCP_0066_1:dfhr-hypo:90min,SRR27300276,SRX22977679,SAMN38977770,PRJNA1055047,1,PAIRED,90,6321558,572984052,217,Illumina NovaSeq 6000,RNA-Seq,cDNA,TRANSCRIPTOMIC,total RNA,Pseudomonas aeruginosa UCBPP-PA14,208963,dfhr-hypo,dfhr-hypo,tmp,Trimethoprim,100,uM,100.00000uM,90,min,90min,poscon,DhfR,DNA synthesis,Folate synthesis,Folate analog,dmso,antimicrobial_reference_set,MOCP_0066,MOCP_0066_1,r1,FALSE
GSM7985697,MOCP_0066:tmp:400.00000uM:90min:dfhr-hypo:MOCP_0066_1:r1,MOCP_0066:tmp:400.00000uM:dfhr-hypo:90min:A,A,MOCP_0066_1:dfhr-hypo:90min,SRR27300270,SRX22977685,SAMN38977764,PRJNA1055047,1,PAIRED,90,3968608,359088212,136,Illumina NovaSeq 6000,RNA-Seq,cDNA,TRANSCRIPTOMIC,total RNA,Pseudomonas aeruginosa UCBPP-PA14,208963,dfhr-hypo,dfhr-hypo,tmp,Trimethoprim,400,uM,400.00000uM,90,min,90min,poscon,DhfR,DNA synthesis,Folate synthesis,Folate analog,dmso,antimicrobial_reference_set,MOCP_0066,MOCP_0066_1,r1,FALSE
GSM7985692,MOCP_0066:tmp:100.00000uM:90min:dfhr-hypo:MOCP_0066_1:r2,MOCP_0066:tmp:100.00000uM:dfhr-hypo:90min:A,A,MOCP_0066_1:dfhr-hypo:90min,SRR27300275,SRX22977680,SAMN38977769,PRJNA1055047,1,PAIRED,90,5004466,453561426,171,Illumina NovaSeq 6000,RNA-Seq,cDNA,TRANSCRIPTOMIC,total RNA,Pseudomonas aeruginosa UCBPP-PA14,208963,dfhr-hypo,dfhr-hypo,tmp,Trimethoprim,100,uM,100.00000uM,90,min,90min,poscon,DhfR,DNA synthesis,Folate synthesis,Folate analog,dmso,antimicrobial_reference_set,MOCP_0066,MOCP_0066_1,r2,FALSE
GSM7985698,MOCP_0066:tmp:400.00000uM:90min:dfhr-hypo:MOCP_0066_1:r2,MOCP_0066:tmp:400.00000uM:dfhr-hypo:90min:A,A,MOCP_0066_1:dfhr-hypo:90min,SRR27300269,SRX22977686,SAMN38977763,PRJNA1055047,1,PAIRED,90,3686208,333614014,126,Illumina NovaSeq 6000,RNA-Seq,cDNA,TRANSCRIPTOMIC,total RNA,Pseudomonas aeruginosa UCBPP-PA14,208963,dfhr-hypo,dfhr-hypo,tmp,Trimethoprim,400,uM,400.00000uM,90,min,90min,poscon,DhfR,DNA synthesis,Folate synthesis,Folate analog,dmso,antimicrobial_reference_set,MOCP_0066,MOCP_0066_1,r2,FALSE
GSM7985693,MOCP_0066:tmp:100.00000uM:90min:dfhr-hypo:MOCP_0066_1:r3,MOCP_0066:tmp:100.00000uM:dfhr-hypo:90min:A,A,MOCP_0066_1:dfhr-hypo:90min,SRR27300274,SRX22977681,SAMN38977768,PRJNA1055047,1,PAIRED,90,3238131,293630806,110,Illumina NovaSeq 6000,RNA-Seq,cDNA,TRANSCRIPTOMIC,total RNA,Pseudomonas aeruginosa UCBPP-PA14,208963,dfhr-hypo,dfhr-hypo,tmp,Trimethoprim,100,uM,100.00000uM,90,min,90min,poscon,DhfR,DNA synthesis,Folate synthesis,Folate analog,dmso,antimicrobial_reference_set,MOCP_0066,MOCP_0066_1,r3,FALSE
GSM7985699,MOCP_0066:tmp:400.00000uM:90min:dfhr-hypo:MOCP_0066_1:r3,MOCP_0066:tmp:400.00000uM:dfhr-hypo:90min:A,A,MOCP_0066_1:dfhr-hypo:90min,SRR27300268,SRX22977687,SAMN38977762,PRJNA1055047,1,PAIRED,90,4042043,365850332,138,Illumina NovaSeq 6000,RNA-Seq,cDNA,TRANSCRIPTOMIC,total RNA,Pseudomonas aeruginosa UCBPP-PA14,208963,dfhr-hypo,dfhr-hypo,tmp,Trimethoprim,400,uM,400.00000uM,90,min,90min,poscon,DhfR,DNA synthesis,Folate synthesis,Folate analog,dmso,antimicrobial_reference_set,MOCP_0066,MOCP_0066_1,r3,FALSE
GSM7985495,MOCP_0066:cip:0.19500uM:90min:dxr_kd:MOCP_0066_1:r1,MOCP_0066:cip:0.19500uM:dxr_kd:90min:A,A,MOCP_0066_1:dxr_kd:90min,SRR27300031,SRX22977556,SAMN38977966,PRJNA1055047,1,PAIRED,90,7571030,686373271,257,Illumina NovaSeq 6000,RNA-Seq,cDNA,TRANSCRIPTOMIC,total RNA,Pseudomonas aeruginosa UCBPP-PA14,208963,dxr_kd,dxr_kd,cip,Ciprofloxacin,0.195,uM,0.19500uM,90,min,90min,poscon,GyrA/ParC,DNA synthesis,DNA synthesis,Quinolone,water,antimicrobial_reference_set,MOCP_0066,MOCP_0066_1,r1,FALSE
GSM7985516,MOCP_0066:cip:0.78125uM:90min:dxr_kd:MOCP_0066_1:r1,MOCP_0066:cip:0.78125uM:dxr_kd:90min:A,A,MOCP_0066_1:dxr_kd:90min,SRR27299649,SRX22977250,SAMN38977945,PRJNA1055047,1,PAIRED,90,4406647,398601526,150,Illumina NovaSeq 6000,RNA-Seq,cDNA,TRANSCRIPTOMIC,total RNA,Pseudomonas aeruginosa UCBPP-PA14,208963,dxr_kd,dxr_kd,cip,Ciprofloxacin,0.78125,uM,0.78125uM,90,min,90min,poscon,GyrA/ParC,DNA synthesis,DNA synthesis,Quinolone,water,antimicrobial_reference_set,MOCP_0066,MOCP_0066_1,r1,FALSE
GSM7985496,MOCP_0066:cip:0.19500uM:90min:dxr_kd:MOCP_0066_1:r2,MOCP_0066:cip:0.19500uM:dxr_kd:90min:A,A,MOCP_0066_1:dxr_kd:90min,SRR27300103,SRX22977833,SAMN38977965,PRJNA1055047,1,PAIRED,90,5982376,542492699,203,Illumina NovaSeq 6000,RNA-Seq,cDNA,TRANSCRIPTOMIC,total RNA,Pseudomonas aeruginosa UCBPP-PA14,208963,dxr_kd,dxr_kd,cip,Ciprofloxacin,0.195,uM,0.19500uM,90,min,90min,poscon,GyrA/ParC,DNA synthesis,DNA synthesis,Quinolone,water,antimicrobial_reference_set,MOCP_0066,MOCP_0066_1,r2,FALSE
GSM7985517,MOCP_0066:cip:0.78125uM:90min:dxr_kd:MOCP_0066_1:r2,MOCP_0066:cip:0.78125uM:dxr_kd:90min:A,A,MOCP_0066_1:dxr_kd:90min,SRR27299648,SRX22977251,SAMN38977944,PRJNA1055047,1,PAIRED,90,2595747,234955708,88,Illumina NovaSeq 6000,RNA-Seq,cDNA,TRANSCRIPTOMIC,total RNA,Pseudomonas aeruginosa UCBPP-PA14,208963,dxr_kd,dxr_kd,cip,Ciprofloxacin,0.78125,uM,0.78125uM,90,min,90min,poscon,GyrA/ParC,DNA synthesis,DNA synthesis,Quinolone,water,antimicrobial_reference_set,MOCP_0066,MOCP_0066_1,r2,FALSE
GSM7985497,MOCP_0066:cip:0.19500uM:90min:dxr_kd:MOCP_0066_1:r3,MOCP_0066:cip:0.19500uM:dxr_kd:90min:A,A,MOCP_0066_1:dxr_kd:90min,SRR27300102,SRX22977834,SAMN38977964,PRJNA1055047,1,PAIRED,90,4585414,415635542,156,Illumina NovaSeq 6000,RNA-Seq,cDNA,TRANSCRIPTOMIC,total RNA,Pseudomonas aeruginosa UCBPP-PA14,208963,dxr_kd,dxr_kd,cip,Ciprofloxacin,0.195,uM,0.19500uM,90,min,90min,poscon,GyrA/ParC,DNA synthesis,DNA synthesis,Quinolone,water,antimicrobial_reference_set,MOCP_0066,MOCP_0066_1,r3,FALSE
GSM7985518,MOCP_0066:cip:0.78125uM:90min:dxr_kd:MOCP_0066_1:r3,MOCP_0066:cip:0.78125uM:dxr_kd:90min:A,A,MOCP_0066_1:dxr_kd:90min,SRR27299647,SRX22977252,SAMN38977943,PRJNA1055047,1,PAIRED,90,3413675,308998192,117,Illumina NovaSeq 6000,RNA-Seq,cDNA,TRANSCRIPTOMIC,total RNA,Pseudomonas aeruginosa UCBPP-PA14,208963,dxr_kd,dxr_kd,cip,Ciprofloxacin,0.78125,uM,0.78125uM,90,min,90min,poscon,GyrA/ParC,DNA synthesis,DNA synthesis,Quinolone,water,antimicrobial_reference_set,MOCP_0066,MOCP_0066_1,r3,FALSE
GSM7985569,MOCP_0066:doxy:100.00000uM:90min:dxr_kd:MOCP_0066_1:r1,MOCP_0066:doxy:100.00000uM:dxr_kd:90min:A,A,MOCP_0066_1:dxr_kd:90min,SRR27299727,SRX22977481,SAMN38977892,PRJNA1055047,1,PAIRED,90,6923938,626827396,234,Illumina NovaSeq 6000,RNA-Seq,cDNA,TRANSCRIPTOMIC,total RNA,Pseudomonas aeruginosa UCBPP-PA14,208963,dxr_kd,dxr_kd,doxy,Doxycycline,100,uM,100.00000uM,90,min,90min,poscon,30S ribosomal subunit,Protein synthesis,Protein synthesis,Tetracycline,water,antimicrobial_reference_set,MOCP_0066,MOCP_0066_1,r1,FALSE
GSM7985593,MOCP_0066:doxy:25.00000uM:90min:dxr_kd:MOCP_0066_1:r1,MOCP_0066:doxy:25.00000uM:dxr_kd:90min:A,A,MOCP_0066_1:dxr_kd:90min,SRR27300026,SRX22977561,SAMN38977868,PRJNA1055047,1,PAIRED,90,9044818,820188324,308,Illumina NovaSeq 6000,RNA-Seq,cDNA,TRANSCRIPTOMIC,total RNA,Pseudomonas aeruginosa UCBPP-PA14,208963,dxr_kd,dxr_kd,doxy,Doxycycline,25,uM,25.00000uM,90,min,90min,poscon,30S ribosomal subunit,Protein synthesis,Protein synthesis,Tetracycline,water,antimicrobial_reference_set,MOCP_0066,MOCP_0066_1,r1,FALSE
GSM7985570,MOCP_0066:doxy:100.00000uM:90min:dxr_kd:MOCP_0066_1:r2,MOCP_0066:doxy:100.00000uM:dxr_kd:90min:A,A,MOCP_0066_1:dxr_kd:90min,SRR27299726,SRX22977482,SAMN38977891,PRJNA1055047,1,PAIRED,90,3841783,347791957,131,Illumina NovaSeq 6000,RNA-Seq,cDNA,TRANSCRIPTOMIC,total RNA,Pseudomonas aeruginosa UCBPP-PA14,208963,dxr_kd,dxr_kd,doxy,Doxycycline,100,uM,100.00000uM,90,min,90min,poscon,30S ribosomal subunit,Protein synthesis,Protein synthesis,Tetracycline,water,antimicrobial_reference_set,MOCP_0066,MOCP_0066_1,r2,FALSE
GSM7985594,MOCP_0066:doxy:25.00000uM:90min:dxr_kd:MOCP_0066_1:r2,MOCP_0066:doxy:25.00000uM:dxr_kd:90min:A,A,MOCP_0066_1:dxr_kd:90min,SRR27300025,SRX22977562,SAMN38977867,PRJNA1055047,1,PAIRED,90,6347641,575512730,217,Illumina NovaSeq 6000,RNA-Seq,cDNA,TRANSCRIPTOMIC,total RNA,Pseudomonas aeruginosa UCBPP-PA14,208963,dxr_kd,dxr_kd,doxy,Doxycycline,25,uM,25.00000uM,90,min,90min,poscon,30S ribosomal subunit,Protein synthesis,Protein synthesis,Tetracycline,water,antimicrobial_reference_set,MOCP_0066,MOCP_0066_1,r2,FALSE
GSM7985571,MOCP_0066:doxy:100.00000uM:90min:dxr_kd:MOCP_0066_1:r3,MOCP_0066:doxy:100.00000uM:dxr_kd:90min:A,A,MOCP_0066_1:dxr_kd:90min,SRR27299725,SRX22977483,SAMN38977890,PRJNA1055047,1,PAIRED,90,5103153,461995467,174,Illumina NovaSeq 6000,RNA-Seq,cDNA,TRANSCRIPTOMIC,total RNA,Pseudomonas aeruginosa UCBPP-PA14,208963,dxr_kd,dxr_kd,doxy,Doxycycline,100,uM,100.00000uM,90,min,90min,poscon,30S ribosomal subunit,Protein synthesis,Protein synthesis,Tetracycline,water,antimicrobial_reference_set,MOCP_0066,MOCP_0066_1,r3,FALSE
GSM7985595,MOCP_0066:doxy:25.00000uM:90min:dxr_kd:MOCP_0066_1:r3,MOCP_0066:doxy:25.00000uM:dxr_kd:90min:A,A,MOCP_0066_1:dxr_kd:90min,SRR27300024,SRX22977563,SAMN38977866,PRJNA1055047,1,PAIRED,90,3694082,334830700,126,Illumina NovaSeq 6000,RNA-Seq,cDNA,TRANSCRIPTOMIC,total RNA,Pseudomonas aeruginosa UCBPP-PA14,208963,dxr_kd,dxr_kd,doxy,Doxycycline,25,uM,25.00000uM,90,min,90min,poscon,30S ribosomal subunit,Protein synthesis,Protein synthesis,Tetracycline,water,antimicrobial_reference_set,MOCP_0066,MOCP_0066_1,r3,FALSE
GSM7985623,MOCP_0066:fosmido:250.00000uM:90min:dxr_kd:MOCP_0066_1:r1,MOCP_0066:fosmido:250.00000uM:dxr_kd:90min:A,A,MOCP_0066_1:dxr_kd:90min,SRR27299593,SRX22977296,SAMN38977838,PRJNA1055047,1,PAIRED,90,3603523,326735894,122,Illumina NovaSeq 6000,RNA-Seq,cDNA,TRANSCRIPTOMIC,total RNA,Pseudomonas aeruginosa UCBPP-PA14,208963,dxr_kd,dxr_kd,fosmido,Fosmidomycin,250,uM,250.00000uM,90,min,90min,poscon,Dxr,Membrane Integrity,Isoprenoid biosynthesis,Organic phosphonic acid,water,antimicrobial_reference_set,MOCP_0066,MOCP_0066_1,r1,FALSE
GSM7985629,MOCP_0066:fosmido:500.00000uM:90min:dxr_kd:MOCP_0066_1:r1,MOCP_0066:fosmido:500.00000uM:dxr_kd:90min:A,A,MOCP_0066_1:dxr_kd:90min,SRR27299587,SRX22977302,SAMN38977832,PRJNA1055047,1,PAIRED,90,2656707,240474396,90,Illumina NovaSeq 6000,RNA-Seq,cDNA,TRANSCRIPTOMIC,total RNA,Pseudomonas aeruginosa UCBPP-PA14,208963,dxr_kd,dxr_kd,fosmido,Fosmidomycin,500,uM,500.00000uM,90,min,90min,poscon,Dxr,Membrane Integrity,Isoprenoid biosynthesis,Organic phosphonic acid,water,antimicrobial_reference_set,MOCP_0066,MOCP_0066_1,r1,FALSE
GSM7985624,MOCP_0066:fosmido:250.00000uM:90min:dxr_kd:MOCP_0066_1:r2,MOCP_0066:fosmido:250.00000uM:dxr_kd:90min:A,A,MOCP_0066_1:dxr_kd:90min,SRR27299592,SRX22977297,SAMN38977837,PRJNA1055047,1,PAIRED,90,4296954,389485794,147,Illumina NovaSeq 6000,RNA-Seq,cDNA,TRANSCRIPTOMIC,total RNA,Pseudomonas aeruginosa UCBPP-PA14,208963,dxr_kd,dxr_kd,fosmido,Fosmidomycin,250,uM,250.00000uM,90,min,90min,poscon,Dxr,Membrane Integrity,Isoprenoid biosynthesis,Organic phosphonic acid,water,antimicrobial_reference_set,MOCP_0066,MOCP_0066_1,r2,FALSE
GSM7985630,MOCP_0066:fosmido:500.00000uM:90min:dxr_kd:MOCP_0066_1:r2,MOCP_0066:fosmido:500.00000uM:dxr_kd:90min:A,A,MOCP_0066_1:dxr_kd:90min,SRR27299586,SRX22977303,SAMN38977831,PRJNA1055047,1,PAIRED,90,2970481,268803579,102,Illumina NovaSeq 6000,RNA-Seq,cDNA,TRANSCRIPTOMIC,total RNA,Pseudomonas aeruginosa UCBPP-PA14,208963,dxr_kd,dxr_kd,fosmido,Fosmidomycin,500,uM,500.00000uM,90,min,90min,poscon,Dxr,Membrane Integrity,Isoprenoid biosynthesis,Organic phosphonic acid,water,antimicrobial_reference_set,MOCP_0066,MOCP_0066_1,r2,FALSE
GSM7985625,MOCP_0066:fosmido:250.00000uM:90min:dxr_kd:MOCP_0066_1:r3,MOCP_0066:fosmido:250.00000uM:dxr_kd:90min:A,A,MOCP_0066_1:dxr_kd:90min,SRR27299591,SRX22977298,SAMN38977836,PRJNA1055047,1,PAIRED,90,4021050,364327153,137,Illumina NovaSeq 6000,RNA-Seq,cDNA,TRANSCRIPTOMIC,total RNA,Pseudomonas aeruginosa UCBPP-PA14,208963,dxr_kd,dxr_kd,fosmido,Fosmidomycin,250,uM,250.00000uM,90,min,90min,poscon,Dxr,Membrane Integrity,Isoprenoid biosynthesis,Organic phosphonic acid,water,antimicrobial_reference_set,MOCP_0066,MOCP_0066_1,r3,FALSE
GSM7985631,MOCP_0066:fosmido:500.00000uM:90min:dxr_kd:MOCP_0066_1:r3,MOCP_0066:fosmido:500.00000uM:dxr_kd:90min:A,A,MOCP_0066_1:dxr_kd:90min,SRR27299585,SRX22977304,SAMN38977830,PRJNA1055047,1,PAIRED,90,3187512,288590998,109,Illumina NovaSeq 6000,RNA-Seq,cDNA,TRANSCRIPTOMIC,total RNA,Pseudomonas aeruginosa UCBPP-PA14,208963,dxr_kd,dxr_kd,fosmido,Fosmidomycin,500,uM,500.00000uM,90,min,90min,poscon,Dxr,Membrane Integrity,Isoprenoid biosynthesis,Organic phosphonic acid,water,antimicrobial_reference_set,MOCP_0066,MOCP_0066_1,r3,FALSE
GSM7985706,MOCP_0066:water:0.50000%:90min:dxr_kd:MOCP_0066_1:r1,MOCP_0066:water:0.50000%:dxr_kd:90min:A,A,MOCP_0066_1:dxr_kd:90min,SRR27300414;SRR27300415,SRX22977902,SAMN38977755,PRJNA1055047,2,PAIRED,90,5461272,494427973,186,Illumina NovaSeq 6000,RNA-Seq,cDNA,TRANSCRIPTOMIC,total RNA,Pseudomonas aeruginosa UCBPP-PA14,208963,dxr_kd,dxr_kd,water,water,0.5,%,0.50000%,90,min,90min,negcon,Negative control,Negative control,Negative control,Negative control,water,antimicrobial_reference_set,MOCP_0066,MOCP_0066_1,r1,FALSE
GSM7985707,MOCP_0066:water:0.50000%:90min:dxr_kd:MOCP_0066_1:r2,MOCP_0066:water:0.50000%:dxr_kd:90min:A,A,MOCP_0066_1:dxr_kd:90min,SRR27300412;SRR27300413,SRX22977903,SAMN38977754,PRJNA1055047,2,PAIRED,90,5738473,519558187,196,Illumina NovaSeq 6000,RNA-Seq,cDNA,TRANSCRIPTOMIC,total RNA,Pseudomonas aeruginosa UCBPP-PA14,208963,dxr_kd,dxr_kd,water,water,0.5,%,0.50000%,90,min,90min,negcon,Negative control,Negative control,Negative control,Negative control,water,antimicrobial_reference_set,MOCP_0066,MOCP_0066_1,r2,FALSE
GSM7985708,MOCP_0066:water:0.50000%:90min:dxr_kd:MOCP_0066_1:r3,MOCP_0066:water:0.50000%:dxr_kd:90min:A,A,MOCP_0066_1:dxr_kd:90min,SRR27300352;SRR27300411,SRX22977904,SAMN38977753,PRJNA1055047,2,PAIRED,90,13393513,1213735070,458,Illumina NovaSeq 6000,RNA-Seq,cDNA,TRANSCRIPTOMIC,total RNA,Pseudomonas aeruginosa UCBPP-PA14,208963,dxr_kd,dxr_kd,water,water,0.5,%,0.50000%,90,min,90min,negcon,Negative control,Negative control,Negative control,Negative control,water,antimicrobial_reference_set,MOCP_0066,MOCP_0066_1,r3,FALSE
GSM7985498,MOCP_0066:cip:0.19500uM:90min:gyrA-hypo:MOCP_0066_1:r1,MOCP_0066:cip:0.19500uM:gyrA-hypo:90min:A,A,MOCP_0066_1:gyrA-hypo:90min,SRR27300101,SRX22977835,SAMN38977963,PRJNA1055047,1,PAIRED,90,2371920,214340381,81,Illumina NovaSeq 6000,RNA-Seq,cDNA,TRANSCRIPTOMIC,total RNA,Pseudomonas aeruginosa UCBPP-PA14,208963,gyrA-hypo,gyrA-hypo,cip,Ciprofloxacin,0.195,uM,0.19500uM,90,min,90min,poscon,GyrA/ParC,DNA synthesis,DNA synthesis,Quinolone,water,antimicrobial_reference_set,MOCP_0066,MOCP_0066_1,r1,FALSE
GSM7985519,MOCP_0066:cip:0.78125uM:90min:gyrA-hypo:MOCP_0066_1:r1,MOCP_0066:cip:0.78125uM:gyrA-hypo:90min:A,A,MOCP_0066_1:gyrA-hypo:90min,SRR27299646,SRX22977253,SAMN38977942,PRJNA1055047,1,PAIRED,90,2527245,227955552,88,Illumina NovaSeq 6000,RNA-Seq,cDNA,TRANSCRIPTOMIC,total RNA,Pseudomonas aeruginosa UCBPP-PA14,208963,gyrA-hypo,gyrA-hypo,cip,Ciprofloxacin,0.78125,uM,0.78125uM,90,min,90min,poscon,GyrA/ParC,DNA synthesis,DNA synthesis,Quinolone,water,antimicrobial_reference_set,MOCP_0066,MOCP_0066_1,r1,FALSE
GSM7985499,MOCP_0066:cip:0.19500uM:90min:gyrA-hypo:MOCP_0066_1:r2,MOCP_0066:cip:0.19500uM:gyrA-hypo:90min:A,A,MOCP_0066_1:gyrA-hypo:90min,SRR27300100,SRX22977836,SAMN38977962,PRJNA1055047,1,PAIRED,90,2061797,186201657,70,Illumina NovaSeq 6000,RNA-Seq,cDNA,TRANSCRIPTOMIC,total RNA,Pseudomonas aeruginosa UCBPP-PA14,208963,gyrA-hypo,gyrA-hypo,cip,Ciprofloxacin,0.195,uM,0.19500uM,90,min,90min,poscon,GyrA/ParC,DNA synthesis,DNA synthesis,Quinolone,water,antimicrobial_reference_set,MOCP_0066,MOCP_0066_1,r2,FALSE
GSM7985520,MOCP_0066:cip:0.78125uM:90min:gyrA-hypo:MOCP_0066_1:r2,MOCP_0066:cip:0.78125uM:gyrA-hypo:90min:A,A,MOCP_0066_1:gyrA-hypo:90min,SRR27299645,SRX22977254,SAMN38977941,PRJNA1055047,1,PAIRED,90,3001686,270510038,104,Illumina NovaSeq 6000,RNA-Seq,cDNA,TRANSCRIPTOMIC,total RNA,Pseudomonas aeruginosa UCBPP-PA14,208963,gyrA-hypo,gyrA-hypo,cip,Ciprofloxacin,0.78125,uM,0.78125uM,90,min,90min,poscon,GyrA/ParC,DNA synthesis,DNA synthesis,Quinolone,water,antimicrobial_reference_set,MOCP_0066,MOCP_0066_1,r2,FALSE
GSM7985500,MOCP_0066:cip:0.19500uM:90min:gyrA-hypo:MOCP_0066_1:r3,MOCP_0066:cip:0.19500uM:gyrA-hypo:90min:A,A,MOCP_0066_1:gyrA-hypo:90min,SRR27300099,SRX22977837,SAMN38977961,PRJNA1055047,1,PAIRED,90,2858514,258192641,98,Illumina NovaSeq 6000,RNA-Seq,cDNA,TRANSCRIPTOMIC,total RNA,Pseudomonas aeruginosa UCBPP-PA14,208963,gyrA-hypo,gyrA-hypo,cip,Ciprofloxacin,0.195,uM,0.19500uM,90,min,90min,poscon,GyrA/ParC,DNA synthesis,DNA synthesis,Quinolone,water,antimicrobial_reference_set,MOCP_0066,MOCP_0066_1,r3,FALSE
GSM7985521,MOCP_0066:cip:0.78125uM:90min:gyrA-hypo:MOCP_0066_1:r3,MOCP_0066:cip:0.78125uM:gyrA-hypo:90min:A,A,MOCP_0066_1:gyrA-hypo:90min,SRR27299644,SRX22977255,SAMN38977940,PRJNA1055047,1,PAIRED,90,4697293,423409825,163,Illumina NovaSeq 6000,RNA-Seq,cDNA,TRANSCRIPTOMIC,total RNA,Pseudomonas aeruginosa UCBPP-PA14,208963,gyrA-hypo,gyrA-hypo,cip,Ciprofloxacin,0.78125,uM,0.78125uM,90,min,90min,poscon,GyrA/ParC,DNA synthesis,DNA synthesis,Quinolone,water,antimicrobial_reference_set,MOCP_0066,MOCP_0066_1,r3,FALSE
GSM7985551,MOCP_0066:dmso:0.50000%:90min:gyrA-hypo:MOCP_0066_1:r1,MOCP_0066:dmso:0.50000%:gyrA-hypo:90min:A,A,MOCP_0066_1:gyrA-hypo:90min,SRR27299626;SRR27299971,SRX22977269,SAMN38977910,PRJNA1055047,2,PAIRED,90,10158124,917817631,352,Illumina NovaSeq 6000,RNA-Seq,cDNA,TRANSCRIPTOMIC,total RNA,Pseudomonas aeruginosa UCBPP-PA14,208963,gyrA-hypo,gyrA-hypo,dmso,dmso,0.5,%,0.50000%,90,min,90min,negcon,Negative control,Negative control,Negative control,Negative control,dmso,antimicrobial_reference_set,MOCP_0066,MOCP_0066_1,r1,FALSE
GSM7985552,MOCP_0066:dmso:0.50000%:90min:gyrA-hypo:MOCP_0066_1:r2,MOCP_0066:dmso:0.50000%:gyrA-hypo:90min:A,A,MOCP_0066_1:gyrA-hypo:90min,SRR27299624;SRR27299625,SRX22977270,SAMN38977909,PRJNA1055047,2,PAIRED,90,6733510,607435964,233,Illumina NovaSeq 6000,RNA-Seq,cDNA,TRANSCRIPTOMIC,total RNA,Pseudomonas aeruginosa UCBPP-PA14,208963,gyrA-hypo,gyrA-hypo,dmso,dmso,0.5,%,0.50000%,90,min,90min,negcon,Negative control,Negative control,Negative control,Negative control,dmso,antimicrobial_reference_set,MOCP_0066,MOCP_0066_1,r2,FALSE
GSM7985553,MOCP_0066:dmso:0.50000%:90min:gyrA-hypo:MOCP_0066_1:r3,MOCP_0066:dmso:0.50000%:gyrA-hypo:90min:A,A,MOCP_0066_1:gyrA-hypo:90min,SRR27299623;SRR27299676,SRX22977271,SAMN38977908,PRJNA1055047,2,PAIRED,90,6467889,583777151,222,Illumina NovaSeq 6000,RNA-Seq,cDNA,TRANSCRIPTOMIC,total RNA,Pseudomonas aeruginosa UCBPP-PA14,208963,gyrA-hypo,gyrA-hypo,dmso,dmso,0.5,%,0.50000%,90,min,90min,negcon,Negative control,Negative control,Negative control,Negative control,dmso,antimicrobial_reference_set,MOCP_0066,MOCP_0066_1,r3,FALSE
GSM7985572,MOCP_0066:doxy:100.00000uM:90min:gyrA-hypo:MOCP_0066_1:r1,MOCP_0066:doxy:100.00000uM:gyrA-hypo:90min:A,A,MOCP_0066_1:gyrA-hypo:90min,SRR27299724,SRX22977484,SAMN38977889,PRJNA1055047,1,PAIRED,90,4246976,383179462,148,Illumina NovaSeq 6000,RNA-Seq,cDNA,TRANSCRIPTOMIC,total RNA,Pseudomonas aeruginosa UCBPP-PA14,208963,gyrA-hypo,gyrA-hypo,doxy,Doxycycline,100,uM,100.00000uM,90,min,90min,poscon,30S ribosomal subunit,Protein synthesis,Protein synthesis,Tetracycline,water,antimicrobial_reference_set,MOCP_0066,MOCP_0066_1,r1,FALSE
GSM7985596,MOCP_0066:doxy:25.00000uM:90min:gyrA-hypo:MOCP_0066_1:r1,MOCP_0066:doxy:25.00000uM:gyrA-hypo:90min:A,A,MOCP_0066_1:gyrA-hypo:90min,SRR27300023,SRX22977564,SAMN38977865,PRJNA1055047,1,PAIRED,90,4887181,441740677,170,Illumina NovaSeq 6000,RNA-Seq,cDNA,TRANSCRIPTOMIC,total RNA,Pseudomonas aeruginosa UCBPP-PA14,208963,gyrA-hypo,gyrA-hypo,doxy,Doxycycline,25,uM,25.00000uM,90,min,90min,poscon,30S ribosomal subunit,Protein synthesis,Protein synthesis,Tetracycline,water,antimicrobial_reference_set,MOCP_0066,MOCP_0066_1,r1,FALSE
GSM7985573,MOCP_0066:doxy:100.00000uM:90min:gyrA-hypo:MOCP_0066_1:r2,MOCP_0066:doxy:100.00000uM:gyrA-hypo:90min:A,A,MOCP_0066_1:gyrA-hypo:90min,SRR27299613,SRX22977278,SAMN38977888,PRJNA1055047,1,PAIRED,90,10899792,984296861,378,Illumina NovaSeq 6000,RNA-Seq,cDNA,TRANSCRIPTOMIC,total RNA,Pseudomonas aeruginosa UCBPP-PA14,208963,gyrA-hypo,gyrA-hypo,doxy,Doxycycline,100,uM,100.00000uM,90,min,90min,poscon,30S ribosomal subunit,Protein synthesis,Protein synthesis,Tetracycline,water,antimicrobial_reference_set,MOCP_0066,MOCP_0066_1,r2,FALSE
GSM7985597,MOCP_0066:doxy:25.00000uM:90min:gyrA-hypo:MOCP_0066_1:r2,MOCP_0066:doxy:25.00000uM:gyrA-hypo:90min:A,A,MOCP_0066_1:gyrA-hypo:90min,SRR27300022,SRX22977565,SAMN38977864,PRJNA1055047,1,PAIRED,90,5112895,462360362,176,Illumina NovaSeq 6000,RNA-Seq,cDNA,TRANSCRIPTOMIC,total RNA,Pseudomonas aeruginosa UCBPP-PA14,208963,gyrA-hypo,gyrA-hypo,doxy,Doxycycline,25,uM,25.00000uM,90,min,90min,poscon,30S ribosomal subunit,Protein synthesis,Protein synthesis,Tetracycline,water,antimicrobial_reference_set,MOCP_0066,MOCP_0066_1,r2,FALSE
GSM7985574,MOCP_0066:doxy:100.00000uM:90min:gyrA-hypo:MOCP_0066_1:r3,MOCP_0066:doxy:100.00000uM:gyrA-hypo:90min:A,A,MOCP_0066_1:gyrA-hypo:90min,SRR27299612,SRX22977279,SAMN38977887,PRJNA1055047,1,PAIRED,90,9279715,837391200,321,Illumina NovaSeq 6000,RNA-Seq,cDNA,TRANSCRIPTOMIC,total RNA,Pseudomonas aeruginosa UCBPP-PA14,208963,gyrA-hypo,gyrA-hypo,doxy,Doxycycline,100,uM,100.00000uM,90,min,90min,poscon,30S ribosomal subunit,Protein synthesis,Protein synthesis,Tetracycline,water,antimicrobial_reference_set,MOCP_0066,MOCP_0066_1,r3,FALSE
GSM7985598,MOCP_0066:doxy:25.00000uM:90min:gyrA-hypo:MOCP_0066_1:r3,MOCP_0066:doxy:25.00000uM:gyrA-hypo:90min:A,A,MOCP_0066_1:gyrA-hypo:90min,SRR27300021,SRX22977566,SAMN38977863,PRJNA1055047,1,PAIRED,90,5242219,473830004,181,Illumina NovaSeq 6000,RNA-Seq,cDNA,TRANSCRIPTOMIC,total RNA,Pseudomonas aeruginosa UCBPP-PA14,208963,gyrA-hypo,gyrA-hypo,doxy,Doxycycline,25,uM,25.00000uM,90,min,90min,poscon,30S ribosomal subunit,Protein synthesis,Protein synthesis,Tetracycline,water,antimicrobial_reference_set,MOCP_0066,MOCP_0066_1,r3,FALSE
GSM7985658,MOCP_0066:pf3299:0.39100uM:90min:gyrA-hypo:MOCP_0066_1:r1,MOCP_0066:pf3299:0.39100uM:gyrA-hypo:90min:A,A,MOCP_0066_1:gyrA-hypo:90min,SRR27300431,SRX22977886,SAMN38977803,PRJNA1055047,1,PAIRED,90,1974974,178431186,68,Illumina NovaSeq 6000,RNA-Seq,cDNA,TRANSCRIPTOMIC,total RNA,Pseudomonas aeruginosa UCBPP-PA14,208963,gyrA-hypo,gyrA-hypo,pf3299,PF-04753299,0.391,uM,0.39100uM,90,min,90min,poscon,LpxC,Membrane Integrity,LPS biosynthesis,Hydroxamic acid,dmso,antimicrobial_reference_set,MOCP_0066,MOCP_0066_1,r1,FALSE
GSM7985667,MOCP_0066:pf3299:1.56250uM:90min:gyrA-hypo:MOCP_0066_1:r1,MOCP_0066:pf3299:1.56250uM:gyrA-hypo:90min:A,A,MOCP_0066_1:gyrA-hypo:90min,SRR27300422,SRX22977895,SAMN38977794,PRJNA1055047,1,PAIRED,90,2377370,214414601,82,Illumina NovaSeq 6000,RNA-Seq,cDNA,TRANSCRIPTOMIC,total RNA,Pseudomonas aeruginosa UCBPP-PA14,208963,gyrA-hypo,gyrA-hypo,pf3299,PF-04753299,1.5625,uM,1.56250uM,90,min,90min,poscon,LpxC,Membrane Integrity,LPS biosynthesis,Hydroxamic acid,dmso,antimicrobial_reference_set,MOCP_0066,MOCP_0066_1,r1,FALSE
GSM7985659,MOCP_0066:pf3299:0.39100uM:90min:gyrA-hypo:MOCP_0066_1:r2,MOCP_0066:pf3299:0.39100uM:gyrA-hypo:90min:A,A,MOCP_0066_1:gyrA-hypo:90min,SRR27300430,SRX22977887,SAMN38977802,PRJNA1055047,1,PAIRED,90,2744862,247943976,96,Illumina NovaSeq 6000,RNA-Seq,cDNA,TRANSCRIPTOMIC,total RNA,Pseudomonas aeruginosa UCBPP-PA14,208963,gyrA-hypo,gyrA-hypo,pf3299,PF-04753299,0.391,uM,0.39100uM,90,min,90min,poscon,LpxC,Membrane Integrity,LPS biosynthesis,Hydroxamic acid,dmso,antimicrobial_reference_set,MOCP_0066,MOCP_0066_1,r2,FALSE
GSM7985668,MOCP_0066:pf3299:1.56250uM:90min:gyrA-hypo:MOCP_0066_1:r2,MOCP_0066:pf3299:1.56250uM:gyrA-hypo:90min:A,A,MOCP_0066_1:gyrA-hypo:90min,SRR27300421,SRX22977896,SAMN38977793,PRJNA1055047,1,PAIRED,90,3435480,309658507,121,Illumina NovaSeq 6000,RNA-Seq,cDNA,TRANSCRIPTOMIC,total RNA,Pseudomonas aeruginosa UCBPP-PA14,208963,gyrA-hypo,gyrA-hypo,pf3299,PF-04753299,1.5625,uM,1.56250uM,90,min,90min,poscon,LpxC,Membrane Integrity,LPS biosynthesis,Hydroxamic acid,dmso,antimicrobial_reference_set,MOCP_0066,MOCP_0066_1,r2,FALSE
GSM7985660,MOCP_0066:pf3299:0.39100uM:90min:gyrA-hypo:MOCP_0066_1:r3,MOCP_0066:pf3299:0.39100uM:gyrA-hypo:90min:A,A,MOCP_0066_1:gyrA-hypo:90min,SRR27300429,SRX22977888,SAMN38977801,PRJNA1055047,1,PAIRED,90,2205937,198985926,75,Illumina NovaSeq 6000,RNA-Seq,cDNA,TRANSCRIPTOMIC,total RNA,Pseudomonas aeruginosa UCBPP-PA14,208963,gyrA-hypo,gyrA-hypo,pf3299,PF-04753299,0.391,uM,0.39100uM,90,min,90min,poscon,LpxC,Membrane Integrity,LPS biosynthesis,Hydroxamic acid,dmso,antimicrobial_reference_set,MOCP_0066,MOCP_0066_1,r3,FALSE
GSM7985669,MOCP_0066:pf3299:1.56250uM:90min:gyrA-hypo:MOCP_0066_1:r3,MOCP_0066:pf3299:1.56250uM:gyrA-hypo:90min:A,A,MOCP_0066_1:gyrA-hypo:90min,SRR27300014,SRX22977573,SAMN38977792,PRJNA1055047,1,PAIRED,90,2926130,263423924,100,Illumina NovaSeq 6000,RNA-Seq,cDNA,TRANSCRIPTOMIC,total RNA,Pseudomonas aeruginosa UCBPP-PA14,208963,gyrA-hypo,gyrA-hypo,pf3299,PF-04753299,1.5625,uM,1.56250uM,90,min,90min,poscon,LpxC,Membrane Integrity,LPS biosynthesis,Hydroxamic acid,dmso,antimicrobial_reference_set,MOCP_0066,MOCP_0066_1,r3,FALSE
GSM7985501,MOCP_0066:cip:0.19500uM:90min:lptD_kd:MOCP_0066_1:r1,MOCP_0066:cip:0.19500uM:lptD_kd:90min:A,A,MOCP_0066_1:lptD_kd:90min,SRR27300098,SRX22977838,SAMN38977960,PRJNA1055047,1,PAIRED,90,2310056,209004639,78,Illumina NovaSeq 6000,RNA-Seq,cDNA,TRANSCRIPTOMIC,total RNA,Pseudomonas aeruginosa UCBPP-PA14,208963,lptD_kd,lptD_kd,cip,Ciprofloxacin,0.195,uM,0.19500uM,90,min,90min,poscon,GyrA/ParC,DNA synthesis,DNA synthesis,Quinolone,water,antimicrobial_reference_set,MOCP_0066,MOCP_0066_1,r1,FALSE
GSM7985522,MOCP_0066:cip:0.78125uM:90min:lptD_kd:MOCP_0066_1:r1,MOCP_0066:cip:0.78125uM:lptD_kd:90min:A,A,MOCP_0066_1:lptD_kd:90min,SRR27299643,SRX22977256,SAMN38977939,PRJNA1055047,1,PAIRED,90,1421093,128767321,48,Illumina NovaSeq 6000,RNA-Seq,cDNA,TRANSCRIPTOMIC,total RNA,Pseudomonas aeruginosa UCBPP-PA14,208963,lptD_kd,lptD_kd,cip,Ciprofloxacin,0.78125,uM,0.78125uM,90,min,90min,poscon,GyrA/ParC,DNA synthesis,DNA synthesis,Quinolone,water,antimicrobial_reference_set,MOCP_0066,MOCP_0066_1,r1,FALSE
GSM7985502,MOCP_0066:cip:0.19500uM:90min:lptD_kd:MOCP_0066_1:r2,MOCP_0066:cip:0.19500uM:lptD_kd:90min:A,A,MOCP_0066_1:lptD_kd:90min,SRR27300485,SRX22977839,SAMN38977959,PRJNA1055047,1,PAIRED,90,8730316,790668702,300,Illumina NovaSeq 6000,RNA-Seq,cDNA,TRANSCRIPTOMIC,total RNA,Pseudomonas aeruginosa UCBPP-PA14,208963,lptD_kd,lptD_kd,cip,Ciprofloxacin,0.195,uM,0.19500uM,90,min,90min,poscon,GyrA/ParC,DNA synthesis,DNA synthesis,Quinolone,water,antimicrobial_reference_set,MOCP_0066,MOCP_0066_1,r2,FALSE
GSM7985523,MOCP_0066:cip:0.78125uM:90min:lptD_kd:MOCP_0066_1:r2,MOCP_0066:cip:0.78125uM:lptD_kd:90min:A,A,MOCP_0066_1:lptD_kd:90min,SRR27299642,SRX22977257,SAMN38977938,PRJNA1055047,1,PAIRED,90,2055353,186333040,70,Illumina NovaSeq 6000,RNA-Seq,cDNA,TRANSCRIPTOMIC,total RNA,Pseudomonas aeruginosa UCBPP-PA14,208963,lptD_kd,lptD_kd,cip,Ciprofloxacin,0.78125,uM,0.78125uM,90,min,90min,poscon,GyrA/ParC,DNA synthesis,DNA synthesis,Quinolone,water,antimicrobial_reference_set,MOCP_0066,MOCP_0066_1,r2,FALSE
GSM7985503,MOCP_0066:cip:0.19500uM:90min:lptD_kd:MOCP_0066_1:r3,MOCP_0066:cip:0.19500uM:lptD_kd:90min:A,A,MOCP_0066_1:lptD_kd:90min,SRR27300484,SRX22977840,SAMN38977958,PRJNA1055047,1,PAIRED,90,3367176,304920528,114,Illumina NovaSeq 6000,RNA-Seq,cDNA,TRANSCRIPTOMIC,total RNA,Pseudomonas aeruginosa UCBPP-PA14,208963,lptD_kd,lptD_kd,cip,Ciprofloxacin,0.195,uM,0.19500uM,90,min,90min,poscon,GyrA/ParC,DNA synthesis,DNA synthesis,Quinolone,water,antimicrobial_reference_set,MOCP_0066,MOCP_0066_1,r3,FALSE
GSM7985524,MOCP_0066:cip:0.78125uM:90min:lptD_kd:MOCP_0066_1:r3,MOCP_0066:cip:0.78125uM:lptD_kd:90min:A,A,MOCP_0066_1:lptD_kd:90min,SRR27299641,SRX22977258,SAMN38977937,PRJNA1055047,1,PAIRED,90,2369528,214839095,81,Illumina NovaSeq 6000,RNA-Seq,cDNA,TRANSCRIPTOMIC,total RNA,Pseudomonas aeruginosa UCBPP-PA14,208963,lptD_kd,lptD_kd,cip,Ciprofloxacin,0.78125,uM,0.78125uM,90,min,90min,poscon,GyrA/ParC,DNA synthesis,DNA synthesis,Quinolone,water,antimicrobial_reference_set,MOCP_0066,MOCP_0066_1,r3,FALSE
GSM7985554,MOCP_0066:dmso:0.50000%:90min:lptD_kd:MOCP_0066_1:r1,MOCP_0066:dmso:0.50000%:lptD_kd:90min:A,A,MOCP_0066_1:lptD_kd:90min,SRR27299621;SRR27299622,SRX22977272,SAMN38977907,PRJNA1055047,2,PAIRED,90,5314177,481249832,179,Illumina NovaSeq 6000,RNA-Seq,cDNA,TRANSCRIPTOMIC,total RNA,Pseudomonas aeruginosa UCBPP-PA14,208963,lptD_kd,lptD_kd,dmso,dmso,0.5,%,0.50000%,90,min,90min,negcon,Negative control,Negative control,Negative control,Negative control,dmso,antimicrobial_reference_set,MOCP_0066,MOCP_0066_1,r1,FALSE
GSM7985555,MOCP_0066:dmso:0.50000%:90min:lptD_kd:MOCP_0066_1:r2,MOCP_0066:dmso:0.50000%:lptD_kd:90min:A,A,MOCP_0066_1:lptD_kd:90min,SRR27299620;SRR27299679,SRX22977273,SAMN38977906,PRJNA1055047,2,PAIRED,90,5776033,523055182,196,Illumina NovaSeq 6000,RNA-Seq,cDNA,TRANSCRIPTOMIC,total RNA,Pseudomonas aeruginosa UCBPP-PA14,208963,lptD_kd,lptD_kd,dmso,dmso,0.5,%,0.50000%,90,min,90min,negcon,Negative control,Negative control,Negative control,Negative control,dmso,antimicrobial_reference_set,MOCP_0066,MOCP_0066_1,r2,FALSE
GSM7985556,MOCP_0066:dmso:0.50000%:90min:lptD_kd:MOCP_0066_1:r3,MOCP_0066:dmso:0.50000%:lptD_kd:90min:A,A,MOCP_0066_1:lptD_kd:90min,SRR27299618;SRR27299619,SRX22977274,SAMN38977905,PRJNA1055047,2,PAIRED,90,9974378,903767808,340,Illumina NovaSeq 6000,RNA-Seq,cDNA,TRANSCRIPTOMIC,total RNA,Pseudomonas aeruginosa UCBPP-PA14,208963,lptD_kd,lptD_kd,dmso,dmso,0.5,%,0.50000%,90,min,90min,negcon,Negative control,Negative control,Negative control,Negative control,dmso,antimicrobial_reference_set,MOCP_0066,MOCP_0066_1,r3,FALSE
GSM7985575,MOCP_0066:doxy:100.00000uM:90min:lptD_kd:MOCP_0066_1:r1,MOCP_0066:doxy:100.00000uM:lptD_kd:90min:A,A,MOCP_0066_1:lptD_kd:90min,SRR27299611,SRX22977280,SAMN38977886,PRJNA1055047,1,PAIRED,90,3498660,317222871,120,Illumina NovaSeq 6000,RNA-Seq,cDNA,TRANSCRIPTOMIC,total RNA,Pseudomonas aeruginosa UCBPP-PA14,208963,lptD_kd,lptD_kd,doxy,Doxycycline,100,uM,100.00000uM,90,min,90min,poscon,30S ribosomal subunit,Protein synthesis,Protein synthesis,Tetracycline,water,antimicrobial_reference_set,MOCP_0066,MOCP_0066_1,r1,FALSE
GSM7985599,MOCP_0066:doxy:25.00000uM:90min:lptD_kd:MOCP_0066_1:r1,MOCP_0066:doxy:25.00000uM:lptD_kd:90min:A,A,MOCP_0066_1:lptD_kd:90min,SRR27300020,SRX22977567,SAMN38977862,PRJNA1055047,1,PAIRED,90,3934948,356406874,135,Illumina NovaSeq 6000,RNA-Seq,cDNA,TRANSCRIPTOMIC,total RNA,Pseudomonas aeruginosa UCBPP-PA14,208963,lptD_kd,lptD_kd,doxy,Doxycycline,25,uM,25.00000uM,90,min,90min,poscon,30S ribosomal subunit,Protein synthesis,Protein synthesis,Tetracycline,water,antimicrobial_reference_set,MOCP_0066,MOCP_0066_1,r1,FALSE
GSM7985576,MOCP_0066:doxy:100.00000uM:90min:lptD_kd:MOCP_0066_1:r2,MOCP_0066:doxy:100.00000uM:lptD_kd:90min:A,A,MOCP_0066_1:lptD_kd:90min,SRR27299610,SRX22977281,SAMN38977885,PRJNA1055047,1,PAIRED,90,6606274,599076479,223,Illumina NovaSeq 6000,RNA-Seq,cDNA,TRANSCRIPTOMIC,total RNA,Pseudomonas aeruginosa UCBPP-PA14,208963,lptD_kd,lptD_kd,doxy,Doxycycline,100,uM,100.00000uM,90,min,90min,poscon,30S ribosomal subunit,Protein synthesis,Protein synthesis,Tetracycline,water,antimicrobial_reference_set,MOCP_0066,MOCP_0066_1,r2,FALSE
GSM7985600,MOCP_0066:doxy:25.00000uM:90min:lptD_kd:MOCP_0066_1:r2,MOCP_0066:doxy:25.00000uM:lptD_kd:90min:A,A,MOCP_0066_1:lptD_kd:90min,SRR27300019,SRX22977568,SAMN38977861,PRJNA1055047,1,PAIRED,90,7367221,667162227,250,Illumina NovaSeq 6000,RNA-Seq,cDNA,TRANSCRIPTOMIC,total RNA,Pseudomonas aeruginosa UCBPP-PA14,208963,lptD_kd,lptD_kd,doxy,Doxycycline,25,uM,25.00000uM,90,min,90min,poscon,30S ribosomal subunit,Protein synthesis,Protein synthesis,Tetracycline,water,antimicrobial_reference_set,MOCP_0066,MOCP_0066_1,r2,FALSE
GSM7985577,MOCP_0066:doxy:100.00000uM:90min:lptD_kd:MOCP_0066_1:r3,MOCP_0066:doxy:100.00000uM:lptD_kd:90min:A,A,MOCP_0066_1:lptD_kd:90min,SRR27299609,SRX22977282,SAMN38977884,PRJNA1055047,1,PAIRED,90,3689398,334604732,125,Illumina NovaSeq 6000,RNA-Seq,cDNA,TRANSCRIPTOMIC,total RNA,Pseudomonas aeruginosa UCBPP-PA14,208963,lptD_kd,lptD_kd,doxy,Doxycycline,100,uM,100.00000uM,90,min,90min,poscon,30S ribosomal subunit,Protein synthesis,Protein synthesis,Tetracycline,water,antimicrobial_reference_set,MOCP_0066,MOCP_0066_1,r3,FALSE
GSM7985601,MOCP_0066:doxy:25.00000uM:90min:lptD_kd:MOCP_0066_1:r3,MOCP_0066:doxy:25.00000uM:lptD_kd:90min:A,A,MOCP_0066_1:lptD_kd:90min,SRR27300018,SRX22977569,SAMN38977860,PRJNA1055047,1,PAIRED,90,3884604,351862519,132,Illumina NovaSeq 6000,RNA-Seq,cDNA,TRANSCRIPTOMIC,total RNA,Pseudomonas aeruginosa UCBPP-PA14,208963,lptD_kd,lptD_kd,doxy,Doxycycline,25,uM,25.00000uM,90,min,90min,poscon,30S ribosomal subunit,Protein synthesis,Protein synthesis,Tetracycline,water,antimicrobial_reference_set,MOCP_0066,MOCP_0066_1,r3,FALSE
GSM7985679,MOCP_0066:pol7080:0.08000uM:90min:lptD_kd:MOCP_0066_1:r1,MOCP_0066:pol7080:0.08000uM:lptD_kd:90min:A,A,MOCP_0066_1:lptD_kd:90min,SRR27300004,SRX22977583,SAMN38977782,PRJNA1055047,1,PAIRED,90,2941054,266607722,100,Illumina NovaSeq 6000,RNA-Seq,cDNA,TRANSCRIPTOMIC,total RNA,Pseudomonas aeruginosa UCBPP-PA14,208963,lptD_kd,lptD_kd,pol7080,POL-7080,0.08,uM,0.08000uM,90,min,90min,poscon,LptD,Membrane Integrity,LPS transport,AMP,dmso,antimicrobial_reference_set,MOCP_0066,MOCP_0066_1,r1,FALSE
GSM8297989,MOCP_0066:pol7080:0.02000uM:90min:lptD_kd:MOCP_0066_1:r1,MOCP_0066:pol7080:0.02000uM:lptD_kd:90min:A,A,MOCP_0066_1:lptD_kd:90min,SRR29244730;SRR29244731,SRX24763273,SAMN41607352,PRJNA1055047,2,SINGLE,41,7398882,334797141,144,Illumina NovaSeq 6000,RNA-Seq,cDNA,TRANSCRIPTOMIC,total RNA,Pseudomonas aeruginosa UCBPP-PA14,208963,lptD_kd,lptD_kd,pol7080,POL-7080,0.02,uM,0.02000uM,90,min,90min,poscon,LptD,Membrane Integrity,LPS transport,AMP,dmso,weak_signal_removed_from_antimicrobial_reference_set,MOCP_0066,MOCP_0066_1,r1,TRUE
GSM7985680,MOCP_0066:pol7080:0.08000uM:90min:lptD_kd:MOCP_0066_1:r2,MOCP_0066:pol7080:0.08000uM:lptD_kd:90min:A,A,MOCP_0066_1:lptD_kd:90min,SRR27300003,SRX22977584,SAMN38977781,PRJNA1055047,1,PAIRED,90,2947348,267286871,100,Illumina NovaSeq 6000,RNA-Seq,cDNA,TRANSCRIPTOMIC,total RNA,Pseudomonas aeruginosa UCBPP-PA14,208963,lptD_kd,lptD_kd,pol7080,POL-7080,0.08,uM,0.08000uM,90,min,90min,poscon,LptD,Membrane Integrity,LPS transport,AMP,dmso,antimicrobial_reference_set,MOCP_0066,MOCP_0066_1,r2,FALSE
GSM8297990,MOCP_0066:pol7080:0.02000uM:90min:lptD_kd:MOCP_0066_1:r2,MOCP_0066:pol7080:0.02000uM:lptD_kd:90min:A,A,MOCP_0066_1:lptD_kd:90min,SRR29244728;SRR29244729,SRX24763274,SAMN41607351,PRJNA1055047,2,SINGLE,41,8682670,393128240,170,Illumina NovaSeq 6000,RNA-Seq,cDNA,TRANSCRIPTOMIC,total RNA,Pseudomonas aeruginosa UCBPP-PA14,208963,lptD_kd,lptD_kd,pol7080,POL-7080,0.02,uM,0.02000uM,90,min,90min,poscon,LptD,Membrane Integrity,LPS transport,AMP,dmso,weak_signal_removed_from_antimicrobial_reference_set,MOCP_0066,MOCP_0066_1,r2,TRUE
GSM7985681,MOCP_0066:pol7080:0.08000uM:90min:lptD_kd:MOCP_0066_1:r3,MOCP_0066:pol7080:0.08000uM:lptD_kd:90min:A,A,MOCP_0066_1:lptD_kd:90min,SRR27300002,SRX22977585,SAMN38977780,PRJNA1055047,1,PAIRED,90,2280142,206731566,78,Illumina NovaSeq 6000,RNA-Seq,cDNA,TRANSCRIPTOMIC,total RNA,Pseudomonas aeruginosa UCBPP-PA14,208963,lptD_kd,lptD_kd,pol7080,POL-7080,0.08,uM,0.08000uM,90,min,90min,poscon,LptD,Membrane Integrity,LPS transport,AMP,dmso,antimicrobial_reference_set,MOCP_0066,MOCP_0066_1,r3,FALSE
GSM8297991,MOCP_0066:pol7080:0.02000uM:90min:lptD_kd:MOCP_0066_1:r3,MOCP_0066:pol7080:0.02000uM:lptD_kd:90min:A,A,MOCP_0066_1:lptD_kd:90min,SRR29244726;SRR29244727,SRX24763275,SAMN41607350,PRJNA1055047,2,SINGLE,41,6275986,284056453,122,Illumina NovaSeq 6000,RNA-Seq,cDNA,TRANSCRIPTOMIC,total RNA,Pseudomonas aeruginosa UCBPP-PA14,208963,lptD_kd,lptD_kd,pol7080,POL-7080,0.02,uM,0.02000uM,90,min,90min,poscon,LptD,Membrane Integrity,LPS transport,AMP,dmso,weak_signal_removed_from_antimicrobial_reference_set,MOCP_0066,MOCP_0066_1,r3,TRUE
GSM7985504,MOCP_0066:cip:0.19500uM:90min:lpxC-hypo:MOCP_0066_1:r1,MOCP_0066:cip:0.19500uM:lpxC-hypo:90min:A,A,MOCP_0066_1:lpxC-hypo:90min,SRR27300483,SRX22977841,SAMN38977957,PRJNA1055047,1,PAIRED,90,5024988,454669468,173,Illumina NovaSeq 6000,RNA-Seq,cDNA,TRANSCRIPTOMIC,total RNA,Pseudomonas aeruginosa UCBPP-PA14,208963,lpxC-hypo,lpxC-hypo,cip,Ciprofloxacin,0.195,uM,0.19500uM,90,min,90min,poscon,GyrA/ParC,DNA synthesis,DNA synthesis,Quinolone,water,antimicrobial_reference_set,MOCP_0066,MOCP_0066_1,r1,FALSE
GSM7985525,MOCP_0066:cip:0.78125uM:90min:lpxC-hypo:MOCP_0066_1:r1,MOCP_0066:cip:0.78125uM:lpxC-hypo:90min:A,A,MOCP_0066_1:lpxC-hypo:90min,SRR27299640,SRX22977259,SAMN38977936,PRJNA1055047,1,PAIRED,90,2365235,213474760,81,Illumina NovaSeq 6000,RNA-Seq,cDNA,TRANSCRIPTOMIC,total RNA,Pseudomonas aeruginosa UCBPP-PA14,208963,lpxC-hypo,lpxC-hypo,cip,Ciprofloxacin,0.78125,uM,0.78125uM,90,min,90min,poscon,GyrA/ParC,DNA synthesis,DNA synthesis,Quinolone,water,antimicrobial_reference_set,MOCP_0066,MOCP_0066_1,r1,FALSE
GSM7985505,MOCP_0066:cip:0.19500uM:90min:lpxC-hypo:MOCP_0066_1:r2,MOCP_0066:cip:0.19500uM:lpxC-hypo:90min:A,A,MOCP_0066_1:lpxC-hypo:90min,SRR27300482,SRX22977842,SAMN38977956,PRJNA1055047,1,PAIRED,90,4615618,417349337,161,Illumina NovaSeq 6000,RNA-Seq,cDNA,TRANSCRIPTOMIC,total RNA,Pseudomonas aeruginosa UCBPP-PA14,208963,lpxC-hypo,lpxC-hypo,cip,Ciprofloxacin,0.195,uM,0.19500uM,90,min,90min,poscon,GyrA/ParC,DNA synthesis,DNA synthesis,Quinolone,water,antimicrobial_reference_set,MOCP_0066,MOCP_0066_1,r2,FALSE
GSM7985526,MOCP_0066:cip:0.78125uM:90min:lpxC-hypo:MOCP_0066_1:r2,MOCP_0066:cip:0.78125uM:lpxC-hypo:90min:A,A,MOCP_0066_1:lpxC-hypo:90min,SRR27299639,SRX22977260,SAMN38977935,PRJNA1055047,1,PAIRED,90,3943005,355728172,138,Illumina NovaSeq 6000,RNA-Seq,cDNA,TRANSCRIPTOMIC,total RNA,Pseudomonas aeruginosa UCBPP-PA14,208963,lpxC-hypo,lpxC-hypo,cip,Ciprofloxacin,0.78125,uM,0.78125uM,90,min,90min,poscon,GyrA/ParC,DNA synthesis,DNA synthesis,Quinolone,water,antimicrobial_reference_set,MOCP_0066,MOCP_0066_1,r2,FALSE
GSM7985506,MOCP_0066:cip:0.19500uM:90min:lpxC-hypo:MOCP_0066_1:r3,MOCP_0066:cip:0.19500uM:lpxC-hypo:90min:A,A,MOCP_0066_1:lpxC-hypo:90min,SRR27300481,SRX22977843,SAMN38977955,PRJNA1055047,1,PAIRED,90,3209882,290088701,110,Illumina NovaSeq 6000,RNA-Seq,cDNA,TRANSCRIPTOMIC,total RNA,Pseudomonas aeruginosa UCBPP-PA14,208963,lpxC-hypo,lpxC-hypo,cip,Ciprofloxacin,0.195,uM,0.19500uM,90,min,90min,poscon,GyrA/ParC,DNA synthesis,DNA synthesis,Quinolone,water,antimicrobial_reference_set,MOCP_0066,MOCP_0066_1,r3,FALSE
GSM7985527,MOCP_0066:cip:0.78125uM:90min:lpxC-hypo:MOCP_0066_1:r3,MOCP_0066:cip:0.78125uM:lpxC-hypo:90min:A,A,MOCP_0066_1:lpxC-hypo:90min,SRR27299638,SRX22977261,SAMN38977934,PRJNA1055047,1,PAIRED,90,2734866,246559812,93,Illumina NovaSeq 6000,RNA-Seq,cDNA,TRANSCRIPTOMIC,total RNA,Pseudomonas aeruginosa UCBPP-PA14,208963,lpxC-hypo,lpxC-hypo,cip,Ciprofloxacin,0.78125,uM,0.78125uM,90,min,90min,poscon,GyrA/ParC,DNA synthesis,DNA synthesis,Quinolone,water,antimicrobial_reference_set,MOCP_0066,MOCP_0066_1,r3,FALSE
GSM7985557,MOCP_0066:dmso:0.50000%:90min:lpxC-hypo:MOCP_0066_1:r1,MOCP_0066:dmso:0.50000%:lpxC-hypo:90min:A,A,MOCP_0066_1:lpxC-hypo:90min,SRR27299617;SRR27299864,SRX22977275,SAMN38977904,PRJNA1055047,2,PAIRED,90,12355169,1117299014,424,Illumina NovaSeq 6000,RNA-Seq,cDNA,TRANSCRIPTOMIC,total RNA,Pseudomonas aeruginosa UCBPP-PA14,208963,lpxC-hypo,lpxC-hypo,dmso,dmso,0.5,%,0.50000%,90,min,90min,negcon,Negative control,Negative control,Negative control,Negative control,dmso,antimicrobial_reference_set,MOCP_0066,MOCP_0066_1,r1,FALSE
GSM7985558,MOCP_0066:dmso:0.50000%:90min:lpxC-hypo:MOCP_0066_1:r2,MOCP_0066:dmso:0.50000%:lpxC-hypo:90min:A,A,MOCP_0066_1:lpxC-hypo:90min,SRR27299615;SRR27299616,SRX22977276,SAMN38977903,PRJNA1055047,2,PAIRED,90,7459318,673777202,256,Illumina NovaSeq 6000,RNA-Seq,cDNA,TRANSCRIPTOMIC,total RNA,Pseudomonas aeruginosa UCBPP-PA14,208963,lpxC-hypo,lpxC-hypo,dmso,dmso,0.5,%,0.50000%,90,min,90min,negcon,Negative control,Negative control,Negative control,Negative control,dmso,antimicrobial_reference_set,MOCP_0066,MOCP_0066_1,r2,FALSE
GSM7985559,MOCP_0066:dmso:0.50000%:90min:lpxC-hypo:MOCP_0066_1:r3,MOCP_0066:dmso:0.50000%:lpxC-hypo:90min:A,A,MOCP_0066_1:lpxC-hypo:90min,SRR27299614;SRR27299826,SRX22977277,SAMN38977902,PRJNA1055047,2,PAIRED,90,10263453,927216961,351,Illumina NovaSeq 6000,RNA-Seq,cDNA,TRANSCRIPTOMIC,total RNA,Pseudomonas aeruginosa UCBPP-PA14,208963,lpxC-hypo,lpxC-hypo,dmso,dmso,0.5,%,0.50000%,90,min,90min,negcon,Negative control,Negative control,Negative control,Negative control,dmso,antimicrobial_reference_set,MOCP_0066,MOCP_0066_1,r3,FALSE
GSM7985578,MOCP_0066:doxy:100.00000uM:90min:lpxC-hypo:MOCP_0066_1:r1,MOCP_0066:doxy:100.00000uM:lpxC-hypo:90min:A,A,MOCP_0066_1:lpxC-hypo:90min,SRR27299608,SRX22977283,SAMN38977883,PRJNA1055047,1,PAIRED,90,7245303,654159016,250,Illumina NovaSeq 6000,RNA-Seq,cDNA,TRANSCRIPTOMIC,total RNA,Pseudomonas aeruginosa UCBPP-PA14,208963,lpxC-hypo,lpxC-hypo,doxy,Doxycycline,100,uM,100.00000uM,90,min,90min,poscon,30S ribosomal subunit,Protein synthesis,Protein synthesis,Tetracycline,water,antimicrobial_reference_set,MOCP_0066,MOCP_0066_1,r1,FALSE
GSM7985602,MOCP_0066:doxy:25.00000uM:90min:lpxC-hypo:MOCP_0066_1:r1,MOCP_0066:doxy:25.00000uM:lpxC-hypo:90min:A,A,MOCP_0066_1:lpxC-hypo:90min,SRR27300017,SRX22977570,SAMN38977859,PRJNA1055047,1,PAIRED,90,5257241,475621628,182,Illumina NovaSeq 6000,RNA-Seq,cDNA,TRANSCRIPTOMIC,total RNA,Pseudomonas aeruginosa UCBPP-PA14,208963,lpxC-hypo,lpxC-hypo,doxy,Doxycycline,25,uM,25.00000uM,90,min,90min,poscon,30S ribosomal subunit,Protein synthesis,Protein synthesis,Tetracycline,water,antimicrobial_reference_set,MOCP_0066,MOCP_0066_1,r1,FALSE
GSM7985579,MOCP_0066:doxy:100.00000uM:90min:lpxC-hypo:MOCP_0066_1:r2,MOCP_0066:doxy:100.00000uM:lpxC-hypo:90min:A,A,MOCP_0066_1:lpxC-hypo:90min,SRR27299607,SRX22977284,SAMN38977882,PRJNA1055047,1,PAIRED,90,7446847,672744726,255,Illumina NovaSeq 6000,RNA-Seq,cDNA,TRANSCRIPTOMIC,total RNA,Pseudomonas aeruginosa UCBPP-PA14,208963,lpxC-hypo,lpxC-hypo,doxy,Doxycycline,100,uM,100.00000uM,90,min,90min,poscon,30S ribosomal subunit,Protein synthesis,Protein synthesis,Tetracycline,water,antimicrobial_reference_set,MOCP_0066,MOCP_0066_1,r2,FALSE
GSM7985603,MOCP_0066:doxy:25.00000uM:90min:lpxC-hypo:MOCP_0066_1:r2,MOCP_0066:doxy:25.00000uM:lpxC-hypo:90min:A,A,MOCP_0066_1:lpxC-hypo:90min,SRR27300016,SRX22977571,SAMN38977858,PRJNA1055047,1,PAIRED,90,7437031,673324548,257,Illumina NovaSeq 6000,RNA-Seq,cDNA,TRANSCRIPTOMIC,total RNA,Pseudomonas aeruginosa UCBPP-PA14,208963,lpxC-hypo,lpxC-hypo,doxy,Doxycycline,25,uM,25.00000uM,90,min,90min,poscon,30S ribosomal subunit,Protein synthesis,Protein synthesis,Tetracycline,water,antimicrobial_reference_set,MOCP_0066,MOCP_0066_1,r2,FALSE
GSM7985580,MOCP_0066:doxy:100.00000uM:90min:lpxC-hypo:MOCP_0066_1:r3,MOCP_0066:doxy:100.00000uM:lpxC-hypo:90min:A,A,MOCP_0066_1:lpxC-hypo:90min,SRR27299606,SRX22977285,SAMN38977881,PRJNA1055047,1,PAIRED,90,10577417,955010509,363,Illumina NovaSeq 6000,RNA-Seq,cDNA,TRANSCRIPTOMIC,total RNA,Pseudomonas aeruginosa UCBPP-PA14,208963,lpxC-hypo,lpxC-hypo,doxy,Doxycycline,100,uM,100.00000uM,90,min,90min,poscon,30S ribosomal subunit,Protein synthesis,Protein synthesis,Tetracycline,water,antimicrobial_reference_set,MOCP_0066,MOCP_0066_1,r3,FALSE
GSM7985604,MOCP_0066:doxy:25.00000uM:90min:lpxC-hypo:MOCP_0066_1:r3,MOCP_0066:doxy:25.00000uM:lpxC-hypo:90min:A,A,MOCP_0066_1:lpxC-hypo:90min,SRR27300015,SRX22977572,SAMN38977857,PRJNA1055047,1,PAIRED,90,6912063,625441567,238,Illumina NovaSeq 6000,RNA-Seq,cDNA,TRANSCRIPTOMIC,total RNA,Pseudomonas aeruginosa UCBPP-PA14,208963,lpxC-hypo,lpxC-hypo,doxy,Doxycycline,25,uM,25.00000uM,90,min,90min,poscon,30S ribosomal subunit,Protein synthesis,Protein synthesis,Tetracycline,water,antimicrobial_reference_set,MOCP_0066,MOCP_0066_1,r3,FALSE
GSM7985661,MOCP_0066:pf3299:0.39100uM:90min:lpxC-hypo:MOCP_0066_1:r1,MOCP_0066:pf3299:0.39100uM:lpxC-hypo:90min:A,A,MOCP_0066_1:lpxC-hypo:90min,SRR27300428,SRX22977889,SAMN38977800,PRJNA1055047,1,PAIRED,90,4128972,373582357,141,Illumina NovaSeq 6000,RNA-Seq,cDNA,TRANSCRIPTOMIC,total RNA,Pseudomonas aeruginosa UCBPP-PA14,208963,lpxC-hypo,lpxC-hypo,pf3299,PF-04753299,0.391,uM,0.39100uM,90,min,90min,poscon,LpxC,Membrane Integrity,LPS biosynthesis,Hydroxamic acid,dmso,antimicrobial_reference_set,MOCP_0066,MOCP_0066_1,r1,FALSE
GSM7985670,MOCP_0066:pf3299:1.56250uM:90min:lpxC-hypo:MOCP_0066_1:r1,MOCP_0066:pf3299:1.56250uM:lpxC-hypo:90min:A,A,MOCP_0066_1:lpxC-hypo:90min,SRR27300013,SRX22977574,SAMN38977791,PRJNA1055047,1,PAIRED,90,2848996,257106915,97,Illumina NovaSeq 6000,RNA-Seq,cDNA,TRANSCRIPTOMIC,total RNA,Pseudomonas aeruginosa UCBPP-PA14,208963,lpxC-hypo,lpxC-hypo,pf3299,PF-04753299,1.5625,uM,1.56250uM,90,min,90min,poscon,LpxC,Membrane Integrity,LPS biosynthesis,Hydroxamic acid,dmso,antimicrobial_reference_set,MOCP_0066,MOCP_0066_1,r1,FALSE
GSM7985662,MOCP_0066:pf3299:0.39100uM:90min:lpxC-hypo:MOCP_0066_1:r2,MOCP_0066:pf3299:0.39100uM:lpxC-hypo:90min:A,A,MOCP_0066_1:lpxC-hypo:90min,SRR27300427,SRX22977890,SAMN38977799,PRJNA1055047,1,PAIRED,90,5901597,533623743,202,Illumina NovaSeq 6000,RNA-Seq,cDNA,TRANSCRIPTOMIC,total RNA,Pseudomonas aeruginosa UCBPP-PA14,208963,lpxC-hypo,lpxC-hypo,pf3299,PF-04753299,0.391,uM,0.39100uM,90,min,90min,poscon,LpxC,Membrane Integrity,LPS biosynthesis,Hydroxamic acid,dmso,antimicrobial_reference_set,MOCP_0066,MOCP_0066_1,r2,FALSE
GSM7985671,MOCP_0066:pf3299:1.56250uM:90min:lpxC-hypo:MOCP_0066_1:r2,MOCP_0066:pf3299:1.56250uM:lpxC-hypo:90min:A,A,MOCP_0066_1:lpxC-hypo:90min,SRR27300012,SRX22977575,SAMN38977790,PRJNA1055047,1,PAIRED,90,4124790,372053810,141,Illumina NovaSeq 6000,RNA-Seq,cDNA,TRANSCRIPTOMIC,total RNA,Pseudomonas aeruginosa UCBPP-PA14,208963,lpxC-hypo,lpxC-hypo,pf3299,PF-04753299,1.5625,uM,1.56250uM,90,min,90min,poscon,LpxC,Membrane Integrity,LPS biosynthesis,Hydroxamic acid,dmso,antimicrobial_reference_set,MOCP_0066,MOCP_0066_1,r2,FALSE
GSM7985663,MOCP_0066:pf3299:0.39100uM:90min:lpxC-hypo:MOCP_0066_1:r3,MOCP_0066:pf3299:0.39100uM:lpxC-hypo:90min:A,A,MOCP_0066_1:lpxC-hypo:90min,SRR27300426,SRX22977891,SAMN38977798,PRJNA1055047,1,PAIRED,90,5153031,465958169,178,Illumina NovaSeq 6000,RNA-Seq,cDNA,TRANSCRIPTOMIC,total RNA,Pseudomonas aeruginosa UCBPP-PA14,208963,lpxC-hypo,lpxC-hypo,pf3299,PF-04753299,0.391,uM,0.39100uM,90,min,90min,poscon,LpxC,Membrane Integrity,LPS biosynthesis,Hydroxamic acid,dmso,antimicrobial_reference_set,MOCP_0066,MOCP_0066_1,r3,FALSE
GSM7985672,MOCP_0066:pf3299:1.56250uM:90min:lpxC-hypo:MOCP_0066_1:r3,MOCP_0066:pf3299:1.56250uM:lpxC-hypo:90min:A,A,MOCP_0066_1:lpxC-hypo:90min,SRR27300011,SRX22977576,SAMN38977789,PRJNA1055047,1,PAIRED,90,3333798,300710871,114,Illumina NovaSeq 6000,RNA-Seq,cDNA,TRANSCRIPTOMIC,total RNA,Pseudomonas aeruginosa UCBPP-PA14,208963,lpxC-hypo,lpxC-hypo,pf3299,PF-04753299,1.5625,uM,1.56250uM,90,min,90min,poscon,LpxC,Membrane Integrity,LPS biosynthesis,Hydroxamic acid,dmso,antimicrobial_reference_set,MOCP_0066,MOCP_0066_1,r3,FALSE
GSM7985507,MOCP_0066:cip:0.19500uM:90min:murA-hypo:MOCP_0066_1:r1,MOCP_0066:cip:0.19500uM:murA-hypo:90min:A,A,MOCP_0066_1:murA-hypo:90min,SRR27300480,SRX22977844,SAMN38977954,PRJNA1055047,1,PAIRED,90,4098207,370672412,141,Illumina NovaSeq 6000,RNA-Seq,cDNA,TRANSCRIPTOMIC,total RNA,Pseudomonas aeruginosa UCBPP-PA14,208963,murA-hypo,murA-hypo,cip,Ciprofloxacin,0.195,uM,0.19500uM,90,min,90min,poscon,GyrA/ParC,DNA synthesis,DNA synthesis,Quinolone,water,antimicrobial_reference_set,MOCP_0066,MOCP_0066_1,r1,FALSE
GSM7985528,MOCP_0066:cip:0.78125uM:90min:murA-hypo:MOCP_0066_1:r1,MOCP_0066:cip:0.78125uM:murA-hypo:90min:A,A,MOCP_0066_1:murA-hypo:90min,SRR27300474,SRX22977849,SAMN38977933,PRJNA1055047,1,PAIRED,90,4078333,367925212,140,Illumina NovaSeq 6000,RNA-Seq,cDNA,TRANSCRIPTOMIC,total RNA,Pseudomonas aeruginosa UCBPP-PA14,208963,murA-hypo,murA-hypo,cip,Ciprofloxacin,0.78125,uM,0.78125uM,90,min,90min,poscon,GyrA/ParC,DNA synthesis,DNA synthesis,Quinolone,water,antimicrobial_reference_set,MOCP_0066,MOCP_0066_1,r1,FALSE
GSM7985508,MOCP_0066:cip:0.19500uM:90min:murA-hypo:MOCP_0066_1:r2,MOCP_0066:cip:0.19500uM:murA-hypo:90min:A,A,MOCP_0066_1:murA-hypo:90min,SRR27300479,SRX22977845,SAMN38977953,PRJNA1055047,1,PAIRED,90,2407055,217767963,82,Illumina NovaSeq 6000,RNA-Seq,cDNA,TRANSCRIPTOMIC,total RNA,Pseudomonas aeruginosa UCBPP-PA14,208963,murA-hypo,murA-hypo,cip,Ciprofloxacin,0.195,uM,0.19500uM,90,min,90min,poscon,GyrA/ParC,DNA synthesis,DNA synthesis,Quinolone,water,antimicrobial_reference_set,MOCP_0066,MOCP_0066_1,r2,FALSE
GSM7985529,MOCP_0066:cip:0.78125uM:90min:murA-hypo:MOCP_0066_1:r2,MOCP_0066:cip:0.78125uM:murA-hypo:90min:A,A,MOCP_0066_1:murA-hypo:90min,SRR27300473,SRX22977850,SAMN38977932,PRJNA1055047,1,PAIRED,90,3404202,307291789,116,Illumina NovaSeq 6000,RNA-Seq,cDNA,TRANSCRIPTOMIC,total RNA,Pseudomonas aeruginosa UCBPP-PA14,208963,murA-hypo,murA-hypo,cip,Ciprofloxacin,0.78125,uM,0.78125uM,90,min,90min,poscon,GyrA/ParC,DNA synthesis,DNA synthesis,Quinolone,water,antimicrobial_reference_set,MOCP_0066,MOCP_0066_1,r2,FALSE
GSM7985509,MOCP_0066:cip:0.19500uM:90min:murA-hypo:MOCP_0066_1:r3,MOCP_0066:cip:0.19500uM:murA-hypo:90min:A,A,MOCP_0066_1:murA-hypo:90min,SRR27300478,SRX22977846,SAMN38977952,PRJNA1055047,1,PAIRED,90,3783358,342114456,129,Illumina NovaSeq 6000,RNA-Seq,cDNA,TRANSCRIPTOMIC,total RNA,Pseudomonas aeruginosa UCBPP-PA14,208963,murA-hypo,murA-hypo,cip,Ciprofloxacin,0.195,uM,0.19500uM,90,min,90min,poscon,GyrA/ParC,DNA synthesis,DNA synthesis,Quinolone,water,antimicrobial_reference_set,MOCP_0066,MOCP_0066_1,r3,FALSE
GSM7985530,MOCP_0066:cip:0.78125uM:90min:murA-hypo:MOCP_0066_1:r3,MOCP_0066:cip:0.78125uM:murA-hypo:90min:A,A,MOCP_0066_1:murA-hypo:90min,SRR27300472,SRX22977851,SAMN38977931,PRJNA1055047,1,PAIRED,90,2650221,238995075,90,Illumina NovaSeq 6000,RNA-Seq,cDNA,TRANSCRIPTOMIC,total RNA,Pseudomonas aeruginosa UCBPP-PA14,208963,murA-hypo,murA-hypo,cip,Ciprofloxacin,0.78125,uM,0.78125uM,90,min,90min,poscon,GyrA/ParC,DNA synthesis,DNA synthesis,Quinolone,water,antimicrobial_reference_set,MOCP_0066,MOCP_0066_1,r3,FALSE
GSM7985581,MOCP_0066:doxy:100.00000uM:90min:murA-hypo:MOCP_0066_1:r1,MOCP_0066:doxy:100.00000uM:murA-hypo:90min:A,A,MOCP_0066_1:murA-hypo:90min,SRR27299605,SRX22977286,SAMN38977880,PRJNA1055047,1,PAIRED,90,7382620,666726076,255,Illumina NovaSeq 6000,RNA-Seq,cDNA,TRANSCRIPTOMIC,total RNA,Pseudomonas aeruginosa UCBPP-PA14,208963,murA-hypo,murA-hypo,doxy,Doxycycline,100,uM,100.00000uM,90,min,90min,poscon,30S ribosomal subunit,Protein synthesis,Protein synthesis,Tetracycline,water,antimicrobial_reference_set,MOCP_0066,MOCP_0066_1,r1,FALSE
GSM7985605,MOCP_0066:doxy:25.00000uM:90min:murA-hypo:MOCP_0066_1:r1,MOCP_0066:doxy:25.00000uM:murA-hypo:90min:A,A,MOCP_0066_1:murA-hypo:90min,SRR27300454,SRX22977865,SAMN38977856,PRJNA1055047,1,PAIRED,90,2358646,213343305,81,Illumina NovaSeq 6000,RNA-Seq,cDNA,TRANSCRIPTOMIC,total RNA,Pseudomonas aeruginosa UCBPP-PA14,208963,murA-hypo,murA-hypo,doxy,Doxycycline,25,uM,25.00000uM,90,min,90min,poscon,30S ribosomal subunit,Protein synthesis,Protein synthesis,Tetracycline,water,antimicrobial_reference_set,MOCP_0066,MOCP_0066_1,r1,FALSE
GSM7985582,MOCP_0066:doxy:100.00000uM:90min:murA-hypo:MOCP_0066_1:r2,MOCP_0066:doxy:100.00000uM:murA-hypo:90min:A,A,MOCP_0066_1:murA-hypo:90min,SRR27299604,SRX22977287,SAMN38977879,PRJNA1055047,1,PAIRED,90,5954323,537573004,206,Illumina NovaSeq 6000,RNA-Seq,cDNA,TRANSCRIPTOMIC,total RNA,Pseudomonas aeruginosa UCBPP-PA14,208963,murA-hypo,murA-hypo,doxy,Doxycycline,100,uM,100.00000uM,90,min,90min,poscon,30S ribosomal subunit,Protein synthesis,Protein synthesis,Tetracycline,water,antimicrobial_reference_set,MOCP_0066,MOCP_0066_1,r2,FALSE
GSM7985606,MOCP_0066:doxy:25.00000uM:90min:murA-hypo:MOCP_0066_1:r2,MOCP_0066:doxy:25.00000uM:murA-hypo:90min:A,A,MOCP_0066_1:murA-hypo:90min,SRR27300453,SRX22977866,SAMN38977855,PRJNA1055047,1,PAIRED,90,2486356,224887073,86,Illumina NovaSeq 6000,RNA-Seq,cDNA,TRANSCRIPTOMIC,total RNA,Pseudomonas aeruginosa UCBPP-PA14,208963,murA-hypo,murA-hypo,doxy,Doxycycline,25,uM,25.00000uM,90,min,90min,poscon,30S ribosomal subunit,Protein synthesis,Protein synthesis,Tetracycline,water,antimicrobial_reference_set,MOCP_0066,MOCP_0066_1,r2,FALSE
GSM7985583,MOCP_0066:doxy:100.00000uM:90min:murA-hypo:MOCP_0066_1:r3,MOCP_0066:doxy:100.00000uM:murA-hypo:90min:A,A,MOCP_0066_1:murA-hypo:90min,SRR27299603,SRX22977288,SAMN38977878,PRJNA1055047,1,PAIRED,90,10098993,911654962,346,Illumina NovaSeq 6000,RNA-Seq,cDNA,TRANSCRIPTOMIC,total RNA,Pseudomonas aeruginosa UCBPP-PA14,208963,murA-hypo,murA-hypo,doxy,Doxycycline,100,uM,100.00000uM,90,min,90min,poscon,30S ribosomal subunit,Protein synthesis,Protein synthesis,Tetracycline,water,antimicrobial_reference_set,MOCP_0066,MOCP_0066_1,r3,FALSE
GSM7985607,MOCP_0066:doxy:25.00000uM:90min:murA-hypo:MOCP_0066_1:r3,MOCP_0066:doxy:25.00000uM:murA-hypo:90min:A,A,MOCP_0066_1:murA-hypo:90min,SRR27300452,SRX22977867,SAMN38977854,PRJNA1055047,1,PAIRED,90,10087578,912908074,348,Illumina NovaSeq 6000,RNA-Seq,cDNA,TRANSCRIPTOMIC,total RNA,Pseudomonas aeruginosa UCBPP-PA14,208963,murA-hypo,murA-hypo,doxy,Doxycycline,25,uM,25.00000uM,90,min,90min,poscon,30S ribosomal subunit,Protein synthesis,Protein synthesis,Tetracycline,water,antimicrobial_reference_set,MOCP_0066,MOCP_0066_1,r3,FALSE
GSM7985611,MOCP_0066:fosfo:200.00000uM:90min:murA-hypo:MOCP_0066_1:r1,MOCP_0066:fosfo:200.00000uM:murA-hypo:90min:A,A,MOCP_0066_1:murA-hypo:90min,SRR27300446,SRX22977871,SAMN38977850,PRJNA1055047,1,PAIRED,90,3947491,357000088,135,Illumina NovaSeq 6000,RNA-Seq,cDNA,TRANSCRIPTOMIC,total RNA,Pseudomonas aeruginosa UCBPP-PA14,208963,murA-hypo,murA-hypo,fosfo,Fosfomycin,200,uM,200.00000uM,90,min,90min,poscon,MurA,Cell wall synthesis,Cell wall biogenesis,Phosphonic antibiotics,water,antimicrobial_reference_set,MOCP_0066,MOCP_0066_1,r1,FALSE
GSM7985617,MOCP_0066:fosfo:800.00000uM:90min:murA-hypo:MOCP_0066_1:r1,MOCP_0066:fosfo:800.00000uM:murA-hypo:90min:A,A,MOCP_0066_1:murA-hypo:90min,SRR27300440,SRX22977877,SAMN38977844,PRJNA1055047,1,PAIRED,90,4457195,402239108,153,Illumina NovaSeq 6000,RNA-Seq,cDNA,TRANSCRIPTOMIC,total RNA,Pseudomonas aeruginosa UCBPP-PA14,208963,murA-hypo,murA-hypo,fosfo,Fosfomycin,800,uM,800.00000uM,90,min,90min,poscon,MurA,Cell wall synthesis,Cell wall biogenesis,Phosphonic antibiotics,water,antimicrobial_reference_set,MOCP_0066,MOCP_0066_1,r1,FALSE
GSM7985612,MOCP_0066:fosfo:200.00000uM:90min:murA-hypo:MOCP_0066_1:r2,MOCP_0066:fosfo:200.00000uM:murA-hypo:90min:A,A,MOCP_0066_1:murA-hypo:90min,SRR27300445,SRX22977872,SAMN38977849,PRJNA1055047,1,PAIRED,90,3237263,292606046,111,Illumina NovaSeq 6000,RNA-Seq,cDNA,TRANSCRIPTOMIC,total RNA,Pseudomonas aeruginosa UCBPP-PA14,208963,murA-hypo,murA-hypo,fosfo,Fosfomycin,200,uM,200.00000uM,90,min,90min,poscon,MurA,Cell wall synthesis,Cell wall biogenesis,Phosphonic antibiotics,water,antimicrobial_reference_set,MOCP_0066,MOCP_0066_1,r2,FALSE
GSM7985618,MOCP_0066:fosfo:800.00000uM:90min:murA-hypo:MOCP_0066_1:r2,MOCP_0066:fosfo:800.00000uM:murA-hypo:90min:A,A,MOCP_0066_1:murA-hypo:90min,SRR27300439,SRX22977878,SAMN38977843,PRJNA1055047,1,PAIRED,90,4086213,368543518,140,Illumina NovaSeq 6000,RNA-Seq,cDNA,TRANSCRIPTOMIC,total RNA,Pseudomonas aeruginosa UCBPP-PA14,208963,murA-hypo,murA-hypo,fosfo,Fosfomycin,800,uM,800.00000uM,90,min,90min,poscon,MurA,Cell wall synthesis,Cell wall biogenesis,Phosphonic antibiotics,water,antimicrobial_reference_set,MOCP_0066,MOCP_0066_1,r2,FALSE
GSM7985613,MOCP_0066:fosfo:200.00000uM:90min:murA-hypo:MOCP_0066_1:r3,MOCP_0066:fosfo:200.00000uM:murA-hypo:90min:A,A,MOCP_0066_1:murA-hypo:90min,SRR27300444,SRX22977873,SAMN38977848,PRJNA1055047,1,PAIRED,90,3903048,353115469,132,Illumina NovaSeq 6000,RNA-Seq,cDNA,TRANSCRIPTOMIC,total RNA,Pseudomonas aeruginosa UCBPP-PA14,208963,murA-hypo,murA-hypo,fosfo,Fosfomycin,200,uM,200.00000uM,90,min,90min,poscon,MurA,Cell wall synthesis,Cell wall biogenesis,Phosphonic antibiotics,water,antimicrobial_reference_set,MOCP_0066,MOCP_0066_1,r3,FALSE
GSM7985619,MOCP_0066:fosfo:800.00000uM:90min:murA-hypo:MOCP_0066_1:r3,MOCP_0066:fosfo:800.00000uM:murA-hypo:90min:A,A,MOCP_0066_1:murA-hypo:90min,SRR27300438,SRX22977879,SAMN38977842,PRJNA1055047,1,PAIRED,90,4908323,443090376,167,Illumina NovaSeq 6000,RNA-Seq,cDNA,TRANSCRIPTOMIC,total RNA,Pseudomonas aeruginosa UCBPP-PA14,208963,murA-hypo,murA-hypo,fosfo,Fosfomycin,800,uM,800.00000uM,90,min,90min,poscon,MurA,Cell wall synthesis,Cell wall biogenesis,Phosphonic antibiotics,water,antimicrobial_reference_set,MOCP_0066,MOCP_0066_1,r3,FALSE
GSM7985709,MOCP_0066:water:0.50000%:90min:murA-hypo:MOCP_0066_1:r1,MOCP_0066:water:0.50000%:murA-hypo:90min:A,A,MOCP_0066_1:murA-hypo:90min,SRR27300409;SRR27300410,SRX22977905,SAMN38977752,PRJNA1055047,2,PAIRED,90,15972749,1443658834,549,Illumina NovaSeq 6000,RNA-Seq,cDNA,TRANSCRIPTOMIC,total RNA,Pseudomonas aeruginosa UCBPP-PA14,208963,murA-hypo,murA-hypo,water,water,0.5,%,0.50000%,90,min,90min,negcon,Negative control,Negative control,Negative control,Negative control,water,antimicrobial_reference_set,MOCP_0066,MOCP_0066_1,r1,FALSE
GSM7985710,MOCP_0066:water:0.50000%:90min:murA-hypo:MOCP_0066_1:r2,MOCP_0066:water:0.50000%:murA-hypo:90min:A,A,MOCP_0066_1:murA-hypo:90min,SRR27300091;SRR27300408,SRX22977906,SAMN38977751,PRJNA1055047,2,PAIRED,90,5480958,494833768,188,Illumina NovaSeq 6000,RNA-Seq,cDNA,TRANSCRIPTOMIC,total RNA,Pseudomonas aeruginosa UCBPP-PA14,208963,murA-hypo,murA-hypo,water,water,0.5,%,0.50000%,90,min,90min,negcon,Negative control,Negative control,Negative control,Negative control,water,antimicrobial_reference_set,MOCP_0066,MOCP_0066_1,r2,FALSE
GSM7985711,MOCP_0066:water:0.50000%:90min:murA-hypo:MOCP_0066_1:r3,MOCP_0066:water:0.50000%:murA-hypo:90min:A,A,MOCP_0066_1:murA-hypo:90min,SRR27300406;SRR27300407,SRX22977907,SAMN38977750,PRJNA1055047,2,PAIRED,90,5594162,504645972,192,Illumina NovaSeq 6000,RNA-Seq,cDNA,TRANSCRIPTOMIC,total RNA,Pseudomonas aeruginosa UCBPP-PA14,208963,murA-hypo,murA-hypo,water,water,0.5,%,0.50000%,90,min,90min,negcon,Negative control,Negative control,Negative control,Negative control,water,antimicrobial_reference_set,MOCP_0066,MOCP_0066_1,r3,FALSE
GSM7985715,MOCP_0110:a22:200.00000uM:90min:PA14:MOCP_0110_2:r1,MOCP_0110:a22:200.00000uM:PA14:90min:A,A,MOCP_0110_2:PA14:90min,SRR27299998,SRX22977589,SAMN38977746,PRJNA1055047,1,PAIRED,90,4915504,445504560,176,Illumina NovaSeq 6000,RNA-Seq,cDNA,TRANSCRIPTOMIC,total RNA,Pseudomonas aeruginosa UCBPP-PA14,208963,PA14,PA14,a22,A22,200,uM,200.00000uM,90,min,90min,poscon,MreB,Cell wall synthesis,Cell wall biogenesis,Dichlorobenzyl isothiourea,dmso,antimicrobial_reference_set,MOCP_0110,MOCP_0110_2,r1,FALSE
GSM7985717,MOCP_0110:a22:800.00000uM:90min:PA14:MOCP_0110_2:r1,MOCP_0110:a22:800.00000uM:PA14:90min:A,A,MOCP_0110_2:PA14:90min,SRR27299996,SRX22977591,SAMN38977744,PRJNA1055047,1,PAIRED,90,7766626,704263845,266,Illumina NovaSeq 6000,RNA-Seq,cDNA,TRANSCRIPTOMIC,total RNA,Pseudomonas aeruginosa UCBPP-PA14,208963,PA14,PA14,a22,A22,800,uM,800.00000uM,90,min,90min,poscon,MreB,Cell wall synthesis,Cell wall biogenesis,Dichlorobenzyl isothiourea,dmso,antimicrobial_reference_set,MOCP_0110,MOCP_0110_2,r1,FALSE
GSM7985716,MOCP_0110:a22:200.00000uM:90min:PA14:MOCP_0110_2:r2,MOCP_0110:a22:200.00000uM:PA14:90min:A,A,MOCP_0110_2:PA14:90min,SRR27299997,SRX22977590,SAMN38977745,PRJNA1055047,1,PAIRED,90,2693398,243844985,94,Illumina NovaSeq 6000,RNA-Seq,cDNA,TRANSCRIPTOMIC,total RNA,Pseudomonas aeruginosa UCBPP-PA14,208963,PA14,PA14,a22,A22,200,uM,200.00000uM,90,min,90min,poscon,MreB,Cell wall synthesis,Cell wall biogenesis,Dichlorobenzyl isothiourea,dmso,antimicrobial_reference_set,MOCP_0110,MOCP_0110_2,r2,FALSE
GSM7985718,MOCP_0110:a22:800.00000uM:90min:PA14:MOCP_0110_2:r2,MOCP_0110:a22:800.00000uM:PA14:90min:A,A,MOCP_0110_2:PA14:90min,SRR27299995,SRX22977592,SAMN38977743,PRJNA1055047,1,PAIRED,90,2166685,196368668,73,Illumina NovaSeq 6000,RNA-Seq,cDNA,TRANSCRIPTOMIC,total RNA,Pseudomonas aeruginosa UCBPP-PA14,208963,PA14,PA14,a22,A22,800,uM,800.00000uM,90,min,90min,poscon,MreB,Cell wall synthesis,Cell wall biogenesis,Dichlorobenzyl isothiourea,dmso,antimicrobial_reference_set,MOCP_0110,MOCP_0110_2,r2,FALSE
GSM7985719,MOCP_0110:a22:800.00000uM:90min:PA14:MOCP_0110_2:r3,MOCP_0110:a22:800.00000uM:PA14:90min:A,A,MOCP_0110_2:PA14:90min,SRR27299994,SRX22977593,SAMN38977742,PRJNA1055047,1,PAIRED,90,5345703,482555465,182,Illumina NovaSeq 6000,RNA-Seq,cDNA,TRANSCRIPTOMIC,total RNA,Pseudomonas aeruginosa UCBPP-PA14,208963,PA14,PA14,a22,A22,800,uM,800.00000uM,90,min,90min,poscon,MreB,Cell wall synthesis,Cell wall biogenesis,Dichlorobenzyl isothiourea,dmso,antimicrobial_reference_set,MOCP_0110,MOCP_0110_2,r3,FALSE
GSM7985720,MOCP_0110:ami:6.25000uM:90min:PA14:MOCP_0110_2:r1,MOCP_0110:ami:6.25000uM:PA14:90min:A,A,MOCP_0110_2:PA14:90min,SRR27299993,SRX22977594,SAMN38977741,PRJNA1055047,1,PAIRED,90,2286270,206719532,79,Illumina NovaSeq 6000,RNA-Seq,cDNA,TRANSCRIPTOMIC,total RNA,Pseudomonas aeruginosa UCBPP-PA14,208963,PA14,PA14,ami,Amikacin,6.25,uM,6.25000uM,90,min,90min,poscon,30S ribosomal subunit,Protein synthesis,Protein synthesis,Aminoglycoside,water,antimicrobial_reference_set,MOCP_0110,MOCP_0110_2,r1,FALSE
GSM8297995,MOCP_0110:ami:1.56000uM:90min:PA14:MOCP_0110_2:r1,MOCP_0110:ami:1.56000uM:PA14:90min:A,A,MOCP_0110_2:PA14:90min,SRR29244649;SRR29244650,SRX24763021,SAMN41607346,PRJNA1055047,2,SINGLE,41,4393394,198827812,88,Illumina NovaSeq 6000,RNA-Seq,cDNA,TRANSCRIPTOMIC,total RNA,Pseudomonas aeruginosa UCBPP-PA14,208963,PA14,PA14,ami,Amikacin,1.56,uM,1.56000uM,90,min,90min,poscon,30S ribosomal subunit,Protein synthesis,Protein synthesis,Aminoglycoside,water,weak_signal_removed_from_antimicrobial_reference_set,MOCP_0110,MOCP_0110_2,r1,TRUE
GSM7985721,MOCP_0110:ami:6.25000uM:90min:PA14:MOCP_0110_2:r2,MOCP_0110:ami:6.25000uM:PA14:90min:A,A,MOCP_0110_2:PA14:90min,SRR27299992,SRX22977595,SAMN38977740,PRJNA1055047,1,PAIRED,90,2071572,187847112,71,Illumina NovaSeq 6000,RNA-Seq,cDNA,TRANSCRIPTOMIC,total RNA,Pseudomonas aeruginosa UCBPP-PA14,208963,PA14,PA14,ami,Amikacin,6.25,uM,6.25000uM,90,min,90min,poscon,30S ribosomal subunit,Protein synthesis,Protein synthesis,Aminoglycoside,water,antimicrobial_reference_set,MOCP_0110,MOCP_0110_2,r2,FALSE
GSM8297996,MOCP_0110:ami:1.56000uM:90min:PA14:MOCP_0110_2:r2,MOCP_0110:ami:1.56000uM:PA14:90min:A,A,MOCP_0110_2:PA14:90min,SRR29244647;SRR29244648,SRX24763022,SAMN41607345,PRJNA1055047,2,SINGLE,41,5390366,243854131,108,Illumina NovaSeq 6000,RNA-Seq,cDNA,TRANSCRIPTOMIC,total RNA,Pseudomonas aeruginosa UCBPP-PA14,208963,PA14,PA14,ami,Amikacin,1.56,uM,1.56000uM,90,min,90min,poscon,30S ribosomal subunit,Protein synthesis,Protein synthesis,Aminoglycoside,water,weak_signal_removed_from_antimicrobial_reference_set,MOCP_0110,MOCP_0110_2,r2,TRUE
GSM7985722,MOCP_0110:ami:6.25000uM:90min:PA14:MOCP_0110_2:r3,MOCP_0110:ami:6.25000uM:PA14:90min:A,A,MOCP_0110_2:PA14:90min,SRR27299991,SRX22977596,SAMN38977739,PRJNA1055047,1,PAIRED,90,2608510,236478674,90,Illumina NovaSeq 6000,RNA-Seq,cDNA,TRANSCRIPTOMIC,total RNA,Pseudomonas aeruginosa UCBPP-PA14,208963,PA14,PA14,ami,Amikacin,6.25,uM,6.25000uM,90,min,90min,poscon,30S ribosomal subunit,Protein synthesis,Protein synthesis,Aminoglycoside,water,antimicrobial_reference_set,MOCP_0110,MOCP_0110_2,r3,FALSE
GSM8297997,MOCP_0110:ami:1.56000uM:90min:PA14:MOCP_0110_2:r3,MOCP_0110:ami:1.56000uM:PA14:90min:A,A,MOCP_0110_2:PA14:90min,SRR29244645;SRR29244646,SRX24763023,SAMN41607344,PRJNA1055047,2,SINGLE,41,5930264,268478544,118,Illumina NovaSeq 6000,RNA-Seq,cDNA,TRANSCRIPTOMIC,total RNA,Pseudomonas aeruginosa UCBPP-PA14,208963,PA14,PA14,ami,Amikacin,1.56,uM,1.56000uM,90,min,90min,poscon,30S ribosomal subunit,Protein synthesis,Protein synthesis,Aminoglycoside,water,weak_signal_removed_from_antimicrobial_reference_set,MOCP_0110,MOCP_0110_2,r3,TRUE
GSM7985771,MOCP_0110:brd5750:250.00000uM:90min:PA14:MOCP_0110_2:r1,MOCP_0110:brd5750:250.00000uM:PA14:90min:A,A,MOCP_0110_2:PA14:90min,SRR27299569,SRX22977318,SAMN38977690,PRJNA1055047,1,PAIRED,90,2658248,241071830,92,Illumina NovaSeq 6000,RNA-Seq,cDNA,TRANSCRIPTOMIC,total RNA,Pseudomonas aeruginosa UCBPP-PA14,208963,PA14,PA14,brd5750,BRD-5750,250,uM,250.00000uM,90,min,90min,test,,,,,,internal_test_compounds,MOCP_0110,MOCP_0110_2,r1,FALSE
GSM7985774,MOCP_0110:brd5750:62.50000uM:90min:PA14:MOCP_0110_2:r1,MOCP_0110:brd5750:62.50000uM:PA14:90min:A,A,MOCP_0110_2:PA14:90min,SRR27299566,SRX22977321,SAMN38977687,PRJNA1055047,1,PAIRED,90,1520935,137889294,55,Illumina NovaSeq 6000,RNA-Seq,cDNA,TRANSCRIPTOMIC,total RNA,Pseudomonas aeruginosa UCBPP-PA14,208963,PA14,PA14,brd5750,BRD-5750,62.5,uM,62.50000uM,90,min,90min,test,,,,,,internal_test_compounds,MOCP_0110,MOCP_0110_2,r1,FALSE
GSM7985772,MOCP_0110:brd5750:250.00000uM:90min:PA14:MOCP_0110_2:r2,MOCP_0110:brd5750:250.00000uM:PA14:90min:A,A,MOCP_0110_2:PA14:90min,SRR27299568,SRX22977319,SAMN38977689,PRJNA1055047,1,PAIRED,90,1328016,120283259,46,Illumina NovaSeq 6000,RNA-Seq,cDNA,TRANSCRIPTOMIC,total RNA,Pseudomonas aeruginosa UCBPP-PA14,208963,PA14,PA14,brd5750,BRD-5750,250,uM,250.00000uM,90,min,90min,test,,,,,,internal_test_compounds,MOCP_0110,MOCP_0110_2,r2,FALSE
GSM7985775,MOCP_0110:brd5750:62.50000uM:90min:PA14:MOCP_0110_2:r2,MOCP_0110:brd5750:62.50000uM:PA14:90min:A,A,MOCP_0110_2:PA14:90min,SRR27299565,SRX22977322,SAMN38977686,PRJNA1055047,1,PAIRED,90,1646463,148960638,57,Illumina NovaSeq 6000,RNA-Seq,cDNA,TRANSCRIPTOMIC,total RNA,Pseudomonas aeruginosa UCBPP-PA14,208963,PA14,PA14,brd5750,BRD-5750,62.5,uM,62.50000uM,90,min,90min,test,,,,,,internal_test_compounds,MOCP_0110,MOCP_0110_2,r2,FALSE
GSM7985773,MOCP_0110:brd5750:250.00000uM:90min:PA14:MOCP_0110_2:r3,MOCP_0110:brd5750:250.00000uM:PA14:90min:A,A,MOCP_0110_2:PA14:90min,SRR27299567,SRX22977320,SAMN38977688,PRJNA1055047,1,PAIRED,90,2609031,235614293,91,Illumina NovaSeq 6000,RNA-Seq,cDNA,TRANSCRIPTOMIC,total RNA,Pseudomonas aeruginosa UCBPP-PA14,208963,PA14,PA14,brd5750,BRD-5750,250,uM,250.00000uM,90,min,90min,test,,,,,,internal_test_compounds,MOCP_0110,MOCP_0110_2,r3,FALSE
GSM7985776,MOCP_0110:brd5750:62.50000uM:90min:PA14:MOCP_0110_2:r3,MOCP_0110:brd5750:62.50000uM:PA14:90min:A,A,MOCP_0110_2:PA14:90min,SRR27299564,SRX22977323,SAMN38977685,PRJNA1055047,1,PAIRED,90,3156560,285787256,112,Illumina NovaSeq 6000,RNA-Seq,cDNA,TRANSCRIPTOMIC,total RNA,Pseudomonas aeruginosa UCBPP-PA14,208963,PA14,PA14,brd5750,BRD-5750,62.5,uM,62.50000uM,90,min,90min,test,,,,,,internal_test_compounds,MOCP_0110,MOCP_0110_2,r3,FALSE
GSM7985777,MOCP_0110:cip:0.19500uM:90min:PA14:MOCP_0110_2:r1,MOCP_0110:cip:0.19500uM:PA14:90min:A,A,MOCP_0110_2:PA14:90min,SRR27299563,SRX22977324,SAMN38977684,PRJNA1055047,1,PAIRED,90,1919223,173722613,69,Illumina NovaSeq 6000,RNA-Seq,cDNA,TRANSCRIPTOMIC,total RNA,Pseudomonas aeruginosa UCBPP-PA14,208963,PA14,PA14,cip,Ciprofloxacin,0.195,uM,0.19500uM,90,min,90min,poscon,GyrA/ParC,DNA synthesis,DNA synthesis,Quinolone,water,antimicrobial_reference_set,MOCP_0110,MOCP_0110_2,r1,FALSE
GSM7985780,MOCP_0110:cip:0.78000uM:90min:PA14:MOCP_0110_2:r1,MOCP_0110:cip:0.78000uM:PA14:90min:A,A,MOCP_0110_2:PA14:90min,SRR27300249,SRX22977706,SAMN38977681,PRJNA1055047,1,PAIRED,90,1606751,145255276,56,Illumina NovaSeq 6000,RNA-Seq,cDNA,TRANSCRIPTOMIC,total RNA,Pseudomonas aeruginosa UCBPP-PA14,208963,PA14,PA14,cip,Ciprofloxacin,0.78,uM,0.78000uM,90,min,90min,poscon,GyrA/ParC,DNA synthesis,DNA synthesis,Quinolone,water,antimicrobial_reference_set,MOCP_0110,MOCP_0110_2,r1,FALSE
GSM7985778,MOCP_0110:cip:0.19500uM:90min:PA14:MOCP_0110_2:r2,MOCP_0110:cip:0.19500uM:PA14:90min:A,A,MOCP_0110_2:PA14:90min,SRR27299562,SRX22977325,SAMN38977683,PRJNA1055047,1,PAIRED,90,1892000,170854104,66,Illumina NovaSeq 6000,RNA-Seq,cDNA,TRANSCRIPTOMIC,total RNA,Pseudomonas aeruginosa UCBPP-PA14,208963,PA14,PA14,cip,Ciprofloxacin,0.195,uM,0.19500uM,90,min,90min,poscon,GyrA/ParC,DNA synthesis,DNA synthesis,Quinolone,water,antimicrobial_reference_set,MOCP_0110,MOCP_0110_2,r2,FALSE
GSM7985781,MOCP_0110:cip:0.78000uM:90min:PA14:MOCP_0110_2:r2,MOCP_0110:cip:0.78000uM:PA14:90min:A,A,MOCP_0110_2:PA14:90min,SRR27300248,SRX22977707,SAMN38977680,PRJNA1055047,1,PAIRED,90,956813,86461025,33,Illumina NovaSeq 6000,RNA-Seq,cDNA,TRANSCRIPTOMIC,total RNA,Pseudomonas aeruginosa UCBPP-PA14,208963,PA14,PA14,cip,Ciprofloxacin,0.78,uM,0.78000uM,90,min,90min,poscon,GyrA/ParC,DNA synthesis,DNA synthesis,Quinolone,water,antimicrobial_reference_set,MOCP_0110,MOCP_0110_2,r2,FALSE
GSM7985779,MOCP_0110:cip:0.19500uM:90min:PA14:MOCP_0110_2:r3,MOCP_0110:cip:0.19500uM:PA14:90min:A,A,MOCP_0110_2:PA14:90min,SRR27300250,SRX22977705,SAMN38977682,PRJNA1055047,1,PAIRED,90,970291,87947318,34,Illumina NovaSeq 6000,RNA-Seq,cDNA,TRANSCRIPTOMIC,total RNA,Pseudomonas aeruginosa UCBPP-PA14,208963,PA14,PA14,cip,Ciprofloxacin,0.195,uM,0.19500uM,90,min,90min,poscon,GyrA/ParC,DNA synthesis,DNA synthesis,Quinolone,water,antimicrobial_reference_set,MOCP_0110,MOCP_0110_2,r3,FALSE
GSM7985782,MOCP_0110:cip:0.78000uM:90min:PA14:MOCP_0110_2:r3,MOCP_0110:cip:0.78000uM:PA14:90min:A,A,MOCP_0110_2:PA14:90min,SRR27300247,SRX22977708,SAMN38977679,PRJNA1055047,1,PAIRED,90,3775987,342465029,130,Illumina NovaSeq 6000,RNA-Seq,cDNA,TRANSCRIPTOMIC,total RNA,Pseudomonas aeruginosa UCBPP-PA14,208963,PA14,PA14,cip,Ciprofloxacin,0.78,uM,0.78000uM,90,min,90min,poscon,GyrA/ParC,DNA synthesis,DNA synthesis,Quinolone,water,antimicrobial_reference_set,MOCP_0110,MOCP_0110_2,r3,FALSE
GSM7985783,MOCP_0110:dmso:0.50000uM:90min:PA14:MOCP_0110_2:r1,MOCP_0110:dmso:0.50000uM:PA14:90min:A,A,MOCP_0110_2:PA14:90min,SRR27300245;SRR27300246,SRX22977709,SAMN38977678,PRJNA1055047,2,PAIRED,90,3802696,343836848,134,Illumina NovaSeq 6000,RNA-Seq,cDNA,TRANSCRIPTOMIC,total RNA,Pseudomonas aeruginosa UCBPP-PA14,208963,PA14,PA14,dmso,dmso,0.5,uM,0.50000uM,90,min,90min,negcon,Negative control,Negative control,Negative control,Negative control,dmso,antimicrobial_reference_set,MOCP_0110,MOCP_0110_2,r1,FALSE
GSM7985784,MOCP_0110:dmso:0.50000uM:90min:PA14:MOCP_0110_2:r2,MOCP_0110:dmso:0.50000uM:PA14:90min:A,A,MOCP_0110_2:PA14:90min,SRR27300244;SRR27300404,SRX22977710,SAMN38977677,PRJNA1055047,2,PAIRED,90,2740577,248275094,95,Illumina NovaSeq 6000,RNA-Seq,cDNA,TRANSCRIPTOMIC,total RNA,Pseudomonas aeruginosa UCBPP-PA14,208963,PA14,PA14,dmso,dmso,0.5,uM,0.50000uM,90,min,90min,negcon,Negative control,Negative control,Negative control,Negative control,dmso,antimicrobial_reference_set,MOCP_0110,MOCP_0110_2,r2,FALSE
GSM7985785,MOCP_0110:dmso:0.50000uM:90min:PA14:MOCP_0110_2:r3,MOCP_0110:dmso:0.50000uM:PA14:90min:A,A,MOCP_0110_2:PA14:90min,SRR27300242;SRR27300243,SRX22977711,SAMN38977676,PRJNA1055047,2,PAIRED,90,10598813,960298034,375,Illumina NovaSeq 6000,RNA-Seq,cDNA,TRANSCRIPTOMIC,total RNA,Pseudomonas aeruginosa UCBPP-PA14,208963,PA14,PA14,dmso,dmso,0.5,uM,0.50000uM,90,min,90min,negcon,Negative control,Negative control,Negative control,Negative control,dmso,antimicrobial_reference_set,MOCP_0110,MOCP_0110_2,r3,FALSE
GSM7985786,MOCP_0110:doxy:100.00000uM:90min:PA14:MOCP_0110_2:r1,MOCP_0110:doxy:100.00000uM:PA14:90min:A,A,MOCP_0110_2:PA14:90min,SRR27300241,SRX22977712,SAMN38977675,PRJNA1055047,1,PAIRED,90,13108973,1185595950,455,Illumina NovaSeq 6000,RNA-Seq,cDNA,TRANSCRIPTOMIC,total RNA,Pseudomonas aeruginosa UCBPP-PA14,208963,PA14,PA14,doxy,Doxycycline,100,uM,100.00000uM,90,min,90min,poscon,30S ribosomal subunit,Protein synthesis,Protein synthesis,Tetracycline,water,antimicrobial_reference_set,MOCP_0110,MOCP_0110_2,r1,FALSE
GSM7985789,MOCP_0110:doxy:25.00000uM:90min:PA14:MOCP_0110_2:r1,MOCP_0110:doxy:25.00000uM:PA14:90min:A,A,MOCP_0110_2:PA14:90min,SRR27300238,SRX22977715,SAMN38977672,PRJNA1055047,1,PAIRED,90,11576912,1048784143,413,Illumina NovaSeq 6000,RNA-Seq,cDNA,TRANSCRIPTOMIC,total RNA,Pseudomonas aeruginosa UCBPP-PA14,208963,PA14,PA14,doxy,Doxycycline,25,uM,25.00000uM,90,min,90min,poscon,30S ribosomal subunit,Protein synthesis,Protein synthesis,Tetracycline,water,antimicrobial_reference_set,MOCP_0110,MOCP_0110_2,r1,FALSE
GSM7985787,MOCP_0110:doxy:100.00000uM:90min:PA14:MOCP_0110_2:r2,MOCP_0110:doxy:100.00000uM:PA14:90min:A,A,MOCP_0110_2:PA14:90min,SRR27300240,SRX22977713,SAMN38977674,PRJNA1055047,1,PAIRED,90,3624534,327671059,125,Illumina NovaSeq 6000,RNA-Seq,cDNA,TRANSCRIPTOMIC,total RNA,Pseudomonas aeruginosa UCBPP-PA14,208963,PA14,PA14,doxy,Doxycycline,100,uM,100.00000uM,90,min,90min,poscon,30S ribosomal subunit,Protein synthesis,Protein synthesis,Tetracycline,water,antimicrobial_reference_set,MOCP_0110,MOCP_0110_2,r2,FALSE
GSM7985790,MOCP_0110:doxy:25.00000uM:90min:PA14:MOCP_0110_2:r2,MOCP_0110:doxy:25.00000uM:PA14:90min:A,A,MOCP_0110_2:PA14:90min,SRR27300237,SRX22977716,SAMN38977671,PRJNA1055047,1,PAIRED,90,6194505,560821077,222,Illumina NovaSeq 6000,RNA-Seq,cDNA,TRANSCRIPTOMIC,total RNA,Pseudomonas aeruginosa UCBPP-PA14,208963,PA14,PA14,doxy,Doxycycline,25,uM,25.00000uM,90,min,90min,poscon,30S ribosomal subunit,Protein synthesis,Protein synthesis,Tetracycline,water,antimicrobial_reference_set,MOCP_0110,MOCP_0110_2,r2,FALSE
GSM7985788,MOCP_0110:doxy:100.00000uM:90min:PA14:MOCP_0110_2:r3,MOCP_0110:doxy:100.00000uM:PA14:90min:A,A,MOCP_0110_2:PA14:90min,SRR27300239,SRX22977714,SAMN38977673,PRJNA1055047,1,PAIRED,90,10471631,949531711,362,Illumina NovaSeq 6000,RNA-Seq,cDNA,TRANSCRIPTOMIC,total RNA,Pseudomonas aeruginosa UCBPP-PA14,208963,PA14,PA14,doxy,Doxycycline,100,uM,100.00000uM,90,min,90min,poscon,30S ribosomal subunit,Protein synthesis,Protein synthesis,Tetracycline,water,antimicrobial_reference_set,MOCP_0110,MOCP_0110_2,r3,FALSE
GSM7985791,MOCP_0110:doxy:25.00000uM:90min:PA14:MOCP_0110_2:r3,MOCP_0110:doxy:25.00000uM:PA14:90min:A,A,MOCP_0110_2:PA14:90min,SRR27300236,SRX22977717,SAMN38977670,PRJNA1055047,1,PAIRED,90,1832587,166029077,65,Illumina NovaSeq 6000,RNA-Seq,cDNA,TRANSCRIPTOMIC,total RNA,Pseudomonas aeruginosa UCBPP-PA14,208963,PA14,PA14,doxy,Doxycycline,25,uM,25.00000uM,90,min,90min,poscon,30S ribosomal subunit,Protein synthesis,Protein synthesis,Tetracycline,water,antimicrobial_reference_set,MOCP_0110,MOCP_0110_2,r3,FALSE
GSM8297998,MOCP_0110:fosmido:250.00000uM:90min:PA14:MOCP_0110_2:r1,MOCP_0110:fosmido:250.00000uM:PA14:90min:A,A,MOCP_0110_2:PA14:90min,SRR29244643;SRR29244644,SRX24763024,SAMN41607343,PRJNA1055047,2,SINGLE,41,3759844,170132065,76,Illumina NovaSeq 6000,RNA-Seq,cDNA,TRANSCRIPTOMIC,total RNA,Pseudomonas aeruginosa UCBPP-PA14,208963,PA14,PA14,fosmido,Fosmidomycin,250,uM,250.00000uM,90,min,90min,poscon,Dxr,Membrane Integrity,Isoprenoid biosynthesis,Organic phosphonic acid,water,weak_signal_removed_from_antimicrobial_reference_set,MOCP_0110,MOCP_0110_2,r1,TRUE
GSM8298001,MOCP_0110:fosmido:500.00000uM:90min:PA14:MOCP_0110_2:r1,MOCP_0110:fosmido:500.00000uM:PA14:90min:A,A,MOCP_0110_2:PA14:90min,SRR29244637;SRR29244638,SRX24763027,SAMN41607340,PRJNA1055047,2,SINGLE,41,2291046,103601516,45,Illumina NovaSeq 6000,RNA-Seq,cDNA,TRANSCRIPTOMIC,total RNA,Pseudomonas aeruginosa UCBPP-PA14,208963,PA14,PA14,fosmido,Fosmidomycin,500,uM,500.00000uM,90,min,90min,poscon,Dxr,Membrane Integrity,Isoprenoid biosynthesis,Organic phosphonic acid,water,weak_signal_removed_from_antimicrobial_reference_set,MOCP_0110,MOCP_0110_2,r1,TRUE
GSM8297999,MOCP_0110:fosmido:250.00000uM:90min:PA14:MOCP_0110_2:r2,MOCP_0110:fosmido:250.00000uM:PA14:90min:A,A,MOCP_0110_2:PA14:90min,SRR29244641;SRR29244642,SRX24763025,SAMN41607342,PRJNA1055047,2,SINGLE,41,3600278,162533648,71,Illumina NovaSeq 6000,RNA-Seq,cDNA,TRANSCRIPTOMIC,total RNA,Pseudomonas aeruginosa UCBPP-PA14,208963,PA14,PA14,fosmido,Fosmidomycin,250,uM,250.00000uM,90,min,90min,poscon,Dxr,Membrane Integrity,Isoprenoid biosynthesis,Organic phosphonic acid,water,weak_signal_removed_from_antimicrobial_reference_set,MOCP_0110,MOCP_0110_2,r2,TRUE
GSM8298002,MOCP_0110:fosmido:500.00000uM:90min:PA14:MOCP_0110_2:r2,MOCP_0110:fosmido:500.00000uM:PA14:90min:A,A,MOCP_0110_2:PA14:90min,SRR29244635;SRR29244636,SRX24763028,SAMN41607339,PRJNA1055047,2,SINGLE,41,1837014,83045248,36,Illumina NovaSeq 6000,RNA-Seq,cDNA,TRANSCRIPTOMIC,total RNA,Pseudomonas aeruginosa UCBPP-PA14,208963,PA14,PA14,fosmido,Fosmidomycin,500,uM,500.00000uM,90,min,90min,poscon,Dxr,Membrane Integrity,Isoprenoid biosynthesis,Organic phosphonic acid,water,weak_signal_removed_from_antimicrobial_reference_set,MOCP_0110,MOCP_0110_2,r2,TRUE
GSM8298000,MOCP_0110:fosmido:250.00000uM:90min:PA14:MOCP_0110_2:r3,MOCP_0110:fosmido:250.00000uM:PA14:90min:A,A,MOCP_0110_2:PA14:90min,SRR29244639;SRR29244640,SRX24763026,SAMN41607341,PRJNA1055047,2,SINGLE,41,4665868,211415269,95,Illumina NovaSeq 6000,RNA-Seq,cDNA,TRANSCRIPTOMIC,total RNA,Pseudomonas aeruginosa UCBPP-PA14,208963,PA14,PA14,fosmido,Fosmidomycin,250,uM,250.00000uM,90,min,90min,poscon,Dxr,Membrane Integrity,Isoprenoid biosynthesis,Organic phosphonic acid,water,weak_signal_removed_from_antimicrobial_reference_set,MOCP_0110,MOCP_0110_2,r3,TRUE
GSM8298003,MOCP_0110:fosmido:500.00000uM:90min:PA14:MOCP_0110_2:r3,MOCP_0110:fosmido:500.00000uM:PA14:90min:A,A,MOCP_0110_2:PA14:90min,SRR29244633;SRR29244634,SRX24763029,SAMN41607338,PRJNA1055047,2,SINGLE,41,6931060,314307657,138,Illumina NovaSeq 6000,RNA-Seq,cDNA,TRANSCRIPTOMIC,total RNA,Pseudomonas aeruginosa UCBPP-PA14,208963,PA14,PA14,fosmido,Fosmidomycin,500,uM,500.00000uM,90,min,90min,poscon,Dxr,Membrane Integrity,Isoprenoid biosynthesis,Organic phosphonic acid,water,weak_signal_removed_from_antimicrobial_reference_set,MOCP_0110,MOCP_0110_2,r3,TRUE
GSM7985804,MOCP_0110:pol7080:0.08000uM:90min:PA14:MOCP_0110_2:r1,MOCP_0110:pol7080:0.08000uM:PA14:90min:A,A,MOCP_0110_2:PA14:90min,SRR27300370,SRX22977936,SAMN38977657,PRJNA1055047,1,PAIRED,90,1429010,129356776,50,Illumina NovaSeq 6000,RNA-Seq,cDNA,TRANSCRIPTOMIC,total RNA,Pseudomonas aeruginosa UCBPP-PA14,208963,PA14,PA14,pol7080,POL-7080,0.08,uM,0.08000uM,90,min,90min,poscon,LptD,Membrane Integrity,LPS transport,AMP,dmso,antimicrobial_reference_set,MOCP_0110,MOCP_0110_2,r1,FALSE
GSM7985807,MOCP_0110:pol7080:0.32000uM:90min:PA14:MOCP_0110_2:r1,MOCP_0110:pol7080:0.32000uM:PA14:90min:A,A,MOCP_0110_2:PA14:90min,SRR27300367,SRX22977939,SAMN38977654,PRJNA1055047,1,PAIRED,90,2329642,211173812,80,Illumina NovaSeq 6000,RNA-Seq,cDNA,TRANSCRIPTOMIC,total RNA,Pseudomonas aeruginosa UCBPP-PA14,208963,PA14,PA14,pol7080,POL-7080,0.32,uM,0.32000uM,90,min,90min,poscon,LptD,Membrane Integrity,LPS transport,AMP,dmso,antimicrobial_reference_set,MOCP_0110,MOCP_0110_2,r1,FALSE
GSM7985805,MOCP_0110:pol7080:0.08000uM:90min:PA14:MOCP_0110_2:r2,MOCP_0110:pol7080:0.08000uM:PA14:90min:A,A,MOCP_0110_2:PA14:90min,SRR27300369,SRX22977937,SAMN38977656,PRJNA1055047,1,PAIRED,90,3198150,289543802,112,Illumina NovaSeq 6000,RNA-Seq,cDNA,TRANSCRIPTOMIC,total RNA,Pseudomonas aeruginosa UCBPP-PA14,208963,PA14,PA14,pol7080,POL-7080,0.08,uM,0.08000uM,90,min,90min,poscon,LptD,Membrane Integrity,LPS transport,AMP,dmso,antimicrobial_reference_set,MOCP_0110,MOCP_0110_2,r2,FALSE
GSM7985808,MOCP_0110:pol7080:0.32000uM:90min:PA14:MOCP_0110_2:r2,MOCP_0110:pol7080:0.32000uM:PA14:90min:A,A,MOCP_0110_2:PA14:90min,SRR27300366,SRX22977940,SAMN38977653,PRJNA1055047,1,PAIRED,90,2290058,207558133,79,Illumina NovaSeq 6000,RNA-Seq,cDNA,TRANSCRIPTOMIC,total RNA,Pseudomonas aeruginosa UCBPP-PA14,208963,PA14,PA14,pol7080,POL-7080,0.32,uM,0.32000uM,90,min,90min,poscon,LptD,Membrane Integrity,LPS transport,AMP,dmso,antimicrobial_reference_set,MOCP_0110,MOCP_0110_2,r2,FALSE
GSM7985806,MOCP_0110:pol7080:0.08000uM:90min:PA14:MOCP_0110_2:r3,MOCP_0110:pol7080:0.08000uM:PA14:90min:A,A,MOCP_0110_2:PA14:90min,SRR27300368,SRX22977938,SAMN38977655,PRJNA1055047,1,PAIRED,90,6814097,617339914,242,Illumina NovaSeq 6000,RNA-Seq,cDNA,TRANSCRIPTOMIC,total RNA,Pseudomonas aeruginosa UCBPP-PA14,208963,PA14,PA14,pol7080,POL-7080,0.08,uM,0.08000uM,90,min,90min,poscon,LptD,Membrane Integrity,LPS transport,AMP,dmso,antimicrobial_reference_set,MOCP_0110,MOCP_0110_2,r3,FALSE
GSM7985809,MOCP_0110:pol7080:0.32000uM:90min:PA14:MOCP_0110_2:r3,MOCP_0110:pol7080:0.32000uM:PA14:90min:A,A,MOCP_0110_2:PA14:90min,SRR27300365,SRX22977941,SAMN38977652,PRJNA1055047,1,PAIRED,90,4170690,376863911,146,Illumina NovaSeq 6000,RNA-Seq,cDNA,TRANSCRIPTOMIC,total RNA,Pseudomonas aeruginosa UCBPP-PA14,208963,PA14,PA14,pol7080,POL-7080,0.32,uM,0.32000uM,90,min,90min,poscon,LptD,Membrane Integrity,LPS transport,AMP,dmso,antimicrobial_reference_set,MOCP_0110,MOCP_0110_2,r3,FALSE
GSM7985810,MOCP_0110:water:0.50000uM:90min:PA14:MOCP_0110_2:r1,MOCP_0110:water:0.50000uM:PA14:90min:A,A,MOCP_0110_2:PA14:90min,SRR27300363;SRR27300364,SRX22977942,SAMN38977651,PRJNA1055047,2,PAIRED,90,5596968,506038905,196,Illumina NovaSeq 6000,RNA-Seq,cDNA,TRANSCRIPTOMIC,total RNA,Pseudomonas aeruginosa UCBPP-PA14,208963,PA14,PA14,water,water,0.5,uM,0.50000uM,90,min,90min,negcon,Negative control,Negative control,Negative control,Negative control,water,antimicrobial_reference_set,MOCP_0110,MOCP_0110_2,r1,FALSE
GSM7985811,MOCP_0110:water:0.50000uM:90min:PA14:MOCP_0110_2:r2,MOCP_0110:water:0.50000uM:PA14:90min:A,A,MOCP_0110_2:PA14:90min,SRR27299981;SRR27299982,SRX22977605,SAMN38977650,PRJNA1055047,2,PAIRED,90,4949377,447535514,173,Illumina NovaSeq 6000,RNA-Seq,cDNA,TRANSCRIPTOMIC,total RNA,Pseudomonas aeruginosa UCBPP-PA14,208963,PA14,PA14,water,water,0.5,uM,0.50000uM,90,min,90min,negcon,Negative control,Negative control,Negative control,Negative control,water,antimicrobial_reference_set,MOCP_0110,MOCP_0110_2,r2,FALSE
GSM7985812,MOCP_0110:water:0.50000uM:90min:PA14:MOCP_0110_2:r3,MOCP_0110:water:0.50000uM:PA14:90min:A,A,MOCP_0110_2:PA14:90min,SRR27299861;SRR27299980,SRX22977606,SAMN38977649,PRJNA1055047,2,PAIRED,90,11762514,1066544481,416,Illumina NovaSeq 6000,RNA-Seq,cDNA,TRANSCRIPTOMIC,total RNA,Pseudomonas aeruginosa UCBPP-PA14,208963,PA14,PA14,water,water,0.5,uM,0.50000uM,90,min,90min,negcon,Negative control,Negative control,Negative control,Negative control,water,antimicrobial_reference_set,MOCP_0110,MOCP_0110_2,r3,FALSE
GSM7985792,MOCP_0110:pa69180:250.00000uM:90min:oprL-hypo:MOCP_0110_2:r1,MOCP_0110:pa69180:250.00000uM:oprL-hypo:90min:A,A,MOCP_0110_2:oprL-hypo:90min,SRR27300235,SRX22977718,SAMN38977669,PRJNA1055047,1,PAIRED,90,1863333,168769776,66,Illumina NovaSeq 6000,RNA-Seq,cDNA,TRANSCRIPTOMIC,total RNA,Pseudomonas aeruginosa UCBPP-PA14,208963,oprL-hypo,oprL-hypo,pa69180,PA-69180,250,uM,250.00000uM,90,min,90min,test,,,,,,internal_test_compounds,MOCP_0110,MOCP_0110_2,r1,TRUE
GSM7985798,MOCP_0110:pa69180:500.00000uM:90min:oprL-hypo:MOCP_0110_2:r1,MOCP_0110:pa69180:500.00000uM:oprL-hypo:90min:A,A,MOCP_0110_2:oprL-hypo:90min,SRR27300376,SRX22977930,SAMN38977663,PRJNA1055047,1,PAIRED,90,1710853,155129635,60,Illumina NovaSeq 6000,RNA-Seq,cDNA,TRANSCRIPTOMIC,total RNA,Pseudomonas aeruginosa UCBPP-PA14,208963,oprL-hypo,oprL-hypo,pa69180,PA-69180,500,uM,500.00000uM,90,min,90min,test,,,,,,internal_test_compounds,MOCP_0110,MOCP_0110_2,r1,TRUE
GSM7985793,MOCP_0110:pa69180:250.00000uM:90min:oprL-hypo:MOCP_0110_2:r2,MOCP_0110:pa69180:250.00000uM:oprL-hypo:90min:A,A,MOCP_0110_2:oprL-hypo:90min,SRR27300234,SRX22977719,SAMN38977668,PRJNA1055047,1,PAIRED,90,6025569,545668898,211,Illumina NovaSeq 6000,RNA-Seq,cDNA,TRANSCRIPTOMIC,total RNA,Pseudomonas aeruginosa UCBPP-PA14,208963,oprL-hypo,oprL-hypo,pa69180,PA-69180,250,uM,250.00000uM,90,min,90min,test,,,,,,internal_test_compounds,MOCP_0110,MOCP_0110_2,r2,TRUE
GSM7985799,MOCP_0110:pa69180:500.00000uM:90min:oprL-hypo:MOCP_0110_2:r2,MOCP_0110:pa69180:500.00000uM:oprL-hypo:90min:A,A,MOCP_0110_2:oprL-hypo:90min,SRR27300375,SRX22977931,SAMN38977662,PRJNA1055047,1,PAIRED,90,1583876,142956252,54,Illumina NovaSeq 6000,RNA-Seq,cDNA,TRANSCRIPTOMIC,total RNA,Pseudomonas aeruginosa UCBPP-PA14,208963,oprL-hypo,oprL-hypo,pa69180,PA-69180,500,uM,500.00000uM,90,min,90min,test,,,,,,internal_test_compounds,MOCP_0110,MOCP_0110_2,r2,TRUE
GSM7985794,MOCP_0110:pa69180:250.00000uM:90min:oprL-hypo:MOCP_0110_2:r3,MOCP_0110:pa69180:250.00000uM:oprL-hypo:90min:A,A,MOCP_0110_2:oprL-hypo:90min,SRR27300233,SRX22977720,SAMN38977667,PRJNA1055047,1,PAIRED,90,4891316,443217864,172,Illumina NovaSeq 6000,RNA-Seq,cDNA,TRANSCRIPTOMIC,total RNA,Pseudomonas aeruginosa UCBPP-PA14,208963,oprL-hypo,oprL-hypo,pa69180,PA-69180,250,uM,250.00000uM,90,min,90min,test,,,,,,internal_test_compounds,MOCP_0110,MOCP_0110_2,r3,TRUE
GSM7985800,MOCP_0110:pa69180:500.00000uM:90min:oprL-hypo:MOCP_0110_2:r3,MOCP_0110:pa69180:500.00000uM:oprL-hypo:90min:A,A,MOCP_0110_2:oprL-hypo:90min,SRR27300374,SRX22977932,SAMN38977661,PRJNA1055047,1,PAIRED,90,3443999,311169478,119,Illumina NovaSeq 6000,RNA-Seq,cDNA,TRANSCRIPTOMIC,total RNA,Pseudomonas aeruginosa UCBPP-PA14,208963,oprL-hypo,oprL-hypo,pa69180,PA-69180,500,uM,500.00000uM,90,min,90min,test,,,,,,internal_test_compounds,MOCP_0110,MOCP_0110_2,r3,TRUE
GSM8298004,MOCP_0162:ara:0.00000%:360min:CRISPRi-C26:MOCP_0162_1:r1,MOCP_0162:ara:0.00000%:CRISPRi-C26:360min:A,A,MOCP_0162_1:CRISPRi-C26:360min,SRR29244632,SRX24763030,SAMN41607337,PRJNA1055047,1,PAIRED,90,4914491,445297173,150,Illumina NovaSeq 6000,RNA-Seq,cDNA,TRANSCRIPTOMIC,total RNA,Pseudomonas aeruginosa UCBPP-PA14,208963,CRISPRi-C26,CRISPRi-C26,ara,Arabinose,0,%,0.00000%,360,min,360min,negcon,,,,,,CRISPRi_not_in_reference_set,MOCP_0162,MOCP_0162_1,r1,FALSE
GSM8298061,MOCP_0162:ara:0.12500%:360min:CRISPRi-C26:MOCP_0162_1:r1,MOCP_0162:ara:0.12500%:CRISPRi-C26:360min:A,A,MOCP_0162_1:CRISPRi-C26:360min,SRR29244623,SRX24763039,SAMN41607280,PRJNA1055047,1,PAIRED,90,2734129,247716891,83,Illumina NovaSeq 6000,RNA-Seq,cDNA,TRANSCRIPTOMIC,total RNA,Pseudomonas aeruginosa UCBPP-PA14,208963,CRISPRi-C26,CRISPRi-C26,ara,Arabinose,0.125,%,0.12500%,360,min,360min,negcon,,,,,,CRISPRi_reference_set,MOCP_0162,MOCP_0162_1,r1,FALSE
GSM8298118,MOCP_0162:ara:0.50000%:360min:CRISPRi-C26:MOCP_0162_1:r1,MOCP_0162:ara:0.50000%:CRISPRi-C26:360min:A,A,MOCP_0162_1:CRISPRi-C26:360min,SRR29244694,SRX24763306,SAMN41607223,PRJNA1055047,1,PAIRED,90,1061055,96096812,32,Illumina NovaSeq 6000,RNA-Seq,cDNA,TRANSCRIPTOMIC,total RNA,Pseudomonas aeruginosa UCBPP-PA14,208963,CRISPRi-C26,CRISPRi-C26,ara,Arabinose,0.5,%,0.50000%,360,min,360min,negcon,,,,,,CRISPRi_reference_set,MOCP_0162,MOCP_0162_1,r1,FALSE
GSM8298005,MOCP_0162:ara:0.00000%:360min:CRISPRi-C26:MOCP_0162_1:r2,MOCP_0162:ara:0.00000%:CRISPRi-C26:360min:A,A,MOCP_0162_1:CRISPRi-C26:360min,SRR29244631,SRX24763031,SAMN41607336,PRJNA1055047,1,PAIRED,90,2884988,261120003,88,Illumina NovaSeq 6000,RNA-Seq,cDNA,TRANSCRIPTOMIC,total RNA,Pseudomonas aeruginosa UCBPP-PA14,208963,CRISPRi-C26,CRISPRi-C26,ara,Arabinose,0,%,0.00000%,360,min,360min,negcon,,,,,,CRISPRi_not_in_reference_set,MOCP_0162,MOCP_0162_1,r2,FALSE
GSM8298062,MOCP_0162:ara:0.12500%:360min:CRISPRi-C26:MOCP_0162_1:r2,MOCP_0162:ara:0.12500%:CRISPRi-C26:360min:A,A,MOCP_0162_1:CRISPRi-C26:360min,SRR29244622,SRX24763040,SAMN41607279,PRJNA1055047,1,PAIRED,90,2851093,258168661,87,Illumina NovaSeq 6000,RNA-Seq,cDNA,TRANSCRIPTOMIC,total RNA,Pseudomonas aeruginosa UCBPP-PA14,208963,CRISPRi-C26,CRISPRi-C26,ara,Arabinose,0.125,%,0.12500%,360,min,360min,negcon,,,,,,CRISPRi_reference_set,MOCP_0162,MOCP_0162_1,r2,FALSE
GSM8298119,MOCP_0162:ara:0.50000%:360min:CRISPRi-C26:MOCP_0162_1:r2,MOCP_0162:ara:0.50000%:CRISPRi-C26:360min:A,A,MOCP_0162_1:CRISPRi-C26:360min,SRR29244693,SRX24763307,SAMN41607222,PRJNA1055047,1,PAIRED,90,2487238,225312711,75,Illumina NovaSeq 6000,RNA-Seq,cDNA,TRANSCRIPTOMIC,total RNA,Pseudomonas aeruginosa UCBPP-PA14,208963,CRISPRi-C26,CRISPRi-C26,ara,Arabinose,0.5,%,0.50000%,360,min,360min,negcon,,,,,,CRISPRi_reference_set,MOCP_0162,MOCP_0162_1,r2,FALSE
GSM8298006,MOCP_0162:ara:0.00000%:360min:CRISPRi-C26:MOCP_0162_1:r3,MOCP_0162:ara:0.00000%:CRISPRi-C26:360min:A,A,MOCP_0162_1:CRISPRi-C26:360min,SRR29244630,SRX24763032,SAMN41607335,PRJNA1055047,1,PAIRED,90,3600689,326137051,111,Illumina NovaSeq 6000,RNA-Seq,cDNA,TRANSCRIPTOMIC,total RNA,Pseudomonas aeruginosa UCBPP-PA14,208963,CRISPRi-C26,CRISPRi-C26,ara,Arabinose,0,%,0.00000%,360,min,360min,negcon,,,,,,CRISPRi_not_in_reference_set,MOCP_0162,MOCP_0162_1,r3,FALSE
GSM8298063,MOCP_0162:ara:0.12500%:360min:CRISPRi-C26:MOCP_0162_1:r3,MOCP_0162:ara:0.12500%:CRISPRi-C26:360min:A,A,MOCP_0162_1:CRISPRi-C26:360min,SRR29244621,SRX24763041,SAMN41607278,PRJNA1055047,1,PAIRED,90,4993765,452032506,153,Illumina NovaSeq 6000,RNA-Seq,cDNA,TRANSCRIPTOMIC,total RNA,Pseudomonas aeruginosa UCBPP-PA14,208963,CRISPRi-C26,CRISPRi-C26,ara,Arabinose,0.125,%,0.12500%,360,min,360min,negcon,,,,,,CRISPRi_reference_set,MOCP_0162,MOCP_0162_1,r3,FALSE
GSM8298120,MOCP_0162:ara:0.50000%:360min:CRISPRi-C26:MOCP_0162_1:r3,MOCP_0162:ara:0.50000%:CRISPRi-C26:360min:A,A,MOCP_0162_1:CRISPRi-C26:360min,SRR29244692,SRX24763308,SAMN41607221,PRJNA1055047,1,PAIRED,90,1586867,143494899,48,Illumina NovaSeq 6000,RNA-Seq,cDNA,TRANSCRIPTOMIC,total RNA,Pseudomonas aeruginosa UCBPP-PA14,208963,CRISPRi-C26,CRISPRi-C26,ara,Arabinose,0.5,%,0.50000%,360,min,360min,negcon,,,,,,CRISPRi_reference_set,MOCP_0162,MOCP_0162_1,r3,FALSE
GSM8298007,MOCP_0162:ara:0.00000%:360min:CRISPRi-dhfR:MOCP_0162_1:r1,MOCP_0162:ara:0.00000%:CRISPRi-dhfR:360min:A,A,MOCP_0162_1:CRISPRi-dhfR:360min,SRR29244629,SRX24763033,SAMN41607334,PRJNA1055047,1,PAIRED,90,6276656,568706086,189,Illumina NovaSeq 6000,RNA-Seq,cDNA,TRANSCRIPTOMIC,total RNA,Pseudomonas aeruginosa UCBPP-PA14,208963,CRISPRi-dhfR,CRISPRi-dhfR,ara,Arabinose,0,%,0.00000%,360,min,360min,poscon,,,,,,CRISPRi_not_in_reference_set,MOCP_0162,MOCP_0162_1,r1,FALSE
GSM8298064,MOCP_0162:ara:0.12500%:360min:CRISPRi-dhfR:MOCP_0162_1:r1,MOCP_0162:ara:0.12500%:CRISPRi-dhfR:360min:A,A,MOCP_0162_1:CRISPRi-dhfR:360min,SRR29244620,SRX24763042,SAMN41607277,PRJNA1055047,1,PAIRED,90,3661072,331997536,111,Illumina NovaSeq 6000,RNA-Seq,cDNA,TRANSCRIPTOMIC,total RNA,Pseudomonas aeruginosa UCBPP-PA14,208963,CRISPRi-dhfR,CRISPRi-dhfR,ara,Arabinose,0.125,%,0.12500%,360,min,360min,poscon,,,,,,CRISPRi_not_in_reference_set,MOCP_0162,MOCP_0162_1,r1,TRUE
GSM8298121,MOCP_0162:ara:0.50000%:360min:CRISPRi-dhfR:MOCP_0162_1:r1,MOCP_0162:ara:0.50000%:CRISPRi-dhfR:360min:A,A,MOCP_0162_1:CRISPRi-dhfR:360min,SRR29244611,SRX24763051,SAMN41607220,PRJNA1055047,1,PAIRED,90,3462591,313888171,106,Illumina NovaSeq 6000,RNA-Seq,cDNA,TRANSCRIPTOMIC,total RNA,Pseudomonas aeruginosa UCBPP-PA14,208963,CRISPRi-dhfR,CRISPRi-dhfR,ara,Arabinose,0.5,%,0.50000%,360,min,360min,poscon,,,,,,CRISPRi_not_in_reference_set,MOCP_0162,MOCP_0162_1,r1,TRUE
GSM8298008,MOCP_0162:ara:0.00000%:360min:CRISPRi-dhfR:MOCP_0162_1:r2,MOCP_0162:ara:0.00000%:CRISPRi-dhfR:360min:A,A,MOCP_0162_1:CRISPRi-dhfR:360min,SRR29244628,SRX24763034,SAMN41607333,PRJNA1055047,1,PAIRED,90,2600431,235034378,79,Illumina NovaSeq 6000,RNA-Seq,cDNA,TRANSCRIPTOMIC,total RNA,Pseudomonas aeruginosa UCBPP-PA14,208963,CRISPRi-dhfR,CRISPRi-dhfR,ara,Arabinose,0,%,0.00000%,360,min,360min,poscon,,,,,,CRISPRi_not_in_reference_set,MOCP_0162,MOCP_0162_1,r2,FALSE
GSM8298065,MOCP_0162:ara:0.12500%:360min:CRISPRi-dhfR:MOCP_0162_1:r2,MOCP_0162:ara:0.12500%:CRISPRi-dhfR:360min:A,A,MOCP_0162_1:CRISPRi-dhfR:360min,SRR29244619,SRX24763043,SAMN41607276,PRJNA1055047,1,PAIRED,90,3049173,275694337,93,Illumina NovaSeq 6000,RNA-Seq,cDNA,TRANSCRIPTOMIC,total RNA,Pseudomonas aeruginosa UCBPP-PA14,208963,CRISPRi-dhfR,CRISPRi-dhfR,ara,Arabinose,0.125,%,0.12500%,360,min,360min,poscon,,,,,,CRISPRi_not_in_reference_set,MOCP_0162,MOCP_0162_1,r2,TRUE
GSM8298122,MOCP_0162:ara:0.50000%:360min:CRISPRi-dhfR:MOCP_0162_1:r2,MOCP_0162:ara:0.50000%:CRISPRi-dhfR:360min:A,A,MOCP_0162_1:CRISPRi-dhfR:360min,SRR29244610,SRX24763052,SAMN41607219,PRJNA1055047,1,PAIRED,90,4714505,427118335,142,Illumina NovaSeq 6000,RNA-Seq,cDNA,TRANSCRIPTOMIC,total RNA,Pseudomonas aeruginosa UCBPP-PA14,208963,CRISPRi-dhfR,CRISPRi-dhfR,ara,Arabinose,0.5,%,0.50000%,360,min,360min,poscon,,,,,,CRISPRi_not_in_reference_set,MOCP_0162,MOCP_0162_1,r2,TRUE
GSM8298009,MOCP_0162:ara:0.00000%:360min:CRISPRi-dhfR:MOCP_0162_1:r3,MOCP_0162:ara:0.00000%:CRISPRi-dhfR:360min:A,A,MOCP_0162_1:CRISPRi-dhfR:360min,SRR29244867,SRX24763181,SAMN41607332,PRJNA1055047,1,PAIRED,90,3329546,301761399,103,Illumina NovaSeq 6000,RNA-Seq,cDNA,TRANSCRIPTOMIC,total RNA,Pseudomonas aeruginosa UCBPP-PA14,208963,CRISPRi-dhfR,CRISPRi-dhfR,ara,Arabinose,0,%,0.00000%,360,min,360min,poscon,,,,,,CRISPRi_not_in_reference_set,MOCP_0162,MOCP_0162_1,r3,FALSE
GSM8298066,MOCP_0162:ara:0.12500%:360min:CRISPRi-dhfR:MOCP_0162_1:r3,MOCP_0162:ara:0.12500%:CRISPRi-dhfR:360min:A,A,MOCP_0162_1:CRISPRi-dhfR:360min,SRR29244618,SRX24763044,SAMN41607275,PRJNA1055047,1,PAIRED,90,6335213,574384960,193,Illumina NovaSeq 6000,RNA-Seq,cDNA,TRANSCRIPTOMIC,total RNA,Pseudomonas aeruginosa UCBPP-PA14,208963,CRISPRi-dhfR,CRISPRi-dhfR,ara,Arabinose,0.125,%,0.12500%,360,min,360min,poscon,,,,,,CRISPRi_not_in_reference_set,MOCP_0162,MOCP_0162_1,r3,TRUE
GSM8298123,MOCP_0162:ara:0.50000%:360min:CRISPRi-dhfR:MOCP_0162_1:r3,MOCP_0162:ara:0.50000%:CRISPRi-dhfR:360min:A,A,MOCP_0162_1:CRISPRi-dhfR:360min,SRR29244609,SRX24763053,SAMN41607218,PRJNA1055047,1,PAIRED,90,4290914,388920777,130,Illumina NovaSeq 6000,RNA-Seq,cDNA,TRANSCRIPTOMIC,total RNA,Pseudomonas aeruginosa UCBPP-PA14,208963,CRISPRi-dhfR,CRISPRi-dhfR,ara,Arabinose,0.5,%,0.50000%,360,min,360min,poscon,,,,,,CRISPRi_not_in_reference_set,MOCP_0162,MOCP_0162_1,r3,TRUE
GSM8298010,MOCP_0162:ara:0.00000%:360min:CRISPRi-dxr:MOCP_0162_1:r1,MOCP_0162:ara:0.00000%:CRISPRi-dxr:360min:A,A,MOCP_0162_1:CRISPRi-dxr:360min,SRR29244866,SRX24763182,SAMN41607331,PRJNA1055047,1,PAIRED,90,5189188,470372186,159,Illumina NovaSeq 6000,RNA-Seq,cDNA,TRANSCRIPTOMIC,total RNA,Pseudomonas aeruginosa UCBPP-PA14,208963,CRISPRi-dxr,CRISPRi-dxr,ara,Arabinose,0,%,0.00000%,360,min,360min,poscon,,,,,,CRISPRi_not_in_reference_set,MOCP_0162,MOCP_0162_1,r1,TRUE
GSM8298067,MOCP_0162:ara:0.12500%:360min:CRISPRi-dxr:MOCP_0162_1:r1,MOCP_0162:ara:0.12500%:CRISPRi-dxr:360min:A,A,MOCP_0162_1:CRISPRi-dxr:360min,SRR29244617,SRX24763045,SAMN41607274,PRJNA1055047,1,PAIRED,90,2938468,266210996,89,Illumina NovaSeq 6000,RNA-Seq,cDNA,TRANSCRIPTOMIC,total RNA,Pseudomonas aeruginosa UCBPP-PA14,208963,CRISPRi-dxr,CRISPRi-dxr,ara,Arabinose,0.125,%,0.12500%,360,min,360min,poscon,,,,,,CRISPRi_not_in_reference_set,MOCP_0162,MOCP_0162_1,r1,TRUE
GSM8298124,MOCP_0162:ara:0.50000%:360min:CRISPRi-dxr:MOCP_0162_1:r1,MOCP_0162:ara:0.50000%:CRISPRi-dxr:360min:A,A,MOCP_0162_1:CRISPRi-dxr:360min,SRR29244608,SRX24763054,SAMN41607217,PRJNA1055047,1,PAIRED,90,2026777,183529036,62,Illumina NovaSeq 6000,RNA-Seq,cDNA,TRANSCRIPTOMIC,total RNA,Pseudomonas aeruginosa UCBPP-PA14,208963,CRISPRi-dxr,CRISPRi-dxr,ara,Arabinose,0.5,%,0.50000%,360,min,360min,poscon,,,,,,CRISPRi_reference_set,MOCP_0162,MOCP_0162_1,r1,FALSE
GSM8298011,MOCP_0162:ara:0.00000%:360min:CRISPRi-dxr:MOCP_0162_1:r2,MOCP_0162:ara:0.00000%:CRISPRi-dxr:360min:A,A,MOCP_0162_1:CRISPRi-dxr:360min,SRR29244865,SRX24763183,SAMN41607330,PRJNA1055047,1,PAIRED,90,5145261,466121578,160,Illumina NovaSeq 6000,RNA-Seq,cDNA,TRANSCRIPTOMIC,total RNA,Pseudomonas aeruginosa UCBPP-PA14,208963,CRISPRi-dxr,CRISPRi-dxr,ara,Arabinose,0,%,0.00000%,360,min,360min,poscon,,,,,,CRISPRi_not_in_reference_set,MOCP_0162,MOCP_0162_1,r2,TRUE
GSM8298068,MOCP_0162:ara:0.12500%:360min:CRISPRi-dxr:MOCP_0162_1:r2,MOCP_0162:ara:0.12500%:CRISPRi-dxr:360min:A,A,MOCP_0162_1:CRISPRi-dxr:360min,SRR29244616,SRX24763046,SAMN41607273,PRJNA1055047,1,PAIRED,90,3464383,313691251,107,Illumina NovaSeq 6000,RNA-Seq,cDNA,TRANSCRIPTOMIC,total RNA,Pseudomonas aeruginosa UCBPP-PA14,208963,CRISPRi-dxr,CRISPRi-dxr,ara,Arabinose,0.125,%,0.12500%,360,min,360min,poscon,,,,,,CRISPRi_not_in_reference_set,MOCP_0162,MOCP_0162_1,r2,TRUE
GSM8298125,MOCP_0162:ara:0.50000%:360min:CRISPRi-dxr:MOCP_0162_1:r2,MOCP_0162:ara:0.50000%:CRISPRi-dxr:360min:A,A,MOCP_0162_1:CRISPRi-dxr:360min,SRR29244607,SRX24763055,SAMN41607216,PRJNA1055047,1,PAIRED,90,2651944,240229401,81,Illumina NovaSeq 6000,RNA-Seq,cDNA,TRANSCRIPTOMIC,total RNA,Pseudomonas aeruginosa UCBPP-PA14,208963,CRISPRi-dxr,CRISPRi-dxr,ara,Arabinose,0.5,%,0.50000%,360,min,360min,poscon,,,,,,CRISPRi_reference_set,MOCP_0162,MOCP_0162_1,r2,FALSE
GSM8298012,MOCP_0162:ara:0.00000%:360min:CRISPRi-dxr:MOCP_0162_1:r3,MOCP_0162:ara:0.00000%:CRISPRi-dxr:360min:A,A,MOCP_0162_1:CRISPRi-dxr:360min,SRR29244864,SRX24763184,SAMN41607329,PRJNA1055047,1,PAIRED,90,4345950,393679114,134,Illumina NovaSeq 6000,RNA-Seq,cDNA,TRANSCRIPTOMIC,total RNA,Pseudomonas aeruginosa UCBPP-PA14,208963,CRISPRi-dxr,CRISPRi-dxr,ara,Arabinose,0,%,0.00000%,360,min,360min,poscon,,,,,,CRISPRi_not_in_reference_set,MOCP_0162,MOCP_0162_1,r3,TRUE
GSM8298069,MOCP_0162:ara:0.12500%:360min:CRISPRi-dxr:MOCP_0162_1:r3,MOCP_0162:ara:0.12500%:CRISPRi-dxr:360min:A,A,MOCP_0162_1:CRISPRi-dxr:360min,SRR29244615,SRX24763047,SAMN41607272,PRJNA1055047,1,PAIRED,90,5567676,503985862,172,Illumina NovaSeq 6000,RNA-Seq,cDNA,TRANSCRIPTOMIC,total RNA,Pseudomonas aeruginosa UCBPP-PA14,208963,CRISPRi-dxr,CRISPRi-dxr,ara,Arabinose,0.125,%,0.12500%,360,min,360min,poscon,,,,,,CRISPRi_not_in_reference_set,MOCP_0162,MOCP_0162_1,r3,TRUE
GSM8298126,MOCP_0162:ara:0.50000%:360min:CRISPRi-dxr:MOCP_0162_1:r3,MOCP_0162:ara:0.50000%:CRISPRi-dxr:360min:A,A,MOCP_0162_1:CRISPRi-dxr:360min,SRR29244606,SRX24763056,SAMN41607215,PRJNA1055047,1,PAIRED,90,2624352,237417195,81,Illumina NovaSeq 6000,RNA-Seq,cDNA,TRANSCRIPTOMIC,total RNA,Pseudomonas aeruginosa UCBPP-PA14,208963,CRISPRi-dxr,CRISPRi-dxr,ara,Arabinose,0.5,%,0.50000%,360,min,360min,poscon,,,,,,CRISPRi_reference_set,MOCP_0162,MOCP_0162_1,r3,FALSE
GSM8298016,MOCP_0162:ara:0.00000%:360min:CRISPRi-gyrA:MOCP_0162_1:r1,MOCP_0162:ara:0.00000%:CRISPRi-gyrA:360min:A,A,MOCP_0162_1:CRISPRi-gyrA:360min,SRR29244860,SRX24763188,SAMN41607325,PRJNA1055047,1,PAIRED,90,5482783,496936146,166,Illumina NovaSeq 6000,RNA-Seq,cDNA,TRANSCRIPTOMIC,total RNA,Pseudomonas aeruginosa UCBPP-PA14,208963,CRISPRi-gyrA,CRISPRi-gyrA,ara,Arabinose,0,%,0.00000%,360,min,360min,poscon,,,,,,CRISPRi_not_in_reference_set,MOCP_0162,MOCP_0162_1,r1,FALSE
GSM8298073,MOCP_0162:ara:0.12500%:360min:CRISPRi-gyrA:MOCP_0162_1:r1,MOCP_0162:ara:0.12500%:CRISPRi-gyrA:360min:A,A,MOCP_0162_1:CRISPRi-gyrA:360min,SRR29244851,SRX24763197,SAMN41607268,PRJNA1055047,1,PAIRED,90,1704569,154420445,52,Illumina NovaSeq 6000,RNA-Seq,cDNA,TRANSCRIPTOMIC,total RNA,Pseudomonas aeruginosa UCBPP-PA14,208963,CRISPRi-gyrA,CRISPRi-gyrA,ara,Arabinose,0.125,%,0.12500%,360,min,360min,poscon,,,,,,CRISPRi_reference_set,MOCP_0162,MOCP_0162_1,r1,FALSE
GSM8298130,MOCP_0162:ara:0.50000%:360min:CRISPRi-gyrA:MOCP_0162_1:r1,MOCP_0162:ara:0.50000%:CRISPRi-gyrA:360min:A,A,MOCP_0162_1:CRISPRi-gyrA:360min,SRR29244602,SRX24763060,SAMN41607211,PRJNA1055047,1,PAIRED,90,1937290,175608418,60,Illumina NovaSeq 6000,RNA-Seq,cDNA,TRANSCRIPTOMIC,total RNA,Pseudomonas aeruginosa UCBPP-PA14,208963,CRISPRi-gyrA,CRISPRi-gyrA,ara,Arabinose,0.5,%,0.50000%,360,min,360min,poscon,,,,,,CRISPRi_reference_set,MOCP_0162,MOCP_0162_1,r1,FALSE
GSM8298017,MOCP_0162:ara:0.00000%:360min:CRISPRi-gyrA:MOCP_0162_1:r2,MOCP_0162:ara:0.00000%:CRISPRi-gyrA:360min:A,A,MOCP_0162_1:CRISPRi-gyrA:360min,SRR29244859,SRX24763189,SAMN41607324,PRJNA1055047,1,PAIRED,90,2432365,219983653,75,Illumina NovaSeq 6000,RNA-Seq,cDNA,TRANSCRIPTOMIC,total RNA,Pseudomonas aeruginosa UCBPP-PA14,208963,CRISPRi-gyrA,CRISPRi-gyrA,ara,Arabinose,0,%,0.00000%,360,min,360min,poscon,,,,,,CRISPRi_not_in_reference_set,MOCP_0162,MOCP_0162_1,r2,FALSE
GSM8298074,MOCP_0162:ara:0.12500%:360min:CRISPRi-gyrA:MOCP_0162_1:r2,MOCP_0162:ara:0.12500%:CRISPRi-gyrA:360min:A,A,MOCP_0162_1:CRISPRi-gyrA:360min,SRR29244850,SRX24763198,SAMN41607267,PRJNA1055047,1,PAIRED,90,1728660,156204905,53,Illumina NovaSeq 6000,RNA-Seq,cDNA,TRANSCRIPTOMIC,total RNA,Pseudomonas aeruginosa UCBPP-PA14,208963,CRISPRi-gyrA,CRISPRi-gyrA,ara,Arabinose,0.125,%,0.12500%,360,min,360min,poscon,,,,,,CRISPRi_reference_set,MOCP_0162,MOCP_0162_1,r2,FALSE
GSM8298131,MOCP_0162:ara:0.50000%:360min:CRISPRi-gyrA:MOCP_0162_1:r2,MOCP_0162:ara:0.50000%:CRISPRi-gyrA:360min:A,A,MOCP_0162_1:CRISPRi-gyrA:360min,SRR29244601,SRX24763061,SAMN41607210,PRJNA1055047,1,PAIRED,90,4380865,396936487,133,Illumina NovaSeq 6000,RNA-Seq,cDNA,TRANSCRIPTOMIC,total RNA,Pseudomonas aeruginosa UCBPP-PA14,208963,CRISPRi-gyrA,CRISPRi-gyrA,ara,Arabinose,0.5,%,0.50000%,360,min,360min,poscon,,,,,,CRISPRi_reference_set,MOCP_0162,MOCP_0162_1,r2,FALSE
GSM8298018,MOCP_0162:ara:0.00000%:360min:CRISPRi-gyrA:MOCP_0162_1:r3,MOCP_0162:ara:0.00000%:CRISPRi-gyrA:360min:A,A,MOCP_0162_1:CRISPRi-gyrA:360min,SRR29244858,SRX24763190,SAMN41607323,PRJNA1055047,1,PAIRED,90,1509690,136784393,46,Illumina NovaSeq 6000,RNA-Seq,cDNA,TRANSCRIPTOMIC,total RNA,Pseudomonas aeruginosa UCBPP-PA14,208963,CRISPRi-gyrA,CRISPRi-gyrA,ara,Arabinose,0,%,0.00000%,360,min,360min,poscon,,,,,,CRISPRi_not_in_reference_set,MOCP_0162,MOCP_0162_1,r3,FALSE
GSM8298075,MOCP_0162:ara:0.12500%:360min:CRISPRi-gyrA:MOCP_0162_1:r3,MOCP_0162:ara:0.12500%:CRISPRi-gyrA:360min:A,A,MOCP_0162_1:CRISPRi-gyrA:360min,SRR29244849,SRX24763199,SAMN41607266,PRJNA1055047,1,PAIRED,90,4303231,390020138,131,Illumina NovaSeq 6000,RNA-Seq,cDNA,TRANSCRIPTOMIC,total RNA,Pseudomonas aeruginosa UCBPP-PA14,208963,CRISPRi-gyrA,CRISPRi-gyrA,ara,Arabinose,0.125,%,0.12500%,360,min,360min,poscon,,,,,,CRISPRi_reference_set,MOCP_0162,MOCP_0162_1,r3,FALSE
GSM8298132,MOCP_0162:ara:0.50000%:360min:CRISPRi-gyrA:MOCP_0162_1:r3,MOCP_0162:ara:0.50000%:CRISPRi-gyrA:360min:A,A,MOCP_0162_1:CRISPRi-gyrA:360min,SRR29244600,SRX24763062,SAMN41607209,PRJNA1055047,1,PAIRED,90,3903075,353756662,120,Illumina NovaSeq 6000,RNA-Seq,cDNA,TRANSCRIPTOMIC,total RNA,Pseudomonas aeruginosa UCBPP-PA14,208963,CRISPRi-gyrA,CRISPRi-gyrA,ara,Arabinose,0.5,%,0.50000%,360,min,360min,poscon,,,,,,CRISPRi_reference_set,MOCP_0162,MOCP_0162_1,r3,FALSE
GSM8298013,MOCP_0162:ara:0.00000%:360min:CRISPRi-gyrA-2:MOCP_0162_1:r1,MOCP_0162:ara:0.00000%:CRISPRi-gyrA-2:360min:A,A,MOCP_0162_1:CRISPRi-gyrA-2:360min,SRR29244863,SRX24763185,SAMN41607328,PRJNA1055047,1,PAIRED,90,3985134,360971334,122,Illumina NovaSeq 6000,RNA-Seq,cDNA,TRANSCRIPTOMIC,total RNA,Pseudomonas aeruginosa UCBPP-PA14,208963,CRISPRi-gyrA-2,CRISPRi-gyrA-2,ara,Arabinose,0,%,0.00000%,360,min,360min,poscon,,,,,,CRISPRi_not_in_reference_set,MOCP_0162,MOCP_0162_1,r1,TRUE
GSM8298070,MOCP_0162:ara:0.12500%:360min:CRISPRi-gyrA-2:MOCP_0162_1:r1,MOCP_0162:ara:0.12500%:CRISPRi-gyrA-2:360min:A,A,MOCP_0162_1:CRISPRi-gyrA-2:360min,SRR29244614,SRX24763048,SAMN41607271,PRJNA1055047,1,PAIRED,90,1587250,143709678,48,Illumina NovaSeq 6000,RNA-Seq,cDNA,TRANSCRIPTOMIC,total RNA,Pseudomonas aeruginosa UCBPP-PA14,208963,CRISPRi-gyrA-2,CRISPRi-gyrA-2,ara,Arabinose,0.125,%,0.12500%,360,min,360min,poscon,,,,,,CRISPRi_not_in_reference_set,MOCP_0162,MOCP_0162_1,r1,TRUE
GSM8298127,MOCP_0162:ara:0.50000%:360min:CRISPRi-gyrA-2:MOCP_0162_1:r1,MOCP_0162:ara:0.50000%:CRISPRi-gyrA-2:360min:A,A,MOCP_0162_1:CRISPRi-gyrA-2:360min,SRR29244605,SRX24763057,SAMN41607214,PRJNA1055047,1,PAIRED,90,2628617,238009236,79,Illumina NovaSeq 6000,RNA-Seq,cDNA,TRANSCRIPTOMIC,total RNA,Pseudomonas aeruginosa UCBPP-PA14,208963,CRISPRi-gyrA-2,CRISPRi-gyrA-2,ara,Arabinose,0.5,%,0.50000%,360,min,360min,poscon,,,,,,CRISPRi_not_in_reference_set,MOCP_0162,MOCP_0162_1,r1,TRUE
GSM8298014,MOCP_0162:ara:0.00000%:360min:CRISPRi-gyrA-2:MOCP_0162_1:r2,MOCP_0162:ara:0.00000%:CRISPRi-gyrA-2:360min:A,A,MOCP_0162_1:CRISPRi-gyrA-2:360min,SRR29244862,SRX24763186,SAMN41607327,PRJNA1055047,1,PAIRED,90,3179958,287930657,99,Illumina NovaSeq 6000,RNA-Seq,cDNA,TRANSCRIPTOMIC,total RNA,Pseudomonas aeruginosa UCBPP-PA14,208963,CRISPRi-gyrA-2,CRISPRi-gyrA-2,ara,Arabinose,0,%,0.00000%,360,min,360min,poscon,,,,,,CRISPRi_not_in_reference_set,MOCP_0162,MOCP_0162_1,r2,TRUE
GSM8298071,MOCP_0162:ara:0.12500%:360min:CRISPRi-gyrA-2:MOCP_0162_1:r2,MOCP_0162:ara:0.12500%:CRISPRi-gyrA-2:360min:A,A,MOCP_0162_1:CRISPRi-gyrA-2:360min,SRR29244613,SRX24763049,SAMN41607270,PRJNA1055047,1,PAIRED,90,3042380,275392674,94,Illumina NovaSeq 6000,RNA-Seq,cDNA,TRANSCRIPTOMIC,total RNA,Pseudomonas aeruginosa UCBPP-PA14,208963,CRISPRi-gyrA-2,CRISPRi-gyrA-2,ara,Arabinose,0.125,%,0.12500%,360,min,360min,poscon,,,,,,CRISPRi_not_in_reference_set,MOCP_0162,MOCP_0162_1,r2,TRUE
GSM8298128,MOCP_0162:ara:0.50000%:360min:CRISPRi-gyrA-2:MOCP_0162_1:r2,MOCP_0162:ara:0.50000%:CRISPRi-gyrA-2:360min:A,A,MOCP_0162_1:CRISPRi-gyrA-2:360min,SRR29244604,SRX24763058,SAMN41607213,PRJNA1055047,1,PAIRED,90,4215576,381831477,128,Illumina NovaSeq 6000,RNA-Seq,cDNA,TRANSCRIPTOMIC,total RNA,Pseudomonas aeruginosa UCBPP-PA14,208963,CRISPRi-gyrA-2,CRISPRi-gyrA-2,ara,Arabinose,0.5,%,0.50000%,360,min,360min,poscon,,,,,,CRISPRi_not_in_reference_set,MOCP_0162,MOCP_0162_1,r2,TRUE
GSM8298015,MOCP_0162:ara:0.00000%:360min:CRISPRi-gyrA-2:MOCP_0162_1:r3,MOCP_0162:ara:0.00000%:CRISPRi-gyrA-2:360min:A,A,MOCP_0162_1:CRISPRi-gyrA-2:360min,SRR29244861,SRX24763187,SAMN41607326,PRJNA1055047,1,PAIRED,90,8887485,804951838,274,Illumina NovaSeq 6000,RNA-Seq,cDNA,TRANSCRIPTOMIC,total RNA,Pseudomonas aeruginosa UCBPP-PA14,208963,CRISPRi-gyrA-2,CRISPRi-gyrA-2,ara,Arabinose,0,%,0.00000%,360,min,360min,poscon,,,,,,CRISPRi_not_in_reference_set,MOCP_0162,MOCP_0162_1,r3,TRUE
GSM8298072,MOCP_0162:ara:0.12500%:360min:CRISPRi-gyrA-2:MOCP_0162_1:r3,MOCP_0162:ara:0.12500%:CRISPRi-gyrA-2:360min:A,A,MOCP_0162_1:CRISPRi-gyrA-2:360min,SRR29244612,SRX24763050,SAMN41607269,PRJNA1055047,1,PAIRED,90,2896934,262105612,89,Illumina NovaSeq 6000,RNA-Seq,cDNA,TRANSCRIPTOMIC,total RNA,Pseudomonas aeruginosa UCBPP-PA14,208963,CRISPRi-gyrA-2,CRISPRi-gyrA-2,ara,Arabinose,0.125,%,0.12500%,360,min,360min,poscon,,,,,,CRISPRi_not_in_reference_set,MOCP_0162,MOCP_0162_1,r3,TRUE
GSM8298129,MOCP_0162:ara:0.50000%:360min:CRISPRi-gyrA-2:MOCP_0162_1:r3,MOCP_0162:ara:0.50000%:CRISPRi-gyrA-2:360min:A,A,MOCP_0162_1:CRISPRi-gyrA-2:360min,SRR29244603,SRX24763059,SAMN41607212,PRJNA1055047,1,PAIRED,90,2534865,229255092,77,Illumina NovaSeq 6000,RNA-Seq,cDNA,TRANSCRIPTOMIC,total RNA,Pseudomonas aeruginosa UCBPP-PA14,208963,CRISPRi-gyrA-2,CRISPRi-gyrA-2,ara,Arabinose,0.5,%,0.50000%,360,min,360min,poscon,,,,,,CRISPRi_not_in_reference_set,MOCP_0162,MOCP_0162_1,r3,TRUE
GSM8298019,MOCP_0162:ara:0.00000%:360min:CRISPRi-gyrB:MOCP_0162_1:r1,MOCP_0162:ara:0.00000%:CRISPRi-gyrB:360min:A,A,MOCP_0162_1:CRISPRi-gyrB:360min,SRR29244857,SRX24763191,SAMN41607322,PRJNA1055047,1,PAIRED,90,6399943,579931847,193,Illumina NovaSeq 6000,RNA-Seq,cDNA,TRANSCRIPTOMIC,total RNA,Pseudomonas aeruginosa UCBPP-PA14,208963,CRISPRi-gyrB,CRISPRi-gyrB,ara,Arabinose,0,%,0.00000%,360,min,360min,poscon,,,,,,CRISPRi_not_in_reference_set,MOCP_0162,MOCP_0162_1,r1,TRUE
GSM8298076,MOCP_0162:ara:0.12500%:360min:CRISPRi-gyrB:MOCP_0162_1:r1,MOCP_0162:ara:0.12500%:CRISPRi-gyrB:360min:A,A,MOCP_0162_1:CRISPRi-gyrB:360min,SRR29244848,SRX24763200,SAMN41607265,PRJNA1055047,1,PAIRED,90,2566788,232620948,79,Illumina NovaSeq 6000,RNA-Seq,cDNA,TRANSCRIPTOMIC,total RNA,Pseudomonas aeruginosa UCBPP-PA14,208963,CRISPRi-gyrB,CRISPRi-gyrB,ara,Arabinose,0.125,%,0.12500%,360,min,360min,poscon,,,,,,CRISPRi_not_in_reference_set,MOCP_0162,MOCP_0162_1,r1,TRUE
GSM8298133,MOCP_0162:ara:0.50000%:360min:CRISPRi-gyrB:MOCP_0162_1:r1,MOCP_0162:ara:0.50000%:CRISPRi-gyrB:360min:A,A,MOCP_0162_1:CRISPRi-gyrB:360min,SRR29244599,SRX24763063,SAMN41607208,PRJNA1055047,1,PAIRED,90,4354054,394658846,132,Illumina NovaSeq 6000,RNA-Seq,cDNA,TRANSCRIPTOMIC,total RNA,Pseudomonas aeruginosa UCBPP-PA14,208963,CRISPRi-gyrB,CRISPRi-gyrB,ara,Arabinose,0.5,%,0.50000%,360,min,360min,poscon,,,,,,CRISPRi_reference_set,MOCP_0162,MOCP_0162_1,r1,FALSE
GSM8298020,MOCP_0162:ara:0.00000%:360min:CRISPRi-gyrB:MOCP_0162_1:r2,MOCP_0162:ara:0.00000%:CRISPRi-gyrB:360min:A,A,MOCP_0162_1:CRISPRi-gyrB:360min,SRR29244856,SRX24763192,SAMN41607321,PRJNA1055047,1,PAIRED,90,2247201,203090099,69,Illumina NovaSeq 6000,RNA-Seq,cDNA,TRANSCRIPTOMIC,total RNA,Pseudomonas aeruginosa UCBPP-PA14,208963,CRISPRi-gyrB,CRISPRi-gyrB,ara,Arabinose,0,%,0.00000%,360,min,360min,poscon,,,,,,CRISPRi_not_in_reference_set,MOCP_0162,MOCP_0162_1,r2,TRUE
GSM8298077,MOCP_0162:ara:0.12500%:360min:CRISPRi-gyrB:MOCP_0162_1:r2,MOCP_0162:ara:0.12500%:CRISPRi-gyrB:360min:A,A,MOCP_0162_1:CRISPRi-gyrB:360min,SRR29244847,SRX24763201,SAMN41607264,PRJNA1055047,1,PAIRED,90,2685575,242629110,82,Illumina NovaSeq 6000,RNA-Seq,cDNA,TRANSCRIPTOMIC,total RNA,Pseudomonas aeruginosa UCBPP-PA14,208963,CRISPRi-gyrB,CRISPRi-gyrB,ara,Arabinose,0.125,%,0.12500%,360,min,360min,poscon,,,,,,CRISPRi_not_in_reference_set,MOCP_0162,MOCP_0162_1,r2,TRUE
GSM8298134,MOCP_0162:ara:0.50000%:360min:CRISPRi-gyrB:MOCP_0162_1:r2,MOCP_0162:ara:0.50000%:CRISPRi-gyrB:360min:A,A,MOCP_0162_1:CRISPRi-gyrB:360min,SRR29244598,SRX24763064,SAMN41607207,PRJNA1055047,1,PAIRED,90,5680711,514612357,171,Illumina NovaSeq 6000,RNA-Seq,cDNA,TRANSCRIPTOMIC,total RNA,Pseudomonas aeruginosa UCBPP-PA14,208963,CRISPRi-gyrB,CRISPRi-gyrB,ara,Arabinose,0.5,%,0.50000%,360,min,360min,poscon,,,,,,CRISPRi_reference_set,MOCP_0162,MOCP_0162_1,r2,FALSE
GSM8298021,MOCP_0162:ara:0.00000%:360min:CRISPRi-gyrB:MOCP_0162_1:r3,MOCP_0162:ara:0.00000%:CRISPRi-gyrB:360min:A,A,MOCP_0162_1:CRISPRi-gyrB:360min,SRR29244855,SRX24763193,SAMN41607320,PRJNA1055047,1,PAIRED,90,2443886,220775206,75,Illumina NovaSeq 6000,RNA-Seq,cDNA,TRANSCRIPTOMIC,total RNA,Pseudomonas aeruginosa UCBPP-PA14,208963,CRISPRi-gyrB,CRISPRi-gyrB,ara,Arabinose,0,%,0.00000%,360,min,360min,poscon,,,,,,CRISPRi_not_in_reference_set,MOCP_0162,MOCP_0162_1,r3,TRUE
GSM8298078,MOCP_0162:ara:0.12500%:360min:CRISPRi-gyrB:MOCP_0162_1:r3,MOCP_0162:ara:0.12500%:CRISPRi-gyrB:360min:A,A,MOCP_0162_1:CRISPRi-gyrB:360min,SRR29244846,SRX24763202,SAMN41607263,PRJNA1055047,1,PAIRED,90,5149376,466687324,158,Illumina NovaSeq 6000,RNA-Seq,cDNA,TRANSCRIPTOMIC,total RNA,Pseudomonas aeruginosa UCBPP-PA14,208963,CRISPRi-gyrB,CRISPRi-gyrB,ara,Arabinose,0.125,%,0.12500%,360,min,360min,poscon,,,,,,CRISPRi_not_in_reference_set,MOCP_0162,MOCP_0162_1,r3,TRUE
GSM8298135,MOCP_0162:ara:0.50000%:360min:CRISPRi-gyrB:MOCP_0162_1:r3,MOCP_0162:ara:0.50000%:CRISPRi-gyrB:360min:A,A,MOCP_0162_1:CRISPRi-gyrB:360min,SRR29244597,SRX24763065,SAMN41607206,PRJNA1055047,1,PAIRED,90,5961374,540249233,181,Illumina NovaSeq 6000,RNA-Seq,cDNA,TRANSCRIPTOMIC,total RNA,Pseudomonas aeruginosa UCBPP-PA14,208963,CRISPRi-gyrB,CRISPRi-gyrB,ara,Arabinose,0.5,%,0.50000%,360,min,360min,poscon,,,,,,CRISPRi_reference_set,MOCP_0162,MOCP_0162_1,r3,FALSE
GSM8298022,MOCP_0162:ara:0.00000%:360min:CRISPRi-leuS:MOCP_0162_1:r1,MOCP_0162:ara:0.00000%:CRISPRi-leuS:360min:A,A,MOCP_0162_1:CRISPRi-leuS:360min,SRR29244854,SRX24763194,SAMN41607319,PRJNA1055047,1,PAIRED,90,4386933,397523320,135,Illumina NovaSeq 6000,RNA-Seq,cDNA,TRANSCRIPTOMIC,total RNA,Pseudomonas aeruginosa UCBPP-PA14,208963,CRISPRi-leuS,CRISPRi-leuS,ara,Arabinose,0,%,0.00000%,360,min,360min,poscon,,,,,,CRISPRi_not_in_reference_set,MOCP_0162,MOCP_0162_1,r1,TRUE
GSM8298079,MOCP_0162:ara:0.12500%:360min:CRISPRi-leuS:MOCP_0162_1:r1,MOCP_0162:ara:0.12500%:CRISPRi-leuS:360min:A,A,MOCP_0162_1:CRISPRi-leuS:360min,SRR29244845,SRX24763203,SAMN41607262,PRJNA1055047,1,PAIRED,90,2885448,261390477,88,Illumina NovaSeq 6000,RNA-Seq,cDNA,TRANSCRIPTOMIC,total RNA,Pseudomonas aeruginosa UCBPP-PA14,208963,CRISPRi-leuS,CRISPRi-leuS,ara,Arabinose,0.125,%,0.12500%,360,min,360min,poscon,,,,,,CRISPRi_not_in_reference_set,MOCP_0162,MOCP_0162_1,r1,TRUE
GSM8298136,MOCP_0162:ara:0.50000%:360min:CRISPRi-leuS:MOCP_0162_1:r1,MOCP_0162:ara:0.50000%:CRISPRi-leuS:360min:A,A,MOCP_0162_1:CRISPRi-leuS:360min,SRR29244596,SRX24763066,SAMN41607205,PRJNA1055047,1,PAIRED,90,2900024,262756359,88,Illumina NovaSeq 6000,RNA-Seq,cDNA,TRANSCRIPTOMIC,total RNA,Pseudomonas aeruginosa UCBPP-PA14,208963,CRISPRi-leuS,CRISPRi-leuS,ara,Arabinose,0.5,%,0.50000%,360,min,360min,poscon,,,,,,CRISPRi_not_in_reference_set,MOCP_0162,MOCP_0162_1,r1,TRUE
GSM8298023,MOCP_0162:ara:0.00000%:360min:CRISPRi-leuS:MOCP_0162_1:r2,MOCP_0162:ara:0.00000%:CRISPRi-leuS:360min:A,A,MOCP_0162_1:CRISPRi-leuS:360min,SRR29244853,SRX24763195,SAMN41607318,PRJNA1055047,1,PAIRED,90,5418830,490726811,169,Illumina NovaSeq 6000,RNA-Seq,cDNA,TRANSCRIPTOMIC,total RNA,Pseudomonas aeruginosa UCBPP-PA14,208963,CRISPRi-leuS,CRISPRi-leuS,ara,Arabinose,0,%,0.00000%,360,min,360min,poscon,,,,,,CRISPRi_not_in_reference_set,MOCP_0162,MOCP_0162_1,r2,TRUE
GSM8298080,MOCP_0162:ara:0.12500%:360min:CRISPRi-leuS:MOCP_0162_1:r2,MOCP_0162:ara:0.12500%:CRISPRi-leuS:360min:A,A,MOCP_0162_1:CRISPRi-leuS:360min,SRR29244844,SRX24763204,SAMN41607261,PRJNA1055047,1,PAIRED,90,4781839,432941341,148,Illumina NovaSeq 6000,RNA-Seq,cDNA,TRANSCRIPTOMIC,total RNA,Pseudomonas aeruginosa UCBPP-PA14,208963,CRISPRi-leuS,CRISPRi-leuS,ara,Arabinose,0.125,%,0.12500%,360,min,360min,poscon,,,,,,CRISPRi_not_in_reference_set,MOCP_0162,MOCP_0162_1,r2,TRUE
GSM8298137,MOCP_0162:ara:0.50000%:360min:CRISPRi-leuS:MOCP_0162_1:r2,MOCP_0162:ara:0.50000%:CRISPRi-leuS:360min:A,A,MOCP_0162_1:CRISPRi-leuS:360min,SRR29244835,SRX24763213,SAMN41607204,PRJNA1055047,1,PAIRED,90,5986527,542574637,183,Illumina NovaSeq 6000,RNA-Seq,cDNA,TRANSCRIPTOMIC,total RNA,Pseudomonas aeruginosa UCBPP-PA14,208963,CRISPRi-leuS,CRISPRi-leuS,ara,Arabinose,0.5,%,0.50000%,360,min,360min,poscon,,,,,,CRISPRi_not_in_reference_set,MOCP_0162,MOCP_0162_1,r2,TRUE
GSM8298024,MOCP_0162:ara:0.00000%:360min:CRISPRi-leuS:MOCP_0162_1:r3,MOCP_0162:ara:0.00000%:CRISPRi-leuS:360min:A,A,MOCP_0162_1:CRISPRi-leuS:360min,SRR29244852,SRX24763196,SAMN41607317,PRJNA1055047,1,PAIRED,90,4539993,411589841,141,Illumina NovaSeq 6000,RNA-Seq,cDNA,TRANSCRIPTOMIC,total RNA,Pseudomonas aeruginosa UCBPP-PA14,208963,CRISPRi-leuS,CRISPRi-leuS,ara,Arabinose,0,%,0.00000%,360,min,360min,poscon,,,,,,CRISPRi_not_in_reference_set,MOCP_0162,MOCP_0162_1,r3,TRUE
GSM8298081,MOCP_0162:ara:0.12500%:360min:CRISPRi-leuS:MOCP_0162_1:r3,MOCP_0162:ara:0.12500%:CRISPRi-leuS:360min:A,A,MOCP_0162_1:CRISPRi-leuS:360min,SRR29244843,SRX24763205,SAMN41607260,PRJNA1055047,1,PAIRED,90,2611998,236434259,81,Illumina NovaSeq 6000,RNA-Seq,cDNA,TRANSCRIPTOMIC,total RNA,Pseudomonas aeruginosa UCBPP-PA14,208963,CRISPRi-leuS,CRISPRi-leuS,ara,Arabinose,0.125,%,0.12500%,360,min,360min,poscon,,,,,,CRISPRi_not_in_reference_set,MOCP_0162,MOCP_0162_1,r3,TRUE
GSM8298138,MOCP_0162:ara:0.50000%:360min:CRISPRi-leuS:MOCP_0162_1:r3,MOCP_0162:ara:0.50000%:CRISPRi-leuS:360min:A,A,MOCP_0162_1:CRISPRi-leuS:360min,SRR29244834,SRX24763214,SAMN41607203,PRJNA1055047,1,PAIRED,90,2440471,220899535,75,Illumina NovaSeq 6000,RNA-Seq,cDNA,TRANSCRIPTOMIC,total RNA,Pseudomonas aeruginosa UCBPP-PA14,208963,CRISPRi-leuS,CRISPRi-leuS,ara,Arabinose,0.5,%,0.50000%,360,min,360min,poscon,,,,,,CRISPRi_not_in_reference_set,MOCP_0162,MOCP_0162_1,r3,TRUE
GSM8298025,MOCP_0162:ara:0.00000%:360min:CRISPRi-lptA:MOCP_0162_1:r1,MOCP_0162:ara:0.00000%:CRISPRi-lptA:360min:A,A,MOCP_0162_1:CRISPRi-lptA:360min,SRR29244531,SRX24763099,SAMN41607316,PRJNA1055047,1,PAIRED,90,4588989,415887578,140,Illumina NovaSeq 6000,RNA-Seq,cDNA,TRANSCRIPTOMIC,total RNA,Pseudomonas aeruginosa UCBPP-PA14,208963,CRISPRi-lptA,CRISPRi-lptA,ara,Arabinose,0,%,0.00000%,360,min,360min,poscon,,,,,,CRISPRi_not_in_reference_set,MOCP_0162,MOCP_0162_1,r1,TRUE
GSM8298082,MOCP_0162:ara:0.12500%:360min:CRISPRi-lptA:MOCP_0162_1:r1,MOCP_0162:ara:0.12500%:CRISPRi-lptA:360min:A,A,MOCP_0162_1:CRISPRi-lptA:360min,SRR29244842,SRX24763206,SAMN41607259,PRJNA1055047,1,PAIRED,90,1927445,174544944,59,Illumina NovaSeq 6000,RNA-Seq,cDNA,TRANSCRIPTOMIC,total RNA,Pseudomonas aeruginosa UCBPP-PA14,208963,CRISPRi-lptA,CRISPRi-lptA,ara,Arabinose,0.125,%,0.12500%,360,min,360min,poscon,,,,,,CRISPRi_not_in_reference_set,MOCP_0162,MOCP_0162_1,r1,TRUE
GSM8298139,MOCP_0162:ara:0.50000%:360min:CRISPRi-lptA:MOCP_0162_1:r1,MOCP_0162:ara:0.50000%:CRISPRi-lptA:360min:A,A,MOCP_0162_1:CRISPRi-lptA:360min,SRR29244833,SRX24763215,SAMN41607202,PRJNA1055047,1,PAIRED,90,1446594,131002416,44,Illumina NovaSeq 6000,RNA-Seq,cDNA,TRANSCRIPTOMIC,total RNA,Pseudomonas aeruginosa UCBPP-PA14,208963,CRISPRi-lptA,CRISPRi-lptA,ara,Arabinose,0.5,%,0.50000%,360,min,360min,poscon,,,,,,CRISPRi_reference_set,MOCP_0162,MOCP_0162_1,r1,FALSE
GSM8298026,MOCP_0162:ara:0.00000%:360min:CRISPRi-lptA:MOCP_0162_1:r2,MOCP_0162:ara:0.00000%:CRISPRi-lptA:360min:A,A,MOCP_0162_1:CRISPRi-lptA:360min,SRR29244530,SRX24763100,SAMN41607315,PRJNA1055047,1,PAIRED,90,4596903,416367621,142,Illumina NovaSeq 6000,RNA-Seq,cDNA,TRANSCRIPTOMIC,total RNA,Pseudomonas aeruginosa UCBPP-PA14,208963,CRISPRi-lptA,CRISPRi-lptA,ara,Arabinose,0,%,0.00000%,360,min,360min,poscon,,,,,,CRISPRi_not_in_reference_set,MOCP_0162,MOCP_0162_1,r2,TRUE
GSM8298083,MOCP_0162:ara:0.12500%:360min:CRISPRi-lptA:MOCP_0162_1:r2,MOCP_0162:ara:0.12500%:CRISPRi-lptA:360min:A,A,MOCP_0162_1:CRISPRi-lptA:360min,SRR29244841,SRX24763207,SAMN41607258,PRJNA1055047,1,PAIRED,90,3623802,328059494,113,Illumina NovaSeq 6000,RNA-Seq,cDNA,TRANSCRIPTOMIC,total RNA,Pseudomonas aeruginosa UCBPP-PA14,208963,CRISPRi-lptA,CRISPRi-lptA,ara,Arabinose,0.125,%,0.12500%,360,min,360min,poscon,,,,,,CRISPRi_not_in_reference_set,MOCP_0162,MOCP_0162_1,r2,TRUE
GSM8298140,MOCP_0162:ara:0.50000%:360min:CRISPRi-lptA:MOCP_0162_1:r2,MOCP_0162:ara:0.50000%:CRISPRi-lptA:360min:A,A,MOCP_0162_1:CRISPRi-lptA:360min,SRR29244832,SRX24763216,SAMN41607201,PRJNA1055047,1,PAIRED,90,3101066,280832281,94,Illumina NovaSeq 6000,RNA-Seq,cDNA,TRANSCRIPTOMIC,total RNA,Pseudomonas aeruginosa UCBPP-PA14,208963,CRISPRi-lptA,CRISPRi-lptA,ara,Arabinose,0.5,%,0.50000%,360,min,360min,poscon,,,,,,CRISPRi_reference_set,MOCP_0162,MOCP_0162_1,r2,FALSE
GSM8298027,MOCP_0162:ara:0.00000%:360min:CRISPRi-lptA:MOCP_0162_1:r3,MOCP_0162:ara:0.00000%:CRISPRi-lptA:360min:A,A,MOCP_0162_1:CRISPRi-lptA:360min,SRR29244529,SRX24763101,SAMN41607314,PRJNA1055047,1,PAIRED,90,4483695,405758584,139,Illumina NovaSeq 6000,RNA-Seq,cDNA,TRANSCRIPTOMIC,total RNA,Pseudomonas aeruginosa UCBPP-PA14,208963,CRISPRi-lptA,CRISPRi-lptA,ara,Arabinose,0,%,0.00000%,360,min,360min,poscon,,,,,,CRISPRi_not_in_reference_set,MOCP_0162,MOCP_0162_1,r3,TRUE
GSM8298084,MOCP_0162:ara:0.12500%:360min:CRISPRi-lptA:MOCP_0162_1:r3,MOCP_0162:ara:0.12500%:CRISPRi-lptA:360min:A,A,MOCP_0162_1:CRISPRi-lptA:360min,SRR29244840,SRX24763208,SAMN41607257,PRJNA1055047,1,PAIRED,90,2485830,224919304,77,Illumina NovaSeq 6000,RNA-Seq,cDNA,TRANSCRIPTOMIC,total RNA,Pseudomonas aeruginosa UCBPP-PA14,208963,CRISPRi-lptA,CRISPRi-lptA,ara,Arabinose,0.125,%,0.12500%,360,min,360min,poscon,,,,,,CRISPRi_not_in_reference_set,MOCP_0162,MOCP_0162_1,r3,TRUE
GSM8298141,MOCP_0162:ara:0.50000%:360min:CRISPRi-lptA:MOCP_0162_1:r3,MOCP_0162:ara:0.50000%:CRISPRi-lptA:360min:A,A,MOCP_0162_1:CRISPRi-lptA:360min,SRR29244831,SRX24763217,SAMN41607200,PRJNA1055047,1,PAIRED,90,1522543,137733960,46,Illumina NovaSeq 6000,RNA-Seq,cDNA,TRANSCRIPTOMIC,total RNA,Pseudomonas aeruginosa UCBPP-PA14,208963,CRISPRi-lptA,CRISPRi-lptA,ara,Arabinose,0.5,%,0.50000%,360,min,360min,poscon,,,,,,CRISPRi_reference_set,MOCP_0162,MOCP_0162_1,r3,FALSE
GSM8298028,MOCP_0162:ara:0.00000%:360min:CRISPRi-lptD-2:MOCP_0162_1:r1,MOCP_0162:ara:0.00000%:CRISPRi-lptD-2:360min:A,A,MOCP_0162_1:CRISPRi-lptD-2:360min,SRR29244528,SRX24763102,SAMN41607313,PRJNA1055047,1,PAIRED,90,5500236,498484800,166,Illumina NovaSeq 6000,RNA-Seq,cDNA,TRANSCRIPTOMIC,total RNA,Pseudomonas aeruginosa UCBPP-PA14,208963,CRISPRi-lptD-2,CRISPRi-lptD-2,ara,Arabinose,0,%,0.00000%,360,min,360min,poscon,,,,,,CRISPRi_not_in_reference_set,MOCP_0162,MOCP_0162_1,r1,TRUE
GSM8298085,MOCP_0162:ara:0.12500%:360min:CRISPRi-lptD-2:MOCP_0162_1:r1,MOCP_0162:ara:0.12500%:CRISPRi-lptD-2:360min:A,A,MOCP_0162_1:CRISPRi-lptD-2:360min,SRR29244839,SRX24763209,SAMN41607256,PRJNA1055047,1,PAIRED,90,3131371,283787749,96,Illumina NovaSeq 6000,RNA-Seq,cDNA,TRANSCRIPTOMIC,total RNA,Pseudomonas aeruginosa UCBPP-PA14,208963,CRISPRi-lptD-2,CRISPRi-lptD-2,ara,Arabinose,0.125,%,0.12500%,360,min,360min,poscon,,,,,,CRISPRi_reference_set,MOCP_0162,MOCP_0162_1,r1,FALSE
GSM8298142,MOCP_0162:ara:0.50000%:360min:CRISPRi-lptD-2:MOCP_0162_1:r1,MOCP_0162:ara:0.50000%:CRISPRi-lptD-2:360min:A,A,MOCP_0162_1:CRISPRi-lptD-2:360min,SRR29244830,SRX24763218,SAMN41607199,PRJNA1055047,1,PAIRED,90,3158479,286306579,96,Illumina NovaSeq 6000,RNA-Seq,cDNA,TRANSCRIPTOMIC,total RNA,Pseudomonas aeruginosa UCBPP-PA14,208963,CRISPRi-lptD-2,CRISPRi-lptD-2,ara,Arabinose,0.5,%,0.50000%,360,min,360min,poscon,,,,,,CRISPRi_reference_set,MOCP_0162,MOCP_0162_1,r1,FALSE
GSM8298029,MOCP_0162:ara:0.00000%:360min:CRISPRi-lptD-2:MOCP_0162_1:r2,MOCP_0162:ara:0.00000%:CRISPRi-lptD-2:360min:A,A,MOCP_0162_1:CRISPRi-lptD-2:360min,SRR29244527,SRX24763103,SAMN41607312,PRJNA1055047,1,PAIRED,90,2509086,226853619,77,Illumina NovaSeq 6000,RNA-Seq,cDNA,TRANSCRIPTOMIC,total RNA,Pseudomonas aeruginosa UCBPP-PA14,208963,CRISPRi-lptD-2,CRISPRi-lptD-2,ara,Arabinose,0,%,0.00000%,360,min,360min,poscon,,,,,,CRISPRi_not_in_reference_set,MOCP_0162,MOCP_0162_1,r2,TRUE
GSM8298086,MOCP_0162:ara:0.12500%:360min:CRISPRi-lptD-2:MOCP_0162_1:r2,MOCP_0162:ara:0.12500%:CRISPRi-lptD-2:360min:A,A,MOCP_0162_1:CRISPRi-lptD-2:360min,SRR29244838,SRX24763210,SAMN41607255,PRJNA1055047,1,PAIRED,90,1834960,165742375,57,Illumina NovaSeq 6000,RNA-Seq,cDNA,TRANSCRIPTOMIC,total RNA,Pseudomonas aeruginosa UCBPP-PA14,208963,CRISPRi-lptD-2,CRISPRi-lptD-2,ara,Arabinose,0.125,%,0.12500%,360,min,360min,poscon,,,,,,CRISPRi_reference_set,MOCP_0162,MOCP_0162_1,r2,FALSE
GSM8298143,MOCP_0162:ara:0.50000%:360min:CRISPRi-lptD-2:MOCP_0162_1:r2,MOCP_0162:ara:0.50000%:CRISPRi-lptD-2:360min:A,A,MOCP_0162_1:CRISPRi-lptD-2:360min,SRR29244829,SRX24763219,SAMN41607198,PRJNA1055047,1,PAIRED,90,3767440,341357307,113,Illumina NovaSeq 6000,RNA-Seq,cDNA,TRANSCRIPTOMIC,total RNA,Pseudomonas aeruginosa UCBPP-PA14,208963,CRISPRi-lptD-2,CRISPRi-lptD-2,ara,Arabinose,0.5,%,0.50000%,360,min,360min,poscon,,,,,,CRISPRi_reference_set,MOCP_0162,MOCP_0162_1,r2,FALSE
GSM8298030,MOCP_0162:ara:0.00000%:360min:CRISPRi-lptD-2:MOCP_0162_1:r3,MOCP_0162:ara:0.00000%:CRISPRi-lptD-2:360min:A,A,MOCP_0162_1:CRISPRi-lptD-2:360min,SRR29244526,SRX24763104,SAMN41607311,PRJNA1055047,1,PAIRED,90,5661659,513139604,175,Illumina NovaSeq 6000,RNA-Seq,cDNA,TRANSCRIPTOMIC,total RNA,Pseudomonas aeruginosa UCBPP-PA14,208963,CRISPRi-lptD-2,CRISPRi-lptD-2,ara,Arabinose,0,%,0.00000%,360,min,360min,poscon,,,,,,CRISPRi_not_in_reference_set,MOCP_0162,MOCP_0162_1,r3,TRUE
GSM8298087,MOCP_0162:ara:0.12500%:360min:CRISPRi-lptD-2:MOCP_0162_1:r3,MOCP_0162:ara:0.12500%:CRISPRi-lptD-2:360min:A,A,MOCP_0162_1:CRISPRi-lptD-2:360min,SRR29244837,SRX24763211,SAMN41607254,PRJNA1055047,1,PAIRED,90,524620,47553960,16,Illumina NovaSeq 6000,RNA-Seq,cDNA,TRANSCRIPTOMIC,total RNA,Pseudomonas aeruginosa UCBPP-PA14,208963,CRISPRi-lptD-2,CRISPRi-lptD-2,ara,Arabinose,0.125,%,0.12500%,360,min,360min,poscon,,,,,,CRISPRi_reference_set,MOCP_0162,MOCP_0162_1,r3,FALSE
GSM8298144,MOCP_0162:ara:0.50000%:360min:CRISPRi-lptD-2:MOCP_0162_1:r3,MOCP_0162:ara:0.50000%:CRISPRi-lptD-2:360min:A,A,MOCP_0162_1:CRISPRi-lptD-2:360min,SRR29244828,SRX24763220,SAMN41607197,PRJNA1055047,1,PAIRED,90,3812800,345548487,116,Illumina NovaSeq 6000,RNA-Seq,cDNA,TRANSCRIPTOMIC,total RNA,Pseudomonas aeruginosa UCBPP-PA14,208963,CRISPRi-lptD-2,CRISPRi-lptD-2,ara,Arabinose,0.5,%,0.50000%,360,min,360min,poscon,,,,,,CRISPRi_reference_set,MOCP_0162,MOCP_0162_1,r3,FALSE
GSM8298031,MOCP_0162:ara:0.00000%:360min:CRISPRi-lptE:MOCP_0162_1:r1,MOCP_0162:ara:0.00000%:CRISPRi-lptE:360min:A,A,MOCP_0162_1:CRISPRi-lptE:360min,SRR29244525,SRX24763105,SAMN41607310,PRJNA1055047,1,PAIRED,90,6102371,552971234,188,Illumina NovaSeq 6000,RNA-Seq,cDNA,TRANSCRIPTOMIC,total RNA,Pseudomonas aeruginosa UCBPP-PA14,208963,CRISPRi-lptE,CRISPRi-lptE,ara,Arabinose,0,%,0.00000%,360,min,360min,poscon,,,,,,CRISPRi_not_in_reference_set,MOCP_0162,MOCP_0162_1,r1,TRUE
GSM8298088,MOCP_0162:ara:0.12500%:360min:CRISPRi-lptE:MOCP_0162_1:r1,MOCP_0162:ara:0.12500%:CRISPRi-lptE:360min:A,A,MOCP_0162_1:CRISPRi-lptE:360min,SRR29244836,SRX24763212,SAMN41607253,PRJNA1055047,1,PAIRED,90,4305805,390208993,131,Illumina NovaSeq 6000,RNA-Seq,cDNA,TRANSCRIPTOMIC,total RNA,Pseudomonas aeruginosa UCBPP-PA14,208963,CRISPRi-lptE,CRISPRi-lptE,ara,Arabinose,0.125,%,0.12500%,360,min,360min,poscon,,,,,,CRISPRi_not_in_reference_set,MOCP_0162,MOCP_0162_1,r1,TRUE
GSM8298145,MOCP_0162:ara:0.50000%:360min:CRISPRi-lptE:MOCP_0162_1:r1,MOCP_0162:ara:0.50000%:CRISPRi-lptE:360min:A,A,MOCP_0162_1:CRISPRi-lptE:360min,SRR29244827,SRX24763221,SAMN41607196,PRJNA1055047,1,PAIRED,90,3994982,361828856,121,Illumina NovaSeq 6000,RNA-Seq,cDNA,TRANSCRIPTOMIC,total RNA,Pseudomonas aeruginosa UCBPP-PA14,208963,CRISPRi-lptE,CRISPRi-lptE,ara,Arabinose,0.5,%,0.50000%,360,min,360min,poscon,,,,,,CRISPRi_not_in_reference_set,MOCP_0162,MOCP_0162_1,r1,TRUE
GSM8298032,MOCP_0162:ara:0.00000%:360min:CRISPRi-lptE:MOCP_0162_1:r2,MOCP_0162:ara:0.00000%:CRISPRi-lptE:360min:A,A,MOCP_0162_1:CRISPRi-lptE:360min,SRR29244524,SRX24763106,SAMN41607309,PRJNA1055047,1,PAIRED,90,5698348,516128784,178,Illumina NovaSeq 6000,RNA-Seq,cDNA,TRANSCRIPTOMIC,total RNA,Pseudomonas aeruginosa UCBPP-PA14,208963,CRISPRi-lptE,CRISPRi-lptE,ara,Arabinose,0,%,0.00000%,360,min,360min,poscon,,,,,,CRISPRi_not_in_reference_set,MOCP_0162,MOCP_0162_1,r2,TRUE
GSM8298089,MOCP_0162:ara:0.12500%:360min:CRISPRi-lptE:MOCP_0162_1:r2,MOCP_0162:ara:0.12500%:CRISPRi-lptE:360min:A,A,MOCP_0162_1:CRISPRi-lptE:360min,SRR29244515,SRX24763115,SAMN41607252,PRJNA1055047,1,PAIRED,90,7425642,672629667,229,Illumina NovaSeq 6000,RNA-Seq,cDNA,TRANSCRIPTOMIC,total RNA,Pseudomonas aeruginosa UCBPP-PA14,208963,CRISPRi-lptE,CRISPRi-lptE,ara,Arabinose,0.125,%,0.12500%,360,min,360min,poscon,,,,,,CRISPRi_not_in_reference_set,MOCP_0162,MOCP_0162_1,r2,TRUE
GSM8298146,MOCP_0162:ara:0.50000%:360min:CRISPRi-lptE:MOCP_0162_1:r2,MOCP_0162:ara:0.50000%:CRISPRi-lptE:360min:A,A,MOCP_0162_1:CRISPRi-lptE:360min,SRR29244826,SRX24763222,SAMN41607195,PRJNA1055047,1,PAIRED,90,7213522,653338766,218,Illumina NovaSeq 6000,RNA-Seq,cDNA,TRANSCRIPTOMIC,total RNA,Pseudomonas aeruginosa UCBPP-PA14,208963,CRISPRi-lptE,CRISPRi-lptE,ara,Arabinose,0.5,%,0.50000%,360,min,360min,poscon,,,,,,CRISPRi_not_in_reference_set,MOCP_0162,MOCP_0162_1,r2,TRUE
GSM8298033,MOCP_0162:ara:0.00000%:360min:CRISPRi-lptE:MOCP_0162_1:r3,MOCP_0162:ara:0.00000%:CRISPRi-lptE:360min:A,A,MOCP_0162_1:CRISPRi-lptE:360min,SRR29244523,SRX24763107,SAMN41607308,PRJNA1055047,1,PAIRED,90,5227924,473432237,164,Illumina NovaSeq 6000,RNA-Seq,cDNA,TRANSCRIPTOMIC,total RNA,Pseudomonas aeruginosa UCBPP-PA14,208963,CRISPRi-lptE,CRISPRi-lptE,ara,Arabinose,0,%,0.00000%,360,min,360min,poscon,,,,,,CRISPRi_not_in_reference_set,MOCP_0162,MOCP_0162_1,r3,TRUE
GSM8298090,MOCP_0162:ara:0.12500%:360min:CRISPRi-lptE:MOCP_0162_1:r3,MOCP_0162:ara:0.12500%:CRISPRi-lptE:360min:A,A,MOCP_0162_1:CRISPRi-lptE:360min,SRR29244514,SRX24763116,SAMN41607251,PRJNA1055047,1,PAIRED,90,5989483,542278659,186,Illumina NovaSeq 6000,RNA-Seq,cDNA,TRANSCRIPTOMIC,total RNA,Pseudomonas aeruginosa UCBPP-PA14,208963,CRISPRi-lptE,CRISPRi-lptE,ara,Arabinose,0.125,%,0.12500%,360,min,360min,poscon,,,,,,CRISPRi_not_in_reference_set,MOCP_0162,MOCP_0162_1,r3,TRUE
GSM8298147,MOCP_0162:ara:0.50000%:360min:CRISPRi-lptE:MOCP_0162_1:r3,MOCP_0162:ara:0.50000%:CRISPRi-lptE:360min:A,A,MOCP_0162_1:CRISPRi-lptE:360min,SRR29244825,SRX24763223,SAMN41607194,PRJNA1055047,1,PAIRED,90,4513764,408347660,138,Illumina NovaSeq 6000,RNA-Seq,cDNA,TRANSCRIPTOMIC,total RNA,Pseudomonas aeruginosa UCBPP-PA14,208963,CRISPRi-lptE,CRISPRi-lptE,ara,Arabinose,0.5,%,0.50000%,360,min,360min,poscon,,,,,,CRISPRi_not_in_reference_set,MOCP_0162,MOCP_0162_1,r3,TRUE
GSM8298034,MOCP_0162:ara:0.00000%:360min:CRISPRi-lpxC:MOCP_0162_1:r1,MOCP_0162:ara:0.00000%:CRISPRi-lpxC:360min:A,A,MOCP_0162_1:CRISPRi-lpxC:360min,SRR29244522,SRX24763108,SAMN41607307,PRJNA1055047,1,PAIRED,90,7185030,651112063,218,Illumina NovaSeq 6000,RNA-Seq,cDNA,TRANSCRIPTOMIC,total RNA,Pseudomonas aeruginosa UCBPP-PA14,208963,CRISPRi-lpxC,CRISPRi-lpxC,ara,Arabinose,0,%,0.00000%,360,min,360min,poscon,,,,,,CRISPRi_not_in_reference_set,MOCP_0162,MOCP_0162_1,r1,FALSE
GSM8298091,MOCP_0162:ara:0.12500%:360min:CRISPRi-lpxC:MOCP_0162_1:r1,MOCP_0162:ara:0.12500%:CRISPRi-lpxC:360min:A,A,MOCP_0162_1:CRISPRi-lpxC:360min,SRR29244513,SRX24763117,SAMN41607250,PRJNA1055047,1,PAIRED,90,2677184,242733490,82,Illumina NovaSeq 6000,RNA-Seq,cDNA,TRANSCRIPTOMIC,total RNA,Pseudomonas aeruginosa UCBPP-PA14,208963,CRISPRi-lpxC,CRISPRi-lpxC,ara,Arabinose,0.125,%,0.12500%,360,min,360min,poscon,,,,,,CRISPRi_reference_set,MOCP_0162,MOCP_0162_1,r1,FALSE
GSM8298148,MOCP_0162:ara:0.50000%:360min:CRISPRi-lpxC:MOCP_0162_1:r1,MOCP_0162:ara:0.50000%:CRISPRi-lpxC:360min:A,A,MOCP_0162_1:CRISPRi-lpxC:360min,SRR29244824,SRX24763224,SAMN41607193,PRJNA1055047,1,PAIRED,90,2409647,218428390,74,Illumina NovaSeq 6000,RNA-Seq,cDNA,TRANSCRIPTOMIC,total RNA,Pseudomonas aeruginosa UCBPP-PA14,208963,CRISPRi-lpxC,CRISPRi-lpxC,ara,Arabinose,0.5,%,0.50000%,360,min,360min,poscon,,,,,,CRISPRi_reference_set,MOCP_0162,MOCP_0162_1,r1,FALSE
GSM8298035,MOCP_0162:ara:0.00000%:360min:CRISPRi-lpxC:MOCP_0162_1:r2,MOCP_0162:ara:0.00000%:CRISPRi-lpxC:360min:A,A,MOCP_0162_1:CRISPRi-lpxC:360min,SRR29244521,SRX24763109,SAMN41607306,PRJNA1055047,1,PAIRED,90,3055210,276095071,94,Illumina NovaSeq 6000,RNA-Seq,cDNA,TRANSCRIPTOMIC,total RNA,Pseudomonas aeruginosa UCBPP-PA14,208963,CRISPRi-lpxC,CRISPRi-lpxC,ara,Arabinose,0,%,0.00000%,360,min,360min,poscon,,,,,,CRISPRi_not_in_reference_set,MOCP_0162,MOCP_0162_1,r2,FALSE
GSM8298092,MOCP_0162:ara:0.12500%:360min:CRISPRi-lpxC:MOCP_0162_1:r2,MOCP_0162:ara:0.12500%:CRISPRi-lpxC:360min:A,A,MOCP_0162_1:CRISPRi-lpxC:360min,SRR29244512,SRX24763118,SAMN41607249,PRJNA1055047,1,PAIRED,90,1939914,175299610,59,Illumina NovaSeq 6000,RNA-Seq,cDNA,TRANSCRIPTOMIC,total RNA,Pseudomonas aeruginosa UCBPP-PA14,208963,CRISPRi-lpxC,CRISPRi-lpxC,ara,Arabinose,0.125,%,0.12500%,360,min,360min,poscon,,,,,,CRISPRi_reference_set,MOCP_0162,MOCP_0162_1,r2,FALSE
GSM8298149,MOCP_0162:ara:0.50000%:360min:CRISPRi-lpxC:MOCP_0162_1:r2,MOCP_0162:ara:0.50000%:CRISPRi-lpxC:360min:A,A,MOCP_0162_1:CRISPRi-lpxC:360min,SRR29244823,SRX24763225,SAMN41607192,PRJNA1055047,1,PAIRED,90,3011003,272751937,90,Illumina NovaSeq 6000,RNA-Seq,cDNA,TRANSCRIPTOMIC,total RNA,Pseudomonas aeruginosa UCBPP-PA14,208963,CRISPRi-lpxC,CRISPRi-lpxC,ara,Arabinose,0.5,%,0.50000%,360,min,360min,poscon,,,,,,CRISPRi_reference_set,MOCP_0162,MOCP_0162_1,r2,FALSE
GSM8298036,MOCP_0162:ara:0.00000%:360min:CRISPRi-lpxC:MOCP_0162_1:r3,MOCP_0162:ara:0.00000%:CRISPRi-lpxC:360min:A,A,MOCP_0162_1:CRISPRi-lpxC:360min,SRR29244520,SRX24763110,SAMN41607305,PRJNA1055047,1,PAIRED,90,1787746,161905975,54,Illumina NovaSeq 6000,RNA-Seq,cDNA,TRANSCRIPTOMIC,total RNA,Pseudomonas aeruginosa UCBPP-PA14,208963,CRISPRi-lpxC,CRISPRi-lpxC,ara,Arabinose,0,%,0.00000%,360,min,360min,poscon,,,,,,CRISPRi_not_in_reference_set,MOCP_0162,MOCP_0162_1,r3,FALSE
GSM8298093,MOCP_0162:ara:0.12500%:360min:CRISPRi-lpxC:MOCP_0162_1:r3,MOCP_0162:ara:0.12500%:CRISPRi-lpxC:360min:A,A,MOCP_0162_1:CRISPRi-lpxC:360min,SRR29244511,SRX24763119,SAMN41607248,PRJNA1055047,1,PAIRED,90,5128247,464887468,157,Illumina NovaSeq 6000,RNA-Seq,cDNA,TRANSCRIPTOMIC,total RNA,Pseudomonas aeruginosa UCBPP-PA14,208963,CRISPRi-lpxC,CRISPRi-lpxC,ara,Arabinose,0.125,%,0.12500%,360,min,360min,poscon,,,,,,CRISPRi_reference_set,MOCP_0162,MOCP_0162_1,r3,FALSE
GSM8298150,MOCP_0162:ara:0.50000%:360min:CRISPRi-lpxC:MOCP_0162_1:r3,MOCP_0162:ara:0.50000%:CRISPRi-lpxC:360min:A,A,MOCP_0162_1:CRISPRi-lpxC:360min,SRR29244822,SRX24763226,SAMN41607191,PRJNA1055047,1,PAIRED,90,3756173,340489684,114,Illumina NovaSeq 6000,RNA-Seq,cDNA,TRANSCRIPTOMIC,total RNA,Pseudomonas aeruginosa UCBPP-PA14,208963,CRISPRi-lpxC,CRISPRi-lpxC,ara,Arabinose,0.5,%,0.50000%,360,min,360min,poscon,,,,,,CRISPRi_reference_set,MOCP_0162,MOCP_0162_1,r3,FALSE
GSM8298037,MOCP_0162:ara:0.00000%:360min:CRISPRi-mreB:MOCP_0162_1:r1,MOCP_0162:ara:0.00000%:CRISPRi-mreB:360min:A,A,MOCP_0162_1:CRISPRi-mreB:360min,SRR29244519,SRX24763111,SAMN41607304,PRJNA1055047,1,PAIRED,90,6939988,628915186,210,Illumina NovaSeq 6000,RNA-Seq,cDNA,TRANSCRIPTOMIC,total RNA,Pseudomonas aeruginosa UCBPP-PA14,208963,CRISPRi-mreB,CRISPRi-mreB,ara,Arabinose,0,%,0.00000%,360,min,360min,poscon,,,,,,CRISPRi_not_in_reference_set,MOCP_0162,MOCP_0162_1,r1,FALSE
GSM8298094,MOCP_0162:ara:0.12500%:360min:CRISPRi-mreB:MOCP_0162_1:r1,MOCP_0162:ara:0.12500%:CRISPRi-mreB:360min:A,A,MOCP_0162_1:CRISPRi-mreB:360min,SRR29244510,SRX24763120,SAMN41607247,PRJNA1055047,1,PAIRED,90,4103668,371959247,126,Illumina NovaSeq 6000,RNA-Seq,cDNA,TRANSCRIPTOMIC,total RNA,Pseudomonas aeruginosa UCBPP-PA14,208963,CRISPRi-mreB,CRISPRi-mreB,ara,Arabinose,0.125,%,0.12500%,360,min,360min,poscon,,,,,,CRISPRi_not_in_reference_set,MOCP_0162,MOCP_0162_1,r1,TRUE
GSM8298151,MOCP_0162:ara:0.50000%:360min:CRISPRi-mreB:MOCP_0162_1:r1,MOCP_0162:ara:0.50000%:CRISPRi-mreB:360min:A,A,MOCP_0162_1:CRISPRi-mreB:360min,SRR29244821,SRX24763227,SAMN41607190,PRJNA1055047,1,PAIRED,90,4410776,399900929,135,Illumina NovaSeq 6000,RNA-Seq,cDNA,TRANSCRIPTOMIC,total RNA,Pseudomonas aeruginosa UCBPP-PA14,208963,CRISPRi-mreB,CRISPRi-mreB,ara,Arabinose,0.5,%,0.50000%,360,min,360min,poscon,,,,,,CRISPRi_reference_set,MOCP_0162,MOCP_0162_1,r1,FALSE
GSM8298038,MOCP_0162:ara:0.00000%:360min:CRISPRi-mreB:MOCP_0162_1:r2,MOCP_0162:ara:0.00000%:CRISPRi-mreB:360min:A,A,MOCP_0162_1:CRISPRi-mreB:360min,SRR29244518,SRX24763112,SAMN41607303,PRJNA1055047,1,PAIRED,90,2447571,221219618,75,Illumina NovaSeq 6000,RNA-Seq,cDNA,TRANSCRIPTOMIC,total RNA,Pseudomonas aeruginosa UCBPP-PA14,208963,CRISPRi-mreB,CRISPRi-mreB,ara,Arabinose,0,%,0.00000%,360,min,360min,poscon,,,,,,CRISPRi_not_in_reference_set,MOCP_0162,MOCP_0162_1,r2,FALSE
GSM8298095,MOCP_0162:ara:0.12500%:360min:CRISPRi-mreB:MOCP_0162_1:r2,MOCP_0162:ara:0.12500%:CRISPRi-mreB:360min:A,A,MOCP_0162_1:CRISPRi-mreB:360min,SRR29244509,SRX24763121,SAMN41607246,PRJNA1055047,1,PAIRED,90,4222920,381655798,130,Illumina NovaSeq 6000,RNA-Seq,cDNA,TRANSCRIPTOMIC,total RNA,Pseudomonas aeruginosa UCBPP-PA14,208963,CRISPRi-mreB,CRISPRi-mreB,ara,Arabinose,0.125,%,0.12500%,360,min,360min,poscon,,,,,,CRISPRi_not_in_reference_set,MOCP_0162,MOCP_0162_1,r2,TRUE
GSM8298152,MOCP_0162:ara:0.50000%:360min:CRISPRi-mreB:MOCP_0162_1:r2,MOCP_0162:ara:0.50000%:CRISPRi-mreB:360min:A,A,MOCP_0162_1:CRISPRi-mreB:360min,SRR29244820,SRX24763228,SAMN41607189,PRJNA1055047,1,PAIRED,90,5119847,463960129,154,Illumina NovaSeq 6000,RNA-Seq,cDNA,TRANSCRIPTOMIC,total RNA,Pseudomonas aeruginosa UCBPP-PA14,208963,CRISPRi-mreB,CRISPRi-mreB,ara,Arabinose,0.5,%,0.50000%,360,min,360min,poscon,,,,,,CRISPRi_reference_set,MOCP_0162,MOCP_0162_1,r2,FALSE
GSM8298039,MOCP_0162:ara:0.00000%:360min:CRISPRi-mreB:MOCP_0162_1:r3,MOCP_0162:ara:0.00000%:CRISPRi-mreB:360min:A,A,MOCP_0162_1:CRISPRi-mreB:360min,SRR29244517,SRX24763113,SAMN41607302,PRJNA1055047,1,PAIRED,90,6082870,551044871,184,Illumina NovaSeq 6000,RNA-Seq,cDNA,TRANSCRIPTOMIC,total RNA,Pseudomonas aeruginosa UCBPP-PA14,208963,CRISPRi-mreB,CRISPRi-mreB,ara,Arabinose,0,%,0.00000%,360,min,360min,poscon,,,,,,CRISPRi_not_in_reference_set,MOCP_0162,MOCP_0162_1,r3,FALSE
GSM8298096,MOCP_0162:ara:0.12500%:360min:CRISPRi-mreB:MOCP_0162_1:r3,MOCP_0162:ara:0.12500%:CRISPRi-mreB:360min:A,A,MOCP_0162_1:CRISPRi-mreB:360min,SRR29244508,SRX24763122,SAMN41607245,PRJNA1055047,1,PAIRED,90,7356307,666858330,226,Illumina NovaSeq 6000,RNA-Seq,cDNA,TRANSCRIPTOMIC,total RNA,Pseudomonas aeruginosa UCBPP-PA14,208963,CRISPRi-mreB,CRISPRi-mreB,ara,Arabinose,0.125,%,0.12500%,360,min,360min,poscon,,,,,,CRISPRi_not_in_reference_set,MOCP_0162,MOCP_0162_1,r3,TRUE
GSM8298153,MOCP_0162:ara:0.50000%:360min:CRISPRi-mreB:MOCP_0162_1:r3,MOCP_0162:ara:0.50000%:CRISPRi-mreB:360min:A,A,MOCP_0162_1:CRISPRi-mreB:360min,SRR29244499,SRX24763131,SAMN41607188,PRJNA1055047,1,PAIRED,90,5258743,476693549,160,Illumina NovaSeq 6000,RNA-Seq,cDNA,TRANSCRIPTOMIC,total RNA,Pseudomonas aeruginosa UCBPP-PA14,208963,CRISPRi-mreB,CRISPRi-mreB,ara,Arabinose,0.5,%,0.50000%,360,min,360min,poscon,,,,,,CRISPRi_reference_set,MOCP_0162,MOCP_0162_1,r3,FALSE
GSM8298040,MOCP_0162:ara:0.00000%:360min:CRISPRi-murA:MOCP_0162_1:r1,MOCP_0162:ara:0.00000%:CRISPRi-murA:360min:A,A,MOCP_0162_1:CRISPRi-murA:360min,SRR29244516,SRX24763114,SAMN41607301,PRJNA1055047,1,PAIRED,90,3827587,346830903,117,Illumina NovaSeq 6000,RNA-Seq,cDNA,TRANSCRIPTOMIC,total RNA,Pseudomonas aeruginosa UCBPP-PA14,208963,CRISPRi-murA,CRISPRi-murA,ara,Arabinose,0,%,0.00000%,360,min,360min,poscon,,,,,,CRISPRi_not_in_reference_set,MOCP_0162,MOCP_0162_1,r1,TRUE
GSM8298097,MOCP_0162:ara:0.12500%:360min:CRISPRi-murA:MOCP_0162_1:r1,MOCP_0162:ara:0.12500%:CRISPRi-murA:360min:A,A,MOCP_0162_1:CRISPRi-murA:360min,SRR29244507,SRX24763123,SAMN41607244,PRJNA1055047,1,PAIRED,90,2034823,184273716,62,Illumina NovaSeq 6000,RNA-Seq,cDNA,TRANSCRIPTOMIC,total RNA,Pseudomonas aeruginosa UCBPP-PA14,208963,CRISPRi-murA,CRISPRi-murA,ara,Arabinose,0.125,%,0.12500%,360,min,360min,poscon,,,,,,CRISPRi_reference_set,MOCP_0162,MOCP_0162_1,r1,FALSE
GSM8298154,MOCP_0162:ara:0.50000%:360min:CRISPRi-murA:MOCP_0162_1:r1,MOCP_0162:ara:0.50000%:CRISPRi-murA:360min:A,A,MOCP_0162_1:CRISPRi-murA:360min,SRR29244498,SRX24763132,SAMN41607187,PRJNA1055047,1,PAIRED,90,2567671,232612409,78,Illumina NovaSeq 6000,RNA-Seq,cDNA,TRANSCRIPTOMIC,total RNA,Pseudomonas aeruginosa UCBPP-PA14,208963,CRISPRi-murA,CRISPRi-murA,ara,Arabinose,0.5,%,0.50000%,360,min,360min,poscon,,,,,,CRISPRi_reference_set,MOCP_0162,MOCP_0162_1,r1,FALSE
GSM8298041,MOCP_0162:ara:0.00000%:360min:CRISPRi-murA:MOCP_0162_1:r2,MOCP_0162:ara:0.00000%:CRISPRi-murA:360min:A,A,MOCP_0162_1:CRISPRi-murA:360min,SRR29244723,SRX24763277,SAMN41607300,PRJNA1055047,1,PAIRED,90,3815066,345557365,119,Illumina NovaSeq 6000,RNA-Seq,cDNA,TRANSCRIPTOMIC,total RNA,Pseudomonas aeruginosa UCBPP-PA14,208963,CRISPRi-murA,CRISPRi-murA,ara,Arabinose,0,%,0.00000%,360,min,360min,poscon,,,,,,CRISPRi_not_in_reference_set,MOCP_0162,MOCP_0162_1,r2,TRUE
GSM8298098,MOCP_0162:ara:0.12500%:360min:CRISPRi-murA:MOCP_0162_1:r2,MOCP_0162:ara:0.12500%:CRISPRi-murA:360min:A,A,MOCP_0162_1:CRISPRi-murA:360min,SRR29244506,SRX24763124,SAMN41607243,PRJNA1055047,1,PAIRED,90,4438782,401927867,138,Illumina NovaSeq 6000,RNA-Seq,cDNA,TRANSCRIPTOMIC,total RNA,Pseudomonas aeruginosa UCBPP-PA14,208963,CRISPRi-murA,CRISPRi-murA,ara,Arabinose,0.125,%,0.12500%,360,min,360min,poscon,,,,,,CRISPRi_reference_set,MOCP_0162,MOCP_0162_1,r2,FALSE
GSM8298155,MOCP_0162:ara:0.50000%:360min:CRISPRi-murA:MOCP_0162_1:r2,MOCP_0162:ara:0.50000%:CRISPRi-murA:360min:A,A,MOCP_0162_1:CRISPRi-murA:360min,SRR29244497,SRX24763133,SAMN41607186,PRJNA1055047,1,PAIRED,90,4318497,391170153,131,Illumina NovaSeq 6000,RNA-Seq,cDNA,TRANSCRIPTOMIC,total RNA,Pseudomonas aeruginosa UCBPP-PA14,208963,CRISPRi-murA,CRISPRi-murA,ara,Arabinose,0.5,%,0.50000%,360,min,360min,poscon,,,,,,CRISPRi_reference_set,MOCP_0162,MOCP_0162_1,r2,FALSE
GSM8298042,MOCP_0162:ara:0.00000%:360min:CRISPRi-murA:MOCP_0162_1:r3,MOCP_0162:ara:0.00000%:CRISPRi-murA:360min:A,A,MOCP_0162_1:CRISPRi-murA:360min,SRR29244722,SRX24763278,SAMN41607299,PRJNA1055047,1,PAIRED,90,5200111,471108332,161,Illumina NovaSeq 6000,RNA-Seq,cDNA,TRANSCRIPTOMIC,total RNA,Pseudomonas aeruginosa UCBPP-PA14,208963,CRISPRi-murA,CRISPRi-murA,ara,Arabinose,0,%,0.00000%,360,min,360min,poscon,,,,,,CRISPRi_not_in_reference_set,MOCP_0162,MOCP_0162_1,r3,TRUE
GSM8298099,MOCP_0162:ara:0.12500%:360min:CRISPRi-murA:MOCP_0162_1:r3,MOCP_0162:ara:0.12500%:CRISPRi-murA:360min:A,A,MOCP_0162_1:CRISPRi-murA:360min,SRR29244505,SRX24763125,SAMN41607242,PRJNA1055047,1,PAIRED,90,4094928,370604562,127,Illumina NovaSeq 6000,RNA-Seq,cDNA,TRANSCRIPTOMIC,total RNA,Pseudomonas aeruginosa UCBPP-PA14,208963,CRISPRi-murA,CRISPRi-murA,ara,Arabinose,0.125,%,0.12500%,360,min,360min,poscon,,,,,,CRISPRi_reference_set,MOCP_0162,MOCP_0162_1,r3,FALSE
GSM8298156,MOCP_0162:ara:0.50000%:360min:CRISPRi-murA:MOCP_0162_1:r3,MOCP_0162:ara:0.50000%:CRISPRi-murA:360min:A,A,MOCP_0162_1:CRISPRi-murA:360min,SRR29244496,SRX24763134,SAMN41607185,PRJNA1055047,1,PAIRED,90,3122615,282540172,95,Illumina NovaSeq 6000,RNA-Seq,cDNA,TRANSCRIPTOMIC,total RNA,Pseudomonas aeruginosa UCBPP-PA14,208963,CRISPRi-murA,CRISPRi-murA,ara,Arabinose,0.5,%,0.50000%,360,min,360min,poscon,,,,,,CRISPRi_reference_set,MOCP_0162,MOCP_0162_1,r3,FALSE
GSM8298043,MOCP_0162:ara:0.00000%:360min:CRISPRi-parC:MOCP_0162_1:r1,MOCP_0162:ara:0.00000%:CRISPRi-parC:360min:A,A,MOCP_0162_1:CRISPRi-parC:360min,SRR29244721,SRX24763279,SAMN41607298,PRJNA1055047,1,PAIRED,90,3897176,352963947,119,Illumina NovaSeq 6000,RNA-Seq,cDNA,TRANSCRIPTOMIC,total RNA,Pseudomonas aeruginosa UCBPP-PA14,208963,CRISPRi-parC,CRISPRi-parC,ara,Arabinose,0,%,0.00000%,360,min,360min,poscon,,,,,,CRISPRi_not_in_reference_set,MOCP_0162,MOCP_0162_1,r1,FALSE
GSM8298100,MOCP_0162:ara:0.12500%:360min:CRISPRi-parC:MOCP_0162_1:r1,MOCP_0162:ara:0.12500%:CRISPRi-parC:360min:A,A,MOCP_0162_1:CRISPRi-parC:360min,SRR29244504,SRX24763126,SAMN41607241,PRJNA1055047,1,PAIRED,90,2577443,233423393,78,Illumina NovaSeq 6000,RNA-Seq,cDNA,TRANSCRIPTOMIC,total RNA,Pseudomonas aeruginosa UCBPP-PA14,208963,CRISPRi-parC,CRISPRi-parC,ara,Arabinose,0.125,%,0.12500%,360,min,360min,poscon,,,,,,CRISPRi_reference_set,MOCP_0162,MOCP_0162_1,r1,FALSE
GSM8298157,MOCP_0162:ara:0.50000%:360min:CRISPRi-parC:MOCP_0162_1:r1,MOCP_0162:ara:0.50000%:CRISPRi-parC:360min:A,A,MOCP_0162_1:CRISPRi-parC:360min,SRR29244495,SRX24763135,SAMN41607184,PRJNA1055047,1,PAIRED,90,1478436,133953768,45,Illumina NovaSeq 6000,RNA-Seq,cDNA,TRANSCRIPTOMIC,total RNA,Pseudomonas aeruginosa UCBPP-PA14,208963,CRISPRi-parC,CRISPRi-parC,ara,Arabinose,0.5,%,0.50000%,360,min,360min,poscon,,,,,,CRISPRi_reference_set,MOCP_0162,MOCP_0162_1,r1,FALSE
GSM8298044,MOCP_0162:ara:0.00000%:360min:CRISPRi-parC:MOCP_0162_1:r2,MOCP_0162:ara:0.00000%:CRISPRi-parC:360min:A,A,MOCP_0162_1:CRISPRi-parC:360min,SRR29244720,SRX24763280,SAMN41607297,PRJNA1055047,1,PAIRED,90,3475795,314720175,108,Illumina NovaSeq 6000,RNA-Seq,cDNA,TRANSCRIPTOMIC,total RNA,Pseudomonas aeruginosa UCBPP-PA14,208963,CRISPRi-parC,CRISPRi-parC,ara,Arabinose,0,%,0.00000%,360,min,360min,poscon,,,,,,CRISPRi_not_in_reference_set,MOCP_0162,MOCP_0162_1,r2,FALSE
GSM8298101,MOCP_0162:ara:0.12500%:360min:CRISPRi-parC:MOCP_0162_1:r2,MOCP_0162:ara:0.12500%:CRISPRi-parC:360min:A,A,MOCP_0162_1:CRISPRi-parC:360min,SRR29244503,SRX24763127,SAMN41607240,PRJNA1055047,1,PAIRED,90,3878942,351187444,120,Illumina NovaSeq 6000,RNA-Seq,cDNA,TRANSCRIPTOMIC,total RNA,Pseudomonas aeruginosa UCBPP-PA14,208963,CRISPRi-parC,CRISPRi-parC,ara,Arabinose,0.125,%,0.12500%,360,min,360min,poscon,,,,,,CRISPRi_reference_set,MOCP_0162,MOCP_0162_1,r2,FALSE
GSM8298158,MOCP_0162:ara:0.50000%:360min:CRISPRi-parC:MOCP_0162_1:r2,MOCP_0162:ara:0.50000%:CRISPRi-parC:360min:A,A,MOCP_0162_1:CRISPRi-parC:360min,SRR29244494,SRX24763136,SAMN41607183,PRJNA1055047,1,PAIRED,90,1165439,105621687,35,Illumina NovaSeq 6000,RNA-Seq,cDNA,TRANSCRIPTOMIC,total RNA,Pseudomonas aeruginosa UCBPP-PA14,208963,CRISPRi-parC,CRISPRi-parC,ara,Arabinose,0.5,%,0.50000%,360,min,360min,poscon,,,,,,CRISPRi_reference_set,MOCP_0162,MOCP_0162_1,r2,FALSE
GSM8298045,MOCP_0162:ara:0.00000%:360min:CRISPRi-parC:MOCP_0162_1:r3,MOCP_0162:ara:0.00000%:CRISPRi-parC:360min:A,A,MOCP_0162_1:CRISPRi-parC:360min,SRR29244719,SRX24763281,SAMN41607296,PRJNA1055047,1,PAIRED,90,6718548,608483709,208,Illumina NovaSeq 6000,RNA-Seq,cDNA,TRANSCRIPTOMIC,total RNA,Pseudomonas aeruginosa UCBPP-PA14,208963,CRISPRi-parC,CRISPRi-parC,ara,Arabinose,0,%,0.00000%,360,min,360min,poscon,,,,,,CRISPRi_not_in_reference_set,MOCP_0162,MOCP_0162_1,r3,FALSE
GSM8298102,MOCP_0162:ara:0.12500%:360min:CRISPRi-parC:MOCP_0162_1:r3,MOCP_0162:ara:0.12500%:CRISPRi-parC:360min:A,A,MOCP_0162_1:CRISPRi-parC:360min,SRR29244502,SRX24763128,SAMN41607239,PRJNA1055047,1,PAIRED,90,2119555,191776145,65,Illumina NovaSeq 6000,RNA-Seq,cDNA,TRANSCRIPTOMIC,total RNA,Pseudomonas aeruginosa UCBPP-PA14,208963,CRISPRi-parC,CRISPRi-parC,ara,Arabinose,0.125,%,0.12500%,360,min,360min,poscon,,,,,,CRISPRi_reference_set,MOCP_0162,MOCP_0162_1,r3,FALSE
GSM8298046,MOCP_0162:ara:0.00000%:360min:CRISPRi-pbpA:MOCP_0162_1:r1,MOCP_0162:ara:0.00000%:CRISPRi-pbpA:360min:A,A,MOCP_0162_1:CRISPRi-pbpA:360min,SRR29244718,SRX24763282,SAMN41607295,PRJNA1055047,1,PAIRED,90,4507324,408342799,137,Illumina NovaSeq 6000,RNA-Seq,cDNA,TRANSCRIPTOMIC,total RNA,Pseudomonas aeruginosa UCBPP-PA14,208963,CRISPRi-pbpA,CRISPRi-pbpA,ara,Arabinose,0,%,0.00000%,360,min,360min,poscon,,,,,,CRISPRi_not_in_reference_set,MOCP_0162,MOCP_0162_1,r1,FALSE
GSM8298103,MOCP_0162:ara:0.12500%:360min:CRISPRi-pbpA:MOCP_0162_1:r1,MOCP_0162:ara:0.12500%:CRISPRi-pbpA:360min:A,A,MOCP_0162_1:CRISPRi-pbpA:360min,SRR29244501,SRX24763129,SAMN41607238,PRJNA1055047,1,PAIRED,90,2525829,228869399,77,Illumina NovaSeq 6000,RNA-Seq,cDNA,TRANSCRIPTOMIC,total RNA,Pseudomonas aeruginosa UCBPP-PA14,208963,CRISPRi-pbpA,CRISPRi-pbpA,ara,Arabinose,0.125,%,0.12500%,360,min,360min,poscon,,,,,,CRISPRi_reference_set,MOCP_0162,MOCP_0162_1,r1,FALSE
GSM8298159,MOCP_0162:ara:0.50000%:360min:CRISPRi-pbpA:MOCP_0162_1:r1,MOCP_0162:ara:0.50000%:CRISPRi-pbpA:360min:A,A,MOCP_0162_1:CRISPRi-pbpA:360min,SRR29244493,SRX24763137,SAMN41607182,PRJNA1055047,1,PAIRED,90,1373113,124504388,42,Illumina NovaSeq 6000,RNA-Seq,cDNA,TRANSCRIPTOMIC,total RNA,Pseudomonas aeruginosa UCBPP-PA14,208963,CRISPRi-pbpA,CRISPRi-pbpA,ara,Arabinose,0.5,%,0.50000%,360,min,360min,poscon,,,,,,CRISPRi_reference_set,MOCP_0162,MOCP_0162_1,r1,FALSE
GSM8298047,MOCP_0162:ara:0.00000%:360min:CRISPRi-pbpA:MOCP_0162_1:r2,MOCP_0162:ara:0.00000%:CRISPRi-pbpA:360min:A,A,MOCP_0162_1:CRISPRi-pbpA:360min,SRR29244717,SRX24763283,SAMN41607294,PRJNA1055047,1,PAIRED,90,1766190,159549288,54,Illumina NovaSeq 6000,RNA-Seq,cDNA,TRANSCRIPTOMIC,total RNA,Pseudomonas aeruginosa UCBPP-PA14,208963,CRISPRi-pbpA,CRISPRi-pbpA,ara,Arabinose,0,%,0.00000%,360,min,360min,poscon,,,,,,CRISPRi_not_in_reference_set,MOCP_0162,MOCP_0162_1,r2,FALSE
GSM8298104,MOCP_0162:ara:0.12500%:360min:CRISPRi-pbpA:MOCP_0162_1:r2,MOCP_0162:ara:0.12500%:CRISPRi-pbpA:360min:A,A,MOCP_0162_1:CRISPRi-pbpA:360min,SRR29244500,SRX24763130,SAMN41607237,PRJNA1055047,1,PAIRED,90,2245209,202878770,69,Illumina NovaSeq 6000,RNA-Seq,cDNA,TRANSCRIPTOMIC,total RNA,Pseudomonas aeruginosa UCBPP-PA14,208963,CRISPRi-pbpA,CRISPRi-pbpA,ara,Arabinose,0.125,%,0.12500%,360,min,360min,poscon,,,,,,CRISPRi_reference_set,MOCP_0162,MOCP_0162_1,r2,FALSE
GSM8298160,MOCP_0162:ara:0.50000%:360min:CRISPRi-pbpA:MOCP_0162_1:r2,MOCP_0162:ara:0.50000%:CRISPRi-pbpA:360min:A,A,MOCP_0162_1:CRISPRi-pbpA:360min,SRR29244492,SRX24763138,SAMN41607181,PRJNA1055047,1,PAIRED,90,5247587,475577307,158,Illumina NovaSeq 6000,RNA-Seq,cDNA,TRANSCRIPTOMIC,total RNA,Pseudomonas aeruginosa UCBPP-PA14,208963,CRISPRi-pbpA,CRISPRi-pbpA,ara,Arabinose,0.5,%,0.50000%,360,min,360min,poscon,,,,,,CRISPRi_reference_set,MOCP_0162,MOCP_0162_1,r2,FALSE
GSM8298048,MOCP_0162:ara:0.00000%:360min:CRISPRi-pbpA:MOCP_0162_1:r3,MOCP_0162:ara:0.00000%:CRISPRi-pbpA:360min:A,A,MOCP_0162_1:CRISPRi-pbpA:360min,SRR29244716,SRX24763284,SAMN41607293,PRJNA1055047,1,PAIRED,90,3090503,279255431,95,Illumina NovaSeq 6000,RNA-Seq,cDNA,TRANSCRIPTOMIC,total RNA,Pseudomonas aeruginosa UCBPP-PA14,208963,CRISPRi-pbpA,CRISPRi-pbpA,ara,Arabinose,0,%,0.00000%,360,min,360min,poscon,,,,,,CRISPRi_not_in_reference_set,MOCP_0162,MOCP_0162_1,r3,FALSE
GSM8298105,MOCP_0162:ara:0.12500%:360min:CRISPRi-pbpA:MOCP_0162_1:r3,MOCP_0162:ara:0.12500%:CRISPRi-pbpA:360min:A,A,MOCP_0162_1:CRISPRi-pbpA:360min,SRR29244707,SRX24763293,SAMN41607236,PRJNA1055047,1,PAIRED,90,6237404,565305192,191,Illumina NovaSeq 6000,RNA-Seq,cDNA,TRANSCRIPTOMIC,total RNA,Pseudomonas aeruginosa UCBPP-PA14,208963,CRISPRi-pbpA,CRISPRi-pbpA,ara,Arabinose,0.125,%,0.12500%,360,min,360min,poscon,,,,,,CRISPRi_reference_set,MOCP_0162,MOCP_0162_1,r3,FALSE
GSM8298161,MOCP_0162:ara:0.50000%:360min:CRISPRi-pbpA:MOCP_0162_1:r3,MOCP_0162:ara:0.50000%:CRISPRi-pbpA:360min:A,A,MOCP_0162_1:CRISPRi-pbpA:360min,SRR29244491,SRX24763139,SAMN41607180,PRJNA1055047,1,PAIRED,90,5056162,458323155,154,Illumina NovaSeq 6000,RNA-Seq,cDNA,TRANSCRIPTOMIC,total RNA,Pseudomonas aeruginosa UCBPP-PA14,208963,CRISPRi-pbpA,CRISPRi-pbpA,ara,Arabinose,0.5,%,0.50000%,360,min,360min,poscon,,,,,,CRISPRi_reference_set,MOCP_0162,MOCP_0162_1,r3,FALSE
GSM8298049,MOCP_0162:ara:0.00000%:360min:CRISPRi-rplJ:MOCP_0162_1:r1,MOCP_0162:ara:0.00000%:CRISPRi-rplJ:360min:A,A,MOCP_0162_1:CRISPRi-rplJ:360min,SRR29244715,SRX24763285,SAMN41607292,PRJNA1055047,1,PAIRED,90,2159516,195523539,67,Illumina NovaSeq 6000,RNA-Seq,cDNA,TRANSCRIPTOMIC,total RNA,Pseudomonas aeruginosa UCBPP-PA14,208963,CRISPRi-rplJ,CRISPRi-rplJ,ara,Arabinose,0,%,0.00000%,360,min,360min,poscon,,,,,,CRISPRi_not_in_reference_set,MOCP_0162,MOCP_0162_1,r1,TRUE
GSM8298106,MOCP_0162:ara:0.12500%:360min:CRISPRi-rplJ:MOCP_0162_1:r1,MOCP_0162:ara:0.12500%:CRISPRi-rplJ:360min:A,A,MOCP_0162_1:CRISPRi-rplJ:360min,SRR29244706,SRX24763294,SAMN41607235,PRJNA1055047,1,PAIRED,90,2305200,208829144,70,Illumina NovaSeq 6000,RNA-Seq,cDNA,TRANSCRIPTOMIC,total RNA,Pseudomonas aeruginosa UCBPP-PA14,208963,CRISPRi-rplJ,CRISPRi-rplJ,ara,Arabinose,0.125,%,0.12500%,360,min,360min,poscon,,,,,,CRISPRi_reference_set,MOCP_0162,MOCP_0162_1,r1,FALSE
GSM8298162,MOCP_0162:ara:0.50000%:360min:CRISPRi-rplJ:MOCP_0162_1:r1,MOCP_0162:ara:0.50000%:CRISPRi-rplJ:360min:A,A,MOCP_0162_1:CRISPRi-rplJ:360min,SRR29244490,SRX24763140,SAMN41607179,PRJNA1055047,1,PAIRED,90,2024442,183326941,61,Illumina NovaSeq 6000,RNA-Seq,cDNA,TRANSCRIPTOMIC,total RNA,Pseudomonas aeruginosa UCBPP-PA14,208963,CRISPRi-rplJ,CRISPRi-rplJ,ara,Arabinose,0.5,%,0.50000%,360,min,360min,poscon,,,,,,CRISPRi_reference_set,MOCP_0162,MOCP_0162_1,r1,FALSE
GSM8298050,MOCP_0162:ara:0.00000%:360min:CRISPRi-rplJ:MOCP_0162_1:r2,MOCP_0162:ara:0.00000%:CRISPRi-rplJ:360min:A,A,MOCP_0162_1:CRISPRi-rplJ:360min,SRR29244714,SRX24763286,SAMN41607291,PRJNA1055047,1,PAIRED,90,2541112,229965073,79,Illumina NovaSeq 6000,RNA-Seq,cDNA,TRANSCRIPTOMIC,total RNA,Pseudomonas aeruginosa UCBPP-PA14,208963,CRISPRi-rplJ,CRISPRi-rplJ,ara,Arabinose,0,%,0.00000%,360,min,360min,poscon,,,,,,CRISPRi_not_in_reference_set,MOCP_0162,MOCP_0162_1,r2,TRUE
GSM8298107,MOCP_0162:ara:0.12500%:360min:CRISPRi-rplJ:MOCP_0162_1:r2,MOCP_0162:ara:0.12500%:CRISPRi-rplJ:360min:A,A,MOCP_0162_1:CRISPRi-rplJ:360min,SRR29244705,SRX24763295,SAMN41607234,PRJNA1055047,1,PAIRED,90,3162676,286368556,97,Illumina NovaSeq 6000,RNA-Seq,cDNA,TRANSCRIPTOMIC,total RNA,Pseudomonas aeruginosa UCBPP-PA14,208963,CRISPRi-rplJ,CRISPRi-rplJ,ara,Arabinose,0.125,%,0.12500%,360,min,360min,poscon,,,,,,CRISPRi_reference_set,MOCP_0162,MOCP_0162_1,r2,FALSE
GSM8298163,MOCP_0162:ara:0.50000%:360min:CRISPRi-rplJ:MOCP_0162_1:r2,MOCP_0162:ara:0.50000%:CRISPRi-rplJ:360min:A,A,MOCP_0162_1:CRISPRi-rplJ:360min,SRR29244489,SRX24763141,SAMN41607178,PRJNA1055047,1,PAIRED,90,3172843,287477946,97,Illumina NovaSeq 6000,RNA-Seq,cDNA,TRANSCRIPTOMIC,total RNA,Pseudomonas aeruginosa UCBPP-PA14,208963,CRISPRi-rplJ,CRISPRi-rplJ,ara,Arabinose,0.5,%,0.50000%,360,min,360min,poscon,,,,,,CRISPRi_reference_set,MOCP_0162,MOCP_0162_1,r2,FALSE
GSM8298051,MOCP_0162:ara:0.00000%:360min:CRISPRi-rplJ:MOCP_0162_1:r3,MOCP_0162:ara:0.00000%:CRISPRi-rplJ:360min:A,A,MOCP_0162_1:CRISPRi-rplJ:360min,SRR29244713,SRX24763287,SAMN41607290,PRJNA1055047,1,PAIRED,90,2396646,217244228,74,Illumina NovaSeq 6000,RNA-Seq,cDNA,TRANSCRIPTOMIC,total RNA,Pseudomonas aeruginosa UCBPP-PA14,208963,CRISPRi-rplJ,CRISPRi-rplJ,ara,Arabinose,0,%,0.00000%,360,min,360min,poscon,,,,,,CRISPRi_not_in_reference_set,MOCP_0162,MOCP_0162_1,r3,TRUE
GSM8298108,MOCP_0162:ara:0.12500%:360min:CRISPRi-rplJ:MOCP_0162_1:r3,MOCP_0162:ara:0.12500%:CRISPRi-rplJ:360min:A,A,MOCP_0162_1:CRISPRi-rplJ:360min,SRR29244704,SRX24763296,SAMN41607233,PRJNA1055047,1,PAIRED,90,3044052,275507424,93,Illumina NovaSeq 6000,RNA-Seq,cDNA,TRANSCRIPTOMIC,total RNA,Pseudomonas aeruginosa UCBPP-PA14,208963,CRISPRi-rplJ,CRISPRi-rplJ,ara,Arabinose,0.125,%,0.12500%,360,min,360min,poscon,,,,,,CRISPRi_reference_set,MOCP_0162,MOCP_0162_1,r3,FALSE
GSM8298164,MOCP_0162:ara:0.50000%:360min:CRISPRi-rplJ:MOCP_0162_1:r3,MOCP_0162:ara:0.50000%:CRISPRi-rplJ:360min:A,A,MOCP_0162_1:CRISPRi-rplJ:360min,SRR29244488,SRX24763142,SAMN41607177,PRJNA1055047,1,PAIRED,90,1771063,160199554,54,Illumina NovaSeq 6000,RNA-Seq,cDNA,TRANSCRIPTOMIC,total RNA,Pseudomonas aeruginosa UCBPP-PA14,208963,CRISPRi-rplJ,CRISPRi-rplJ,ara,Arabinose,0.5,%,0.50000%,360,min,360min,poscon,,,,,,CRISPRi_reference_set,MOCP_0162,MOCP_0162_1,r3,FALSE
GSM8298052,MOCP_0162:ara:0.00000%:360min:CRISPRi-rpoB:MOCP_0162_1:r1,MOCP_0162:ara:0.00000%:CRISPRi-rpoB:360min:A,A,MOCP_0162_1:CRISPRi-rpoB:360min,SRR29244712,SRX24763288,SAMN41607289,PRJNA1055047,1,PAIRED,90,2061718,186570680,63,Illumina NovaSeq 6000,RNA-Seq,cDNA,TRANSCRIPTOMIC,total RNA,Pseudomonas aeruginosa UCBPP-PA14,208963,CRISPRi-rpoB,CRISPRi-rpoB,ara,Arabinose,0,%,0.00000%,360,min,360min,poscon,,,,,,CRISPRi_not_in_reference_set,MOCP_0162,MOCP_0162_1,r1,FALSE
GSM8298109,MOCP_0162:ara:0.12500%:360min:CRISPRi-rpoB:MOCP_0162_1:r1,MOCP_0162:ara:0.12500%:CRISPRi-rpoB:360min:A,A,MOCP_0162_1:CRISPRi-rpoB:360min,SRR29244703,SRX24763297,SAMN41607232,PRJNA1055047,1,PAIRED,90,2512656,227655586,76,Illumina NovaSeq 6000,RNA-Seq,cDNA,TRANSCRIPTOMIC,total RNA,Pseudomonas aeruginosa UCBPP-PA14,208963,CRISPRi-rpoB,CRISPRi-rpoB,ara,Arabinose,0.125,%,0.12500%,360,min,360min,poscon,,,,,,CRISPRi_reference_set,MOCP_0162,MOCP_0162_1,r1,FALSE
GSM8298165,MOCP_0162:ara:0.50000%:360min:CRISPRi-rpoB:MOCP_0162_1:r1,MOCP_0162:ara:0.50000%:CRISPRi-rpoB:360min:A,A,MOCP_0162_1:CRISPRi-rpoB:360min,SRR29244487,SRX24763143,SAMN41607176,PRJNA1055047,1,PAIRED,90,2262272,204899798,69,Illumina NovaSeq 6000,RNA-Seq,cDNA,TRANSCRIPTOMIC,total RNA,Pseudomonas aeruginosa UCBPP-PA14,208963,CRISPRi-rpoB,CRISPRi-rpoB,ara,Arabinose,0.5,%,0.50000%,360,min,360min,poscon,,,,,,CRISPRi_reference_set,MOCP_0162,MOCP_0162_1,r1,FALSE
GSM8298053,MOCP_0162:ara:0.00000%:360min:CRISPRi-rpoB:MOCP_0162_1:r2,MOCP_0162:ara:0.00000%:CRISPRi-rpoB:360min:A,A,MOCP_0162_1:CRISPRi-rpoB:360min,SRR29244711,SRX24763289,SAMN41607288,PRJNA1055047,1,PAIRED,90,1414119,127595508,44,Illumina NovaSeq 6000,RNA-Seq,cDNA,TRANSCRIPTOMIC,total RNA,Pseudomonas aeruginosa UCBPP-PA14,208963,CRISPRi-rpoB,CRISPRi-rpoB,ara,Arabinose,0,%,0.00000%,360,min,360min,poscon,,,,,,CRISPRi_not_in_reference_set,MOCP_0162,MOCP_0162_1,r2,FALSE
GSM8298110,MOCP_0162:ara:0.12500%:360min:CRISPRi-rpoB:MOCP_0162_1:r2,MOCP_0162:ara:0.12500%:CRISPRi-rpoB:360min:A,A,MOCP_0162_1:CRISPRi-rpoB:360min,SRR29244702,SRX24763298,SAMN41607231,PRJNA1055047,1,PAIRED,90,1844399,166638791,56,Illumina NovaSeq 6000,RNA-Seq,cDNA,TRANSCRIPTOMIC,total RNA,Pseudomonas aeruginosa UCBPP-PA14,208963,CRISPRi-rpoB,CRISPRi-rpoB,ara,Arabinose,0.125,%,0.12500%,360,min,360min,poscon,,,,,,CRISPRi_reference_set,MOCP_0162,MOCP_0162_1,r2,FALSE
GSM8298166,MOCP_0162:ara:0.50000%:360min:CRISPRi-rpoB:MOCP_0162_1:r2,MOCP_0162:ara:0.50000%:CRISPRi-rpoB:360min:A,A,MOCP_0162_1:CRISPRi-rpoB:360min,SRR29244486,SRX24763144,SAMN41607175,PRJNA1055047,1,PAIRED,90,2467833,223582265,74,Illumina NovaSeq 6000,RNA-Seq,cDNA,TRANSCRIPTOMIC,total RNA,Pseudomonas aeruginosa UCBPP-PA14,208963,CRISPRi-rpoB,CRISPRi-rpoB,ara,Arabinose,0.5,%,0.50000%,360,min,360min,poscon,,,,,,CRISPRi_reference_set,MOCP_0162,MOCP_0162_1,r2,FALSE
GSM8298054,MOCP_0162:ara:0.00000%:360min:CRISPRi-rpoB:MOCP_0162_1:r3,MOCP_0162:ara:0.00000%:CRISPRi-rpoB:360min:A,A,MOCP_0162_1:CRISPRi-rpoB:360min,SRR29244710,SRX24763290,SAMN41607287,PRJNA1055047,1,PAIRED,90,4893493,443265354,149,Illumina NovaSeq 6000,RNA-Seq,cDNA,TRANSCRIPTOMIC,total RNA,Pseudomonas aeruginosa UCBPP-PA14,208963,CRISPRi-rpoB,CRISPRi-rpoB,ara,Arabinose,0,%,0.00000%,360,min,360min,poscon,,,,,,CRISPRi_not_in_reference_set,MOCP_0162,MOCP_0162_1,r3,FALSE
GSM8298111,MOCP_0162:ara:0.12500%:360min:CRISPRi-rpoB:MOCP_0162_1:r3,MOCP_0162:ara:0.12500%:CRISPRi-rpoB:360min:A,A,MOCP_0162_1:CRISPRi-rpoB:360min,SRR29244701,SRX24763299,SAMN41607230,PRJNA1055047,1,PAIRED,90,5325517,482675540,162,Illumina NovaSeq 6000,RNA-Seq,cDNA,TRANSCRIPTOMIC,total RNA,Pseudomonas aeruginosa UCBPP-PA14,208963,CRISPRi-rpoB,CRISPRi-rpoB,ara,Arabinose,0.125,%,0.12500%,360,min,360min,poscon,,,,,,CRISPRi_reference_set,MOCP_0162,MOCP_0162_1,r3,FALSE
GSM8298167,MOCP_0162:ara:0.50000%:360min:CRISPRi-rpoB:MOCP_0162_1:r3,MOCP_0162:ara:0.50000%:CRISPRi-rpoB:360min:A,A,MOCP_0162_1:CRISPRi-rpoB:360min,SRR29244485,SRX24763145,SAMN41607174,PRJNA1055047,1,PAIRED,90,3237587,293359299,98,Illumina NovaSeq 6000,RNA-Seq,cDNA,TRANSCRIPTOMIC,total RNA,Pseudomonas aeruginosa UCBPP-PA14,208963,CRISPRi-rpoB,CRISPRi-rpoB,ara,Arabinose,0.5,%,0.50000%,360,min,360min,poscon,,,,,,CRISPRi_reference_set,MOCP_0162,MOCP_0162_1,r3,FALSE
GSM8298055,MOCP_0162:ara:0.00000%:360min:CRISPRi-rpsL:MOCP_0162_1:r1,MOCP_0162:ara:0.00000%:CRISPRi-rpsL:360min:A,A,MOCP_0162_1:CRISPRi-rpsL:360min,SRR29244709,SRX24763291,SAMN41607286,PRJNA1055047,1,PAIRED,90,9251090,838380227,281,Illumina NovaSeq 6000,RNA-Seq,cDNA,TRANSCRIPTOMIC,total RNA,Pseudomonas aeruginosa UCBPP-PA14,208963,CRISPRi-rpsL,CRISPRi-rpsL,ara,Arabinose,0,%,0.00000%,360,min,360min,poscon,,,,,,CRISPRi_not_in_reference_set,MOCP_0162,MOCP_0162_1,r1,TRUE
GSM8298112,MOCP_0162:ara:0.12500%:360min:CRISPRi-rpsL:MOCP_0162_1:r1,MOCP_0162:ara:0.12500%:CRISPRi-rpsL:360min:A,A,MOCP_0162_1:CRISPRi-rpsL:360min,SRR29244700,SRX24763300,SAMN41607229,PRJNA1055047,1,PAIRED,90,6401350,580460485,196,Illumina NovaSeq 6000,RNA-Seq,cDNA,TRANSCRIPTOMIC,total RNA,Pseudomonas aeruginosa UCBPP-PA14,208963,CRISPRi-rpsL,CRISPRi-rpsL,ara,Arabinose,0.125,%,0.12500%,360,min,360min,poscon,,,,,,CRISPRi_not_in_reference_set,MOCP_0162,MOCP_0162_1,r1,TRUE
GSM8298168,MOCP_0162:ara:0.50000%:360min:CRISPRi-rpsL:MOCP_0162_1:r1,MOCP_0162:ara:0.50000%:CRISPRi-rpsL:360min:A,A,MOCP_0162_1:CRISPRi-rpsL:360min,SRR29244484,SRX24763146,SAMN41607173,PRJNA1055047,1,PAIRED,90,7756400,703072124,236,Illumina NovaSeq 6000,RNA-Seq,cDNA,TRANSCRIPTOMIC,total RNA,Pseudomonas aeruginosa UCBPP-PA14,208963,CRISPRi-rpsL,CRISPRi-rpsL,ara,Arabinose,0.5,%,0.50000%,360,min,360min,poscon,,,,,,CRISPRi_reference_set,MOCP_0162,MOCP_0162_1,r1,FALSE
GSM8298056,MOCP_0162:ara:0.00000%:360min:CRISPRi-rpsL:MOCP_0162_1:r2,MOCP_0162:ara:0.00000%:CRISPRi-rpsL:360min:A,A,MOCP_0162_1:CRISPRi-rpsL:360min,SRR29244708,SRX24763292,SAMN41607285,PRJNA1055047,1,PAIRED,90,2703451,244313027,84,Illumina NovaSeq 6000,RNA-Seq,cDNA,TRANSCRIPTOMIC,total RNA,Pseudomonas aeruginosa UCBPP-PA14,208963,CRISPRi-rpsL,CRISPRi-rpsL,ara,Arabinose,0,%,0.00000%,360,min,360min,poscon,,,,,,CRISPRi_not_in_reference_set,MOCP_0162,MOCP_0162_1,r2,TRUE
GSM8298113,MOCP_0162:ara:0.12500%:360min:CRISPRi-rpsL:MOCP_0162_1:r2,MOCP_0162:ara:0.12500%:CRISPRi-rpsL:360min:A,A,MOCP_0162_1:CRISPRi-rpsL:360min,SRR29244699,SRX24763301,SAMN41607228,PRJNA1055047,1,PAIRED,90,6012431,543663850,185,Illumina NovaSeq 6000,RNA-Seq,cDNA,TRANSCRIPTOMIC,total RNA,Pseudomonas aeruginosa UCBPP-PA14,208963,CRISPRi-rpsL,CRISPRi-rpsL,ara,Arabinose,0.125,%,0.12500%,360,min,360min,poscon,,,,,,CRISPRi_not_in_reference_set,MOCP_0162,MOCP_0162_1,r2,TRUE
GSM8298169,MOCP_0162:ara:0.50000%:360min:CRISPRi-rpsL:MOCP_0162_1:r2,MOCP_0162:ara:0.50000%:CRISPRi-rpsL:360min:A,A,MOCP_0162_1:CRISPRi-rpsL:360min,SRR29244691,SRX24763309,SAMN41607172,PRJNA1055047,1,PAIRED,90,7559477,685033849,227,Illumina NovaSeq 6000,RNA-Seq,cDNA,TRANSCRIPTOMIC,total RNA,Pseudomonas aeruginosa UCBPP-PA14,208963,CRISPRi-rpsL,CRISPRi-rpsL,ara,Arabinose,0.5,%,0.50000%,360,min,360min,poscon,,,,,,CRISPRi_reference_set,MOCP_0162,MOCP_0162_1,r2,FALSE
GSM8298057,MOCP_0162:ara:0.00000%:360min:CRISPRi-rpsL:MOCP_0162_1:r3,MOCP_0162:ara:0.00000%:CRISPRi-rpsL:360min:A,A,MOCP_0162_1:CRISPRi-rpsL:360min,SRR29244627,SRX24763035,SAMN41607284,PRJNA1055047,1,PAIRED,90,5902880,534950351,182,Illumina NovaSeq 6000,RNA-Seq,cDNA,TRANSCRIPTOMIC,total RNA,Pseudomonas aeruginosa UCBPP-PA14,208963,CRISPRi-rpsL,CRISPRi-rpsL,ara,Arabinose,0,%,0.00000%,360,min,360min,poscon,,,,,,CRISPRi_not_in_reference_set,MOCP_0162,MOCP_0162_1,r3,TRUE
GSM8298114,MOCP_0162:ara:0.12500%:360min:CRISPRi-rpsL:MOCP_0162_1:r3,MOCP_0162:ara:0.12500%:CRISPRi-rpsL:360min:A,A,MOCP_0162_1:CRISPRi-rpsL:360min,SRR29244698,SRX24763302,SAMN41607227,PRJNA1055047,1,PAIRED,90,5667649,513962461,175,Illumina NovaSeq 6000,RNA-Seq,cDNA,TRANSCRIPTOMIC,total RNA,Pseudomonas aeruginosa UCBPP-PA14,208963,CRISPRi-rpsL,CRISPRi-rpsL,ara,Arabinose,0.125,%,0.12500%,360,min,360min,poscon,,,,,,CRISPRi_not_in_reference_set,MOCP_0162,MOCP_0162_1,r3,TRUE
GSM8298170,MOCP_0162:ara:0.50000%:360min:CRISPRi-rpsL:MOCP_0162_1:r3,MOCP_0162:ara:0.50000%:CRISPRi-rpsL:360min:A,A,MOCP_0162_1:CRISPRi-rpsL:360min,SRR29244690,SRX24763310,SAMN41607171,PRJNA1055047,1,PAIRED,90,10621074,962518840,322,Illumina NovaSeq 6000,RNA-Seq,cDNA,TRANSCRIPTOMIC,total RNA,Pseudomonas aeruginosa UCBPP-PA14,208963,CRISPRi-rpsL,CRISPRi-rpsL,ara,Arabinose,0.5,%,0.50000%,360,min,360min,poscon,,,,,,CRISPRi_reference_set,MOCP_0162,MOCP_0162_1,r3,FALSE
GSM8298058,MOCP_0162:ara:0.00000%:360min:CRISPRi-ssb:MOCP_0162_1:r1,MOCP_0162:ara:0.00000%:CRISPRi-ssb:360min:A,A,MOCP_0162_1:CRISPRi-ssb:360min,SRR29244626,SRX24763036,SAMN41607283,PRJNA1055047,1,PAIRED,90,7987775,723778704,242,Illumina NovaSeq 6000,RNA-Seq,cDNA,TRANSCRIPTOMIC,total RNA,Pseudomonas aeruginosa UCBPP-PA14,208963,CRISPRi-ssb,CRISPRi-ssb,ara,Arabinose,0,%,0.00000%,360,min,360min,poscon,,,,,,CRISPRi_not_in_reference_set,MOCP_0162,MOCP_0162_1,r1,TRUE
GSM8298115,MOCP_0162:ara:0.12500%:360min:CRISPRi-ssb:MOCP_0162_1:r1,MOCP_0162:ara:0.12500%:CRISPRi-ssb:360min:A,A,MOCP_0162_1:CRISPRi-ssb:360min,SRR29244697,SRX24763303,SAMN41607226,PRJNA1055047,1,PAIRED,90,5521951,500489208,169,Illumina NovaSeq 6000,RNA-Seq,cDNA,TRANSCRIPTOMIC,total RNA,Pseudomonas aeruginosa UCBPP-PA14,208963,CRISPRi-ssb,CRISPRi-ssb,ara,Arabinose,0.125,%,0.12500%,360,min,360min,poscon,,,,,,CRISPRi_not_in_reference_set,MOCP_0162,MOCP_0162_1,r1,TRUE
GSM8298171,MOCP_0162:ara:0.50000%:360min:CRISPRi-ssb:MOCP_0162_1:r1,MOCP_0162:ara:0.50000%:CRISPRi-ssb:360min:A,A,MOCP_0162_1:CRISPRi-ssb:360min,SRR29244689,SRX24763311,SAMN41607170,PRJNA1055047,1,PAIRED,90,4073658,369372438,124,Illumina NovaSeq 6000,RNA-Seq,cDNA,TRANSCRIPTOMIC,total RNA,Pseudomonas aeruginosa UCBPP-PA14,208963,CRISPRi-ssb,CRISPRi-ssb,ara,Arabinose,0.5,%,0.50000%,360,min,360min,poscon,,,,,,CRISPRi_reference_set,MOCP_0162,MOCP_0162_1,r1,FALSE
GSM8298059,MOCP_0162:ara:0.00000%:360min:CRISPRi-ssb:MOCP_0162_1:r2,MOCP_0162:ara:0.00000%:CRISPRi-ssb:360min:A,A,MOCP_0162_1:CRISPRi-ssb:360min,SRR29244625,SRX24763037,SAMN41607282,PRJNA1055047,1,PAIRED,90,4019402,363208591,125,Illumina NovaSeq 6000,RNA-Seq,cDNA,TRANSCRIPTOMIC,total RNA,Pseudomonas aeruginosa UCBPP-PA14,208963,CRISPRi-ssb,CRISPRi-ssb,ara,Arabinose,0,%,0.00000%,360,min,360min,poscon,,,,,,CRISPRi_not_in_reference_set,MOCP_0162,MOCP_0162_1,r2,TRUE
GSM8298116,MOCP_0162:ara:0.12500%:360min:CRISPRi-ssb:MOCP_0162_1:r2,MOCP_0162:ara:0.12500%:CRISPRi-ssb:360min:A,A,MOCP_0162_1:CRISPRi-ssb:360min,SRR29244696,SRX24763304,SAMN41607225,PRJNA1055047,1,PAIRED,90,5068614,458037953,156,Illumina NovaSeq 6000,RNA-Seq,cDNA,TRANSCRIPTOMIC,total RNA,Pseudomonas aeruginosa UCBPP-PA14,208963,CRISPRi-ssb,CRISPRi-ssb,ara,Arabinose,0.125,%,0.12500%,360,min,360min,poscon,,,,,,CRISPRi_not_in_reference_set,MOCP_0162,MOCP_0162_1,r2,TRUE
GSM8298172,MOCP_0162:ara:0.50000%:360min:CRISPRi-ssb:MOCP_0162_1:r2,MOCP_0162:ara:0.50000%:CRISPRi-ssb:360min:A,A,MOCP_0162_1:CRISPRi-ssb:360min,SRR29244688,SRX24763312,SAMN41607169,PRJNA1055047,1,PAIRED,90,3358176,304359537,102,Illumina NovaSeq 6000,RNA-Seq,cDNA,TRANSCRIPTOMIC,total RNA,Pseudomonas aeruginosa UCBPP-PA14,208963,CRISPRi-ssb,CRISPRi-ssb,ara,Arabinose,0.5,%,0.50000%,360,min,360min,poscon,,,,,,CRISPRi_reference_set,MOCP_0162,MOCP_0162_1,r2,FALSE
GSM8298060,MOCP_0162:ara:0.00000%:360min:CRISPRi-ssb:MOCP_0162_1:r3,MOCP_0162:ara:0.00000%:CRISPRi-ssb:360min:A,A,MOCP_0162_1:CRISPRi-ssb:360min,SRR29244624,SRX24763038,SAMN41607281,PRJNA1055047,1,PAIRED,90,2594720,234343194,81,Illumina NovaSeq 6000,RNA-Seq,cDNA,TRANSCRIPTOMIC,total RNA,Pseudomonas aeruginosa UCBPP-PA14,208963,CRISPRi-ssb,CRISPRi-ssb,ara,Arabinose,0,%,0.00000%,360,min,360min,poscon,,,,,,CRISPRi_not_in_reference_set,MOCP_0162,MOCP_0162_1,r3,TRUE
GSM8298117,MOCP_0162:ara:0.12500%:360min:CRISPRi-ssb:MOCP_0162_1:r3,MOCP_0162:ara:0.12500%:CRISPRi-ssb:360min:A,A,MOCP_0162_1:CRISPRi-ssb:360min,SRR29244695,SRX24763305,SAMN41607224,PRJNA1055047,1,PAIRED,90,6486117,587927420,201,Illumina NovaSeq 6000,RNA-Seq,cDNA,TRANSCRIPTOMIC,total RNA,Pseudomonas aeruginosa UCBPP-PA14,208963,CRISPRi-ssb,CRISPRi-ssb,ara,Arabinose,0.125,%,0.12500%,360,min,360min,poscon,,,,,,CRISPRi_not_in_reference_set,MOCP_0162,MOCP_0162_1,r3,TRUE
GSM8298173,MOCP_0162:ara:0.50000%:360min:CRISPRi-ssb:MOCP_0162_1:r3,MOCP_0162:ara:0.50000%:CRISPRi-ssb:360min:A,A,MOCP_0162_1:CRISPRi-ssb:360min,SRR29244687,SRX24763313,SAMN41607168,PRJNA1055047,1,PAIRED,90,8399295,761522521,259,Illumina NovaSeq 6000,RNA-Seq,cDNA,TRANSCRIPTOMIC,total RNA,Pseudomonas aeruginosa UCBPP-PA14,208963,CRISPRi-ssb,CRISPRi-ssb,ara,Arabinose,0.5,%,0.50000%,360,min,360min,poscon,,,,,,CRISPRi_reference_set,MOCP_0162,MOCP_0162_1,r3,FALSE
GSM7985000,MOC_1430:ami:4.50000uM:120min:PA14:MOC_1430_1:r1,MOC_1430:ami:4.50000uM:PA14:120min:A,A,MOC_1430_1:PA14:120min,SRR27299913,SRX22977326,SAMN38978461,PRJNA1055047,1,PAIRED,90,11733157,1058878774,422,Illumina NovaSeq 6000,RNA-Seq,cDNA,TRANSCRIPTOMIC,total RNA,Pseudomonas aeruginosa UCBPP-PA14,208963,PA14,PA14,ami,Amikacin,4.5,uM,4.50000uM,120,min,120min,poscon,30S ribosomal subunit,Protein synthesis,Protein synthesis,Aminoglycoside,water,antimicrobial_reference_set,MOC_1430,MOC_1430_1,r1,FALSE
GSM7985001,MOC_1430:ami:4.50000uM:120min:PA14:MOC_1430_1:r2,MOC_1430:ami:4.50000uM:PA14:120min:A,A,MOC_1430_1:PA14:120min,SRR27299911,SRX22977327,SAMN38978460,PRJNA1055047,1,PAIRED,90,9200400,830833571,333,Illumina NovaSeq 6000,RNA-Seq,cDNA,TRANSCRIPTOMIC,total RNA,Pseudomonas aeruginosa UCBPP-PA14,208963,PA14,PA14,ami,Amikacin,4.5,uM,4.50000uM,120,min,120min,poscon,30S ribosomal subunit,Protein synthesis,Protein synthesis,Aminoglycoside,water,antimicrobial_reference_set,MOC_1430,MOC_1430_1,r2,FALSE
GSM7985002,MOC_1430:ami:4.50000uM:120min:PA14:MOC_1430_1:r3,MOC_1430:ami:4.50000uM:PA14:120min:A,A,MOC_1430_1:PA14:120min,SRR27300232,SRX22977721,SAMN38978459,PRJNA1055047,1,PAIRED,90,8257365,745951933,296,Illumina NovaSeq 6000,RNA-Seq,cDNA,TRANSCRIPTOMIC,total RNA,Pseudomonas aeruginosa UCBPP-PA14,208963,PA14,PA14,ami,Amikacin,4.5,uM,4.50000uM,120,min,120min,poscon,30S ribosomal subunit,Protein synthesis,Protein synthesis,Aminoglycoside,water,antimicrobial_reference_set,MOC_1430,MOC_1430_1,r3,FALSE
GSM8297863,MOC_1430:aztreo:37.50000uM:120min:PA14:MOC_1430_1:r1,MOC_1430:aztreo:37.50000uM:PA14:120min:A,A,MOC_1430_1:PA14:120min,SRR29244934;SRR29244935,SRX24763147,SAMN41607478,PRJNA1055047,2,SINGLE,41,15558044,701579966,323,Illumina NovaSeq 6000,RNA-Seq,cDNA,TRANSCRIPTOMIC,total RNA,Pseudomonas aeruginosa UCBPP-PA14,208963,PA14,PA14,aztreo,Aztreonam,37.5,uM,37.50000uM,120,min,120min,poscon,,,,,,weak_signal_removed_from_antimicrobial_reference_set,MOC_1430,MOC_1430_1,r1,TRUE
GSM8297864,MOC_1430:aztreo:37.50000uM:120min:PA14:MOC_1430_1:r2,MOC_1430:aztreo:37.50000uM:PA14:120min:A,A,MOC_1430_1:PA14:120min,SRR29244932;SRR29244933,SRX24763148,SAMN41607477,PRJNA1055047,2,SINGLE,41,15851324,715663123,329,Illumina NovaSeq 6000,RNA-Seq,cDNA,TRANSCRIPTOMIC,total RNA,Pseudomonas aeruginosa UCBPP-PA14,208963,PA14,PA14,aztreo,Aztreonam,37.5,uM,37.50000uM,120,min,120min,poscon,,,,,,weak_signal_removed_from_antimicrobial_reference_set,MOC_1430,MOC_1430_1,r2,TRUE
GSM8297865,MOC_1430:aztreo:37.50000uM:120min:PA14:MOC_1430_1:r3,MOC_1430:aztreo:37.50000uM:PA14:120min:A,A,MOC_1430_1:PA14:120min,SRR29244818;SRR29244819,SRX24763229,SAMN41607476,PRJNA1055047,2,SINGLE,41,9739612,440116100,203,Illumina NovaSeq 6000,RNA-Seq,cDNA,TRANSCRIPTOMIC,total RNA,Pseudomonas aeruginosa UCBPP-PA14,208963,PA14,PA14,aztreo,Aztreonam,37.5,uM,37.50000uM,120,min,120min,poscon,,,,,,weak_signal_removed_from_antimicrobial_reference_set,MOC_1430,MOC_1430_1,r3,TRUE
GSM7985012,MOC_1430:carb:600.00000uM:120min:PA14:MOC_1430_1:r1,MOC_1430:carb:600.00000uM:PA14:120min:A,A,MOC_1430_1:PA14:120min,SRR27300218,SRX22977731,SAMN38978449,PRJNA1055047,1,PAIRED,90,7131037,644155111,257,Illumina NovaSeq 6000,RNA-Seq,cDNA,TRANSCRIPTOMIC,total RNA,Pseudomonas aeruginosa UCBPP-PA14,208963,PA14,PA14,carb,Carbenicillin,600,uM,600.00000uM,120,min,120min,poscon,PBP,Cell wall synthesis,Cell wall biogenesis,B-lactam,water,antimicrobial_reference_set,MOC_1430,MOC_1430_1,r1,FALSE
GSM7985013,MOC_1430:carb:600.00000uM:120min:PA14:MOC_1430_1:r2,MOC_1430:carb:600.00000uM:PA14:120min:A,A,MOC_1430_1:PA14:120min,SRR27300217,SRX22977732,SAMN38978448,PRJNA1055047,1,PAIRED,90,5009912,452687086,180,Illumina NovaSeq 6000,RNA-Seq,cDNA,TRANSCRIPTOMIC,total RNA,Pseudomonas aeruginosa UCBPP-PA14,208963,PA14,PA14,carb,Carbenicillin,600,uM,600.00000uM,120,min,120min,poscon,PBP,Cell wall synthesis,Cell wall biogenesis,B-lactam,water,antimicrobial_reference_set,MOC_1430,MOC_1430_1,r2,FALSE
GSM7985014,MOC_1430:carb:600.00000uM:120min:PA14:MOC_1430_1:r3,MOC_1430:carb:600.00000uM:PA14:120min:A,A,MOC_1430_1:PA14:120min,SRR27300216,SRX22977733,SAMN38978447,PRJNA1055047,1,PAIRED,90,6476148,584542916,234,Illumina NovaSeq 6000,RNA-Seq,cDNA,TRANSCRIPTOMIC,total RNA,Pseudomonas aeruginosa UCBPP-PA14,208963,PA14,PA14,carb,Carbenicillin,600,uM,600.00000uM,120,min,120min,poscon,PBP,Cell wall synthesis,Cell wall biogenesis,B-lactam,water,antimicrobial_reference_set,MOC_1430,MOC_1430_1,r3,FALSE
GSM7985024,MOC_1430:ceftaz:24.00000uM:120min:PA14:MOC_1430_1:r1,MOC_1430:ceftaz:24.00000uM:PA14:120min:A,A,MOC_1430_1:PA14:120min,SRR27300353,SRX22977949,SAMN38978437,PRJNA1055047,1,PAIRED,90,5904234,533246123,212,Illumina NovaSeq 6000,RNA-Seq,cDNA,TRANSCRIPTOMIC,total RNA,Pseudomonas aeruginosa UCBPP-PA14,208963,PA14,PA14,ceftaz,Ceftazidime,24,uM,24.00000uM,120,min,120min,poscon,PBP,Cell wall synthesis,Cell wall biogenesis,B-lactam,water,antimicrobial_reference_set,MOC_1430,MOC_1430_1,r1,FALSE
GSM7985025,MOC_1430:ceftaz:24.00000uM:120min:PA14:MOC_1430_1:r2,MOC_1430:ceftaz:24.00000uM:PA14:120min:A,A,MOC_1430_1:PA14:120min,SRR27300351,SRX22977950,SAMN38978436,PRJNA1055047,1,PAIRED,90,7074230,638901542,255,Illumina NovaSeq 6000,RNA-Seq,cDNA,TRANSCRIPTOMIC,total RNA,Pseudomonas aeruginosa UCBPP-PA14,208963,PA14,PA14,ceftaz,Ceftazidime,24,uM,24.00000uM,120,min,120min,poscon,PBP,Cell wall synthesis,Cell wall biogenesis,B-lactam,water,antimicrobial_reference_set,MOC_1430,MOC_1430_1,r2,FALSE
GSM7985026,MOC_1430:ceftaz:24.00000uM:120min:PA14:MOC_1430_1:r3,MOC_1430:ceftaz:24.00000uM:PA14:120min:A,A,MOC_1430_1:PA14:120min,SRR27300350,SRX22977951,SAMN38978435,PRJNA1055047,1,PAIRED,90,7094793,640724262,256,Illumina NovaSeq 6000,RNA-Seq,cDNA,TRANSCRIPTOMIC,total RNA,Pseudomonas aeruginosa UCBPP-PA14,208963,PA14,PA14,ceftaz,Ceftazidime,24,uM,24.00000uM,120,min,120min,poscon,PBP,Cell wall synthesis,Cell wall biogenesis,B-lactam,water,antimicrobial_reference_set,MOC_1430,MOC_1430_1,r3,FALSE
GSM7985030,MOC_1430:cip:0.75000uM:120min:PA14:MOC_1430_1:r1,MOC_1430:cip:0.75000uM:PA14:120min:A,A,MOC_1430_1:PA14:120min,SRR27300346,SRX22977955,SAMN38978431,PRJNA1055047,1,PAIRED,90,7771570,702315675,280,Illumina NovaSeq 6000,RNA-Seq,cDNA,TRANSCRIPTOMIC,total RNA,Pseudomonas aeruginosa UCBPP-PA14,208963,PA14,PA14,cip,Ciprofloxacin,0.75,uM,0.75000uM,120,min,120min,poscon,GyrA/ParC,DNA synthesis,DNA synthesis,Quinolone,water,antimicrobial_reference_set,MOC_1430,MOC_1430_1,r1,FALSE
GSM7985031,MOC_1430:cip:0.75000uM:120min:PA14:MOC_1430_1:r2,MOC_1430:cip:0.75000uM:PA14:120min:A,A,MOC_1430_1:PA14:120min,SRR27300345,SRX22977956,SAMN38978430,PRJNA1055047,1,PAIRED,90,6806269,614352674,245,Illumina NovaSeq 6000,RNA-Seq,cDNA,TRANSCRIPTOMIC,total RNA,Pseudomonas aeruginosa UCBPP-PA14,208963,PA14,PA14,cip,Ciprofloxacin,0.75,uM,0.75000uM,120,min,120min,poscon,GyrA/ParC,DNA synthesis,DNA synthesis,Quinolone,water,antimicrobial_reference_set,MOC_1430,MOC_1430_1,r2,FALSE
GSM7985032,MOC_1430:cip:0.75000uM:120min:PA14:MOC_1430_1:r3,MOC_1430:cip:0.75000uM:PA14:120min:A,A,MOC_1430_1:PA14:120min,SRR27300344,SRX22977957,SAMN38978429,PRJNA1055047,1,PAIRED,90,8924105,805900206,322,Illumina NovaSeq 6000,RNA-Seq,cDNA,TRANSCRIPTOMIC,total RNA,Pseudomonas aeruginosa UCBPP-PA14,208963,PA14,PA14,cip,Ciprofloxacin,0.75,uM,0.75000uM,120,min,120min,poscon,GyrA/ParC,DNA synthesis,DNA synthesis,Quinolone,water,antimicrobial_reference_set,MOC_1430,MOC_1430_1,r3,FALSE
GSM7985042,MOC_1430:clari:300.00000uM:120min:PA14:MOC_1430_1:r1,MOC_1430:clari:300.00000uM:PA14:120min:A,A,MOC_1430_1:PA14:120min,SRR27299902,SRX22977336,SAMN38978419,PRJNA1055047,1,PAIRED,90,15092245,1366463285,545,Illumina NovaSeq 6000,RNA-Seq,cDNA,TRANSCRIPTOMIC,total RNA,Pseudomonas aeruginosa UCBPP-PA14,208963,PA14,PA14,clari,Clarithromycin,300,uM,300.00000uM,120,min,120min,poscon,50s ribosomal subunit,Protein synthesis,Protein synthesis,Macrolide,dmso,antimicrobial_reference_set,MOC_1430,MOC_1430_1,r1,FALSE
GSM7985043,MOC_1430:clari:300.00000uM:120min:PA14:MOC_1430_1:r2,MOC_1430:clari:300.00000uM:PA14:120min:A,A,MOC_1430_1:PA14:120min,SRR27299901,SRX22977337,SAMN38978418,PRJNA1055047,1,PAIRED,90,15806193,1427956826,568,Illumina NovaSeq 6000,RNA-Seq,cDNA,TRANSCRIPTOMIC,total RNA,Pseudomonas aeruginosa UCBPP-PA14,208963,PA14,PA14,clari,Clarithromycin,300,uM,300.00000uM,120,min,120min,poscon,50s ribosomal subunit,Protein synthesis,Protein synthesis,Macrolide,dmso,antimicrobial_reference_set,MOC_1430,MOC_1430_1,r2,FALSE
GSM7985044,MOC_1430:clari:300.00000uM:120min:PA14:MOC_1430_1:r3,MOC_1430:clari:300.00000uM:PA14:120min:A,A,MOC_1430_1:PA14:120min,SRR27299900,SRX22977338,SAMN38978417,PRJNA1055047,1,PAIRED,90,17208883,1553324602,619,Illumina NovaSeq 6000,RNA-Seq,cDNA,TRANSCRIPTOMIC,total RNA,Pseudomonas aeruginosa UCBPP-PA14,208963,PA14,PA14,clari,Clarithromycin,300,uM,300.00000uM,120,min,120min,poscon,50s ribosomal subunit,Protein synthesis,Protein synthesis,Macrolide,dmso,antimicrobial_reference_set,MOC_1430,MOC_1430_1,r3,FALSE
GSM7985054,MOC_1430:col:3.00000uM:120min:PA14:MOC_1430_1:r1,MOC_1430:col:3.00000uM:PA14:120min:A,A,MOC_1430_1:PA14:120min,SRR27299972,SRX22977612,SAMN38978407,PRJNA1055047,1,PAIRED,90,10814316,978470601,387,Illumina NovaSeq 6000,RNA-Seq,cDNA,TRANSCRIPTOMIC,total RNA,Pseudomonas aeruginosa UCBPP-PA14,208963,PA14,PA14,col,Colistin,3,uM,3.00000uM,120,min,120min,poscon,LPS,Membrane Integrity,Inner membrane toxicity,AMP,water,antimicrobial_reference_set,MOC_1430,MOC_1430_1,r1,FALSE
GSM7985055,MOC_1430:col:3.00000uM:120min:PA14:MOC_1430_1:r2,MOC_1430:col:3.00000uM:PA14:120min:A,A,MOC_1430_1:PA14:120min,SRR27299970,SRX22977613,SAMN38978406,PRJNA1055047,1,PAIRED,90,5577807,504367943,200,Illumina NovaSeq 6000,RNA-Seq,cDNA,TRANSCRIPTOMIC,total RNA,Pseudomonas aeruginosa UCBPP-PA14,208963,PA14,PA14,col,Colistin,3,uM,3.00000uM,120,min,120min,poscon,LPS,Membrane Integrity,Inner membrane toxicity,AMP,water,antimicrobial_reference_set,MOC_1430,MOC_1430_1,r2,FALSE
GSM7985056,MOC_1430:col:3.00000uM:120min:PA14:MOC_1430_1:r3,MOC_1430:col:3.00000uM:PA14:120min:A,A,MOC_1430_1:PA14:120min,SRR27299969,SRX22977614,SAMN38978405,PRJNA1055047,1,PAIRED,90,13634904,1230444524,487,Illumina NovaSeq 6000,RNA-Seq,cDNA,TRANSCRIPTOMIC,total RNA,Pseudomonas aeruginosa UCBPP-PA14,208963,PA14,PA14,col,Colistin,3,uM,3.00000uM,120,min,120min,poscon,LPS,Membrane Integrity,Inner membrane toxicity,AMP,water,antimicrobial_reference_set,MOC_1430,MOC_1430_1,r3,FALSE
GSM7985066,MOC_1430:dmso:0.50000%:120min:PA14:MOC_1430_1:r1,MOC_1430:dmso:0.50000%:PA14:120min:A,A,MOC_1430_1:PA14:120min,SRR27299890;SRR27299891,SRX22977346,SAMN38978395,PRJNA1055047,2,PAIRED,90,22261686,2010539592,807,Illumina NovaSeq 6000,RNA-Seq,cDNA,TRANSCRIPTOMIC,total RNA,Pseudomonas aeruginosa UCBPP-PA14,208963,PA14,PA14,dmso,dmso,0.5,%,0.50000%,120,min,120min,negcon,Negative control,Negative control,Negative control,Negative control,dmso,antimicrobial_reference_set,MOC_1430,MOC_1430_1,r1,FALSE
GSM7985067,MOC_1430:dmso:0.50000%:120min:PA14:MOC_1430_1:r2,MOC_1430:dmso:0.50000%:PA14:120min:A,A,MOC_1430_1:PA14:120min,SRR27299889;SRR27299912,SRX22977347,SAMN38978394,PRJNA1055047,2,PAIRED,90,20649154,1868862834,743,Illumina NovaSeq 6000,RNA-Seq,cDNA,TRANSCRIPTOMIC,total RNA,Pseudomonas aeruginosa UCBPP-PA14,208963,PA14,PA14,dmso,dmso,0.5,%,0.50000%,120,min,120min,negcon,Negative control,Negative control,Negative control,Negative control,dmso,antimicrobial_reference_set,MOC_1430,MOC_1430_1,r2,FALSE
GSM7985068,MOC_1430:dmso:0.50000%:120min:PA14:MOC_1430_1:r3,MOC_1430:dmso:0.50000%:PA14:120min:A,A,MOC_1430_1:PA14:120min,SRR27299887;SRR27299888,SRX22977348,SAMN38978393,PRJNA1055047,2,PAIRED,90,23660867,2141340164,856,Illumina NovaSeq 6000,RNA-Seq,cDNA,TRANSCRIPTOMIC,total RNA,Pseudomonas aeruginosa UCBPP-PA14,208963,PA14,PA14,dmso,dmso,0.5,%,0.50000%,120,min,120min,negcon,Negative control,Negative control,Negative control,Negative control,dmso,antimicrobial_reference_set,MOC_1430,MOC_1430_1,r3,FALSE
GSM7985078,MOC_1430:erythro:300.00000uM:120min:PA14:MOC_1430_1:r1,MOC_1430:erythro:300.00000uM:PA14:120min:A,A,MOC_1430_1:PA14:120min,SRR27299873,SRX22977358,SAMN38978383,PRJNA1055047,1,PAIRED,90,12404788,1120424165,448,Illumina NovaSeq 6000,RNA-Seq,cDNA,TRANSCRIPTOMIC,total RNA,Pseudomonas aeruginosa UCBPP-PA14,208963,PA14,PA14,erythro,Erythromycin,300,uM,300.00000uM,120,min,120min,poscon,50s ribosomal subunit,Protein synthesis,Protein synthesis,Macrolide,dmso,antimicrobial_reference_set,MOC_1430,MOC_1430_1,r1,FALSE
GSM7985079,MOC_1430:erythro:300.00000uM:120min:PA14:MOC_1430_1:r2,MOC_1430:erythro:300.00000uM:PA14:120min:A,A,MOC_1430_1:PA14:120min,SRR27299872,SRX22977359,SAMN38978382,PRJNA1055047,1,PAIRED,90,7262829,656038026,262,Illumina NovaSeq 6000,RNA-Seq,cDNA,TRANSCRIPTOMIC,total RNA,Pseudomonas aeruginosa UCBPP-PA14,208963,PA14,PA14,erythro,Erythromycin,300,uM,300.00000uM,120,min,120min,poscon,50s ribosomal subunit,Protein synthesis,Protein synthesis,Macrolide,dmso,antimicrobial_reference_set,MOC_1430,MOC_1430_1,r2,FALSE
GSM7985080,MOC_1430:erythro:300.00000uM:120min:PA14:MOC_1430_1:r3,MOC_1430:erythro:300.00000uM:PA14:120min:A,A,MOC_1430_1:PA14:120min,SRR27300342,SRX22977959,SAMN38978381,PRJNA1055047,1,PAIRED,90,11472934,1035981463,415,Illumina NovaSeq 6000,RNA-Seq,cDNA,TRANSCRIPTOMIC,total RNA,Pseudomonas aeruginosa UCBPP-PA14,208963,PA14,PA14,erythro,Erythromycin,300,uM,300.00000uM,120,min,120min,poscon,50s ribosomal subunit,Protein synthesis,Protein synthesis,Macrolide,dmso,antimicrobial_reference_set,MOC_1430,MOC_1430_1,r3,FALSE
GSM7985090,MOC_1430:fosfo:600.00000uM:120min:PA14:MOC_1430_1:r1,MOC_1430:fosfo:600.00000uM:PA14:120min:A,A,MOC_1430_1:PA14:120min,SRR27300332,SRX22977969,SAMN38978371,PRJNA1055047,1,PAIRED,90,9346320,845898714,337,Illumina NovaSeq 6000,RNA-Seq,cDNA,TRANSCRIPTOMIC,total RNA,Pseudomonas aeruginosa UCBPP-PA14,208963,PA14,PA14,fosfo,Fosfomycin,600,uM,600.00000uM,120,min,120min,poscon,MurA,Cell wall synthesis,Cell wall biogenesis,Phosphonic antibiotics,water,antimicrobial_reference_set,MOC_1430,MOC_1430_1,r1,FALSE
GSM7985091,MOC_1430:fosfo:600.00000uM:120min:PA14:MOC_1430_1:r2,MOC_1430:fosfo:600.00000uM:PA14:120min:A,A,MOC_1430_1:PA14:120min,SRR27300331,SRX22977970,SAMN38978370,PRJNA1055047,1,PAIRED,90,10641757,960228494,384,Illumina NovaSeq 6000,RNA-Seq,cDNA,TRANSCRIPTOMIC,total RNA,Pseudomonas aeruginosa UCBPP-PA14,208963,PA14,PA14,fosfo,Fosfomycin,600,uM,600.00000uM,120,min,120min,poscon,MurA,Cell wall synthesis,Cell wall biogenesis,Phosphonic antibiotics,water,antimicrobial_reference_set,MOC_1430,MOC_1430_1,r2,FALSE
GSM7985092,MOC_1430:fosfo:600.00000uM:120min:PA14:MOC_1430_1:r3,MOC_1430:fosfo:600.00000uM:PA14:120min:A,A,MOC_1430_1:PA14:120min,SRR27300330,SRX22977971,SAMN38978369,PRJNA1055047,1,PAIRED,90,10249383,925127721,368,Illumina NovaSeq 6000,RNA-Seq,cDNA,TRANSCRIPTOMIC,total RNA,Pseudomonas aeruginosa UCBPP-PA14,208963,PA14,PA14,fosfo,Fosfomycin,600,uM,600.00000uM,120,min,120min,poscon,MurA,Cell wall synthesis,Cell wall biogenesis,Phosphonic antibiotics,water,antimicrobial_reference_set,MOC_1430,MOC_1430_1,r3,FALSE
GSM7985099,MOC_1430:gent:6.00000uM:120min:PA14:MOC_1430_1:r1,MOC_1430:gent:6.00000uM:PA14:120min:A,A,MOC_1430_1:PA14:120min,SRR27299866,SRX22977363,SAMN38978362,PRJNA1055047,1,PAIRED,90,13261081,1200166184,477,Illumina NovaSeq 6000,RNA-Seq,cDNA,TRANSCRIPTOMIC,total RNA,Pseudomonas aeruginosa UCBPP-PA14,208963,PA14,PA14,gent,Gentamicin,6,uM,6.00000uM,120,min,120min,poscon,30S ribosomal subunit,Protein synthesis,Protein synthesis,Aminoglycoside,water,antimicrobial_reference_set,MOC_1430,MOC_1430_1,r1,FALSE
GSM7985100,MOC_1430:gent:6.00000uM:120min:PA14:MOC_1430_1:r2,MOC_1430:gent:6.00000uM:PA14:120min:A,A,MOC_1430_1:PA14:120min,SRR27299865,SRX22977364,SAMN38978361,PRJNA1055047,1,PAIRED,90,9490268,858754504,343,Illumina NovaSeq 6000,RNA-Seq,cDNA,TRANSCRIPTOMIC,total RNA,Pseudomonas aeruginosa UCBPP-PA14,208963,PA14,PA14,gent,Gentamicin,6,uM,6.00000uM,120,min,120min,poscon,30S ribosomal subunit,Protein synthesis,Protein synthesis,Aminoglycoside,water,antimicrobial_reference_set,MOC_1430,MOC_1430_1,r2,FALSE
GSM7985101,MOC_1430:gent:6.00000uM:120min:PA14:MOC_1430_1:r3,MOC_1430:gent:6.00000uM:PA14:120min:A,A,MOC_1430_1:PA14:120min,SRR27299863,SRX22977365,SAMN38978360,PRJNA1055047,1,PAIRED,90,11765469,1062212607,428,Illumina NovaSeq 6000,RNA-Seq,cDNA,TRANSCRIPTOMIC,total RNA,Pseudomonas aeruginosa UCBPP-PA14,208963,PA14,PA14,gent,Gentamicin,6,uM,6.00000uM,120,min,120min,poscon,30S ribosomal subunit,Protein synthesis,Protein synthesis,Aminoglycoside,water,antimicrobial_reference_set,MOC_1430,MOC_1430_1,r3,FALSE
GSM7985111,MOC_1430:imi:9.00000uM:120min:PA14:MOC_1430_1:r1,MOC_1430:imi:9.00000uM:PA14:120min:A,A,MOC_1430_1:PA14:120min,SRR27299852,SRX22977375,SAMN38978350,PRJNA1055047,1,PAIRED,90,7733308,699586824,280,Illumina NovaSeq 6000,RNA-Seq,cDNA,TRANSCRIPTOMIC,total RNA,Pseudomonas aeruginosa UCBPP-PA14,208963,PA14,PA14,imi,Imipenem,9,uM,9.00000uM,120,min,120min,poscon,PBP,Cell wall synthesis,Cell wall biogenesis,B-lactam,water,antimicrobial_reference_set,MOC_1430,MOC_1430_1,r1,FALSE
GSM7985112,MOC_1430:imi:9.00000uM:120min:PA14:MOC_1430_1:r2,MOC_1430:imi:9.00000uM:PA14:120min:A,A,MOC_1430_1:PA14:120min,SRR27300212,SRX22977737,SAMN38978349,PRJNA1055047,1,PAIRED,90,6354784,573154746,230,Illumina NovaSeq 6000,RNA-Seq,cDNA,TRANSCRIPTOMIC,total RNA,Pseudomonas aeruginosa UCBPP-PA14,208963,PA14,PA14,imi,Imipenem,9,uM,9.00000uM,120,min,120min,poscon,PBP,Cell wall synthesis,Cell wall biogenesis,B-lactam,water,antimicrobial_reference_set,MOC_1430,MOC_1430_1,r2,FALSE
GSM7985113,MOC_1430:imi:9.00000uM:120min:PA14:MOC_1430_1:r3,MOC_1430:imi:9.00000uM:PA14:120min:A,A,MOC_1430_1:PA14:120min,SRR27300211,SRX22977738,SAMN38978348,PRJNA1055047,1,PAIRED,90,9119914,822517296,329,Illumina NovaSeq 6000,RNA-Seq,cDNA,TRANSCRIPTOMIC,total RNA,Pseudomonas aeruginosa UCBPP-PA14,208963,PA14,PA14,imi,Imipenem,9,uM,9.00000uM,120,min,120min,poscon,PBP,Cell wall synthesis,Cell wall biogenesis,B-lactam,water,antimicrobial_reference_set,MOC_1430,MOC_1430_1,r3,FALSE
GSM7985123,MOC_1430:levo:4.50000uM:120min:PA14:MOC_1430_1:r1,MOC_1430:levo:4.50000uM:PA14:120min:A,A,MOC_1430_1:PA14:120min,SRR27300201,SRX22977748,SAMN38978338,PRJNA1055047,1,PAIRED,90,9866640,893019189,358,Illumina NovaSeq 6000,RNA-Seq,cDNA,TRANSCRIPTOMIC,total RNA,Pseudomonas aeruginosa UCBPP-PA14,208963,PA14,PA14,levo,Levofloxacin,4.5,uM,4.50000uM,120,min,120min,poscon,GyrA/ParC,DNA synthesis,DNA synthesis,Quinolone,water,antimicrobial_reference_set,MOC_1430,MOC_1430_1,r1,FALSE
GSM7985124,MOC_1430:levo:4.50000uM:120min:PA14:MOC_1430_1:r2,MOC_1430:levo:4.50000uM:PA14:120min:A,A,MOC_1430_1:PA14:120min,SRR27300200,SRX22977749,SAMN38978337,PRJNA1055047,1,PAIRED,90,7560050,684311393,274,Illumina NovaSeq 6000,RNA-Seq,cDNA,TRANSCRIPTOMIC,total RNA,Pseudomonas aeruginosa UCBPP-PA14,208963,PA14,PA14,levo,Levofloxacin,4.5,uM,4.50000uM,120,min,120min,poscon,GyrA/ParC,DNA synthesis,DNA synthesis,Quinolone,water,antimicrobial_reference_set,MOC_1430,MOC_1430_1,r2,FALSE
GSM7985125,MOC_1430:levo:4.50000uM:120min:PA14:MOC_1430_1:r3,MOC_1430:levo:4.50000uM:PA14:120min:A,A,MOC_1430_1:PA14:120min,SRR27300199,SRX22977750,SAMN38978336,PRJNA1055047,1,PAIRED,90,13402250,1210044602,486,Illumina NovaSeq 6000,RNA-Seq,cDNA,TRANSCRIPTOMIC,total RNA,Pseudomonas aeruginosa UCBPP-PA14,208963,PA14,PA14,levo,Levofloxacin,4.5,uM,4.50000uM,120,min,120min,poscon,GyrA/ParC,DNA synthesis,DNA synthesis,Quinolone,water,antimicrobial_reference_set,MOC_1430,MOC_1430_1,r3,FALSE
GSM7985135,MOC_1430:mero:2.40000uM:120min:PA14:MOC_1430_1:r1,MOC_1430:mero:2.40000uM:PA14:120min:A,A,MOC_1430_1:PA14:120min,SRR27299952,SRX22977629,SAMN38978326,PRJNA1055047,1,PAIRED,90,10457843,944827993,376,Illumina NovaSeq 6000,RNA-Seq,cDNA,TRANSCRIPTOMIC,total RNA,Pseudomonas aeruginosa UCBPP-PA14,208963,PA14,PA14,mero,Meropenem,2.4,uM,2.40000uM,120,min,120min,poscon,PBP,Cell wall synthesis,Cell wall biogenesis,B-lactam,dmso,antimicrobial_reference_set,MOC_1430,MOC_1430_1,r1,FALSE
GSM7985136,MOC_1430:mero:2.40000uM:120min:PA14:MOC_1430_1:r2,MOC_1430:mero:2.40000uM:PA14:120min:A,A,MOC_1430_1:PA14:120min,SRR27299951,SRX22977630,SAMN38978325,PRJNA1055047,1,PAIRED,90,8363907,754745964,301,Illumina NovaSeq 6000,RNA-Seq,cDNA,TRANSCRIPTOMIC,total RNA,Pseudomonas aeruginosa UCBPP-PA14,208963,PA14,PA14,mero,Meropenem,2.4,uM,2.40000uM,120,min,120min,poscon,PBP,Cell wall synthesis,Cell wall biogenesis,B-lactam,dmso,antimicrobial_reference_set,MOC_1430,MOC_1430_1,r2,FALSE
GSM7985137,MOC_1430:mero:2.40000uM:120min:PA14:MOC_1430_1:r3,MOC_1430:mero:2.40000uM:PA14:120min:A,A,MOC_1430_1:PA14:120min,SRR27299950,SRX22977631,SAMN38978324,PRJNA1055047,1,PAIRED,90,12747114,1151387754,461,Illumina NovaSeq 6000,RNA-Seq,cDNA,TRANSCRIPTOMIC,total RNA,Pseudomonas aeruginosa UCBPP-PA14,208963,PA14,PA14,mero,Meropenem,2.4,uM,2.40000uM,120,min,120min,poscon,PBP,Cell wall synthesis,Cell wall biogenesis,B-lactam,dmso,antimicrobial_reference_set,MOC_1430,MOC_1430_1,r3,FALSE
GSM7985147,MOC_1430:mino:37.50000uM:120min:PA14:MOC_1430_1:r1,MOC_1430:mino:37.50000uM:PA14:120min:A,A,MOC_1430_1:PA14:120min,SRR27299940,SRX22977641,SAMN38978314,PRJNA1055047,1,PAIRED,90,23137260,2089560678,834,Illumina NovaSeq 6000,RNA-Seq,cDNA,TRANSCRIPTOMIC,total RNA,Pseudomonas aeruginosa UCBPP-PA14,208963,PA14,PA14,mino,Minocycline,37.5,uM,37.50000uM,120,min,120min,poscon,30S ribosomal subunit,Protein synthesis,Protein synthesis,Tetracycline,dmso,antimicrobial_reference_set,MOC_1430,MOC_1430_1,r1,FALSE
GSM7985148,MOC_1430:mino:37.50000uM:120min:PA14:MOC_1430_1:r2,MOC_1430:mino:37.50000uM:PA14:120min:A,A,MOC_1430_1:PA14:120min,SRR27299939,SRX22977642,SAMN38978313,PRJNA1055047,1,PAIRED,90,21950644,1984211097,791,Illumina NovaSeq 6000,RNA-Seq,cDNA,TRANSCRIPTOMIC,total RNA,Pseudomonas aeruginosa UCBPP-PA14,208963,PA14,PA14,mino,Minocycline,37.5,uM,37.50000uM,120,min,120min,poscon,30S ribosomal subunit,Protein synthesis,Protein synthesis,Tetracycline,dmso,antimicrobial_reference_set,MOC_1430,MOC_1430_1,r2,FALSE
GSM7985149,MOC_1430:mino:37.50000uM:120min:PA14:MOC_1430_1:r3,MOC_1430:mino:37.50000uM:PA14:120min:A,A,MOC_1430_1:PA14:120min,SRR27299938,SRX22977643,SAMN38978312,PRJNA1055047,1,PAIRED,90,19021884,1718927548,685,Illumina NovaSeq 6000,RNA-Seq,cDNA,TRANSCRIPTOMIC,total RNA,Pseudomonas aeruginosa UCBPP-PA14,208963,PA14,PA14,mino,Minocycline,37.5,uM,37.50000uM,120,min,120min,poscon,30S ribosomal subunit,Protein synthesis,Protein synthesis,Tetracycline,dmso,antimicrobial_reference_set,MOC_1430,MOC_1430_1,r3,FALSE
GSM7985159,MOC_1430:novo:750.00000uM:120min:PA14:MOC_1430_1:r1,MOC_1430:novo:750.00000uM:PA14:120min:A,A,MOC_1430_1:PA14:120min,SRR27299928,SRX22977653,SAMN38978302,PRJNA1055047,1,PAIRED,90,9008574,813563779,327,Illumina NovaSeq 6000,RNA-Seq,cDNA,TRANSCRIPTOMIC,total RNA,Pseudomonas aeruginosa UCBPP-PA14,208963,PA14,PA14,novo,Novobiocin,750,uM,750.00000uM,120,min,120min,poscon,GyrB,DNA synthesis,DNA synthesis,Aminocoumarin,dmso,antimicrobial_reference_set,MOC_1430,MOC_1430_1,r1,FALSE
GSM7985160,MOC_1430:novo:750.00000uM:120min:PA14:MOC_1430_1:r2,MOC_1430:novo:750.00000uM:PA14:120min:A,A,MOC_1430_1:PA14:120min,SRR27299851,SRX22977376,SAMN38978301,PRJNA1055047,1,PAIRED,90,6679630,603191019,242,Illumina NovaSeq 6000,RNA-Seq,cDNA,TRANSCRIPTOMIC,total RNA,Pseudomonas aeruginosa UCBPP-PA14,208963,PA14,PA14,novo,Novobiocin,750,uM,750.00000uM,120,min,120min,poscon,GyrB,DNA synthesis,DNA synthesis,Aminocoumarin,dmso,antimicrobial_reference_set,MOC_1430,MOC_1430_1,r2,FALSE
GSM7985161,MOC_1430:novo:750.00000uM:120min:PA14:MOC_1430_1:r3,MOC_1430:novo:750.00000uM:PA14:120min:A,A,MOC_1430_1:PA14:120min,SRR27299850,SRX22977377,SAMN38978300,PRJNA1055047,1,PAIRED,90,6959359,629348287,252,Illumina NovaSeq 6000,RNA-Seq,cDNA,TRANSCRIPTOMIC,total RNA,Pseudomonas aeruginosa UCBPP-PA14,208963,PA14,PA14,novo,Novobiocin,750,uM,750.00000uM,120,min,120min,poscon,GyrB,DNA synthesis,DNA synthesis,Aminocoumarin,dmso,antimicrobial_reference_set,MOC_1430,MOC_1430_1,r3,FALSE
GSM7985171,MOC_1430:pa0918:250.00000uM:120min:PA14:MOC_1430_1:r1,MOC_1430:pa0918:250.00000uM:PA14:120min:A,A,MOC_1430_1:PA14:120min,SRR27299840,SRX22977387,SAMN38978290,PRJNA1055047,1,PAIRED,90,11370188,1025601965,406,Illumina NovaSeq 6000,RNA-Seq,cDNA,TRANSCRIPTOMIC,total RNA,Pseudomonas aeruginosa UCBPP-PA14,208963,PA14,PA14,pa0918,PA-0918,250,uM,250.00000uM,120,min,120min,test,,,,,,internal_test_compounds,MOC_1430,MOC_1430_1,r1,FALSE
GSM7985172,MOC_1430:pa0918:250.00000uM:120min:PA14:MOC_1430_1:r2,MOC_1430:pa0918:250.00000uM:PA14:120min:A,A,MOC_1430_1:PA14:120min,SRR27299839,SRX22977388,SAMN38978289,PRJNA1055047,1,PAIRED,90,10423496,941309001,372,Illumina NovaSeq 6000,RNA-Seq,cDNA,TRANSCRIPTOMIC,total RNA,Pseudomonas aeruginosa UCBPP-PA14,208963,PA14,PA14,pa0918,PA-0918,250,uM,250.00000uM,120,min,120min,test,,,,,,internal_test_compounds,MOC_1430,MOC_1430_1,r2,FALSE
GSM7985173,MOC_1430:pa0918:250.00000uM:120min:PA14:MOC_1430_1:r3,MOC_1430:pa0918:250.00000uM:PA14:120min:A,A,MOC_1430_1:PA14:120min,SRR27299838,SRX22977389,SAMN38978288,PRJNA1055047,1,PAIRED,90,10873164,981812188,387,Illumina NovaSeq 6000,RNA-Seq,cDNA,TRANSCRIPTOMIC,total RNA,Pseudomonas aeruginosa UCBPP-PA14,208963,PA14,PA14,pa0918,PA-0918,250,uM,250.00000uM,120,min,120min,test,,,,,,internal_test_compounds,MOC_1430,MOC_1430_1,r3,FALSE
GSM7985195,MOC_1430:pf1090:1.20000uM:120min:PA14:MOC_1430_1:r1,MOC_1430:pf1090:1.20000uM:PA14:120min:A,A,MOC_1430_1:PA14:120min,SRR27299831,SRX22977395,SAMN38978266,PRJNA1055047,1,PAIRED,90,7796889,703281909,281,Illumina NovaSeq 6000,RNA-Seq,cDNA,TRANSCRIPTOMIC,total RNA,Pseudomonas aeruginosa UCBPP-PA14,208963,PA14,PA14,pf1090,PF-5081090,1.2,uM,1.20000uM,120,min,120min,poscon,LpxC,Membrane Integrity,LPS biosynthesis,Hydroxamic acid,dmso,antimicrobial_reference_set,MOC_1430,MOC_1430_1,r1,FALSE
GSM7985196,MOC_1430:pf1090:1.20000uM:120min:PA14:MOC_1430_1:r2,MOC_1430:pf1090:1.20000uM:PA14:120min:A,A,MOC_1430_1:PA14:120min,SRR27299830,SRX22977396,SAMN38978265,PRJNA1055047,1,PAIRED,90,7385983,665945847,265,Illumina NovaSeq 6000,RNA-Seq,cDNA,TRANSCRIPTOMIC,total RNA,Pseudomonas aeruginosa UCBPP-PA14,208963,PA14,PA14,pf1090,PF-5081090,1.2,uM,1.20000uM,120,min,120min,poscon,LpxC,Membrane Integrity,LPS biosynthesis,Hydroxamic acid,dmso,antimicrobial_reference_set,MOC_1430,MOC_1430_1,r2,FALSE
GSM7985197,MOC_1430:pf1090:1.20000uM:120min:PA14:MOC_1430_1:r3,MOC_1430:pf1090:1.20000uM:PA14:120min:A,A,MOC_1430_1:PA14:120min,SRR27299828,SRX22977397,SAMN38978264,PRJNA1055047,1,PAIRED,90,6769736,610887876,243,Illumina NovaSeq 6000,RNA-Seq,cDNA,TRANSCRIPTOMIC,total RNA,Pseudomonas aeruginosa UCBPP-PA14,208963,PA14,PA14,pf1090,PF-5081090,1.2,uM,1.20000uM,120,min,120min,poscon,LpxC,Membrane Integrity,LPS biosynthesis,Hydroxamic acid,dmso,antimicrobial_reference_set,MOC_1430,MOC_1430_1,r3,FALSE
GSM7985207,MOC_1430:pf3299:1.20000uM:120min:PA14:MOC_1430_1:r1,MOC_1430:pf3299:1.20000uM:PA14:120min:A,A,MOC_1430_1:PA14:120min,SRR27299817,SRX22977407,SAMN38978254,PRJNA1055047,1,PAIRED,90,13628327,1230405087,492,Illumina NovaSeq 6000,RNA-Seq,cDNA,TRANSCRIPTOMIC,total RNA,Pseudomonas aeruginosa UCBPP-PA14,208963,PA14,PA14,pf3299,PF-04753299,1.2,uM,1.20000uM,120,min,120min,poscon,LpxC,Membrane Integrity,LPS biosynthesis,Hydroxamic acid,dmso,antimicrobial_reference_set,MOC_1430,MOC_1430_1,r1,FALSE
GSM7985208,MOC_1430:pf3299:1.20000uM:120min:PA14:MOC_1430_1:r2,MOC_1430:pf3299:1.20000uM:PA14:120min:A,A,MOC_1430_1:PA14:120min,SRR27300196,SRX22977753,SAMN38978253,PRJNA1055047,1,PAIRED,90,10645402,960852487,387,Illumina NovaSeq 6000,RNA-Seq,cDNA,TRANSCRIPTOMIC,total RNA,Pseudomonas aeruginosa UCBPP-PA14,208963,PA14,PA14,pf3299,PF-04753299,1.2,uM,1.20000uM,120,min,120min,poscon,LpxC,Membrane Integrity,LPS biosynthesis,Hydroxamic acid,dmso,antimicrobial_reference_set,MOC_1430,MOC_1430_1,r2,FALSE
GSM7985209,MOC_1430:pf3299:1.20000uM:120min:PA14:MOC_1430_1:r3,MOC_1430:pf3299:1.20000uM:PA14:120min:A,A,MOC_1430_1:PA14:120min,SRR27300194,SRX22977754,SAMN38978252,PRJNA1055047,1,PAIRED,90,11817164,1069235807,426,Illumina NovaSeq 6000,RNA-Seq,cDNA,TRANSCRIPTOMIC,total RNA,Pseudomonas aeruginosa UCBPP-PA14,208963,PA14,PA14,pf3299,PF-04753299,1.2,uM,1.20000uM,120,min,120min,poscon,LpxC,Membrane Integrity,LPS biosynthesis,Hydroxamic acid,dmso,antimicrobial_reference_set,MOC_1430,MOC_1430_1,r3,FALSE
GSM7985219,MOC_1430:pg1:6.00000uM:120min:PA14:MOC_1430_1:r1,MOC_1430:pg1:6.00000uM:PA14:120min:A,A,MOC_1430_1:PA14:120min,SRR27300182,SRX22977764,SAMN38978242,PRJNA1055047,1,PAIRED,90,3360572,303325769,121,Illumina NovaSeq 6000,RNA-Seq,cDNA,TRANSCRIPTOMIC,total RNA,Pseudomonas aeruginosa UCBPP-PA14,208963,PA14,PA14,pg1,Protegrin-1,6,uM,6.00000uM,120,min,120min,poscon,LPS,Membrane Integrity,Membrane Integrity,AMP,dmso,antimicrobial_reference_set,MOC_1430,MOC_1430_1,r1,FALSE
GSM7985220,MOC_1430:pg1:6.00000uM:120min:PA14:MOC_1430_1:r2,MOC_1430:pg1:6.00000uM:PA14:120min:A,A,MOC_1430_1:PA14:120min,SRR27300181,SRX22977765,SAMN38978241,PRJNA1055047,1,PAIRED,90,4749928,429152086,171,Illumina NovaSeq 6000,RNA-Seq,cDNA,TRANSCRIPTOMIC,total RNA,Pseudomonas aeruginosa UCBPP-PA14,208963,PA14,PA14,pg1,Protegrin-1,6,uM,6.00000uM,120,min,120min,poscon,LPS,Membrane Integrity,Membrane Integrity,AMP,dmso,antimicrobial_reference_set,MOC_1430,MOC_1430_1,r2,FALSE
GSM7985221,MOC_1430:pg1:6.00000uM:120min:PA14:MOC_1430_1:r3,MOC_1430:pg1:6.00000uM:PA14:120min:A,A,MOC_1430_1:PA14:120min,SRR27300180,SRX22977766,SAMN38978240,PRJNA1055047,1,PAIRED,90,4490096,405311574,162,Illumina NovaSeq 6000,RNA-Seq,cDNA,TRANSCRIPTOMIC,total RNA,Pseudomonas aeruginosa UCBPP-PA14,208963,PA14,PA14,pg1,Protegrin-1,6,uM,6.00000uM,120,min,120min,poscon,LPS,Membrane Integrity,Membrane Integrity,AMP,dmso,antimicrobial_reference_set,MOC_1430,MOC_1430_1,r3,FALSE
GSM8297884,MOC_1430:pip:37.50000uM:120min:PA14:MOC_1430_1:r1,MOC_1430:pip:37.50000uM:PA14:120min:A,A,MOC_1430_1:PA14:120min,SRR29244679;SRR29244680,SRX24763006,SAMN41607457,PRJNA1055047,2,SINGLE,41,21154850,957797382,441,Illumina NovaSeq 6000,RNA-Seq,cDNA,TRANSCRIPTOMIC,total RNA,Pseudomonas aeruginosa UCBPP-PA14,208963,PA14,PA14,pip,Piperacillin,37.5,uM,37.50000uM,120,min,120min,poscon,PBP,Cell wall synthesis,Cell wall biogenesis,B-lactam,water,weak_signal_removed_from_antimicrobial_reference_set,MOC_1430,MOC_1430_1,r1,FALSE
GSM8297885,MOC_1430:pip:37.50000uM:120min:PA14:MOC_1430_1:r2,MOC_1430:pip:37.50000uM:PA14:120min:A,A,MOC_1430_1:PA14:120min,SRR29244677;SRR29244678,SRX24763007,SAMN41607456,PRJNA1055047,2,SINGLE,41,16948700,764257627,351,Illumina NovaSeq 6000,RNA-Seq,cDNA,TRANSCRIPTOMIC,total RNA,Pseudomonas aeruginosa UCBPP-PA14,208963,PA14,PA14,pip,Piperacillin,37.5,uM,37.50000uM,120,min,120min,poscon,PBP,Cell wall synthesis,Cell wall biogenesis,B-lactam,water,weak_signal_removed_from_antimicrobial_reference_set,MOC_1430,MOC_1430_1,r2,FALSE
GSM8297886,MOC_1430:pip:37.50000uM:120min:PA14:MOC_1430_1:r3,MOC_1430:pip:37.50000uM:PA14:120min:A,A,MOC_1430_1:PA14:120min,SRR29244675;SRR29244676,SRX24763008,SAMN41607455,PRJNA1055047,2,SINGLE,41,22700194,1024381787,470,Illumina NovaSeq 6000,RNA-Seq,cDNA,TRANSCRIPTOMIC,total RNA,Pseudomonas aeruginosa UCBPP-PA14,208963,PA14,PA14,pip,Piperacillin,37.5,uM,37.50000uM,120,min,120min,poscon,PBP,Cell wall synthesis,Cell wall biogenesis,B-lactam,water,weak_signal_removed_from_antimicrobial_reference_set,MOC_1430,MOC_1430_1,r3,FALSE
GSM8297896,MOC_1430:pol7001:0.20000uM:120min:PA14:MOC_1430_1:r1,MOC_1430:pol7001:0.20000uM:PA14:120min:A,A,MOC_1430_1:PA14:120min,SRR29244655;SRR29244656,SRX24763018,SAMN41607445,PRJNA1055047,2,SINGLE,41,32332486,1459451612,672,Illumina NovaSeq 6000,RNA-Seq,cDNA,TRANSCRIPTOMIC,total RNA,Pseudomonas aeruginosa UCBPP-PA14,208963,PA14,PA14,pol7001,POL-7001,0.2,uM,0.20000uM,120,min,120min,poscon,LptD,Membrane Integrity,LPS transport,AMP,dmso,weak_signal_removed_from_antimicrobial_reference_set,MOC_1430,MOC_1430_1,r1,TRUE
GSM8297897,MOC_1430:pol7001:0.20000uM:120min:PA14:MOC_1430_1:r2,MOC_1430:pol7001:0.20000uM:PA14:120min:A,A,MOC_1430_1:PA14:120min,SRR29244930;SRR29244931,SRX24763149,SAMN41607444,PRJNA1055047,2,SINGLE,41,18117614,817122388,375,Illumina NovaSeq 6000,RNA-Seq,cDNA,TRANSCRIPTOMIC,total RNA,Pseudomonas aeruginosa UCBPP-PA14,208963,PA14,PA14,pol7001,POL-7001,0.2,uM,0.20000uM,120,min,120min,poscon,LptD,Membrane Integrity,LPS transport,AMP,dmso,weak_signal_removed_from_antimicrobial_reference_set,MOC_1430,MOC_1430_1,r2,TRUE
GSM8297898,MOC_1430:pol7001:0.20000uM:120min:PA14:MOC_1430_1:r3,MOC_1430:pol7001:0.20000uM:PA14:120min:A,A,MOC_1430_1:PA14:120min,SRR29244928;SRR29244929,SRX24763150,SAMN41607443,PRJNA1055047,2,SINGLE,41,19627108,886424296,407,Illumina NovaSeq 6000,RNA-Seq,cDNA,TRANSCRIPTOMIC,total RNA,Pseudomonas aeruginosa UCBPP-PA14,208963,PA14,PA14,pol7001,POL-7001,0.2,uM,0.20000uM,120,min,120min,poscon,LptD,Membrane Integrity,LPS transport,AMP,dmso,weak_signal_removed_from_antimicrobial_reference_set,MOC_1430,MOC_1430_1,r3,TRUE
GSM8297908,MOC_1430:pol7080:0.25000uM:120min:PA14:MOC_1430_1:r1,MOC_1430:pol7080:0.25000uM:PA14:120min:A,A,MOC_1430_1:PA14:120min,SRR29244908;SRR29244909,SRX24763160,SAMN41607433,PRJNA1055047,2,SINGLE,41,18540526,837310763,386,Illumina NovaSeq 6000,RNA-Seq,cDNA,TRANSCRIPTOMIC,total RNA,Pseudomonas aeruginosa UCBPP-PA14,208963,PA14,PA14,pol7080,POL-7080,0.25,uM,0.25000uM,120,min,120min,poscon,LptD,Membrane Integrity,LPS transport,AMP,dmso,weak_signal_removed_from_antimicrobial_reference_set,MOC_1430,MOC_1430_1,r1,TRUE
GSM8297909,MOC_1430:pol7080:0.25000uM:120min:PA14:MOC_1430_1:r2,MOC_1430:pol7080:0.25000uM:PA14:120min:A,A,MOC_1430_1:PA14:120min,SRR29244906;SRR29244907,SRX24763161,SAMN41607432,PRJNA1055047,2,SINGLE,41,24519992,1106965213,510,Illumina NovaSeq 6000,RNA-Seq,cDNA,TRANSCRIPTOMIC,total RNA,Pseudomonas aeruginosa UCBPP-PA14,208963,PA14,PA14,pol7080,POL-7080,0.25,uM,0.25000uM,120,min,120min,poscon,LptD,Membrane Integrity,LPS transport,AMP,dmso,weak_signal_removed_from_antimicrobial_reference_set,MOC_1430,MOC_1430_1,r2,TRUE
GSM8297910,MOC_1430:pol7080:0.25000uM:120min:PA14:MOC_1430_1:r3,MOC_1430:pol7080:0.25000uM:PA14:120min:A,A,MOC_1430_1:PA14:120min,SRR29244904;SRR29244905,SRX24763162,SAMN41607431,PRJNA1055047,2,SINGLE,41,23209292,1047588572,483,Illumina NovaSeq 6000,RNA-Seq,cDNA,TRANSCRIPTOMIC,total RNA,Pseudomonas aeruginosa UCBPP-PA14,208963,PA14,PA14,pol7080,POL-7080,0.25,uM,0.25000uM,120,min,120min,poscon,LptD,Membrane Integrity,LPS transport,AMP,dmso,weak_signal_removed_from_antimicrobial_reference_set,MOC_1430,MOC_1430_1,r3,TRUE
GSM7985231,MOC_1430:tet:108.00000uM:120min:PA14:MOC_1430_1:r1,MOC_1430:tet:108.00000uM:PA14:120min:A,A,MOC_1430_1:PA14:120min,SRR27299700,SRX22977205,SAMN38978230,PRJNA1055047,1,PAIRED,90,17596586,1592621975,636,Illumina NovaSeq 6000,RNA-Seq,cDNA,TRANSCRIPTOMIC,total RNA,Pseudomonas aeruginosa UCBPP-PA14,208963,PA14,PA14,tet,Tetracyclin,108,uM,108.00000uM,120,min,120min,poscon,30S ribosomal subunit,Protein synthesis,Protein synthesis,Tetracycline,water,antimicrobial_reference_set,MOC_1430,MOC_1430_1,r1,FALSE
GSM7985232,MOC_1430:tet:108.00000uM:120min:PA14:MOC_1430_1:r2,MOC_1430:tet:108.00000uM:PA14:120min:A,A,MOC_1430_1:PA14:120min,SRR27299699,SRX22977206,SAMN38978229,PRJNA1055047,1,PAIRED,90,18674460,1690227205,672,Illumina NovaSeq 6000,RNA-Seq,cDNA,TRANSCRIPTOMIC,total RNA,Pseudomonas aeruginosa UCBPP-PA14,208963,PA14,PA14,tet,Tetracyclin,108,uM,108.00000uM,120,min,120min,poscon,30S ribosomal subunit,Protein synthesis,Protein synthesis,Tetracycline,water,antimicrobial_reference_set,MOC_1430,MOC_1430_1,r2,FALSE
GSM7985233,MOC_1430:tet:108.00000uM:120min:PA14:MOC_1430_1:r3,MOC_1430:tet:108.00000uM:PA14:120min:A,A,MOC_1430_1:PA14:120min,SRR27299698,SRX22977207,SAMN38978228,PRJNA1055047,1,PAIRED,90,25997670,2349552781,942,Illumina NovaSeq 6000,RNA-Seq,cDNA,TRANSCRIPTOMIC,total RNA,Pseudomonas aeruginosa UCBPP-PA14,208963,PA14,PA14,tet,Tetracyclin,108,uM,108.00000uM,120,min,120min,poscon,30S ribosomal subunit,Protein synthesis,Protein synthesis,Tetracycline,water,antimicrobial_reference_set,MOC_1430,MOC_1430_1,r3,FALSE
GSM7985243,MOC_1430:tmp:375.00000uM:120min:PA14:MOC_1430_1:r1,MOC_1430:tmp:375.00000uM:PA14:120min:A,A,MOC_1430_1:PA14:120min,SRR27299813,SRX22977411,SAMN38978218,PRJNA1055047,1,PAIRED,90,10096481,911910982,366,Illumina NovaSeq 6000,RNA-Seq,cDNA,TRANSCRIPTOMIC,total RNA,Pseudomonas aeruginosa UCBPP-PA14,208963,PA14,PA14,tmp,Trimethoprim,375,uM,375.00000uM,120,min,120min,poscon,DhfR,DNA synthesis,Folate synthesis,Folate analog,dmso,antimicrobial_reference_set,MOC_1430,MOC_1430_1,r1,FALSE
GSM7985244,MOC_1430:tmp:375.00000uM:120min:PA14:MOC_1430_1:r2,MOC_1430:tmp:375.00000uM:PA14:120min:A,A,MOC_1430_1:PA14:120min,SRR27299812,SRX22977412,SAMN38978217,PRJNA1055047,1,PAIRED,90,6452412,582452673,235,Illumina NovaSeq 6000,RNA-Seq,cDNA,TRANSCRIPTOMIC,total RNA,Pseudomonas aeruginosa UCBPP-PA14,208963,PA14,PA14,tmp,Trimethoprim,375,uM,375.00000uM,120,min,120min,poscon,DhfR,DNA synthesis,Folate synthesis,Folate analog,dmso,antimicrobial_reference_set,MOC_1430,MOC_1430_1,r2,FALSE
GSM7985245,MOC_1430:tmp:375.00000uM:120min:PA14:MOC_1430_1:r3,MOC_1430:tmp:375.00000uM:PA14:120min:A,A,MOC_1430_1:PA14:120min,SRR27299811,SRX22977413,SAMN38978216,PRJNA1055047,1,PAIRED,90,8903234,805505025,322,Illumina NovaSeq 6000,RNA-Seq,cDNA,TRANSCRIPTOMIC,total RNA,Pseudomonas aeruginosa UCBPP-PA14,208963,PA14,PA14,tmp,Trimethoprim,375,uM,375.00000uM,120,min,120min,poscon,DhfR,DNA synthesis,Folate synthesis,Folate analog,dmso,antimicrobial_reference_set,MOC_1430,MOC_1430_1,r3,FALSE
GSM7985255,MOC_1430:water:0.50000%:120min:PA14:MOC_1430_1:r1,MOC_1430:water:0.50000%:PA14:120min:A,A,MOC_1430_1:PA14:120min,SRR27299800;SRR27299801,SRX22977423,SAMN38978206,PRJNA1055047,2,PAIRED,90,24266150,2192480907,880,Illumina NovaSeq 6000,RNA-Seq,cDNA,TRANSCRIPTOMIC,total RNA,Pseudomonas aeruginosa UCBPP-PA14,208963,PA14,PA14,water,water,0.5,%,0.50000%,120,min,120min,negcon,Negative control,Negative control,Negative control,Negative control,water,antimicrobial_reference_set,MOC_1430,MOC_1430_1,r1,FALSE
GSM7985256,MOC_1430:water:0.50000%:120min:PA14:MOC_1430_1:r2,MOC_1430:water:0.50000%:PA14:120min:A,A,MOC_1430_1:PA14:120min,SRR27300176;SRR27300177,SRX22977769,SAMN38978205,PRJNA1055047,2,PAIRED,90,24154011,2185248731,871,Illumina NovaSeq 6000,RNA-Seq,cDNA,TRANSCRIPTOMIC,total RNA,Pseudomonas aeruginosa UCBPP-PA14,208963,PA14,PA14,water,water,0.5,%,0.50000%,120,min,120min,negcon,Negative control,Negative control,Negative control,Negative control,water,antimicrobial_reference_set,MOC_1430,MOC_1430_1,r2,FALSE
GSM7985257,MOC_1430:water:0.50000%:120min:PA14:MOC_1430_1:r3,MOC_1430:water:0.50000%:PA14:120min:A,A,MOC_1430_1:PA14:120min,SRR27299703;SRR27300175,SRX22977770,SAMN38978204,PRJNA1055047,2,PAIRED,90,16189374,1464011691,583,Illumina NovaSeq 6000,RNA-Seq,cDNA,TRANSCRIPTOMIC,total RNA,Pseudomonas aeruginosa UCBPP-PA14,208963,PA14,PA14,water,water,0.5,%,0.50000%,120,min,120min,negcon,Negative control,Negative control,Negative control,Negative control,water,antimicrobial_reference_set,MOC_1430,MOC_1430_1,r3,FALSE
GSM7985003,MOC_1430:ami:4.50000uM:30min:PA14:MOC_1430_1:r1,MOC_1430:ami:4.50000uM:PA14:30min:A,A,MOC_1430_1:PA14:30min,SRR27300230,SRX22977722,SAMN38978458,PRJNA1055047,1,PAIRED,90,5237645,472361178,190,Illumina NovaSeq 6000,RNA-Seq,cDNA,TRANSCRIPTOMIC,total RNA,Pseudomonas aeruginosa UCBPP-PA14,208963,PA14,PA14,ami,Amikacin,4.5,uM,4.50000uM,30,min,30min,poscon,30S ribosomal subunit,Protein synthesis,Protein synthesis,Aminoglycoside,water,antimicrobial_reference_set,MOC_1430,MOC_1430_1,r1,FALSE
GSM7985004,MOC_1430:ami:4.50000uM:30min:PA14:MOC_1430_1:r2,MOC_1430:ami:4.50000uM:PA14:30min:A,A,MOC_1430_1:PA14:30min,SRR27300229,SRX22977723,SAMN38978457,PRJNA1055047,1,PAIRED,90,3280853,295944172,119,Illumina NovaSeq 6000,RNA-Seq,cDNA,TRANSCRIPTOMIC,total RNA,Pseudomonas aeruginosa UCBPP-PA14,208963,PA14,PA14,ami,Amikacin,4.5,uM,4.50000uM,30,min,30min,poscon,30S ribosomal subunit,Protein synthesis,Protein synthesis,Aminoglycoside,water,antimicrobial_reference_set,MOC_1430,MOC_1430_1,r2,FALSE
GSM7985005,MOC_1430:ami:4.50000uM:30min:PA14:MOC_1430_1:r3,MOC_1430:ami:4.50000uM:PA14:30min:A,A,MOC_1430_1:PA14:30min,SRR27300227,SRX22977724,SAMN38978456,PRJNA1055047,1,PAIRED,90,5796187,523199333,209,Illumina NovaSeq 6000,RNA-Seq,cDNA,TRANSCRIPTOMIC,total RNA,Pseudomonas aeruginosa UCBPP-PA14,208963,PA14,PA14,ami,Amikacin,4.5,uM,4.50000uM,30,min,30min,poscon,30S ribosomal subunit,Protein synthesis,Protein synthesis,Aminoglycoside,water,antimicrobial_reference_set,MOC_1430,MOC_1430_1,r3,FALSE
GSM8297866,MOC_1430:aztreo:37.50000uM:30min:PA14:MOC_1430_1:r1,MOC_1430:aztreo:37.50000uM:PA14:30min:A,A,MOC_1430_1:PA14:30min,SRR29244816;SRR29244817,SRX24763230,SAMN41607475,PRJNA1055047,2,SINGLE,41,9673240,436095161,202,Illumina NovaSeq 6000,RNA-Seq,cDNA,TRANSCRIPTOMIC,total RNA,Pseudomonas aeruginosa UCBPP-PA14,208963,PA14,PA14,aztreo,Aztreonam,37.5,uM,37.50000uM,30,min,30min,poscon,,,,,,weak_signal_removed_from_antimicrobial_reference_set,MOC_1430,MOC_1430_1,r1,TRUE
GSM8297867,MOC_1430:aztreo:37.50000uM:30min:PA14:MOC_1430_1:r2,MOC_1430:aztreo:37.50000uM:PA14:30min:A,A,MOC_1430_1:PA14:30min,SRR29244814;SRR29244815,SRX24763231,SAMN41607474,PRJNA1055047,2,SINGLE,41,8910938,401939038,185,Illumina NovaSeq 6000,RNA-Seq,cDNA,TRANSCRIPTOMIC,total RNA,Pseudomonas aeruginosa UCBPP-PA14,208963,PA14,PA14,aztreo,Aztreonam,37.5,uM,37.50000uM,30,min,30min,poscon,,,,,,weak_signal_removed_from_antimicrobial_reference_set,MOC_1430,MOC_1430_1,r2,TRUE
GSM8297868,MOC_1430:aztreo:37.50000uM:30min:PA14:MOC_1430_1:r3,MOC_1430:aztreo:37.50000uM:PA14:30min:A,A,MOC_1430_1:PA14:30min,SRR29244812;SRR29244813,SRX24763232,SAMN41607473,PRJNA1055047,2,SINGLE,41,10413790,470278462,218,Illumina NovaSeq 6000,RNA-Seq,cDNA,TRANSCRIPTOMIC,total RNA,Pseudomonas aeruginosa UCBPP-PA14,208963,PA14,PA14,aztreo,Aztreonam,37.5,uM,37.50000uM,30,min,30min,poscon,,,,,,weak_signal_removed_from_antimicrobial_reference_set,MOC_1430,MOC_1430_1,r3,TRUE
GSM7985015,MOC_1430:carb:600.00000uM:30min:PA14:MOC_1430_1:r1,MOC_1430:carb:600.00000uM:PA14:30min:A,A,MOC_1430_1:PA14:30min,SRR27300215,SRX22977734,SAMN38978446,PRJNA1055047,1,PAIRED,90,4305965,388653101,156,Illumina NovaSeq 6000,RNA-Seq,cDNA,TRANSCRIPTOMIC,total RNA,Pseudomonas aeruginosa UCBPP-PA14,208963,PA14,PA14,carb,Carbenicillin,600,uM,600.00000uM,30,min,30min,poscon,PBP,Cell wall synthesis,Cell wall biogenesis,B-lactam,water,antimicrobial_reference_set,MOC_1430,MOC_1430_1,r1,FALSE
GSM7985016,MOC_1430:carb:600.00000uM:30min:PA14:MOC_1430_1:r2,MOC_1430:carb:600.00000uM:PA14:30min:A,A,MOC_1430_1:PA14:30min,SRR27300214,SRX22977735,SAMN38978445,PRJNA1055047,1,PAIRED,90,3592126,324315344,130,Illumina NovaSeq 6000,RNA-Seq,cDNA,TRANSCRIPTOMIC,total RNA,Pseudomonas aeruginosa UCBPP-PA14,208963,PA14,PA14,carb,Carbenicillin,600,uM,600.00000uM,30,min,30min,poscon,PBP,Cell wall synthesis,Cell wall biogenesis,B-lactam,water,antimicrobial_reference_set,MOC_1430,MOC_1430_1,r2,FALSE
GSM7985017,MOC_1430:carb:600.00000uM:30min:PA14:MOC_1430_1:r3,MOC_1430:carb:600.00000uM:PA14:30min:A,A,MOC_1430_1:PA14:30min,SRR27300213,SRX22977736,SAMN38978444,PRJNA1055047,1,PAIRED,89,4279100,384957922,155,Illumina NovaSeq 6000,RNA-Seq,cDNA,TRANSCRIPTOMIC,total RNA,Pseudomonas aeruginosa UCBPP-PA14,208963,PA14,PA14,carb,Carbenicillin,600,uM,600.00000uM,30,min,30min,poscon,PBP,Cell wall synthesis,Cell wall biogenesis,B-lactam,water,antimicrobial_reference_set,MOC_1430,MOC_1430_1,r3,FALSE
GSM8297875,MOC_1430:ceftaz:24.00000uM:30min:PA14:MOC_1430_1:r1,MOC_1430:ceftaz:24.00000uM:PA14:30min:A,A,MOC_1430_1:PA14:30min,SRR29244798;SRR29244799,SRX24763239,SAMN41607466,PRJNA1055047,2,SINGLE,41,8263160,372779206,171,Illumina NovaSeq 6000,RNA-Seq,cDNA,TRANSCRIPTOMIC,total RNA,Pseudomonas aeruginosa UCBPP-PA14,208963,PA14,PA14,ceftaz,Ceftazidime,24,uM,24.00000uM,30,min,30min,poscon,PBP,Cell wall synthesis,Cell wall biogenesis,B-lactam,water,weak_signal_removed_from_antimicrobial_reference_set,MOC_1430,MOC_1430_1,r1,TRUE
GSM8297876,MOC_1430:ceftaz:24.00000uM:30min:PA14:MOC_1430_1:r2,MOC_1430:ceftaz:24.00000uM:PA14:30min:A,A,MOC_1430_1:PA14:30min,SRR29244796;SRR29244797,SRX24763240,SAMN41607465,PRJNA1055047,2,SINGLE,41,7859328,354577923,163,Illumina NovaSeq 6000,RNA-Seq,cDNA,TRANSCRIPTOMIC,total RNA,Pseudomonas aeruginosa UCBPP-PA14,208963,PA14,PA14,ceftaz,Ceftazidime,24,uM,24.00000uM,30,min,30min,poscon,PBP,Cell wall synthesis,Cell wall biogenesis,B-lactam,water,weak_signal_removed_from_antimicrobial_reference_set,MOC_1430,MOC_1430_1,r2,TRUE
GSM8297877,MOC_1430:ceftaz:24.00000uM:30min:PA14:MOC_1430_1:r3,MOC_1430:ceftaz:24.00000uM:PA14:30min:A,A,MOC_1430_1:PA14:30min,SRR29244794;SRR29244795,SRX24763241,SAMN41607464,PRJNA1055047,2,SINGLE,41,8012784,360550239,166,Illumina NovaSeq 6000,RNA-Seq,cDNA,TRANSCRIPTOMIC,total RNA,Pseudomonas aeruginosa UCBPP-PA14,208963,PA14,PA14,ceftaz,Ceftazidime,24,uM,24.00000uM,30,min,30min,poscon,PBP,Cell wall synthesis,Cell wall biogenesis,B-lactam,water,weak_signal_removed_from_antimicrobial_reference_set,MOC_1430,MOC_1430_1,r3,TRUE
GSM7985033,MOC_1430:cip:0.75000uM:30min:PA14:MOC_1430_1:r1,MOC_1430:cip:0.75000uM:PA14:30min:A,A,MOC_1430_1:PA14:30min,SRR27300343,SRX22977958,SAMN38978428,PRJNA1055047,1,PAIRED,90,6211235,560922235,224,Illumina NovaSeq 6000,RNA-Seq,cDNA,TRANSCRIPTOMIC,total RNA,Pseudomonas aeruginosa UCBPP-PA14,208963,PA14,PA14,cip,Ciprofloxacin,0.75,uM,0.75000uM,30,min,30min,poscon,GyrA/ParC,DNA synthesis,DNA synthesis,Quinolone,water,antimicrobial_reference_set,MOC_1430,MOC_1430_1,r1,FALSE
GSM7985034,MOC_1430:cip:0.75000uM:30min:PA14:MOC_1430_1:r2,MOC_1430:cip:0.75000uM:PA14:30min:A,A,MOC_1430_1:PA14:30min,SRR27299910,SRX22977328,SAMN38978427,PRJNA1055047,1,PAIRED,90,3733610,336678223,135,Illumina NovaSeq 6000,RNA-Seq,cDNA,TRANSCRIPTOMIC,total RNA,Pseudomonas aeruginosa UCBPP-PA14,208963,PA14,PA14,cip,Ciprofloxacin,0.75,uM,0.75000uM,30,min,30min,poscon,GyrA/ParC,DNA synthesis,DNA synthesis,Quinolone,water,antimicrobial_reference_set,MOC_1430,MOC_1430_1,r2,FALSE
GSM7985035,MOC_1430:cip:0.75000uM:30min:PA14:MOC_1430_1:r3,MOC_1430:cip:0.75000uM:PA14:30min:A,A,MOC_1430_1:PA14:30min,SRR27299909,SRX22977329,SAMN38978426,PRJNA1055047,1,PAIRED,89,3677104,330726372,132,Illumina NovaSeq 6000,RNA-Seq,cDNA,TRANSCRIPTOMIC,total RNA,Pseudomonas aeruginosa UCBPP-PA14,208963,PA14,PA14,cip,Ciprofloxacin,0.75,uM,0.75000uM,30,min,30min,poscon,GyrA/ParC,DNA synthesis,DNA synthesis,Quinolone,water,antimicrobial_reference_set,MOC_1430,MOC_1430_1,r3,FALSE
GSM7985045,MOC_1430:clari:300.00000uM:30min:PA14:MOC_1430_1:r1,MOC_1430:clari:300.00000uM:PA14:30min:A,A,MOC_1430_1:PA14:30min,SRR27299899,SRX22977339,SAMN38978416,PRJNA1055047,1,PAIRED,90,6693631,605191011,242,Illumina NovaSeq 6000,RNA-Seq,cDNA,TRANSCRIPTOMIC,total RNA,Pseudomonas aeruginosa UCBPP-PA14,208963,PA14,PA14,clari,Clarithromycin,300,uM,300.00000uM,30,min,30min,poscon,50s ribosomal subunit,Protein synthesis,Protein synthesis,Macrolide,dmso,antimicrobial_reference_set,MOC_1430,MOC_1430_1,r1,FALSE
GSM7985046,MOC_1430:clari:300.00000uM:30min:PA14:MOC_1430_1:r2,MOC_1430:clari:300.00000uM:PA14:30min:A,A,MOC_1430_1:PA14:30min,SRR27299898,SRX22977340,SAMN38978415,PRJNA1055047,1,PAIRED,90,6169786,556704713,223,Illumina NovaSeq 6000,RNA-Seq,cDNA,TRANSCRIPTOMIC,total RNA,Pseudomonas aeruginosa UCBPP-PA14,208963,PA14,PA14,clari,Clarithromycin,300,uM,300.00000uM,30,min,30min,poscon,50s ribosomal subunit,Protein synthesis,Protein synthesis,Macrolide,dmso,antimicrobial_reference_set,MOC_1430,MOC_1430_1,r2,FALSE
GSM7985047,MOC_1430:clari:300.00000uM:30min:PA14:MOC_1430_1:r3,MOC_1430:clari:300.00000uM:PA14:30min:A,A,MOC_1430_1:PA14:30min,SRR27299897,SRX22977341,SAMN38978414,PRJNA1055047,1,PAIRED,90,6050357,545509801,218,Illumina NovaSeq 6000,RNA-Seq,cDNA,TRANSCRIPTOMIC,total RNA,Pseudomonas aeruginosa UCBPP-PA14,208963,PA14,PA14,clari,Clarithromycin,300,uM,300.00000uM,30,min,30min,poscon,50s ribosomal subunit,Protein synthesis,Protein synthesis,Macrolide,dmso,antimicrobial_reference_set,MOC_1430,MOC_1430_1,r3,FALSE
GSM7985057,MOC_1430:col:3.00000uM:30min:PA14:MOC_1430_1:r1,MOC_1430:col:3.00000uM:PA14:30min:A,A,MOC_1430_1:PA14:30min,SRR27299967,SRX22977615,SAMN38978404,PRJNA1055047,1,PAIRED,90,9014496,814946378,326,Illumina NovaSeq 6000,RNA-Seq,cDNA,TRANSCRIPTOMIC,total RNA,Pseudomonas aeruginosa UCBPP-PA14,208963,PA14,PA14,col,Colistin,3,uM,3.00000uM,30,min,30min,poscon,LPS,Membrane Integrity,Inner membrane toxicity,AMP,water,antimicrobial_reference_set,MOC_1430,MOC_1430_1,r1,FALSE
GSM7985058,MOC_1430:col:3.00000uM:30min:PA14:MOC_1430_1:r2,MOC_1430:col:3.00000uM:PA14:30min:A,A,MOC_1430_1:PA14:30min,SRR27299966,SRX22977616,SAMN38978403,PRJNA1055047,1,PAIRED,90,6658946,601690034,242,Illumina NovaSeq 6000,RNA-Seq,cDNA,TRANSCRIPTOMIC,total RNA,Pseudomonas aeruginosa UCBPP-PA14,208963,PA14,PA14,col,Colistin,3,uM,3.00000uM,30,min,30min,poscon,LPS,Membrane Integrity,Inner membrane toxicity,AMP,water,antimicrobial_reference_set,MOC_1430,MOC_1430_1,r2,FALSE
GSM7985059,MOC_1430:col:3.00000uM:30min:PA14:MOC_1430_1:r3,MOC_1430:col:3.00000uM:PA14:30min:A,A,MOC_1430_1:PA14:30min,SRR27299964,SRX22977617,SAMN38978402,PRJNA1055047,1,PAIRED,90,5420687,488821671,196,Illumina NovaSeq 6000,RNA-Seq,cDNA,TRANSCRIPTOMIC,total RNA,Pseudomonas aeruginosa UCBPP-PA14,208963,PA14,PA14,col,Colistin,3,uM,3.00000uM,30,min,30min,poscon,LPS,Membrane Integrity,Inner membrane toxicity,AMP,water,antimicrobial_reference_set,MOC_1430,MOC_1430_1,r3,FALSE
GSM7985069,MOC_1430:dmso:0.50000%:30min:PA14:MOC_1430_1:r1,MOC_1430:dmso:0.50000%:PA14:30min:A,A,MOC_1430_1:PA14:30min,SRR27299886;SRR27299893,SRX22977349,SAMN38978392,PRJNA1055047,2,PAIRED,90,13431646,1209273637,487,Illumina NovaSeq 6000,RNA-Seq,cDNA,TRANSCRIPTOMIC,total RNA,Pseudomonas aeruginosa UCBPP-PA14,208963,PA14,PA14,dmso,dmso,0.5,%,0.50000%,30,min,30min,negcon,Negative control,Negative control,Negative control,Negative control,dmso,antimicrobial_reference_set,MOC_1430,MOC_1430_1,r1,FALSE
GSM7985070,MOC_1430:dmso:0.50000%:30min:PA14:MOC_1430_1:r2,MOC_1430:dmso:0.50000%:PA14:30min:A,A,MOC_1430_1:PA14:30min,SRR27299884;SRR27299885,SRX22977350,SAMN38978391,PRJNA1055047,2,PAIRED,90,12317509,1113838855,445,Illumina NovaSeq 6000,RNA-Seq,cDNA,TRANSCRIPTOMIC,total RNA,Pseudomonas aeruginosa UCBPP-PA14,208963,PA14,PA14,dmso,dmso,0.5,%,0.50000%,30,min,30min,negcon,Negative control,Negative control,Negative control,Negative control,dmso,antimicrobial_reference_set,MOC_1430,MOC_1430_1,r2,FALSE
GSM7985071,MOC_1430:dmso:0.50000%:30min:PA14:MOC_1430_1:r3,MOC_1430:dmso:0.50000%:PA14:30min:A,A,MOC_1430_1:PA14:30min,SRR27299883;SRR27300231,SRX22977351,SAMN38978390,PRJNA1055047,2,PAIRED,90,12955618,1171184831,470,Illumina NovaSeq 6000,RNA-Seq,cDNA,TRANSCRIPTOMIC,total RNA,Pseudomonas aeruginosa UCBPP-PA14,208963,PA14,PA14,dmso,dmso,0.5,%,0.50000%,30,min,30min,negcon,Negative control,Negative control,Negative control,Negative control,dmso,antimicrobial_reference_set,MOC_1430,MOC_1430_1,r3,FALSE
GSM7985081,MOC_1430:erythro:300.00000uM:30min:PA14:MOC_1430_1:r1,MOC_1430:erythro:300.00000uM:PA14:30min:A,A,MOC_1430_1:PA14:30min,SRR27300341,SRX22977960,SAMN38978380,PRJNA1055047,1,PAIRED,90,6279975,566699569,227,Illumina NovaSeq 6000,RNA-Seq,cDNA,TRANSCRIPTOMIC,total RNA,Pseudomonas aeruginosa UCBPP-PA14,208963,PA14,PA14,erythro,Erythromycin,300,uM,300.00000uM,30,min,30min,poscon,50s ribosomal subunit,Protein synthesis,Protein synthesis,Macrolide,dmso,antimicrobial_reference_set,MOC_1430,MOC_1430_1,r1,FALSE
GSM7985082,MOC_1430:erythro:300.00000uM:30min:PA14:MOC_1430_1:r2,MOC_1430:erythro:300.00000uM:PA14:30min:A,A,MOC_1430_1:PA14:30min,SRR27300340,SRX22977961,SAMN38978379,PRJNA1055047,1,PAIRED,90,4148664,374286212,150,Illumina NovaSeq 6000,RNA-Seq,cDNA,TRANSCRIPTOMIC,total RNA,Pseudomonas aeruginosa UCBPP-PA14,208963,PA14,PA14,erythro,Erythromycin,300,uM,300.00000uM,30,min,30min,poscon,50s ribosomal subunit,Protein synthesis,Protein synthesis,Macrolide,dmso,antimicrobial_reference_set,MOC_1430,MOC_1430_1,r2,FALSE
GSM7985083,MOC_1430:erythro:300.00000uM:30min:PA14:MOC_1430_1:r3,MOC_1430:erythro:300.00000uM:PA14:30min:A,A,MOC_1430_1:PA14:30min,SRR27300339,SRX22977962,SAMN38978378,PRJNA1055047,1,PAIRED,90,7425629,668357787,269,Illumina NovaSeq 6000,RNA-Seq,cDNA,TRANSCRIPTOMIC,total RNA,Pseudomonas aeruginosa UCBPP-PA14,208963,PA14,PA14,erythro,Erythromycin,300,uM,300.00000uM,30,min,30min,poscon,50s ribosomal subunit,Protein synthesis,Protein synthesis,Macrolide,dmso,antimicrobial_reference_set,MOC_1430,MOC_1430_1,r3,FALSE
GSM8297881,MOC_1430:fosfo:600.00000uM:30min:PA14:MOC_1430_1:r1,MOC_1430:fosfo:600.00000uM:PA14:30min:A,A,MOC_1430_1:PA14:30min,SRR29244685;SRR29244686,SRX24763314,SAMN41607460,PRJNA1055047,2,SINGLE,41,10030622,453315625,208,Illumina NovaSeq 6000,RNA-Seq,cDNA,TRANSCRIPTOMIC,total RNA,Pseudomonas aeruginosa UCBPP-PA14,208963,PA14,PA14,fosfo,Fosfomycin,600,uM,600.00000uM,30,min,30min,poscon,MurA,Cell wall synthesis,Cell wall biogenesis,Phosphonic antibiotics,water,weak_signal_removed_from_antimicrobial_reference_set,MOC_1430,MOC_1430_1,r1,FALSE
GSM8297882,MOC_1430:fosfo:600.00000uM:30min:PA14:MOC_1430_1:r2,MOC_1430:fosfo:600.00000uM:PA14:30min:A,A,MOC_1430_1:PA14:30min,SRR29244683;SRR29244684,SRX24763315,SAMN41607459,PRJNA1055047,2,SINGLE,41,7985936,360020709,166,Illumina NovaSeq 6000,RNA-Seq,cDNA,TRANSCRIPTOMIC,total RNA,Pseudomonas aeruginosa UCBPP-PA14,208963,PA14,PA14,fosfo,Fosfomycin,600,uM,600.00000uM,30,min,30min,poscon,MurA,Cell wall synthesis,Cell wall biogenesis,Phosphonic antibiotics,water,weak_signal_removed_from_antimicrobial_reference_set,MOC_1430,MOC_1430_1,r2,FALSE
GSM8297883,MOC_1430:fosfo:600.00000uM:30min:PA14:MOC_1430_1:r3,MOC_1430:fosfo:600.00000uM:PA14:30min:A,A,MOC_1430_1:PA14:30min,SRR29244681;SRR29244682,SRX24763316,SAMN41607458,PRJNA1055047,2,SINGLE,41,8418360,379547154,175,Illumina NovaSeq 6000,RNA-Seq,cDNA,TRANSCRIPTOMIC,total RNA,Pseudomonas aeruginosa UCBPP-PA14,208963,PA14,PA14,fosfo,Fosfomycin,600,uM,600.00000uM,30,min,30min,poscon,MurA,Cell wall synthesis,Cell wall biogenesis,Phosphonic antibiotics,water,weak_signal_removed_from_antimicrobial_reference_set,MOC_1430,MOC_1430_1,r3,FALSE
GSM7985102,MOC_1430:gent:6.00000uM:30min:PA14:MOC_1430_1:r1,MOC_1430:gent:6.00000uM:PA14:30min:A,A,MOC_1430_1:PA14:30min,SRR27299862,SRX22977366,SAMN38978359,PRJNA1055047,1,PAIRED,90,4261509,385134142,154,Illumina NovaSeq 6000,RNA-Seq,cDNA,TRANSCRIPTOMIC,total RNA,Pseudomonas aeruginosa UCBPP-PA14,208963,PA14,PA14,gent,Gentamicin,6,uM,6.00000uM,30,min,30min,poscon,30S ribosomal subunit,Protein synthesis,Protein synthesis,Aminoglycoside,water,antimicrobial_reference_set,MOC_1430,MOC_1430_1,r1,FALSE
GSM7985103,MOC_1430:gent:6.00000uM:30min:PA14:MOC_1430_1:r2,MOC_1430:gent:6.00000uM:PA14:30min:A,A,MOC_1430_1:PA14:30min,SRR27299860,SRX22977367,SAMN38978358,PRJNA1055047,1,PAIRED,90,4782371,432098442,173,Illumina NovaSeq 6000,RNA-Seq,cDNA,TRANSCRIPTOMIC,total RNA,Pseudomonas aeruginosa UCBPP-PA14,208963,PA14,PA14,gent,Gentamicin,6,uM,6.00000uM,30,min,30min,poscon,30S ribosomal subunit,Protein synthesis,Protein synthesis,Aminoglycoside,water,antimicrobial_reference_set,MOC_1430,MOC_1430_1,r2,FALSE
GSM7985104,MOC_1430:gent:6.00000uM:30min:PA14:MOC_1430_1:r3,MOC_1430:gent:6.00000uM:PA14:30min:A,A,MOC_1430_1:PA14:30min,SRR27299859,SRX22977368,SAMN38978357,PRJNA1055047,1,PAIRED,90,2648902,238848174,97,Illumina NovaSeq 6000,RNA-Seq,cDNA,TRANSCRIPTOMIC,total RNA,Pseudomonas aeruginosa UCBPP-PA14,208963,PA14,PA14,gent,Gentamicin,6,uM,6.00000uM,30,min,30min,poscon,30S ribosomal subunit,Protein synthesis,Protein synthesis,Aminoglycoside,water,antimicrobial_reference_set,MOC_1430,MOC_1430_1,r3,FALSE
GSM7985114,MOC_1430:imi:9.00000uM:30min:PA14:MOC_1430_1:r1,MOC_1430:imi:9.00000uM:PA14:30min:A,A,MOC_1430_1:PA14:30min,SRR27300210,SRX22977739,SAMN38978347,PRJNA1055047,1,PAIRED,90,7191959,650019848,262,Illumina NovaSeq 6000,RNA-Seq,cDNA,TRANSCRIPTOMIC,total RNA,Pseudomonas aeruginosa UCBPP-PA14,208963,PA14,PA14,imi,Imipenem,9,uM,9.00000uM,30,min,30min,poscon,PBP,Cell wall synthesis,Cell wall biogenesis,B-lactam,water,antimicrobial_reference_set,MOC_1430,MOC_1430_1,r1,FALSE
GSM7985115,MOC_1430:imi:9.00000uM:30min:PA14:MOC_1430_1:r2,MOC_1430:imi:9.00000uM:PA14:30min:A,A,MOC_1430_1:PA14:30min,SRR27300209,SRX22977740,SAMN38978346,PRJNA1055047,1,PAIRED,90,3348236,301808564,121,Illumina NovaSeq 6000,RNA-Seq,cDNA,TRANSCRIPTOMIC,total RNA,Pseudomonas aeruginosa UCBPP-PA14,208963,PA14,PA14,imi,Imipenem,9,uM,9.00000uM,30,min,30min,poscon,PBP,Cell wall synthesis,Cell wall biogenesis,B-lactam,water,antimicrobial_reference_set,MOC_1430,MOC_1430_1,r2,FALSE
GSM7985116,MOC_1430:imi:9.00000uM:30min:PA14:MOC_1430_1:r3,MOC_1430:imi:9.00000uM:PA14:30min:A,A,MOC_1430_1:PA14:30min,SRR27300208,SRX22977741,SAMN38978345,PRJNA1055047,1,PAIRED,90,5339088,481277974,194,Illumina NovaSeq 6000,RNA-Seq,cDNA,TRANSCRIPTOMIC,total RNA,Pseudomonas aeruginosa UCBPP-PA14,208963,PA14,PA14,imi,Imipenem,9,uM,9.00000uM,30,min,30min,poscon,PBP,Cell wall synthesis,Cell wall biogenesis,B-lactam,water,antimicrobial_reference_set,MOC_1430,MOC_1430_1,r3,FALSE
GSM7985126,MOC_1430:levo:4.50000uM:30min:PA14:MOC_1430_1:r1,MOC_1430:levo:4.50000uM:PA14:30min:A,A,MOC_1430_1:PA14:30min,SRR27300198,SRX22977751,SAMN38978335,PRJNA1055047,1,PAIRED,90,5492907,496574609,199,Illumina NovaSeq 6000,RNA-Seq,cDNA,TRANSCRIPTOMIC,total RNA,Pseudomonas aeruginosa UCBPP-PA14,208963,PA14,PA14,levo,Levofloxacin,4.5,uM,4.50000uM,30,min,30min,poscon,GyrA/ParC,DNA synthesis,DNA synthesis,Quinolone,water,antimicrobial_reference_set,MOC_1430,MOC_1430_1,r1,FALSE
GSM7985127,MOC_1430:levo:4.50000uM:30min:PA14:MOC_1430_1:r2,MOC_1430:levo:4.50000uM:PA14:30min:A,A,MOC_1430_1:PA14:30min,SRR27300197,SRX22977752,SAMN38978334,PRJNA1055047,1,PAIRED,90,5342010,483024872,194,Illumina NovaSeq 6000,RNA-Seq,cDNA,TRANSCRIPTOMIC,total RNA,Pseudomonas aeruginosa UCBPP-PA14,208963,PA14,PA14,levo,Levofloxacin,4.5,uM,4.50000uM,30,min,30min,poscon,GyrA/ParC,DNA synthesis,DNA synthesis,Quinolone,water,antimicrobial_reference_set,MOC_1430,MOC_1430_1,r2,FALSE
GSM7985128,MOC_1430:levo:4.50000uM:30min:PA14:MOC_1430_1:r3,MOC_1430:levo:4.50000uM:PA14:30min:A,A,MOC_1430_1:PA14:30min,SRR27299959,SRX22977622,SAMN38978333,PRJNA1055047,1,PAIRED,90,5853461,528064284,213,Illumina NovaSeq 6000,RNA-Seq,cDNA,TRANSCRIPTOMIC,total RNA,Pseudomonas aeruginosa UCBPP-PA14,208963,PA14,PA14,levo,Levofloxacin,4.5,uM,4.50000uM,30,min,30min,poscon,GyrA/ParC,DNA synthesis,DNA synthesis,Quinolone,water,antimicrobial_reference_set,MOC_1430,MOC_1430_1,r3,FALSE
GSM7985138,MOC_1430:mero:2.40000uM:30min:PA14:MOC_1430_1:r1,MOC_1430:mero:2.40000uM:PA14:30min:A,A,MOC_1430_1:PA14:30min,SRR27299949,SRX22977632,SAMN38978323,PRJNA1055047,1,PAIRED,90,7096003,640551187,256,Illumina NovaSeq 6000,RNA-Seq,cDNA,TRANSCRIPTOMIC,total RNA,Pseudomonas aeruginosa UCBPP-PA14,208963,PA14,PA14,mero,Meropenem,2.4,uM,2.40000uM,30,min,30min,poscon,PBP,Cell wall synthesis,Cell wall biogenesis,B-lactam,dmso,antimicrobial_reference_set,MOC_1430,MOC_1430_1,r1,FALSE
GSM7985139,MOC_1430:mero:2.40000uM:30min:PA14:MOC_1430_1:r2,MOC_1430:mero:2.40000uM:PA14:30min:A,A,MOC_1430_1:PA14:30min,SRR27299948,SRX22977633,SAMN38978322,PRJNA1055047,1,PAIRED,89,4354483,391692772,157,Illumina NovaSeq 6000,RNA-Seq,cDNA,TRANSCRIPTOMIC,total RNA,Pseudomonas aeruginosa UCBPP-PA14,208963,PA14,PA14,mero,Meropenem,2.4,uM,2.40000uM,30,min,30min,poscon,PBP,Cell wall synthesis,Cell wall biogenesis,B-lactam,dmso,antimicrobial_reference_set,MOC_1430,MOC_1430_1,r2,FALSE
GSM7985140,MOC_1430:mero:2.40000uM:30min:PA14:MOC_1430_1:r3,MOC_1430:mero:2.40000uM:PA14:30min:A,A,MOC_1430_1:PA14:30min,SRR27299947,SRX22977634,SAMN38978321,PRJNA1055047,1,PAIRED,89,4429681,398600581,160,Illumina NovaSeq 6000,RNA-Seq,cDNA,TRANSCRIPTOMIC,total RNA,Pseudomonas aeruginosa UCBPP-PA14,208963,PA14,PA14,mero,Meropenem,2.4,uM,2.40000uM,30,min,30min,poscon,PBP,Cell wall synthesis,Cell wall biogenesis,B-lactam,dmso,antimicrobial_reference_set,MOC_1430,MOC_1430_1,r3,FALSE
GSM7985150,MOC_1430:mino:37.50000uM:30min:PA14:MOC_1430_1:r1,MOC_1430:mino:37.50000uM:PA14:30min:A,A,MOC_1430_1:PA14:30min,SRR27299937,SRX22977644,SAMN38978311,PRJNA1055047,1,PAIRED,90,8735472,788038181,317,Illumina NovaSeq 6000,RNA-Seq,cDNA,TRANSCRIPTOMIC,total RNA,Pseudomonas aeruginosa UCBPP-PA14,208963,PA14,PA14,mino,Minocycline,37.5,uM,37.50000uM,30,min,30min,poscon,30S ribosomal subunit,Protein synthesis,Protein synthesis,Tetracycline,dmso,antimicrobial_reference_set,MOC_1430,MOC_1430_1,r1,FALSE
GSM7985151,MOC_1430:mino:37.50000uM:30min:PA14:MOC_1430_1:r2,MOC_1430:mino:37.50000uM:PA14:30min:A,A,MOC_1430_1:PA14:30min,SRR27299936,SRX22977645,SAMN38978310,PRJNA1055047,1,PAIRED,90,8721087,787496340,315,Illumina NovaSeq 6000,RNA-Seq,cDNA,TRANSCRIPTOMIC,total RNA,Pseudomonas aeruginosa UCBPP-PA14,208963,PA14,PA14,mino,Minocycline,37.5,uM,37.50000uM,30,min,30min,poscon,30S ribosomal subunit,Protein synthesis,Protein synthesis,Tetracycline,dmso,antimicrobial_reference_set,MOC_1430,MOC_1430_1,r2,FALSE
GSM7985152,MOC_1430:mino:37.50000uM:30min:PA14:MOC_1430_1:r3,MOC_1430:mino:37.50000uM:PA14:30min:A,A,MOC_1430_1:PA14:30min,SRR27299935,SRX22977646,SAMN38978309,PRJNA1055047,1,PAIRED,90,12361622,1116208553,447,Illumina NovaSeq 6000,RNA-Seq,cDNA,TRANSCRIPTOMIC,total RNA,Pseudomonas aeruginosa UCBPP-PA14,208963,PA14,PA14,mino,Minocycline,37.5,uM,37.50000uM,30,min,30min,poscon,30S ribosomal subunit,Protein synthesis,Protein synthesis,Tetracycline,dmso,antimicrobial_reference_set,MOC_1430,MOC_1430_1,r3,FALSE
GSM7985162,MOC_1430:novo:750.00000uM:30min:PA14:MOC_1430_1:r1,MOC_1430:novo:750.00000uM:PA14:30min:A,A,MOC_1430_1:PA14:30min,SRR27299849,SRX22977378,SAMN38978299,PRJNA1055047,1,PAIRED,89,3318148,298530691,120,Illumina NovaSeq 6000,RNA-Seq,cDNA,TRANSCRIPTOMIC,total RNA,Pseudomonas aeruginosa UCBPP-PA14,208963,PA14,PA14,novo,Novobiocin,750,uM,750.00000uM,30,min,30min,poscon,GyrB,DNA synthesis,DNA synthesis,Aminocoumarin,dmso,antimicrobial_reference_set,MOC_1430,MOC_1430_1,r1,FALSE
GSM7985163,MOC_1430:novo:750.00000uM:30min:PA14:MOC_1430_1:r2,MOC_1430:novo:750.00000uM:PA14:30min:A,A,MOC_1430_1:PA14:30min,SRR27299848,SRX22977379,SAMN38978298,PRJNA1055047,1,PAIRED,90,3925308,353386699,143,Illumina NovaSeq 6000,RNA-Seq,cDNA,TRANSCRIPTOMIC,total RNA,Pseudomonas aeruginosa UCBPP-PA14,208963,PA14,PA14,novo,Novobiocin,750,uM,750.00000uM,30,min,30min,poscon,GyrB,DNA synthesis,DNA synthesis,Aminocoumarin,dmso,antimicrobial_reference_set,MOC_1430,MOC_1430_1,r2,FALSE
GSM7985164,MOC_1430:novo:750.00000uM:30min:PA14:MOC_1430_1:r3,MOC_1430:novo:750.00000uM:PA14:30min:A,A,MOC_1430_1:PA14:30min,SRR27299847,SRX22977380,SAMN38978297,PRJNA1055047,1,PAIRED,90,4049937,365872520,147,Illumina NovaSeq 6000,RNA-Seq,cDNA,TRANSCRIPTOMIC,total RNA,Pseudomonas aeruginosa UCBPP-PA14,208963,PA14,PA14,novo,Novobiocin,750,uM,750.00000uM,30,min,30min,poscon,GyrB,DNA synthesis,DNA synthesis,Aminocoumarin,dmso,antimicrobial_reference_set,MOC_1430,MOC_1430_1,r3,FALSE
GSM7985174,MOC_1430:pa0918:250.00000uM:30min:PA14:MOC_1430_1:r1,MOC_1430:pa0918:250.00000uM:PA14:30min:A,A,MOC_1430_1:PA14:30min,SRR27299837,SRX22977390,SAMN38978287,PRJNA1055047,1,PAIRED,90,7539009,679667090,271,Illumina NovaSeq 6000,RNA-Seq,cDNA,TRANSCRIPTOMIC,total RNA,Pseudomonas aeruginosa UCBPP-PA14,208963,PA14,PA14,pa0918,PA-0918,250,uM,250.00000uM,30,min,30min,test,,,,,,internal_test_compounds,MOC_1430,MOC_1430_1,r1,FALSE
GSM7985175,MOC_1430:pa0918:250.00000uM:30min:PA14:MOC_1430_1:r2,MOC_1430:pa0918:250.00000uM:PA14:30min:A,A,MOC_1430_1:PA14:30min,SRR27299836,SRX22977391,SAMN38978286,PRJNA1055047,1,PAIRED,90,6886197,621347281,248,Illumina NovaSeq 6000,RNA-Seq,cDNA,TRANSCRIPTOMIC,total RNA,Pseudomonas aeruginosa UCBPP-PA14,208963,PA14,PA14,pa0918,PA-0918,250,uM,250.00000uM,30,min,30min,test,,,,,,internal_test_compounds,MOC_1430,MOC_1430_1,r2,FALSE
GSM7985176,MOC_1430:pa0918:250.00000uM:30min:PA14:MOC_1430_1:r3,MOC_1430:pa0918:250.00000uM:PA14:30min:A,A,MOC_1430_1:PA14:30min,SRR27299927,SRX22977654,SAMN38978285,PRJNA1055047,1,PAIRED,90,10761023,971053577,387,Illumina NovaSeq 6000,RNA-Seq,cDNA,TRANSCRIPTOMIC,total RNA,Pseudomonas aeruginosa UCBPP-PA14,208963,PA14,PA14,pa0918,PA-0918,250,uM,250.00000uM,30,min,30min,test,,,,,,internal_test_compounds,MOC_1430,MOC_1430_1,r3,FALSE
GSM7985198,MOC_1430:pf1090:1.20000uM:30min:PA14:MOC_1430_1:r1,MOC_1430:pf1090:1.20000uM:PA14:30min:A,A,MOC_1430_1:PA14:30min,SRR27299827,SRX22977398,SAMN38978263,PRJNA1055047,1,PAIRED,90,5075595,457686940,184,Illumina NovaSeq 6000,RNA-Seq,cDNA,TRANSCRIPTOMIC,total RNA,Pseudomonas aeruginosa UCBPP-PA14,208963,PA14,PA14,pf1090,PF-5081090,1.2,uM,1.20000uM,30,min,30min,poscon,LpxC,Membrane Integrity,LPS biosynthesis,Hydroxamic acid,dmso,antimicrobial_reference_set,MOC_1430,MOC_1430_1,r1,FALSE
GSM7985199,MOC_1430:pf1090:1.20000uM:30min:PA14:MOC_1430_1:r2,MOC_1430:pf1090:1.20000uM:PA14:30min:A,A,MOC_1430_1:PA14:30min,SRR27299825,SRX22977399,SAMN38978262,PRJNA1055047,1,PAIRED,90,4551276,410253370,164,Illumina NovaSeq 6000,RNA-Seq,cDNA,TRANSCRIPTOMIC,total RNA,Pseudomonas aeruginosa UCBPP-PA14,208963,PA14,PA14,pf1090,PF-5081090,1.2,uM,1.20000uM,30,min,30min,poscon,LpxC,Membrane Integrity,LPS biosynthesis,Hydroxamic acid,dmso,antimicrobial_reference_set,MOC_1430,MOC_1430_1,r2,FALSE
GSM7985200,MOC_1430:pf1090:1.20000uM:30min:PA14:MOC_1430_1:r3,MOC_1430:pf1090:1.20000uM:PA14:30min:A,A,MOC_1430_1:PA14:30min,SRR27299824,SRX22977400,SAMN38978261,PRJNA1055047,1,PAIRED,90,4922755,443988397,177,Illumina NovaSeq 6000,RNA-Seq,cDNA,TRANSCRIPTOMIC,total RNA,Pseudomonas aeruginosa UCBPP-PA14,208963,PA14,PA14,pf1090,PF-5081090,1.2,uM,1.20000uM,30,min,30min,poscon,LpxC,Membrane Integrity,LPS biosynthesis,Hydroxamic acid,dmso,antimicrobial_reference_set,MOC_1430,MOC_1430_1,r3,FALSE
GSM7985210,MOC_1430:pf3299:1.20000uM:30min:PA14:MOC_1430_1:r1,MOC_1430:pf3299:1.20000uM:PA14:30min:A,A,MOC_1430_1:PA14:30min,SRR27300193,SRX22977755,SAMN38978251,PRJNA1055047,1,PAIRED,89,6319942,568702119,228,Illumina NovaSeq 6000,RNA-Seq,cDNA,TRANSCRIPTOMIC,total RNA,Pseudomonas aeruginosa UCBPP-PA14,208963,PA14,PA14,pf3299,PF-04753299,1.2,uM,1.20000uM,30,min,30min,poscon,LpxC,Membrane Integrity,LPS biosynthesis,Hydroxamic acid,dmso,antimicrobial_reference_set,MOC_1430,MOC_1430_1,r1,FALSE
GSM7985211,MOC_1430:pf3299:1.20000uM:30min:PA14:MOC_1430_1:r2,MOC_1430:pf3299:1.20000uM:PA14:30min:A,A,MOC_1430_1:PA14:30min,SRR27300191,SRX22977756,SAMN38978250,PRJNA1055047,1,PAIRED,89,6425103,578122816,233,Illumina NovaSeq 6000,RNA-Seq,cDNA,TRANSCRIPTOMIC,total RNA,Pseudomonas aeruginosa UCBPP-PA14,208963,PA14,PA14,pf3299,PF-04753299,1.2,uM,1.20000uM,30,min,30min,poscon,LpxC,Membrane Integrity,LPS biosynthesis,Hydroxamic acid,dmso,antimicrobial_reference_set,MOC_1430,MOC_1430_1,r2,FALSE
GSM7985212,MOC_1430:pf3299:1.20000uM:30min:PA14:MOC_1430_1:r3,MOC_1430:pf3299:1.20000uM:PA14:30min:A,A,MOC_1430_1:PA14:30min,SRR27300190,SRX22977757,SAMN38978249,PRJNA1055047,1,PAIRED,90,2657017,240037259,95,Illumina NovaSeq 6000,RNA-Seq,cDNA,TRANSCRIPTOMIC,total RNA,Pseudomonas aeruginosa UCBPP-PA14,208963,PA14,PA14,pf3299,PF-04753299,1.2,uM,1.20000uM,30,min,30min,poscon,LpxC,Membrane Integrity,LPS biosynthesis,Hydroxamic acid,dmso,antimicrobial_reference_set,MOC_1430,MOC_1430_1,r3,FALSE
GSM7985222,MOC_1430:pg1:6.00000uM:30min:PA14:MOC_1430_1:r1,MOC_1430:pg1:6.00000uM:PA14:30min:A,A,MOC_1430_1:PA14:30min,SRR27300179,SRX22977767,SAMN38978239,PRJNA1055047,1,PAIRED,90,2180165,196594666,79,Illumina NovaSeq 6000,RNA-Seq,cDNA,TRANSCRIPTOMIC,total RNA,Pseudomonas aeruginosa UCBPP-PA14,208963,PA14,PA14,pg1,Protegrin-1,6,uM,6.00000uM,30,min,30min,poscon,LPS,Membrane Integrity,Membrane Integrity,AMP,dmso,antimicrobial_reference_set,MOC_1430,MOC_1430_1,r1,FALSE
GSM7985223,MOC_1430:pg1:6.00000uM:30min:PA14:MOC_1430_1:r2,MOC_1430:pg1:6.00000uM:PA14:30min:A,A,MOC_1430_1:PA14:30min,SRR27300178,SRX22977768,SAMN38978238,PRJNA1055047,1,PAIRED,90,1671191,150408321,60,Illumina NovaSeq 6000,RNA-Seq,cDNA,TRANSCRIPTOMIC,total RNA,Pseudomonas aeruginosa UCBPP-PA14,208963,PA14,PA14,pg1,Protegrin-1,6,uM,6.00000uM,30,min,30min,poscon,LPS,Membrane Integrity,Membrane Integrity,AMP,dmso,antimicrobial_reference_set,MOC_1430,MOC_1430_1,r2,FALSE
GSM7985224,MOC_1430:pg1:6.00000uM:30min:PA14:MOC_1430_1:r3,MOC_1430:pg1:6.00000uM:PA14:30min:A,A,MOC_1430_1:PA14:30min,SRR27299708,SRX22977198,SAMN38978237,PRJNA1055047,1,PAIRED,89,2393175,215237589,87,Illumina NovaSeq 6000,RNA-Seq,cDNA,TRANSCRIPTOMIC,total RNA,Pseudomonas aeruginosa UCBPP-PA14,208963,PA14,PA14,pg1,Protegrin-1,6,uM,6.00000uM,30,min,30min,poscon,LPS,Membrane Integrity,Membrane Integrity,AMP,dmso,antimicrobial_reference_set,MOC_1430,MOC_1430_1,r3,FALSE
GSM8297887,MOC_1430:pip:37.50000uM:30min:PA14:MOC_1430_1:r1,MOC_1430:pip:37.50000uM:PA14:30min:A,A,MOC_1430_1:PA14:30min,SRR29244673;SRR29244674,SRX24763009,SAMN41607454,PRJNA1055047,2,SINGLE,41,11649566,526870424,243,Illumina NovaSeq 6000,RNA-Seq,cDNA,TRANSCRIPTOMIC,total RNA,Pseudomonas aeruginosa UCBPP-PA14,208963,PA14,PA14,pip,Piperacillin,37.5,uM,37.50000uM,30,min,30min,poscon,PBP,Cell wall synthesis,Cell wall biogenesis,B-lactam,water,weak_signal_removed_from_antimicrobial_reference_set,MOC_1430,MOC_1430_1,r1,TRUE
GSM8297888,MOC_1430:pip:37.50000uM:30min:PA14:MOC_1430_1:r2,MOC_1430:pip:37.50000uM:PA14:30min:A,A,MOC_1430_1:PA14:30min,SRR29244671;SRR29244672,SRX24763010,SAMN41607453,PRJNA1055047,2,SINGLE,41,5298548,238732083,110,Illumina NovaSeq 6000,RNA-Seq,cDNA,TRANSCRIPTOMIC,total RNA,Pseudomonas aeruginosa UCBPP-PA14,208963,PA14,PA14,pip,Piperacillin,37.5,uM,37.50000uM,30,min,30min,poscon,PBP,Cell wall synthesis,Cell wall biogenesis,B-lactam,water,weak_signal_removed_from_antimicrobial_reference_set,MOC_1430,MOC_1430_1,r2,TRUE
GSM8297889,MOC_1430:pip:37.50000uM:30min:PA14:MOC_1430_1:r3,MOC_1430:pip:37.50000uM:PA14:30min:A,A,MOC_1430_1:PA14:30min,SRR29244669;SRR29244670,SRX24763011,SAMN41607452,PRJNA1055047,2,SINGLE,41,8966098,404195187,187,Illumina NovaSeq 6000,RNA-Seq,cDNA,TRANSCRIPTOMIC,total RNA,Pseudomonas aeruginosa UCBPP-PA14,208963,PA14,PA14,pip,Piperacillin,37.5,uM,37.50000uM,30,min,30min,poscon,PBP,Cell wall synthesis,Cell wall biogenesis,B-lactam,water,weak_signal_removed_from_antimicrobial_reference_set,MOC_1430,MOC_1430_1,r3,TRUE
GSM8297899,MOC_1430:pol7001:0.20000uM:30min:PA14:MOC_1430_1:r1,MOC_1430:pol7001:0.20000uM:PA14:30min:A,A,MOC_1430_1:PA14:30min,SRR29244926;SRR29244927,SRX24763151,SAMN41607442,PRJNA1055047,2,SINGLE,41,13203432,595505806,276,Illumina NovaSeq 6000,RNA-Seq,cDNA,TRANSCRIPTOMIC,total RNA,Pseudomonas aeruginosa UCBPP-PA14,208963,PA14,PA14,pol7001,POL-7001,0.2,uM,0.20000uM,30,min,30min,poscon,LptD,Membrane Integrity,LPS transport,AMP,dmso,weak_signal_removed_from_antimicrobial_reference_set,MOC_1430,MOC_1430_1,r1,TRUE
GSM8297900,MOC_1430:pol7001:0.20000uM:30min:PA14:MOC_1430_1:r2,MOC_1430:pol7001:0.20000uM:PA14:30min:A,A,MOC_1430_1:PA14:30min,SRR29244924;SRR29244925,SRX24763152,SAMN41607441,PRJNA1055047,2,SINGLE,41,7589298,342192761,157,Illumina NovaSeq 6000,RNA-Seq,cDNA,TRANSCRIPTOMIC,total RNA,Pseudomonas aeruginosa UCBPP-PA14,208963,PA14,PA14,pol7001,POL-7001,0.2,uM,0.20000uM,30,min,30min,poscon,LptD,Membrane Integrity,LPS transport,AMP,dmso,weak_signal_removed_from_antimicrobial_reference_set,MOC_1430,MOC_1430_1,r2,TRUE
GSM8297901,MOC_1430:pol7001:0.20000uM:30min:PA14:MOC_1430_1:r3,MOC_1430:pol7001:0.20000uM:PA14:30min:A,A,MOC_1430_1:PA14:30min,SRR29244922;SRR29244923,SRX24763153,SAMN41607440,PRJNA1055047,2,SINGLE,41,13655148,616395447,284,Illumina NovaSeq 6000,RNA-Seq,cDNA,TRANSCRIPTOMIC,total RNA,Pseudomonas aeruginosa UCBPP-PA14,208963,PA14,PA14,pol7001,POL-7001,0.2,uM,0.20000uM,30,min,30min,poscon,LptD,Membrane Integrity,LPS transport,AMP,dmso,weak_signal_removed_from_antimicrobial_reference_set,MOC_1430,MOC_1430_1,r3,TRUE
GSM8297911,MOC_1430:pol7080:0.25000uM:30min:PA14:MOC_1430_1:r1,MOC_1430:pol7080:0.25000uM:PA14:30min:A,A,MOC_1430_1:PA14:30min,SRR29244902;SRR29244903,SRX24763163,SAMN41607430,PRJNA1055047,2,SINGLE,41,9829046,443497444,204,Illumina NovaSeq 6000,RNA-Seq,cDNA,TRANSCRIPTOMIC,total RNA,Pseudomonas aeruginosa UCBPP-PA14,208963,PA14,PA14,pol7080,POL-7080,0.25,uM,0.25000uM,30,min,30min,poscon,LptD,Membrane Integrity,LPS transport,AMP,dmso,weak_signal_removed_from_antimicrobial_reference_set,MOC_1430,MOC_1430_1,r1,TRUE
GSM8297912,MOC_1430:pol7080:0.25000uM:30min:PA14:MOC_1430_1:r2,MOC_1430:pol7080:0.25000uM:PA14:30min:A,A,MOC_1430_1:PA14:30min,SRR29244900;SRR29244901,SRX24763164,SAMN41607429,PRJNA1055047,2,SINGLE,41,8407662,378134635,175,Illumina NovaSeq 6000,RNA-Seq,cDNA,TRANSCRIPTOMIC,total RNA,Pseudomonas aeruginosa UCBPP-PA14,208963,PA14,PA14,pol7080,POL-7080,0.25,uM,0.25000uM,30,min,30min,poscon,LptD,Membrane Integrity,LPS transport,AMP,dmso,weak_signal_removed_from_antimicrobial_reference_set,MOC_1430,MOC_1430_1,r2,TRUE
GSM8297913,MOC_1430:pol7080:0.25000uM:30min:PA14:MOC_1430_1:r3,MOC_1430:pol7080:0.25000uM:PA14:30min:A,A,MOC_1430_1:PA14:30min,SRR29244594;SRR29244595,SRX24763067,SAMN41607428,PRJNA1055047,2,SINGLE,41,9585488,431057992,198,Illumina NovaSeq 6000,RNA-Seq,cDNA,TRANSCRIPTOMIC,total RNA,Pseudomonas aeruginosa UCBPP-PA14,208963,PA14,PA14,pol7080,POL-7080,0.25,uM,0.25000uM,30,min,30min,poscon,LptD,Membrane Integrity,LPS transport,AMP,dmso,weak_signal_removed_from_antimicrobial_reference_set,MOC_1430,MOC_1430_1,r3,TRUE
GSM7985234,MOC_1430:tet:108.00000uM:30min:PA14:MOC_1430_1:r1,MOC_1430:tet:108.00000uM:PA14:30min:A,A,MOC_1430_1:PA14:30min,SRR27299697,SRX22977208,SAMN38978227,PRJNA1055047,1,PAIRED,90,5398850,487935850,195,Illumina NovaSeq 6000,RNA-Seq,cDNA,TRANSCRIPTOMIC,total RNA,Pseudomonas aeruginosa UCBPP-PA14,208963,PA14,PA14,tet,Tetracyclin,108,uM,108.00000uM,30,min,30min,poscon,30S ribosomal subunit,Protein synthesis,Protein synthesis,Tetracycline,water,antimicrobial_reference_set,MOC_1430,MOC_1430_1,r1,FALSE
GSM7985235,MOC_1430:tet:108.00000uM:30min:PA14:MOC_1430_1:r2,MOC_1430:tet:108.00000uM:PA14:30min:A,A,MOC_1430_1:PA14:30min,SRR27299696,SRX22977209,SAMN38978226,PRJNA1055047,1,PAIRED,90,9641672,871598602,348,Illumina NovaSeq 6000,RNA-Seq,cDNA,TRANSCRIPTOMIC,total RNA,Pseudomonas aeruginosa UCBPP-PA14,208963,PA14,PA14,tet,Tetracyclin,108,uM,108.00000uM,30,min,30min,poscon,30S ribosomal subunit,Protein synthesis,Protein synthesis,Tetracycline,water,antimicrobial_reference_set,MOC_1430,MOC_1430_1,r2,FALSE
GSM7985236,MOC_1430:tet:108.00000uM:30min:PA14:MOC_1430_1:r3,MOC_1430:tet:108.00000uM:PA14:30min:A,A,MOC_1430_1:PA14:30min,SRR27299695,SRX22977210,SAMN38978225,PRJNA1055047,1,PAIRED,90,7686663,693918533,280,Illumina NovaSeq 6000,RNA-Seq,cDNA,TRANSCRIPTOMIC,total RNA,Pseudomonas aeruginosa UCBPP-PA14,208963,PA14,PA14,tet,Tetracyclin,108,uM,108.00000uM,30,min,30min,poscon,30S ribosomal subunit,Protein synthesis,Protein synthesis,Tetracycline,water,antimicrobial_reference_set,MOC_1430,MOC_1430_1,r3,FALSE
GSM7985246,MOC_1430:tmp:375.00000uM:30min:PA14:MOC_1430_1:r1,MOC_1430:tmp:375.00000uM:PA14:30min:A,A,MOC_1430_1:PA14:30min,SRR27299810,SRX22977414,SAMN38978215,PRJNA1055047,1,PAIRED,90,4611358,415080554,166,Illumina NovaSeq 6000,RNA-Seq,cDNA,TRANSCRIPTOMIC,total RNA,Pseudomonas aeruginosa UCBPP-PA14,208963,PA14,PA14,tmp,Trimethoprim,375,uM,375.00000uM,30,min,30min,poscon,DhfR,DNA synthesis,Folate synthesis,Folate analog,dmso,antimicrobial_reference_set,MOC_1430,MOC_1430_1,r1,FALSE
GSM7985247,MOC_1430:tmp:375.00000uM:30min:PA14:MOC_1430_1:r2,MOC_1430:tmp:375.00000uM:PA14:30min:A,A,MOC_1430_1:PA14:30min,SRR27299809,SRX22977415,SAMN38978214,PRJNA1055047,1,PAIRED,89,4274860,384544829,155,Illumina NovaSeq 6000,RNA-Seq,cDNA,TRANSCRIPTOMIC,total RNA,Pseudomonas aeruginosa UCBPP-PA14,208963,PA14,PA14,tmp,Trimethoprim,375,uM,375.00000uM,30,min,30min,poscon,DhfR,DNA synthesis,Folate synthesis,Folate analog,dmso,antimicrobial_reference_set,MOC_1430,MOC_1430_1,r2,FALSE
GSM7985248,MOC_1430:tmp:375.00000uM:30min:PA14:MOC_1430_1:r3,MOC_1430:tmp:375.00000uM:PA14:30min:A,A,MOC_1430_1:PA14:30min,SRR27299808,SRX22977416,SAMN38978213,PRJNA1055047,1,PAIRED,90,3445556,311258331,125,Illumina NovaSeq 6000,RNA-Seq,cDNA,TRANSCRIPTOMIC,total RNA,Pseudomonas aeruginosa UCBPP-PA14,208963,PA14,PA14,tmp,Trimethoprim,375,uM,375.00000uM,30,min,30min,poscon,DhfR,DNA synthesis,Folate synthesis,Folate analog,dmso,antimicrobial_reference_set,MOC_1430,MOC_1430_1,r3,FALSE
GSM7985258,MOC_1430:water:0.50000%:30min:PA14:MOC_1430_1:r1,MOC_1430:water:0.50000%:PA14:30min:A,A,MOC_1430_1:PA14:30min,SRR27300173;SRR27300174,SRX22977771,SAMN38978203,PRJNA1055047,2,PAIRED,90,12577250,1132811552,456,Illumina NovaSeq 6000,RNA-Seq,cDNA,TRANSCRIPTOMIC,total RNA,Pseudomonas aeruginosa UCBPP-PA14,208963,PA14,PA14,water,water,0.5,%,0.50000%,30,min,30min,negcon,Negative control,Negative control,Negative control,Negative control,water,antimicrobial_reference_set,MOC_1430,MOC_1430_1,r1,FALSE
GSM7985259,MOC_1430:water:0.50000%:30min:PA14:MOC_1430_1:r2,MOC_1430:water:0.50000%:PA14:30min:A,A,MOC_1430_1:PA14:30min,SRR27299870;SRR27300172,SRX22977772,SAMN38978202,PRJNA1055047,2,PAIRED,90,9327379,842749804,336,Illumina NovaSeq 6000,RNA-Seq,cDNA,TRANSCRIPTOMIC,total RNA,Pseudomonas aeruginosa UCBPP-PA14,208963,PA14,PA14,water,water,0.5,%,0.50000%,30,min,30min,negcon,Negative control,Negative control,Negative control,Negative control,water,antimicrobial_reference_set,MOC_1430,MOC_1430_1,r2,FALSE
GSM7985260,MOC_1430:water:0.50000%:30min:PA14:MOC_1430_1:r3,MOC_1430:water:0.50000%:PA14:30min:A,A,MOC_1430_1:PA14:30min,SRR27300170;SRR27300171,SRX22977773,SAMN38978201,PRJNA1055047,2,PAIRED,90,10919304,986637842,394,Illumina NovaSeq 6000,RNA-Seq,cDNA,TRANSCRIPTOMIC,total RNA,Pseudomonas aeruginosa UCBPP-PA14,208963,PA14,PA14,water,water,0.5,%,0.50000%,30,min,30min,negcon,Negative control,Negative control,Negative control,Negative control,water,antimicrobial_reference_set,MOC_1430,MOC_1430_1,r3,FALSE
GSM7985006,MOC_1430:ami:4.50000uM:60min:PA14:MOC_1430_1:r1,MOC_1430:ami:4.50000uM:PA14:60min:A,A,MOC_1430_1:PA14:60min,SRR27300226,SRX22977725,SAMN38978455,PRJNA1055047,1,PAIRED,90,7062902,639114218,255,Illumina NovaSeq 6000,RNA-Seq,cDNA,TRANSCRIPTOMIC,total RNA,Pseudomonas aeruginosa UCBPP-PA14,208963,PA14,PA14,ami,Amikacin,4.5,uM,4.50000uM,60,min,60min,poscon,30S ribosomal subunit,Protein synthesis,Protein synthesis,Aminoglycoside,water,antimicrobial_reference_set,MOC_1430,MOC_1430_1,r1,FALSE
GSM7985007,MOC_1430:ami:4.50000uM:60min:PA14:MOC_1430_1:r2,MOC_1430:ami:4.50000uM:PA14:60min:A,A,MOC_1430_1:PA14:60min,SRR27300224,SRX22977726,SAMN38978454,PRJNA1055047,1,PAIRED,90,3268308,295523845,118,Illumina NovaSeq 6000,RNA-Seq,cDNA,TRANSCRIPTOMIC,total RNA,Pseudomonas aeruginosa UCBPP-PA14,208963,PA14,PA14,ami,Amikacin,4.5,uM,4.50000uM,60,min,60min,poscon,30S ribosomal subunit,Protein synthesis,Protein synthesis,Aminoglycoside,water,antimicrobial_reference_set,MOC_1430,MOC_1430_1,r2,FALSE
GSM7985008,MOC_1430:ami:4.50000uM:60min:PA14:MOC_1430_1:r3,MOC_1430:ami:4.50000uM:PA14:60min:A,A,MOC_1430_1:PA14:60min,SRR27300223,SRX22977727,SAMN38978453,PRJNA1055047,1,PAIRED,90,3854584,348618762,139,Illumina NovaSeq 6000,RNA-Seq,cDNA,TRANSCRIPTOMIC,total RNA,Pseudomonas aeruginosa UCBPP-PA14,208963,PA14,PA14,ami,Amikacin,4.5,uM,4.50000uM,60,min,60min,poscon,30S ribosomal subunit,Protein synthesis,Protein synthesis,Aminoglycoside,water,antimicrobial_reference_set,MOC_1430,MOC_1430_1,r3,FALSE
GSM8297869,MOC_1430:aztreo:37.50000uM:60min:PA14:MOC_1430_1:r1,MOC_1430:aztreo:37.50000uM:PA14:60min:A,A,MOC_1430_1:PA14:60min,SRR29244810;SRR29244811,SRX24763233,SAMN41607472,PRJNA1055047,2,SINGLE,41,9514310,430317310,198,Illumina NovaSeq 6000,RNA-Seq,cDNA,TRANSCRIPTOMIC,total RNA,Pseudomonas aeruginosa UCBPP-PA14,208963,PA14,PA14,aztreo,Aztreonam,37.5,uM,37.50000uM,60,min,60min,poscon,,,,,,weak_signal_removed_from_antimicrobial_reference_set,MOC_1430,MOC_1430_1,r1,TRUE
GSM8297870,MOC_1430:aztreo:37.50000uM:60min:PA14:MOC_1430_1:r2,MOC_1430:aztreo:37.50000uM:PA14:60min:A,A,MOC_1430_1:PA14:60min,SRR29244808;SRR29244809,SRX24763234,SAMN41607471,PRJNA1055047,2,SINGLE,41,8047272,363865052,167,Illumina NovaSeq 6000,RNA-Seq,cDNA,TRANSCRIPTOMIC,total RNA,Pseudomonas aeruginosa UCBPP-PA14,208963,PA14,PA14,aztreo,Aztreonam,37.5,uM,37.50000uM,60,min,60min,poscon,,,,,,weak_signal_removed_from_antimicrobial_reference_set,MOC_1430,MOC_1430_1,r2,TRUE
GSM8297871,MOC_1430:aztreo:37.50000uM:60min:PA14:MOC_1430_1:r3,MOC_1430:aztreo:37.50000uM:PA14:60min:A,A,MOC_1430_1:PA14:60min,SRR29244806;SRR29244807,SRX24763235,SAMN41607470,PRJNA1055047,2,SINGLE,41,6739210,304935697,140,Illumina NovaSeq 6000,RNA-Seq,cDNA,TRANSCRIPTOMIC,total RNA,Pseudomonas aeruginosa UCBPP-PA14,208963,PA14,PA14,aztreo,Aztreonam,37.5,uM,37.50000uM,60,min,60min,poscon,,,,,,weak_signal_removed_from_antimicrobial_reference_set,MOC_1430,MOC_1430_1,r3,TRUE
GSM7985018,MOC_1430:carb:600.00000uM:60min:PA14:MOC_1430_1:r1,MOC_1430:carb:600.00000uM:PA14:60min:A,A,MOC_1430_1:PA14:60min,SRR27300362,SRX22977943,SAMN38978443,PRJNA1055047,1,PAIRED,90,4528038,409689984,164,Illumina NovaSeq 6000,RNA-Seq,cDNA,TRANSCRIPTOMIC,total RNA,Pseudomonas aeruginosa UCBPP-PA14,208963,PA14,PA14,carb,Carbenicillin,600,uM,600.00000uM,60,min,60min,poscon,PBP,Cell wall synthesis,Cell wall biogenesis,B-lactam,water,antimicrobial_reference_set,MOC_1430,MOC_1430_1,r1,FALSE
GSM7985019,MOC_1430:carb:600.00000uM:60min:PA14:MOC_1430_1:r2,MOC_1430:carb:600.00000uM:PA14:60min:A,A,MOC_1430_1:PA14:60min,SRR27300360,SRX22977944,SAMN38978442,PRJNA1055047,1,PAIRED,90,3506330,317233193,127,Illumina NovaSeq 6000,RNA-Seq,cDNA,TRANSCRIPTOMIC,total RNA,Pseudomonas aeruginosa UCBPP-PA14,208963,PA14,PA14,carb,Carbenicillin,600,uM,600.00000uM,60,min,60min,poscon,PBP,Cell wall synthesis,Cell wall biogenesis,B-lactam,water,antimicrobial_reference_set,MOC_1430,MOC_1430_1,r2,FALSE
GSM7985020,MOC_1430:carb:600.00000uM:60min:PA14:MOC_1430_1:r3,MOC_1430:carb:600.00000uM:PA14:60min:A,A,MOC_1430_1:PA14:60min,SRR27300359,SRX22977945,SAMN38978441,PRJNA1055047,1,PAIRED,90,3702552,334216092,133,Illumina NovaSeq 6000,RNA-Seq,cDNA,TRANSCRIPTOMIC,total RNA,Pseudomonas aeruginosa UCBPP-PA14,208963,PA14,PA14,carb,Carbenicillin,600,uM,600.00000uM,60,min,60min,poscon,PBP,Cell wall synthesis,Cell wall biogenesis,B-lactam,water,antimicrobial_reference_set,MOC_1430,MOC_1430_1,r3,FALSE
GSM8297878,MOC_1430:ceftaz:24.00000uM:60min:PA14:MOC_1430_1:r1,MOC_1430:ceftaz:24.00000uM:PA14:60min:A,A,MOC_1430_1:PA14:60min,SRR29244792;SRR29244793,SRX24763242,SAMN41607463,PRJNA1055047,2,SINGLE,41,8482986,383685378,176,Illumina NovaSeq 6000,RNA-Seq,cDNA,TRANSCRIPTOMIC,total RNA,Pseudomonas aeruginosa UCBPP-PA14,208963,PA14,PA14,ceftaz,Ceftazidime,24,uM,24.00000uM,60,min,60min,poscon,PBP,Cell wall synthesis,Cell wall biogenesis,B-lactam,water,weak_signal_removed_from_antimicrobial_reference_set,MOC_1430,MOC_1430_1,r1,TRUE
GSM8297879,MOC_1430:ceftaz:24.00000uM:60min:PA14:MOC_1430_1:r2,MOC_1430:ceftaz:24.00000uM:PA14:60min:A,A,MOC_1430_1:PA14:60min,SRR29244790;SRR29244791,SRX24763243,SAMN41607462,PRJNA1055047,2,SINGLE,41,8304982,375559717,173,Illumina NovaSeq 6000,RNA-Seq,cDNA,TRANSCRIPTOMIC,total RNA,Pseudomonas aeruginosa UCBPP-PA14,208963,PA14,PA14,ceftaz,Ceftazidime,24,uM,24.00000uM,60,min,60min,poscon,PBP,Cell wall synthesis,Cell wall biogenesis,B-lactam,water,weak_signal_removed_from_antimicrobial_reference_set,MOC_1430,MOC_1430_1,r2,TRUE
GSM8297880,MOC_1430:ceftaz:24.00000uM:60min:PA14:MOC_1430_1:r3,MOC_1430:ceftaz:24.00000uM:PA14:60min:A,A,MOC_1430_1:PA14:60min,SRR29244788;SRR29244789,SRX24763244,SAMN41607461,PRJNA1055047,2,SINGLE,41,6813932,307617391,141,Illumina NovaSeq 6000,RNA-Seq,cDNA,TRANSCRIPTOMIC,total RNA,Pseudomonas aeruginosa UCBPP-PA14,208963,PA14,PA14,ceftaz,Ceftazidime,24,uM,24.00000uM,60,min,60min,poscon,PBP,Cell wall synthesis,Cell wall biogenesis,B-lactam,water,weak_signal_removed_from_antimicrobial_reference_set,MOC_1430,MOC_1430_1,r3,TRUE
GSM7985036,MOC_1430:cip:0.75000uM:60min:PA14:MOC_1430_1:r1,MOC_1430:cip:0.75000uM:PA14:60min:A,A,MOC_1430_1:PA14:60min,SRR27299908,SRX22977330,SAMN38978425,PRJNA1055047,1,PAIRED,90,5760051,521393488,208,Illumina NovaSeq 6000,RNA-Seq,cDNA,TRANSCRIPTOMIC,total RNA,Pseudomonas aeruginosa UCBPP-PA14,208963,PA14,PA14,cip,Ciprofloxacin,0.75,uM,0.75000uM,60,min,60min,poscon,GyrA/ParC,DNA synthesis,DNA synthesis,Quinolone,water,antimicrobial_reference_set,MOC_1430,MOC_1430_1,r1,FALSE
GSM7985037,MOC_1430:cip:0.75000uM:60min:PA14:MOC_1430_1:r2,MOC_1430:cip:0.75000uM:PA14:60min:A,A,MOC_1430_1:PA14:60min,SRR27299907,SRX22977331,SAMN38978424,PRJNA1055047,1,PAIRED,90,3534090,319454420,127,Illumina NovaSeq 6000,RNA-Seq,cDNA,TRANSCRIPTOMIC,total RNA,Pseudomonas aeruginosa UCBPP-PA14,208963,PA14,PA14,cip,Ciprofloxacin,0.75,uM,0.75000uM,60,min,60min,poscon,GyrA/ParC,DNA synthesis,DNA synthesis,Quinolone,water,antimicrobial_reference_set,MOC_1430,MOC_1430_1,r2,FALSE
GSM7985038,MOC_1430:cip:0.75000uM:60min:PA14:MOC_1430_1:r3,MOC_1430:cip:0.75000uM:PA14:60min:A,A,MOC_1430_1:PA14:60min,SRR27299906,SRX22977332,SAMN38978423,PRJNA1055047,1,PAIRED,90,5336051,481889357,192,Illumina NovaSeq 6000,RNA-Seq,cDNA,TRANSCRIPTOMIC,total RNA,Pseudomonas aeruginosa UCBPP-PA14,208963,PA14,PA14,cip,Ciprofloxacin,0.75,uM,0.75000uM,60,min,60min,poscon,GyrA/ParC,DNA synthesis,DNA synthesis,Quinolone,water,antimicrobial_reference_set,MOC_1430,MOC_1430_1,r3,FALSE
GSM7985048,MOC_1430:clari:300.00000uM:60min:PA14:MOC_1430_1:r1,MOC_1430:clari:300.00000uM:PA14:60min:A,A,MOC_1430_1:PA14:60min,SRR27299896,SRX22977342,SAMN38978413,PRJNA1055047,1,PAIRED,90,7267483,656650267,262,Illumina NovaSeq 6000,RNA-Seq,cDNA,TRANSCRIPTOMIC,total RNA,Pseudomonas aeruginosa UCBPP-PA14,208963,PA14,PA14,clari,Clarithromycin,300,uM,300.00000uM,60,min,60min,poscon,50s ribosomal subunit,Protein synthesis,Protein synthesis,Macrolide,dmso,antimicrobial_reference_set,MOC_1430,MOC_1430_1,r1,FALSE
GSM7985049,MOC_1430:clari:300.00000uM:60min:PA14:MOC_1430_1:r2,MOC_1430:clari:300.00000uM:PA14:60min:A,A,MOC_1430_1:PA14:60min,SRR27299895,SRX22977343,SAMN38978412,PRJNA1055047,1,PAIRED,90,11227846,1016442959,405,Illumina NovaSeq 6000,RNA-Seq,cDNA,TRANSCRIPTOMIC,total RNA,Pseudomonas aeruginosa UCBPP-PA14,208963,PA14,PA14,clari,Clarithromycin,300,uM,300.00000uM,60,min,60min,poscon,50s ribosomal subunit,Protein synthesis,Protein synthesis,Macrolide,dmso,antimicrobial_reference_set,MOC_1430,MOC_1430_1,r2,FALSE
GSM7985050,MOC_1430:clari:300.00000uM:60min:PA14:MOC_1430_1:r3,MOC_1430:clari:300.00000uM:PA14:60min:A,A,MOC_1430_1:PA14:60min,SRR27299978,SRX22977608,SAMN38978411,PRJNA1055047,1,PAIRED,90,6226359,563251914,224,Illumina NovaSeq 6000,RNA-Seq,cDNA,TRANSCRIPTOMIC,total RNA,Pseudomonas aeruginosa UCBPP-PA14,208963,PA14,PA14,clari,Clarithromycin,300,uM,300.00000uM,60,min,60min,poscon,50s ribosomal subunit,Protein synthesis,Protein synthesis,Macrolide,dmso,antimicrobial_reference_set,MOC_1430,MOC_1430_1,r3,FALSE
GSM7985060,MOC_1430:col:3.00000uM:60min:PA14:MOC_1430_1:r1,MOC_1430:col:3.00000uM:PA14:60min:A,A,MOC_1430_1:PA14:60min,SRR27299963,SRX22977618,SAMN38978401,PRJNA1055047,1,PAIRED,90,9919978,895832514,356,Illumina NovaSeq 6000,RNA-Seq,cDNA,TRANSCRIPTOMIC,total RNA,Pseudomonas aeruginosa UCBPP-PA14,208963,PA14,PA14,col,Colistin,3,uM,3.00000uM,60,min,60min,poscon,LPS,Membrane Integrity,Inner membrane toxicity,AMP,water,antimicrobial_reference_set,MOC_1430,MOC_1430_1,r1,FALSE
GSM7985061,MOC_1430:col:3.00000uM:60min:PA14:MOC_1430_1:r2,MOC_1430:col:3.00000uM:PA14:60min:A,A,MOC_1430_1:PA14:60min,SRR27299962,SRX22977619,SAMN38978400,PRJNA1055047,1,PAIRED,90,6033077,544666928,217,Illumina NovaSeq 6000,RNA-Seq,cDNA,TRANSCRIPTOMIC,total RNA,Pseudomonas aeruginosa UCBPP-PA14,208963,PA14,PA14,col,Colistin,3,uM,3.00000uM,60,min,60min,poscon,LPS,Membrane Integrity,Inner membrane toxicity,AMP,water,antimicrobial_reference_set,MOC_1430,MOC_1430_1,r2,FALSE
GSM7985062,MOC_1430:col:3.00000uM:60min:PA14:MOC_1430_1:r3,MOC_1430:col:3.00000uM:PA14:60min:A,A,MOC_1430_1:PA14:60min,SRR27299961,SRX22977620,SAMN38978399,PRJNA1055047,1,PAIRED,90,6791112,614448931,244,Illumina NovaSeq 6000,RNA-Seq,cDNA,TRANSCRIPTOMIC,total RNA,Pseudomonas aeruginosa UCBPP-PA14,208963,PA14,PA14,col,Colistin,3,uM,3.00000uM,60,min,60min,poscon,LPS,Membrane Integrity,Inner membrane toxicity,AMP,water,antimicrobial_reference_set,MOC_1430,MOC_1430_1,r3,FALSE
GSM7985072,MOC_1430:dmso:0.50000%:60min:PA14:MOC_1430_1:r1,MOC_1430:dmso:0.50000%:PA14:60min:A,A,MOC_1430_1:PA14:60min,SRR27299881;SRR27299882,SRX22977352,SAMN38978389,PRJNA1055047,2,PAIRED,90,14738266,1331403114,534,Illumina NovaSeq 6000,RNA-Seq,cDNA,TRANSCRIPTOMIC,total RNA,Pseudomonas aeruginosa UCBPP-PA14,208963,PA14,PA14,dmso,dmso,0.5,%,0.50000%,60,min,60min,negcon,Negative control,Negative control,Negative control,Negative control,dmso,antimicrobial_reference_set,MOC_1430,MOC_1430_1,r1,FALSE
GSM7985073,MOC_1430:dmso:0.50000%:60min:PA14:MOC_1430_1:r2,MOC_1430:dmso:0.50000%:PA14:60min:A,A,MOC_1430_1:PA14:60min,SRR27299880;SRR27300361,SRX22977353,SAMN38978388,PRJNA1055047,2,PAIRED,90,12277612,1109036726,442,Illumina NovaSeq 6000,RNA-Seq,cDNA,TRANSCRIPTOMIC,total RNA,Pseudomonas aeruginosa UCBPP-PA14,208963,PA14,PA14,dmso,dmso,0.5,%,0.50000%,60,min,60min,negcon,Negative control,Negative control,Negative control,Negative control,dmso,antimicrobial_reference_set,MOC_1430,MOC_1430_1,r2,FALSE
GSM7985074,MOC_1430:dmso:0.50000%:60min:PA14:MOC_1430_1:r3,MOC_1430:dmso:0.50000%:PA14:60min:A,A,MOC_1430_1:PA14:60min,SRR27299878;SRR27299879,SRX22977354,SAMN38978387,PRJNA1055047,2,PAIRED,90,8860221,799946800,320,Illumina NovaSeq 6000,RNA-Seq,cDNA,TRANSCRIPTOMIC,total RNA,Pseudomonas aeruginosa UCBPP-PA14,208963,PA14,PA14,dmso,dmso,0.5,%,0.50000%,60,min,60min,negcon,Negative control,Negative control,Negative control,Negative control,dmso,antimicrobial_reference_set,MOC_1430,MOC_1430_1,r3,FALSE
GSM7985084,MOC_1430:erythro:300.00000uM:60min:PA14:MOC_1430_1:r1,MOC_1430:erythro:300.00000uM:PA14:60min:A,A,MOC_1430_1:PA14:60min,SRR27300338,SRX22977963,SAMN38978377,PRJNA1055047,1,PAIRED,90,6788247,614077926,246,Illumina NovaSeq 6000,RNA-Seq,cDNA,TRANSCRIPTOMIC,total RNA,Pseudomonas aeruginosa UCBPP-PA14,208963,PA14,PA14,erythro,Erythromycin,300,uM,300.00000uM,60,min,60min,poscon,50s ribosomal subunit,Protein synthesis,Protein synthesis,Macrolide,dmso,antimicrobial_reference_set,MOC_1430,MOC_1430_1,r1,FALSE
GSM7985085,MOC_1430:erythro:300.00000uM:60min:PA14:MOC_1430_1:r2,MOC_1430:erythro:300.00000uM:PA14:60min:A,A,MOC_1430_1:PA14:60min,SRR27300337,SRX22977964,SAMN38978376,PRJNA1055047,1,PAIRED,90,4644721,420082224,168,Illumina NovaSeq 6000,RNA-Seq,cDNA,TRANSCRIPTOMIC,total RNA,Pseudomonas aeruginosa UCBPP-PA14,208963,PA14,PA14,erythro,Erythromycin,300,uM,300.00000uM,60,min,60min,poscon,50s ribosomal subunit,Protein synthesis,Protein synthesis,Macrolide,dmso,antimicrobial_reference_set,MOC_1430,MOC_1430_1,r2,FALSE
GSM7985086,MOC_1430:erythro:300.00000uM:60min:PA14:MOC_1430_1:r3,MOC_1430:erythro:300.00000uM:PA14:60min:A,A,MOC_1430_1:PA14:60min,SRR27300336,SRX22977965,SAMN38978375,PRJNA1055047,1,PAIRED,90,6771908,611562006,244,Illumina NovaSeq 6000,RNA-Seq,cDNA,TRANSCRIPTOMIC,total RNA,Pseudomonas aeruginosa UCBPP-PA14,208963,PA14,PA14,erythro,Erythromycin,300,uM,300.00000uM,60,min,60min,poscon,50s ribosomal subunit,Protein synthesis,Protein synthesis,Macrolide,dmso,antimicrobial_reference_set,MOC_1430,MOC_1430_1,r3,FALSE
GSM7985093,MOC_1430:fosfo:600.00000uM:60min:PA14:MOC_1430_1:r1,MOC_1430:fosfo:600.00000uM:PA14:60min:A,A,MOC_1430_1:PA14:60min,SRR27300329,SRX22977972,SAMN38978368,PRJNA1055047,1,PAIRED,90,5216697,471233951,188,Illumina NovaSeq 6000,RNA-Seq,cDNA,TRANSCRIPTOMIC,total RNA,Pseudomonas aeruginosa UCBPP-PA14,208963,PA14,PA14,fosfo,Fosfomycin,600,uM,600.00000uM,60,min,60min,poscon,MurA,Cell wall synthesis,Cell wall biogenesis,Phosphonic antibiotics,water,antimicrobial_reference_set,MOC_1430,MOC_1430_1,r1,FALSE
GSM7985094,MOC_1430:fosfo:600.00000uM:60min:PA14:MOC_1430_1:r2,MOC_1430:fosfo:600.00000uM:PA14:60min:A,A,MOC_1430_1:PA14:60min,SRR27300328,SRX22977973,SAMN38978367,PRJNA1055047,1,PAIRED,90,5913230,535000461,214,Illumina NovaSeq 6000,RNA-Seq,cDNA,TRANSCRIPTOMIC,total RNA,Pseudomonas aeruginosa UCBPP-PA14,208963,PA14,PA14,fosfo,Fosfomycin,600,uM,600.00000uM,60,min,60min,poscon,MurA,Cell wall synthesis,Cell wall biogenesis,Phosphonic antibiotics,water,antimicrobial_reference_set,MOC_1430,MOC_1430_1,r2,FALSE
GSM7985095,MOC_1430:fosfo:600.00000uM:60min:PA14:MOC_1430_1:r3,MOC_1430:fosfo:600.00000uM:PA14:60min:A,A,MOC_1430_1:PA14:60min,SRR27300327,SRX22977974,SAMN38978366,PRJNA1055047,1,PAIRED,90,3757337,339924063,135,Illumina NovaSeq 6000,RNA-Seq,cDNA,TRANSCRIPTOMIC,total RNA,Pseudomonas aeruginosa UCBPP-PA14,208963,PA14,PA14,fosfo,Fosfomycin,600,uM,600.00000uM,60,min,60min,poscon,MurA,Cell wall synthesis,Cell wall biogenesis,Phosphonic antibiotics,water,antimicrobial_reference_set,MOC_1430,MOC_1430_1,r3,FALSE
GSM7985105,MOC_1430:gent:6.00000uM:60min:PA14:MOC_1430_1:r1,MOC_1430:gent:6.00000uM:PA14:60min:A,A,MOC_1430_1:PA14:60min,SRR27299858,SRX22977369,SAMN38978356,PRJNA1055047,1,PAIRED,90,6310693,569860352,227,Illumina NovaSeq 6000,RNA-Seq,cDNA,TRANSCRIPTOMIC,total RNA,Pseudomonas aeruginosa UCBPP-PA14,208963,PA14,PA14,gent,Gentamicin,6,uM,6.00000uM,60,min,60min,poscon,30S ribosomal subunit,Protein synthesis,Protein synthesis,Aminoglycoside,water,antimicrobial_reference_set,MOC_1430,MOC_1430_1,r1,FALSE
GSM7985106,MOC_1430:gent:6.00000uM:60min:PA14:MOC_1430_1:r2,MOC_1430:gent:6.00000uM:PA14:60min:A,A,MOC_1430_1:PA14:60min,SRR27299857,SRX22977370,SAMN38978355,PRJNA1055047,1,PAIRED,90,5187218,468308591,188,Illumina NovaSeq 6000,RNA-Seq,cDNA,TRANSCRIPTOMIC,total RNA,Pseudomonas aeruginosa UCBPP-PA14,208963,PA14,PA14,gent,Gentamicin,6,uM,6.00000uM,60,min,60min,poscon,30S ribosomal subunit,Protein synthesis,Protein synthesis,Aminoglycoside,water,antimicrobial_reference_set,MOC_1430,MOC_1430_1,r2,FALSE
GSM7985107,MOC_1430:gent:6.00000uM:60min:PA14:MOC_1430_1:r3,MOC_1430:gent:6.00000uM:PA14:60min:A,A,MOC_1430_1:PA14:60min,SRR27299856,SRX22977371,SAMN38978354,PRJNA1055047,1,PAIRED,90,4335227,392193971,158,Illumina NovaSeq 6000,RNA-Seq,cDNA,TRANSCRIPTOMIC,total RNA,Pseudomonas aeruginosa UCBPP-PA14,208963,PA14,PA14,gent,Gentamicin,6,uM,6.00000uM,60,min,60min,poscon,30S ribosomal subunit,Protein synthesis,Protein synthesis,Aminoglycoside,water,antimicrobial_reference_set,MOC_1430,MOC_1430_1,r3,FALSE
GSM7985117,MOC_1430:imi:9.00000uM:60min:PA14:MOC_1430_1:r1,MOC_1430:imi:9.00000uM:PA14:60min:A,A,MOC_1430_1:PA14:60min,SRR27300207,SRX22977742,SAMN38978344,PRJNA1055047,1,PAIRED,90,5357045,483721894,194,Illumina NovaSeq 6000,RNA-Seq,cDNA,TRANSCRIPTOMIC,total RNA,Pseudomonas aeruginosa UCBPP-PA14,208963,PA14,PA14,imi,Imipenem,9,uM,9.00000uM,60,min,60min,poscon,PBP,Cell wall synthesis,Cell wall biogenesis,B-lactam,water,antimicrobial_reference_set,MOC_1430,MOC_1430_1,r1,FALSE
GSM7985118,MOC_1430:imi:9.00000uM:60min:PA14:MOC_1430_1:r2,MOC_1430:imi:9.00000uM:PA14:60min:A,A,MOC_1430_1:PA14:60min,SRR27300206,SRX22977743,SAMN38978343,PRJNA1055047,1,PAIRED,90,2882468,260686620,104,Illumina NovaSeq 6000,RNA-Seq,cDNA,TRANSCRIPTOMIC,total RNA,Pseudomonas aeruginosa UCBPP-PA14,208963,PA14,PA14,imi,Imipenem,9,uM,9.00000uM,60,min,60min,poscon,PBP,Cell wall synthesis,Cell wall biogenesis,B-lactam,water,antimicrobial_reference_set,MOC_1430,MOC_1430_1,r2,FALSE
GSM7985119,MOC_1430:imi:9.00000uM:60min:PA14:MOC_1430_1:r3,MOC_1430:imi:9.00000uM:PA14:60min:A,A,MOC_1430_1:PA14:60min,SRR27300205,SRX22977744,SAMN38978342,PRJNA1055047,1,PAIRED,90,4706593,425630516,170,Illumina NovaSeq 6000,RNA-Seq,cDNA,TRANSCRIPTOMIC,total RNA,Pseudomonas aeruginosa UCBPP-PA14,208963,PA14,PA14,imi,Imipenem,9,uM,9.00000uM,60,min,60min,poscon,PBP,Cell wall synthesis,Cell wall biogenesis,B-lactam,water,antimicrobial_reference_set,MOC_1430,MOC_1430_1,r3,FALSE
GSM7985129,MOC_1430:levo:4.50000uM:60min:PA14:MOC_1430_1:r1,MOC_1430:levo:4.50000uM:PA14:60min:A,A,MOC_1430_1:PA14:60min,SRR27299958,SRX22977623,SAMN38978332,PRJNA1055047,1,PAIRED,90,5100030,460604196,184,Illumina NovaSeq 6000,RNA-Seq,cDNA,TRANSCRIPTOMIC,total RNA,Pseudomonas aeruginosa UCBPP-PA14,208963,PA14,PA14,levo,Levofloxacin,4.5,uM,4.50000uM,60,min,60min,poscon,GyrA/ParC,DNA synthesis,DNA synthesis,Quinolone,water,antimicrobial_reference_set,MOC_1430,MOC_1430_1,r1,FALSE
GSM7985130,MOC_1430:levo:4.50000uM:60min:PA14:MOC_1430_1:r2,MOC_1430:levo:4.50000uM:PA14:60min:A,A,MOC_1430_1:PA14:60min,SRR27299957,SRX22977624,SAMN38978331,PRJNA1055047,1,PAIRED,90,4384002,396015712,158,Illumina NovaSeq 6000,RNA-Seq,cDNA,TRANSCRIPTOMIC,total RNA,Pseudomonas aeruginosa UCBPP-PA14,208963,PA14,PA14,levo,Levofloxacin,4.5,uM,4.50000uM,60,min,60min,poscon,GyrA/ParC,DNA synthesis,DNA synthesis,Quinolone,water,antimicrobial_reference_set,MOC_1430,MOC_1430_1,r2,FALSE
GSM7985131,MOC_1430:levo:4.50000uM:60min:PA14:MOC_1430_1:r3,MOC_1430:levo:4.50000uM:PA14:60min:A,A,MOC_1430_1:PA14:60min,SRR27299956,SRX22977625,SAMN38978330,PRJNA1055047,1,PAIRED,90,4913009,444580243,178,Illumina NovaSeq 6000,RNA-Seq,cDNA,TRANSCRIPTOMIC,total RNA,Pseudomonas aeruginosa UCBPP-PA14,208963,PA14,PA14,levo,Levofloxacin,4.5,uM,4.50000uM,60,min,60min,poscon,GyrA/ParC,DNA synthesis,DNA synthesis,Quinolone,water,antimicrobial_reference_set,MOC_1430,MOC_1430_1,r3,FALSE
GSM7985141,MOC_1430:mero:2.40000uM:60min:PA14:MOC_1430_1:r1,MOC_1430:mero:2.40000uM:PA14:60min:A,A,MOC_1430_1:PA14:60min,SRR27299946,SRX22977635,SAMN38978320,PRJNA1055047,1,PAIRED,90,6653716,602041957,241,Illumina NovaSeq 6000,RNA-Seq,cDNA,TRANSCRIPTOMIC,total RNA,Pseudomonas aeruginosa UCBPP-PA14,208963,PA14,PA14,mero,Meropenem,2.4,uM,2.40000uM,60,min,60min,poscon,PBP,Cell wall synthesis,Cell wall biogenesis,B-lactam,dmso,antimicrobial_reference_set,MOC_1430,MOC_1430_1,r1,FALSE
GSM7985142,MOC_1430:mero:2.40000uM:60min:PA14:MOC_1430_1:r2,MOC_1430:mero:2.40000uM:PA14:60min:A,A,MOC_1430_1:PA14:60min,SRR27299945,SRX22977636,SAMN38978319,PRJNA1055047,1,PAIRED,90,5505154,496985800,198,Illumina NovaSeq 6000,RNA-Seq,cDNA,TRANSCRIPTOMIC,total RNA,Pseudomonas aeruginosa UCBPP-PA14,208963,PA14,PA14,mero,Meropenem,2.4,uM,2.40000uM,60,min,60min,poscon,PBP,Cell wall synthesis,Cell wall biogenesis,B-lactam,dmso,antimicrobial_reference_set,MOC_1430,MOC_1430_1,r2,FALSE
GSM7985143,MOC_1430:mero:2.40000uM:60min:PA14:MOC_1430_1:r3,MOC_1430:mero:2.40000uM:PA14:60min:A,A,MOC_1430_1:PA14:60min,SRR27299944,SRX22977637,SAMN38978318,PRJNA1055047,1,PAIRED,90,3984258,359762713,143,Illumina NovaSeq 6000,RNA-Seq,cDNA,TRANSCRIPTOMIC,total RNA,Pseudomonas aeruginosa UCBPP-PA14,208963,PA14,PA14,mero,Meropenem,2.4,uM,2.40000uM,60,min,60min,poscon,PBP,Cell wall synthesis,Cell wall biogenesis,B-lactam,dmso,antimicrobial_reference_set,MOC_1430,MOC_1430_1,r3,FALSE
GSM7985153,MOC_1430:mino:37.50000uM:60min:PA14:MOC_1430_1:r1,MOC_1430:mino:37.50000uM:PA14:60min:A,A,MOC_1430_1:PA14:60min,SRR27299934,SRX22977647,SAMN38978308,PRJNA1055047,1,PAIRED,90,11354835,1027812645,411,Illumina NovaSeq 6000,RNA-Seq,cDNA,TRANSCRIPTOMIC,total RNA,Pseudomonas aeruginosa UCBPP-PA14,208963,PA14,PA14,mino,Minocycline,37.5,uM,37.50000uM,60,min,60min,poscon,30S ribosomal subunit,Protein synthesis,Protein synthesis,Tetracycline,dmso,antimicrobial_reference_set,MOC_1430,MOC_1430_1,r1,FALSE
GSM7985154,MOC_1430:mino:37.50000uM:60min:PA14:MOC_1430_1:r2,MOC_1430:mino:37.50000uM:PA14:60min:A,A,MOC_1430_1:PA14:60min,SRR27299933,SRX22977648,SAMN38978307,PRJNA1055047,1,PAIRED,90,7788530,704891155,281,Illumina NovaSeq 6000,RNA-Seq,cDNA,TRANSCRIPTOMIC,total RNA,Pseudomonas aeruginosa UCBPP-PA14,208963,PA14,PA14,mino,Minocycline,37.5,uM,37.50000uM,60,min,60min,poscon,30S ribosomal subunit,Protein synthesis,Protein synthesis,Tetracycline,dmso,antimicrobial_reference_set,MOC_1430,MOC_1430_1,r2,FALSE
GSM7985155,MOC_1430:mino:37.50000uM:60min:PA14:MOC_1430_1:r3,MOC_1430:mino:37.50000uM:PA14:60min:A,A,MOC_1430_1:PA14:60min,SRR27299932,SRX22977649,SAMN38978306,PRJNA1055047,1,PAIRED,90,9708741,878578871,351,Illumina NovaSeq 6000,RNA-Seq,cDNA,TRANSCRIPTOMIC,total RNA,Pseudomonas aeruginosa UCBPP-PA14,208963,PA14,PA14,mino,Minocycline,37.5,uM,37.50000uM,60,min,60min,poscon,30S ribosomal subunit,Protein synthesis,Protein synthesis,Tetracycline,dmso,antimicrobial_reference_set,MOC_1430,MOC_1430_1,r3,FALSE
GSM7985165,MOC_1430:novo:750.00000uM:60min:PA14:MOC_1430_1:r1,MOC_1430:novo:750.00000uM:PA14:60min:A,A,MOC_1430_1:PA14:60min,SRR27299846,SRX22977381,SAMN38978296,PRJNA1055047,1,PAIRED,90,5264771,475600470,190,Illumina NovaSeq 6000,RNA-Seq,cDNA,TRANSCRIPTOMIC,total RNA,Pseudomonas aeruginosa UCBPP-PA14,208963,PA14,PA14,novo,Novobiocin,750,uM,750.00000uM,60,min,60min,poscon,GyrB,DNA synthesis,DNA synthesis,Aminocoumarin,dmso,antimicrobial_reference_set,MOC_1430,MOC_1430_1,r1,FALSE
GSM7985166,MOC_1430:novo:750.00000uM:60min:PA14:MOC_1430_1:r2,MOC_1430:novo:750.00000uM:PA14:60min:A,A,MOC_1430_1:PA14:60min,SRR27299845,SRX22977382,SAMN38978295,PRJNA1055047,1,PAIRED,90,3992817,360735601,144,Illumina NovaSeq 6000,RNA-Seq,cDNA,TRANSCRIPTOMIC,total RNA,Pseudomonas aeruginosa UCBPP-PA14,208963,PA14,PA14,novo,Novobiocin,750,uM,750.00000uM,60,min,60min,poscon,GyrB,DNA synthesis,DNA synthesis,Aminocoumarin,dmso,antimicrobial_reference_set,MOC_1430,MOC_1430_1,r2,FALSE
GSM7985167,MOC_1430:novo:750.00000uM:60min:PA14:MOC_1430_1:r3,MOC_1430:novo:750.00000uM:PA14:60min:A,A,MOC_1430_1:PA14:60min,SRR27299844,SRX22977383,SAMN38978294,PRJNA1055047,1,PAIRED,90,3234784,291927584,117,Illumina NovaSeq 6000,RNA-Seq,cDNA,TRANSCRIPTOMIC,total RNA,Pseudomonas aeruginosa UCBPP-PA14,208963,PA14,PA14,novo,Novobiocin,750,uM,750.00000uM,60,min,60min,poscon,GyrB,DNA synthesis,DNA synthesis,Aminocoumarin,dmso,antimicrobial_reference_set,MOC_1430,MOC_1430_1,r3,FALSE
GSM7985177,MOC_1430:pa0918:250.00000uM:60min:PA14:MOC_1430_1:r1,MOC_1430:pa0918:250.00000uM:PA14:60min:A,A,MOC_1430_1:PA14:60min,SRR27299926,SRX22977655,SAMN38978284,PRJNA1055047,1,PAIRED,90,9734414,880601075,350,Illumina NovaSeq 6000,RNA-Seq,cDNA,TRANSCRIPTOMIC,total RNA,Pseudomonas aeruginosa UCBPP-PA14,208963,PA14,PA14,pa0918,PA-0918,250,uM,250.00000uM,60,min,60min,test,,,,,,internal_test_compounds,MOC_1430,MOC_1430_1,r1,FALSE
GSM7985178,MOC_1430:pa0918:250.00000uM:60min:PA14:MOC_1430_1:r2,MOC_1430:pa0918:250.00000uM:PA14:60min:A,A,MOC_1430_1:PA14:60min,SRR27299925,SRX22977656,SAMN38978283,PRJNA1055047,1,PAIRED,90,7451719,674548603,267,Illumina NovaSeq 6000,RNA-Seq,cDNA,TRANSCRIPTOMIC,total RNA,Pseudomonas aeruginosa UCBPP-PA14,208963,PA14,PA14,pa0918,PA-0918,250,uM,250.00000uM,60,min,60min,test,,,,,,internal_test_compounds,MOC_1430,MOC_1430_1,r2,FALSE
GSM7985179,MOC_1430:pa0918:250.00000uM:60min:PA14:MOC_1430_1:r3,MOC_1430:pa0918:250.00000uM:PA14:60min:A,A,MOC_1430_1:PA14:60min,SRR27299924,SRX22977657,SAMN38978282,PRJNA1055047,1,PAIRED,90,5940458,537184640,213,Illumina NovaSeq 6000,RNA-Seq,cDNA,TRANSCRIPTOMIC,total RNA,Pseudomonas aeruginosa UCBPP-PA14,208963,PA14,PA14,pa0918,PA-0918,250,uM,250.00000uM,60,min,60min,test,,,,,,internal_test_compounds,MOC_1430,MOC_1430_1,r3,FALSE
GSM7985201,MOC_1430:pf1090:1.20000uM:60min:PA14:MOC_1430_1:r1,MOC_1430:pf1090:1.20000uM:PA14:60min:A,A,MOC_1430_1:PA14:60min,SRR27299823,SRX22977401,SAMN38978260,PRJNA1055047,1,PAIRED,90,7304175,660922733,265,Illumina NovaSeq 6000,RNA-Seq,cDNA,TRANSCRIPTOMIC,total RNA,Pseudomonas aeruginosa UCBPP-PA14,208963,PA14,PA14,pf1090,PF-5081090,1.2,uM,1.20000uM,60,min,60min,poscon,LpxC,Membrane Integrity,LPS biosynthesis,Hydroxamic acid,dmso,antimicrobial_reference_set,MOC_1430,MOC_1430_1,r1,FALSE
GSM7985202,MOC_1430:pf1090:1.20000uM:60min:PA14:MOC_1430_1:r2,MOC_1430:pf1090:1.20000uM:PA14:60min:A,A,MOC_1430_1:PA14:60min,SRR27299822,SRX22977402,SAMN38978259,PRJNA1055047,1,PAIRED,90,4983849,450768752,180,Illumina NovaSeq 6000,RNA-Seq,cDNA,TRANSCRIPTOMIC,total RNA,Pseudomonas aeruginosa UCBPP-PA14,208963,PA14,PA14,pf1090,PF-5081090,1.2,uM,1.20000uM,60,min,60min,poscon,LpxC,Membrane Integrity,LPS biosynthesis,Hydroxamic acid,dmso,antimicrobial_reference_set,MOC_1430,MOC_1430_1,r2,FALSE
GSM7985203,MOC_1430:pf1090:1.20000uM:60min:PA14:MOC_1430_1:r3,MOC_1430:pf1090:1.20000uM:PA14:60min:A,A,MOC_1430_1:PA14:60min,SRR27299821,SRX22977403,SAMN38978258,PRJNA1055047,1,PAIRED,90,3537729,319721832,127,Illumina NovaSeq 6000,RNA-Seq,cDNA,TRANSCRIPTOMIC,total RNA,Pseudomonas aeruginosa UCBPP-PA14,208963,PA14,PA14,pf1090,PF-5081090,1.2,uM,1.20000uM,60,min,60min,poscon,LpxC,Membrane Integrity,LPS biosynthesis,Hydroxamic acid,dmso,antimicrobial_reference_set,MOC_1430,MOC_1430_1,r3,FALSE
GSM7985213,MOC_1430:pf3299:1.20000uM:60min:PA14:MOC_1430_1:r1,MOC_1430:pf3299:1.20000uM:PA14:60min:A,A,MOC_1430_1:PA14:60min,SRR27300188,SRX22977758,SAMN38978248,PRJNA1055047,1,PAIRED,90,7234864,653378697,261,Illumina NovaSeq 6000,RNA-Seq,cDNA,TRANSCRIPTOMIC,total RNA,Pseudomonas aeruginosa UCBPP-PA14,208963,PA14,PA14,pf3299,PF-04753299,1.2,uM,1.20000uM,60,min,60min,poscon,LpxC,Membrane Integrity,LPS biosynthesis,Hydroxamic acid,dmso,antimicrobial_reference_set,MOC_1430,MOC_1430_1,r1,FALSE
GSM7985214,MOC_1430:pf3299:1.20000uM:60min:PA14:MOC_1430_1:r2,MOC_1430:pf3299:1.20000uM:PA14:60min:A,A,MOC_1430_1:PA14:60min,SRR27300187,SRX22977759,SAMN38978247,PRJNA1055047,1,PAIRED,90,5775214,521513682,209,Illumina NovaSeq 6000,RNA-Seq,cDNA,TRANSCRIPTOMIC,total RNA,Pseudomonas aeruginosa UCBPP-PA14,208963,PA14,PA14,pf3299,PF-04753299,1.2,uM,1.20000uM,60,min,60min,poscon,LpxC,Membrane Integrity,LPS biosynthesis,Hydroxamic acid,dmso,antimicrobial_reference_set,MOC_1430,MOC_1430_1,r2,FALSE
GSM7985215,MOC_1430:pf3299:1.20000uM:60min:PA14:MOC_1430_1:r3,MOC_1430:pf3299:1.20000uM:PA14:60min:A,A,MOC_1430_1:PA14:60min,SRR27300186,SRX22977760,SAMN38978246,PRJNA1055047,1,PAIRED,90,6233967,562835251,224,Illumina NovaSeq 6000,RNA-Seq,cDNA,TRANSCRIPTOMIC,total RNA,Pseudomonas aeruginosa UCBPP-PA14,208963,PA14,PA14,pf3299,PF-04753299,1.2,uM,1.20000uM,60,min,60min,poscon,LpxC,Membrane Integrity,LPS biosynthesis,Hydroxamic acid,dmso,antimicrobial_reference_set,MOC_1430,MOC_1430_1,r3,FALSE
GSM7985225,MOC_1430:pg1:6.00000uM:60min:PA14:MOC_1430_1:r1,MOC_1430:pg1:6.00000uM:PA14:60min:A,A,MOC_1430_1:PA14:60min,SRR27299707,SRX22977199,SAMN38978236,PRJNA1055047,1,PAIRED,90,1542812,139437103,55,Illumina NovaSeq 6000,RNA-Seq,cDNA,TRANSCRIPTOMIC,total RNA,Pseudomonas aeruginosa UCBPP-PA14,208963,PA14,PA14,pg1,Protegrin-1,6,uM,6.00000uM,60,min,60min,poscon,LPS,Membrane Integrity,Membrane Integrity,AMP,dmso,antimicrobial_reference_set,MOC_1430,MOC_1430_1,r1,FALSE
GSM7985226,MOC_1430:pg1:6.00000uM:60min:PA14:MOC_1430_1:r2,MOC_1430:pg1:6.00000uM:PA14:60min:A,A,MOC_1430_1:PA14:60min,SRR27299706,SRX22977200,SAMN38978235,PRJNA1055047,1,PAIRED,90,1681017,151857089,60,Illumina NovaSeq 6000,RNA-Seq,cDNA,TRANSCRIPTOMIC,total RNA,Pseudomonas aeruginosa UCBPP-PA14,208963,PA14,PA14,pg1,Protegrin-1,6,uM,6.00000uM,60,min,60min,poscon,LPS,Membrane Integrity,Membrane Integrity,AMP,dmso,antimicrobial_reference_set,MOC_1430,MOC_1430_1,r2,FALSE
GSM7985227,MOC_1430:pg1:6.00000uM:60min:PA14:MOC_1430_1:r3,MOC_1430:pg1:6.00000uM:PA14:60min:A,A,MOC_1430_1:PA14:60min,SRR27299705,SRX22977201,SAMN38978234,PRJNA1055047,1,PAIRED,90,1996196,180199829,72,Illumina NovaSeq 6000,RNA-Seq,cDNA,TRANSCRIPTOMIC,total RNA,Pseudomonas aeruginosa UCBPP-PA14,208963,PA14,PA14,pg1,Protegrin-1,6,uM,6.00000uM,60,min,60min,poscon,LPS,Membrane Integrity,Membrane Integrity,AMP,dmso,antimicrobial_reference_set,MOC_1430,MOC_1430_1,r3,FALSE
GSM8297890,MOC_1430:pip:37.50000uM:60min:PA14:MOC_1430_1:r1,MOC_1430:pip:37.50000uM:PA14:60min:A,A,MOC_1430_1:PA14:60min,SRR29244667;SRR29244668,SRX24763012,SAMN41607451,PRJNA1055047,2,SINGLE,41,12240164,553203193,254,Illumina NovaSeq 6000,RNA-Seq,cDNA,TRANSCRIPTOMIC,total RNA,Pseudomonas aeruginosa UCBPP-PA14,208963,PA14,PA14,pip,Piperacillin,37.5,uM,37.50000uM,60,min,60min,poscon,PBP,Cell wall synthesis,Cell wall biogenesis,B-lactam,water,weak_signal_removed_from_antimicrobial_reference_set,MOC_1430,MOC_1430_1,r1,TRUE
GSM8297891,MOC_1430:pip:37.50000uM:60min:PA14:MOC_1430_1:r2,MOC_1430:pip:37.50000uM:PA14:60min:A,A,MOC_1430_1:PA14:60min,SRR29244665;SRR29244666,SRX24763013,SAMN41607450,PRJNA1055047,2,SINGLE,41,9364924,423490743,195,Illumina NovaSeq 6000,RNA-Seq,cDNA,TRANSCRIPTOMIC,total RNA,Pseudomonas aeruginosa UCBPP-PA14,208963,PA14,PA14,pip,Piperacillin,37.5,uM,37.50000uM,60,min,60min,poscon,PBP,Cell wall synthesis,Cell wall biogenesis,B-lactam,water,weak_signal_removed_from_antimicrobial_reference_set,MOC_1430,MOC_1430_1,r2,TRUE
GSM8297892,MOC_1430:pip:37.50000uM:60min:PA14:MOC_1430_1:r3,MOC_1430:pip:37.50000uM:PA14:60min:A,A,MOC_1430_1:PA14:60min,SRR29244663;SRR29244664,SRX24763014,SAMN41607449,PRJNA1055047,2,SINGLE,41,10516962,475726422,218,Illumina NovaSeq 6000,RNA-Seq,cDNA,TRANSCRIPTOMIC,total RNA,Pseudomonas aeruginosa UCBPP-PA14,208963,PA14,PA14,pip,Piperacillin,37.5,uM,37.50000uM,60,min,60min,poscon,PBP,Cell wall synthesis,Cell wall biogenesis,B-lactam,water,weak_signal_removed_from_antimicrobial_reference_set,MOC_1430,MOC_1430_1,r3,TRUE
GSM8297902,MOC_1430:pol7001:0.20000uM:60min:PA14:MOC_1430_1:r1,MOC_1430:pol7001:0.20000uM:PA14:60min:A,A,MOC_1430_1:PA14:60min,SRR29244920;SRR29244921,SRX24763154,SAMN41607439,PRJNA1055047,2,SINGLE,41,19166572,867470742,400,Illumina NovaSeq 6000,RNA-Seq,cDNA,TRANSCRIPTOMIC,total RNA,Pseudomonas aeruginosa UCBPP-PA14,208963,PA14,PA14,pol7001,POL-7001,0.2,uM,0.20000uM,60,min,60min,poscon,LptD,Membrane Integrity,LPS transport,AMP,dmso,weak_signal_removed_from_antimicrobial_reference_set,MOC_1430,MOC_1430_1,r1,TRUE
GSM8297903,MOC_1430:pol7001:0.20000uM:60min:PA14:MOC_1430_1:r2,MOC_1430:pol7001:0.20000uM:PA14:60min:A,A,MOC_1430_1:PA14:60min,SRR29244918;SRR29244919,SRX24763155,SAMN41607438,PRJNA1055047,2,SINGLE,41,10231822,462718518,212,Illumina NovaSeq 6000,RNA-Seq,cDNA,TRANSCRIPTOMIC,total RNA,Pseudomonas aeruginosa UCBPP-PA14,208963,PA14,PA14,pol7001,POL-7001,0.2,uM,0.20000uM,60,min,60min,poscon,LptD,Membrane Integrity,LPS transport,AMP,dmso,weak_signal_removed_from_antimicrobial_reference_set,MOC_1430,MOC_1430_1,r2,TRUE
GSM8297904,MOC_1430:pol7001:0.20000uM:60min:PA14:MOC_1430_1:r3,MOC_1430:pol7001:0.20000uM:PA14:60min:A,A,MOC_1430_1:PA14:60min,SRR29244916;SRR29244917,SRX24763156,SAMN41607437,PRJNA1055047,2,SINGLE,41,7198404,325535750,149,Illumina NovaSeq 6000,RNA-Seq,cDNA,TRANSCRIPTOMIC,total RNA,Pseudomonas aeruginosa UCBPP-PA14,208963,PA14,PA14,pol7001,POL-7001,0.2,uM,0.20000uM,60,min,60min,poscon,LptD,Membrane Integrity,LPS transport,AMP,dmso,weak_signal_removed_from_antimicrobial_reference_set,MOC_1430,MOC_1430_1,r3,TRUE
GSM8297914,MOC_1430:pol7080:0.25000uM:60min:PA14:MOC_1430_1:r1,MOC_1430:pol7080:0.25000uM:PA14:60min:A,A,MOC_1430_1:PA14:60min,SRR29244592;SRR29244593,SRX24763068,SAMN41607427,PRJNA1055047,2,SINGLE,41,11537130,521855336,241,Illumina NovaSeq 6000,RNA-Seq,cDNA,TRANSCRIPTOMIC,total RNA,Pseudomonas aeruginosa UCBPP-PA14,208963,PA14,PA14,pol7080,POL-7080,0.25,uM,0.25000uM,60,min,60min,poscon,LptD,Membrane Integrity,LPS transport,AMP,dmso,weak_signal_removed_from_antimicrobial_reference_set,MOC_1430,MOC_1430_1,r1,TRUE
GSM8297915,MOC_1430:pol7080:0.25000uM:60min:PA14:MOC_1430_1:r2,MOC_1430:pol7080:0.25000uM:PA14:60min:A,A,MOC_1430_1:PA14:60min,SRR29244590;SRR29244591,SRX24763069,SAMN41607426,PRJNA1055047,2,SINGLE,41,9892848,446638844,205,Illumina NovaSeq 6000,RNA-Seq,cDNA,TRANSCRIPTOMIC,total RNA,Pseudomonas aeruginosa UCBPP-PA14,208963,PA14,PA14,pol7080,POL-7080,0.25,uM,0.25000uM,60,min,60min,poscon,LptD,Membrane Integrity,LPS transport,AMP,dmso,weak_signal_removed_from_antimicrobial_reference_set,MOC_1430,MOC_1430_1,r2,TRUE
GSM8297916,MOC_1430:pol7080:0.25000uM:60min:PA14:MOC_1430_1:r3,MOC_1430:pol7080:0.25000uM:PA14:60min:A,A,MOC_1430_1:PA14:60min,SRR29244588;SRR29244589,SRX24763070,SAMN41607425,PRJNA1055047,2,SINGLE,41,10306320,465011539,213,Illumina NovaSeq 6000,RNA-Seq,cDNA,TRANSCRIPTOMIC,total RNA,Pseudomonas aeruginosa UCBPP-PA14,208963,PA14,PA14,pol7080,POL-7080,0.25,uM,0.25000uM,60,min,60min,poscon,LptD,Membrane Integrity,LPS transport,AMP,dmso,weak_signal_removed_from_antimicrobial_reference_set,MOC_1430,MOC_1430_1,r3,TRUE
GSM7985237,MOC_1430:tet:108.00000uM:60min:PA14:MOC_1430_1:r1,MOC_1430:tet:108.00000uM:PA14:60min:A,A,MOC_1430_1:PA14:60min,SRR27299694,SRX22977211,SAMN38978224,PRJNA1055047,1,PAIRED,90,8293936,749021354,299,Illumina NovaSeq 6000,RNA-Seq,cDNA,TRANSCRIPTOMIC,total RNA,Pseudomonas aeruginosa UCBPP-PA14,208963,PA14,PA14,tet,Tetracyclin,108,uM,108.00000uM,60,min,60min,poscon,30S ribosomal subunit,Protein synthesis,Protein synthesis,Tetracycline,water,antimicrobial_reference_set,MOC_1430,MOC_1430_1,r1,FALSE
GSM7985238,MOC_1430:tet:108.00000uM:60min:PA14:MOC_1430_1:r2,MOC_1430:tet:108.00000uM:PA14:60min:A,A,MOC_1430_1:PA14:60min,SRR27299693,SRX22977212,SAMN38978223,PRJNA1055047,1,PAIRED,90,9280589,838322801,333,Illumina NovaSeq 6000,RNA-Seq,cDNA,TRANSCRIPTOMIC,total RNA,Pseudomonas aeruginosa UCBPP-PA14,208963,PA14,PA14,tet,Tetracyclin,108,uM,108.00000uM,60,min,60min,poscon,30S ribosomal subunit,Protein synthesis,Protein synthesis,Tetracycline,water,antimicrobial_reference_set,MOC_1430,MOC_1430_1,r2,FALSE
GSM7985239,MOC_1430:tet:108.00000uM:60min:PA14:MOC_1430_1:r3,MOC_1430:tet:108.00000uM:PA14:60min:A,A,MOC_1430_1:PA14:60min,SRR27299692,SRX22977213,SAMN38978222,PRJNA1055047,1,PAIRED,90,9433267,854294400,342,Illumina NovaSeq 6000,RNA-Seq,cDNA,TRANSCRIPTOMIC,total RNA,Pseudomonas aeruginosa UCBPP-PA14,208963,PA14,PA14,tet,Tetracyclin,108,uM,108.00000uM,60,min,60min,poscon,30S ribosomal subunit,Protein synthesis,Protein synthesis,Tetracycline,water,antimicrobial_reference_set,MOC_1430,MOC_1430_1,r3,FALSE
GSM7985249,MOC_1430:tmp:375.00000uM:60min:PA14:MOC_1430_1:r1,MOC_1430:tmp:375.00000uM:PA14:60min:A,A,MOC_1430_1:PA14:60min,SRR27299807,SRX22977417,SAMN38978212,PRJNA1055047,1,PAIRED,90,5899532,533001458,213,Illumina NovaSeq 6000,RNA-Seq,cDNA,TRANSCRIPTOMIC,total RNA,Pseudomonas aeruginosa UCBPP-PA14,208963,PA14,PA14,tmp,Trimethoprim,375,uM,375.00000uM,60,min,60min,poscon,DhfR,DNA synthesis,Folate synthesis,Folate analog,dmso,antimicrobial_reference_set,MOC_1430,MOC_1430_1,r1,FALSE
GSM7985250,MOC_1430:tmp:375.00000uM:60min:PA14:MOC_1430_1:r2,MOC_1430:tmp:375.00000uM:PA14:60min:A,A,MOC_1430_1:PA14:60min,SRR27299806,SRX22977418,SAMN38978211,PRJNA1055047,1,PAIRED,90,2852848,257551919,103,Illumina NovaSeq 6000,RNA-Seq,cDNA,TRANSCRIPTOMIC,total RNA,Pseudomonas aeruginosa UCBPP-PA14,208963,PA14,PA14,tmp,Trimethoprim,375,uM,375.00000uM,60,min,60min,poscon,DhfR,DNA synthesis,Folate synthesis,Folate analog,dmso,antimicrobial_reference_set,MOC_1430,MOC_1430_1,r2,FALSE
GSM7985251,MOC_1430:tmp:375.00000uM:60min:PA14:MOC_1430_1:r3,MOC_1430:tmp:375.00000uM:PA14:60min:A,A,MOC_1430_1:PA14:60min,SRR27299805,SRX22977419,SAMN38978210,PRJNA1055047,1,PAIRED,90,3612272,326003332,130,Illumina NovaSeq 6000,RNA-Seq,cDNA,TRANSCRIPTOMIC,total RNA,Pseudomonas aeruginosa UCBPP-PA14,208963,PA14,PA14,tmp,Trimethoprim,375,uM,375.00000uM,60,min,60min,poscon,DhfR,DNA synthesis,Folate synthesis,Folate analog,dmso,antimicrobial_reference_set,MOC_1430,MOC_1430_1,r3,FALSE
GSM7985261,MOC_1430:water:0.50000%:60min:PA14:MOC_1430_1:r1,MOC_1430:water:0.50000%:PA14:60min:A,A,MOC_1430_1:PA14:60min,SRR27299832;SRR27300169,SRX22977774,SAMN38978200,PRJNA1055047,2,PAIRED,90,15730028,1421742404,569,Illumina NovaSeq 6000,RNA-Seq,cDNA,TRANSCRIPTOMIC,total RNA,Pseudomonas aeruginosa UCBPP-PA14,208963,PA14,PA14,water,water,0.5,%,0.50000%,60,min,60min,negcon,Negative control,Negative control,Negative control,Negative control,water,antimicrobial_reference_set,MOC_1430,MOC_1430_1,r1,FALSE
GSM7985262,MOC_1430:water:0.50000%:60min:PA14:MOC_1430_1:r2,MOC_1430:water:0.50000%:PA14:60min:A,A,MOC_1430_1:PA14:60min,SRR27300167;SRR27300168,SRX22977775,SAMN38978199,PRJNA1055047,2,PAIRED,90,11006722,993469003,395,Illumina NovaSeq 6000,RNA-Seq,cDNA,TRANSCRIPTOMIC,total RNA,Pseudomonas aeruginosa UCBPP-PA14,208963,PA14,PA14,water,water,0.5,%,0.50000%,60,min,60min,negcon,Negative control,Negative control,Negative control,Negative control,water,antimicrobial_reference_set,MOC_1430,MOC_1430_1,r2,FALSE
GSM7985263,MOC_1430:water:0.50000%:60min:PA14:MOC_1430_1:r3,MOC_1430:water:0.50000%:PA14:60min:A,A,MOC_1430_1:PA14:60min,SRR27300166;SRR27300228,SRX22977776,SAMN38978198,PRJNA1055047,2,PAIRED,90,8948259,807803914,321,Illumina NovaSeq 6000,RNA-Seq,cDNA,TRANSCRIPTOMIC,total RNA,Pseudomonas aeruginosa UCBPP-PA14,208963,PA14,PA14,water,water,0.5,%,0.50000%,60,min,60min,negcon,Negative control,Negative control,Negative control,Negative control,water,antimicrobial_reference_set,MOC_1430,MOC_1430_1,r3,FALSE
GSM7985009,MOC_1430:ami:4.50000uM:90min:PA14:MOC_1430_1:r1,MOC_1430:ami:4.50000uM:PA14:90min:A,A,MOC_1430_1:PA14:90min,SRR27300221,SRX22977728,SAMN38978452,PRJNA1055047,1,PAIRED,90,9117470,824869942,330,Illumina NovaSeq 6000,RNA-Seq,cDNA,TRANSCRIPTOMIC,total RNA,Pseudomonas aeruginosa UCBPP-PA14,208963,PA14,PA14,ami,Amikacin,4.5,uM,4.50000uM,90,min,90min,poscon,30S ribosomal subunit,Protein synthesis,Protein synthesis,Aminoglycoside,water,antimicrobial_reference_set,MOC_1430,MOC_1430_1,r1,FALSE
GSM7985010,MOC_1430:ami:4.50000uM:90min:PA14:MOC_1430_1:r2,MOC_1430:ami:4.50000uM:PA14:90min:A,A,MOC_1430_1:PA14:90min,SRR27300220,SRX22977729,SAMN38978451,PRJNA1055047,1,PAIRED,90,9315634,841263808,340,Illumina NovaSeq 6000,RNA-Seq,cDNA,TRANSCRIPTOMIC,total RNA,Pseudomonas aeruginosa UCBPP-PA14,208963,PA14,PA14,ami,Amikacin,4.5,uM,4.50000uM,90,min,90min,poscon,30S ribosomal subunit,Protein synthesis,Protein synthesis,Aminoglycoside,water,antimicrobial_reference_set,MOC_1430,MOC_1430_1,r2,FALSE
GSM7985011,MOC_1430:ami:4.50000uM:90min:PA14:MOC_1430_1:r3,MOC_1430:ami:4.50000uM:PA14:90min:A,A,MOC_1430_1:PA14:90min,SRR27300219,SRX22977730,SAMN38978450,PRJNA1055047,1,PAIRED,90,10477964,946597784,380,Illumina NovaSeq 6000,RNA-Seq,cDNA,TRANSCRIPTOMIC,total RNA,Pseudomonas aeruginosa UCBPP-PA14,208963,PA14,PA14,ami,Amikacin,4.5,uM,4.50000uM,90,min,90min,poscon,30S ribosomal subunit,Protein synthesis,Protein synthesis,Aminoglycoside,water,antimicrobial_reference_set,MOC_1430,MOC_1430_1,r3,FALSE
GSM8297872,MOC_1430:aztreo:37.50000uM:90min:PA14:MOC_1430_1:r1,MOC_1430:aztreo:37.50000uM:PA14:90min:A,A,MOC_1430_1:PA14:90min,SRR29244804;SRR29244805,SRX24763236,SAMN41607469,PRJNA1055047,2,SINGLE,41,13736758,621206515,287,Illumina NovaSeq 6000,RNA-Seq,cDNA,TRANSCRIPTOMIC,total RNA,Pseudomonas aeruginosa UCBPP-PA14,208963,PA14,PA14,aztreo,Aztreonam,37.5,uM,37.50000uM,90,min,90min,poscon,,,,,,weak_signal_removed_from_antimicrobial_reference_set,MOC_1430,MOC_1430_1,r1,TRUE
GSM8297873,MOC_1430:aztreo:37.50000uM:90min:PA14:MOC_1430_1:r2,MOC_1430:aztreo:37.50000uM:PA14:90min:A,A,MOC_1430_1:PA14:90min,SRR29244802;SRR29244803,SRX24763237,SAMN41607468,PRJNA1055047,2,SINGLE,41,18171728,820610620,379,Illumina NovaSeq 6000,RNA-Seq,cDNA,TRANSCRIPTOMIC,total RNA,Pseudomonas aeruginosa UCBPP-PA14,208963,PA14,PA14,aztreo,Aztreonam,37.5,uM,37.50000uM,90,min,90min,poscon,,,,,,weak_signal_removed_from_antimicrobial_reference_set,MOC_1430,MOC_1430_1,r2,TRUE
GSM8297874,MOC_1430:aztreo:37.50000uM:90min:PA14:MOC_1430_1:r3,MOC_1430:aztreo:37.50000uM:PA14:90min:A,A,MOC_1430_1:PA14:90min,SRR29244800;SRR29244801,SRX24763238,SAMN41607467,PRJNA1055047,2,SINGLE,41,19164728,866256245,403,Illumina NovaSeq 6000,RNA-Seq,cDNA,TRANSCRIPTOMIC,total RNA,Pseudomonas aeruginosa UCBPP-PA14,208963,PA14,PA14,aztreo,Aztreonam,37.5,uM,37.50000uM,90,min,90min,poscon,,,,,,weak_signal_removed_from_antimicrobial_reference_set,MOC_1430,MOC_1430_1,r3,TRUE
GSM7985021,MOC_1430:carb:600.00000uM:90min:PA14:MOC_1430_1:r1,MOC_1430:carb:600.00000uM:PA14:90min:A,A,MOC_1430_1:PA14:90min,SRR27300357,SRX22977946,SAMN38978440,PRJNA1055047,1,PAIRED,90,8169858,738224481,297,Illumina NovaSeq 6000,RNA-Seq,cDNA,TRANSCRIPTOMIC,total RNA,Pseudomonas aeruginosa UCBPP-PA14,208963,PA14,PA14,carb,Carbenicillin,600,uM,600.00000uM,90,min,90min,poscon,PBP,Cell wall synthesis,Cell wall biogenesis,B-lactam,water,antimicrobial_reference_set,MOC_1430,MOC_1430_1,r1,FALSE
GSM7985022,MOC_1430:carb:600.00000uM:90min:PA14:MOC_1430_1:r2,MOC_1430:carb:600.00000uM:PA14:90min:A,A,MOC_1430_1:PA14:90min,SRR27300356,SRX22977947,SAMN38978439,PRJNA1055047,1,PAIRED,90,7401912,668881082,268,Illumina NovaSeq 6000,RNA-Seq,cDNA,TRANSCRIPTOMIC,total RNA,Pseudomonas aeruginosa UCBPP-PA14,208963,PA14,PA14,carb,Carbenicillin,600,uM,600.00000uM,90,min,90min,poscon,PBP,Cell wall synthesis,Cell wall biogenesis,B-lactam,water,antimicrobial_reference_set,MOC_1430,MOC_1430_1,r2,FALSE
GSM7985023,MOC_1430:carb:600.00000uM:90min:PA14:MOC_1430_1:r3,MOC_1430:carb:600.00000uM:PA14:90min:A,A,MOC_1430_1:PA14:90min,SRR27300354,SRX22977948,SAMN38978438,PRJNA1055047,1,PAIRED,90,6377399,574229225,231,Illumina NovaSeq 6000,RNA-Seq,cDNA,TRANSCRIPTOMIC,total RNA,Pseudomonas aeruginosa UCBPP-PA14,208963,PA14,PA14,carb,Carbenicillin,600,uM,600.00000uM,90,min,90min,poscon,PBP,Cell wall synthesis,Cell wall biogenesis,B-lactam,water,antimicrobial_reference_set,MOC_1430,MOC_1430_1,r3,FALSE
GSM7985027,MOC_1430:ceftaz:24.00000uM:90min:PA14:MOC_1430_1:r1,MOC_1430:ceftaz:24.00000uM:PA14:90min:A,A,MOC_1430_1:PA14:90min,SRR27300349,SRX22977952,SAMN38978434,PRJNA1055047,1,PAIRED,90,5659563,511273825,204,Illumina NovaSeq 6000,RNA-Seq,cDNA,TRANSCRIPTOMIC,total RNA,Pseudomonas aeruginosa UCBPP-PA14,208963,PA14,PA14,ceftaz,Ceftazidime,24,uM,24.00000uM,90,min,90min,poscon,PBP,Cell wall synthesis,Cell wall biogenesis,B-lactam,water,antimicrobial_reference_set,MOC_1430,MOC_1430_1,r1,FALSE
GSM7985028,MOC_1430:ceftaz:24.00000uM:90min:PA14:MOC_1430_1:r2,MOC_1430:ceftaz:24.00000uM:PA14:90min:A,A,MOC_1430_1:PA14:90min,SRR27300348,SRX22977953,SAMN38978433,PRJNA1055047,1,PAIRED,90,11099741,1002539754,403,Illumina NovaSeq 6000,RNA-Seq,cDNA,TRANSCRIPTOMIC,total RNA,Pseudomonas aeruginosa UCBPP-PA14,208963,PA14,PA14,ceftaz,Ceftazidime,24,uM,24.00000uM,90,min,90min,poscon,PBP,Cell wall synthesis,Cell wall biogenesis,B-lactam,water,antimicrobial_reference_set,MOC_1430,MOC_1430_1,r2,FALSE
GSM7985029,MOC_1430:ceftaz:24.00000uM:90min:PA14:MOC_1430_1:r3,MOC_1430:ceftaz:24.00000uM:PA14:90min:A,A,MOC_1430_1:PA14:90min,SRR27300347,SRX22977954,SAMN38978432,PRJNA1055047,1,PAIRED,90,7273006,655025144,266,Illumina NovaSeq 6000,RNA-Seq,cDNA,TRANSCRIPTOMIC,total RNA,Pseudomonas aeruginosa UCBPP-PA14,208963,PA14,PA14,ceftaz,Ceftazidime,24,uM,24.00000uM,90,min,90min,poscon,PBP,Cell wall synthesis,Cell wall biogenesis,B-lactam,water,antimicrobial_reference_set,MOC_1430,MOC_1430_1,r3,FALSE
GSM7985039,MOC_1430:cip:0.75000uM:90min:PA14:MOC_1430_1:r1,MOC_1430:cip:0.75000uM:PA14:90min:A,A,MOC_1430_1:PA14:90min,SRR27299905,SRX22977333,SAMN38978422,PRJNA1055047,1,PAIRED,90,11985594,1083567980,436,Illumina NovaSeq 6000,RNA-Seq,cDNA,TRANSCRIPTOMIC,total RNA,Pseudomonas aeruginosa UCBPP-PA14,208963,PA14,PA14,cip,Ciprofloxacin,0.75,uM,0.75000uM,90,min,90min,poscon,GyrA/ParC,DNA synthesis,DNA synthesis,Quinolone,water,antimicrobial_reference_set,MOC_1430,MOC_1430_1,r1,FALSE
GSM7985040,MOC_1430:cip:0.75000uM:90min:PA14:MOC_1430_1:r2,MOC_1430:cip:0.75000uM:PA14:90min:A,A,MOC_1430_1:PA14:90min,SRR27299904,SRX22977334,SAMN38978421,PRJNA1055047,1,PAIRED,90,7786296,703054777,282,Illumina NovaSeq 6000,RNA-Seq,cDNA,TRANSCRIPTOMIC,total RNA,Pseudomonas aeruginosa UCBPP-PA14,208963,PA14,PA14,cip,Ciprofloxacin,0.75,uM,0.75000uM,90,min,90min,poscon,GyrA/ParC,DNA synthesis,DNA synthesis,Quinolone,water,antimicrobial_reference_set,MOC_1430,MOC_1430_1,r2,FALSE
GSM7985041,MOC_1430:cip:0.75000uM:90min:PA14:MOC_1430_1:r3,MOC_1430:cip:0.75000uM:PA14:90min:A,A,MOC_1430_1:PA14:90min,SRR27299903,SRX22977335,SAMN38978420,PRJNA1055047,1,PAIRED,90,9541699,859306626,349,Illumina NovaSeq 6000,RNA-Seq,cDNA,TRANSCRIPTOMIC,total RNA,Pseudomonas aeruginosa UCBPP-PA14,208963,PA14,PA14,cip,Ciprofloxacin,0.75,uM,0.75000uM,90,min,90min,poscon,GyrA/ParC,DNA synthesis,DNA synthesis,Quinolone,water,antimicrobial_reference_set,MOC_1430,MOC_1430_1,r3,FALSE
GSM7985051,MOC_1430:clari:300.00000uM:90min:PA14:MOC_1430_1:r1,MOC_1430:clari:300.00000uM:PA14:90min:A,A,MOC_1430_1:PA14:90min,SRR27299976,SRX22977609,SAMN38978410,PRJNA1055047,1,PAIRED,90,8500583,766397259,308,Illumina NovaSeq 6000,RNA-Seq,cDNA,TRANSCRIPTOMIC,total RNA,Pseudomonas aeruginosa UCBPP-PA14,208963,PA14,PA14,clari,Clarithromycin,300,uM,300.00000uM,90,min,90min,poscon,50s ribosomal subunit,Protein synthesis,Protein synthesis,Macrolide,dmso,antimicrobial_reference_set,MOC_1430,MOC_1430_1,r1,FALSE
GSM7985052,MOC_1430:clari:300.00000uM:90min:PA14:MOC_1430_1:r2,MOC_1430:clari:300.00000uM:PA14:90min:A,A,MOC_1430_1:PA14:90min,SRR27299975,SRX22977610,SAMN38978409,PRJNA1055047,1,PAIRED,90,14174800,1283248160,513,Illumina NovaSeq 6000,RNA-Seq,cDNA,TRANSCRIPTOMIC,total RNA,Pseudomonas aeruginosa UCBPP-PA14,208963,PA14,PA14,clari,Clarithromycin,300,uM,300.00000uM,90,min,90min,poscon,50s ribosomal subunit,Protein synthesis,Protein synthesis,Macrolide,dmso,antimicrobial_reference_set,MOC_1430,MOC_1430_1,r2,FALSE
GSM7985053,MOC_1430:clari:300.00000uM:90min:PA14:MOC_1430_1:r3,MOC_1430:clari:300.00000uM:PA14:90min:A,A,MOC_1430_1:PA14:90min,SRR27299973,SRX22977611,SAMN38978408,PRJNA1055047,1,PAIRED,90,12191086,1102975408,438,Illumina NovaSeq 6000,RNA-Seq,cDNA,TRANSCRIPTOMIC,total RNA,Pseudomonas aeruginosa UCBPP-PA14,208963,PA14,PA14,clari,Clarithromycin,300,uM,300.00000uM,90,min,90min,poscon,50s ribosomal subunit,Protein synthesis,Protein synthesis,Macrolide,dmso,antimicrobial_reference_set,MOC_1430,MOC_1430_1,r3,FALSE
GSM7985063,MOC_1430:col:3.00000uM:90min:PA14:MOC_1430_1:r1,MOC_1430:col:3.00000uM:PA14:90min:A,A,MOC_1430_1:PA14:90min,SRR27299960,SRX22977621,SAMN38978398,PRJNA1055047,1,PAIRED,90,13237636,1192825876,476,Illumina NovaSeq 6000,RNA-Seq,cDNA,TRANSCRIPTOMIC,total RNA,Pseudomonas aeruginosa UCBPP-PA14,208963,PA14,PA14,col,Colistin,3,uM,3.00000uM,90,min,90min,poscon,LPS,Membrane Integrity,Inner membrane toxicity,AMP,water,antimicrobial_reference_set,MOC_1430,MOC_1430_1,r1,FALSE
GSM7985064,MOC_1430:col:3.00000uM:90min:PA14:MOC_1430_1:r2,MOC_1430:col:3.00000uM:PA14:90min:A,A,MOC_1430_1:PA14:90min,SRR27299894,SRX22977344,SAMN38978397,PRJNA1055047,1,PAIRED,90,8652947,779214880,311,Illumina NovaSeq 6000,RNA-Seq,cDNA,TRANSCRIPTOMIC,total RNA,Pseudomonas aeruginosa UCBPP-PA14,208963,PA14,PA14,col,Colistin,3,uM,3.00000uM,90,min,90min,poscon,LPS,Membrane Integrity,Inner membrane toxicity,AMP,water,antimicrobial_reference_set,MOC_1430,MOC_1430_1,r2,FALSE
GSM7985065,MOC_1430:col:3.00000uM:90min:PA14:MOC_1430_1:r3,MOC_1430:col:3.00000uM:PA14:90min:A,A,MOC_1430_1:PA14:90min,SRR27299892,SRX22977345,SAMN38978396,PRJNA1055047,1,PAIRED,90,15885567,1437406670,571,Illumina NovaSeq 6000,RNA-Seq,cDNA,TRANSCRIPTOMIC,total RNA,Pseudomonas aeruginosa UCBPP-PA14,208963,PA14,PA14,col,Colistin,3,uM,3.00000uM,90,min,90min,poscon,LPS,Membrane Integrity,Inner membrane toxicity,AMP,water,antimicrobial_reference_set,MOC_1430,MOC_1430_1,r3,FALSE
GSM7985075,MOC_1430:dmso:0.50000%:90min:PA14:MOC_1430_1:r1,MOC_1430:dmso:0.50000%:PA14:90min:A,A,MOC_1430_1:PA14:90min,SRR27299877;SRR27299977,SRX22977355,SAMN38978386,PRJNA1055047,2,PAIRED,90,19036058,1714372024,700,Illumina NovaSeq 6000,RNA-Seq,cDNA,TRANSCRIPTOMIC,total RNA,Pseudomonas aeruginosa UCBPP-PA14,208963,PA14,PA14,dmso,dmso,0.5,%,0.50000%,90,min,90min,negcon,Negative control,Negative control,Negative control,Negative control,dmso,antimicrobial_reference_set,MOC_1430,MOC_1430_1,r1,FALSE
GSM7985076,MOC_1430:dmso:0.50000%:90min:PA14:MOC_1430_1:r2,MOC_1430:dmso:0.50000%:PA14:90min:A,A,MOC_1430_1:PA14:90min,SRR27299875;SRR27299876,SRX22977356,SAMN38978385,PRJNA1055047,2,PAIRED,90,22376349,2017607475,809,Illumina NovaSeq 6000,RNA-Seq,cDNA,TRANSCRIPTOMIC,total RNA,Pseudomonas aeruginosa UCBPP-PA14,208963,PA14,PA14,dmso,dmso,0.5,%,0.50000%,90,min,90min,negcon,Negative control,Negative control,Negative control,Negative control,dmso,antimicrobial_reference_set,MOC_1430,MOC_1430_1,r2,FALSE
GSM7985077,MOC_1430:dmso:0.50000%:90min:PA14:MOC_1430_1:r3,MOC_1430:dmso:0.50000%:PA14:90min:A,A,MOC_1430_1:PA14:90min,SRR27299874;SRR27299968,SRX22977357,SAMN38978384,PRJNA1055047,2,PAIRED,90,18517298,1668749070,673,Illumina NovaSeq 6000,RNA-Seq,cDNA,TRANSCRIPTOMIC,total RNA,Pseudomonas aeruginosa UCBPP-PA14,208963,PA14,PA14,dmso,dmso,0.5,%,0.50000%,90,min,90min,negcon,Negative control,Negative control,Negative control,Negative control,dmso,antimicrobial_reference_set,MOC_1430,MOC_1430_1,r3,FALSE
GSM7985087,MOC_1430:erythro:300.00000uM:90min:PA14:MOC_1430_1:r1,MOC_1430:erythro:300.00000uM:PA14:90min:A,A,MOC_1430_1:PA14:90min,SRR27300335,SRX22977966,SAMN38978374,PRJNA1055047,1,PAIRED,90,10114759,913751038,368,Illumina NovaSeq 6000,RNA-Seq,cDNA,TRANSCRIPTOMIC,total RNA,Pseudomonas aeruginosa UCBPP-PA14,208963,PA14,PA14,erythro,Erythromycin,300,uM,300.00000uM,90,min,90min,poscon,50s ribosomal subunit,Protein synthesis,Protein synthesis,Macrolide,dmso,antimicrobial_reference_set,MOC_1430,MOC_1430_1,r1,FALSE
GSM7985088,MOC_1430:erythro:300.00000uM:90min:PA14:MOC_1430_1:r2,MOC_1430:erythro:300.00000uM:PA14:90min:A,A,MOC_1430_1:PA14:90min,SRR27300334,SRX22977967,SAMN38978373,PRJNA1055047,1,PAIRED,90,11880475,1073292970,432,Illumina NovaSeq 6000,RNA-Seq,cDNA,TRANSCRIPTOMIC,total RNA,Pseudomonas aeruginosa UCBPP-PA14,208963,PA14,PA14,erythro,Erythromycin,300,uM,300.00000uM,90,min,90min,poscon,50s ribosomal subunit,Protein synthesis,Protein synthesis,Macrolide,dmso,antimicrobial_reference_set,MOC_1430,MOC_1430_1,r2,FALSE
GSM7985089,MOC_1430:erythro:300.00000uM:90min:PA14:MOC_1430_1:r3,MOC_1430:erythro:300.00000uM:PA14:90min:A,A,MOC_1430_1:PA14:90min,SRR27300333,SRX22977968,SAMN38978372,PRJNA1055047,1,PAIRED,90,13240728,1192304230,486,Illumina NovaSeq 6000,RNA-Seq,cDNA,TRANSCRIPTOMIC,total RNA,Pseudomonas aeruginosa UCBPP-PA14,208963,PA14,PA14,erythro,Erythromycin,300,uM,300.00000uM,90,min,90min,poscon,50s ribosomal subunit,Protein synthesis,Protein synthesis,Macrolide,dmso,antimicrobial_reference_set,MOC_1430,MOC_1430_1,r3,FALSE
GSM7985096,MOC_1430:fosfo:600.00000uM:90min:PA14:MOC_1430_1:r1,MOC_1430:fosfo:600.00000uM:PA14:90min:A,A,MOC_1430_1:PA14:90min,SRR27299871,SRX22977360,SAMN38978365,PRJNA1055047,1,PAIRED,90,5293834,476961653,191,Illumina NovaSeq 6000,RNA-Seq,cDNA,TRANSCRIPTOMIC,total RNA,Pseudomonas aeruginosa UCBPP-PA14,208963,PA14,PA14,fosfo,Fosfomycin,600,uM,600.00000uM,90,min,90min,poscon,MurA,Cell wall synthesis,Cell wall biogenesis,Phosphonic antibiotics,water,antimicrobial_reference_set,MOC_1430,MOC_1430_1,r1,FALSE
GSM7985097,MOC_1430:fosfo:600.00000uM:90min:PA14:MOC_1430_1:r2,MOC_1430:fosfo:600.00000uM:PA14:90min:A,A,MOC_1430_1:PA14:90min,SRR27299869,SRX22977361,SAMN38978364,PRJNA1055047,1,PAIRED,90,7911119,715702587,287,Illumina NovaSeq 6000,RNA-Seq,cDNA,TRANSCRIPTOMIC,total RNA,Pseudomonas aeruginosa UCBPP-PA14,208963,PA14,PA14,fosfo,Fosfomycin,600,uM,600.00000uM,90,min,90min,poscon,MurA,Cell wall synthesis,Cell wall biogenesis,Phosphonic antibiotics,water,antimicrobial_reference_set,MOC_1430,MOC_1430_1,r2,FALSE
GSM7985098,MOC_1430:fosfo:600.00000uM:90min:PA14:MOC_1430_1:r3,MOC_1430:fosfo:600.00000uM:PA14:90min:A,A,MOC_1430_1:PA14:90min,SRR27299868,SRX22977362,SAMN38978363,PRJNA1055047,1,PAIRED,90,10915654,987868131,395,Illumina NovaSeq 6000,RNA-Seq,cDNA,TRANSCRIPTOMIC,total RNA,Pseudomonas aeruginosa UCBPP-PA14,208963,PA14,PA14,fosfo,Fosfomycin,600,uM,600.00000uM,90,min,90min,poscon,MurA,Cell wall synthesis,Cell wall biogenesis,Phosphonic antibiotics,water,antimicrobial_reference_set,MOC_1430,MOC_1430_1,r3,FALSE
GSM7985108,MOC_1430:gent:6.00000uM:90min:PA14:MOC_1430_1:r1,MOC_1430:gent:6.00000uM:PA14:90min:A,A,MOC_1430_1:PA14:90min,SRR27299855,SRX22977372,SAMN38978353,PRJNA1055047,1,PAIRED,90,6945826,625927836,251,Illumina NovaSeq 6000,RNA-Seq,cDNA,TRANSCRIPTOMIC,total RNA,Pseudomonas aeruginosa UCBPP-PA14,208963,PA14,PA14,gent,Gentamicin,6,uM,6.00000uM,90,min,90min,poscon,30S ribosomal subunit,Protein synthesis,Protein synthesis,Aminoglycoside,water,antimicrobial_reference_set,MOC_1430,MOC_1430_1,r1,FALSE
GSM7985109,MOC_1430:gent:6.00000uM:90min:PA14:MOC_1430_1:r2,MOC_1430:gent:6.00000uM:PA14:90min:A,A,MOC_1430_1:PA14:90min,SRR27299854,SRX22977373,SAMN38978352,PRJNA1055047,1,PAIRED,90,6893605,620987049,250,Illumina NovaSeq 6000,RNA-Seq,cDNA,TRANSCRIPTOMIC,total RNA,Pseudomonas aeruginosa UCBPP-PA14,208963,PA14,PA14,gent,Gentamicin,6,uM,6.00000uM,90,min,90min,poscon,30S ribosomal subunit,Protein synthesis,Protein synthesis,Aminoglycoside,water,antimicrobial_reference_set,MOC_1430,MOC_1430_1,r2,FALSE
GSM7985110,MOC_1430:gent:6.00000uM:90min:PA14:MOC_1430_1:r3,MOC_1430:gent:6.00000uM:PA14:90min:A,A,MOC_1430_1:PA14:90min,SRR27299853,SRX22977374,SAMN38978351,PRJNA1055047,1,PAIRED,90,8692818,786543597,318,Illumina NovaSeq 6000,RNA-Seq,cDNA,TRANSCRIPTOMIC,total RNA,Pseudomonas aeruginosa UCBPP-PA14,208963,PA14,PA14,gent,Gentamicin,6,uM,6.00000uM,90,min,90min,poscon,30S ribosomal subunit,Protein synthesis,Protein synthesis,Aminoglycoside,water,antimicrobial_reference_set,MOC_1430,MOC_1430_1,r3,FALSE
GSM7985120,MOC_1430:imi:9.00000uM:90min:PA14:MOC_1430_1:r1,MOC_1430:imi:9.00000uM:PA14:90min:A,A,MOC_1430_1:PA14:90min,SRR27300204,SRX22977745,SAMN38978341,PRJNA1055047,1,PAIRED,90,5430017,489025972,197,Illumina NovaSeq 6000,RNA-Seq,cDNA,TRANSCRIPTOMIC,total RNA,Pseudomonas aeruginosa UCBPP-PA14,208963,PA14,PA14,imi,Imipenem,9,uM,9.00000uM,90,min,90min,poscon,PBP,Cell wall synthesis,Cell wall biogenesis,B-lactam,water,antimicrobial_reference_set,MOC_1430,MOC_1430_1,r1,FALSE
GSM7985121,MOC_1430:imi:9.00000uM:90min:PA14:MOC_1430_1:r2,MOC_1430:imi:9.00000uM:PA14:90min:A,A,MOC_1430_1:PA14:90min,SRR27300203,SRX22977746,SAMN38978340,PRJNA1055047,1,PAIRED,90,4670029,422273326,170,Illumina NovaSeq 6000,RNA-Seq,cDNA,TRANSCRIPTOMIC,total RNA,Pseudomonas aeruginosa UCBPP-PA14,208963,PA14,PA14,imi,Imipenem,9,uM,9.00000uM,90,min,90min,poscon,PBP,Cell wall synthesis,Cell wall biogenesis,B-lactam,water,antimicrobial_reference_set,MOC_1430,MOC_1430_1,r2,FALSE
GSM7985122,MOC_1430:imi:9.00000uM:90min:PA14:MOC_1430_1:r3,MOC_1430:imi:9.00000uM:PA14:90min:A,A,MOC_1430_1:PA14:90min,SRR27300202,SRX22977747,SAMN38978339,PRJNA1055047,1,PAIRED,90,9880157,893575875,360,Illumina NovaSeq 6000,RNA-Seq,cDNA,TRANSCRIPTOMIC,total RNA,Pseudomonas aeruginosa UCBPP-PA14,208963,PA14,PA14,imi,Imipenem,9,uM,9.00000uM,90,min,90min,poscon,PBP,Cell wall synthesis,Cell wall biogenesis,B-lactam,water,antimicrobial_reference_set,MOC_1430,MOC_1430_1,r3,FALSE
GSM7985132,MOC_1430:levo:4.50000uM:90min:PA14:MOC_1430_1:r1,MOC_1430:levo:4.50000uM:PA14:90min:A,A,MOC_1430_1:PA14:90min,SRR27299955,SRX22977626,SAMN38978329,PRJNA1055047,1,PAIRED,90,9176890,827232146,334,Illumina NovaSeq 6000,RNA-Seq,cDNA,TRANSCRIPTOMIC,total RNA,Pseudomonas aeruginosa UCBPP-PA14,208963,PA14,PA14,levo,Levofloxacin,4.5,uM,4.50000uM,90,min,90min,poscon,GyrA/ParC,DNA synthesis,DNA synthesis,Quinolone,water,antimicrobial_reference_set,MOC_1430,MOC_1430_1,r1,FALSE
GSM7985133,MOC_1430:levo:4.50000uM:90min:PA14:MOC_1430_1:r2,MOC_1430:levo:4.50000uM:PA14:90min:A,A,MOC_1430_1:PA14:90min,SRR27299954,SRX22977627,SAMN38978328,PRJNA1055047,1,PAIRED,90,5403332,487038697,196,Illumina NovaSeq 6000,RNA-Seq,cDNA,TRANSCRIPTOMIC,total RNA,Pseudomonas aeruginosa UCBPP-PA14,208963,PA14,PA14,levo,Levofloxacin,4.5,uM,4.50000uM,90,min,90min,poscon,GyrA/ParC,DNA synthesis,DNA synthesis,Quinolone,water,antimicrobial_reference_set,MOC_1430,MOC_1430_1,r2,FALSE
GSM7985134,MOC_1430:levo:4.50000uM:90min:PA14:MOC_1430_1:r3,MOC_1430:levo:4.50000uM:PA14:90min:A,A,MOC_1430_1:PA14:90min,SRR27299953,SRX22977628,SAMN38978327,PRJNA1055047,1,PAIRED,90,15220946,1377572237,555,Illumina NovaSeq 6000,RNA-Seq,cDNA,TRANSCRIPTOMIC,total RNA,Pseudomonas aeruginosa UCBPP-PA14,208963,PA14,PA14,levo,Levofloxacin,4.5,uM,4.50000uM,90,min,90min,poscon,GyrA/ParC,DNA synthesis,DNA synthesis,Quinolone,water,antimicrobial_reference_set,MOC_1430,MOC_1430_1,r3,FALSE
GSM7985144,MOC_1430:mero:2.40000uM:90min:PA14:MOC_1430_1:r1,MOC_1430:mero:2.40000uM:PA14:90min:A,A,MOC_1430_1:PA14:90min,SRR27299943,SRX22977638,SAMN38978317,PRJNA1055047,1,PAIRED,90,11254553,1017010977,408,Illumina NovaSeq 6000,RNA-Seq,cDNA,TRANSCRIPTOMIC,total RNA,Pseudomonas aeruginosa UCBPP-PA14,208963,PA14,PA14,mero,Meropenem,2.4,uM,2.40000uM,90,min,90min,poscon,PBP,Cell wall synthesis,Cell wall biogenesis,B-lactam,dmso,antimicrobial_reference_set,MOC_1430,MOC_1430_1,r1,FALSE
GSM7985145,MOC_1430:mero:2.40000uM:90min:PA14:MOC_1430_1:r2,MOC_1430:mero:2.40000uM:PA14:90min:A,A,MOC_1430_1:PA14:90min,SRR27299942,SRX22977639,SAMN38978316,PRJNA1055047,1,PAIRED,90,7809945,702997256,284,Illumina NovaSeq 6000,RNA-Seq,cDNA,TRANSCRIPTOMIC,total RNA,Pseudomonas aeruginosa UCBPP-PA14,208963,PA14,PA14,mero,Meropenem,2.4,uM,2.40000uM,90,min,90min,poscon,PBP,Cell wall synthesis,Cell wall biogenesis,B-lactam,dmso,antimicrobial_reference_set,MOC_1430,MOC_1430_1,r2,FALSE
GSM7985146,MOC_1430:mero:2.40000uM:90min:PA14:MOC_1430_1:r3,MOC_1430:mero:2.40000uM:PA14:90min:A,A,MOC_1430_1:PA14:90min,SRR27299941,SRX22977640,SAMN38978315,PRJNA1055047,1,PAIRED,90,11270397,1015266564,412,Illumina NovaSeq 6000,RNA-Seq,cDNA,TRANSCRIPTOMIC,total RNA,Pseudomonas aeruginosa UCBPP-PA14,208963,PA14,PA14,mero,Meropenem,2.4,uM,2.40000uM,90,min,90min,poscon,PBP,Cell wall synthesis,Cell wall biogenesis,B-lactam,dmso,antimicrobial_reference_set,MOC_1430,MOC_1430_1,r3,FALSE
GSM7985156,MOC_1430:mino:37.50000uM:90min:PA14:MOC_1430_1:r1,MOC_1430:mino:37.50000uM:PA14:90min:A,A,MOC_1430_1:PA14:90min,SRR27299931,SRX22977650,SAMN38978305,PRJNA1055047,1,PAIRED,90,22951646,2077641321,832,Illumina NovaSeq 6000,RNA-Seq,cDNA,TRANSCRIPTOMIC,total RNA,Pseudomonas aeruginosa UCBPP-PA14,208963,PA14,PA14,mino,Minocycline,37.5,uM,37.50000uM,90,min,90min,poscon,30S ribosomal subunit,Protein synthesis,Protein synthesis,Tetracycline,dmso,antimicrobial_reference_set,MOC_1430,MOC_1430_1,r1,FALSE
GSM7985157,MOC_1430:mino:37.50000uM:90min:PA14:MOC_1430_1:r2,MOC_1430:mino:37.50000uM:PA14:90min:A,A,MOC_1430_1:PA14:90min,SRR27299930,SRX22977651,SAMN38978304,PRJNA1055047,1,PAIRED,90,18686597,1689305257,677,Illumina NovaSeq 6000,RNA-Seq,cDNA,TRANSCRIPTOMIC,total RNA,Pseudomonas aeruginosa UCBPP-PA14,208963,PA14,PA14,mino,Minocycline,37.5,uM,37.50000uM,90,min,90min,poscon,30S ribosomal subunit,Protein synthesis,Protein synthesis,Tetracycline,dmso,antimicrobial_reference_set,MOC_1430,MOC_1430_1,r2,FALSE
GSM7985158,MOC_1430:mino:37.50000uM:90min:PA14:MOC_1430_1:r3,MOC_1430:mino:37.50000uM:PA14:90min:A,A,MOC_1430_1:PA14:90min,SRR27299929,SRX22977652,SAMN38978303,PRJNA1055047,1,PAIRED,90,33968240,3070588071,1231,Illumina NovaSeq 6000,RNA-Seq,cDNA,TRANSCRIPTOMIC,total RNA,Pseudomonas aeruginosa UCBPP-PA14,208963,PA14,PA14,mino,Minocycline,37.5,uM,37.50000uM,90,min,90min,poscon,30S ribosomal subunit,Protein synthesis,Protein synthesis,Tetracycline,dmso,antimicrobial_reference_set,MOC_1430,MOC_1430_1,r3,FALSE
GSM7985168,MOC_1430:novo:750.00000uM:90min:PA14:MOC_1430_1:r1,MOC_1430:novo:750.00000uM:PA14:90min:A,A,MOC_1430_1:PA14:90min,SRR27299843,SRX22977384,SAMN38978293,PRJNA1055047,1,PAIRED,90,8404866,757166047,309,Illumina NovaSeq 6000,RNA-Seq,cDNA,TRANSCRIPTOMIC,total RNA,Pseudomonas aeruginosa UCBPP-PA14,208963,PA14,PA14,novo,Novobiocin,750,uM,750.00000uM,90,min,90min,poscon,GyrB,DNA synthesis,DNA synthesis,Aminocoumarin,dmso,antimicrobial_reference_set,MOC_1430,MOC_1430_1,r1,FALSE
GSM7985169,MOC_1430:novo:750.00000uM:90min:PA14:MOC_1430_1:r2,MOC_1430:novo:750.00000uM:PA14:90min:A,A,MOC_1430_1:PA14:90min,SRR27299842,SRX22977385,SAMN38978292,PRJNA1055047,1,PAIRED,90,5608978,505167778,206,Illumina NovaSeq 6000,RNA-Seq,cDNA,TRANSCRIPTOMIC,total RNA,Pseudomonas aeruginosa UCBPP-PA14,208963,PA14,PA14,novo,Novobiocin,750,uM,750.00000uM,90,min,90min,poscon,GyrB,DNA synthesis,DNA synthesis,Aminocoumarin,dmso,antimicrobial_reference_set,MOC_1430,MOC_1430_1,r2,FALSE
GSM7985170,MOC_1430:novo:750.00000uM:90min:PA14:MOC_1430_1:r3,MOC_1430:novo:750.00000uM:PA14:90min:A,A,MOC_1430_1:PA14:90min,SRR27299841,SRX22977386,SAMN38978291,PRJNA1055047,1,PAIRED,90,6246678,562551886,228,Illumina NovaSeq 6000,RNA-Seq,cDNA,TRANSCRIPTOMIC,total RNA,Pseudomonas aeruginosa UCBPP-PA14,208963,PA14,PA14,novo,Novobiocin,750,uM,750.00000uM,90,min,90min,poscon,GyrB,DNA synthesis,DNA synthesis,Aminocoumarin,dmso,antimicrobial_reference_set,MOC_1430,MOC_1430_1,r3,FALSE
GSM7985180,MOC_1430:pa0918:250.00000uM:90min:PA14:MOC_1430_1:r1,MOC_1430:pa0918:250.00000uM:PA14:90min:A,A,MOC_1430_1:PA14:90min,SRR27299923,SRX22977658,SAMN38978281,PRJNA1055047,1,PAIRED,90,10223408,924587323,367,Illumina NovaSeq 6000,RNA-Seq,cDNA,TRANSCRIPTOMIC,total RNA,Pseudomonas aeruginosa UCBPP-PA14,208963,PA14,PA14,pa0918,PA-0918,250,uM,250.00000uM,90,min,90min,test,,,,,,internal_test_compounds,MOC_1430,MOC_1430_1,r1,FALSE
GSM7985181,MOC_1430:pa0918:250.00000uM:90min:PA14:MOC_1430_1:r2,MOC_1430:pa0918:250.00000uM:PA14:90min:A,A,MOC_1430_1:PA14:90min,SRR27299922,SRX22977659,SAMN38978280,PRJNA1055047,1,PAIRED,90,11337387,1026193384,406,Illumina NovaSeq 6000,RNA-Seq,cDNA,TRANSCRIPTOMIC,total RNA,Pseudomonas aeruginosa UCBPP-PA14,208963,PA14,PA14,pa0918,PA-0918,250,uM,250.00000uM,90,min,90min,test,,,,,,internal_test_compounds,MOC_1430,MOC_1430_1,r2,FALSE
GSM7985182,MOC_1430:pa0918:250.00000uM:90min:PA14:MOC_1430_1:r3,MOC_1430:pa0918:250.00000uM:PA14:90min:A,A,MOC_1430_1:PA14:90min,SRR27299921,SRX22977660,SAMN38978279,PRJNA1055047,1,PAIRED,90,8201714,740625809,294,Illumina NovaSeq 6000,RNA-Seq,cDNA,TRANSCRIPTOMIC,total RNA,Pseudomonas aeruginosa UCBPP-PA14,208963,PA14,PA14,pa0918,PA-0918,250,uM,250.00000uM,90,min,90min,test,,,,,,internal_test_compounds,MOC_1430,MOC_1430_1,r3,FALSE
GSM7985204,MOC_1430:pf1090:1.20000uM:90min:PA14:MOC_1430_1:r1,MOC_1430:pf1090:1.20000uM:PA14:90min:A,A,MOC_1430_1:PA14:90min,SRR27299820,SRX22977404,SAMN38978257,PRJNA1055047,1,PAIRED,90,8668185,784084378,315,Illumina NovaSeq 6000,RNA-Seq,cDNA,TRANSCRIPTOMIC,total RNA,Pseudomonas aeruginosa UCBPP-PA14,208963,PA14,PA14,pf1090,PF-5081090,1.2,uM,1.20000uM,90,min,90min,poscon,LpxC,Membrane Integrity,LPS biosynthesis,Hydroxamic acid,dmso,antimicrobial_reference_set,MOC_1430,MOC_1430_1,r1,FALSE
GSM7985205,MOC_1430:pf1090:1.20000uM:90min:PA14:MOC_1430_1:r2,MOC_1430:pf1090:1.20000uM:PA14:90min:A,A,MOC_1430_1:PA14:90min,SRR27299819,SRX22977405,SAMN38978256,PRJNA1055047,1,PAIRED,90,9219791,833782826,333,Illumina NovaSeq 6000,RNA-Seq,cDNA,TRANSCRIPTOMIC,total RNA,Pseudomonas aeruginosa UCBPP-PA14,208963,PA14,PA14,pf1090,PF-5081090,1.2,uM,1.20000uM,90,min,90min,poscon,LpxC,Membrane Integrity,LPS biosynthesis,Hydroxamic acid,dmso,antimicrobial_reference_set,MOC_1430,MOC_1430_1,r2,FALSE
GSM7985206,MOC_1430:pf1090:1.20000uM:90min:PA14:MOC_1430_1:r3,MOC_1430:pf1090:1.20000uM:PA14:90min:A,A,MOC_1430_1:PA14:90min,SRR27299818,SRX22977406,SAMN38978255,PRJNA1055047,1,PAIRED,90,5322910,480408902,192,Illumina NovaSeq 6000,RNA-Seq,cDNA,TRANSCRIPTOMIC,total RNA,Pseudomonas aeruginosa UCBPP-PA14,208963,PA14,PA14,pf1090,PF-5081090,1.2,uM,1.20000uM,90,min,90min,poscon,LpxC,Membrane Integrity,LPS biosynthesis,Hydroxamic acid,dmso,antimicrobial_reference_set,MOC_1430,MOC_1430_1,r3,FALSE
GSM7985216,MOC_1430:pf3299:1.20000uM:90min:PA14:MOC_1430_1:r1,MOC_1430:pf3299:1.20000uM:PA14:90min:A,A,MOC_1430_1:PA14:90min,SRR27300185,SRX22977761,SAMN38978245,PRJNA1055047,1,PAIRED,90,13792944,1242041700,505,Illumina NovaSeq 6000,RNA-Seq,cDNA,TRANSCRIPTOMIC,total RNA,Pseudomonas aeruginosa UCBPP-PA14,208963,PA14,PA14,pf3299,PF-04753299,1.2,uM,1.20000uM,90,min,90min,poscon,LpxC,Membrane Integrity,LPS biosynthesis,Hydroxamic acid,dmso,antimicrobial_reference_set,MOC_1430,MOC_1430_1,r1,FALSE
GSM7985217,MOC_1430:pf3299:1.20000uM:90min:PA14:MOC_1430_1:r2,MOC_1430:pf3299:1.20000uM:PA14:90min:A,A,MOC_1430_1:PA14:90min,SRR27300184,SRX22977762,SAMN38978244,PRJNA1055047,1,PAIRED,89,9782755,880164996,360,Illumina NovaSeq 6000,RNA-Seq,cDNA,TRANSCRIPTOMIC,total RNA,Pseudomonas aeruginosa UCBPP-PA14,208963,PA14,PA14,pf3299,PF-04753299,1.2,uM,1.20000uM,90,min,90min,poscon,LpxC,Membrane Integrity,LPS biosynthesis,Hydroxamic acid,dmso,antimicrobial_reference_set,MOC_1430,MOC_1430_1,r2,FALSE
GSM7985218,MOC_1430:pf3299:1.20000uM:90min:PA14:MOC_1430_1:r3,MOC_1430:pf3299:1.20000uM:PA14:90min:A,A,MOC_1430_1:PA14:90min,SRR27300183,SRX22977763,SAMN38978243,PRJNA1055047,1,PAIRED,90,9774186,880466913,353,Illumina NovaSeq 6000,RNA-Seq,cDNA,TRANSCRIPTOMIC,total RNA,Pseudomonas aeruginosa UCBPP-PA14,208963,PA14,PA14,pf3299,PF-04753299,1.2,uM,1.20000uM,90,min,90min,poscon,LpxC,Membrane Integrity,LPS biosynthesis,Hydroxamic acid,dmso,antimicrobial_reference_set,MOC_1430,MOC_1430_1,r3,FALSE
GSM7985228,MOC_1430:pg1:6.00000uM:90min:PA14:MOC_1430_1:r1,MOC_1430:pg1:6.00000uM:PA14:90min:A,A,MOC_1430_1:PA14:90min,SRR27299704,SRX22977202,SAMN38978233,PRJNA1055047,1,PAIRED,90,3948849,356529731,143,Illumina NovaSeq 6000,RNA-Seq,cDNA,TRANSCRIPTOMIC,total RNA,Pseudomonas aeruginosa UCBPP-PA14,208963,PA14,PA14,pg1,Protegrin-1,6,uM,6.00000uM,90,min,90min,poscon,LPS,Membrane Integrity,Membrane Integrity,AMP,dmso,antimicrobial_reference_set,MOC_1430,MOC_1430_1,r1,FALSE
GSM7985229,MOC_1430:pg1:6.00000uM:90min:PA14:MOC_1430_1:r2,MOC_1430:pg1:6.00000uM:PA14:90min:A,A,MOC_1430_1:PA14:90min,SRR27299702,SRX22977203,SAMN38978232,PRJNA1055047,1,PAIRED,90,4147850,373701229,152,Illumina NovaSeq 6000,RNA-Seq,cDNA,TRANSCRIPTOMIC,total RNA,Pseudomonas aeruginosa UCBPP-PA14,208963,PA14,PA14,pg1,Protegrin-1,6,uM,6.00000uM,90,min,90min,poscon,LPS,Membrane Integrity,Membrane Integrity,AMP,dmso,antimicrobial_reference_set,MOC_1430,MOC_1430_1,r2,FALSE
GSM7985230,MOC_1430:pg1:6.00000uM:90min:PA14:MOC_1430_1:r3,MOC_1430:pg1:6.00000uM:PA14:90min:A,A,MOC_1430_1:PA14:90min,SRR27299701,SRX22977204,SAMN38978231,PRJNA1055047,1,PAIRED,90,5638153,507571982,207,Illumina NovaSeq 6000,RNA-Seq,cDNA,TRANSCRIPTOMIC,total RNA,Pseudomonas aeruginosa UCBPP-PA14,208963,PA14,PA14,pg1,Protegrin-1,6,uM,6.00000uM,90,min,90min,poscon,LPS,Membrane Integrity,Membrane Integrity,AMP,dmso,antimicrobial_reference_set,MOC_1430,MOC_1430_1,r3,FALSE
GSM8297893,MOC_1430:pip:37.50000uM:90min:PA14:MOC_1430_1:r1,MOC_1430:pip:37.50000uM:PA14:90min:A,A,MOC_1430_1:PA14:90min,SRR29244661;SRR29244662,SRX24763015,SAMN41607448,PRJNA1055047,2,SINGLE,41,18454844,832255164,385,Illumina NovaSeq 6000,RNA-Seq,cDNA,TRANSCRIPTOMIC,total RNA,Pseudomonas aeruginosa UCBPP-PA14,208963,PA14,PA14,pip,Piperacillin,37.5,uM,37.50000uM,90,min,90min,poscon,PBP,Cell wall synthesis,Cell wall biogenesis,B-lactam,water,weak_signal_removed_from_antimicrobial_reference_set,MOC_1430,MOC_1430_1,r1,TRUE
GSM8297894,MOC_1430:pip:37.50000uM:90min:PA14:MOC_1430_1:r2,MOC_1430:pip:37.50000uM:PA14:90min:A,A,MOC_1430_1:PA14:90min,SRR29244659;SRR29244660,SRX24763016,SAMN41607447,PRJNA1055047,2,SINGLE,41,9721666,439437213,203,Illumina NovaSeq 6000,RNA-Seq,cDNA,TRANSCRIPTOMIC,total RNA,Pseudomonas aeruginosa UCBPP-PA14,208963,PA14,PA14,pip,Piperacillin,37.5,uM,37.50000uM,90,min,90min,poscon,PBP,Cell wall synthesis,Cell wall biogenesis,B-lactam,water,weak_signal_removed_from_antimicrobial_reference_set,MOC_1430,MOC_1430_1,r2,TRUE
GSM8297895,MOC_1430:pip:37.50000uM:90min:PA14:MOC_1430_1:r3,MOC_1430:pip:37.50000uM:PA14:90min:A,A,MOC_1430_1:PA14:90min,SRR29244657;SRR29244658,SRX24763017,SAMN41607446,PRJNA1055047,2,SINGLE,41,18879620,854099305,393,Illumina NovaSeq 6000,RNA-Seq,cDNA,TRANSCRIPTOMIC,total RNA,Pseudomonas aeruginosa UCBPP-PA14,208963,PA14,PA14,pip,Piperacillin,37.5,uM,37.50000uM,90,min,90min,poscon,PBP,Cell wall synthesis,Cell wall biogenesis,B-lactam,water,weak_signal_removed_from_antimicrobial_reference_set,MOC_1430,MOC_1430_1,r3,TRUE
GSM8297905,MOC_1430:pol7001:0.20000uM:90min:PA14:MOC_1430_1:r1,MOC_1430:pol7001:0.20000uM:PA14:90min:A,A,MOC_1430_1:PA14:90min,SRR29244914;SRR29244915,SRX24763157,SAMN41607436,PRJNA1055047,2,SINGLE,41,24584666,1112635287,513,Illumina NovaSeq 6000,RNA-Seq,cDNA,TRANSCRIPTOMIC,total RNA,Pseudomonas aeruginosa UCBPP-PA14,208963,PA14,PA14,pol7001,POL-7001,0.2,uM,0.20000uM,90,min,90min,poscon,LptD,Membrane Integrity,LPS transport,AMP,dmso,weak_signal_removed_from_antimicrobial_reference_set,MOC_1430,MOC_1430_1,r1,TRUE
GSM8297906,MOC_1430:pol7001:0.20000uM:90min:PA14:MOC_1430_1:r2,MOC_1430:pol7001:0.20000uM:PA14:90min:A,A,MOC_1430_1:PA14:90min,SRR29244912;SRR29244913,SRX24763158,SAMN41607435,PRJNA1055047,2,SINGLE,41,14833412,670809044,308,Illumina NovaSeq 6000,RNA-Seq,cDNA,TRANSCRIPTOMIC,total RNA,Pseudomonas aeruginosa UCBPP-PA14,208963,PA14,PA14,pol7001,POL-7001,0.2,uM,0.20000uM,90,min,90min,poscon,LptD,Membrane Integrity,LPS transport,AMP,dmso,weak_signal_removed_from_antimicrobial_reference_set,MOC_1430,MOC_1430_1,r2,TRUE
GSM8297907,MOC_1430:pol7001:0.20000uM:90min:PA14:MOC_1430_1:r3,MOC_1430:pol7001:0.20000uM:PA14:90min:A,A,MOC_1430_1:PA14:90min,SRR29244910;SRR29244911,SRX24763159,SAMN41607434,PRJNA1055047,2,SINGLE,41,15384990,694935841,320,Illumina NovaSeq 6000,RNA-Seq,cDNA,TRANSCRIPTOMIC,total RNA,Pseudomonas aeruginosa UCBPP-PA14,208963,PA14,PA14,pol7001,POL-7001,0.2,uM,0.20000uM,90,min,90min,poscon,LptD,Membrane Integrity,LPS transport,AMP,dmso,weak_signal_removed_from_antimicrobial_reference_set,MOC_1430,MOC_1430_1,r3,TRUE
GSM8297917,MOC_1430:pol7080:0.25000uM:90min:PA14:MOC_1430_1:r1,MOC_1430:pol7080:0.25000uM:PA14:90min:A,A,MOC_1430_1:PA14:90min,SRR29244586;SRR29244587,SRX24763071,SAMN41607424,PRJNA1055047,2,SINGLE,41,16806250,759005718,352,Illumina NovaSeq 6000,RNA-Seq,cDNA,TRANSCRIPTOMIC,total RNA,Pseudomonas aeruginosa UCBPP-PA14,208963,PA14,PA14,pol7080,POL-7080,0.25,uM,0.25000uM,90,min,90min,poscon,LptD,Membrane Integrity,LPS transport,AMP,dmso,weak_signal_removed_from_antimicrobial_reference_set,MOC_1430,MOC_1430_1,r1,TRUE
GSM8297918,MOC_1430:pol7080:0.25000uM:90min:PA14:MOC_1430_1:r2,MOC_1430:pol7080:0.25000uM:PA14:90min:A,A,MOC_1430_1:PA14:90min,SRR29244584;SRR29244585,SRX24763072,SAMN41607423,PRJNA1055047,2,SINGLE,41,17079602,768706083,359,Illumina NovaSeq 6000,RNA-Seq,cDNA,TRANSCRIPTOMIC,total RNA,Pseudomonas aeruginosa UCBPP-PA14,208963,PA14,PA14,pol7080,POL-7080,0.25,uM,0.25000uM,90,min,90min,poscon,LptD,Membrane Integrity,LPS transport,AMP,dmso,weak_signal_removed_from_antimicrobial_reference_set,MOC_1430,MOC_1430_1,r2,TRUE
GSM8297919,MOC_1430:pol7080:0.25000uM:90min:PA14:MOC_1430_1:r3,MOC_1430:pol7080:0.25000uM:PA14:90min:A,A,MOC_1430_1:PA14:90min,SRR29244582;SRR29244583,SRX24763073,SAMN41607422,PRJNA1055047,2,SINGLE,41,19047168,857269588,400,Illumina NovaSeq 6000,RNA-Seq,cDNA,TRANSCRIPTOMIC,total RNA,Pseudomonas aeruginosa UCBPP-PA14,208963,PA14,PA14,pol7080,POL-7080,0.25,uM,0.25000uM,90,min,90min,poscon,LptD,Membrane Integrity,LPS transport,AMP,dmso,weak_signal_removed_from_antimicrobial_reference_set,MOC_1430,MOC_1430_1,r3,TRUE
GSM7985240,MOC_1430:tet:108.00000uM:90min:PA14:MOC_1430_1:r1,MOC_1430:tet:108.00000uM:PA14:90min:A,A,MOC_1430_1:PA14:90min,SRR27299816,SRX22977408,SAMN38978221,PRJNA1055047,1,PAIRED,90,15827944,1427154483,575,Illumina NovaSeq 6000,RNA-Seq,cDNA,TRANSCRIPTOMIC,total RNA,Pseudomonas aeruginosa UCBPP-PA14,208963,PA14,PA14,tet,Tetracyclin,108,uM,108.00000uM,90,min,90min,poscon,30S ribosomal subunit,Protein synthesis,Protein synthesis,Tetracycline,water,antimicrobial_reference_set,MOC_1430,MOC_1430_1,r1,FALSE
GSM7985241,MOC_1430:tet:108.00000uM:90min:PA14:MOC_1430_1:r2,MOC_1430:tet:108.00000uM:PA14:90min:A,A,MOC_1430_1:PA14:90min,SRR27299815,SRX22977409,SAMN38978220,PRJNA1055047,1,PAIRED,90,15312839,1380312534,552,Illumina NovaSeq 6000,RNA-Seq,cDNA,TRANSCRIPTOMIC,total RNA,Pseudomonas aeruginosa UCBPP-PA14,208963,PA14,PA14,tet,Tetracyclin,108,uM,108.00000uM,90,min,90min,poscon,30S ribosomal subunit,Protein synthesis,Protein synthesis,Tetracycline,water,antimicrobial_reference_set,MOC_1430,MOC_1430_1,r2,FALSE
GSM7985242,MOC_1430:tet:108.00000uM:90min:PA14:MOC_1430_1:r3,MOC_1430:tet:108.00000uM:PA14:90min:A,A,MOC_1430_1:PA14:90min,SRR27299814,SRX22977410,SAMN38978219,PRJNA1055047,1,PAIRED,90,21794614,1973805401,793,Illumina NovaSeq 6000,RNA-Seq,cDNA,TRANSCRIPTOMIC,total RNA,Pseudomonas aeruginosa UCBPP-PA14,208963,PA14,PA14,tet,Tetracyclin,108,uM,108.00000uM,90,min,90min,poscon,30S ribosomal subunit,Protein synthesis,Protein synthesis,Tetracycline,water,antimicrobial_reference_set,MOC_1430,MOC_1430_1,r3,FALSE
GSM7985252,MOC_1430:tmp:375.00000uM:90min:PA14:MOC_1430_1:r1,MOC_1430:tmp:375.00000uM:PA14:90min:A,A,MOC_1430_1:PA14:90min,SRR27299804,SRX22977420,SAMN38978209,PRJNA1055047,1,PAIRED,90,10073000,907396562,371,Illumina NovaSeq 6000,RNA-Seq,cDNA,TRANSCRIPTOMIC,total RNA,Pseudomonas aeruginosa UCBPP-PA14,208963,PA14,PA14,tmp,Trimethoprim,375,uM,375.00000uM,90,min,90min,poscon,DhfR,DNA synthesis,Folate synthesis,Folate analog,dmso,antimicrobial_reference_set,MOC_1430,MOC_1430_1,r1,FALSE
GSM7985253,MOC_1430:tmp:375.00000uM:90min:PA14:MOC_1430_1:r2,MOC_1430:tmp:375.00000uM:PA14:90min:A,A,MOC_1430_1:PA14:90min,SRR27299803,SRX22977421,SAMN38978208,PRJNA1055047,1,PAIRED,90,6331250,569827691,233,Illumina NovaSeq 6000,RNA-Seq,cDNA,TRANSCRIPTOMIC,total RNA,Pseudomonas aeruginosa UCBPP-PA14,208963,PA14,PA14,tmp,Trimethoprim,375,uM,375.00000uM,90,min,90min,poscon,DhfR,DNA synthesis,Folate synthesis,Folate analog,dmso,antimicrobial_reference_set,MOC_1430,MOC_1430_1,r2,FALSE
GSM7985254,MOC_1430:tmp:375.00000uM:90min:PA14:MOC_1430_1:r3,MOC_1430:tmp:375.00000uM:PA14:90min:A,A,MOC_1430_1:PA14:90min,SRR27299802,SRX22977422,SAMN38978207,PRJNA1055047,1,PAIRED,90,5403290,486491397,196,Illumina NovaSeq 6000,RNA-Seq,cDNA,TRANSCRIPTOMIC,total RNA,Pseudomonas aeruginosa UCBPP-PA14,208963,PA14,PA14,tmp,Trimethoprim,375,uM,375.00000uM,90,min,90min,poscon,DhfR,DNA synthesis,Folate synthesis,Folate analog,dmso,antimicrobial_reference_set,MOC_1430,MOC_1430_1,r3,FALSE
GSM7985264,MOC_1430:water:0.50000%:90min:PA14:MOC_1430_1:r1,MOC_1430:water:0.50000%:PA14:90min:A,A,MOC_1430_1:PA14:90min,SRR27300164;SRR27300165,SRX22977777,SAMN38978197,PRJNA1055047,2,PAIRED,90,21968000,1979359331,807,Illumina NovaSeq 6000,RNA-Seq,cDNA,TRANSCRIPTOMIC,total RNA,Pseudomonas aeruginosa UCBPP-PA14,208963,PA14,PA14,water,water,0.5,%,0.50000%,90,min,90min,negcon,Negative control,Negative control,Negative control,Negative control,water,antimicrobial_reference_set,MOC_1430,MOC_1430_1,r1,FALSE
GSM7985265,MOC_1430:water:0.50000%:90min:PA14:MOC_1430_1:r2,MOC_1430:water:0.50000%:PA14:90min:A,A,MOC_1430_1:PA14:90min,SRR27300163;SRR27300195,SRX22977778,SAMN38978196,PRJNA1055047,2,PAIRED,90,22743475,2049385609,822,Illumina NovaSeq 6000,RNA-Seq,cDNA,TRANSCRIPTOMIC,total RNA,Pseudomonas aeruginosa UCBPP-PA14,208963,PA14,PA14,water,water,0.5,%,0.50000%,90,min,90min,negcon,Negative control,Negative control,Negative control,Negative control,water,antimicrobial_reference_set,MOC_1430,MOC_1430_1,r2,FALSE
GSM7985266,MOC_1430:water:0.50000%:90min:PA14:MOC_1430_1:r3,MOC_1430:water:0.50000%:PA14:90min:A,A,MOC_1430_1:PA14:90min,SRR27300161;SRR27300162,SRX22977779,SAMN38978195,PRJNA1055047,2,PAIRED,90,15743225,1418219141,568,Illumina NovaSeq 6000,RNA-Seq,cDNA,TRANSCRIPTOMIC,total RNA,Pseudomonas aeruginosa UCBPP-PA14,208963,PA14,PA14,water,water,0.5,%,0.50000%,90,min,90min,negcon,Negative control,Negative control,Negative control,Negative control,water,antimicrobial_reference_set,MOC_1430,MOC_1430_1,r3,FALSE
GSM7985267,MOC_1779:a22:200.00000uM:90min:PA14:MOC_1779_1:r1,MOC_1779:a22:200.00000uM:PA14:90min:A,A,MOC_1779_1:PA14:90min,SRR27300160,SRX22977780,SAMN38978194,PRJNA1055047,1,PAIRED,89,1684208,150943054,59,Illumina NovaSeq 6000,RNA-Seq,cDNA,TRANSCRIPTOMIC,total RNA,Pseudomonas aeruginosa UCBPP-PA14,208963,PA14,PA14,a22,A22,200,uM,200.00000uM,90,min,90min,poscon,MreB,Cell wall synthesis,Cell wall biogenesis,Dichlorobenzyl isothiourea,dmso,antimicrobial_reference_set,MOC_1779,MOC_1779_1,r1,FALSE
GSM7985270,MOC_1779:a22:400.00000uM:90min:PA14:MOC_1779_2:r1,MOC_1779:a22:400.00000uM:PA14:90min:A,A,MOC_1779_2:PA14:90min,SRR27300156,SRX22977783,SAMN38978191,PRJNA1055047,1,PAIRED,90,1612137,145276407,56,Illumina NovaSeq 6000,RNA-Seq,cDNA,TRANSCRIPTOMIC,total RNA,Pseudomonas aeruginosa UCBPP-PA14,208963,PA14,PA14,a22,A22,400,uM,400.00000uM,90,min,90min,poscon,MreB,Cell wall synthesis,Cell wall biogenesis,Dichlorobenzyl isothiourea,dmso,antimicrobial_reference_set,MOC_1779,MOC_1779_2,r1,FALSE
GSM7985273,MOC_1779:a22:800.00000uM:90min:PA14:MOC_1779_2:r1,MOC_1779:a22:800.00000uM:PA14:90min:A,A,MOC_1779_2:PA14:90min,SRR27300325,SRX22977976,SAMN38978188,PRJNA1055047,1,PAIRED,90,1424807,128511993,49,Illumina NovaSeq 6000,RNA-Seq,cDNA,TRANSCRIPTOMIC,total RNA,Pseudomonas aeruginosa UCBPP-PA14,208963,PA14,PA14,a22,A22,800,uM,800.00000uM,90,min,90min,poscon,MreB,Cell wall synthesis,Cell wall biogenesis,Dichlorobenzyl isothiourea,dmso,antimicrobial_reference_set,MOC_1779,MOC_1779_2,r1,FALSE
GSM7985268,MOC_1779:a22:200.00000uM:90min:PA14:MOC_1779_1:r2,MOC_1779:a22:200.00000uM:PA14:90min:A,A,MOC_1779_1:PA14:90min,SRR27300159,SRX22977781,SAMN38978193,PRJNA1055047,1,PAIRED,90,2431305,220047684,85,Illumina NovaSeq 6000,RNA-Seq,cDNA,TRANSCRIPTOMIC,total RNA,Pseudomonas aeruginosa UCBPP-PA14,208963,PA14,PA14,a22,A22,200,uM,200.00000uM,90,min,90min,poscon,MreB,Cell wall synthesis,Cell wall biogenesis,Dichlorobenzyl isothiourea,dmso,antimicrobial_reference_set,MOC_1779,MOC_1779_1,r2,FALSE
GSM7985271,MOC_1779:a22:400.00000uM:90min:PA14:MOC_1779_2:r2,MOC_1779:a22:400.00000uM:PA14:90min:A,A,MOC_1779_2:PA14:90min,SRR27300155,SRX22977784,SAMN38978190,PRJNA1055047,1,PAIRED,90,2084393,187640364,73,Illumina NovaSeq 6000,RNA-Seq,cDNA,TRANSCRIPTOMIC,total RNA,Pseudomonas aeruginosa UCBPP-PA14,208963,PA14,PA14,a22,A22,400,uM,400.00000uM,90,min,90min,poscon,MreB,Cell wall synthesis,Cell wall biogenesis,Dichlorobenzyl isothiourea,dmso,antimicrobial_reference_set,MOC_1779,MOC_1779_2,r2,FALSE
GSM7985274,MOC_1779:a22:800.00000uM:90min:PA14:MOC_1779_2:r2,MOC_1779:a22:800.00000uM:PA14:90min:A,A,MOC_1779_2:PA14:90min,SRR27300324,SRX22977977,SAMN38978187,PRJNA1055047,1,PAIRED,90,460968,41546659,16,Illumina NovaSeq 6000,RNA-Seq,cDNA,TRANSCRIPTOMIC,total RNA,Pseudomonas aeruginosa UCBPP-PA14,208963,PA14,PA14,a22,A22,800,uM,800.00000uM,90,min,90min,poscon,MreB,Cell wall synthesis,Cell wall biogenesis,Dichlorobenzyl isothiourea,dmso,antimicrobial_reference_set,MOC_1779,MOC_1779_2,r2,FALSE
GSM7985269,MOC_1779:a22:200.00000uM:90min:PA14:MOC_1779_1:r3,MOC_1779:a22:200.00000uM:PA14:90min:A,A,MOC_1779_1:PA14:90min,SRR27300157,SRX22977782,SAMN38978192,PRJNA1055047,1,PAIRED,90,3741873,338498900,132,Illumina NovaSeq 6000,RNA-Seq,cDNA,TRANSCRIPTOMIC,total RNA,Pseudomonas aeruginosa UCBPP-PA14,208963,PA14,PA14,a22,A22,200,uM,200.00000uM,90,min,90min,poscon,MreB,Cell wall synthesis,Cell wall biogenesis,Dichlorobenzyl isothiourea,dmso,antimicrobial_reference_set,MOC_1779,MOC_1779_1,r3,FALSE
GSM7985272,MOC_1779:a22:400.00000uM:90min:PA14:MOC_1779_2:r3,MOC_1779:a22:400.00000uM:PA14:90min:A,A,MOC_1779_2:PA14:90min,SRR27300326,SRX22977975,SAMN38978189,PRJNA1055047,1,PAIRED,89,2800994,252046354,98,Illumina NovaSeq 6000,RNA-Seq,cDNA,TRANSCRIPTOMIC,total RNA,Pseudomonas aeruginosa UCBPP-PA14,208963,PA14,PA14,a22,A22,400,uM,400.00000uM,90,min,90min,poscon,MreB,Cell wall synthesis,Cell wall biogenesis,Dichlorobenzyl isothiourea,dmso,antimicrobial_reference_set,MOC_1779,MOC_1779_2,r3,FALSE
GSM7985275,MOC_1779:a22:800.00000uM:90min:PA14:MOC_1779_2:r3,MOC_1779:a22:800.00000uM:PA14:90min:A,A,MOC_1779_2:PA14:90min,SRR27300323,SRX22977978,SAMN38978186,PRJNA1055047,1,PAIRED,90,679647,61205481,23,Illumina NovaSeq 6000,RNA-Seq,cDNA,TRANSCRIPTOMIC,total RNA,Pseudomonas aeruginosa UCBPP-PA14,208963,PA14,PA14,a22,A22,800,uM,800.00000uM,90,min,90min,poscon,MreB,Cell wall synthesis,Cell wall biogenesis,Dichlorobenzyl isothiourea,dmso,antimicrobial_reference_set,MOC_1779,MOC_1779_2,r3,FALSE
GSM8297920,MOC_1779:azido:200.00000uM:90min:PA14:MOC_1779_1:r1,MOC_1779:azido:200.00000uM:PA14:90min:A,A,MOC_1779_1:PA14:90min,SRR29244580;SRR29244581,SRX24763074,SAMN41607421,PRJNA1055047,2,SINGLE,41,2970048,134104804,59,Illumina NovaSeq 6000,RNA-Seq,cDNA,TRANSCRIPTOMIC,total RNA,Pseudomonas aeruginosa UCBPP-PA14,208963,PA14,PA14,azido,Azidothymidine,200,uM,200.00000uM,90,min,90min,poscon,,,,,,weak_signal_removed_from_antimicrobial_reference_set,MOC_1779,MOC_1779_1,r1,TRUE
GSM8297923,MOC_1779:azido:400.00000uM:90min:PA14:MOC_1779_2:r1,MOC_1779:azido:400.00000uM:PA14:90min:A,A,MOC_1779_2:PA14:90min,SRR29244574;SRR29244575,SRX24763077,SAMN41607418,PRJNA1055047,2,SINGLE,41,3026708,136142234,60,Illumina NovaSeq 6000,RNA-Seq,cDNA,TRANSCRIPTOMIC,total RNA,Pseudomonas aeruginosa UCBPP-PA14,208963,PA14,PA14,azido,Azidothymidine,400,uM,400.00000uM,90,min,90min,poscon,,,,,,weak_signal_removed_from_antimicrobial_reference_set,MOC_1779,MOC_1779_2,r1,TRUE
GSM8297926,MOC_1779:azido:800.00000uM:90min:PA14:MOC_1779_2:r1,MOC_1779:azido:800.00000uM:PA14:90min:A,A,MOC_1779_2:PA14:90min,SRR29244568;SRR29244569,SRX24763080,SAMN41607415,PRJNA1055047,2,SINGLE,41,3963354,178710495,80,Illumina NovaSeq 6000,RNA-Seq,cDNA,TRANSCRIPTOMIC,total RNA,Pseudomonas aeruginosa UCBPP-PA14,208963,PA14,PA14,azido,Azidothymidine,800,uM,800.00000uM,90,min,90min,poscon,,,,,,weak_signal_removed_from_antimicrobial_reference_set,MOC_1779,MOC_1779_2,r1,TRUE
GSM8297921,MOC_1779:azido:200.00000uM:90min:PA14:MOC_1779_1:r2,MOC_1779:azido:200.00000uM:PA14:90min:A,A,MOC_1779_1:PA14:90min,SRR29244578;SRR29244579,SRX24763075,SAMN41607420,PRJNA1055047,2,SINGLE,41,5089026,229338062,103,Illumina NovaSeq 6000,RNA-Seq,cDNA,TRANSCRIPTOMIC,total RNA,Pseudomonas aeruginosa UCBPP-PA14,208963,PA14,PA14,azido,Azidothymidine,200,uM,200.00000uM,90,min,90min,poscon,,,,,,weak_signal_removed_from_antimicrobial_reference_set,MOC_1779,MOC_1779_1,r2,TRUE
GSM8297924,MOC_1779:azido:400.00000uM:90min:PA14:MOC_1779_2:r2,MOC_1779:azido:400.00000uM:PA14:90min:A,A,MOC_1779_2:PA14:90min,SRR29244572;SRR29244573,SRX24763078,SAMN41607417,PRJNA1055047,2,SINGLE,41,6509590,293436876,131,Illumina NovaSeq 6000,RNA-Seq,cDNA,TRANSCRIPTOMIC,total RNA,Pseudomonas aeruginosa UCBPP-PA14,208963,PA14,PA14,azido,Azidothymidine,400,uM,400.00000uM,90,min,90min,poscon,,,,,,weak_signal_removed_from_antimicrobial_reference_set,MOC_1779,MOC_1779_2,r2,TRUE
GSM8297927,MOC_1779:azido:800.00000uM:90min:PA14:MOC_1779_2:r2,MOC_1779:azido:800.00000uM:PA14:90min:A,A,MOC_1779_2:PA14:90min,SRR29244566;SRR29244567,SRX24763081,SAMN41607414,PRJNA1055047,2,SINGLE,41,4578604,206572092,92,Illumina NovaSeq 6000,RNA-Seq,cDNA,TRANSCRIPTOMIC,total RNA,Pseudomonas aeruginosa UCBPP-PA14,208963,PA14,PA14,azido,Azidothymidine,800,uM,800.00000uM,90,min,90min,poscon,,,,,,weak_signal_removed_from_antimicrobial_reference_set,MOC_1779,MOC_1779_2,r2,TRUE
GSM8297922,MOC_1779:azido:200.00000uM:90min:PA14:MOC_1779_1:r3,MOC_1779:azido:200.00000uM:PA14:90min:A,A,MOC_1779_1:PA14:90min,SRR29244576;SRR29244577,SRX24763076,SAMN41607419,PRJNA1055047,2,SINGLE,41,9793932,441758828,201,Illumina NovaSeq 6000,RNA-Seq,cDNA,TRANSCRIPTOMIC,total RNA,Pseudomonas aeruginosa UCBPP-PA14,208963,PA14,PA14,azido,Azidothymidine,200,uM,200.00000uM,90,min,90min,poscon,,,,,,weak_signal_removed_from_antimicrobial_reference_set,MOC_1779,MOC_1779_1,r3,TRUE
GSM8297925,MOC_1779:azido:400.00000uM:90min:PA14:MOC_1779_2:r3,MOC_1779:azido:400.00000uM:PA14:90min:A,A,MOC_1779_2:PA14:90min,SRR29244570;SRR29244571,SRX24763079,SAMN41607416,PRJNA1055047,2,SINGLE,41,5850472,263960451,118,Illumina NovaSeq 6000,RNA-Seq,cDNA,TRANSCRIPTOMIC,total RNA,Pseudomonas aeruginosa UCBPP-PA14,208963,PA14,PA14,azido,Azidothymidine,400,uM,400.00000uM,90,min,90min,poscon,,,,,,weak_signal_removed_from_antimicrobial_reference_set,MOC_1779,MOC_1779_2,r3,TRUE
GSM8297928,MOC_1779:azido:800.00000uM:90min:PA14:MOC_1779_2:r3,MOC_1779:azido:800.00000uM:PA14:90min:A,A,MOC_1779_2:PA14:90min,SRR29244564;SRR29244565,SRX24763082,SAMN41607413,PRJNA1055047,2,SINGLE,41,21577872,974861838,438,Illumina NovaSeq 6000,RNA-Seq,cDNA,TRANSCRIPTOMIC,total RNA,Pseudomonas aeruginosa UCBPP-PA14,208963,PA14,PA14,azido,Azidothymidine,800,uM,800.00000uM,90,min,90min,poscon,,,,,,weak_signal_removed_from_antimicrobial_reference_set,MOC_1779,MOC_1779_2,r3,TRUE
GSM8297929,MOC_1779:aztreo:1600.00000uM:90min:PA14:MOC_1779_2:r1,MOC_1779:aztreo:1600.00000uM:PA14:90min:A,A,MOC_1779_2:PA14:90min,SRR29244786;SRR29244787,SRX24763245,SAMN41607412,PRJNA1055047,2,SINGLE,41,3416248,154106729,68,Illumina NovaSeq 6000,RNA-Seq,cDNA,TRANSCRIPTOMIC,total RNA,Pseudomonas aeruginosa UCBPP-PA14,208963,PA14,PA14,aztreo,Aztreonam,1600,uM,1600.00000uM,90,min,90min,poscon,,,,,,weak_signal_removed_from_antimicrobial_reference_set,MOC_1779,MOC_1779_2,r1,TRUE
GSM8297932,MOC_1779:aztreo:200.00000uM:90min:PA14:MOC_1779_1:r1,MOC_1779:aztreo:200.00000uM:PA14:90min:A,A,MOC_1779_1:PA14:90min,SRR29244780;SRR29244781,SRX24763248,SAMN41607409,PRJNA1055047,2,SINGLE,41,5321050,240498340,108,Illumina NovaSeq 6000,RNA-Seq,cDNA,TRANSCRIPTOMIC,total RNA,Pseudomonas aeruginosa UCBPP-PA14,208963,PA14,PA14,aztreo,Aztreonam,200,uM,200.00000uM,90,min,90min,poscon,,,,,,weak_signal_removed_from_antimicrobial_reference_set,MOC_1779,MOC_1779_1,r1,TRUE
GSM8297935,MOC_1779:aztreo:800.00000uM:90min:PA14:MOC_1779_2:r1,MOC_1779:aztreo:800.00000uM:PA14:90min:A,A,MOC_1779_2:PA14:90min,SRR29244774;SRR29244775,SRX24763251,SAMN41607406,PRJNA1055047,2,SINGLE,41,4095572,184304244,82,Illumina NovaSeq 6000,RNA-Seq,cDNA,TRANSCRIPTOMIC,total RNA,Pseudomonas aeruginosa UCBPP-PA14,208963,PA14,PA14,aztreo,Aztreonam,800,uM,800.00000uM,90,min,90min,poscon,,,,,,weak_signal_removed_from_antimicrobial_reference_set,MOC_1779,MOC_1779_2,r1,TRUE
GSM8297930,MOC_1779:aztreo:1600.00000uM:90min:PA14:MOC_1779_2:r2,MOC_1779:aztreo:1600.00000uM:PA14:90min:A,A,MOC_1779_2:PA14:90min,SRR29244784;SRR29244785,SRX24763246,SAMN41607411,PRJNA1055047,2,SINGLE,41,15645132,706346147,317,Illumina NovaSeq 6000,RNA-Seq,cDNA,TRANSCRIPTOMIC,total RNA,Pseudomonas aeruginosa UCBPP-PA14,208963,PA14,PA14,aztreo,Aztreonam,1600,uM,1600.00000uM,90,min,90min,poscon,,,,,,weak_signal_removed_from_antimicrobial_reference_set,MOC_1779,MOC_1779_2,r2,TRUE
GSM8297933,MOC_1779:aztreo:200.00000uM:90min:PA14:MOC_1779_1:r2,MOC_1779:aztreo:200.00000uM:PA14:90min:A,A,MOC_1779_1:PA14:90min,SRR29244778;SRR29244779,SRX24763249,SAMN41607408,PRJNA1055047,2,SINGLE,41,5740096,259546436,115,Illumina NovaSeq 6000,RNA-Seq,cDNA,TRANSCRIPTOMIC,total RNA,Pseudomonas aeruginosa UCBPP-PA14,208963,PA14,PA14,aztreo,Aztreonam,200,uM,200.00000uM,90,min,90min,poscon,,,,,,weak_signal_removed_from_antimicrobial_reference_set,MOC_1779,MOC_1779_1,r2,TRUE
GSM8297936,MOC_1779:aztreo:800.00000uM:90min:PA14:MOC_1779_2:r2,MOC_1779:aztreo:800.00000uM:PA14:90min:A,A,MOC_1779_2:PA14:90min,SRR29244772;SRR29244773,SRX24763252,SAMN41607405,PRJNA1055047,2,SINGLE,41,4527946,203749133,91,Illumina NovaSeq 6000,RNA-Seq,cDNA,TRANSCRIPTOMIC,total RNA,Pseudomonas aeruginosa UCBPP-PA14,208963,PA14,PA14,aztreo,Aztreonam,800,uM,800.00000uM,90,min,90min,poscon,,,,,,weak_signal_removed_from_antimicrobial_reference_set,MOC_1779,MOC_1779_2,r2,TRUE
GSM8297931,MOC_1779:aztreo:1600.00000uM:90min:PA14:MOC_1779_2:r3,MOC_1779:aztreo:1600.00000uM:PA14:90min:A,A,MOC_1779_2:PA14:90min,SRR29244782;SRR29244783,SRX24763247,SAMN41607410,PRJNA1055047,2,SINGLE,41,3432770,154889326,69,Illumina NovaSeq 6000,RNA-Seq,cDNA,TRANSCRIPTOMIC,total RNA,Pseudomonas aeruginosa UCBPP-PA14,208963,PA14,PA14,aztreo,Aztreonam,1600,uM,1600.00000uM,90,min,90min,poscon,,,,,,weak_signal_removed_from_antimicrobial_reference_set,MOC_1779,MOC_1779_2,r3,TRUE
GSM8297934,MOC_1779:aztreo:200.00000uM:90min:PA14:MOC_1779_1:r3,MOC_1779:aztreo:200.00000uM:PA14:90min:A,A,MOC_1779_1:PA14:90min,SRR29244776;SRR29244777,SRX24763250,SAMN41607407,PRJNA1055047,2,SINGLE,41,3757626,168511255,76,Illumina NovaSeq 6000,RNA-Seq,cDNA,TRANSCRIPTOMIC,total RNA,Pseudomonas aeruginosa UCBPP-PA14,208963,PA14,PA14,aztreo,Aztreonam,200,uM,200.00000uM,90,min,90min,poscon,,,,,,weak_signal_removed_from_antimicrobial_reference_set,MOC_1779,MOC_1779_1,r3,TRUE
GSM8297937,MOC_1779:aztreo:800.00000uM:90min:PA14:MOC_1779_2:r3,MOC_1779:aztreo:800.00000uM:PA14:90min:A,A,MOC_1779_2:PA14:90min,SRR29244770;SRR29244771,SRX24763253,SAMN41607404,PRJNA1055047,2,SINGLE,41,5777038,260529960,116,Illumina NovaSeq 6000,RNA-Seq,cDNA,TRANSCRIPTOMIC,total RNA,Pseudomonas aeruginosa UCBPP-PA14,208963,PA14,PA14,aztreo,Aztreonam,800,uM,800.00000uM,90,min,90min,poscon,,,,,,weak_signal_removed_from_antimicrobial_reference_set,MOC_1779,MOC_1779_2,r3,TRUE
GSM7985276,MOC_1779:carb:12800.00000uM:90min:PA14:MOC_1779_2:r1,MOC_1779:carb:12800.00000uM:PA14:90min:A,A,MOC_1779_2:PA14:90min,SRR27300322,SRX22977979,SAMN38978185,PRJNA1055047,1,PAIRED,90,2396338,216101538,84,Illumina NovaSeq 6000,RNA-Seq,cDNA,TRANSCRIPTOMIC,total RNA,Pseudomonas aeruginosa UCBPP-PA14,208963,PA14,PA14,carb,Carbenicillin,12800,uM,12800.00000uM,90,min,90min,poscon,PBP,Cell wall synthesis,Cell wall biogenesis,B-lactam,water,antimicrobial_reference_set,MOC_1779,MOC_1779_2,r1,FALSE
GSM7985279,MOC_1779:carb:1600.00000uM:90min:PA14:MOC_1779_1:r1,MOC_1779:carb:1600.00000uM:PA14:90min:A,A,MOC_1779_1:PA14:90min,SRR27300319,SRX22977982,SAMN38978182,PRJNA1055047,1,PAIRED,90,2174735,195837715,76,Illumina NovaSeq 6000,RNA-Seq,cDNA,TRANSCRIPTOMIC,total RNA,Pseudomonas aeruginosa UCBPP-PA14,208963,PA14,PA14,carb,Carbenicillin,1600,uM,1600.00000uM,90,min,90min,poscon,PBP,Cell wall synthesis,Cell wall biogenesis,B-lactam,water,antimicrobial_reference_set,MOC_1779,MOC_1779_1,r1,FALSE
GSM7985282,MOC_1779:carb:6400.00000uM:90min:PA14:MOC_1779_2:r1,MOC_1779:carb:6400.00000uM:PA14:90min:A,A,MOC_1779_2:PA14:90min,SRR27300316,SRX22977985,SAMN38978179,PRJNA1055047,1,PAIRED,90,2597690,233919088,91,Illumina NovaSeq 6000,RNA-Seq,cDNA,TRANSCRIPTOMIC,total RNA,Pseudomonas aeruginosa UCBPP-PA14,208963,PA14,PA14,carb,Carbenicillin,6400,uM,6400.00000uM,90,min,90min,poscon,PBP,Cell wall synthesis,Cell wall biogenesis,B-lactam,water,antimicrobial_reference_set,MOC_1779,MOC_1779_2,r1,FALSE
GSM7985277,MOC_1779:carb:12800.00000uM:90min:PA14:MOC_1779_2:r2,MOC_1779:carb:12800.00000uM:PA14:90min:A,A,MOC_1779_2:PA14:90min,SRR27300321,SRX22977980,SAMN38978184,PRJNA1055047,1,PAIRED,90,2137978,192715786,76,Illumina NovaSeq 6000,RNA-Seq,cDNA,TRANSCRIPTOMIC,total RNA,Pseudomonas aeruginosa UCBPP-PA14,208963,PA14,PA14,carb,Carbenicillin,12800,uM,12800.00000uM,90,min,90min,poscon,PBP,Cell wall synthesis,Cell wall biogenesis,B-lactam,water,antimicrobial_reference_set,MOC_1779,MOC_1779_2,r2,FALSE
GSM7985280,MOC_1779:carb:1600.00000uM:90min:PA14:MOC_1779_1:r2,MOC_1779:carb:1600.00000uM:PA14:90min:A,A,MOC_1779_1:PA14:90min,SRR27300318,SRX22977983,SAMN38978181,PRJNA1055047,1,PAIRED,90,2058400,185348995,72,Illumina NovaSeq 6000,RNA-Seq,cDNA,TRANSCRIPTOMIC,total RNA,Pseudomonas aeruginosa UCBPP-PA14,208963,PA14,PA14,carb,Carbenicillin,1600,uM,1600.00000uM,90,min,90min,poscon,PBP,Cell wall synthesis,Cell wall biogenesis,B-lactam,water,antimicrobial_reference_set,MOC_1779,MOC_1779_1,r2,FALSE
GSM7985283,MOC_1779:carb:6400.00000uM:90min:PA14:MOC_1779_2:r2,MOC_1779:carb:6400.00000uM:PA14:90min:A,A,MOC_1779_2:PA14:90min,SRR27300315,SRX22977986,SAMN38978178,PRJNA1055047,1,PAIRED,90,2753732,248551635,96,Illumina NovaSeq 6000,RNA-Seq,cDNA,TRANSCRIPTOMIC,total RNA,Pseudomonas aeruginosa UCBPP-PA14,208963,PA14,PA14,carb,Carbenicillin,6400,uM,6400.00000uM,90,min,90min,poscon,PBP,Cell wall synthesis,Cell wall biogenesis,B-lactam,water,antimicrobial_reference_set,MOC_1779,MOC_1779_2,r2,FALSE
GSM7985278,MOC_1779:carb:12800.00000uM:90min:PA14:MOC_1779_2:r3,MOC_1779:carb:12800.00000uM:PA14:90min:A,A,MOC_1779_2:PA14:90min,SRR27300320,SRX22977981,SAMN38978183,PRJNA1055047,1,PAIRED,90,624064,56242726,22,Illumina NovaSeq 6000,RNA-Seq,cDNA,TRANSCRIPTOMIC,total RNA,Pseudomonas aeruginosa UCBPP-PA14,208963,PA14,PA14,carb,Carbenicillin,12800,uM,12800.00000uM,90,min,90min,poscon,PBP,Cell wall synthesis,Cell wall biogenesis,B-lactam,water,antimicrobial_reference_set,MOC_1779,MOC_1779_2,r3,FALSE
GSM7985281,MOC_1779:carb:1600.00000uM:90min:PA14:MOC_1779_1:r3,MOC_1779:carb:1600.00000uM:PA14:90min:A,A,MOC_1779_1:PA14:90min,SRR27300317,SRX22977984,SAMN38978180,PRJNA1055047,1,PAIRED,90,1965672,177124825,68,Illumina NovaSeq 6000,RNA-Seq,cDNA,TRANSCRIPTOMIC,total RNA,Pseudomonas aeruginosa UCBPP-PA14,208963,PA14,PA14,carb,Carbenicillin,1600,uM,1600.00000uM,90,min,90min,poscon,PBP,Cell wall synthesis,Cell wall biogenesis,B-lactam,water,antimicrobial_reference_set,MOC_1779,MOC_1779_1,r3,FALSE
GSM7985284,MOC_1779:carb:6400.00000uM:90min:PA14:MOC_1779_2:r3,MOC_1779:carb:6400.00000uM:PA14:90min:A,A,MOC_1779_2:PA14:90min,SRR27300314,SRX22977987,SAMN38978177,PRJNA1055047,1,PAIRED,90,1692114,152695995,59,Illumina NovaSeq 6000,RNA-Seq,cDNA,TRANSCRIPTOMIC,total RNA,Pseudomonas aeruginosa UCBPP-PA14,208963,PA14,PA14,carb,Carbenicillin,6400,uM,6400.00000uM,90,min,90min,poscon,PBP,Cell wall synthesis,Cell wall biogenesis,B-lactam,water,antimicrobial_reference_set,MOC_1779,MOC_1779_2,r3,FALSE
GSM7985285,MOC_1779:ceftaz:1600.00000uM:90min:PA14:MOC_1779_2:r1,MOC_1779:ceftaz:1600.00000uM:PA14:90min:A,A,MOC_1779_2:PA14:90min,SRR27300313,SRX22977988,SAMN38978176,PRJNA1055047,1,PAIRED,90,4803583,433527322,169,Illumina NovaSeq 6000,RNA-Seq,cDNA,TRANSCRIPTOMIC,total RNA,Pseudomonas aeruginosa UCBPP-PA14,208963,PA14,PA14,ceftaz,Ceftazidime,1600,uM,1600.00000uM,90,min,90min,poscon,PBP,Cell wall synthesis,Cell wall biogenesis,B-lactam,water,antimicrobial_reference_set,MOC_1779,MOC_1779_2,r1,FALSE
GSM7985288,MOC_1779:ceftaz:800.00000uM:90min:PA14:MOC_1779_2:r1,MOC_1779:ceftaz:800.00000uM:PA14:90min:A,A,MOC_1779_2:PA14:90min,SRR27299799,SRX22977424,SAMN38978173,PRJNA1055047,1,PAIRED,90,4475637,403301260,157,Illumina NovaSeq 6000,RNA-Seq,cDNA,TRANSCRIPTOMIC,total RNA,Pseudomonas aeruginosa UCBPP-PA14,208963,PA14,PA14,ceftaz,Ceftazidime,800,uM,800.00000uM,90,min,90min,poscon,PBP,Cell wall synthesis,Cell wall biogenesis,B-lactam,water,antimicrobial_reference_set,MOC_1779,MOC_1779_2,r1,FALSE
GSM8297938,MOC_1779:ceftaz:200.00000uM:90min:PA14:MOC_1779_1:r1,MOC_1779:ceftaz:200.00000uM:PA14:90min:A,A,MOC_1779_1:PA14:90min,SRR29244768;SRR29244769,SRX24763254,SAMN41607403,PRJNA1055047,2,SINGLE,41,6156640,277423273,124,Illumina NovaSeq 6000,RNA-Seq,cDNA,TRANSCRIPTOMIC,total RNA,Pseudomonas aeruginosa UCBPP-PA14,208963,PA14,PA14,ceftaz,Ceftazidime,200,uM,200.00000uM,90,min,90min,poscon,PBP,Cell wall synthesis,Cell wall biogenesis,B-lactam,water,weak_signal_removed_from_antimicrobial_reference_set,MOC_1779,MOC_1779_1,r1,TRUE
GSM7985286,MOC_1779:ceftaz:1600.00000uM:90min:PA14:MOC_1779_2:r2,MOC_1779:ceftaz:1600.00000uM:PA14:90min:A,A,MOC_1779_2:PA14:90min,SRR27300312,SRX22977989,SAMN38978175,PRJNA1055047,1,PAIRED,90,1208036,108763622,42,Illumina NovaSeq 6000,RNA-Seq,cDNA,TRANSCRIPTOMIC,total RNA,Pseudomonas aeruginosa UCBPP-PA14,208963,PA14,PA14,ceftaz,Ceftazidime,1600,uM,1600.00000uM,90,min,90min,poscon,PBP,Cell wall synthesis,Cell wall biogenesis,B-lactam,water,antimicrobial_reference_set,MOC_1779,MOC_1779_2,r2,FALSE
GSM7985289,MOC_1779:ceftaz:800.00000uM:90min:PA14:MOC_1779_2:r2,MOC_1779:ceftaz:800.00000uM:PA14:90min:A,A,MOC_1779_2:PA14:90min,SRR27299798,SRX22977425,SAMN38978172,PRJNA1055047,1,PAIRED,90,2961681,267275685,103,Illumina NovaSeq 6000,RNA-Seq,cDNA,TRANSCRIPTOMIC,total RNA,Pseudomonas aeruginosa UCBPP-PA14,208963,PA14,PA14,ceftaz,Ceftazidime,800,uM,800.00000uM,90,min,90min,poscon,PBP,Cell wall synthesis,Cell wall biogenesis,B-lactam,water,antimicrobial_reference_set,MOC_1779,MOC_1779_2,r2,FALSE
GSM8297939,MOC_1779:ceftaz:200.00000uM:90min:PA14:MOC_1779_1:r2,MOC_1779:ceftaz:200.00000uM:PA14:90min:A,A,MOC_1779_1:PA14:90min,SRR29244766;SRR29244767,SRX24763255,SAMN41607402,PRJNA1055047,2,SINGLE,41,3791272,170665534,76,Illumina NovaSeq 6000,RNA-Seq,cDNA,TRANSCRIPTOMIC,total RNA,Pseudomonas aeruginosa UCBPP-PA14,208963,PA14,PA14,ceftaz,Ceftazidime,200,uM,200.00000uM,90,min,90min,poscon,PBP,Cell wall synthesis,Cell wall biogenesis,B-lactam,water,weak_signal_removed_from_antimicrobial_reference_set,MOC_1779,MOC_1779_1,r2,TRUE
GSM7985287,MOC_1779:ceftaz:1600.00000uM:90min:PA14:MOC_1779_2:r3,MOC_1779:ceftaz:1600.00000uM:PA14:90min:A,A,MOC_1779_2:PA14:90min,SRR27300311,SRX22977990,SAMN38978174,PRJNA1055047,1,PAIRED,90,2334479,210385258,82,Illumina NovaSeq 6000,RNA-Seq,cDNA,TRANSCRIPTOMIC,total RNA,Pseudomonas aeruginosa UCBPP-PA14,208963,PA14,PA14,ceftaz,Ceftazidime,1600,uM,1600.00000uM,90,min,90min,poscon,PBP,Cell wall synthesis,Cell wall biogenesis,B-lactam,water,antimicrobial_reference_set,MOC_1779,MOC_1779_2,r3,FALSE
GSM7985290,MOC_1779:ceftaz:800.00000uM:90min:PA14:MOC_1779_2:r3,MOC_1779:ceftaz:800.00000uM:PA14:90min:A,A,MOC_1779_2:PA14:90min,SRR27299797,SRX22977426,SAMN38978171,PRJNA1055047,1,PAIRED,90,3542314,319628038,123,Illumina NovaSeq 6000,RNA-Seq,cDNA,TRANSCRIPTOMIC,total RNA,Pseudomonas aeruginosa UCBPP-PA14,208963,PA14,PA14,ceftaz,Ceftazidime,800,uM,800.00000uM,90,min,90min,poscon,PBP,Cell wall synthesis,Cell wall biogenesis,B-lactam,water,antimicrobial_reference_set,MOC_1779,MOC_1779_2,r3,FALSE
GSM8297940,MOC_1779:ceftaz:200.00000uM:90min:PA14:MOC_1779_1:r3,MOC_1779:ceftaz:200.00000uM:PA14:90min:A,A,MOC_1779_1:PA14:90min,SRR29244764;SRR29244765,SRX24763256,SAMN41607401,PRJNA1055047,2,SINGLE,41,4710710,212196029,94,Illumina NovaSeq 6000,RNA-Seq,cDNA,TRANSCRIPTOMIC,total RNA,Pseudomonas aeruginosa UCBPP-PA14,208963,PA14,PA14,ceftaz,Ceftazidime,200,uM,200.00000uM,90,min,90min,poscon,PBP,Cell wall synthesis,Cell wall biogenesis,B-lactam,water,weak_signal_removed_from_antimicrobial_reference_set,MOC_1779,MOC_1779_1,r3,TRUE
GSM7985291,MOC_1779:cip:0.19500uM:90min:PA14:MOC_1779_1:r1,MOC_1779:cip:0.19500uM:PA14:90min:A,A,MOC_1779_1:PA14:90min,SRR27299796,SRX22977427,SAMN38978170,PRJNA1055047,1,PAIRED,90,2469289,222302880,86,Illumina NovaSeq 6000,RNA-Seq,cDNA,TRANSCRIPTOMIC,total RNA,Pseudomonas aeruginosa UCBPP-PA14,208963,PA14,PA14,cip,Ciprofloxacin,0.195,uM,0.19500uM,90,min,90min,poscon,GyrA/ParC,DNA synthesis,DNA synthesis,Quinolone,water,antimicrobial_reference_set,MOC_1779,MOC_1779_1,r1,FALSE
GSM7985294,MOC_1779:cip:0.78000uM:90min:PA14:MOC_1779_2:r1,MOC_1779:cip:0.78000uM:PA14:90min:A,A,MOC_1779_2:PA14:90min,SRR27299793,SRX22977430,SAMN38978167,PRJNA1055047,1,PAIRED,90,3271195,294494141,114,Illumina NovaSeq 6000,RNA-Seq,cDNA,TRANSCRIPTOMIC,total RNA,Pseudomonas aeruginosa UCBPP-PA14,208963,PA14,PA14,cip,Ciprofloxacin,0.78,uM,0.78000uM,90,min,90min,poscon,GyrA/ParC,DNA synthesis,DNA synthesis,Quinolone,water,antimicrobial_reference_set,MOC_1779,MOC_1779_2,r1,FALSE
GSM7985297,MOC_1779:cip:1.56000uM:90min:PA14:MOC_1779_2:r1,MOC_1779:cip:1.56000uM:PA14:90min:A,A,MOC_1779_2:PA14:90min,SRR27299790,SRX22977433,SAMN38978164,PRJNA1055047,1,PAIRED,90,4821174,434745394,169,Illumina NovaSeq 6000,RNA-Seq,cDNA,TRANSCRIPTOMIC,total RNA,Pseudomonas aeruginosa UCBPP-PA14,208963,PA14,PA14,cip,Ciprofloxacin,1.56,uM,1.56000uM,90,min,90min,poscon,GyrA/ParC,DNA synthesis,DNA synthesis,Quinolone,water,antimicrobial_reference_set,MOC_1779,MOC_1779_2,r1,FALSE
GSM7985292,MOC_1779:cip:0.19500uM:90min:PA14:MOC_1779_1:r2,MOC_1779:cip:0.19500uM:PA14:90min:A,A,MOC_1779_1:PA14:90min,SRR27299795,SRX22977428,SAMN38978169,PRJNA1055047,1,PAIRED,90,2345871,211168919,82,Illumina NovaSeq 6000,RNA-Seq,cDNA,TRANSCRIPTOMIC,total RNA,Pseudomonas aeruginosa UCBPP-PA14,208963,PA14,PA14,cip,Ciprofloxacin,0.195,uM,0.19500uM,90,min,90min,poscon,GyrA/ParC,DNA synthesis,DNA synthesis,Quinolone,water,antimicrobial_reference_set,MOC_1779,MOC_1779_1,r2,FALSE
GSM7985295,MOC_1779:cip:0.78000uM:90min:PA14:MOC_1779_2:r2,MOC_1779:cip:0.78000uM:PA14:90min:A,A,MOC_1779_2:PA14:90min,SRR27299792,SRX22977431,SAMN38978166,PRJNA1055047,1,PAIRED,90,3945990,355313137,139,Illumina NovaSeq 6000,RNA-Seq,cDNA,TRANSCRIPTOMIC,total RNA,Pseudomonas aeruginosa UCBPP-PA14,208963,PA14,PA14,cip,Ciprofloxacin,0.78,uM,0.78000uM,90,min,90min,poscon,GyrA/ParC,DNA synthesis,DNA synthesis,Quinolone,water,antimicrobial_reference_set,MOC_1779,MOC_1779_2,r2,FALSE
GSM7985298,MOC_1779:cip:1.56000uM:90min:PA14:MOC_1779_2:r2,MOC_1779:cip:1.56000uM:PA14:90min:A,A,MOC_1779_2:PA14:90min,SRR27299789,SRX22977434,SAMN38978163,PRJNA1055047,1,PAIRED,90,2798265,252303858,99,Illumina NovaSeq 6000,RNA-Seq,cDNA,TRANSCRIPTOMIC,total RNA,Pseudomonas aeruginosa UCBPP-PA14,208963,PA14,PA14,cip,Ciprofloxacin,1.56,uM,1.56000uM,90,min,90min,poscon,GyrA/ParC,DNA synthesis,DNA synthesis,Quinolone,water,antimicrobial_reference_set,MOC_1779,MOC_1779_2,r2,FALSE
GSM7985293,MOC_1779:cip:0.19500uM:90min:PA14:MOC_1779_1:r3,MOC_1779:cip:0.19500uM:PA14:90min:A,A,MOC_1779_1:PA14:90min,SRR27299794,SRX22977429,SAMN38978168,PRJNA1055047,1,PAIRED,90,1744796,157424455,62,Illumina NovaSeq 6000,RNA-Seq,cDNA,TRANSCRIPTOMIC,total RNA,Pseudomonas aeruginosa UCBPP-PA14,208963,PA14,PA14,cip,Ciprofloxacin,0.195,uM,0.19500uM,90,min,90min,poscon,GyrA/ParC,DNA synthesis,DNA synthesis,Quinolone,water,antimicrobial_reference_set,MOC_1779,MOC_1779_1,r3,FALSE
GSM7985296,MOC_1779:cip:0.78000uM:90min:PA14:MOC_1779_2:r3,MOC_1779:cip:0.78000uM:PA14:90min:A,A,MOC_1779_2:PA14:90min,SRR27299791,SRX22977432,SAMN38978165,PRJNA1055047,1,PAIRED,90,3297839,297710505,117,Illumina NovaSeq 6000,RNA-Seq,cDNA,TRANSCRIPTOMIC,total RNA,Pseudomonas aeruginosa UCBPP-PA14,208963,PA14,PA14,cip,Ciprofloxacin,0.78,uM,0.78000uM,90,min,90min,poscon,GyrA/ParC,DNA synthesis,DNA synthesis,Quinolone,water,antimicrobial_reference_set,MOC_1779,MOC_1779_2,r3,FALSE
GSM7985299,MOC_1779:cip:1.56000uM:90min:PA14:MOC_1779_2:r3,MOC_1779:cip:1.56000uM:PA14:90min:A,A,MOC_1779_2:PA14:90min,SRR27299788,SRX22977435,SAMN38978162,PRJNA1055047,1,PAIRED,90,1959530,176820287,71,Illumina NovaSeq 6000,RNA-Seq,cDNA,TRANSCRIPTOMIC,total RNA,Pseudomonas aeruginosa UCBPP-PA14,208963,PA14,PA14,cip,Ciprofloxacin,1.56,uM,1.56000uM,90,min,90min,poscon,GyrA/ParC,DNA synthesis,DNA synthesis,Quinolone,water,antimicrobial_reference_set,MOC_1779,MOC_1779_2,r3,FALSE
GSM7985300,MOC_1779:cisp:200.00000uM:90min:PA14:MOC_1779_2:r1,MOC_1779:cisp:200.00000uM:PA14:90min:A,A,MOC_1779_2:PA14:90min,SRR27299787,SRX22977436,SAMN38978161,PRJNA1055047,1,PAIRED,89,1084161,97493229,38,Illumina NovaSeq 6000,RNA-Seq,cDNA,TRANSCRIPTOMIC,total RNA,Pseudomonas aeruginosa UCBPP-PA14,208963,PA14,PA14,cisp,Cisplatin,200,uM,200.00000uM,90,min,90min,poscon,DNA,DNA synthesis,DNA synthesis,DNA alkalyating agent,dmso,antimicrobial_reference_set,MOC_1779,MOC_1779_2,r1,FALSE
GSM7985303,MOC_1779:cisp:400.00000uM:90min:PA14:MOC_1779_2:r1,MOC_1779:cisp:400.00000uM:PA14:90min:A,A,MOC_1779_2:PA14:90min,SRR27299784,SRX22977439,SAMN38978158,PRJNA1055047,1,PAIRED,90,582513,52460682,20,Illumina NovaSeq 6000,RNA-Seq,cDNA,TRANSCRIPTOMIC,total RNA,Pseudomonas aeruginosa UCBPP-PA14,208963,PA14,PA14,cisp,Cisplatin,400,uM,400.00000uM,90,min,90min,poscon,DNA,DNA synthesis,DNA synthesis,DNA alkalyating agent,dmso,antimicrobial_reference_set,MOC_1779,MOC_1779_2,r1,FALSE
GSM7985306,MOC_1779:cisp:50.00000uM:90min:PA14:MOC_1779_1:r1,MOC_1779:cisp:50.00000uM:PA14:90min:A,A,MOC_1779_1:PA14:90min,SRR27300152,SRX22977787,SAMN38978155,PRJNA1055047,1,PAIRED,90,2148029,194161467,75,Illumina NovaSeq 6000,RNA-Seq,cDNA,TRANSCRIPTOMIC,total RNA,Pseudomonas aeruginosa UCBPP-PA14,208963,PA14,PA14,cisp,Cisplatin,50,uM,50.00000uM,90,min,90min,poscon,DNA,DNA synthesis,DNA synthesis,DNA alkalyating agent,dmso,antimicrobial_reference_set,MOC_1779,MOC_1779_1,r1,FALSE
GSM7985301,MOC_1779:cisp:200.00000uM:90min:PA14:MOC_1779_2:r2,MOC_1779:cisp:200.00000uM:PA14:90min:A,A,MOC_1779_2:PA14:90min,SRR27299786,SRX22977437,SAMN38978160,PRJNA1055047,1,PAIRED,89,943222,84812871,33,Illumina NovaSeq 6000,RNA-Seq,cDNA,TRANSCRIPTOMIC,total RNA,Pseudomonas aeruginosa UCBPP-PA14,208963,PA14,PA14,cisp,Cisplatin,200,uM,200.00000uM,90,min,90min,poscon,DNA,DNA synthesis,DNA synthesis,DNA alkalyating agent,dmso,antimicrobial_reference_set,MOC_1779,MOC_1779_2,r2,FALSE
GSM7985304,MOC_1779:cisp:400.00000uM:90min:PA14:MOC_1779_2:r2,MOC_1779:cisp:400.00000uM:PA14:90min:A,A,MOC_1779_2:PA14:90min,SRR27300154,SRX22977785,SAMN38978157,PRJNA1055047,1,PAIRED,90,555072,49982771,19,Illumina NovaSeq 6000,RNA-Seq,cDNA,TRANSCRIPTOMIC,total RNA,Pseudomonas aeruginosa UCBPP-PA14,208963,PA14,PA14,cisp,Cisplatin,400,uM,400.00000uM,90,min,90min,poscon,DNA,DNA synthesis,DNA synthesis,DNA alkalyating agent,dmso,antimicrobial_reference_set,MOC_1779,MOC_1779_2,r2,FALSE
GSM7985307,MOC_1779:cisp:50.00000uM:90min:PA14:MOC_1779_1:r2,MOC_1779:cisp:50.00000uM:PA14:90min:A,A,MOC_1779_1:PA14:90min,SRR27300151,SRX22977788,SAMN38978154,PRJNA1055047,1,PAIRED,90,987888,89259932,34,Illumina NovaSeq 6000,RNA-Seq,cDNA,TRANSCRIPTOMIC,total RNA,Pseudomonas aeruginosa UCBPP-PA14,208963,PA14,PA14,cisp,Cisplatin,50,uM,50.00000uM,90,min,90min,poscon,DNA,DNA synthesis,DNA synthesis,DNA alkalyating agent,dmso,antimicrobial_reference_set,MOC_1779,MOC_1779_1,r2,FALSE
GSM7985302,MOC_1779:cisp:200.00000uM:90min:PA14:MOC_1779_2:r3,MOC_1779:cisp:200.00000uM:PA14:90min:A,A,MOC_1779_2:PA14:90min,SRR27299785,SRX22977438,SAMN38978159,PRJNA1055047,1,PAIRED,90,2232501,201226098,78,Illumina NovaSeq 6000,RNA-Seq,cDNA,TRANSCRIPTOMIC,total RNA,Pseudomonas aeruginosa UCBPP-PA14,208963,PA14,PA14,cisp,Cisplatin,200,uM,200.00000uM,90,min,90min,poscon,DNA,DNA synthesis,DNA synthesis,DNA alkalyating agent,dmso,antimicrobial_reference_set,MOC_1779,MOC_1779_2,r3,FALSE
GSM7985305,MOC_1779:cisp:400.00000uM:90min:PA14:MOC_1779_2:r3,MOC_1779:cisp:400.00000uM:PA14:90min:A,A,MOC_1779_2:PA14:90min,SRR27300153,SRX22977786,SAMN38978156,PRJNA1055047,1,PAIRED,90,1080705,97443956,38,Illumina NovaSeq 6000,RNA-Seq,cDNA,TRANSCRIPTOMIC,total RNA,Pseudomonas aeruginosa UCBPP-PA14,208963,PA14,PA14,cisp,Cisplatin,400,uM,400.00000uM,90,min,90min,poscon,DNA,DNA synthesis,DNA synthesis,DNA alkalyating agent,dmso,antimicrobial_reference_set,MOC_1779,MOC_1779_2,r3,FALSE
GSM7985308,MOC_1779:cisp:50.00000uM:90min:PA14:MOC_1779_1:r3,MOC_1779:cisp:50.00000uM:PA14:90min:A,A,MOC_1779_1:PA14:90min,SRR27300150,SRX22977789,SAMN38978153,PRJNA1055047,1,PAIRED,89,2232194,200201744,79,Illumina NovaSeq 6000,RNA-Seq,cDNA,TRANSCRIPTOMIC,total RNA,Pseudomonas aeruginosa UCBPP-PA14,208963,PA14,PA14,cisp,Cisplatin,50,uM,50.00000uM,90,min,90min,poscon,DNA,DNA synthesis,DNA synthesis,DNA alkalyating agent,dmso,antimicrobial_reference_set,MOC_1779,MOC_1779_1,r3,FALSE
GSM7985309,MOC_1779:clari:200.00000uM:90min:PA14:MOC_1779_2:r1,MOC_1779:clari:200.00000uM:PA14:90min:A,A,MOC_1779_2:PA14:90min,SRR27300149,SRX22977790,SAMN38978152,PRJNA1055047,1,PAIRED,90,6497403,585705162,228,Illumina NovaSeq 6000,RNA-Seq,cDNA,TRANSCRIPTOMIC,total RNA,Pseudomonas aeruginosa UCBPP-PA14,208963,PA14,PA14,clari,Clarithromycin,200,uM,200.00000uM,90,min,90min,poscon,50s ribosomal subunit,Protein synthesis,Protein synthesis,Macrolide,dmso,antimicrobial_reference_set,MOC_1779,MOC_1779_2,r1,FALSE
GSM7985312,MOC_1779:clari:400.00000uM:90min:PA14:MOC_1779_2:r1,MOC_1779:clari:400.00000uM:PA14:90min:A,A,MOC_1779_2:PA14:90min,SRR27300146,SRX22977793,SAMN38978149,PRJNA1055047,1,PAIRED,90,6591932,594750515,232,Illumina NovaSeq 6000,RNA-Seq,cDNA,TRANSCRIPTOMIC,total RNA,Pseudomonas aeruginosa UCBPP-PA14,208963,PA14,PA14,clari,Clarithromycin,400,uM,400.00000uM,90,min,90min,poscon,50s ribosomal subunit,Protein synthesis,Protein synthesis,Macrolide,dmso,antimicrobial_reference_set,MOC_1779,MOC_1779_2,r1,FALSE
GSM7985315,MOC_1779:clari:50.00000uM:90min:PA14:MOC_1779_1:r1,MOC_1779:clari:50.00000uM:PA14:90min:A,A,MOC_1779_1:PA14:90min,SRR27300143,SRX22977796,SAMN38978146,PRJNA1055047,1,PAIRED,90,3820081,344316798,135,Illumina NovaSeq 6000,RNA-Seq,cDNA,TRANSCRIPTOMIC,total RNA,Pseudomonas aeruginosa UCBPP-PA14,208963,PA14,PA14,clari,Clarithromycin,50,uM,50.00000uM,90,min,90min,poscon,50s ribosomal subunit,Protein synthesis,Protein synthesis,Macrolide,dmso,antimicrobial_reference_set,MOC_1779,MOC_1779_1,r1,FALSE
GSM7985310,MOC_1779:clari:200.00000uM:90min:PA14:MOC_1779_2:r2,MOC_1779:clari:200.00000uM:PA14:90min:A,A,MOC_1779_2:PA14:90min,SRR27300148,SRX22977791,SAMN38978151,PRJNA1055047,1,PAIRED,90,4918464,444196076,171,Illumina NovaSeq 6000,RNA-Seq,cDNA,TRANSCRIPTOMIC,total RNA,Pseudomonas aeruginosa UCBPP-PA14,208963,PA14,PA14,clari,Clarithromycin,200,uM,200.00000uM,90,min,90min,poscon,50s ribosomal subunit,Protein synthesis,Protein synthesis,Macrolide,dmso,antimicrobial_reference_set,MOC_1779,MOC_1779_2,r2,FALSE
GSM7985313,MOC_1779:clari:400.00000uM:90min:PA14:MOC_1779_2:r2,MOC_1779:clari:400.00000uM:PA14:90min:A,A,MOC_1779_2:PA14:90min,SRR27300145,SRX22977794,SAMN38978148,PRJNA1055047,1,PAIRED,90,5306207,478684719,188,Illumina NovaSeq 6000,RNA-Seq,cDNA,TRANSCRIPTOMIC,total RNA,Pseudomonas aeruginosa UCBPP-PA14,208963,PA14,PA14,clari,Clarithromycin,400,uM,400.00000uM,90,min,90min,poscon,50s ribosomal subunit,Protein synthesis,Protein synthesis,Macrolide,dmso,antimicrobial_reference_set,MOC_1779,MOC_1779_2,r2,FALSE
GSM7985316,MOC_1779:clari:50.00000uM:90min:PA14:MOC_1779_1:r2,MOC_1779:clari:50.00000uM:PA14:90min:A,A,MOC_1779_1:PA14:90min,SRR27300142,SRX22977797,SAMN38978145,PRJNA1055047,1,PAIRED,90,4066497,366530427,142,Illumina NovaSeq 6000,RNA-Seq,cDNA,TRANSCRIPTOMIC,total RNA,Pseudomonas aeruginosa UCBPP-PA14,208963,PA14,PA14,clari,Clarithromycin,50,uM,50.00000uM,90,min,90min,poscon,50s ribosomal subunit,Protein synthesis,Protein synthesis,Macrolide,dmso,antimicrobial_reference_set,MOC_1779,MOC_1779_1,r2,FALSE
GSM7985311,MOC_1779:clari:200.00000uM:90min:PA14:MOC_1779_2:r3,MOC_1779:clari:200.00000uM:PA14:90min:A,A,MOC_1779_2:PA14:90min,SRR27300147,SRX22977792,SAMN38978150,PRJNA1055047,1,PAIRED,90,5028067,453908375,175,Illumina NovaSeq 6000,RNA-Seq,cDNA,TRANSCRIPTOMIC,total RNA,Pseudomonas aeruginosa UCBPP-PA14,208963,PA14,PA14,clari,Clarithromycin,200,uM,200.00000uM,90,min,90min,poscon,50s ribosomal subunit,Protein synthesis,Protein synthesis,Macrolide,dmso,antimicrobial_reference_set,MOC_1779,MOC_1779_2,r3,FALSE
GSM7985314,MOC_1779:clari:400.00000uM:90min:PA14:MOC_1779_2:r3,MOC_1779:clari:400.00000uM:PA14:90min:A,A,MOC_1779_2:PA14:90min,SRR27300144,SRX22977795,SAMN38978147,PRJNA1055047,1,PAIRED,90,7585698,683809919,269,Illumina NovaSeq 6000,RNA-Seq,cDNA,TRANSCRIPTOMIC,total RNA,Pseudomonas aeruginosa UCBPP-PA14,208963,PA14,PA14,clari,Clarithromycin,400,uM,400.00000uM,90,min,90min,poscon,50s ribosomal subunit,Protein synthesis,Protein synthesis,Macrolide,dmso,antimicrobial_reference_set,MOC_1779,MOC_1779_2,r3,FALSE
GSM7985317,MOC_1779:clari:50.00000uM:90min:PA14:MOC_1779_1:r3,MOC_1779:clari:50.00000uM:PA14:90min:A,A,MOC_1779_1:PA14:90min,SRR27300141,SRX22977798,SAMN38978144,PRJNA1055047,1,PAIRED,90,2012747,181168816,70,Illumina NovaSeq 6000,RNA-Seq,cDNA,TRANSCRIPTOMIC,total RNA,Pseudomonas aeruginosa UCBPP-PA14,208963,PA14,PA14,clari,Clarithromycin,50,uM,50.00000uM,90,min,90min,poscon,50s ribosomal subunit,Protein synthesis,Protein synthesis,Macrolide,dmso,antimicrobial_reference_set,MOC_1779,MOC_1779_1,r3,FALSE
GSM7985318,MOC_1779:col:12.50000uM:90min:PA14:MOC_1779_2:r1,MOC_1779:col:12.50000uM:PA14:90min:A,A,MOC_1779_2:PA14:90min,SRR27300140,SRX22977799,SAMN38978143,PRJNA1055047,1,PAIRED,90,4105273,370618216,143,Illumina NovaSeq 6000,RNA-Seq,cDNA,TRANSCRIPTOMIC,total RNA,Pseudomonas aeruginosa UCBPP-PA14,208963,PA14,PA14,col,Colistin,12.5,uM,12.50000uM,90,min,90min,poscon,LPS,Membrane Integrity,Inner membrane toxicity,AMP,water,antimicrobial_reference_set,MOC_1779,MOC_1779_2,r1,FALSE
GSM7985321,MOC_1779:col:25.00000uM:90min:PA14:MOC_1779_2:r1,MOC_1779:col:25.00000uM:PA14:90min:A,A,MOC_1779_2:PA14:90min,SRR27300309,SRX22977992,SAMN38978140,PRJNA1055047,1,PAIRED,90,2074241,186916490,73,Illumina NovaSeq 6000,RNA-Seq,cDNA,TRANSCRIPTOMIC,total RNA,Pseudomonas aeruginosa UCBPP-PA14,208963,PA14,PA14,col,Colistin,25,uM,25.00000uM,90,min,90min,poscon,LPS,Membrane Integrity,Inner membrane toxicity,AMP,water,antimicrobial_reference_set,MOC_1779,MOC_1779_2,r1,FALSE
GSM7985324,MOC_1779:col:3.12500uM:90min:PA14:MOC_1779_1:r1,MOC_1779:col:3.12500uM:PA14:90min:A,A,MOC_1779_1:PA14:90min,SRR27300306,SRX22977995,SAMN38978137,PRJNA1055047,1,PAIRED,90,3065158,276062475,107,Illumina NovaSeq 6000,RNA-Seq,cDNA,TRANSCRIPTOMIC,total RNA,Pseudomonas aeruginosa UCBPP-PA14,208963,PA14,PA14,col,Colistin,3.125,uM,3.12500uM,90,min,90min,poscon,LPS,Membrane Integrity,Inner membrane toxicity,AMP,water,antimicrobial_reference_set,MOC_1779,MOC_1779_1,r1,FALSE
GSM7985319,MOC_1779:col:12.50000uM:90min:PA14:MOC_1779_2:r2,MOC_1779:col:12.50000uM:PA14:90min:A,A,MOC_1779_2:PA14:90min,SRR27300139,SRX22977800,SAMN38978142,PRJNA1055047,1,PAIRED,90,2610738,235511091,90,Illumina NovaSeq 6000,RNA-Seq,cDNA,TRANSCRIPTOMIC,total RNA,Pseudomonas aeruginosa UCBPP-PA14,208963,PA14,PA14,col,Colistin,12.5,uM,12.50000uM,90,min,90min,poscon,LPS,Membrane Integrity,Inner membrane toxicity,AMP,water,antimicrobial_reference_set,MOC_1779,MOC_1779_2,r2,FALSE
GSM7985322,MOC_1779:col:25.00000uM:90min:PA14:MOC_1779_2:r2,MOC_1779:col:25.00000uM:PA14:90min:A,A,MOC_1779_2:PA14:90min,SRR27300308,SRX22977993,SAMN38978139,PRJNA1055047,1,PAIRED,90,2540102,228715594,89,Illumina NovaSeq 6000,RNA-Seq,cDNA,TRANSCRIPTOMIC,total RNA,Pseudomonas aeruginosa UCBPP-PA14,208963,PA14,PA14,col,Colistin,25,uM,25.00000uM,90,min,90min,poscon,LPS,Membrane Integrity,Inner membrane toxicity,AMP,water,antimicrobial_reference_set,MOC_1779,MOC_1779_2,r2,FALSE
GSM7985325,MOC_1779:col:3.12500uM:90min:PA14:MOC_1779_1:r2,MOC_1779:col:3.12500uM:PA14:90min:A,A,MOC_1779_1:PA14:90min,SRR27300305,SRX22977996,SAMN38978136,PRJNA1055047,1,PAIRED,90,2344168,211057592,81,Illumina NovaSeq 6000,RNA-Seq,cDNA,TRANSCRIPTOMIC,total RNA,Pseudomonas aeruginosa UCBPP-PA14,208963,PA14,PA14,col,Colistin,3.125,uM,3.12500uM,90,min,90min,poscon,LPS,Membrane Integrity,Inner membrane toxicity,AMP,water,antimicrobial_reference_set,MOC_1779,MOC_1779_1,r2,FALSE
GSM7985320,MOC_1779:col:12.50000uM:90min:PA14:MOC_1779_2:r3,MOC_1779:col:12.50000uM:PA14:90min:A,A,MOC_1779_2:PA14:90min,SRR27300310,SRX22977991,SAMN38978141,PRJNA1055047,1,PAIRED,89,2966142,266803172,102,Illumina NovaSeq 6000,RNA-Seq,cDNA,TRANSCRIPTOMIC,total RNA,Pseudomonas aeruginosa UCBPP-PA14,208963,PA14,PA14,col,Colistin,12.5,uM,12.50000uM,90,min,90min,poscon,LPS,Membrane Integrity,Inner membrane toxicity,AMP,water,antimicrobial_reference_set,MOC_1779,MOC_1779_2,r3,FALSE
GSM7985323,MOC_1779:col:25.00000uM:90min:PA14:MOC_1779_2:r3,MOC_1779:col:25.00000uM:PA14:90min:A,A,MOC_1779_2:PA14:90min,SRR27300307,SRX22977994,SAMN38978138,PRJNA1055047,1,PAIRED,90,1880650,169644154,65,Illumina NovaSeq 6000,RNA-Seq,cDNA,TRANSCRIPTOMIC,total RNA,Pseudomonas aeruginosa UCBPP-PA14,208963,PA14,PA14,col,Colistin,25,uM,25.00000uM,90,min,90min,poscon,LPS,Membrane Integrity,Inner membrane toxicity,AMP,water,antimicrobial_reference_set,MOC_1779,MOC_1779_2,r3,FALSE
GSM7985326,MOC_1779:col:3.12500uM:90min:PA14:MOC_1779_1:r3,MOC_1779:col:3.12500uM:PA14:90min:A,A,MOC_1779_1:PA14:90min,SRR27300304,SRX22977997,SAMN38978135,PRJNA1055047,1,PAIRED,90,2530039,228486930,88,Illumina NovaSeq 6000,RNA-Seq,cDNA,TRANSCRIPTOMIC,total RNA,Pseudomonas aeruginosa UCBPP-PA14,208963,PA14,PA14,col,Colistin,3.125,uM,3.12500uM,90,min,90min,poscon,LPS,Membrane Integrity,Inner membrane toxicity,AMP,water,antimicrobial_reference_set,MOC_1779,MOC_1779_1,r3,FALSE
GSM7985327,MOC_1779:dmso:0.50000%:90min:PA14:MOC_1779_1:r1,MOC_1779:dmso:0.50000%:PA14:90min:A,A,MOC_1779_1:PA14:90min,SRR27300302;SRR27300303,SRX22977998,SAMN38978134,PRJNA1055047,2,PAIRED,90,6420870,577786041,229,Illumina NovaSeq 6000,RNA-Seq,cDNA,TRANSCRIPTOMIC,total RNA,Pseudomonas aeruginosa UCBPP-PA14,208963,PA14,PA14,dmso,dmso,0.5,%,0.50000%,90,min,90min,negcon,Negative control,Negative control,Negative control,Negative control,dmso,antimicrobial_reference_set,MOC_1779,MOC_1779_1,r1,FALSE
GSM7985330,MOC_1779:dmso:0.50000%:90min:PA14:MOC_1779_2:r1,MOC_1779:dmso:0.50000%:PA14:90min:A,A,MOC_1779_2:PA14:90min,SRR27300297;SRR27300298,SRX22978001,SAMN38978131,PRJNA1055047,2,PAIRED,90,4310290,388839787,151,Illumina NovaSeq 6000,RNA-Seq,cDNA,TRANSCRIPTOMIC,total RNA,Pseudomonas aeruginosa UCBPP-PA14,208963,PA14,PA14,dmso,dmso,0.5,%,0.50000%,90,min,90min,negcon,Negative control,Negative control,Negative control,Negative control,dmso,antimicrobial_reference_set,MOC_1779,MOC_1779_2,r1,FALSE
GSM7985328,MOC_1779:dmso:0.50000%:90min:PA14:MOC_1779_1:r2,MOC_1779:dmso:0.50000%:PA14:90min:A,A,MOC_1779_1:PA14:90min,SRR27300300;SRR27300301,SRX22977999,SAMN38978133,PRJNA1055047,2,PAIRED,90,5595695,505170902,195,Illumina NovaSeq 6000,RNA-Seq,cDNA,TRANSCRIPTOMIC,total RNA,Pseudomonas aeruginosa UCBPP-PA14,208963,PA14,PA14,dmso,dmso,0.5,%,0.50000%,90,min,90min,negcon,Negative control,Negative control,Negative control,Negative control,dmso,antimicrobial_reference_set,MOC_1779,MOC_1779_1,r2,FALSE
GSM7985331,MOC_1779:dmso:0.50000%:90min:PA14:MOC_1779_2:r2,MOC_1779:dmso:0.50000%:PA14:90min:A,A,MOC_1779_2:PA14:90min,SRR27300296;SRR27300358,SRX22978002,SAMN38978130,PRJNA1055047,2,PAIRED,90,8283356,746614302,289,Illumina NovaSeq 6000,RNA-Seq,cDNA,TRANSCRIPTOMIC,total RNA,Pseudomonas aeruginosa UCBPP-PA14,208963,PA14,PA14,dmso,dmso,0.5,%,0.50000%,90,min,90min,negcon,Negative control,Negative control,Negative control,Negative control,dmso,antimicrobial_reference_set,MOC_1779,MOC_1779_2,r2,FALSE
GSM7985329,MOC_1779:dmso:0.50000%:90min:PA14:MOC_1779_1:r3,MOC_1779:dmso:0.50000%:PA14:90min:A,A,MOC_1779_1:PA14:90min,SRR27300158;SRR27300299,SRX22978000,SAMN38978132,PRJNA1055047,2,PAIRED,90,9441514,852997874,332,Illumina NovaSeq 6000,RNA-Seq,cDNA,TRANSCRIPTOMIC,total RNA,Pseudomonas aeruginosa UCBPP-PA14,208963,PA14,PA14,dmso,dmso,0.5,%,0.50000%,90,min,90min,negcon,Negative control,Negative control,Negative control,Negative control,dmso,antimicrobial_reference_set,MOC_1779,MOC_1779_1,r3,FALSE
GSM7985332,MOC_1779:dmso:0.50000%:90min:PA14:MOC_1779_2:r3,MOC_1779:dmso:0.50000%:PA14:90min:A,A,MOC_1779_2:PA14:90min,SRR27300294;SRR27300295,SRX22978003,SAMN38978129,PRJNA1055047,2,PAIRED,90,7656849,690483627,269,Illumina NovaSeq 6000,RNA-Seq,cDNA,TRANSCRIPTOMIC,total RNA,Pseudomonas aeruginosa UCBPP-PA14,208963,PA14,PA14,dmso,dmso,0.5,%,0.50000%,90,min,90min,negcon,Negative control,Negative control,Negative control,Negative control,dmso,antimicrobial_reference_set,MOC_1779,MOC_1779_2,r3,FALSE
GSM7985333,MOC_1779:dox:12.50000uM:90min:PA14:MOC_1779_1:r1,MOC_1779:dox:12.50000uM:PA14:90min:A,A,MOC_1779_1:PA14:90min,SRR27300293,SRX22978004,SAMN38978128,PRJNA1055047,1,PAIRED,89,2579885,231267896,91,Illumina NovaSeq 6000,RNA-Seq,cDNA,TRANSCRIPTOMIC,total RNA,Pseudomonas aeruginosa UCBPP-PA14,208963,PA14,PA14,dox,Doxorubicin,12.5,uM,12.50000uM,90,min,90min,poscon,DNA,DNA synthesis,DNA intercalator,DNA intercalator,dmso,antimicrobial_reference_set,MOC_1779,MOC_1779_1,r1,FALSE
GSM7985336,MOC_1779:dox:25.00000uM:90min:PA14:MOC_1779_2:r1,MOC_1779:dox:25.00000uM:PA14:90min:A,A,MOC_1779_2:PA14:90min,SRR27299783,SRX22977440,SAMN38978125,PRJNA1055047,1,PAIRED,90,2492194,224686413,87,Illumina NovaSeq 6000,RNA-Seq,cDNA,TRANSCRIPTOMIC,total RNA,Pseudomonas aeruginosa UCBPP-PA14,208963,PA14,PA14,dox,Doxorubicin,25,uM,25.00000uM,90,min,90min,poscon,DNA,DNA synthesis,DNA intercalator,DNA intercalator,dmso,antimicrobial_reference_set,MOC_1779,MOC_1779_2,r1,FALSE
GSM7985339,MOC_1779:dox:50.00000uM:90min:PA14:MOC_1779_2:r1,MOC_1779:dox:50.00000uM:PA14:90min:A,A,MOC_1779_2:PA14:90min,SRR27299780,SRX22977443,SAMN38978122,PRJNA1055047,1,PAIRED,90,1326295,119594712,46,Illumina NovaSeq 6000,RNA-Seq,cDNA,TRANSCRIPTOMIC,total RNA,Pseudomonas aeruginosa UCBPP-PA14,208963,PA14,PA14,dox,Doxorubicin,50,uM,50.00000uM,90,min,90min,poscon,DNA,DNA synthesis,DNA intercalator,DNA intercalator,dmso,antimicrobial_reference_set,MOC_1779,MOC_1779_2,r1,FALSE
GSM7985334,MOC_1779:dox:12.50000uM:90min:PA14:MOC_1779_1:r2,MOC_1779:dox:12.50000uM:PA14:90min:A,A,MOC_1779_1:PA14:90min,SRR27300292,SRX22978005,SAMN38978127,PRJNA1055047,1,PAIRED,90,2541708,229143707,90,Illumina NovaSeq 6000,RNA-Seq,cDNA,TRANSCRIPTOMIC,total RNA,Pseudomonas aeruginosa UCBPP-PA14,208963,PA14,PA14,dox,Doxorubicin,12.5,uM,12.50000uM,90,min,90min,poscon,DNA,DNA synthesis,DNA intercalator,DNA intercalator,dmso,antimicrobial_reference_set,MOC_1779,MOC_1779_1,r2,FALSE
GSM7985337,MOC_1779:dox:25.00000uM:90min:PA14:MOC_1779_2:r2,MOC_1779:dox:25.00000uM:PA14:90min:A,A,MOC_1779_2:PA14:90min,SRR27299782,SRX22977441,SAMN38978124,PRJNA1055047,1,PAIRED,90,2545490,229402440,89,Illumina NovaSeq 6000,RNA-Seq,cDNA,TRANSCRIPTOMIC,total RNA,Pseudomonas aeruginosa UCBPP-PA14,208963,PA14,PA14,dox,Doxorubicin,25,uM,25.00000uM,90,min,90min,poscon,DNA,DNA synthesis,DNA intercalator,DNA intercalator,dmso,antimicrobial_reference_set,MOC_1779,MOC_1779_2,r2,FALSE
GSM7985340,MOC_1779:dox:50.00000uM:90min:PA14:MOC_1779_2:r2,MOC_1779:dox:50.00000uM:PA14:90min:A,A,MOC_1779_2:PA14:90min,SRR27299779,SRX22977444,SAMN38978121,PRJNA1055047,1,PAIRED,90,1137488,102596424,40,Illumina NovaSeq 6000,RNA-Seq,cDNA,TRANSCRIPTOMIC,total RNA,Pseudomonas aeruginosa UCBPP-PA14,208963,PA14,PA14,dox,Doxorubicin,50,uM,50.00000uM,90,min,90min,poscon,DNA,DNA synthesis,DNA intercalator,DNA intercalator,dmso,antimicrobial_reference_set,MOC_1779,MOC_1779_2,r2,FALSE
GSM7985335,MOC_1779:dox:12.50000uM:90min:PA14:MOC_1779_1:r3,MOC_1779:dox:12.50000uM:PA14:90min:A,A,MOC_1779_1:PA14:90min,SRR27300291,SRX22978006,SAMN38978126,PRJNA1055047,1,PAIRED,90,3044701,275375339,107,Illumina NovaSeq 6000,RNA-Seq,cDNA,TRANSCRIPTOMIC,total RNA,Pseudomonas aeruginosa UCBPP-PA14,208963,PA14,PA14,dox,Doxorubicin,12.5,uM,12.50000uM,90,min,90min,poscon,DNA,DNA synthesis,DNA intercalator,DNA intercalator,dmso,antimicrobial_reference_set,MOC_1779,MOC_1779_1,r3,FALSE
GSM7985338,MOC_1779:dox:25.00000uM:90min:PA14:MOC_1779_2:r3,MOC_1779:dox:25.00000uM:PA14:90min:A,A,MOC_1779_2:PA14:90min,SRR27299781,SRX22977442,SAMN38978123,PRJNA1055047,1,PAIRED,89,1908686,171600997,66,Illumina NovaSeq 6000,RNA-Seq,cDNA,TRANSCRIPTOMIC,total RNA,Pseudomonas aeruginosa UCBPP-PA14,208963,PA14,PA14,dox,Doxorubicin,25,uM,25.00000uM,90,min,90min,poscon,DNA,DNA synthesis,DNA intercalator,DNA intercalator,dmso,antimicrobial_reference_set,MOC_1779,MOC_1779_2,r3,FALSE
GSM7985341,MOC_1779:dox:50.00000uM:90min:PA14:MOC_1779_2:r3,MOC_1779:dox:50.00000uM:PA14:90min:A,A,MOC_1779_2:PA14:90min,SRR27299778,SRX22977445,SAMN38978120,PRJNA1055047,1,PAIRED,90,1358403,122413348,47,Illumina NovaSeq 6000,RNA-Seq,cDNA,TRANSCRIPTOMIC,total RNA,Pseudomonas aeruginosa UCBPP-PA14,208963,PA14,PA14,dox,Doxorubicin,50,uM,50.00000uM,90,min,90min,poscon,DNA,DNA synthesis,DNA intercalator,DNA intercalator,dmso,antimicrobial_reference_set,MOC_1779,MOC_1779_2,r3,FALSE
GSM7985342,MOC_1779:doxy:100.00000uM:90min:PA14:MOC_1779_2:r1,MOC_1779:doxy:100.00000uM:PA14:90min:A,A,MOC_1779_2:PA14:90min,SRR27299777,SRX22977446,SAMN38978119,PRJNA1055047,1,PAIRED,90,10701037,966750694,374,Illumina NovaSeq 6000,RNA-Seq,cDNA,TRANSCRIPTOMIC,total RNA,Pseudomonas aeruginosa UCBPP-PA14,208963,PA14,PA14,doxy,Doxycycline,100,uM,100.00000uM,90,min,90min,poscon,30S ribosomal subunit,Protein synthesis,Protein synthesis,Tetracycline,water,antimicrobial_reference_set,MOC_1779,MOC_1779_2,r1,FALSE
GSM7985345,MOC_1779:doxy:200.00000uM:90min:PA14:MOC_1779_2:r1,MOC_1779:doxy:200.00000uM:PA14:90min:A,A,MOC_1779_2:PA14:90min,SRR27299773,SRX22977449,SAMN38978116,PRJNA1055047,1,PAIRED,90,6733626,607256376,239,Illumina NovaSeq 6000,RNA-Seq,cDNA,TRANSCRIPTOMIC,total RNA,Pseudomonas aeruginosa UCBPP-PA14,208963,PA14,PA14,doxy,Doxycycline,200,uM,200.00000uM,90,min,90min,poscon,30S ribosomal subunit,Protein synthesis,Protein synthesis,Tetracycline,water,antimicrobial_reference_set,MOC_1779,MOC_1779_2,r1,FALSE
GSM7985348,MOC_1779:doxy:25.00000uM:90min:PA14:MOC_1779_1:r1,MOC_1779:doxy:25.00000uM:PA14:90min:A,A,MOC_1779_1:PA14:90min,SRR27299769,SRX22977452,SAMN38978113,PRJNA1055047,1,PAIRED,90,7347603,662278240,258,Illumina NovaSeq 6000,RNA-Seq,cDNA,TRANSCRIPTOMIC,total RNA,Pseudomonas aeruginosa UCBPP-PA14,208963,PA14,PA14,doxy,Doxycycline,25,uM,25.00000uM,90,min,90min,poscon,30S ribosomal subunit,Protein synthesis,Protein synthesis,Tetracycline,water,antimicrobial_reference_set,MOC_1779,MOC_1779_1,r1,FALSE
GSM7985343,MOC_1779:doxy:100.00000uM:90min:PA14:MOC_1779_2:r2,MOC_1779:doxy:100.00000uM:PA14:90min:A,A,MOC_1779_2:PA14:90min,SRR27299775,SRX22977447,SAMN38978118,PRJNA1055047,1,PAIRED,90,6978618,630084246,242,Illumina NovaSeq 6000,RNA-Seq,cDNA,TRANSCRIPTOMIC,total RNA,Pseudomonas aeruginosa UCBPP-PA14,208963,PA14,PA14,doxy,Doxycycline,100,uM,100.00000uM,90,min,90min,poscon,30S ribosomal subunit,Protein synthesis,Protein synthesis,Tetracycline,water,antimicrobial_reference_set,MOC_1779,MOC_1779_2,r2,FALSE
GSM7985346,MOC_1779:doxy:200.00000uM:90min:PA14:MOC_1779_2:r2,MOC_1779:doxy:200.00000uM:PA14:90min:A,A,MOC_1779_2:PA14:90min,SRR27299772,SRX22977450,SAMN38978115,PRJNA1055047,1,PAIRED,90,5205486,469043613,182,Illumina NovaSeq 6000,RNA-Seq,cDNA,TRANSCRIPTOMIC,total RNA,Pseudomonas aeruginosa UCBPP-PA14,208963,PA14,PA14,doxy,Doxycycline,200,uM,200.00000uM,90,min,90min,poscon,30S ribosomal subunit,Protein synthesis,Protein synthesis,Tetracycline,water,antimicrobial_reference_set,MOC_1779,MOC_1779_2,r2,FALSE
GSM7985349,MOC_1779:doxy:25.00000uM:90min:PA14:MOC_1779_1:r2,MOC_1779:doxy:25.00000uM:PA14:90min:A,A,MOC_1779_1:PA14:90min,SRR27299768,SRX22977453,SAMN38978112,PRJNA1055047,1,PAIRED,90,3002056,270225221,104,Illumina NovaSeq 6000,RNA-Seq,cDNA,TRANSCRIPTOMIC,total RNA,Pseudomonas aeruginosa UCBPP-PA14,208963,PA14,PA14,doxy,Doxycycline,25,uM,25.00000uM,90,min,90min,poscon,30S ribosomal subunit,Protein synthesis,Protein synthesis,Tetracycline,water,antimicrobial_reference_set,MOC_1779,MOC_1779_1,r2,FALSE
GSM7985344,MOC_1779:doxy:100.00000uM:90min:PA14:MOC_1779_2:r3,MOC_1779:doxy:100.00000uM:PA14:90min:A,A,MOC_1779_2:PA14:90min,SRR27299774,SRX22977448,SAMN38978117,PRJNA1055047,1,PAIRED,90,7817063,703941154,271,Illumina NovaSeq 6000,RNA-Seq,cDNA,TRANSCRIPTOMIC,total RNA,Pseudomonas aeruginosa UCBPP-PA14,208963,PA14,PA14,doxy,Doxycycline,100,uM,100.00000uM,90,min,90min,poscon,30S ribosomal subunit,Protein synthesis,Protein synthesis,Tetracycline,water,antimicrobial_reference_set,MOC_1779,MOC_1779_2,r3,FALSE
GSM7985347,MOC_1779:doxy:200.00000uM:90min:PA14:MOC_1779_2:r3,MOC_1779:doxy:200.00000uM:PA14:90min:A,A,MOC_1779_2:PA14:90min,SRR27299770,SRX22977451,SAMN38978114,PRJNA1055047,1,PAIRED,90,4758983,429786175,165,Illumina NovaSeq 6000,RNA-Seq,cDNA,TRANSCRIPTOMIC,total RNA,Pseudomonas aeruginosa UCBPP-PA14,208963,PA14,PA14,doxy,Doxycycline,200,uM,200.00000uM,90,min,90min,poscon,30S ribosomal subunit,Protein synthesis,Protein synthesis,Tetracycline,water,antimicrobial_reference_set,MOC_1779,MOC_1779_2,r3,FALSE
GSM7985350,MOC_1779:doxy:25.00000uM:90min:PA14:MOC_1779_1:r3,MOC_1779:doxy:25.00000uM:PA14:90min:A,A,MOC_1779_1:PA14:90min,SRR27299767,SRX22977454,SAMN38978111,PRJNA1055047,1,PAIRED,90,4911486,444276190,172,Illumina NovaSeq 6000,RNA-Seq,cDNA,TRANSCRIPTOMIC,total RNA,Pseudomonas aeruginosa UCBPP-PA14,208963,PA14,PA14,doxy,Doxycycline,25,uM,25.00000uM,90,min,90min,poscon,30S ribosomal subunit,Protein synthesis,Protein synthesis,Tetracycline,water,antimicrobial_reference_set,MOC_1779,MOC_1779_1,r3,FALSE
GSM7985351,MOC_1779:fosfo:3200.00000uM:90min:PA14:MOC_1779_2:r1,MOC_1779:fosfo:3200.00000uM:PA14:90min:A,A,MOC_1779_2:PA14:90min,SRR27299766,SRX22977455,SAMN38978110,PRJNA1055047,1,PAIRED,90,1123704,101304706,39,Illumina NovaSeq 6000,RNA-Seq,cDNA,TRANSCRIPTOMIC,total RNA,Pseudomonas aeruginosa UCBPP-PA14,208963,PA14,PA14,fosfo,Fosfomycin,3200,uM,3200.00000uM,90,min,90min,poscon,MurA,Cell wall synthesis,Cell wall biogenesis,Phosphonic antibiotics,water,antimicrobial_reference_set,MOC_1779,MOC_1779_2,r1,FALSE
GSM7985354,MOC_1779:fosfo:6400.00000uM:90min:PA14:MOC_1779_2:r1,MOC_1779:fosfo:6400.00000uM:PA14:90min:A,A,MOC_1779_2:PA14:90min,SRR27299689,SRX22977216,SAMN38978107,PRJNA1055047,1,PAIRED,90,912332,82175096,32,Illumina NovaSeq 6000,RNA-Seq,cDNA,TRANSCRIPTOMIC,total RNA,Pseudomonas aeruginosa UCBPP-PA14,208963,PA14,PA14,fosfo,Fosfomycin,6400,uM,6400.00000uM,90,min,90min,poscon,MurA,Cell wall synthesis,Cell wall biogenesis,Phosphonic antibiotics,water,antimicrobial_reference_set,MOC_1779,MOC_1779_2,r1,FALSE
GSM7985357,MOC_1779:fosfo:800.00000uM:90min:PA14:MOC_1779_1:r1,MOC_1779:fosfo:800.00000uM:PA14:90min:A,A,MOC_1779_1:PA14:90min,SRR27299686,SRX22977219,SAMN38978104,PRJNA1055047,1,PAIRED,90,1859844,167453696,65,Illumina NovaSeq 6000,RNA-Seq,cDNA,TRANSCRIPTOMIC,total RNA,Pseudomonas aeruginosa UCBPP-PA14,208963,PA14,PA14,fosfo,Fosfomycin,800,uM,800.00000uM,90,min,90min,poscon,MurA,Cell wall synthesis,Cell wall biogenesis,Phosphonic antibiotics,water,antimicrobial_reference_set,MOC_1779,MOC_1779_1,r1,FALSE
GSM7985352,MOC_1779:fosfo:3200.00000uM:90min:PA14:MOC_1779_2:r2,MOC_1779:fosfo:3200.00000uM:PA14:90min:A,A,MOC_1779_2:PA14:90min,SRR27299691,SRX22977214,SAMN38978109,PRJNA1055047,1,PAIRED,90,2390180,215682291,83,Illumina NovaSeq 6000,RNA-Seq,cDNA,TRANSCRIPTOMIC,total RNA,Pseudomonas aeruginosa UCBPP-PA14,208963,PA14,PA14,fosfo,Fosfomycin,3200,uM,3200.00000uM,90,min,90min,poscon,MurA,Cell wall synthesis,Cell wall biogenesis,Phosphonic antibiotics,water,antimicrobial_reference_set,MOC_1779,MOC_1779_2,r2,FALSE
GSM7985355,MOC_1779:fosfo:6400.00000uM:90min:PA14:MOC_1779_2:r2,MOC_1779:fosfo:6400.00000uM:PA14:90min:A,A,MOC_1779_2:PA14:90min,SRR27299688,SRX22977217,SAMN38978106,PRJNA1055047,1,PAIRED,90,1939296,174733462,68,Illumina NovaSeq 6000,RNA-Seq,cDNA,TRANSCRIPTOMIC,total RNA,Pseudomonas aeruginosa UCBPP-PA14,208963,PA14,PA14,fosfo,Fosfomycin,6400,uM,6400.00000uM,90,min,90min,poscon,MurA,Cell wall synthesis,Cell wall biogenesis,Phosphonic antibiotics,water,antimicrobial_reference_set,MOC_1779,MOC_1779_2,r2,FALSE
GSM7985358,MOC_1779:fosfo:800.00000uM:90min:PA14:MOC_1779_1:r2,MOC_1779:fosfo:800.00000uM:PA14:90min:A,A,MOC_1779_1:PA14:90min,SRR27299685,SRX22977220,SAMN38978103,PRJNA1055047,1,PAIRED,90,2203814,198389045,77,Illumina NovaSeq 6000,RNA-Seq,cDNA,TRANSCRIPTOMIC,total RNA,Pseudomonas aeruginosa UCBPP-PA14,208963,PA14,PA14,fosfo,Fosfomycin,800,uM,800.00000uM,90,min,90min,poscon,MurA,Cell wall synthesis,Cell wall biogenesis,Phosphonic antibiotics,water,antimicrobial_reference_set,MOC_1779,MOC_1779_1,r2,FALSE
GSM7985353,MOC_1779:fosfo:3200.00000uM:90min:PA14:MOC_1779_2:r3,MOC_1779:fosfo:3200.00000uM:PA14:90min:A,A,MOC_1779_2:PA14:90min,SRR27299690,SRX22977215,SAMN38978108,PRJNA1055047,1,PAIRED,90,2789352,251156550,97,Illumina NovaSeq 6000,RNA-Seq,cDNA,TRANSCRIPTOMIC,total RNA,Pseudomonas aeruginosa UCBPP-PA14,208963,PA14,PA14,fosfo,Fosfomycin,3200,uM,3200.00000uM,90,min,90min,poscon,MurA,Cell wall synthesis,Cell wall biogenesis,Phosphonic antibiotics,water,antimicrobial_reference_set,MOC_1779,MOC_1779_2,r3,FALSE
GSM7985356,MOC_1779:fosfo:6400.00000uM:90min:PA14:MOC_1779_2:r3,MOC_1779:fosfo:6400.00000uM:PA14:90min:A,A,MOC_1779_2:PA14:90min,SRR27299687,SRX22977218,SAMN38978105,PRJNA1055047,1,PAIRED,90,3770855,340562613,132,Illumina NovaSeq 6000,RNA-Seq,cDNA,TRANSCRIPTOMIC,total RNA,Pseudomonas aeruginosa UCBPP-PA14,208963,PA14,PA14,fosfo,Fosfomycin,6400,uM,6400.00000uM,90,min,90min,poscon,MurA,Cell wall synthesis,Cell wall biogenesis,Phosphonic antibiotics,water,antimicrobial_reference_set,MOC_1779,MOC_1779_2,r3,FALSE
GSM7985359,MOC_1779:fosfo:800.00000uM:90min:PA14:MOC_1779_1:r3,MOC_1779:fosfo:800.00000uM:PA14:90min:A,A,MOC_1779_1:PA14:90min,SRR27299684,SRX22977221,SAMN38978102,PRJNA1055047,1,PAIRED,90,4332536,391886287,152,Illumina NovaSeq 6000,RNA-Seq,cDNA,TRANSCRIPTOMIC,total RNA,Pseudomonas aeruginosa UCBPP-PA14,208963,PA14,PA14,fosfo,Fosfomycin,800,uM,800.00000uM,90,min,90min,poscon,MurA,Cell wall synthesis,Cell wall biogenesis,Phosphonic antibiotics,water,antimicrobial_reference_set,MOC_1779,MOC_1779_1,r3,FALSE
GSM8297941,MOC_1779:fusi:100.00000uM:90min:PA14:MOC_1779_1:r1,MOC_1779:fusi:100.00000uM:PA14:90min:A,A,MOC_1779_1:PA14:90min,SRR29244762;SRR29244763,SRX24763257,SAMN41607400,PRJNA1055047,2,SINGLE,41,8853872,400390540,180,Illumina NovaSeq 6000,RNA-Seq,cDNA,TRANSCRIPTOMIC,total RNA,Pseudomonas aeruginosa UCBPP-PA14,208963,PA14,PA14,fusi,Fusidic acid,100,uM,100.00000uM,90,min,90min,poscon,,,,,,weak_signal_removed_from_antimicrobial_reference_set,MOC_1779,MOC_1779_1,r1,TRUE
GSM8297944,MOC_1779:fusi:200.00000uM:90min:PA14:MOC_1779_2:r1,MOC_1779:fusi:200.00000uM:PA14:90min:A,A,MOC_1779_2:PA14:90min,SRR29244756;SRR29244757,SRX24763260,SAMN41607397,PRJNA1055047,2,SINGLE,41,8390790,377731679,169,Illumina NovaSeq 6000,RNA-Seq,cDNA,TRANSCRIPTOMIC,total RNA,Pseudomonas aeruginosa UCBPP-PA14,208963,PA14,PA14,fusi,Fusidic acid,200,uM,200.00000uM,90,min,90min,poscon,,,,,,weak_signal_removed_from_antimicrobial_reference_set,MOC_1779,MOC_1779_2,r1,TRUE
GSM8297947,MOC_1779:fusi:400.00000uM:90min:PA14:MOC_1779_2:r1,MOC_1779:fusi:400.00000uM:PA14:90min:A,A,MOC_1779_2:PA14:90min,SRR29244894;SRR29244895,SRX24763167,SAMN41607394,PRJNA1055047,2,SINGLE,41,9821346,443220913,198,Illumina NovaSeq 6000,RNA-Seq,cDNA,TRANSCRIPTOMIC,total RNA,Pseudomonas aeruginosa UCBPP-PA14,208963,PA14,PA14,fusi,Fusidic acid,400,uM,400.00000uM,90,min,90min,poscon,,,,,,weak_signal_removed_from_antimicrobial_reference_set,MOC_1779,MOC_1779_2,r1,FALSE
GSM8297942,MOC_1779:fusi:100.00000uM:90min:PA14:MOC_1779_1:r2,MOC_1779:fusi:100.00000uM:PA14:90min:A,A,MOC_1779_1:PA14:90min,SRR29244760;SRR29244761,SRX24763258,SAMN41607399,PRJNA1055047,2,SINGLE,41,6680988,301051770,135,Illumina NovaSeq 6000,RNA-Seq,cDNA,TRANSCRIPTOMIC,total RNA,Pseudomonas aeruginosa UCBPP-PA14,208963,PA14,PA14,fusi,Fusidic acid,100,uM,100.00000uM,90,min,90min,poscon,,,,,,weak_signal_removed_from_antimicrobial_reference_set,MOC_1779,MOC_1779_1,r2,TRUE
GSM8297945,MOC_1779:fusi:200.00000uM:90min:PA14:MOC_1779_2:r2,MOC_1779:fusi:200.00000uM:PA14:90min:A,A,MOC_1779_2:PA14:90min,SRR29244898;SRR29244899,SRX24763165,SAMN41607396,PRJNA1055047,2,SINGLE,41,7054096,318030799,141,Illumina NovaSeq 6000,RNA-Seq,cDNA,TRANSCRIPTOMIC,total RNA,Pseudomonas aeruginosa UCBPP-PA14,208963,PA14,PA14,fusi,Fusidic acid,200,uM,200.00000uM,90,min,90min,poscon,,,,,,weak_signal_removed_from_antimicrobial_reference_set,MOC_1779,MOC_1779_2,r2,TRUE
GSM8297948,MOC_1779:fusi:400.00000uM:90min:PA14:MOC_1779_2:r2,MOC_1779:fusi:400.00000uM:PA14:90min:A,A,MOC_1779_2:PA14:90min,SRR29244892;SRR29244893,SRX24763168,SAMN41607393,PRJNA1055047,2,SINGLE,41,3828232,172620244,76,Illumina NovaSeq 6000,RNA-Seq,cDNA,TRANSCRIPTOMIC,total RNA,Pseudomonas aeruginosa UCBPP-PA14,208963,PA14,PA14,fusi,Fusidic acid,400,uM,400.00000uM,90,min,90min,poscon,,,,,,weak_signal_removed_from_antimicrobial_reference_set,MOC_1779,MOC_1779_2,r2,FALSE
GSM8297943,MOC_1779:fusi:100.00000uM:90min:PA14:MOC_1779_1:r3,MOC_1779:fusi:100.00000uM:PA14:90min:A,A,MOC_1779_1:PA14:90min,SRR29244758;SRR29244759,SRX24763259,SAMN41607398,PRJNA1055047,2,SINGLE,41,11715914,528377321,239,Illumina NovaSeq 6000,RNA-Seq,cDNA,TRANSCRIPTOMIC,total RNA,Pseudomonas aeruginosa UCBPP-PA14,208963,PA14,PA14,fusi,Fusidic acid,100,uM,100.00000uM,90,min,90min,poscon,,,,,,weak_signal_removed_from_antimicrobial_reference_set,MOC_1779,MOC_1779_1,r3,TRUE
GSM8297946,MOC_1779:fusi:200.00000uM:90min:PA14:MOC_1779_2:r3,MOC_1779:fusi:200.00000uM:PA14:90min:A,A,MOC_1779_2:PA14:90min,SRR29244896;SRR29244897,SRX24763166,SAMN41607395,PRJNA1055047,2,SINGLE,41,5231248,235711493,105,Illumina NovaSeq 6000,RNA-Seq,cDNA,TRANSCRIPTOMIC,total RNA,Pseudomonas aeruginosa UCBPP-PA14,208963,PA14,PA14,fusi,Fusidic acid,200,uM,200.00000uM,90,min,90min,poscon,,,,,,weak_signal_removed_from_antimicrobial_reference_set,MOC_1779,MOC_1779_2,r3,TRUE
GSM8297949,MOC_1779:fusi:400.00000uM:90min:PA14:MOC_1779_2:r3,MOC_1779:fusi:400.00000uM:PA14:90min:A,A,MOC_1779_2:PA14:90min,SRR29244890;SRR29244891,SRX24763169,SAMN41607392,PRJNA1055047,2,SINGLE,41,5316366,239873341,106,Illumina NovaSeq 6000,RNA-Seq,cDNA,TRANSCRIPTOMIC,total RNA,Pseudomonas aeruginosa UCBPP-PA14,208963,PA14,PA14,fusi,Fusidic acid,400,uM,400.00000uM,90,min,90min,poscon,,,,,,weak_signal_removed_from_antimicrobial_reference_set,MOC_1779,MOC_1779_2,r3,FALSE
GSM7985360,MOC_1779:gent:12.50000uM:90min:PA14:MOC_1779_2:r1,MOC_1779:gent:12.50000uM:PA14:90min:A,A,MOC_1779_2:PA14:90min,SRR27299683,SRX22977222,SAMN38978101,PRJNA1055047,1,PAIRED,90,2281967,205702644,80,Illumina NovaSeq 6000,RNA-Seq,cDNA,TRANSCRIPTOMIC,total RNA,Pseudomonas aeruginosa UCBPP-PA14,208963,PA14,PA14,gent,Gentamicin,12.5,uM,12.50000uM,90,min,90min,poscon,30S ribosomal subunit,Protein synthesis,Protein synthesis,Aminoglycoside,water,antimicrobial_reference_set,MOC_1779,MOC_1779_2,r1,FALSE
GSM7985363,MOC_1779:gent:6.25000uM:90min:PA14:MOC_1779_2:r1,MOC_1779:gent:6.25000uM:PA14:90min:A,A,MOC_1779_2:PA14:90min,SRR27299678,SRX22977225,SAMN38978098,PRJNA1055047,1,PAIRED,89,1860438,167329321,65,Illumina NovaSeq 6000,RNA-Seq,cDNA,TRANSCRIPTOMIC,total RNA,Pseudomonas aeruginosa UCBPP-PA14,208963,PA14,PA14,gent,Gentamicin,6.25,uM,6.25000uM,90,min,90min,poscon,30S ribosomal subunit,Protein synthesis,Protein synthesis,Aminoglycoside,water,antimicrobial_reference_set,MOC_1779,MOC_1779_2,r1,FALSE
GSM8297950,MOC_1779:gent:1.56000uM:90min:PA14:MOC_1779_1:r1,MOC_1779:gent:1.56000uM:PA14:90min:A,A,MOC_1779_1:PA14:90min,SRR29244888;SRR29244889,SRX24763170,SAMN41607391,PRJNA1055047,2,SINGLE,41,4129714,185888711,83,Illumina NovaSeq 6000,RNA-Seq,cDNA,TRANSCRIPTOMIC,total RNA,Pseudomonas aeruginosa UCBPP-PA14,208963,PA14,PA14,gent,Gentamicin,1.56,uM,1.56000uM,90,min,90min,poscon,30S ribosomal subunit,Protein synthesis,Protein synthesis,Aminoglycoside,water,weak_signal_removed_from_antimicrobial_reference_set,MOC_1779,MOC_1779_1,r1,TRUE
GSM7985361,MOC_1779:gent:12.50000uM:90min:PA14:MOC_1779_2:r2,MOC_1779:gent:12.50000uM:PA14:90min:A,A,MOC_1779_2:PA14:90min,SRR27299681,SRX22977223,SAMN38978100,PRJNA1055047,1,PAIRED,90,2086918,188099552,73,Illumina NovaSeq 6000,RNA-Seq,cDNA,TRANSCRIPTOMIC,total RNA,Pseudomonas aeruginosa UCBPP-PA14,208963,PA14,PA14,gent,Gentamicin,12.5,uM,12.50000uM,90,min,90min,poscon,30S ribosomal subunit,Protein synthesis,Protein synthesis,Aminoglycoside,water,antimicrobial_reference_set,MOC_1779,MOC_1779_2,r2,FALSE
GSM7985364,MOC_1779:gent:6.25000uM:90min:PA14:MOC_1779_2:r2,MOC_1779:gent:6.25000uM:PA14:90min:A,A,MOC_1779_2:PA14:90min,SRR27299677,SRX22977226,SAMN38978097,PRJNA1055047,1,PAIRED,90,3285280,295840399,115,Illumina NovaSeq 6000,RNA-Seq,cDNA,TRANSCRIPTOMIC,total RNA,Pseudomonas aeruginosa UCBPP-PA14,208963,PA14,PA14,gent,Gentamicin,6.25,uM,6.25000uM,90,min,90min,poscon,30S ribosomal subunit,Protein synthesis,Protein synthesis,Aminoglycoside,water,antimicrobial_reference_set,MOC_1779,MOC_1779_2,r2,FALSE
GSM8297951,MOC_1779:gent:1.56000uM:90min:PA14:MOC_1779_1:r2,MOC_1779:gent:1.56000uM:PA14:90min:A,A,MOC_1779_1:PA14:90min,SRR29244886;SRR29244887,SRX24763171,SAMN41607390,PRJNA1055047,2,SINGLE,41,6518730,293569849,131,Illumina NovaSeq 6000,RNA-Seq,cDNA,TRANSCRIPTOMIC,total RNA,Pseudomonas aeruginosa UCBPP-PA14,208963,PA14,PA14,gent,Gentamicin,1.56,uM,1.56000uM,90,min,90min,poscon,30S ribosomal subunit,Protein synthesis,Protein synthesis,Aminoglycoside,water,weak_signal_removed_from_antimicrobial_reference_set,MOC_1779,MOC_1779_1,r2,TRUE
GSM7985362,MOC_1779:gent:12.50000uM:90min:PA14:MOC_1779_2:r3,MOC_1779:gent:12.50000uM:PA14:90min:A,A,MOC_1779_2:PA14:90min,SRR27299680,SRX22977224,SAMN38978099,PRJNA1055047,1,PAIRED,90,1200348,108256413,43,Illumina NovaSeq 6000,RNA-Seq,cDNA,TRANSCRIPTOMIC,total RNA,Pseudomonas aeruginosa UCBPP-PA14,208963,PA14,PA14,gent,Gentamicin,12.5,uM,12.50000uM,90,min,90min,poscon,30S ribosomal subunit,Protein synthesis,Protein synthesis,Aminoglycoside,water,antimicrobial_reference_set,MOC_1779,MOC_1779_2,r3,FALSE
GSM7985365,MOC_1779:gent:6.25000uM:90min:PA14:MOC_1779_2:r3,MOC_1779:gent:6.25000uM:PA14:90min:A,A,MOC_1779_2:PA14:90min,SRR27299675,SRX22977227,SAMN38978096,PRJNA1055047,1,PAIRED,90,3812867,344386303,134,Illumina NovaSeq 6000,RNA-Seq,cDNA,TRANSCRIPTOMIC,total RNA,Pseudomonas aeruginosa UCBPP-PA14,208963,PA14,PA14,gent,Gentamicin,6.25,uM,6.25000uM,90,min,90min,poscon,30S ribosomal subunit,Protein synthesis,Protein synthesis,Aminoglycoside,water,antimicrobial_reference_set,MOC_1779,MOC_1779_2,r3,FALSE
GSM8297952,MOC_1779:gent:1.56000uM:90min:PA14:MOC_1779_1:r3,MOC_1779:gent:1.56000uM:PA14:90min:A,A,MOC_1779_1:PA14:90min,SRR29244884;SRR29244885,SRX24763172,SAMN41607389,PRJNA1055047,2,SINGLE,41,5010430,225949984,101,Illumina NovaSeq 6000,RNA-Seq,cDNA,TRANSCRIPTOMIC,total RNA,Pseudomonas aeruginosa UCBPP-PA14,208963,PA14,PA14,gent,Gentamicin,1.56,uM,1.56000uM,90,min,90min,poscon,30S ribosomal subunit,Protein synthesis,Protein synthesis,Aminoglycoside,water,weak_signal_removed_from_antimicrobial_reference_set,MOC_1779,MOC_1779_1,r3,TRUE
GSM7985366,MOC_1779:hu:3200.00000uM:90min:PA14:MOC_1779_2:r1,MOC_1779:hu:3200.00000uM:PA14:90min:A,A,MOC_1779_2:PA14:90min,SRR27299674,SRX22977228,SAMN38978095,PRJNA1055047,1,PAIRED,90,2349355,211880338,82,Illumina NovaSeq 6000,RNA-Seq,cDNA,TRANSCRIPTOMIC,total RNA,Pseudomonas aeruginosa UCBPP-PA14,208963,PA14,PA14,hu,Hydroxyurea,3200,uM,3200.00000uM,90,min,90min,poscon,RnR,DNA synthesis,DNA synthesis,Antimetabolite,water,antimicrobial_reference_set,MOC_1779,MOC_1779_2,r1,FALSE
GSM8297953,MOC_1779:hu:1600.00000uM:90min:PA14:MOC_1779_2:r1,MOC_1779:hu:1600.00000uM:PA14:90min:A,A,MOC_1779_2:PA14:90min,SRR29244882;SRR29244883,SRX24763173,SAMN41607388,PRJNA1055047,2,SINGLE,41,5323682,239538050,107,Illumina NovaSeq 6000,RNA-Seq,cDNA,TRANSCRIPTOMIC,total RNA,Pseudomonas aeruginosa UCBPP-PA14,208963,PA14,PA14,hu,Hydroxyurea,1600,uM,1600.00000uM,90,min,90min,poscon,RnR,DNA synthesis,DNA synthesis,Antimetabolite,water,weak_signal_removed_from_antimicrobial_reference_set,MOC_1779,MOC_1779_2,r1,TRUE
GSM8297956,MOC_1779:hu:800.00000uM:90min:PA14:MOC_1779_1:r1,MOC_1779:hu:800.00000uM:PA14:90min:A,A,MOC_1779_1:PA14:90min,SRR29244876;SRR29244877,SRX24763176,SAMN41607385,PRJNA1055047,2,SINGLE,41,7701572,348163098,156,Illumina NovaSeq 6000,RNA-Seq,cDNA,TRANSCRIPTOMIC,total RNA,Pseudomonas aeruginosa UCBPP-PA14,208963,PA14,PA14,hu,Hydroxyurea,800,uM,800.00000uM,90,min,90min,poscon,RnR,DNA synthesis,DNA synthesis,Antimetabolite,water,weak_signal_removed_from_antimicrobial_reference_set,MOC_1779,MOC_1779_1,r1,TRUE
GSM7985367,MOC_1779:hu:3200.00000uM:90min:PA14:MOC_1779_2:r2,MOC_1779:hu:3200.00000uM:PA14:90min:A,A,MOC_1779_2:PA14:90min,SRR27299672,SRX22977229,SAMN38978094,PRJNA1055047,1,PAIRED,90,3675089,331927951,129,Illumina NovaSeq 6000,RNA-Seq,cDNA,TRANSCRIPTOMIC,total RNA,Pseudomonas aeruginosa UCBPP-PA14,208963,PA14,PA14,hu,Hydroxyurea,3200,uM,3200.00000uM,90,min,90min,poscon,RnR,DNA synthesis,DNA synthesis,Antimetabolite,water,antimicrobial_reference_set,MOC_1779,MOC_1779_2,r2,FALSE
GSM8297954,MOC_1779:hu:1600.00000uM:90min:PA14:MOC_1779_2:r2,MOC_1779:hu:1600.00000uM:PA14:90min:A,A,MOC_1779_2:PA14:90min,SRR29244880;SRR29244881,SRX24763174,SAMN41607387,PRJNA1055047,2,SINGLE,41,6237892,281376964,126,Illumina NovaSeq 6000,RNA-Seq,cDNA,TRANSCRIPTOMIC,total RNA,Pseudomonas aeruginosa UCBPP-PA14,208963,PA14,PA14,hu,Hydroxyurea,1600,uM,1600.00000uM,90,min,90min,poscon,RnR,DNA synthesis,DNA synthesis,Antimetabolite,water,weak_signal_removed_from_antimicrobial_reference_set,MOC_1779,MOC_1779_2,r2,TRUE
GSM8297957,MOC_1779:hu:800.00000uM:90min:PA14:MOC_1779_1:r2,MOC_1779:hu:800.00000uM:PA14:90min:A,A,MOC_1779_1:PA14:90min,SRR29244874;SRR29244875,SRX24763177,SAMN41607384,PRJNA1055047,2,SINGLE,41,8909832,401869740,182,Illumina NovaSeq 6000,RNA-Seq,cDNA,TRANSCRIPTOMIC,total RNA,Pseudomonas aeruginosa UCBPP-PA14,208963,PA14,PA14,hu,Hydroxyurea,800,uM,800.00000uM,90,min,90min,poscon,RnR,DNA synthesis,DNA synthesis,Antimetabolite,water,weak_signal_removed_from_antimicrobial_reference_set,MOC_1779,MOC_1779_1,r2,TRUE
GSM7985368,MOC_1779:hu:3200.00000uM:90min:PA14:MOC_1779_2:r3,MOC_1779:hu:3200.00000uM:PA14:90min:A,A,MOC_1779_2:PA14:90min,SRR27300290,SRX22978007,SAMN38978093,PRJNA1055047,1,PAIRED,90,2904007,262090219,102,Illumina NovaSeq 6000,RNA-Seq,cDNA,TRANSCRIPTOMIC,total RNA,Pseudomonas aeruginosa UCBPP-PA14,208963,PA14,PA14,hu,Hydroxyurea,3200,uM,3200.00000uM,90,min,90min,poscon,RnR,DNA synthesis,DNA synthesis,Antimetabolite,water,antimicrobial_reference_set,MOC_1779,MOC_1779_2,r3,FALSE
GSM8297955,MOC_1779:hu:1600.00000uM:90min:PA14:MOC_1779_2:r3,MOC_1779:hu:1600.00000uM:PA14:90min:A,A,MOC_1779_2:PA14:90min,SRR29244878;SRR29244879,SRX24763175,SAMN41607386,PRJNA1055047,2,SINGLE,41,3707746,167018485,74,Illumina NovaSeq 6000,RNA-Seq,cDNA,TRANSCRIPTOMIC,total RNA,Pseudomonas aeruginosa UCBPP-PA14,208963,PA14,PA14,hu,Hydroxyurea,1600,uM,1600.00000uM,90,min,90min,poscon,RnR,DNA synthesis,DNA synthesis,Antimetabolite,water,weak_signal_removed_from_antimicrobial_reference_set,MOC_1779,MOC_1779_2,r3,TRUE
GSM8297958,MOC_1779:hu:800.00000uM:90min:PA14:MOC_1779_1:r3,MOC_1779:hu:800.00000uM:PA14:90min:A,A,MOC_1779_1:PA14:90min,SRR29244872;SRR29244873,SRX24763178,SAMN41607383,PRJNA1055047,2,SINGLE,41,7657830,345154209,157,Illumina NovaSeq 6000,RNA-Seq,cDNA,TRANSCRIPTOMIC,total RNA,Pseudomonas aeruginosa UCBPP-PA14,208963,PA14,PA14,hu,Hydroxyurea,800,uM,800.00000uM,90,min,90min,poscon,RnR,DNA synthesis,DNA synthesis,Antimetabolite,water,weak_signal_removed_from_antimicrobial_reference_set,MOC_1779,MOC_1779_1,r3,TRUE
GSM7985369,MOC_1779:imi:1.56000uM:90min:PA14:MOC_1779_1:r1,MOC_1779:imi:1.56000uM:PA14:90min:A,A,MOC_1779_1:PA14:90min,SRR27300289,SRX22978008,SAMN38978092,PRJNA1055047,1,PAIRED,90,1808309,163459145,63,Illumina NovaSeq 6000,RNA-Seq,cDNA,TRANSCRIPTOMIC,total RNA,Pseudomonas aeruginosa UCBPP-PA14,208963,PA14,PA14,imi,Imipenem,1.56,uM,1.56000uM,90,min,90min,poscon,PBP,Cell wall synthesis,Cell wall biogenesis,B-lactam,water,antimicrobial_reference_set,MOC_1779,MOC_1779_1,r1,FALSE
GSM7985372,MOC_1779:imi:12.50000uM:90min:PA14:MOC_1779_2:r1,MOC_1779:imi:12.50000uM:PA14:90min:A,A,MOC_1779_2:PA14:90min,SRR27300094,SRX22977497,SAMN38978089,PRJNA1055047,1,PAIRED,90,1163339,104959225,41,Illumina NovaSeq 6000,RNA-Seq,cDNA,TRANSCRIPTOMIC,total RNA,Pseudomonas aeruginosa UCBPP-PA14,208963,PA14,PA14,imi,Imipenem,12.5,uM,12.50000uM,90,min,90min,poscon,PBP,Cell wall synthesis,Cell wall biogenesis,B-lactam,water,antimicrobial_reference_set,MOC_1779,MOC_1779_2,r1,FALSE
GSM7985375,MOC_1779:imi:6.25000uM:90min:PA14:MOC_1779_2:r1,MOC_1779:imi:6.25000uM:PA14:90min:A,A,MOC_1779_2:PA14:90min,SRR27300090,SRX22977500,SAMN38978086,PRJNA1055047,1,PAIRED,90,1623606,146128131,57,Illumina NovaSeq 6000,RNA-Seq,cDNA,TRANSCRIPTOMIC,total RNA,Pseudomonas aeruginosa UCBPP-PA14,208963,PA14,PA14,imi,Imipenem,6.25,uM,6.25000uM,90,min,90min,poscon,PBP,Cell wall synthesis,Cell wall biogenesis,B-lactam,water,antimicrobial_reference_set,MOC_1779,MOC_1779_2,r1,FALSE
GSM7985370,MOC_1779:imi:1.56000uM:90min:PA14:MOC_1779_1:r2,MOC_1779:imi:1.56000uM:PA14:90min:A,A,MOC_1779_1:PA14:90min,SRR27300097,SRX22977495,SAMN38978091,PRJNA1055047,1,PAIRED,90,2386617,215810857,83,Illumina NovaSeq 6000,RNA-Seq,cDNA,TRANSCRIPTOMIC,total RNA,Pseudomonas aeruginosa UCBPP-PA14,208963,PA14,PA14,imi,Imipenem,1.56,uM,1.56000uM,90,min,90min,poscon,PBP,Cell wall synthesis,Cell wall biogenesis,B-lactam,water,antimicrobial_reference_set,MOC_1779,MOC_1779_1,r2,FALSE
GSM7985373,MOC_1779:imi:12.50000uM:90min:PA14:MOC_1779_2:r2,MOC_1779:imi:12.50000uM:PA14:90min:A,A,MOC_1779_2:PA14:90min,SRR27300093,SRX22977498,SAMN38978088,PRJNA1055047,1,PAIRED,90,2449347,221113185,85,Illumina NovaSeq 6000,RNA-Seq,cDNA,TRANSCRIPTOMIC,total RNA,Pseudomonas aeruginosa UCBPP-PA14,208963,PA14,PA14,imi,Imipenem,12.5,uM,12.50000uM,90,min,90min,poscon,PBP,Cell wall synthesis,Cell wall biogenesis,B-lactam,water,antimicrobial_reference_set,MOC_1779,MOC_1779_2,r2,FALSE
GSM7985376,MOC_1779:imi:6.25000uM:90min:PA14:MOC_1779_2:r2,MOC_1779:imi:6.25000uM:PA14:90min:A,A,MOC_1779_2:PA14:90min,SRR27300089,SRX22977501,SAMN38978085,PRJNA1055047,1,PAIRED,89,1613365,145184530,56,Illumina NovaSeq 6000,RNA-Seq,cDNA,TRANSCRIPTOMIC,total RNA,Pseudomonas aeruginosa UCBPP-PA14,208963,PA14,PA14,imi,Imipenem,6.25,uM,6.25000uM,90,min,90min,poscon,PBP,Cell wall synthesis,Cell wall biogenesis,B-lactam,water,antimicrobial_reference_set,MOC_1779,MOC_1779_2,r2,FALSE
GSM7985371,MOC_1779:imi:1.56000uM:90min:PA14:MOC_1779_1:r3,MOC_1779:imi:1.56000uM:PA14:90min:A,A,MOC_1779_1:PA14:90min,SRR27300095,SRX22977496,SAMN38978090,PRJNA1055047,1,PAIRED,89,1238028,110830865,43,Illumina NovaSeq 6000,RNA-Seq,cDNA,TRANSCRIPTOMIC,total RNA,Pseudomonas aeruginosa UCBPP-PA14,208963,PA14,PA14,imi,Imipenem,1.56,uM,1.56000uM,90,min,90min,poscon,PBP,Cell wall synthesis,Cell wall biogenesis,B-lactam,water,antimicrobial_reference_set,MOC_1779,MOC_1779_1,r3,FALSE
GSM7985374,MOC_1779:imi:12.50000uM:90min:PA14:MOC_1779_2:r3,MOC_1779:imi:12.50000uM:PA14:90min:A,A,MOC_1779_2:PA14:90min,SRR27300092,SRX22977499,SAMN38978087,PRJNA1055047,1,PAIRED,90,1344620,121242706,47,Illumina NovaSeq 6000,RNA-Seq,cDNA,TRANSCRIPTOMIC,total RNA,Pseudomonas aeruginosa UCBPP-PA14,208963,PA14,PA14,imi,Imipenem,12.5,uM,12.50000uM,90,min,90min,poscon,PBP,Cell wall synthesis,Cell wall biogenesis,B-lactam,water,antimicrobial_reference_set,MOC_1779,MOC_1779_2,r3,FALSE
GSM7985377,MOC_1779:imi:6.25000uM:90min:PA14:MOC_1779_2:r3,MOC_1779:imi:6.25000uM:PA14:90min:A,A,MOC_1779_2:PA14:90min,SRR27300088,SRX22977502,SAMN38978084,PRJNA1055047,1,PAIRED,90,2260170,203708702,79,Illumina NovaSeq 6000,RNA-Seq,cDNA,TRANSCRIPTOMIC,total RNA,Pseudomonas aeruginosa UCBPP-PA14,208963,PA14,PA14,imi,Imipenem,6.25,uM,6.25000uM,90,min,90min,poscon,PBP,Cell wall synthesis,Cell wall biogenesis,B-lactam,water,antimicrobial_reference_set,MOC_1779,MOC_1779_2,r3,FALSE
GSM7985378,MOC_1779:mero:25.00000uM:90min:PA14:MOC_1779_2:r1,MOC_1779:mero:25.00000uM:PA14:90min:A,A,MOC_1779_2:PA14:90min,SRR27300087,SRX22977503,SAMN38978083,PRJNA1055047,1,PAIRED,90,2913993,262435740,102,Illumina NovaSeq 6000,RNA-Seq,cDNA,TRANSCRIPTOMIC,total RNA,Pseudomonas aeruginosa UCBPP-PA14,208963,PA14,PA14,mero,Meropenem,25,uM,25.00000uM,90,min,90min,poscon,PBP,Cell wall synthesis,Cell wall biogenesis,B-lactam,dmso,antimicrobial_reference_set,MOC_1779,MOC_1779_2,r1,FALSE
GSM7985381,MOC_1779:mero:50.00000uM:90min:PA14:MOC_1779_2:r1,MOC_1779:mero:50.00000uM:PA14:90min:A,A,MOC_1779_2:PA14:90min,SRR27300084,SRX22977506,SAMN38978080,PRJNA1055047,1,PAIRED,90,2348796,211795872,82,Illumina NovaSeq 6000,RNA-Seq,cDNA,TRANSCRIPTOMIC,total RNA,Pseudomonas aeruginosa UCBPP-PA14,208963,PA14,PA14,mero,Meropenem,50,uM,50.00000uM,90,min,90min,poscon,PBP,Cell wall synthesis,Cell wall biogenesis,B-lactam,dmso,antimicrobial_reference_set,MOC_1779,MOC_1779_2,r1,FALSE
GSM7985384,MOC_1779:mero:6.25000uM:90min:PA14:MOC_1779_1:r1,MOC_1779:mero:6.25000uM:PA14:90min:A,A,MOC_1779_1:PA14:90min,SRR27300138,SRX22977801,SAMN38978077,PRJNA1055047,1,PAIRED,90,2576724,232015641,90,Illumina NovaSeq 6000,RNA-Seq,cDNA,TRANSCRIPTOMIC,total RNA,Pseudomonas aeruginosa UCBPP-PA14,208963,PA14,PA14,mero,Meropenem,6.25,uM,6.25000uM,90,min,90min,poscon,PBP,Cell wall synthesis,Cell wall biogenesis,B-lactam,dmso,antimicrobial_reference_set,MOC_1779,MOC_1779_1,r1,FALSE
GSM7985379,MOC_1779:mero:25.00000uM:90min:PA14:MOC_1779_2:r2,MOC_1779:mero:25.00000uM:PA14:90min:A,A,MOC_1779_2:PA14:90min,SRR27300086,SRX22977504,SAMN38978082,PRJNA1055047,1,PAIRED,89,2257668,203189731,79,Illumina NovaSeq 6000,RNA-Seq,cDNA,TRANSCRIPTOMIC,total RNA,Pseudomonas aeruginosa UCBPP-PA14,208963,PA14,PA14,mero,Meropenem,25,uM,25.00000uM,90,min,90min,poscon,PBP,Cell wall synthesis,Cell wall biogenesis,B-lactam,dmso,antimicrobial_reference_set,MOC_1779,MOC_1779_2,r2,FALSE
GSM7985382,MOC_1779:mero:50.00000uM:90min:PA14:MOC_1779_2:r2,MOC_1779:mero:50.00000uM:PA14:90min:A,A,MOC_1779_2:PA14:90min,SRR27300083,SRX22977507,SAMN38978079,PRJNA1055047,1,PAIRED,90,1448490,130555723,51,Illumina NovaSeq 6000,RNA-Seq,cDNA,TRANSCRIPTOMIC,total RNA,Pseudomonas aeruginosa UCBPP-PA14,208963,PA14,PA14,mero,Meropenem,50,uM,50.00000uM,90,min,90min,poscon,PBP,Cell wall synthesis,Cell wall biogenesis,B-lactam,dmso,antimicrobial_reference_set,MOC_1779,MOC_1779_2,r2,FALSE
GSM7985385,MOC_1779:mero:6.25000uM:90min:PA14:MOC_1779_1:r2,MOC_1779:mero:6.25000uM:PA14:90min:A,A,MOC_1779_1:PA14:90min,SRR27300137,SRX22977802,SAMN38978076,PRJNA1055047,1,PAIRED,90,2794747,251723612,98,Illumina NovaSeq 6000,RNA-Seq,cDNA,TRANSCRIPTOMIC,total RNA,Pseudomonas aeruginosa UCBPP-PA14,208963,PA14,PA14,mero,Meropenem,6.25,uM,6.25000uM,90,min,90min,poscon,PBP,Cell wall synthesis,Cell wall biogenesis,B-lactam,dmso,antimicrobial_reference_set,MOC_1779,MOC_1779_1,r2,FALSE
GSM7985380,MOC_1779:mero:25.00000uM:90min:PA14:MOC_1779_2:r3,MOC_1779:mero:25.00000uM:PA14:90min:A,A,MOC_1779_2:PA14:90min,SRR27300085,SRX22977505,SAMN38978081,PRJNA1055047,1,PAIRED,90,3368917,304057777,118,Illumina NovaSeq 6000,RNA-Seq,cDNA,TRANSCRIPTOMIC,total RNA,Pseudomonas aeruginosa UCBPP-PA14,208963,PA14,PA14,mero,Meropenem,25,uM,25.00000uM,90,min,90min,poscon,PBP,Cell wall synthesis,Cell wall biogenesis,B-lactam,dmso,antimicrobial_reference_set,MOC_1779,MOC_1779_2,r3,FALSE
GSM7985383,MOC_1779:mero:50.00000uM:90min:PA14:MOC_1779_2:r3,MOC_1779:mero:50.00000uM:PA14:90min:A,A,MOC_1779_2:PA14:90min,SRR27300082,SRX22977508,SAMN38978078,PRJNA1055047,1,PAIRED,90,1198797,108032906,42,Illumina NovaSeq 6000,RNA-Seq,cDNA,TRANSCRIPTOMIC,total RNA,Pseudomonas aeruginosa UCBPP-PA14,208963,PA14,PA14,mero,Meropenem,50,uM,50.00000uM,90,min,90min,poscon,PBP,Cell wall synthesis,Cell wall biogenesis,B-lactam,dmso,antimicrobial_reference_set,MOC_1779,MOC_1779_2,r3,FALSE
GSM7985386,MOC_1779:mero:6.25000uM:90min:PA14:MOC_1779_1:r3,MOC_1779:mero:6.25000uM:PA14:90min:A,A,MOC_1779_1:PA14:90min,SRR27300136,SRX22977803,SAMN38978075,PRJNA1055047,1,PAIRED,90,3177043,286153226,111,Illumina NovaSeq 6000,RNA-Seq,cDNA,TRANSCRIPTOMIC,total RNA,Pseudomonas aeruginosa UCBPP-PA14,208963,PA14,PA14,mero,Meropenem,6.25,uM,6.25000uM,90,min,90min,poscon,PBP,Cell wall synthesis,Cell wall biogenesis,B-lactam,dmso,antimicrobial_reference_set,MOC_1779,MOC_1779_1,r3,FALSE
GSM7985387,MOC_1779:nitro:100.00000uM:90min:PA14:MOC_1779_2:r1,MOC_1779:nitro:100.00000uM:PA14:90min:A,A,MOC_1779_2:PA14:90min,SRR27300135,SRX22977804,SAMN38978074,PRJNA1055047,1,PAIRED,90,2171416,196036742,76,Illumina NovaSeq 6000,RNA-Seq,cDNA,TRANSCRIPTOMIC,total RNA,Pseudomonas aeruginosa UCBPP-PA14,208963,PA14,PA14,nitro,Nitrofurantoin,100,uM,100.00000uM,90,min,90min,poscon,DNA,DNA synthesis,DNA synthesis/ROS,imidazolidinedione,dmso,antimicrobial_reference_set,MOC_1779,MOC_1779_2,r1,FALSE
GSM7985390,MOC_1779:nitro:200.00000uM:90min:PA14:MOC_1779_2:r1,MOC_1779:nitro:200.00000uM:PA14:90min:A,A,MOC_1779_2:PA14:90min,SRR27300132,SRX22977807,SAMN38978071,PRJNA1055047,1,PAIRED,90,847176,76312535,30,Illumina NovaSeq 6000,RNA-Seq,cDNA,TRANSCRIPTOMIC,total RNA,Pseudomonas aeruginosa UCBPP-PA14,208963,PA14,PA14,nitro,Nitrofurantoin,200,uM,200.00000uM,90,min,90min,poscon,DNA,DNA synthesis,DNA synthesis/ROS,imidazolidinedione,dmso,antimicrobial_reference_set,MOC_1779,MOC_1779_2,r1,FALSE
GSM7985393,MOC_1779:nitro:50.00000uM:90min:PA14:MOC_1779_1:r1,MOC_1779:nitro:50.00000uM:PA14:90min:A,A,MOC_1779_1:PA14:90min,SRR27300129,SRX22977810,SAMN38978068,PRJNA1055047,1,PAIRED,90,2383684,214684901,83,Illumina NovaSeq 6000,RNA-Seq,cDNA,TRANSCRIPTOMIC,total RNA,Pseudomonas aeruginosa UCBPP-PA14,208963,PA14,PA14,nitro,Nitrofurantoin,50,uM,50.00000uM,90,min,90min,poscon,DNA,DNA synthesis,DNA synthesis/ROS,imidazolidinedione,dmso,antimicrobial_reference_set,MOC_1779,MOC_1779_1,r1,FALSE
GSM7985388,MOC_1779:nitro:100.00000uM:90min:PA14:MOC_1779_2:r2,MOC_1779:nitro:100.00000uM:PA14:90min:A,A,MOC_1779_2:PA14:90min,SRR27300134,SRX22977805,SAMN38978073,PRJNA1055047,1,PAIRED,90,2314269,208323498,81,Illumina NovaSeq 6000,RNA-Seq,cDNA,TRANSCRIPTOMIC,total RNA,Pseudomonas aeruginosa UCBPP-PA14,208963,PA14,PA14,nitro,Nitrofurantoin,100,uM,100.00000uM,90,min,90min,poscon,DNA,DNA synthesis,DNA synthesis/ROS,imidazolidinedione,dmso,antimicrobial_reference_set,MOC_1779,MOC_1779_2,r2,FALSE
GSM7985391,MOC_1779:nitro:200.00000uM:90min:PA14:MOC_1779_2:r2,MOC_1779:nitro:200.00000uM:PA14:90min:A,A,MOC_1779_2:PA14:90min,SRR27300131,SRX22977808,SAMN38978070,PRJNA1055047,1,PAIRED,90,2155311,194564318,75,Illumina NovaSeq 6000,RNA-Seq,cDNA,TRANSCRIPTOMIC,total RNA,Pseudomonas aeruginosa UCBPP-PA14,208963,PA14,PA14,nitro,Nitrofurantoin,200,uM,200.00000uM,90,min,90min,poscon,DNA,DNA synthesis,DNA synthesis/ROS,imidazolidinedione,dmso,antimicrobial_reference_set,MOC_1779,MOC_1779_2,r2,FALSE
GSM7985394,MOC_1779:nitro:50.00000uM:90min:PA14:MOC_1779_1:r2,MOC_1779:nitro:50.00000uM:PA14:90min:A,A,MOC_1779_1:PA14:90min,SRR27300128,SRX22977811,SAMN38978067,PRJNA1055047,1,PAIRED,90,3291578,297143672,116,Illumina NovaSeq 6000,RNA-Seq,cDNA,TRANSCRIPTOMIC,total RNA,Pseudomonas aeruginosa UCBPP-PA14,208963,PA14,PA14,nitro,Nitrofurantoin,50,uM,50.00000uM,90,min,90min,poscon,DNA,DNA synthesis,DNA synthesis/ROS,imidazolidinedione,dmso,antimicrobial_reference_set,MOC_1779,MOC_1779_1,r2,FALSE
GSM7985389,MOC_1779:nitro:100.00000uM:90min:PA14:MOC_1779_2:r3,MOC_1779:nitro:100.00000uM:PA14:90min:A,A,MOC_1779_2:PA14:90min,SRR27300133,SRX22977806,SAMN38978072,PRJNA1055047,1,PAIRED,90,3539248,318689046,124,Illumina NovaSeq 6000,RNA-Seq,cDNA,TRANSCRIPTOMIC,total RNA,Pseudomonas aeruginosa UCBPP-PA14,208963,PA14,PA14,nitro,Nitrofurantoin,100,uM,100.00000uM,90,min,90min,poscon,DNA,DNA synthesis,DNA synthesis/ROS,imidazolidinedione,dmso,antimicrobial_reference_set,MOC_1779,MOC_1779_2,r3,FALSE
GSM7985392,MOC_1779:nitro:200.00000uM:90min:PA14:MOC_1779_2:r3,MOC_1779:nitro:200.00000uM:PA14:90min:A,A,MOC_1779_2:PA14:90min,SRR27300130,SRX22977809,SAMN38978069,PRJNA1055047,1,PAIRED,90,10015885,904619593,352,Illumina NovaSeq 6000,RNA-Seq,cDNA,TRANSCRIPTOMIC,total RNA,Pseudomonas aeruginosa UCBPP-PA14,208963,PA14,PA14,nitro,Nitrofurantoin,200,uM,200.00000uM,90,min,90min,poscon,DNA,DNA synthesis,DNA synthesis/ROS,imidazolidinedione,dmso,antimicrobial_reference_set,MOC_1779,MOC_1779_2,r3,FALSE
GSM7985395,MOC_1779:nitro:50.00000uM:90min:PA14:MOC_1779_1:r3,MOC_1779:nitro:50.00000uM:PA14:90min:A,A,MOC_1779_1:PA14:90min,SRR27300127,SRX22977812,SAMN38978066,PRJNA1055047,1,PAIRED,90,5580324,503841009,197,Illumina NovaSeq 6000,RNA-Seq,cDNA,TRANSCRIPTOMIC,total RNA,Pseudomonas aeruginosa UCBPP-PA14,208963,PA14,PA14,nitro,Nitrofurantoin,50,uM,50.00000uM,90,min,90min,poscon,DNA,DNA synthesis,DNA synthesis/ROS,imidazolidinedione,dmso,antimicrobial_reference_set,MOC_1779,MOC_1779_1,r3,FALSE
GSM7985396,MOC_1779:novo:400.00000uM:90min:PA14:MOC_1779_2:r1,MOC_1779:novo:400.00000uM:PA14:90min:A,A,MOC_1779_2:PA14:90min,SRR27300126,SRX22977813,SAMN38978065,PRJNA1055047,1,PAIRED,90,2852346,256885108,100,Illumina NovaSeq 6000,RNA-Seq,cDNA,TRANSCRIPTOMIC,total RNA,Pseudomonas aeruginosa UCBPP-PA14,208963,PA14,PA14,novo,Novobiocin,400,uM,400.00000uM,90,min,90min,poscon,GyrB,DNA synthesis,DNA synthesis,Aminocoumarin,dmso,antimicrobial_reference_set,MOC_1779,MOC_1779_2,r1,FALSE
GSM7985399,MOC_1779:novo:800.00000uM:90min:PA14:MOC_1779_2:r1,MOC_1779:novo:800.00000uM:PA14:90min:A,A,MOC_1779_2:PA14:90min,SRR27300123,SRX22977816,SAMN38978062,PRJNA1055047,1,PAIRED,90,2638710,237989048,93,Illumina NovaSeq 6000,RNA-Seq,cDNA,TRANSCRIPTOMIC,total RNA,Pseudomonas aeruginosa UCBPP-PA14,208963,PA14,PA14,novo,Novobiocin,800,uM,800.00000uM,90,min,90min,poscon,GyrB,DNA synthesis,DNA synthesis,Aminocoumarin,dmso,antimicrobial_reference_set,MOC_1779,MOC_1779_2,r1,FALSE
GSM8297959,MOC_1779:novo:100.00000uM:90min:PA14:MOC_1779_1:r1,MOC_1779:novo:100.00000uM:PA14:90min:A,A,MOC_1779_1:PA14:90min,SRR29244870;SRR29244871,SRX24763179,SAMN41607382,PRJNA1055047,2,SINGLE,41,4944920,222685314,100,Illumina NovaSeq 6000,RNA-Seq,cDNA,TRANSCRIPTOMIC,total RNA,Pseudomonas aeruginosa UCBPP-PA14,208963,PA14,PA14,novo,Novobiocin,100,uM,100.00000uM,90,min,90min,poscon,GyrB,DNA synthesis,DNA synthesis,Aminocoumarin,dmso,weak_signal_removed_from_antimicrobial_reference_set,MOC_1779,MOC_1779_1,r1,TRUE
GSM7985397,MOC_1779:novo:400.00000uM:90min:PA14:MOC_1779_2:r2,MOC_1779:novo:400.00000uM:PA14:90min:A,A,MOC_1779_2:PA14:90min,SRR27300125,SRX22977814,SAMN38978064,PRJNA1055047,1,PAIRED,90,2285759,206312819,80,Illumina NovaSeq 6000,RNA-Seq,cDNA,TRANSCRIPTOMIC,total RNA,Pseudomonas aeruginosa UCBPP-PA14,208963,PA14,PA14,novo,Novobiocin,400,uM,400.00000uM,90,min,90min,poscon,GyrB,DNA synthesis,DNA synthesis,Aminocoumarin,dmso,antimicrobial_reference_set,MOC_1779,MOC_1779_2,r2,FALSE
GSM7985400,MOC_1779:novo:800.00000uM:90min:PA14:MOC_1779_2:r2,MOC_1779:novo:800.00000uM:PA14:90min:A,A,MOC_1779_2:PA14:90min,SRR27299671,SRX22977230,SAMN38978061,PRJNA1055047,1,PAIRED,90,1356439,122272340,48,Illumina NovaSeq 6000,RNA-Seq,cDNA,TRANSCRIPTOMIC,total RNA,Pseudomonas aeruginosa UCBPP-PA14,208963,PA14,PA14,novo,Novobiocin,800,uM,800.00000uM,90,min,90min,poscon,GyrB,DNA synthesis,DNA synthesis,Aminocoumarin,dmso,antimicrobial_reference_set,MOC_1779,MOC_1779_2,r2,FALSE
GSM8297960,MOC_1779:novo:100.00000uM:90min:PA14:MOC_1779_1:r2,MOC_1779:novo:100.00000uM:PA14:90min:A,A,MOC_1779_1:PA14:90min,SRR29244868;SRR29244869,SRX24763180,SAMN41607381,PRJNA1055047,2,SINGLE,41,2455826,110543930,49,Illumina NovaSeq 6000,RNA-Seq,cDNA,TRANSCRIPTOMIC,total RNA,Pseudomonas aeruginosa UCBPP-PA14,208963,PA14,PA14,novo,Novobiocin,100,uM,100.00000uM,90,min,90min,poscon,GyrB,DNA synthesis,DNA synthesis,Aminocoumarin,dmso,weak_signal_removed_from_antimicrobial_reference_set,MOC_1779,MOC_1779_1,r2,TRUE
GSM7985398,MOC_1779:novo:400.00000uM:90min:PA14:MOC_1779_2:r3,MOC_1779:novo:400.00000uM:PA14:90min:A,A,MOC_1779_2:PA14:90min,SRR27300124,SRX22977815,SAMN38978063,PRJNA1055047,1,PAIRED,90,3830852,345753416,135,Illumina NovaSeq 6000,RNA-Seq,cDNA,TRANSCRIPTOMIC,total RNA,Pseudomonas aeruginosa UCBPP-PA14,208963,PA14,PA14,novo,Novobiocin,400,uM,400.00000uM,90,min,90min,poscon,GyrB,DNA synthesis,DNA synthesis,Aminocoumarin,dmso,antimicrobial_reference_set,MOC_1779,MOC_1779_2,r3,FALSE
GSM7985401,MOC_1779:novo:800.00000uM:90min:PA14:MOC_1779_2:r3,MOC_1779:novo:800.00000uM:PA14:90min:A,A,MOC_1779_2:PA14:90min,SRR27299670,SRX22977231,SAMN38978060,PRJNA1055047,1,PAIRED,90,3851427,347109899,138,Illumina NovaSeq 6000,RNA-Seq,cDNA,TRANSCRIPTOMIC,total RNA,Pseudomonas aeruginosa UCBPP-PA14,208963,PA14,PA14,novo,Novobiocin,800,uM,800.00000uM,90,min,90min,poscon,GyrB,DNA synthesis,DNA synthesis,Aminocoumarin,dmso,antimicrobial_reference_set,MOC_1779,MOC_1779_2,r3,FALSE
GSM8297961,MOC_1779:novo:100.00000uM:90min:PA14:MOC_1779_1:r3,MOC_1779:novo:100.00000uM:PA14:90min:A,A,MOC_1779_1:PA14:90min,SRR29244562;SRR29244563,SRX24763083,SAMN41607380,PRJNA1055047,2,SINGLE,41,8383870,377720177,170,Illumina NovaSeq 6000,RNA-Seq,cDNA,TRANSCRIPTOMIC,total RNA,Pseudomonas aeruginosa UCBPP-PA14,208963,PA14,PA14,novo,Novobiocin,100,uM,100.00000uM,90,min,90min,poscon,GyrB,DNA synthesis,DNA synthesis,Aminocoumarin,dmso,weak_signal_removed_from_antimicrobial_reference_set,MOC_1779,MOC_1779_1,r3,TRUE
GSM7985402,MOC_1779:pf1090:0.39000uM:90min:PA14:MOC_1779_1:r1,MOC_1779:pf1090:0.39000uM:PA14:90min:A,A,MOC_1779_1:PA14:90min,SRR27299669,SRX22977232,SAMN38978059,PRJNA1055047,1,PAIRED,90,4229997,382615806,150,Illumina NovaSeq 6000,RNA-Seq,cDNA,TRANSCRIPTOMIC,total RNA,Pseudomonas aeruginosa UCBPP-PA14,208963,PA14,PA14,pf1090,PF-5081090,0.39,uM,0.39000uM,90,min,90min,poscon,LpxC,Membrane Integrity,LPS biosynthesis,Hydroxamic acid,dmso,antimicrobial_reference_set,MOC_1779,MOC_1779_1,r1,FALSE
GSM7985405,MOC_1779:pf1090:1.56000uM:90min:PA14:MOC_1779_2:r1,MOC_1779:pf1090:1.56000uM:PA14:90min:A,A,MOC_1779_2:PA14:90min,SRR27299666,SRX22977235,SAMN38978056,PRJNA1055047,1,PAIRED,90,2205014,198506151,77,Illumina NovaSeq 6000,RNA-Seq,cDNA,TRANSCRIPTOMIC,total RNA,Pseudomonas aeruginosa UCBPP-PA14,208963,PA14,PA14,pf1090,PF-5081090,1.56,uM,1.56000uM,90,min,90min,poscon,LpxC,Membrane Integrity,LPS biosynthesis,Hydroxamic acid,dmso,antimicrobial_reference_set,MOC_1779,MOC_1779_2,r1,FALSE
GSM7985408,MOC_1779:pf1090:3.12500uM:90min:PA14:MOC_1779_2:r1,MOC_1779:pf1090:3.12500uM:PA14:90min:A,A,MOC_1779_2:PA14:90min,SRR27299663,SRX22977238,SAMN38978053,PRJNA1055047,1,PAIRED,90,1874355,169177787,65,Illumina NovaSeq 6000,RNA-Seq,cDNA,TRANSCRIPTOMIC,total RNA,Pseudomonas aeruginosa UCBPP-PA14,208963,PA14,PA14,pf1090,PF-5081090,3.125,uM,3.12500uM,90,min,90min,poscon,LpxC,Membrane Integrity,LPS biosynthesis,Hydroxamic acid,dmso,antimicrobial_reference_set,MOC_1779,MOC_1779_2,r1,FALSE
GSM7985403,MOC_1779:pf1090:0.39000uM:90min:PA14:MOC_1779_1:r2,MOC_1779:pf1090:0.39000uM:PA14:90min:A,A,MOC_1779_1:PA14:90min,SRR27299668,SRX22977233,SAMN38978058,PRJNA1055047,1,PAIRED,90,1608230,145152870,56,Illumina NovaSeq 6000,RNA-Seq,cDNA,TRANSCRIPTOMIC,total RNA,Pseudomonas aeruginosa UCBPP-PA14,208963,PA14,PA14,pf1090,PF-5081090,0.39,uM,0.39000uM,90,min,90min,poscon,LpxC,Membrane Integrity,LPS biosynthesis,Hydroxamic acid,dmso,antimicrobial_reference_set,MOC_1779,MOC_1779_1,r2,FALSE
GSM7985406,MOC_1779:pf1090:1.56000uM:90min:PA14:MOC_1779_2:r2,MOC_1779:pf1090:1.56000uM:PA14:90min:A,A,MOC_1779_2:PA14:90min,SRR27299665,SRX22977236,SAMN38978055,PRJNA1055047,1,PAIRED,89,971758,87349842,34,Illumina NovaSeq 6000,RNA-Seq,cDNA,TRANSCRIPTOMIC,total RNA,Pseudomonas aeruginosa UCBPP-PA14,208963,PA14,PA14,pf1090,PF-5081090,1.56,uM,1.56000uM,90,min,90min,poscon,LpxC,Membrane Integrity,LPS biosynthesis,Hydroxamic acid,dmso,antimicrobial_reference_set,MOC_1779,MOC_1779_2,r2,FALSE
GSM7985409,MOC_1779:pf1090:3.12500uM:90min:PA14:MOC_1779_2:r2,MOC_1779:pf1090:3.12500uM:PA14:90min:A,A,MOC_1779_2:PA14:90min,SRR27299662,SRX22977239,SAMN38978052,PRJNA1055047,1,PAIRED,90,1293255,116509451,45,Illumina NovaSeq 6000,RNA-Seq,cDNA,TRANSCRIPTOMIC,total RNA,Pseudomonas aeruginosa UCBPP-PA14,208963,PA14,PA14,pf1090,PF-5081090,3.125,uM,3.12500uM,90,min,90min,poscon,LpxC,Membrane Integrity,LPS biosynthesis,Hydroxamic acid,dmso,antimicrobial_reference_set,MOC_1779,MOC_1779_2,r2,FALSE
GSM7985404,MOC_1779:pf1090:0.39000uM:90min:PA14:MOC_1779_1:r3,MOC_1779:pf1090:0.39000uM:PA14:90min:A,A,MOC_1779_1:PA14:90min,SRR27299667,SRX22977234,SAMN38978057,PRJNA1055047,1,PAIRED,89,1959662,175631251,69,Illumina NovaSeq 6000,RNA-Seq,cDNA,TRANSCRIPTOMIC,total RNA,Pseudomonas aeruginosa UCBPP-PA14,208963,PA14,PA14,pf1090,PF-5081090,0.39,uM,0.39000uM,90,min,90min,poscon,LpxC,Membrane Integrity,LPS biosynthesis,Hydroxamic acid,dmso,antimicrobial_reference_set,MOC_1779,MOC_1779_1,r3,FALSE
GSM7985407,MOC_1779:pf1090:1.56000uM:90min:PA14:MOC_1779_2:r3,MOC_1779:pf1090:1.56000uM:PA14:90min:A,A,MOC_1779_2:PA14:90min,SRR27299664,SRX22977237,SAMN38978054,PRJNA1055047,1,PAIRED,90,2311806,208308559,81,Illumina NovaSeq 6000,RNA-Seq,cDNA,TRANSCRIPTOMIC,total RNA,Pseudomonas aeruginosa UCBPP-PA14,208963,PA14,PA14,pf1090,PF-5081090,1.56,uM,1.56000uM,90,min,90min,poscon,LpxC,Membrane Integrity,LPS biosynthesis,Hydroxamic acid,dmso,antimicrobial_reference_set,MOC_1779,MOC_1779_2,r3,FALSE
GSM7985410,MOC_1779:pf1090:3.12500uM:90min:PA14:MOC_1779_2:r3,MOC_1779:pf1090:3.12500uM:PA14:90min:A,A,MOC_1779_2:PA14:90min,SRR27299661,SRX22977240,SAMN38978051,PRJNA1055047,1,PAIRED,90,2074524,187066513,72,Illumina NovaSeq 6000,RNA-Seq,cDNA,TRANSCRIPTOMIC,total RNA,Pseudomonas aeruginosa UCBPP-PA14,208963,PA14,PA14,pf1090,PF-5081090,3.125,uM,3.12500uM,90,min,90min,poscon,LpxC,Membrane Integrity,LPS biosynthesis,Hydroxamic acid,dmso,antimicrobial_reference_set,MOC_1779,MOC_1779_2,r3,FALSE
GSM7985411,MOC_1779:pip:1600.00000uM:90min:PA14:MOC_1779_2:r1,MOC_1779:pip:1600.00000uM:PA14:90min:A,A,MOC_1779_2:PA14:90min,SRR27299660,SRX22977241,SAMN38978050,PRJNA1055047,1,PAIRED,90,4089563,368807494,144,Illumina NovaSeq 6000,RNA-Seq,cDNA,TRANSCRIPTOMIC,total RNA,Pseudomonas aeruginosa UCBPP-PA14,208963,PA14,PA14,pip,Piperacillin,1600,uM,1600.00000uM,90,min,90min,poscon,PBP,Cell wall synthesis,Cell wall biogenesis,B-lactam,water,antimicrobial_reference_set,MOC_1779,MOC_1779_2,r1,FALSE
GSM7985414,MOC_1779:pip:800.00000uM:90min:PA14:MOC_1779_2:r1,MOC_1779:pip:800.00000uM:PA14:90min:A,A,MOC_1779_2:PA14:90min,SRR27299657,SRX22977244,SAMN38978047,PRJNA1055047,1,PAIRED,90,3255703,293303395,114,Illumina NovaSeq 6000,RNA-Seq,cDNA,TRANSCRIPTOMIC,total RNA,Pseudomonas aeruginosa UCBPP-PA14,208963,PA14,PA14,pip,Piperacillin,800,uM,800.00000uM,90,min,90min,poscon,PBP,Cell wall synthesis,Cell wall biogenesis,B-lactam,water,antimicrobial_reference_set,MOC_1779,MOC_1779_2,r1,FALSE
GSM8297962,MOC_1779:pip:200.00000uM:90min:PA14:MOC_1779_1:r1,MOC_1779:pip:200.00000uM:PA14:90min:A,A,MOC_1779_1:PA14:90min,SRR29244560;SRR29244561,SRX24763084,SAMN41607379,PRJNA1055047,2,SINGLE,41,5799064,261178810,117,Illumina NovaSeq 6000,RNA-Seq,cDNA,TRANSCRIPTOMIC,total RNA,Pseudomonas aeruginosa UCBPP-PA14,208963,PA14,PA14,pip,Piperacillin,200,uM,200.00000uM,90,min,90min,poscon,PBP,Cell wall synthesis,Cell wall biogenesis,B-lactam,water,weak_signal_removed_from_antimicrobial_reference_set,MOC_1779,MOC_1779_1,r1,TRUE
GSM7985412,MOC_1779:pip:1600.00000uM:90min:PA14:MOC_1779_2:r2,MOC_1779:pip:1600.00000uM:PA14:90min:A,A,MOC_1779_2:PA14:90min,SRR27299659,SRX22977242,SAMN38978049,PRJNA1055047,1,PAIRED,90,2101485,189540996,74,Illumina NovaSeq 6000,RNA-Seq,cDNA,TRANSCRIPTOMIC,total RNA,Pseudomonas aeruginosa UCBPP-PA14,208963,PA14,PA14,pip,Piperacillin,1600,uM,1600.00000uM,90,min,90min,poscon,PBP,Cell wall synthesis,Cell wall biogenesis,B-lactam,water,antimicrobial_reference_set,MOC_1779,MOC_1779_2,r2,FALSE
GSM7985415,MOC_1779:pip:800.00000uM:90min:PA14:MOC_1779_2:r2,MOC_1779:pip:800.00000uM:PA14:90min:A,A,MOC_1779_2:PA14:90min,SRR27299655,SRX22977245,SAMN38978046,PRJNA1055047,1,PAIRED,90,4410994,397504534,155,Illumina NovaSeq 6000,RNA-Seq,cDNA,TRANSCRIPTOMIC,total RNA,Pseudomonas aeruginosa UCBPP-PA14,208963,PA14,PA14,pip,Piperacillin,800,uM,800.00000uM,90,min,90min,poscon,PBP,Cell wall synthesis,Cell wall biogenesis,B-lactam,water,antimicrobial_reference_set,MOC_1779,MOC_1779_2,r2,FALSE
GSM8297963,MOC_1779:pip:200.00000uM:90min:PA14:MOC_1779_1:r2,MOC_1779:pip:200.00000uM:PA14:90min:A,A,MOC_1779_1:PA14:90min,SRR29244558;SRR29244559,SRX24763085,SAMN41607378,PRJNA1055047,2,SINGLE,41,5165486,232628335,104,Illumina NovaSeq 6000,RNA-Seq,cDNA,TRANSCRIPTOMIC,total RNA,Pseudomonas aeruginosa UCBPP-PA14,208963,PA14,PA14,pip,Piperacillin,200,uM,200.00000uM,90,min,90min,poscon,PBP,Cell wall synthesis,Cell wall biogenesis,B-lactam,water,weak_signal_removed_from_antimicrobial_reference_set,MOC_1779,MOC_1779_1,r2,TRUE
GSM7985413,MOC_1779:pip:1600.00000uM:90min:PA14:MOC_1779_2:r3,MOC_1779:pip:1600.00000uM:PA14:90min:A,A,MOC_1779_2:PA14:90min,SRR27299658,SRX22977243,SAMN38978048,PRJNA1055047,1,PAIRED,90,3192210,287936984,113,Illumina NovaSeq 6000,RNA-Seq,cDNA,TRANSCRIPTOMIC,total RNA,Pseudomonas aeruginosa UCBPP-PA14,208963,PA14,PA14,pip,Piperacillin,1600,uM,1600.00000uM,90,min,90min,poscon,PBP,Cell wall synthesis,Cell wall biogenesis,B-lactam,water,antimicrobial_reference_set,MOC_1779,MOC_1779_2,r3,FALSE
GSM7985416,MOC_1779:pip:800.00000uM:90min:PA14:MOC_1779_2:r3,MOC_1779:pip:800.00000uM:PA14:90min:A,A,MOC_1779_2:PA14:90min,SRR27300081,SRX22977509,SAMN38978045,PRJNA1055047,1,PAIRED,90,6468189,584280047,227,Illumina NovaSeq 6000,RNA-Seq,cDNA,TRANSCRIPTOMIC,total RNA,Pseudomonas aeruginosa UCBPP-PA14,208963,PA14,PA14,pip,Piperacillin,800,uM,800.00000uM,90,min,90min,poscon,PBP,Cell wall synthesis,Cell wall biogenesis,B-lactam,water,antimicrobial_reference_set,MOC_1779,MOC_1779_2,r3,FALSE
GSM8297964,MOC_1779:pip:200.00000uM:90min:PA14:MOC_1779_1:r3,MOC_1779:pip:200.00000uM:PA14:90min:A,A,MOC_1779_1:PA14:90min,SRR29244556;SRR29244557,SRX24763086,SAMN41607377,PRJNA1055047,2,SINGLE,41,8234908,371168696,167,Illumina NovaSeq 6000,RNA-Seq,cDNA,TRANSCRIPTOMIC,total RNA,Pseudomonas aeruginosa UCBPP-PA14,208963,PA14,PA14,pip,Piperacillin,200,uM,200.00000uM,90,min,90min,poscon,PBP,Cell wall synthesis,Cell wall biogenesis,B-lactam,water,weak_signal_removed_from_antimicrobial_reference_set,MOC_1779,MOC_1779_1,r3,TRUE
GSM7985417,MOC_1779:pol7001:0.40000uM:90min:PA14:MOC_1779_1:r1,MOC_1779:pol7001:0.40000uM:PA14:90min:A,A,MOC_1779_1:PA14:90min,SRR27300080,SRX22977510,SAMN38978044,PRJNA1055047,1,PAIRED,90,2566107,230952951,90,Illumina NovaSeq 6000,RNA-Seq,cDNA,TRANSCRIPTOMIC,total RNA,Pseudomonas aeruginosa UCBPP-PA14,208963,PA14,PA14,pol7001,POL-7001,0.4,uM,0.40000uM,90,min,90min,poscon,LptD,Membrane Integrity,LPS transport,AMP,dmso,antimicrobial_reference_set,MOC_1779,MOC_1779_1,r1,FALSE
GSM7985420,MOC_1779:pol7001:1.60000uM:90min:PA14:MOC_1779_2:r1,MOC_1779:pol7001:1.60000uM:PA14:90min:A,A,MOC_1779_2:PA14:90min,SRR27300077,SRX22977513,SAMN38978041,PRJNA1055047,1,PAIRED,90,2193450,197903233,76,Illumina NovaSeq 6000,RNA-Seq,cDNA,TRANSCRIPTOMIC,total RNA,Pseudomonas aeruginosa UCBPP-PA14,208963,PA14,PA14,pol7001,POL-7001,1.6,uM,1.60000uM,90,min,90min,poscon,LptD,Membrane Integrity,LPS transport,AMP,dmso,antimicrobial_reference_set,MOC_1779,MOC_1779_2,r1,FALSE
GSM7985423,MOC_1779:pol7001:3.20000uM:90min:PA14:MOC_1779_2:r1,MOC_1779:pol7001:3.20000uM:PA14:90min:A,A,MOC_1779_2:PA14:90min,SRR27300074,SRX22977516,SAMN38978038,PRJNA1055047,1,PAIRED,90,1299099,116998896,46,Illumina NovaSeq 6000,RNA-Seq,cDNA,TRANSCRIPTOMIC,total RNA,Pseudomonas aeruginosa UCBPP-PA14,208963,PA14,PA14,pol7001,POL-7001,3.2,uM,3.20000uM,90,min,90min,poscon,LptD,Membrane Integrity,LPS transport,AMP,dmso,antimicrobial_reference_set,MOC_1779,MOC_1779_2,r1,FALSE
GSM7985418,MOC_1779:pol7001:0.40000uM:90min:PA14:MOC_1779_1:r2,MOC_1779:pol7001:0.40000uM:PA14:90min:A,A,MOC_1779_1:PA14:90min,SRR27300079,SRX22977511,SAMN38978043,PRJNA1055047,1,PAIRED,90,2051090,185287680,72,Illumina NovaSeq 6000,RNA-Seq,cDNA,TRANSCRIPTOMIC,total RNA,Pseudomonas aeruginosa UCBPP-PA14,208963,PA14,PA14,pol7001,POL-7001,0.4,uM,0.40000uM,90,min,90min,poscon,LptD,Membrane Integrity,LPS transport,AMP,dmso,antimicrobial_reference_set,MOC_1779,MOC_1779_1,r2,FALSE
GSM7985421,MOC_1779:pol7001:1.60000uM:90min:PA14:MOC_1779_2:r2,MOC_1779:pol7001:1.60000uM:PA14:90min:A,A,MOC_1779_2:PA14:90min,SRR27300076,SRX22977514,SAMN38978040,PRJNA1055047,1,PAIRED,89,1663728,149557185,58,Illumina NovaSeq 6000,RNA-Seq,cDNA,TRANSCRIPTOMIC,total RNA,Pseudomonas aeruginosa UCBPP-PA14,208963,PA14,PA14,pol7001,POL-7001,1.6,uM,1.60000uM,90,min,90min,poscon,LptD,Membrane Integrity,LPS transport,AMP,dmso,antimicrobial_reference_set,MOC_1779,MOC_1779_2,r2,FALSE
GSM7985424,MOC_1779:pol7001:3.20000uM:90min:PA14:MOC_1779_2:r2,MOC_1779:pol7001:3.20000uM:PA14:90min:A,A,MOC_1779_2:PA14:90min,SRR27300073,SRX22977517,SAMN38978037,PRJNA1055047,1,PAIRED,90,839079,75629057,29,Illumina NovaSeq 6000,RNA-Seq,cDNA,TRANSCRIPTOMIC,total RNA,Pseudomonas aeruginosa UCBPP-PA14,208963,PA14,PA14,pol7001,POL-7001,3.2,uM,3.20000uM,90,min,90min,poscon,LptD,Membrane Integrity,LPS transport,AMP,dmso,antimicrobial_reference_set,MOC_1779,MOC_1779_2,r2,FALSE
GSM7985419,MOC_1779:pol7001:0.40000uM:90min:PA14:MOC_1779_1:r3,MOC_1779:pol7001:0.40000uM:PA14:90min:A,A,MOC_1779_1:PA14:90min,SRR27300078,SRX22977512,SAMN38978042,PRJNA1055047,1,PAIRED,90,2107083,190702519,75,Illumina NovaSeq 6000,RNA-Seq,cDNA,TRANSCRIPTOMIC,total RNA,Pseudomonas aeruginosa UCBPP-PA14,208963,PA14,PA14,pol7001,POL-7001,0.4,uM,0.40000uM,90,min,90min,poscon,LptD,Membrane Integrity,LPS transport,AMP,dmso,antimicrobial_reference_set,MOC_1779,MOC_1779_1,r3,FALSE
GSM7985422,MOC_1779:pol7001:1.60000uM:90min:PA14:MOC_1779_2:r3,MOC_1779:pol7001:1.60000uM:PA14:90min:A,A,MOC_1779_2:PA14:90min,SRR27300075,SRX22977515,SAMN38978039,PRJNA1055047,1,PAIRED,90,1696536,152773576,60,Illumina NovaSeq 6000,RNA-Seq,cDNA,TRANSCRIPTOMIC,total RNA,Pseudomonas aeruginosa UCBPP-PA14,208963,PA14,PA14,pol7001,POL-7001,1.6,uM,1.60000uM,90,min,90min,poscon,LptD,Membrane Integrity,LPS transport,AMP,dmso,antimicrobial_reference_set,MOC_1779,MOC_1779_2,r3,FALSE
GSM7985425,MOC_1779:pol7001:3.20000uM:90min:PA14:MOC_1779_2:r3,MOC_1779:pol7001:3.20000uM:PA14:90min:A,A,MOC_1779_2:PA14:90min,SRR27300072,SRX22977518,SAMN38978036,PRJNA1055047,1,PAIRED,90,3035698,274193322,108,Illumina NovaSeq 6000,RNA-Seq,cDNA,TRANSCRIPTOMIC,total RNA,Pseudomonas aeruginosa UCBPP-PA14,208963,PA14,PA14,pol7001,POL-7001,3.2,uM,3.20000uM,90,min,90min,poscon,LptD,Membrane Integrity,LPS transport,AMP,dmso,antimicrobial_reference_set,MOC_1779,MOC_1779_2,r3,FALSE
GSM7985426,MOC_1779:pol7080:0.08000uM:90min:PA14:MOC_1779_1:r1,MOC_1779:pol7080:0.08000uM:PA14:90min:A,A,MOC_1779_1:PA14:90min,SRR27300071,SRX22977519,SAMN38978035,PRJNA1055047,1,PAIRED,89,1420264,127724731,49,Illumina NovaSeq 6000,RNA-Seq,cDNA,TRANSCRIPTOMIC,total RNA,Pseudomonas aeruginosa UCBPP-PA14,208963,PA14,PA14,pol7080,POL-7080,0.08,uM,0.08000uM,90,min,90min,poscon,LptD,Membrane Integrity,LPS transport,AMP,dmso,antimicrobial_reference_set,MOC_1779,MOC_1779_1,r1,FALSE
GSM7985429,MOC_1779:pol7080:0.32000uM:90min:PA14:MOC_1779_2:r1,MOC_1779:pol7080:0.32000uM:PA14:90min:A,A,MOC_1779_2:PA14:90min,SRR27300068,SRX22977522,SAMN38978032,PRJNA1055047,1,PAIRED,90,1167747,105293307,41,Illumina NovaSeq 6000,RNA-Seq,cDNA,TRANSCRIPTOMIC,total RNA,Pseudomonas aeruginosa UCBPP-PA14,208963,PA14,PA14,pol7080,POL-7080,0.32,uM,0.32000uM,90,min,90min,poscon,LptD,Membrane Integrity,LPS transport,AMP,dmso,antimicrobial_reference_set,MOC_1779,MOC_1779_2,r1,FALSE
GSM7985432,MOC_1779:pol7080:0.64000uM:90min:PA14:MOC_1779_2:r1,MOC_1779:pol7080:0.64000uM:PA14:90min:A,A,MOC_1779_2:PA14:90min,SRR27300122,SRX22977817,SAMN38978029,PRJNA1055047,1,PAIRED,89,542915,48839313,19,Illumina NovaSeq 6000,RNA-Seq,cDNA,TRANSCRIPTOMIC,total RNA,Pseudomonas aeruginosa UCBPP-PA14,208963,PA14,PA14,pol7080,POL-7080,0.64,uM,0.64000uM,90,min,90min,poscon,LptD,Membrane Integrity,LPS transport,AMP,dmso,antimicrobial_reference_set,MOC_1779,MOC_1779_2,r1,FALSE
GSM7985427,MOC_1779:pol7080:0.08000uM:90min:PA14:MOC_1779_1:r2,MOC_1779:pol7080:0.08000uM:PA14:90min:A,A,MOC_1779_1:PA14:90min,SRR27300070,SRX22977520,SAMN38978034,PRJNA1055047,1,PAIRED,90,2516453,227433285,88,Illumina NovaSeq 6000,RNA-Seq,cDNA,TRANSCRIPTOMIC,total RNA,Pseudomonas aeruginosa UCBPP-PA14,208963,PA14,PA14,pol7080,POL-7080,0.08,uM,0.08000uM,90,min,90min,poscon,LptD,Membrane Integrity,LPS transport,AMP,dmso,antimicrobial_reference_set,MOC_1779,MOC_1779_1,r2,FALSE
GSM7985430,MOC_1779:pol7080:0.32000uM:90min:PA14:MOC_1779_2:r2,MOC_1779:pol7080:0.32000uM:PA14:90min:A,A,MOC_1779_2:PA14:90min,SRR27300067,SRX22977523,SAMN38978031,PRJNA1055047,1,PAIRED,89,1272123,114396700,44,Illumina NovaSeq 6000,RNA-Seq,cDNA,TRANSCRIPTOMIC,total RNA,Pseudomonas aeruginosa UCBPP-PA14,208963,PA14,PA14,pol7080,POL-7080,0.32,uM,0.32000uM,90,min,90min,poscon,LptD,Membrane Integrity,LPS transport,AMP,dmso,antimicrobial_reference_set,MOC_1779,MOC_1779_2,r2,FALSE
GSM7985433,MOC_1779:pol7080:0.64000uM:90min:PA14:MOC_1779_2:r2,MOC_1779:pol7080:0.64000uM:PA14:90min:A,A,MOC_1779_2:PA14:90min,SRR27300121,SRX22977818,SAMN38978028,PRJNA1055047,1,PAIRED,90,1033924,93196809,36,Illumina NovaSeq 6000,RNA-Seq,cDNA,TRANSCRIPTOMIC,total RNA,Pseudomonas aeruginosa UCBPP-PA14,208963,PA14,PA14,pol7080,POL-7080,0.64,uM,0.64000uM,90,min,90min,poscon,LptD,Membrane Integrity,LPS transport,AMP,dmso,antimicrobial_reference_set,MOC_1779,MOC_1779_2,r2,FALSE
GSM7985428,MOC_1779:pol7080:0.08000uM:90min:PA14:MOC_1779_1:r3,MOC_1779:pol7080:0.08000uM:PA14:90min:A,A,MOC_1779_1:PA14:90min,SRR27300069,SRX22977521,SAMN38978033,PRJNA1055047,1,PAIRED,90,2284568,206627143,81,Illumina NovaSeq 6000,RNA-Seq,cDNA,TRANSCRIPTOMIC,total RNA,Pseudomonas aeruginosa UCBPP-PA14,208963,PA14,PA14,pol7080,POL-7080,0.08,uM,0.08000uM,90,min,90min,poscon,LptD,Membrane Integrity,LPS transport,AMP,dmso,antimicrobial_reference_set,MOC_1779,MOC_1779_1,r3,FALSE
GSM7985431,MOC_1779:pol7080:0.32000uM:90min:PA14:MOC_1779_2:r3,MOC_1779:pol7080:0.32000uM:PA14:90min:A,A,MOC_1779_2:PA14:90min,SRR27300066,SRX22977524,SAMN38978030,PRJNA1055047,1,PAIRED,90,2011414,181082415,71,Illumina NovaSeq 6000,RNA-Seq,cDNA,TRANSCRIPTOMIC,total RNA,Pseudomonas aeruginosa UCBPP-PA14,208963,PA14,PA14,pol7080,POL-7080,0.32,uM,0.32000uM,90,min,90min,poscon,LptD,Membrane Integrity,LPS transport,AMP,dmso,antimicrobial_reference_set,MOC_1779,MOC_1779_2,r3,FALSE
GSM7985434,MOC_1779:pol7080:0.64000uM:90min:PA14:MOC_1779_2:r3,MOC_1779:pol7080:0.64000uM:PA14:90min:A,A,MOC_1779_2:PA14:90min,SRR27300120,SRX22977819,SAMN38978027,PRJNA1055047,1,PAIRED,90,2742747,247674735,97,Illumina NovaSeq 6000,RNA-Seq,cDNA,TRANSCRIPTOMIC,total RNA,Pseudomonas aeruginosa UCBPP-PA14,208963,PA14,PA14,pol7080,POL-7080,0.64,uM,0.64000uM,90,min,90min,poscon,LptD,Membrane Integrity,LPS transport,AMP,dmso,antimicrobial_reference_set,MOC_1779,MOC_1779_2,r3,FALSE
GSM7985435,MOC_1779:rad:400.00000uM:90min:PA14:MOC_1779_2:r1,MOC_1779:rad:400.00000uM:PA14:90min:A,A,MOC_1779_2:PA14:90min,SRR27300119,SRX22977820,SAMN38978026,PRJNA1055047,1,PAIRED,90,2793904,252182714,98,Illumina NovaSeq 6000,RNA-Seq,cDNA,TRANSCRIPTOMIC,total RNA,Pseudomonas aeruginosa UCBPP-PA14,208963,PA14,PA14,rad,Radicicol,400,uM,400.00000uM,90,min,90min,poscon,Histidine kinases,DNA synthesis,Cell cycle arrest,Macrocycle,dmso,antimicrobial_reference_set,MOC_1779,MOC_1779_2,r1,FALSE
GSM8297965,MOC_1779:rad:100.00000uM:90min:PA14:MOC_1779_1:r1,MOC_1779:rad:100.00000uM:PA14:90min:A,A,MOC_1779_1:PA14:90min,SRR29244554;SRR29244555,SRX24763087,SAMN41607376,PRJNA1055047,2,SINGLE,41,6266404,281042812,127,Illumina NovaSeq 6000,RNA-Seq,cDNA,TRANSCRIPTOMIC,total RNA,Pseudomonas aeruginosa UCBPP-PA14,208963,PA14,PA14,rad,Radicicol,100,uM,100.00000uM,90,min,90min,poscon,Histidine kinases,DNA synthesis,Cell cycle arrest,Macrocycle,dmso,weak_signal_removed_from_antimicrobial_reference_set,MOC_1779,MOC_1779_1,r1,TRUE
GSM8297968,MOC_1779:rad:200.00000uM:90min:PA14:MOC_1779_2:r1,MOC_1779:rad:200.00000uM:PA14:90min:A,A,MOC_1779_2:PA14:90min,SRR29244548;SRR29244549,SRX24763090,SAMN41607373,PRJNA1055047,2,SINGLE,41,6377884,287686694,129,Illumina NovaSeq 6000,RNA-Seq,cDNA,TRANSCRIPTOMIC,total RNA,Pseudomonas aeruginosa UCBPP-PA14,208963,PA14,PA14,rad,Radicicol,200,uM,200.00000uM,90,min,90min,poscon,Histidine kinases,DNA synthesis,Cell cycle arrest,Macrocycle,dmso,weak_signal_removed_from_antimicrobial_reference_set,MOC_1779,MOC_1779_2,r1,FALSE
GSM7985436,MOC_1779:rad:400.00000uM:90min:PA14:MOC_1779_2:r2,MOC_1779:rad:400.00000uM:PA14:90min:A,A,MOC_1779_2:PA14:90min,SRR27300118,SRX22977821,SAMN38978025,PRJNA1055047,1,PAIRED,90,1495071,134907294,52,Illumina NovaSeq 6000,RNA-Seq,cDNA,TRANSCRIPTOMIC,total RNA,Pseudomonas aeruginosa UCBPP-PA14,208963,PA14,PA14,rad,Radicicol,400,uM,400.00000uM,90,min,90min,poscon,Histidine kinases,DNA synthesis,Cell cycle arrest,Macrocycle,dmso,antimicrobial_reference_set,MOC_1779,MOC_1779_2,r2,FALSE
GSM8297966,MOC_1779:rad:100.00000uM:90min:PA14:MOC_1779_1:r2,MOC_1779:rad:100.00000uM:PA14:90min:A,A,MOC_1779_1:PA14:90min,SRR29244552;SRR29244553,SRX24763088,SAMN41607375,PRJNA1055047,2,SINGLE,41,8364504,377203598,171,Illumina NovaSeq 6000,RNA-Seq,cDNA,TRANSCRIPTOMIC,total RNA,Pseudomonas aeruginosa UCBPP-PA14,208963,PA14,PA14,rad,Radicicol,100,uM,100.00000uM,90,min,90min,poscon,Histidine kinases,DNA synthesis,Cell cycle arrest,Macrocycle,dmso,weak_signal_removed_from_antimicrobial_reference_set,MOC_1779,MOC_1779_1,r2,TRUE
GSM8297969,MOC_1779:rad:200.00000uM:90min:PA14:MOC_1779_2:r2,MOC_1779:rad:200.00000uM:PA14:90min:A,A,MOC_1779_2:PA14:90min,SRR29244546;SRR29244547,SRX24763091,SAMN41607372,PRJNA1055047,2,SINGLE,41,2552556,114984613,50,Illumina NovaSeq 6000,RNA-Seq,cDNA,TRANSCRIPTOMIC,total RNA,Pseudomonas aeruginosa UCBPP-PA14,208963,PA14,PA14,rad,Radicicol,200,uM,200.00000uM,90,min,90min,poscon,Histidine kinases,DNA synthesis,Cell cycle arrest,Macrocycle,dmso,weak_signal_removed_from_antimicrobial_reference_set,MOC_1779,MOC_1779_2,r2,FALSE
GSM7985437,MOC_1779:rad:400.00000uM:90min:PA14:MOC_1779_2:r3,MOC_1779:rad:400.00000uM:PA14:90min:A,A,MOC_1779_2:PA14:90min,SRR27300116,SRX22977822,SAMN38978024,PRJNA1055047,1,PAIRED,90,3027057,272891011,106,Illumina NovaSeq 6000,RNA-Seq,cDNA,TRANSCRIPTOMIC,total RNA,Pseudomonas aeruginosa UCBPP-PA14,208963,PA14,PA14,rad,Radicicol,400,uM,400.00000uM,90,min,90min,poscon,Histidine kinases,DNA synthesis,Cell cycle arrest,Macrocycle,dmso,antimicrobial_reference_set,MOC_1779,MOC_1779_2,r3,FALSE
GSM8297967,MOC_1779:rad:100.00000uM:90min:PA14:MOC_1779_1:r3,MOC_1779:rad:100.00000uM:PA14:90min:A,A,MOC_1779_1:PA14:90min,SRR29244550;SRR29244551,SRX24763089,SAMN41607374,PRJNA1055047,2,SINGLE,41,5032108,227548145,101,Illumina NovaSeq 6000,RNA-Seq,cDNA,TRANSCRIPTOMIC,total RNA,Pseudomonas aeruginosa UCBPP-PA14,208963,PA14,PA14,rad,Radicicol,100,uM,100.00000uM,90,min,90min,poscon,Histidine kinases,DNA synthesis,Cell cycle arrest,Macrocycle,dmso,weak_signal_removed_from_antimicrobial_reference_set,MOC_1779,MOC_1779_1,r3,TRUE
GSM8297970,MOC_1779:rad:200.00000uM:90min:PA14:MOC_1779_2:r3,MOC_1779:rad:200.00000uM:PA14:90min:A,A,MOC_1779_2:PA14:90min,SRR29244544;SRR29244545,SRX24763092,SAMN41607371,PRJNA1055047,2,SINGLE,41,7355474,331204767,149,Illumina NovaSeq 6000,RNA-Seq,cDNA,TRANSCRIPTOMIC,total RNA,Pseudomonas aeruginosa UCBPP-PA14,208963,PA14,PA14,rad,Radicicol,200,uM,200.00000uM,90,min,90min,poscon,Histidine kinases,DNA synthesis,Cell cycle arrest,Macrocycle,dmso,weak_signal_removed_from_antimicrobial_reference_set,MOC_1779,MOC_1779_2,r3,FALSE
GSM7985438,MOC_1779:rif:200.00000uM:90min:PA14:MOC_1779_2:r1,MOC_1779:rif:200.00000uM:PA14:90min:A,A,MOC_1779_2:PA14:90min,SRR27300115,SRX22977823,SAMN38978023,PRJNA1055047,1,PAIRED,90,2271207,205032516,79,Illumina NovaSeq 6000,RNA-Seq,cDNA,TRANSCRIPTOMIC,total RNA,Pseudomonas aeruginosa UCBPP-PA14,208963,PA14,PA14,rif,Rifampicin,200,uM,200.00000uM,90,min,90min,poscon,RpoB,Protein synthesis,Transcription,Ansamycins,dmso,antimicrobial_reference_set,MOC_1779,MOC_1779_2,r1,FALSE
GSM7985441,MOC_1779:rif:400.00000uM:90min:PA14:MOC_1779_2:r1,MOC_1779:rif:400.00000uM:PA14:90min:A,A,MOC_1779_2:PA14:90min,SRR27300111,SRX22977826,SAMN38978020,PRJNA1055047,1,PAIRED,90,665317,59925754,23,Illumina NovaSeq 6000,RNA-Seq,cDNA,TRANSCRIPTOMIC,total RNA,Pseudomonas aeruginosa UCBPP-PA14,208963,PA14,PA14,rif,Rifampicin,400,uM,400.00000uM,90,min,90min,poscon,RpoB,Protein synthesis,Transcription,Ansamycins,dmso,antimicrobial_reference_set,MOC_1779,MOC_1779_2,r1,FALSE
GSM7985444,MOC_1779:rif:50.00000uM:90min:PA14:MOC_1779_1:r1,MOC_1779:rif:50.00000uM:PA14:90min:A,A,MOC_1779_1:PA14:90min,SRR27300107,SRX22977829,SAMN38978017,PRJNA1055047,1,PAIRED,90,2478188,223255854,87,Illumina NovaSeq 6000,RNA-Seq,cDNA,TRANSCRIPTOMIC,total RNA,Pseudomonas aeruginosa UCBPP-PA14,208963,PA14,PA14,rif,Rifampicin,50,uM,50.00000uM,90,min,90min,poscon,RpoB,Protein synthesis,Transcription,Ansamycins,dmso,antimicrobial_reference_set,MOC_1779,MOC_1779_1,r1,FALSE
GSM7985439,MOC_1779:rif:200.00000uM:90min:PA14:MOC_1779_2:r2,MOC_1779:rif:200.00000uM:PA14:90min:A,A,MOC_1779_2:PA14:90min,SRR27300114,SRX22977824,SAMN38978022,PRJNA1055047,1,PAIRED,89,1281146,115170938,45,Illumina NovaSeq 6000,RNA-Seq,cDNA,TRANSCRIPTOMIC,total RNA,Pseudomonas aeruginosa UCBPP-PA14,208963,PA14,PA14,rif,Rifampicin,200,uM,200.00000uM,90,min,90min,poscon,RpoB,Protein synthesis,Transcription,Ansamycins,dmso,antimicrobial_reference_set,MOC_1779,MOC_1779_2,r2,FALSE
GSM7985442,MOC_1779:rif:400.00000uM:90min:PA14:MOC_1779_2:r2,MOC_1779:rif:400.00000uM:PA14:90min:A,A,MOC_1779_2:PA14:90min,SRR27300110,SRX22977827,SAMN38978019,PRJNA1055047,1,PAIRED,90,745196,67182877,26,Illumina NovaSeq 6000,RNA-Seq,cDNA,TRANSCRIPTOMIC,total RNA,Pseudomonas aeruginosa UCBPP-PA14,208963,PA14,PA14,rif,Rifampicin,400,uM,400.00000uM,90,min,90min,poscon,RpoB,Protein synthesis,Transcription,Ansamycins,dmso,antimicrobial_reference_set,MOC_1779,MOC_1779_2,r2,FALSE
GSM7985445,MOC_1779:rif:50.00000uM:90min:PA14:MOC_1779_1:r2,MOC_1779:rif:50.00000uM:PA14:90min:A,A,MOC_1779_1:PA14:90min,SRR27300106,SRX22977830,SAMN38978016,PRJNA1055047,1,PAIRED,90,2003088,181085710,70,Illumina NovaSeq 6000,RNA-Seq,cDNA,TRANSCRIPTOMIC,total RNA,Pseudomonas aeruginosa UCBPP-PA14,208963,PA14,PA14,rif,Rifampicin,50,uM,50.00000uM,90,min,90min,poscon,RpoB,Protein synthesis,Transcription,Ansamycins,dmso,antimicrobial_reference_set,MOC_1779,MOC_1779_1,r2,FALSE
GSM7985440,MOC_1779:rif:200.00000uM:90min:PA14:MOC_1779_2:r3,MOC_1779:rif:200.00000uM:PA14:90min:A,A,MOC_1779_2:PA14:90min,SRR27300113,SRX22977825,SAMN38978021,PRJNA1055047,1,PAIRED,89,2194934,197478057,77,Illumina NovaSeq 6000,RNA-Seq,cDNA,TRANSCRIPTOMIC,total RNA,Pseudomonas aeruginosa UCBPP-PA14,208963,PA14,PA14,rif,Rifampicin,200,uM,200.00000uM,90,min,90min,poscon,RpoB,Protein synthesis,Transcription,Ansamycins,dmso,antimicrobial_reference_set,MOC_1779,MOC_1779_2,r3,FALSE
GSM7985443,MOC_1779:rif:400.00000uM:90min:PA14:MOC_1779_2:r3,MOC_1779:rif:400.00000uM:PA14:90min:A,A,MOC_1779_2:PA14:90min,SRR27300108,SRX22977828,SAMN38978018,PRJNA1055047,1,PAIRED,90,3329399,300449472,116,Illumina NovaSeq 6000,RNA-Seq,cDNA,TRANSCRIPTOMIC,total RNA,Pseudomonas aeruginosa UCBPP-PA14,208963,PA14,PA14,rif,Rifampicin,400,uM,400.00000uM,90,min,90min,poscon,RpoB,Protein synthesis,Transcription,Ansamycins,dmso,antimicrobial_reference_set,MOC_1779,MOC_1779_2,r3,FALSE
GSM7985446,MOC_1779:rif:50.00000uM:90min:PA14:MOC_1779_1:r3,MOC_1779:rif:50.00000uM:PA14:90min:A,A,MOC_1779_1:PA14:90min,SRR27300105,SRX22977831,SAMN38978015,PRJNA1055047,1,PAIRED,90,2571700,232457188,90,Illumina NovaSeq 6000,RNA-Seq,cDNA,TRANSCRIPTOMIC,total RNA,Pseudomonas aeruginosa UCBPP-PA14,208963,PA14,PA14,rif,Rifampicin,50,uM,50.00000uM,90,min,90min,poscon,RpoB,Protein synthesis,Transcription,Ansamycins,dmso,antimicrobial_reference_set,MOC_1779,MOC_1779_1,r3,FALSE
GSM7985447,MOC_1779:thio:200.00000uM:90min:PA14:MOC_1779_2:r1,MOC_1779:thio:200.00000uM:PA14:90min:A,A,MOC_1779_2:PA14:90min,SRR27300104,SRX22977832,SAMN38978014,PRJNA1055047,1,PAIRED,90,3010273,271670884,105,Illumina NovaSeq 6000,RNA-Seq,cDNA,TRANSCRIPTOMIC,total RNA,Pseudomonas aeruginosa UCBPP-PA14,208963,PA14,PA14,thio,Thiolactomycin,200,uM,200.00000uM,90,min,90min,poscon,KasA,Membrane Integrity,Fatty acid synthesis,Thiolactone,dmso,antimicrobial_reference_set,MOC_1779,MOC_1779_2,r1,FALSE
GSM7985450,MOC_1779:thio:400.00000uM:90min:PA14:MOC_1779_2:r1,MOC_1779:thio:400.00000uM:PA14:90min:A,A,MOC_1779_2:PA14:90min,SRR27300063,SRX22977527,SAMN38978011,PRJNA1055047,1,PAIRED,90,4269467,385753528,150,Illumina NovaSeq 6000,RNA-Seq,cDNA,TRANSCRIPTOMIC,total RNA,Pseudomonas aeruginosa UCBPP-PA14,208963,PA14,PA14,thio,Thiolactomycin,400,uM,400.00000uM,90,min,90min,poscon,KasA,Membrane Integrity,Fatty acid synthesis,Thiolactone,dmso,antimicrobial_reference_set,MOC_1779,MOC_1779_2,r1,FALSE
GSM8297971,MOC_1779:thio:100.00000uM:90min:PA14:MOC_1779_1:r1,MOC_1779:thio:100.00000uM:PA14:90min:A,A,MOC_1779_1:PA14:90min,SRR29244542;SRR29244543,SRX24763093,SAMN41607370,PRJNA1055047,2,SINGLE,41,4608178,206831722,93,Illumina NovaSeq 6000,RNA-Seq,cDNA,TRANSCRIPTOMIC,total RNA,Pseudomonas aeruginosa UCBPP-PA14,208963,PA14,PA14,thio,Thiolactomycin,100,uM,100.00000uM,90,min,90min,poscon,KasA,Membrane Integrity,Fatty acid synthesis,Thiolactone,dmso,weak_signal_removed_from_antimicrobial_reference_set,MOC_1779,MOC_1779_1,r1,TRUE
GSM7985448,MOC_1779:thio:200.00000uM:90min:PA14:MOC_1779_2:r2,MOC_1779:thio:200.00000uM:PA14:90min:A,A,MOC_1779_2:PA14:90min,SRR27300065,SRX22977525,SAMN38978013,PRJNA1055047,1,PAIRED,90,2990844,269186488,104,Illumina NovaSeq 6000,RNA-Seq,cDNA,TRANSCRIPTOMIC,total RNA,Pseudomonas aeruginosa UCBPP-PA14,208963,PA14,PA14,thio,Thiolactomycin,200,uM,200.00000uM,90,min,90min,poscon,KasA,Membrane Integrity,Fatty acid synthesis,Thiolactone,dmso,antimicrobial_reference_set,MOC_1779,MOC_1779_2,r2,FALSE
GSM7985451,MOC_1779:thio:400.00000uM:90min:PA14:MOC_1779_2:r2,MOC_1779:thio:400.00000uM:PA14:90min:A,A,MOC_1779_2:PA14:90min,SRR27300062,SRX22977528,SAMN38978010,PRJNA1055047,1,PAIRED,90,1777310,160123807,62,Illumina NovaSeq 6000,RNA-Seq,cDNA,TRANSCRIPTOMIC,total RNA,Pseudomonas aeruginosa UCBPP-PA14,208963,PA14,PA14,thio,Thiolactomycin,400,uM,400.00000uM,90,min,90min,poscon,KasA,Membrane Integrity,Fatty acid synthesis,Thiolactone,dmso,antimicrobial_reference_set,MOC_1779,MOC_1779_2,r2,FALSE
GSM8297972,MOC_1779:thio:100.00000uM:90min:PA14:MOC_1779_1:r2,MOC_1779:thio:100.00000uM:PA14:90min:A,A,MOC_1779_1:PA14:90min,SRR29244540;SRR29244541,SRX24763094,SAMN41607369,PRJNA1055047,2,SINGLE,41,7180352,324741797,145,Illumina NovaSeq 6000,RNA-Seq,cDNA,TRANSCRIPTOMIC,total RNA,Pseudomonas aeruginosa UCBPP-PA14,208963,PA14,PA14,thio,Thiolactomycin,100,uM,100.00000uM,90,min,90min,poscon,KasA,Membrane Integrity,Fatty acid synthesis,Thiolactone,dmso,weak_signal_removed_from_antimicrobial_reference_set,MOC_1779,MOC_1779_1,r2,TRUE
GSM7985449,MOC_1779:thio:200.00000uM:90min:PA14:MOC_1779_2:r3,MOC_1779:thio:200.00000uM:PA14:90min:A,A,MOC_1779_2:PA14:90min,SRR27300064,SRX22977526,SAMN38978012,PRJNA1055047,1,PAIRED,90,4504446,405711158,157,Illumina NovaSeq 6000,RNA-Seq,cDNA,TRANSCRIPTOMIC,total RNA,Pseudomonas aeruginosa UCBPP-PA14,208963,PA14,PA14,thio,Thiolactomycin,200,uM,200.00000uM,90,min,90min,poscon,KasA,Membrane Integrity,Fatty acid synthesis,Thiolactone,dmso,antimicrobial_reference_set,MOC_1779,MOC_1779_2,r3,FALSE
GSM7985452,MOC_1779:thio:400.00000uM:90min:PA14:MOC_1779_2:r3,MOC_1779:thio:400.00000uM:PA14:90min:A,A,MOC_1779_2:PA14:90min,SRR27300061,SRX22977529,SAMN38978009,PRJNA1055047,1,PAIRED,90,1179127,106301118,41,Illumina NovaSeq 6000,RNA-Seq,cDNA,TRANSCRIPTOMIC,total RNA,Pseudomonas aeruginosa UCBPP-PA14,208963,PA14,PA14,thio,Thiolactomycin,400,uM,400.00000uM,90,min,90min,poscon,KasA,Membrane Integrity,Fatty acid synthesis,Thiolactone,dmso,antimicrobial_reference_set,MOC_1779,MOC_1779_2,r3,FALSE
GSM8297973,MOC_1779:thio:100.00000uM:90min:PA14:MOC_1779_1:r3,MOC_1779:thio:100.00000uM:PA14:90min:A,A,MOC_1779_1:PA14:90min,SRR29244538;SRR29244539,SRX24763095,SAMN41607368,PRJNA1055047,2,SINGLE,41,8783588,397224084,178,Illumina NovaSeq 6000,RNA-Seq,cDNA,TRANSCRIPTOMIC,total RNA,Pseudomonas aeruginosa UCBPP-PA14,208963,PA14,PA14,thio,Thiolactomycin,100,uM,100.00000uM,90,min,90min,poscon,KasA,Membrane Integrity,Fatty acid synthesis,Thiolactone,dmso,weak_signal_removed_from_antimicrobial_reference_set,MOC_1779,MOC_1779_1,r3,TRUE
GSM7985453,MOC_1779:tmp:100.00000uM:90min:PA14:MOC_1779_1:r1,MOC_1779:tmp:100.00000uM:PA14:90min:A,A,MOC_1779_1:PA14:90min,SRR27300060,SRX22977530,SAMN38978008,PRJNA1055047,1,PAIRED,90,3075602,276990583,108,Illumina NovaSeq 6000,RNA-Seq,cDNA,TRANSCRIPTOMIC,total RNA,Pseudomonas aeruginosa UCBPP-PA14,208963,PA14,PA14,tmp,Trimethoprim,100,uM,100.00000uM,90,min,90min,poscon,DhfR,DNA synthesis,Folate synthesis,Folate analog,dmso,antimicrobial_reference_set,MOC_1779,MOC_1779_1,r1,FALSE
GSM7985456,MOC_1779:tmp:400.00000uM:90min:PA14:MOC_1779_2:r1,MOC_1779:tmp:400.00000uM:PA14:90min:A,A,MOC_1779_2:PA14:90min,SRR27300057,SRX22977533,SAMN38978005,PRJNA1055047,1,PAIRED,90,2765497,249610650,97,Illumina NovaSeq 6000,RNA-Seq,cDNA,TRANSCRIPTOMIC,total RNA,Pseudomonas aeruginosa UCBPP-PA14,208963,PA14,PA14,tmp,Trimethoprim,400,uM,400.00000uM,90,min,90min,poscon,DhfR,DNA synthesis,Folate synthesis,Folate analog,dmso,antimicrobial_reference_set,MOC_1779,MOC_1779_2,r1,FALSE
GSM7985459,MOC_1779:tmp:800.00000uM:90min:PA14:MOC_1779_2:r1,MOC_1779:tmp:800.00000uM:PA14:90min:A,A,MOC_1779_2:PA14:90min,SRR27300054,SRX22977536,SAMN38978002,PRJNA1055047,1,PAIRED,90,1385618,124845902,49,Illumina NovaSeq 6000,RNA-Seq,cDNA,TRANSCRIPTOMIC,total RNA,Pseudomonas aeruginosa UCBPP-PA14,208963,PA14,PA14,tmp,Trimethoprim,800,uM,800.00000uM,90,min,90min,poscon,DhfR,DNA synthesis,Folate synthesis,Folate analog,dmso,antimicrobial_reference_set,MOC_1779,MOC_1779_2,r1,FALSE
GSM7985454,MOC_1779:tmp:100.00000uM:90min:PA14:MOC_1779_1:r2,MOC_1779:tmp:100.00000uM:PA14:90min:A,A,MOC_1779_1:PA14:90min,SRR27300059,SRX22977531,SAMN38978007,PRJNA1055047,1,PAIRED,90,3016292,271865869,106,Illumina NovaSeq 6000,RNA-Seq,cDNA,TRANSCRIPTOMIC,total RNA,Pseudomonas aeruginosa UCBPP-PA14,208963,PA14,PA14,tmp,Trimethoprim,100,uM,100.00000uM,90,min,90min,poscon,DhfR,DNA synthesis,Folate synthesis,Folate analog,dmso,antimicrobial_reference_set,MOC_1779,MOC_1779_1,r2,FALSE
GSM7985457,MOC_1779:tmp:400.00000uM:90min:PA14:MOC_1779_2:r2,MOC_1779:tmp:400.00000uM:PA14:90min:A,A,MOC_1779_2:PA14:90min,SRR27300056,SRX22977534,SAMN38978004,PRJNA1055047,1,PAIRED,90,2388698,215676715,83,Illumina NovaSeq 6000,RNA-Seq,cDNA,TRANSCRIPTOMIC,total RNA,Pseudomonas aeruginosa UCBPP-PA14,208963,PA14,PA14,tmp,Trimethoprim,400,uM,400.00000uM,90,min,90min,poscon,DhfR,DNA synthesis,Folate synthesis,Folate analog,dmso,antimicrobial_reference_set,MOC_1779,MOC_1779_2,r2,FALSE
GSM7985460,MOC_1779:tmp:800.00000uM:90min:PA14:MOC_1779_2:r2,MOC_1779:tmp:800.00000uM:PA14:90min:A,A,MOC_1779_2:PA14:90min,SRR27300053,SRX22977537,SAMN38978001,PRJNA1055047,1,PAIRED,90,2146986,193573357,76,Illumina NovaSeq 6000,RNA-Seq,cDNA,TRANSCRIPTOMIC,total RNA,Pseudomonas aeruginosa UCBPP-PA14,208963,PA14,PA14,tmp,Trimethoprim,800,uM,800.00000uM,90,min,90min,poscon,DhfR,DNA synthesis,Folate synthesis,Folate analog,dmso,antimicrobial_reference_set,MOC_1779,MOC_1779_2,r2,FALSE
GSM7985455,MOC_1779:tmp:100.00000uM:90min:PA14:MOC_1779_1:r3,MOC_1779:tmp:100.00000uM:PA14:90min:A,A,MOC_1779_1:PA14:90min,SRR27300058,SRX22977532,SAMN38978006,PRJNA1055047,1,PAIRED,90,2649812,239540132,93,Illumina NovaSeq 6000,RNA-Seq,cDNA,TRANSCRIPTOMIC,total RNA,Pseudomonas aeruginosa UCBPP-PA14,208963,PA14,PA14,tmp,Trimethoprim,100,uM,100.00000uM,90,min,90min,poscon,DhfR,DNA synthesis,Folate synthesis,Folate analog,dmso,antimicrobial_reference_set,MOC_1779,MOC_1779_1,r3,FALSE
GSM7985458,MOC_1779:tmp:400.00000uM:90min:PA14:MOC_1779_2:r3,MOC_1779:tmp:400.00000uM:PA14:90min:A,A,MOC_1779_2:PA14:90min,SRR27300055,SRX22977535,SAMN38978003,PRJNA1055047,1,PAIRED,89,2482645,223317580,87,Illumina NovaSeq 6000,RNA-Seq,cDNA,TRANSCRIPTOMIC,total RNA,Pseudomonas aeruginosa UCBPP-PA14,208963,PA14,PA14,tmp,Trimethoprim,400,uM,400.00000uM,90,min,90min,poscon,DhfR,DNA synthesis,Folate synthesis,Folate analog,dmso,antimicrobial_reference_set,MOC_1779,MOC_1779_2,r3,FALSE
GSM7985461,MOC_1779:tmp:800.00000uM:90min:PA14:MOC_1779_2:r3,MOC_1779:tmp:800.00000uM:PA14:90min:A,A,MOC_1779_2:PA14:90min,SRR27300052,SRX22977538,SAMN38978000,PRJNA1055047,1,PAIRED,90,1566780,141408247,55,Illumina NovaSeq 6000,RNA-Seq,cDNA,TRANSCRIPTOMIC,total RNA,Pseudomonas aeruginosa UCBPP-PA14,208963,PA14,PA14,tmp,Trimethoprim,800,uM,800.00000uM,90,min,90min,poscon,DhfR,DNA synthesis,Folate synthesis,Folate analog,dmso,antimicrobial_reference_set,MOC_1779,MOC_1779_2,r3,FALSE
GSM8297974,MOC_1779:tun:100.00000uM:90min:PA14:MOC_1779_2:r1,MOC_1779:tun:100.00000uM:PA14:90min:A,A,MOC_1779_2:PA14:90min,SRR29244536;SRR29244537,SRX24763096,SAMN41607367,PRJNA1055047,2,SINGLE,41,4768576,215202707,96,Illumina NovaSeq 6000,RNA-Seq,cDNA,TRANSCRIPTOMIC,total RNA,Pseudomonas aeruginosa UCBPP-PA14,208963,PA14,PA14,tun,Tunicamycin,100,uM,100.00000uM,90,min,90min,poscon,,,,,,weak_signal_removed_from_antimicrobial_reference_set,MOC_1779,MOC_1779_2,r1,TRUE
GSM8297977,MOC_1779:tun:25.00000uM:90min:PA14:MOC_1779_1:r1,MOC_1779:tun:25.00000uM:PA14:90min:A,A,MOC_1779_1:PA14:90min,SRR29244754;SRR29244755,SRX24763261,SAMN41607364,PRJNA1055047,2,SINGLE,41,5706136,255845143,115,Illumina NovaSeq 6000,RNA-Seq,cDNA,TRANSCRIPTOMIC,total RNA,Pseudomonas aeruginosa UCBPP-PA14,208963,PA14,PA14,tun,Tunicamycin,25,uM,25.00000uM,90,min,90min,poscon,,,,,,weak_signal_removed_from_antimicrobial_reference_set,MOC_1779,MOC_1779_1,r1,TRUE
GSM8297980,MOC_1779:tun:50.00000uM:90min:PA14:MOC_1779_2:r1,MOC_1779:tun:50.00000uM:PA14:90min:A,A,MOC_1779_2:PA14:90min,SRR29244748;SRR29244749,SRX24763264,SAMN41607361,PRJNA1055047,2,SINGLE,41,5149824,232263760,104,Illumina NovaSeq 6000,RNA-Seq,cDNA,TRANSCRIPTOMIC,total RNA,Pseudomonas aeruginosa UCBPP-PA14,208963,PA14,PA14,tun,Tunicamycin,50,uM,50.00000uM,90,min,90min,poscon,,,,,,weak_signal_removed_from_antimicrobial_reference_set,MOC_1779,MOC_1779_2,r1,TRUE
GSM8297975,MOC_1779:tun:100.00000uM:90min:PA14:MOC_1779_2:r2,MOC_1779:tun:100.00000uM:PA14:90min:A,A,MOC_1779_2:PA14:90min,SRR29244534;SRR29244535,SRX24763097,SAMN41607366,PRJNA1055047,2,SINGLE,41,4313622,194717750,87,Illumina NovaSeq 6000,RNA-Seq,cDNA,TRANSCRIPTOMIC,total RNA,Pseudomonas aeruginosa UCBPP-PA14,208963,PA14,PA14,tun,Tunicamycin,100,uM,100.00000uM,90,min,90min,poscon,,,,,,weak_signal_removed_from_antimicrobial_reference_set,MOC_1779,MOC_1779_2,r2,TRUE
GSM8297978,MOC_1779:tun:25.00000uM:90min:PA14:MOC_1779_1:r2,MOC_1779:tun:25.00000uM:PA14:90min:A,A,MOC_1779_1:PA14:90min,SRR29244752;SRR29244753,SRX24763262,SAMN41607363,PRJNA1055047,2,SINGLE,41,5369132,242108286,109,Illumina NovaSeq 6000,RNA-Seq,cDNA,TRANSCRIPTOMIC,total RNA,Pseudomonas aeruginosa UCBPP-PA14,208963,PA14,PA14,tun,Tunicamycin,25,uM,25.00000uM,90,min,90min,poscon,,,,,,weak_signal_removed_from_antimicrobial_reference_set,MOC_1779,MOC_1779_1,r2,TRUE
GSM8297981,MOC_1779:tun:50.00000uM:90min:PA14:MOC_1779_2:r2,MOC_1779:tun:50.00000uM:PA14:90min:A,A,MOC_1779_2:PA14:90min,SRR29244746;SRR29244747,SRX24763265,SAMN41607360,PRJNA1055047,2,SINGLE,41,4146862,186973957,83,Illumina NovaSeq 6000,RNA-Seq,cDNA,TRANSCRIPTOMIC,total RNA,Pseudomonas aeruginosa UCBPP-PA14,208963,PA14,PA14,tun,Tunicamycin,50,uM,50.00000uM,90,min,90min,poscon,,,,,,weak_signal_removed_from_antimicrobial_reference_set,MOC_1779,MOC_1779_2,r2,TRUE
GSM8297976,MOC_1779:tun:100.00000uM:90min:PA14:MOC_1779_2:r3,MOC_1779:tun:100.00000uM:PA14:90min:A,A,MOC_1779_2:PA14:90min,SRR29244532;SRR29244533,SRX24763098,SAMN41607365,PRJNA1055047,2,SINGLE,41,4481560,202018782,91,Illumina NovaSeq 6000,RNA-Seq,cDNA,TRANSCRIPTOMIC,total RNA,Pseudomonas aeruginosa UCBPP-PA14,208963,PA14,PA14,tun,Tunicamycin,100,uM,100.00000uM,90,min,90min,poscon,,,,,,weak_signal_removed_from_antimicrobial_reference_set,MOC_1779,MOC_1779_2,r3,TRUE
GSM8297979,MOC_1779:tun:25.00000uM:90min:PA14:MOC_1779_1:r3,MOC_1779:tun:25.00000uM:PA14:90min:A,A,MOC_1779_1:PA14:90min,SRR29244750;SRR29244751,SRX24763263,SAMN41607362,PRJNA1055047,2,SINGLE,41,9894298,447540022,202,Illumina NovaSeq 6000,RNA-Seq,cDNA,TRANSCRIPTOMIC,total RNA,Pseudomonas aeruginosa UCBPP-PA14,208963,PA14,PA14,tun,Tunicamycin,25,uM,25.00000uM,90,min,90min,poscon,,,,,,weak_signal_removed_from_antimicrobial_reference_set,MOC_1779,MOC_1779_1,r3,TRUE
GSM8297982,MOC_1779:tun:50.00000uM:90min:PA14:MOC_1779_2:r3,MOC_1779:tun:50.00000uM:PA14:90min:A,A,MOC_1779_2:PA14:90min,SRR29244744;SRR29244745,SRX24763266,SAMN41607359,PRJNA1055047,2,SINGLE,41,7851770,353520202,159,Illumina NovaSeq 6000,RNA-Seq,cDNA,TRANSCRIPTOMIC,total RNA,Pseudomonas aeruginosa UCBPP-PA14,208963,PA14,PA14,tun,Tunicamycin,50,uM,50.00000uM,90,min,90min,poscon,,,,,,weak_signal_removed_from_antimicrobial_reference_set,MOC_1779,MOC_1779_2,r3,TRUE
GSM7985462,MOC_1779:water:0.50000%:90min:PA14:MOC_1779_1:r1,MOC_1779:water:0.50000%:PA14:90min:A,A,MOC_1779_1:PA14:90min,SRR27300050;SRR27300051,SRX22977539,SAMN38977999,PRJNA1055047,2,PAIRED,90,4853202,436808282,172,Illumina NovaSeq 6000,RNA-Seq,cDNA,TRANSCRIPTOMIC,total RNA,Pseudomonas aeruginosa UCBPP-PA14,208963,PA14,PA14,water,water,0.5,%,0.50000%,90,min,90min,negcon,Negative control,Negative control,Negative control,Negative control,water,antimicrobial_reference_set,MOC_1779,MOC_1779_1,r1,FALSE
GSM7985465,MOC_1779:water:0.50000%:90min:PA14:MOC_1779_2:r1,MOC_1779:water:0.50000%:PA14:90min:A,A,MOC_1779_2:PA14:90min,SRR27299763;SRR27299974,SRX22977457,SAMN38977996,PRJNA1055047,2,PAIRED,90,5468833,493613694,192,Illumina NovaSeq 6000,RNA-Seq,cDNA,TRANSCRIPTOMIC,total RNA,Pseudomonas aeruginosa UCBPP-PA14,208963,PA14,PA14,water,water,0.5,%,0.50000%,90,min,90min,negcon,Negative control,Negative control,Negative control,Negative control,water,antimicrobial_reference_set,MOC_1779,MOC_1779_2,r1,FALSE
GSM7985463,MOC_1779:water:0.50000%:90min:PA14:MOC_1779_1:r2,MOC_1779:water:0.50000%:PA14:90min:A,A,MOC_1779_1:PA14:90min,SRR27300049;SRR27300112,SRX22977540,SAMN38977998,PRJNA1055047,2,PAIRED,90,5849194,528013353,205,Illumina NovaSeq 6000,RNA-Seq,cDNA,TRANSCRIPTOMIC,total RNA,Pseudomonas aeruginosa UCBPP-PA14,208963,PA14,PA14,water,water,0.5,%,0.50000%,90,min,90min,negcon,Negative control,Negative control,Negative control,Negative control,water,antimicrobial_reference_set,MOC_1779,MOC_1779_1,r2,FALSE
GSM7985466,MOC_1779:water:0.50000%:90min:PA14:MOC_1779_2:r2,MOC_1779:water:0.50000%:PA14:90min:A,A,MOC_1779_2:PA14:90min,SRR27299761;SRR27299762,SRX22977458,SAMN38977995,PRJNA1055047,2,PAIRED,90,8712425,785178299,304,Illumina NovaSeq 6000,RNA-Seq,cDNA,TRANSCRIPTOMIC,total RNA,Pseudomonas aeruginosa UCBPP-PA14,208963,PA14,PA14,water,water,0.5,%,0.50000%,90,min,90min,negcon,Negative control,Negative control,Negative control,Negative control,water,antimicrobial_reference_set,MOC_1779,MOC_1779_2,r2,FALSE
GSM7985464,MOC_1779:water:0.50000%:90min:PA14:MOC_1779_1:r3,MOC_1779:water:0.50000%:PA14:90min:A,A,MOC_1779_1:PA14:90min,SRR27299764;SRR27299765,SRX22977456,SAMN38977997,PRJNA1055047,2,PAIRED,90,10131791,915208461,355,Illumina NovaSeq 6000,RNA-Seq,cDNA,TRANSCRIPTOMIC,total RNA,Pseudomonas aeruginosa UCBPP-PA14,208963,PA14,PA14,water,water,0.5,%,0.50000%,90,min,90min,negcon,Negative control,Negative control,Negative control,Negative control,water,antimicrobial_reference_set,MOC_1779,MOC_1779_1,r3,FALSE
GSM7985467,MOC_1779:water:0.50000%:90min:PA14:MOC_1779_2:r3,MOC_1779:water:0.50000%:PA14:90min:A,A,MOC_1779_2:PA14:90min,SRR27299682;SRR27299760,SRX22977459,SAMN38977994,PRJNA1055047,2,PAIRED,90,7790224,701977718,271,Illumina NovaSeq 6000,RNA-Seq,cDNA,TRANSCRIPTOMIC,total RNA,Pseudomonas aeruginosa UCBPP-PA14,208963,PA14,PA14,water,water,0.5,%,0.50000%,90,min,90min,negcon,Negative control,Negative control,Negative control,Negative control,water,antimicrobial_reference_set,MOC_1779,MOC_1779_2,r3,FALSE
